source,target,weight,neuropil,nt_type
720575941350374960,720575941643100754,35,VNC_WTct_R,
720575941350393904,720575941456201887,11,VNC_HTct_L,
720575941350393904,720575941456201887,11,VNC_WTct_L,
720575941350393904,720575941459347411,16,VNC_IntTct_L,
720575941350393904,720575941459347411,10,VNC_WTct_L,
720575941350393904,720575941516770670,10,VNC_WTct_R,
720575941350393904,720575941580669817,13,VNC_WTct_R,
720575941350393904,720575941630940642,14,VNC_WTct_L,
720575941350409264,720575941547315060,35,VNC_HTct_L,
720575941350409264,720575941547315060,13,VNC_IntTct_L,
720575941350409264,720575941565378919,13,VNC_HTct_L,
720575941351927600,720575941645041313,26,VNC_WTct_L,
720575941390320644,720575941547394081,10,VNC_WTct_L,
720575941390660502,720575941507955269,11,VNC_WTct_L,
720575941390660502,720575941519783640,15,VNC_WTct_L,
720575941390660502,720575941640465439,12,VNC_WTct_L,
720575941390660502,720575941645403000,21,VNC_WTct_L,
720575941390684310,720575941456201887,12,VNC_WTct_L,
720575941390684310,720575941630940642,15,VNC_WTct_L,
720575941390688150,720575941516770670,19,VNC_WTct_R,
720575941392423830,720575941624155644,17,VNC_WTct_L,
720575941392667286,720575941475745898,13,VNC_IntTct_R,
720575941392743940,720575941624155644,19,VNC_WTct_L,
720575941393490326,720575941521196211,13,VNC_WTct_L,
720575941393490326,720575941624155644,10,VNC_WTct_L,
720575941393490838,720575941459347411,23,VNC_IntTct_L,
720575941394069654,720575941456201887,17,VNC_HTct_L,
720575941394069654,720575941547315060,12,VNC_HTct_L,
720575941399188003,720575941547394081,12,VNC_WTct_L,
720575941399253283,720575941549822781,17,VNC_HTct_R,
720575941399253283,720575941549822781,26,VNC_WTct_R,
720575941399253283,720575941655597785,13,VNC_WTct_R,
720575941399264291,720575941463144336,11,VNC_WTct_L,
720575941399264291,720575941534583786,24,VNC_WTct_L,
720575941399264291,720575941640465439,15,VNC_WTct_L,
720575941399264291,720575941645403000,25,VNC_WTct_L,
720575941399309603,720575941521196211,27,VNC_WTct_L,
720575941399309603,720575941624155644,11,VNC_WTct_L,
720575941400703267,720575941630940642,10,VNC_NTct_L,
720575941400818723,720575941513173763,36,VNC_HTct_R,
720575941400818723,720575941513173763,10,VNC_NTct_R,
720575941400818723,720575941513173763,11,VNC_WTct_R,
720575941400818723,720575941580669817,26,VNC_HTct_R,
720575941401776931,720575941513173763,17,VNC_WTct_R,
720575941401776931,720575941516770670,10,VNC_HTct_R,
720575941401776931,720575941516770670,21,VNC_WTct_R,
720575941401776931,720575941580669817,18,VNC_HTct_R,
720575941401776931,720575941580669817,26,VNC_WTct_R,
720575941401776931,720575941630940642,13,VNC_HTct_L,
720575941401776931,720575941655597785,28,VNC_WTct_R,
720575941401776931,720575941732789547,20,VNC_WTct_R,
720575941402032240,720575941463144336,11,VNC_WTct_L,
720575941402032240,720575941463144336,27,VNC_WTct_R,
720575941402032240,720575941472734048,18,VNC_WTct_R,
720575941402032240,720575941479034563,13,VNC_WTct_L,
720575941402032240,720575941479034563,47,VNC_WTct_R,
720575941402032240,720575941487139138,15,VNC_WTct_R,
720575941402032240,720575941507955269,26,VNC_WTct_L,
720575941402032240,720575941507955269,17,VNC_WTct_R,
720575941402032240,720575941519783640,29,VNC_WTct_L,
720575941402032240,720575941530190027,10,VNC_WTct_R,
720575941402032240,720575941533190337,12,VNC_WTct_L,
720575941402032240,720575941533190337,43,VNC_WTct_R,
720575941402032240,720575941534583786,21,VNC_WTct_L,
720575941402032240,720575941560383347,22,VNC_WTct_L,
720575941402032240,720575941565105206,12,VNC_WTct_L,
720575941402032240,720575941566847847,15,VNC_WTct_L,
720575941402032240,720575941583644382,46,VNC_WTct_R,
720575941402032240,720575941596050112,43,VNC_WTct_R,
720575941402032240,720575941597489344,28,VNC_WTct_R,
720575941402032240,720575941603635190,20,VNC_WTct_R,
720575941402032240,720575941624985226,12,VNC_WTct_R,
720575941402032240,720575941640465439,30,VNC_WTct_L,
720575941402032240,720575941645403000,36,VNC_WTct_L,
720575941402032240,720575941645403000,11,VNC_WTct_R,
720575941402059632,720575941547394081,11,VNC_IntTct_L,
720575941402059632,720575941655597785,13,VNC_IntTct_R,
720575941404452720,720575941534583786,46,VNC_WTct_L,
720575941404724848,720575941521196211,11,VNC_WTct_L,
720575941404724848,720575941624155644,22,VNC_WTct_L,
720575941404758384,720575941513173763,12,VNC_HTct_R,
720575941405666351,720575941629172716,14,VNC_WTct_R,
720575941405813295,720575941463144336,12,VNC_WTct_R,
720575941405813295,720575941479034563,20,VNC_WTct_R,
720575941405813295,720575941533190337,15,VNC_WTct_R,
720575941405813295,720575941596050112,11,VNC_WTct_R,
720575941407101614,720575941513173763,20,VNC_HTct_R,
720575941407101614,720575941513173763,17,VNC_IntTct_R,
720575941407101614,720575941513173763,12,VNC_WTct_R,
720575941407101614,720575941549822781,10,VNC_WTct_R,
720575941407101614,720575941655597785,19,VNC_IntTct_R,
720575941407101614,720575941655597785,14,VNC_WTct_R,
720575941407795118,720575941463144336,18,VNC_WTct_L,
720575941407795118,720575941463144336,31,VNC_WTct_R,
720575941407795118,720575941472734048,19,VNC_WTct_R,
720575941407795118,720575941479034563,41,VNC_WTct_R,
720575941407795118,720575941507955269,31,VNC_WTct_L,
720575941407795118,720575941507955269,16,VNC_WTct_R,
720575941407795118,720575941507955269,14,VNC_unassigned_R,
720575941407795118,720575941519783640,42,VNC_WTct_L,
720575941407795118,720575941530190027,11,VNC_WTct_R,
720575941407795118,720575941533190337,33,VNC_WTct_R,
720575941407795118,720575941534583786,29,VNC_WTct_L,
720575941407795118,720575941560383347,10,VNC_WTct_L,
720575941407795118,720575941565105206,15,VNC_WTct_L,
720575941407795118,720575941566847847,20,VNC_WTct_L,
720575941407795118,720575941583644382,30,VNC_WTct_R,
720575941407795118,720575941596050112,39,VNC_WTct_R,
720575941407795118,720575941597489344,16,VNC_WTct_R,
720575941407795118,720575941603635190,16,VNC_WTct_R,
720575941407795118,720575941640465439,28,VNC_WTct_L,
720575941407795118,720575941640465439,10,VNC_WTct_R,
720575941407795118,720575941645403000,35,VNC_WTct_L,
720575941408464299,720575941547394081,25,VNC_WTct_L,
720575941408481195,720575941547394081,11,VNC_LTct_L,
720575941408509867,720575941463144336,20,VNC_WTct_L,
720575941408509867,720575941463144336,24,VNC_WTct_R,
720575941408509867,720575941479034563,16,VNC_WTct_R,
720575941408509867,720575941507955269,27,VNC_WTct_L,
720575941408509867,720575941507955269,17,VNC_WTct_R,
720575941408509867,720575941519783640,31,VNC_WTct_L,
720575941408509867,720575941533190337,23,VNC_WTct_R,
720575941408509867,720575941534583786,23,VNC_WTct_L,
720575941408509867,720575941534583786,12,VNC_WTct_R,
720575941408509867,720575941583644382,27,VNC_WTct_R,
720575941408509867,720575941596050112,34,VNC_WTct_R,
720575941408509867,720575941603635190,12,VNC_WTct_R,
720575941408509867,720575941640465439,24,VNC_WTct_L,
720575941409016235,720575941479034563,10,VNC_WTct_L,
720575941409016235,720575941507955269,16,VNC_WTct_L,
720575941409016235,720575941519783640,12,VNC_WTct_L,
720575941409016235,720575941534583786,21,VNC_WTct_L,
720575941409016235,720575941534583786,11,VNC_unassigned_L,
720575941409016235,720575941596050112,14,VNC_unassigned_R,
720575941409016235,720575941645403000,16,VNC_WTct_L,
720575941409016235,720575941645403000,10,VNC_unassigned_L,
720575941409939055,720575941549822781,10,VNC_HTct_R,
720575941409939055,720575941549822781,18,VNC_WTct_R,
720575941409939055,720575941655597785,14,VNC_WTct_R,
720575941410007663,720575941456201887,21,VNC_HTct_L,
720575941410007663,720575941459347411,18,VNC_HTct_L,
720575941410007663,720575941483845954,11,VNC_HTct_L,
720575941410007663,720575941630940642,27,VNC_HTct_L,
720575941410007663,720575941630940642,20,VNC_WTct_L,
720575941410025071,720575941630940642,34,VNC_WTct_L,
720575941411210667,720575941565105206,12,VNC_WTct_L,
720575941411210667,720575941566847847,13,VNC_WTct_L,
720575941411572847,720575941655597785,16,VNC_WTct_R,
720575941411656081,720575941456201887,19,VNC_IntTct_L,
720575941411656081,720575941456201887,20,VNC_WTct_L,
720575941411656081,720575941459347411,13,VNC_WTct_L,
720575941411656081,720575941630940642,11,VNC_WTct_L,
720575941411765140,720575941489673420,11,VNC_LTct_L,
720575941411791764,720575941542412805,11,VNC_HTct_L,
720575941411791764,720575941542412805,14,VNC_WTct_L,
720575941411791764,720575941547315060,13,VNC_WTct_L,
720575941412323473,720575941521196211,16,VNC_HTct_L,
720575941412323473,720575941624155644,12,VNC_HTct_L,
720575941412443540,720575941516770670,10,VNC_IntTct_R,
720575941412443540,720575941549822781,12,VNC_WTct_R,
720575941412443540,720575941624155644,10,VNC_IntTct_L,
720575941412443540,720575941655597785,39,VNC_IntTct_R,
720575941412443540,720575941655597785,22,VNC_WTct_R,
720575941412445332,720575941472734048,12,VNC_WTct_R,
720575941412445332,720575941479034563,17,VNC_WTct_R,
720575941412445332,720575941487139138,11,VNC_WTct_R,
720575941412445332,720575941597489344,12,VNC_WTct_R,
720575941412445332,720575941643100754,20,VNC_WTct_R,
720575941413252241,720575941468897856,11,VNC_IntTct_R,
720575941413308561,720575941655597785,33,VNC_WTct_R,
720575941413872924,720575941468897856,24,VNC_HTct_R,
720575941413872924,720575941468897856,17,VNC_WTct_R,
720575941413872924,720575941475745898,17,VNC_HTct_R,
720575941413872924,720575941475745898,17,VNC_WTct_R,
720575941413914652,720575941475745898,15,VNC_WTct_R,
720575941413920540,720575941513173763,23,VNC_HTct_R,
720575941413990172,720575941456201887,15,VNC_IntTct_L,
720575941413990172,720575941459347411,16,VNC_IntTct_L,
720575941413990172,720575941624155644,13,VNC_IntTct_L,
720575941414026524,720575941475745898,11,VNC_IntTct_R,
720575941414026524,720575941475745898,13,VNC_WTct_R,
720575941414026524,720575941547394081,11,VNC_IntTct_L,
720575941414303377,720575941516770670,16,VNC_IntTct_R,
720575941414303377,720575941643100754,12,VNC_T2_MesoNm_R,
720575941414326161,720575941547315060,16,VNC_HTct_L,
720575941414326161,720575941547315060,23,VNC_IntTct_L,
720575941414456212,720575941483845954,26,VNC_T2_MesoNm_L,
720575941414464660,720575941513173763,12,VNC_HTct_R,
720575941414464660,720575941521196211,17,VNC_unassigned_R,
720575941414464660,720575941549822781,12,VNC_HTct_R,
720575941414464660,720575941549822781,20,VNC_WTct_R,
720575941414464660,720575941549822781,13,VNC_unassigned_R,
720575941414508948,720575941560383347,10,VNC_WTct_L,
720575941415476252,720575941463144336,29,VNC_WTct_R,
720575941415476252,720575941479034563,40,VNC_WTct_R,
720575941415476252,720575941533190337,20,VNC_WTct_R,
720575941415476252,720575941583644382,10,VNC_WTct_R,
720575941415476252,720575941596050112,39,VNC_WTct_R,
720575941415476252,720575941596050112,14,VNC_unassigned_R,
720575941415476252,720575941597489344,12,VNC_WTct_R,
720575941415476252,720575941603635190,18,VNC_WTct_R,
720575941415476252,720575941643100754,29,VNC_WTct_R,
720575941415476252,720575941643100754,15,VNC_unassigned_R,
720575941425134420,720575941547394081,10,VNC_WTct_L,
720575941428210424,720575941549822781,14,VNC_WTct_R,
720575941428210424,720575941655597785,14,VNC_WTct_R,
720575941428238840,720575941565378919,12,VNC_WTct_L,
720575941428238840,720575941565378919,11,VNC_unassigned_L,
720575941428412809,720575941459347411,20,VNC_WTct_L,
720575941428412809,720575941624155644,14,VNC_IntTct_L,
720575941428412809,720575941624155644,51,VNC_WTct_L,
720575941428965368,720575941459347411,16,VNC_WTct_L,
720575941429210721,720575941468897856,10,VNC_IntTct_R,
720575941429210721,720575941468897856,15,VNC_WTct_R,
720575941429210721,720575941474574132,10,VNC_IntTct_R,
720575941429210721,720575941474574132,14,VNC_WTct_R,
720575941429324641,720575941630940642,24,VNC_HTct_L,
720575941429422295,720575941519783640,11,VNC_WTct_L,
720575941429422295,720575941534583786,19,VNC_WTct_L,
720575941429422295,720575941640465439,18,VNC_WTct_L,
720575941429422295,720575941645403000,18,VNC_WTct_L,
720575941429439959,720575941489673420,20,VNC_IntTct_L,
720575941429439959,720575941489673420,12,VNC_LTct_L,
720575941429439959,720575941489673420,14,VNC_WTct_L,
720575941429439959,720575941547315060,16,VNC_IntTct_L,
720575941429439959,720575941547394081,11,VNC_IntTct_L,
720575941429439959,720575941629172716,12,VNC_IntTct_R,
720575941429439959,720575941629172716,14,VNC_LTct_L,
720575941429532119,720575941565105206,22,VNC_WTct_L,
720575941429532119,720575941566847847,11,VNC_WTct_L,
720575941429532119,720575941614289683,10,VNC_WTct_L,
720575941429532119,720575941645403000,15,VNC_WTct_L,
720575941429556655,720575941456201887,16,VNC_HTct_L,
720575941429556655,720575941630940642,57,VNC_HTct_L,
720575941429556655,720575941630940642,10,VNC_NTct_L,
720575941429556655,720575941630940642,14,VNC_WTct_L,
720575941430016905,720575941459347411,15,VNC_HTct_L,
720575941430016905,720575941459347411,14,VNC_WTct_L,
720575941430016905,720575941547315060,18,VNC_WTct_L,
720575941430163982,720575941516770670,24,VNC_WTct_R,
720575941430163982,720575941655597785,23,VNC_WTct_R,
720575941430294703,720575941547315060,16,VNC_HTct_L,
720575941430294703,720575941547315060,10,VNC_IntTct_L,
720575941430294703,720575941547315060,13,VNC_WTct_L,
720575941430294703,720575941547394081,10,VNC_HTct_L,
720575941430294703,720575941547394081,25,VNC_WTct_L,
720575941430389006,720575941458961604,57,VNC_HTct_R,
720575941430389006,720575941565378919,12,VNC_HTct_R,
720575941430842209,720575941458961604,12,VNC_HTct_R,
720575941430842209,720575941549822781,32,VNC_HTct_R,
720575941430842209,720575941655597785,31,VNC_HTct_R,
720575941431072137,720575941565105206,17,VNC_WTct_L,
720575941431072137,720575941566847847,19,VNC_WTct_L,
720575941431072137,720575941614289683,11,VNC_WTct_L,
720575941431072137,720575941643100754,16,VNC_WTct_L,
720575941431075503,720575941542412805,13,VNC_WTct_L,
720575941431075503,720575941547394081,24,VNC_WTct_L,
720575941431075503,720575941565105206,12,VNC_WTct_L,
720575941431075503,720575941597489344,10,VNC_WTct_R,
720575941431099567,720575941629172716,25,VNC_WTct_R,
720575941431099567,720575941643100754,20,VNC_HTct_R,
720575941431099567,720575941643100754,91,VNC_WTct_R,
720575941431099567,720575941645041313,14,VNC_HTct_R,
720575941431099567,720575941645041313,12,VNC_WTct_R,
720575941431129815,720575941580669817,12,VNC_HTct_R,
720575941431311575,720575941643100754,27,VNC_HTct_L,
720575941431311575,720575941643100754,10,VNC_HTct_R,
720575941431311575,720575941643100754,25,VNC_WTct_L,
720575941431311575,720575941643100754,15,VNC_WTct_R,
720575941431311575,720575941645041313,43,VNC_HTct_L,
720575941431311575,720575941645041313,112,VNC_WTct_L,
720575941431311575,720575941645041313,10,VNC_WTct_R,
720575941431311575,720575941645041313,12,VNC_unassigned_L,
720575941432002574,720575941456201887,11,VNC_HTct_L,
720575941432002574,720575941516770670,17,VNC_HTct_R,
720575941432002574,720575941580669817,20,VNC_HTct_R,
720575941432002574,720575941580669817,21,VNC_IntTct_R,
720575941432722574,720575941468288375,13,VNC_HTct_R,
720575941432743054,720575941475745898,16,VNC_IntTct_R,
720575941432743054,720575941475745898,12,VNC_WTct_R,
720575941432778638,720575941463144336,16,VNC_WTct_R,
720575941432778638,720575941479034563,21,VNC_WTct_R,
720575941432778638,720575941583644382,18,VNC_WTct_R,
720575941432778638,720575941596050112,11,VNC_WTct_R,
720575941433406752,720575941521196211,11,VNC_IntTct_L,
720575941433406752,720575941521196211,12,VNC_WTct_L,
720575941433406752,720575941624155644,13,VNC_IntTct_L,
720575941433406752,720575941624155644,48,VNC_WTct_L,
720575941435581740,720575941475745898,19,VNC_HTct_R,
720575941435581740,720575941475745898,45,VNC_WTct_R,
720575941435625516,720575941542412805,19,VNC_IntTct_L,
720575941435625516,720575941542412805,10,VNC_WTct_L,
720575941435653164,720575941643100754,17,VNC_WTct_R,
720575941435693356,720575941483845954,10,VNC_WTct_L,
720575941435780114,720575941630940642,33,VNC_WTct_L,
720575941435993888,720575941472734048,15,VNC_WTct_R,
720575941435993888,720575941603635190,10,VNC_WTct_R,
720575941436378898,720575941624155644,13,VNC_WTct_L,
720575941436391698,720575941456201887,16,VNC_HTct_L,
720575941436391698,720575941456201887,23,VNC_WTct_L,
720575941436391698,720575941459347411,10,VNC_HTct_L,
720575941436391698,720575941459347411,30,VNC_WTct_L,
720575941436391698,720575941630940642,13,VNC_WTct_L,
720575941436750911,720575941479034563,11,VNC_WTct_L,
720575941436750911,720575941645403000,10,VNC_WTct_L,
720575941436828639,720575941456201887,13,VNC_WTct_L,
720575941436828639,720575941624155644,16,VNC_WTct_L,
720575941436996882,720575941456201887,41,VNC_HTct_L,
720575941436996882,720575941456201887,25,VNC_WTct_L,
720575941436996882,720575941459347411,32,VNC_HTct_L,
720575941436996882,720575941459347411,21,VNC_WTct_L,
720575941436996882,720575941624155644,12,VNC_WTct_L,
720575941437157676,720575941547315060,16,VNC_HTct_L,
720575941437157676,720575941547315060,14,VNC_WTct_L,
720575941437157676,720575941547394081,17,VNC_HTct_L,
720575941437157676,720575941547394081,26,VNC_WTct_L,
720575941437158956,720575941468897856,14,VNC_HTct_R,
720575941437158956,720575941468897856,16,VNC_WTct_R,
720575941437158956,720575941474574132,13,VNC_WTct_R,
720575941437158956,720575941475745898,10,VNC_HTct_R,
720575941437158956,720575941475745898,27,VNC_WTct_R,
720575941437525589,720575941516770670,10,VNC_WTct_R,
720575941437525589,720575941643100754,13,VNC_HTct_R,
720575941437525589,720575941643100754,15,VNC_WTct_R,
720575941437526869,720575941565378919,18,VNC_WTct_L,
720575941437603669,720575941463144336,25,VNC_WTct_R,
720575941437603669,720575941479034563,31,VNC_WTct_R,
720575941437603669,720575941533190337,21,VNC_WTct_R,
720575941437603669,720575941534583786,11,VNC_WTct_R,
720575941437603669,720575941583644382,21,VNC_WTct_R,
720575941437603669,720575941596050112,60,VNC_WTct_R,
720575941438261845,720575941547315060,16,VNC_HTct_L,
720575941438261845,720575941547315060,13,VNC_WTct_L,
720575941438261845,720575941547394081,14,VNC_HTct_L,
720575941438261845,720575941547394081,30,VNC_WTct_L,
720575941438440236,720575941565105206,18,VNC_WTct_L,
720575941438440236,720575941566847847,14,VNC_WTct_L,
720575941438440236,720575941590220684,11,VNC_WTct_L,
720575941438440236,720575941645403000,16,VNC_WTct_L,
720575941438659551,720575941624155644,10,VNC_WTct_L,
720575941438659551,720575941655597785,43,VNC_WTct_R,
720575941438674367,720575941483845954,13,VNC_WTct_L,
720575941438674367,720575941624155644,12,VNC_WTct_L,
720575941438710719,720575941483845954,11,VNC_HTct_R,
720575941438710719,720575941516770670,10,VNC_HTct_R,
720575941438723263,720575941513173763,30,VNC_HTct_R,
720575941438723263,720575941580669817,19,VNC_HTct_R,
720575941438729919,720575941507955269,26,VNC_WTct_L,
720575941438729919,720575941519783640,42,VNC_WTct_L,
720575941438729919,720575941534583786,61,VNC_WTct_L,
720575941438729919,720575941640465439,29,VNC_WTct_L,
720575941438729919,720575941645403000,17,VNC_WTct_L,
720575941438748351,720575941521196211,18,VNC_WTct_L,
720575941438748351,720575941624155644,11,VNC_HTct_L,
720575941438748351,720575941624155644,82,VNC_WTct_L,
720575941438935131,720575941521196211,14,VNC_WTct_L,
720575941438935131,720575941624155644,53,VNC_WTct_L,
720575941438938175,720575941456201887,11,VNC_HTct_L,
720575941438938175,720575941456201887,16,VNC_WTct_L,
720575941438938175,720575941479658831,15,VNC_WTct_L,
720575941438938175,720575941630940642,19,VNC_HTct_L,
720575941438938175,720575941732789547,12,VNC_IntTct_L,
720575941438938175,720575941732789547,18,VNC_WTct_L,
720575941438951515,720575941463144336,15,VNC_WTct_R,
720575941438951515,720575941479034563,14,VNC_WTct_R,
720575941438951515,720575941533190337,26,VNC_WTct_R,
720575941438951515,720575941583644382,25,VNC_WTct_R,
720575941438951515,720575941596050112,19,VNC_WTct_R,
720575941439017423,720575941542412805,182,VNC_HTct_L,
720575941439017423,720575941542412805,33,VNC_WTct_L,
720575941439017423,720575941547315060,100,VNC_HTct_L,
720575941439017423,720575941547315060,19,VNC_WTct_L,
720575941439017423,720575941547394081,15,VNC_HTct_L,
720575941439017423,720575941547394081,12,VNC_WTct_L,
720575941439050703,720575941475745898,10,VNC_WTct_R,
720575941439063503,720575941456201887,29,VNC_HTct_L,
720575941439063503,720575941456201887,10,VNC_WTct_L,
720575941439063503,720575941630940642,37,VNC_HTct_L,
720575941439197269,720575941472734048,16,VNC_WTct_R,
720575941439197269,720575941487139138,16,VNC_WTct_R,
720575941439197269,720575941530190027,13,VNC_WTct_R,
720575941439197269,720575941565105206,11,VNC_WTct_L,
720575941439197269,720575941566847847,12,VNC_WTct_L,
720575941439197269,720575941597489344,11,VNC_WTct_R,
720575941439197269,720575941603635190,21,VNC_WTct_R,
720575941439870399,720575941624155644,19,VNC_WTct_L,
720575941440213695,720575941580669817,17,VNC_HTct_R,
720575941440287167,720575941474574132,15,VNC_HTct_R,
720575941440287167,720575941474574132,10,VNC_WTct_R,
720575941440620123,720575941463144336,17,VNC_WTct_R,
720575941440620123,720575941479034563,24,VNC_WTct_R,
720575941440620123,720575941479034563,14,VNC_unassigned_R,
720575941440620123,720575941533190337,11,VNC_unassigned_R,
720575941440620123,720575941596050112,33,VNC_WTct_R,
720575941440620123,720575941596050112,17,VNC_unassigned_R,
720575941441228735,720575941565378919,12,VNC_HTct_L,
720575941441318591,720575941516770670,17,VNC_IntTct_R,
720575941441993167,720575941459347411,25,VNC_WTct_L,
720575941441993167,720575941533190337,11,VNC_WTct_R,
720575941441993167,720575941643100754,22,VNC_HTct_R,
720575941441993167,720575941643100754,52,VNC_WTct_R,
720575941441993167,720575941643100754,19,VNC_unassigned_R,
720575941441993167,720575941645041313,13,VNC_HTct_R,
720575941441993167,720575941645041313,20,VNC_WTct_R,
720575941442313898,720575941534583786,13,VNC_WTct_L,
720575941442347178,720575941507955269,10,VNC_WTct_L,
720575941442347178,720575941519783640,14,VNC_WTct_L,
720575941442357674,720575941630940642,16,VNC_NTct_L,
720575941442374058,720575941475745898,20,VNC_IntTct_R,
720575941442374058,720575941475745898,10,VNC_WTct_R,
720575941442374058,720575941547394081,12,VNC_IntTct_L,
720575941442379178,720575941643100754,31,VNC_WTct_R,
720575941442637519,720575941459347411,17,VNC_T2_MesoNm_L,
720575941445311658,720575941463144336,17,VNC_WTct_R,
720575941445311658,720575941479034563,14,VNC_WTct_R,
720575941445311658,720575941533190337,13,VNC_WTct_R,
720575941445311658,720575941583644382,11,VNC_WTct_R,
720575941445311658,720575941596050112,29,VNC_WTct_R,
720575941445324052,720575941630940642,19,VNC_HTct_L,
720575941446819348,720575941596050112,12,VNC_WTct_R,
720575941446990261,720575941507955269,26,VNC_WTct_L,
720575941446990261,720575941519783640,29,VNC_WTct_L,
720575941446990261,720575941534583786,39,VNC_WTct_L,
720575941446990261,720575941596050112,12,VNC_WTct_R,
720575941446990261,720575941640465439,21,VNC_WTct_L,
720575941446990261,720575941645403000,27,VNC_WTct_L,
720575941447025845,720575941468897856,14,VNC_IntTct_R,
720575941447025845,720575941521196211,10,VNC_WTct_L,
720575941447025845,720575941624155644,12,VNC_HTct_L,
720575941447025845,720575941624155644,25,VNC_WTct_L,
720575941447279965,720575941483845954,11,VNC_HTct_L,
720575941447294045,720575941507955269,27,VNC_WTct_L,
720575941447294045,720575941519783640,30,VNC_WTct_L,
720575941447294045,720575941534583786,54,VNC_WTct_L,
720575941447294045,720575941640465439,16,VNC_WTct_L,
720575941447363677,720575941513173763,45,VNC_WTct_R,
720575941447591246,720575941463144336,41,VNC_WTct_R,
720575941447591246,720575941479034563,21,VNC_WTct_R,
720575941447591246,720575941533190337,12,VNC_NTct_R,
720575941447591246,720575941533190337,18,VNC_WTct_R,
720575941447591246,720575941583644382,13,VNC_NTct_R,
720575941447591246,720575941583644382,25,VNC_WTct_R,
720575941447779092,720575941507955269,15,VNC_WTct_L,
720575941447779092,720575941519783640,15,VNC_WTct_L,
720575941447779092,720575941566847847,21,VNC_WTct_L,
720575941447779092,720575941645403000,18,VNC_WTct_L,
720575941447786574,720575941521196211,14,VNC_HTct_L,
720575941447786574,720575941549822781,10,VNC_unassigned_L,
720575941447808334,720575941624155644,10,VNC_WTct_L,
720575941447822158,720575941475745898,15,VNC_IntTct_R,
720575941447822158,720575941549822781,14,VNC_IntTct_R,
720575941447887636,720575941472734048,12,VNC_WTct_R,
720575941447887636,720575941590220684,10,VNC_WTct_L,
720575941447887636,720575941603635190,14,VNC_WTct_R,
720575941449245818,720575941475745898,13,VNC_LTct_R,
720575941449245818,720575941547394081,11,VNC_LTct_R,
720575941449258106,720575941459347411,17,VNC_HTct_L,
720575941449258106,720575941459347411,37,VNC_WTct_L,
720575941449258106,720575941624155644,27,VNC_WTct_L,
720575941449258106,720575941643100754,17,VNC_HTct_L,
720575941449258106,720575941645041313,34,VNC_HTct_L,
720575941449258106,720575941645041313,20,VNC_WTct_L,
720575941449358970,720575941475745898,11,VNC_IntTct_R,
720575941449358970,720575941547394081,12,VNC_IntTct_L,
720575941449617230,720575941643100754,10,VNC_WTct_R,
720575941449638493,720575941630940642,14,VNC_NTct_L,
720575941449835898,720575941463144336,21,VNC_WTct_L,
720575941449835898,720575941479034563,10,VNC_WTct_L,
720575941449835898,720575941479034563,13,VNC_WTct_R,
720575941449835898,720575941507955269,10,VNC_WTct_L,
720575941449835898,720575941519783640,25,VNC_WTct_L,
720575941449835898,720575941533190337,16,VNC_WTct_R,
720575941449835898,720575941534583786,31,VNC_WTct_L,
720575941449835898,720575941640465439,32,VNC_WTct_L,
720575941449835898,720575941645403000,42,VNC_WTct_L,
720575941449886791,720575941655597785,15,VNC_IntTct_R,
720575941449942877,720575941519783640,16,VNC_WTct_L,
720575941449942877,720575941566847847,12,VNC_WTct_L,
720575941449942877,720575941645403000,16,VNC_WTct_L,
720575941450008391,720575941624155644,13,VNC_WTct_L,
720575941450080071,720575941645041313,11,VNC_HTct_L,
720575941450080071,720575941645041313,21,VNC_WTct_L,
720575941450080349,720575941516770670,15,VNC_IntTct_R,
720575941450101063,720575941479034563,11,VNC_WTct_R,
720575941450101063,720575941655597785,15,VNC_WTct_R,
720575941450477225,720575941547315060,17,VNC_WTct_L,
720575941450477225,720575941547394081,31,VNC_WTct_L,
720575941450532174,720575941475745898,17,VNC_HTct_R,
720575941450532174,720575941475745898,49,VNC_IntTct_R,
720575941450532174,720575941475745898,100,VNC_WTct_R,
720575941450532174,720575941547394081,13,VNC_HTct_L,
720575941450532174,720575941547394081,16,VNC_WTct_L,
720575941450532174,720575941603635190,24,VNC_WTct_R,
720575941450576297,720575941549822781,14,VNC_IntTct_R,
720575941450628218,720575941475745898,26,VNC_IntTct_R,
720575941450628218,720575941542412805,10,VNC_HTct_L,
720575941450876794,720575941542412805,16,VNC_HTct_L,
720575941450876794,720575941542412805,17,VNC_WTct_L,
720575941451662663,720575941643100754,10,VNC_HTct_L,
720575941451662663,720575941643100754,15,VNC_HTct_R,
720575941451662663,720575941643100754,25,VNC_WTct_R,
720575941451662663,720575941645041313,19,VNC_HTct_L,
720575941451768391,720575941624155644,21,VNC_IntTct_L,
720575941451768391,720575941624155644,22,VNC_WTct_L,
720575941451814215,720575941630940642,15,VNC_WTct_L,
720575941451814215,720575941645041313,13,VNC_WTct_L,
720575941452164915,720575941521196211,11,VNC_WTct_L,
720575941452168873,720575941456201887,16,VNC_HTct_L,
720575941452168873,720575941547315060,10,VNC_IntTct_L,
720575941452198707,720575941489673420,29,VNC_IntTct_L,
720575941452198707,720575941489673420,81,VNC_WTct_L,
720575941452199475,720575941489673420,12,VNC_HTct_L,
720575941452199475,720575941489673420,23,VNC_IntTct_L,
720575941452199475,720575941489673420,85,VNC_WTct_L,
720575941452315443,720575941456201887,10,VNC_IntTct_L,
720575941452315443,720575941624155644,11,VNC_IntTct_L,
720575941453948397,720575941507955269,12,VNC_WTct_L,
720575941453948397,720575941534583786,15,VNC_WTct_L,
720575941454024429,720575941475745898,12,VNC_WTct_R,
720575941454024429,720575941629172716,16,VNC_WTct_R,
720575941455932912,720575941458961604,19,VNC_WTct_R,
720575941456176799,720575941479034563,10,VNC_WTct_R,
720575941456176799,720575941533190337,17,VNC_WTct_R,
720575941456176799,720575941583644382,13,VNC_WTct_R,
720575941456206495,720575941603635190,19,VNC_WTct_R,
720575941456244127,720575941468288375,10,VNC_WTct_R,
720575941456244127,720575941516770670,10,VNC_WTct_R,
720575941456314271,720575941468897856,16,VNC_HTct_R,
720575941456314271,720575941468897856,12,VNC_IntTct_R,
720575941456314271,720575941468897856,12,VNC_WTct_R,
720575941456314271,720575941474574132,10,VNC_HTct_R,
720575941456314271,720575941474574132,17,VNC_WTct_R,
720575941456314271,720575941475745898,11,VNC_HTct_R,
720575941456314271,720575941475745898,11,VNC_IntTct_R,
720575941456314271,720575941475745898,12,VNC_WTct_R,
720575941456340895,720575941643100754,12,VNC_HTct_R,
720575941456340895,720575941643100754,38,VNC_WTct_R,
720575941456348575,720575941456201887,39,VNC_HTct_L,
720575941456348575,720575941458961604,20,VNC_HTct_R,
720575941456348575,720575941459347411,48,VNC_HTct_L,
720575941456348575,720575941459347411,13,VNC_WTct_L,
720575941456348575,720575941483845954,19,VNC_HTct_L,
720575941456348575,720575941630940642,61,VNC_HTct_L,
720575941456348575,720575941630940642,13,VNC_NTct_L,
720575941456667373,720575941468288375,48,VNC_WTct_R,
720575941456667373,720575941513173763,10,VNC_HTct_R,
720575941456667373,720575941513173763,37,VNC_WTct_R,
720575941456667373,720575941516770670,24,VNC_WTct_R,
720575941456678893,720575941475745898,15,VNC_WTct_L,
720575941456678893,720575941547315060,10,VNC_IntTct_L,
720575941456678893,720575941547394081,34,VNC_WTct_L,
720575941457073478,720575941513173763,23,VNC_WTct_R,
720575941457073478,720575941549822781,23,VNC_HTct_R,
720575941457073478,720575941549822781,23,VNC_WTct_R,
720575941457073478,720575941580669817,15,VNC_WTct_R,
720575941457073478,720575941655597785,16,VNC_HTct_R,
720575941457073478,720575941655597785,19,VNC_WTct_R,
720575941457140550,720575941468897856,12,VNC_HTct_R,
720575941457140550,720575941474574132,10,VNC_HTct_R,
720575941457140550,720575941474574132,10,VNC_WTct_R,
720575941457140550,720575941475745898,13,VNC_HTct_R,
720575941457147206,720575941513173763,66,VNC_HTct_R,
720575941457147206,720575941513173763,19,VNC_NTct_R,
720575941457147206,720575941516770670,32,VNC_HTct_R,
720575941457147206,720575941549822781,25,VNC_HTct_R,
720575941457147206,720575941565378919,18,VNC_HTct_L,
720575941457147206,720575941580669817,40,VNC_HTct_R,
720575941457147206,720575941643100754,15,VNC_HTct_R,
720575941457153094,720575941468897856,24,VNC_HTct_R,
720575941457153094,720575941468897856,42,VNC_WTct_R,
720575941457153094,720575941468897856,23,VNC_unassigned_R,
720575941457153094,720575941474574132,20,VNC_HTct_R,
720575941457153094,720575941474574132,32,VNC_WTct_R,
720575941457153094,720575941474574132,22,VNC_unassigned_R,
720575941457153094,720575941547315060,17,VNC_IntTct_L,
720575941457153094,720575941547315060,11,VNC_WTct_L,
720575941457431280,720575941516770670,27,VNC_WTct_R,
720575941457431280,720575941629172716,10,VNC_WTct_R,
720575941457431280,720575941643100754,11,VNC_HTct_R,
720575941457431280,720575941643100754,45,VNC_WTct_R,
720575941457431280,720575941645041313,13,VNC_WTct_R,
720575941457431280,720575941655597785,12,VNC_WTct_R,
720575941457686256,720575941547315060,11,VNC_HTct_L,
720575941457686512,720575941643100754,13,VNC_WTct_R,
720575941457797360,720575941456201887,10,VNC_HTct_L,
720575941457797360,720575941624155644,13,VNC_IntTct_L,
720575941457797360,720575941624155644,10,VNC_WTct_L,
720575941457797360,720575941630940642,24,VNC_HTct_L,
720575941457802480,720575941463144336,11,VNC_WTct_L,
720575941457802480,720575941516770670,26,VNC_IntTct_R,
720575941457802480,720575941519783640,11,VNC_WTct_L,
720575941457802480,720575941640465439,17,VNC_WTct_L,
720575941457802480,720575941645403000,13,VNC_WTct_L,
720575941457802480,720575941655597785,13,VNC_IntTct_R,
720575941457802480,720575941655597785,10,VNC_WTct_R,
720575941457930655,720575941468288375,26,VNC_WTct_R,
720575941457930655,720575941513173763,16,VNC_WTct_R,
720575941457930655,720575941516770670,32,VNC_WTct_R,
720575941457930655,720575941549822781,10,VNC_WTct_R,
720575941457979039,720575941458961604,13,VNC_WTct_R,
720575941457979039,720575941629172716,20,VNC_HTct_R,
720575941457979039,720575941629172716,62,VNC_WTct_R,
720575941458139551,720575941468288375,10,VNC_HTct_R,
720575941458334163,720575941624155644,14,VNC_HTct_L,
720575941458334163,720575941624155644,50,VNC_WTct_L,
720575941458353363,720575941475745898,17,VNC_HTct_R,
720575941458353363,720575941475745898,34,VNC_WTct_R,
720575941458373587,720575941547394081,10,VNC_HTct_L,
720575941458373587,720575941547394081,18,VNC_IntTct_L,
720575941458635475,720575941475745898,11,VNC_IntTct_L,
720575941458635475,720575941547394081,13,VNC_IntTct_L,
720575941458635475,720575941547394081,14,VNC_WTct_L,
720575941458656467,720575941475745898,20,VNC_WTct_R,
720575941458656467,720575941547394081,19,VNC_WTct_L,
720575941458789958,720575941645041313,11,VNC_HTct_L,
720575941458873796,720575941489673420,11,VNC_HTct_L,
720575941458873796,720575941489673420,24,VNC_WTct_L,
720575941459312966,720575941547394081,19,VNC_WTct_L,
720575941459312966,720575941549822781,12,VNC_HTct_R,
720575941459312966,720575941549822781,26,VNC_WTct_R,
720575941459312966,720575941624155644,23,VNC_WTct_L,
720575941459312966,720575941655597785,18,VNC_HTct_R,
720575941459312966,720575941655597785,27,VNC_WTct_R,
720575941459514512,720575941468897856,14,VNC_IntTct_R,
720575941459514512,720575941468897856,18,VNC_WTct_R,
720575941459514512,720575941474574132,12,VNC_HTct_R,
720575941459514512,720575941474574132,30,VNC_IntTct_R,
720575941459514512,720575941474574132,25,VNC_WTct_R,
720575941459554960,720575941516770670,12,VNC_HTct_R,
720575941459554960,720575941549822781,14,VNC_IntTct_R,
720575941459554960,720575941549822781,20,VNC_WTct_R,
720575941459554960,720575941580669817,16,VNC_HTct_R,
720575941459554960,720575941655597785,12,VNC_IntTct_R,
720575941459554960,720575941655597785,14,VNC_WTct_R,
720575941459559824,720575941547394081,12,VNC_IntTct_L,
720575941459562128,720575941456201887,12,VNC_HTct_L,
720575941459562128,720575941547315060,15,VNC_HTct_L,
720575941459562128,720575941547315060,16,VNC_WTct_L,
720575941459562640,720575941624155644,12,VNC_WTct_L,
720575941459883846,720575941463144336,44,VNC_WTct_R,
720575941459883846,720575941463144336,11,VNC_unassigned_R,
720575941459883846,720575941479034563,63,VNC_WTct_R,
720575941459883846,720575941479034563,24,VNC_unassigned_R,
720575941459883846,720575941533190337,37,VNC_WTct_R,
720575941459883846,720575941533190337,15,VNC_unassigned_R,
720575941459883846,720575941583644382,33,VNC_WTct_R,
720575941459883846,720575941596050112,55,VNC_WTct_R,
720575941459883846,720575941597489344,11,VNC_WTct_R,
720575941459906630,720575941475745898,15,VNC_WTct_R,
720575941459906630,720575941566847847,12,VNC_WTct_L,
720575941459906630,720575941597489344,15,VNC_WTct_R,
720575941459906630,720575941603635190,13,VNC_WTct_R,
720575941460225168,720575941643100754,20,VNC_WTct_R,
720575941460225936,720575941624155644,11,VNC_WTct_L,
720575941460235152,720575941463144336,46,VNC_WTct_R,
720575941460235152,720575941472734048,20,VNC_WTct_R,
720575941460235152,720575941479034563,66,VNC_WTct_R,
720575941460235152,720575941507955269,16,VNC_WTct_L,
720575941460235152,720575941507955269,14,VNC_WTct_R,
720575941460235152,720575941519783640,16,VNC_WTct_L,
720575941460235152,720575941533190337,67,VNC_WTct_R,
720575941460235152,720575941534583786,21,VNC_WTct_L,
720575941460235152,720575941583644382,53,VNC_WTct_R,
720575941460235152,720575941596050112,44,VNC_WTct_R,
720575941460235152,720575941597489344,23,VNC_WTct_R,
720575941460235152,720575941603635190,17,VNC_WTct_R,
720575941460235152,720575941640465439,12,VNC_WTct_L,
720575941460235152,720575941640465439,19,VNC_WTct_R,
720575941460235152,720575941645403000,18,VNC_WTct_L,
720575941460235152,720575941645403000,20,VNC_WTct_R,
720575941460384723,720575941565105206,12,VNC_WTct_L,
720575941460384723,720575941566847847,11,VNC_WTct_L,
720575941460571588,720575941456201887,19,VNC_HTct_L,
720575941460571588,720575941456201887,25,VNC_WTct_L,
720575941460571588,720575941468288375,11,VNC_HTct_L,
720575941460571588,720575941483845954,13,VNC_HTct_L,
720575941460571588,720575941483845954,17,VNC_WTct_L,
720575941460571588,720575941630940642,41,VNC_HTct_L,
720575941460571588,720575941630940642,39,VNC_WTct_L,
720575941460885005,720575941456201887,11,VNC_HTct_L,
720575941460885005,720575941456201887,12,VNC_IntTct_L,
720575941460885005,720575941456201887,13,VNC_WTct_L,
720575941460885005,720575941542412805,14,VNC_WTct_L,
720575941460885005,720575941547315060,14,VNC_HTct_L,
720575941460885005,720575941547315060,15,VNC_IntTct_L,
720575941460885005,720575941547315060,22,VNC_WTct_L,
720575941461076493,720575941643100754,28,VNC_HTct_R,
720575941461076493,720575941643100754,23,VNC_WTct_R,
720575941461076493,720575941643100754,11,VNC_unassigned_R,
720575941461076493,720575941645041313,10,VNC_HTct_R,
720575941461221075,720575941475745898,14,VNC_IntTct_R,
720575941461227152,720575941542412805,19,VNC_IntTct_L,
720575941461227152,720575941542412805,14,VNC_NTct_L,
720575941461235088,720575941468897856,11,VNC_HTct_R,
720575941461235088,720575941468897856,14,VNC_WTct_R,
720575941461235088,720575941474574132,12,VNC_WTct_R,
720575941461235088,720575941475745898,16,VNC_HTct_R,
720575941461235088,720575941475745898,11,VNC_IntTct_R,
720575941461235088,720575941475745898,10,VNC_WTct_R,
720575941461235088,720575941547315060,12,VNC_IntTct_L,
720575941461235088,720575941547394081,12,VNC_IntTct_L,
720575941461235088,720575941629172716,12,VNC_IntTct_R,
720575941461240019,720575941463144336,23,VNC_WTct_R,
720575941461240019,720575941533190337,16,VNC_WTct_R,
720575941461240019,720575941583644382,28,VNC_WTct_R,
720575941461240019,720575941596050112,55,VNC_WTct_R,
720575941461246931,720575941630940642,15,VNC_NTct_L,
720575941462590608,720575941534583786,10,VNC_WTct_L,
720575941462590608,720575941542412805,13,VNC_WTct_L,
720575941463352333,720575941468897856,11,VNC_HTct_R,
720575941463655693,720575941547394081,10,VNC_WTct_L,
720575941464073558,720575941468897856,19,VNC_HTct_R,
720575941464073558,720575941468897856,15,VNC_IntTct_R,
720575941464073558,720575941468897856,23,VNC_WTct_R,
720575941464073558,720575941474574132,13,VNC_HTct_R,
720575941464073558,720575941474574132,23,VNC_IntTct_R,
720575941464073558,720575941474574132,27,VNC_WTct_R,
720575941464168534,720575941547394081,10,VNC_WTct_L,
720575941464768790,720575941456201887,22,VNC_HTct_L,
720575941464768790,720575941459347411,10,VNC_HTct_L,
720575941464768790,720575941630940642,30,VNC_HTct_L,
720575941464777814,720575941645041313,10,VNC_HTct_L,
720575941464777814,720575941645041313,24,VNC_WTct_L,
720575941464839446,720575941643100754,10,VNC_HTct_R,
720575941464839446,720575941643100754,27,VNC_WTct_R,
720575941464860950,720575941458961604,14,VNC_WTct_R,
720575941464901398,720575941580669817,10,VNC_WTct_R,
720575941464901398,720575941596050112,10,VNC_WTct_R,
720575941464901398,720575941645403000,13,VNC_WTct_R,
720575941464901398,720575941732789547,23,VNC_WTct_R,
720575941465484566,720575941655597785,37,VNC_WTct_R,
720575941467252189,720575941456201887,23,VNC_WTct_L,
720575941467252189,720575941459347411,11,VNC_IntTct_L,
720575941467252189,720575941624155644,16,VNC_IntTct_L,
720575941467252189,720575941624155644,20,VNC_WTct_L,
720575941468245879,720575941516770670,13,VNC_WTct_R,
720575941468245879,720575941643100754,10,VNC_HTct_R,
720575941468245879,720575941643100754,53,VNC_WTct_R,
720575941468679947,720575941596050112,10,VNC_WTct_R,
720575941468683997,720575941463144336,26,VNC_WTct_R,
720575941468683997,720575941479034563,14,VNC_WTct_R,
720575941468683997,720575941533190337,27,VNC_WTct_R,
720575941468683997,720575941583644382,25,VNC_WTct_R,
720575941468683997,720575941596050112,41,VNC_WTct_R,
720575941468720139,720575941489673420,10,VNC_LTct_L,
720575941468725259,720575941507955269,10,VNC_NTct_L,
720575941468725259,720575941507955269,18,VNC_WTct_L,
720575941468725259,720575941519783640,16,VNC_WTct_L,
720575941468725259,720575941534583786,15,VNC_WTct_L,
720575941468725259,720575941640465439,21,VNC_WTct_L,
720575941468725259,720575941640465439,10,VNC_unassigned_L,
720575941468725259,720575941645403000,11,VNC_NTct_L,
720575941468725259,720575941645403000,19,VNC_WTct_L,
720575941468966208,720575941468897856,20,VNC_HTct_R,
720575941468966208,720575941580669817,16,VNC_HTct_R,
720575941469045824,720575941521196211,26,VNC_WTct_L,
720575941469045824,720575941521196211,19,VNC_unassigned_L,
720575941469045824,720575941624155644,23,VNC_WTct_L,
720575941469045824,720575941624155644,17,VNC_unassigned_L,
720575941469045824,720575941630940642,10,VNC_unassigned_L,
720575941470067063,720575941468897856,17,VNC_HTct_R,
720575941470067063,720575941468897856,13,VNC_IntTct_R,
720575941470077047,720575941456201887,17,VNC_WTct_L,
720575941470077047,720575941483845954,17,VNC_HTct_L,
720575941470077047,720575941483845954,38,VNC_WTct_L,
720575941470077047,720575941630940642,48,VNC_HTct_L,
720575941470077047,720575941630940642,88,VNC_WTct_L,
720575941470077047,720575941645041313,11,VNC_HTct_L,
720575941470111863,720575941542412805,16,VNC_WTct_L,
720575941470111863,720575941547315060,20,VNC_WTct_L,
720575941470111863,720575941547394081,51,VNC_WTct_L,
720575941470474763,720575941456201887,21,VNC_WTct_L,
720575941470474763,720575941459347411,20,VNC_HTct_L,
720575941470474763,720575941459347411,20,VNC_WTct_L,
720575941470474763,720575941483845954,10,VNC_HTct_L,
720575941470474763,720575941483845954,12,VNC_WTct_L,
720575941470474763,720575941630940642,22,VNC_HTct_L,
720575941470474763,720575941630940642,30,VNC_WTct_L,
720575941470474763,720575941732789547,11,VNC_WTct_L,
720575941470536715,720575941547394081,11,VNC_IntTct_L,
720575941470536715,720575941560383347,17,VNC_WTct_L,
720575941470536715,720575941565105206,39,VNC_WTct_L,
720575941470536715,720575941566847847,30,VNC_WTct_L,
720575941470536715,720575941590220684,18,VNC_WTct_L,
720575941470778944,720575941655597785,12,VNC_IntTct_R,
720575941470786368,720575941474574132,11,VNC_HTct_R,
720575941471203447,720575941521196211,13,VNC_HTct_L,
720575941471203447,720575941521196211,10,VNC_WTct_L,
720575941471203447,720575941624155644,12,VNC_HTct_L,
720575941471907904,720575941513173763,20,VNC_WTct_R,
720575941472042282,720575941645403000,22,VNC_WTct_L,
720575941472050218,720575941472734048,10,VNC_WTct_R,
720575941472050218,720575941479034563,11,VNC_WTct_R,
720575941472050218,720575941603635190,19,VNC_WTct_R,
720575941472090922,720575941507955269,14,VNC_unassigned_L,
720575941472090922,720575941519783640,21,VNC_WTct_L,
720575941472090922,720575941534583786,37,VNC_WTct_L,
720575941472090922,720575941534583786,10,VNC_unassigned_L,
720575941472090922,720575941640465439,25,VNC_WTct_L,
720575941472090922,720575941640465439,13,VNC_unassigned_L,
720575941472090922,720575941645403000,24,VNC_WTct_L,
720575941472090922,720575941645403000,14,VNC_unassigned_L,
720575941472561979,720575941513173763,10,VNC_HTct_R,
720575941472595003,720575941468897856,18,VNC_HTct_R,
720575941472595003,720575941468897856,15,VNC_WTct_R,
720575941472595003,720575941468897856,11,VNC_unassigned_R,
720575941472595003,720575941475745898,15,VNC_WTct_R,
720575941473315643,720575941459347411,10,VNC_WTct_L,
720575941473315643,720575941645041313,12,VNC_WTct_L,
720575941473384234,720575941513173763,17,VNC_HTct_R,
720575941473850720,720575941479658831,10,VNC_IntTct_L,
720575941473850720,720575941542412805,10,VNC_HTct_L,
720575941473850720,720575941542412805,11,VNC_WTct_L,
720575941474334779,720575941732789547,11,VNC_IntTct_L,
720575941474337310,720575941456201887,12,VNC_WTct_L,
720575941474337310,720575941459347411,21,VNC_WTct_L,
720575941474337310,720575941521196211,23,VNC_WTct_L,
720575941474337310,720575941624155644,42,VNC_WTct_L,
720575941474347294,720575941542412805,15,VNC_WTct_L,
720575941474347294,720575941547315060,20,VNC_WTct_L,
720575941474394673,720575941565378919,11,VNC_HTct_L,
720575941474394673,720575941645041313,19,VNC_HTct_L,
720575941474394673,720575941645041313,15,VNC_WTct_L,
720575941474413873,720575941549822781,24,VNC_HTct_R,
720575941474413873,720575941549822781,38,VNC_IntTct_R,
720575941474413873,720575941549822781,16,VNC_WTct_R,
720575941474413873,720575941655597785,18,VNC_HTct_R,
720575941474413873,720575941655597785,26,VNC_IntTct_R,
720575941474413873,720575941655597785,58,VNC_WTct_R,
720575941474426929,720575941624155644,15,VNC_WTct_L,
720575941474437681,720575941468288375,22,VNC_HTct_L,
720575941474437681,720575941468288375,11,VNC_HTct_R,
720575941474437681,720575941475745898,14,VNC_IntTct_R,
720575941474437681,720575941475745898,14,VNC_LTct_R,
720575941474437681,720575941479658831,10,VNC_HTct_L,
720575941474437681,720575941483845954,25,VNC_HTct_L,
720575941474437681,720575941483845954,10,VNC_HTct_R,
720575941474437681,720575941483845954,10,VNC_WTct_L,
720575941474447134,720575941463144336,35,VNC_WTct_R,
720575941474447134,720575941479034563,20,VNC_WTct_R,
720575941474447134,720575941533190337,30,VNC_WTct_R,
720575941474447134,720575941583644382,39,VNC_WTct_R,
720575941474447134,720575941596050112,72,VNC_WTct_R,
720575941474459707,720575941516770670,12,VNC_HTct_R,
720575941474459707,720575941643100754,28,VNC_HTct_R,
720575941474459707,720575941643100754,33,VNC_WTct_R,
720575941474459707,720575941645041313,18,VNC_HTct_R,
720575941474640682,720575941483845954,10,VNC_unassigned_L,
720575941474640682,720575941640465439,10,VNC_WTct_L,
720575941474711873,720575941456201887,13,VNC_WTct_L,
720575941474711873,720575941547315060,13,VNC_IntTct_L,
720575941474711873,720575941547315060,16,VNC_WTct_L,
720575941474725684,720575941463144336,16,VNC_WTct_R,
720575941474725684,720575941468897856,10,VNC_WTct_R,
720575941474725684,720575941474574132,10,VNC_WTct_R,
720575941474725684,720575941475745898,27,VNC_WTct_R,
720575941474741819,720575941463144336,13,VNC_WTct_R,
720575941474741819,720575941533190337,18,VNC_WTct_R,
720575941474741819,720575941624155644,11,VNC_WTct_L,
720575941474741819,720575941655597785,22,VNC_WTct_R,
720575941474745396,720575941507955269,11,VNC_WTct_L,
720575941474745396,720575941519783640,10,VNC_WTct_L,
720575941474745396,720575941534583786,11,VNC_WTct_L,
720575941474786625,720575941521196211,15,VNC_HTct_L,
720575941474806068,720575941513173763,12,VNC_IntTct_R,
720575941474806068,720575941513173763,160,VNC_WTct_R,
720575941474806068,720575941516770670,81,VNC_WTct_R,
720575941474830644,720575941463144336,10,VNC_WTct_R,
720575941474830644,720575941533190337,13,VNC_WTct_R,
720575941474830644,720575941534583786,15,VNC_WTct_R,
720575941474830644,720575941596050112,18,VNC_WTct_R,
720575941474830644,720575941629172716,32,VNC_HTct_R,
720575941474935105,720575941629172716,23,VNC_HTct_R,
720575941474935105,720575941629172716,26,VNC_WTct_R,
720575941475609194,720575941459347411,10,VNC_HTct_L,
720575941475609194,720575941468897856,14,VNC_HTct_R,
720575941475609194,720575941475745898,13,VNC_IntTct_R,
720575941475609194,720575941624155644,12,VNC_IntTct_L,
720575941475609194,720575941655597785,10,VNC_IntTct_R,
720575941475696746,720575941547394081,23,VNC_HTct_L,
720575941475696746,720575941547394081,60,VNC_WTct_L,
720575941475702890,720575941629172716,13,VNC_HTct_R,
720575941475745642,720575941583644382,14,VNC_WTct_R,
720575941475749994,720575941468897856,13,VNC_IntTct_R,
720575941475749994,720575941547315060,14,VNC_IntTct_L,
720575941475988529,720575941547394081,16,VNC_WTct_L,
720575941475996465,720575941629172716,16,VNC_HTct_R,
720575941476037406,720575941565378919,13,VNC_HTct_L,
720575941476101937,720575941456201887,13,VNC_WTct_L,
720575941476452458,720575941565378919,16,VNC_HTct_L,
720575941477051166,720575941534583786,14,VNC_WTct_L,
720575941477166622,720575941542412805,17,VNC_NTct_L,
720575941477166622,720575941547315060,13,VNC_IntTct_L,
720575941477297716,720575941630940642,32,VNC_NTct_L,
720575941477335092,720575941489673420,11,VNC_WTct_L,
720575941477425770,720575941547315060,11,VNC_HTct_L,
720575941477425770,720575941547315060,55,VNC_WTct_L,
720575941477425770,720575941547394081,13,VNC_WTct_L,
720575941477447530,720575941549822781,11,VNC_WTct_R,
720575941477497312,720575941624155644,13,VNC_WTct_L,
720575941477553376,720575941463144336,11,VNC_WTct_L,
720575941477553376,720575941463144336,19,VNC_WTct_R,
720575941477553376,720575941463144336,12,VNC_unassigned_R,
720575941477553376,720575941479034563,11,VNC_WTct_L,
720575941477553376,720575941479034563,19,VNC_WTct_R,
720575941477553376,720575941479034563,18,VNC_unassigned_R,
720575941477553376,720575941507955269,24,VNC_WTct_L,
720575941477553376,720575941507955269,11,VNC_unassigned_R,
720575941477553376,720575941519783640,33,VNC_WTct_L,
720575941477553376,720575941533190337,10,VNC_WTct_L,
720575941477553376,720575941533190337,22,VNC_WTct_R,
720575941477553376,720575941533190337,16,VNC_unassigned_R,
720575941477553376,720575941534583786,25,VNC_WTct_L,
720575941477553376,720575941583644382,23,VNC_WTct_R,
720575941477553376,720575941583644382,17,VNC_unassigned_R,
720575941477553376,720575941596050112,29,VNC_WTct_R,
720575941477553376,720575941596050112,18,VNC_unassigned_R,
720575941477553376,720575941640465439,13,VNC_WTct_L,
720575941477553376,720575941645403000,13,VNC_WTct_L,
720575941477573344,720575941459347411,63,VNC_WTct_L,
720575941477573344,720575941483845954,36,VNC_WTct_L,
720575941477573344,720575941630940642,10,VNC_WTct_L,
720575941477616864,720575941549822781,14,VNC_WTct_R,
720575941477616864,720575941655597785,12,VNC_WTct_R,
720575941477884802,720575941456201887,27,VNC_HTct_L,
720575941477884802,720575941456201887,29,VNC_WTct_L,
720575941477884802,720575941459347411,19,VNC_WTct_L,
720575941477884802,720575941624155644,26,VNC_WTct_L,
720575941477897346,720575941463144336,21,VNC_WTct_R,
720575941477897346,720575941472734048,14,VNC_WTct_R,
720575941477897346,720575941479034563,27,VNC_WTct_R,
720575941477897346,720575941487139138,11,VNC_WTct_R,
720575941477897346,720575941499558369,21,VNC_WTct_R,
720575941477897346,720575941530190027,23,VNC_WTct_R,
720575941477897346,720575941533190337,30,VNC_WTct_R,
720575941477897346,720575941565105206,16,VNC_WTct_L,
720575941477897346,720575941583644382,36,VNC_WTct_R,
720575941477897346,720575941596050112,34,VNC_WTct_R,
720575941477897346,720575941597489344,43,VNC_WTct_R,
720575941477897346,720575941603635190,34,VNC_WTct_R,
720575941477897346,720575941624985226,15,VNC_WTct_R,
720575941477996195,720575941533190337,17,VNC_WTct_R,
720575941478092963,720575941456201887,23,VNC_HTct_L,
720575941478092963,720575941456201887,19,VNC_IntTct_L,
720575941478092963,720575941456201887,16,VNC_WTct_L,
720575941478092963,720575941459347411,20,VNC_HTct_L,
720575941478092963,720575941459347411,16,VNC_IntTct_L,
720575941478092963,720575941459347411,19,VNC_WTct_L,
720575941478092963,720575941624155644,11,VNC_IntTct_L,
720575941478179235,720575941630940642,18,VNC_WTct_L,
720575941478399055,720575941475745898,16,VNC_IntTct_R,
720575941478399055,720575941475745898,10,VNC_WTct_R,
720575941478399055,720575941547394081,16,VNC_IntTct_L,
720575941478403178,720575941629172716,10,VNC_LTct_R,
720575941478488143,720575941643100754,11,VNC_HTct_L,
720575941478488143,720575941645041313,17,VNC_HTct_L,
720575941478488143,720575941645041313,24,VNC_WTct_L,
720575941478523983,720575941459347411,12,VNC_WTct_L,
720575941478523983,720575941624155644,12,VNC_WTct_L,
720575941478544719,720575941468288375,15,VNC_WTct_R,
720575941478544719,720575941655597785,26,VNC_WTct_R,
720575941478598735,720575941547394081,10,VNC_HTct_L,
720575941479084227,720575941516770670,10,VNC_WTct_R,
720575941479098819,720575941521196211,13,VNC_WTct_L,
720575941479167456,720575941474574132,10,VNC_IntTct_R,
720575941479369346,720575941489673420,39,VNC_IntTct_L,
720575941479369346,720575941489673420,78,VNC_WTct_L,
720575941479505315,720575941624155644,17,VNC_WTct_L,
720575941479721635,720575941547315060,15,VNC_HTct_L,
720575941479721635,720575941547394081,10,VNC_WTct_L,
720575941479863491,720575941630940642,14,VNC_WTct_L,
720575941479863491,720575941645041313,30,VNC_WTct_L,
720575941479961312,720575941596050112,12,VNC_WTct_R,
720575941480410822,720575941629172716,18,VNC_WTct_R,
720575941480440262,720575941468288375,11,VNC_WTct_R,
720575941480440262,720575941655597785,14,VNC_WTct_R,
720575941480550018,720575941456201887,10,VNC_WTct_L,
720575941481020925,720575941468897856,16,VNC_HTct_R,
720575941481020925,720575941468897856,11,VNC_IntTct_R,
720575941481020925,720575941547315060,16,VNC_IntTct_L,
720575941481020925,720575941547394081,13,VNC_WTct_L,
720575941481036797,720575941463144336,33,VNC_WTct_R,
720575941481036797,720575941479034563,18,VNC_WTct_R,
720575941481036797,720575941479034563,10,VNC_unassigned_R,
720575941481036797,720575941533190337,16,VNC_WTct_R,
720575941481036797,720575941583644382,13,VNC_WTct_R,
720575941481036797,720575941596050112,31,VNC_WTct_R,
720575941481036797,720575941640465439,12,VNC_WTct_R,
720575941481050877,720575941489673420,13,VNC_HTct_L,
720575941481113597,720575941513173763,16,VNC_HTct_R,
720575941481113597,720575941513173763,12,VNC_WTct_R,
720575941481113597,720575941580669817,11,VNC_WTct_R,
720575941481588934,720575941580669817,10,VNC_WTct_R,
720575941481588934,720575941655597785,19,VNC_WTct_R,
720575941482478778,720575941463144336,16,VNC_WTct_R,
720575941482478778,720575941479034563,18,VNC_WTct_R,
720575941482478778,720575941533190337,19,VNC_WTct_R,
720575941482478778,720575941583644382,40,VNC_WTct_R,
720575941482478778,720575941596050112,63,VNC_WTct_R,
720575941483682813,720575941630940642,17,VNC_HTct_L,
720575941483838349,720575941655597785,36,VNC_HTct_R,
720575941483838349,720575941655597785,29,VNC_WTct_R,
720575941484029446,720575941507955269,15,VNC_WTct_L,
720575941484029446,720575941519783640,12,VNC_WTct_L,
720575941484029446,720575941534583786,15,VNC_WTct_L,
720575941484029446,720575941645403000,11,VNC_WTct_L,
720575941484048390,720575941456201887,27,VNC_WTct_L,
720575941484048390,720575941624155644,20,VNC_WTct_L,
720575941484086534,720575941643100754,14,VNC_WTct_R,
720575941484125702,720575941468897856,18,VNC_HTct_R,
720575941484125702,720575941468897856,14,VNC_WTct_R,
720575941484125702,720575941580669817,13,VNC_HTct_R,
720575941484346621,720575941456201887,27,VNC_HTct_L,
720575941484346621,720575941456201887,35,VNC_WTct_L,
720575941484346621,720575941459347411,13,VNC_HTct_L,
720575941484346621,720575941459347411,51,VNC_WTct_L,
720575941484346621,720575941516770670,40,VNC_WTct_R,
720575941484346621,720575941580669817,27,VNC_HTct_R,
720575941484346621,720575941580669817,27,VNC_WTct_R,
720575941484346621,720575941655597785,27,VNC_WTct_R,
720575941484663558,720575941463144336,16,VNC_WTct_R,
720575941484663558,720575941479034563,30,VNC_WTct_R,
720575941484663558,720575941507955269,23,VNC_WTct_L,
720575941484663558,720575941519783640,24,VNC_WTct_L,
720575941484663558,720575941519783640,11,VNC_unassigned_L,
720575941484663558,720575941533190337,16,VNC_WTct_R,
720575941484663558,720575941534583786,21,VNC_WTct_L,
720575941484663558,720575941534583786,10,VNC_unassigned_L,
720575941484663558,720575941560383347,13,VNC_WTct_L,
720575941484663558,720575941565105206,13,VNC_WTct_L,
720575941484663558,720575941566847847,13,VNC_WTct_L,
720575941484663558,720575941583644382,25,VNC_WTct_R,
720575941484663558,720575941583644382,13,VNC_unassigned_R,
720575941484663558,720575941596050112,20,VNC_WTct_R,
720575941484663558,720575941597489344,10,VNC_WTct_R,
720575941484663558,720575941603635190,20,VNC_WTct_R,
720575941484663558,720575941640465439,25,VNC_WTct_L,
720575941484663558,720575941645403000,29,VNC_WTct_L,
720575941484663558,720575941645403000,12,VNC_unassigned_R,
720575941485135426,720575941463144336,38,VNC_WTct_R,
720575941485135426,720575941479034563,33,VNC_WTct_R,
720575941485135426,720575941507955269,13,VNC_WTct_R,
720575941485135426,720575941533190337,28,VNC_WTct_R,
720575941485135426,720575941533190337,15,VNC_unassigned_R,
720575941485135426,720575941534583786,11,VNC_WTct_R,
720575941485135426,720575941580669817,10,VNC_WTct_R,
720575941485135426,720575941583644382,37,VNC_WTct_R,
720575941485135426,720575941583644382,12,VNC_unassigned_R,
720575941485135426,720575941596050112,37,VNC_WTct_R,
720575941485135426,720575941596050112,12,VNC_unassigned_R,
720575941485135426,720575941645403000,11,VNC_WTct_R,
720575941485138896,720575941475745898,21,VNC_WTct_R,
720575941485138896,720575941547394081,22,VNC_WTct_L,
720575941485138896,720575941547394081,10,VNC_WTct_R,
720575941485217744,720575941475745898,13,VNC_IntTct_R,
720575941485260240,720575941630940642,31,VNC_WTct_L,
720575941485316493,720575941645041313,21,VNC_WTct_L,
720575941485377602,720575941655597785,16,VNC_WTct_R,
720575941485378626,720575941468288375,29,VNC_WTct_R,
720575941485378626,720575941472734048,11,VNC_WTct_R,
720575941485378626,720575941483845954,11,VNC_WTct_R,
720575941485378626,720575941513173763,15,VNC_WTct_R,
720575941485378626,720575941597489344,12,VNC_WTct_R,
720575941485422221,720575941468897856,32,VNC_WTct_R,
720575941485422221,720575941475745898,12,VNC_WTct_R,
720575941485422221,720575941547315060,27,VNC_WTct_L,
720575941485422221,720575941547394081,23,VNC_WTct_L,
720575941485422221,720575941565378919,10,VNC_WTct_L,
720575941485458754,720575941475745898,13,VNC_WTct_R,
720575941485458754,720575941547394081,21,VNC_WTct_L,
720575941485775110,720575941643100754,13,VNC_HTct_R,
720575941485775110,720575941643100754,44,VNC_WTct_R,
720575941485775110,720575941643100754,13,VNC_unassigned_R,
720575941486089538,720575941472734048,42,VNC_WTct_R,
720575941486089538,720575941487139138,35,VNC_WTct_R,
720575941486089538,720575941499558369,50,VNC_WTct_R,
720575941486089538,720575941530190027,48,VNC_WTct_R,
720575941486089538,720575941597489344,84,VNC_WTct_R,
720575941486089538,720575941603635190,86,VNC_WTct_R,
720575941486089538,720575941614289683,11,VNC_WTct_R,
720575941486089538,720575941624985226,52,VNC_WTct_R,
720575941486560774,720575941655597785,24,VNC_IntTct_R,
720575941486560774,720575941655597785,15,VNC_T2_MesoNm_R,
720575941486560774,720575941655597785,16,VNC_WTct_R,
720575941486866640,720575941513173763,15,VNC_HTct_R,
720575941487877328,720575941655597785,13,VNC_IntTct_R,
720575941487910608,720575941459347411,50,VNC_WTct_L,
720575941487910608,720575941483845954,40,VNC_WTct_L,
720575941487910608,720575941630940642,77,VNC_WTct_L,
720575941487942608,720575941459347411,29,VNC_WTct_L,
720575941487942608,720575941483845954,53,VNC_WTct_L,
720575941487942608,720575941630940642,51,VNC_WTct_L,
720575941488015312,720575941489673420,26,VNC_WTct_L,
720575941488156361,720575941645041313,18,VNC_WTct_L,
720575941488193481,720575941489673420,12,VNC_HTct_L,
720575941488193481,720575941489673420,10,VNC_WTct_L,
720575941488193481,720575941547394081,17,VNC_IntTct_L,
720575941488278480,720575941483845954,12,VNC_WTct_L,
720575941488419022,720575941655597785,16,VNC_WTct_R,
720575941488475598,720575941565378919,16,VNC_HTct_L,
720575941488531662,720575941549822781,13,VNC_WTct_R,
720575941488531662,720575941655597785,16,VNC_WTct_R,
720575941488675276,720575941459347411,11,VNC_IntTct_L,
720575941488675276,720575941521196211,12,VNC_WTct_L,
720575941488675276,720575941624155644,17,VNC_IntTct_L,
720575941488732876,720575941513173763,16,VNC_WTct_R,
720575941488732876,720575941549822781,14,VNC_IntTct_R,
720575941488732876,720575941549822781,53,VNC_WTct_R,
720575941488732876,720575941580669817,12,VNC_WTct_R,
720575941488732876,720575941655597785,15,VNC_IntTct_R,
720575941488732876,720575941655597785,31,VNC_WTct_R,
720575941488755148,720575941456201887,14,VNC_HTct_L,
720575941488755148,720575941516770670,11,VNC_HTct_R,
720575941488811468,720575941489673420,18,VNC_HTct_L,
720575941488811468,720575941629172716,12,VNC_HTct_R,
720575941489006823,720575941489673420,24,VNC_HTct_L,
720575941489006823,720575941489673420,20,VNC_WTct_L,
720575941489006823,720575941624155644,10,VNC_WTct_L,
720575941489006823,720575941629172716,22,VNC_HTct_R,
720575941489006823,720575941629172716,12,VNC_WTct_R,
720575941489006823,720575941643100754,16,VNC_WTct_R,
720575941489006823,720575941655597785,23,VNC_WTct_R,
720575941489037031,720575941645041313,30,VNC_WTct_L,
720575941489037031,720575941645041313,18,VNC_unassigned_L,
720575941489038311,720575941547394081,19,VNC_WTct_L,
720575941489038311,720575941565105206,13,VNC_WTct_L,
720575941489038311,720575941640465439,13,VNC_WTct_L,
720575941489038311,720575941645403000,14,VNC_WTct_L,
720575941489071335,720575941475745898,12,VNC_LTct_R,
720575941489089255,720575941468897856,13,VNC_IntTct_R,
720575941489089255,720575941468897856,11,VNC_WTct_R,
720575941489089255,720575941542412805,23,VNC_HTct_L,
720575941489089255,720575941542412805,49,VNC_WTct_L,
720575941489089255,720575941542412805,15,VNC_unassigned_L,
720575941489089255,720575941547315060,33,VNC_HTct_L,
720575941489089255,720575941547315060,67,VNC_WTct_L,
720575941489089255,720575941547315060,10,VNC_unassigned_L,
720575941489320757,720575941456201887,15,VNC_HTct_L,
720575941489320757,720575941459347411,14,VNC_HTct_L,
720575941489388236,720575941463144336,15,VNC_WTct_R,
720575941489388236,720575941479034563,11,VNC_WTct_R,
720575941489388236,720575941533190337,19,VNC_WTct_R,
720575941489388236,720575941583644382,22,VNC_WTct_R,
720575941489388236,720575941596050112,18,VNC_WTct_R,
720575941489677001,720575941472734048,41,VNC_WTct_R,
720575941489677001,720575941487139138,31,VNC_WTct_R,
720575941489677001,720575941499558369,22,VNC_WTct_R,
720575941489677001,720575941597489344,28,VNC_WTct_R,
720575941489677001,720575941603635190,64,VNC_WTct_R,
720575941489819081,720575941472734048,77,VNC_WTct_R,
720575941489819081,720575941479034563,10,VNC_WTct_R,
720575941489819081,720575941487139138,63,VNC_WTct_R,
720575941489819081,720575941499558369,61,VNC_WTct_R,
720575941489819081,720575941530190027,30,VNC_WTct_R,
720575941489819081,720575941597489344,58,VNC_WTct_R,
720575941489819081,720575941603635190,94,VNC_WTct_R,
720575941489819081,720575941624985226,32,VNC_WTct_R,
720575941490160590,720575941643100754,11,VNC_HTct_R,
720575941490160590,720575941643100754,11,VNC_WTct_R,
720575941490160590,720575941645041313,30,VNC_HTct_L,
720575941490160590,720575941645041313,15,VNC_HTct_R,
720575941490160590,720575941645041313,11,VNC_WTct_R,
720575941490220750,720575941472734048,11,VNC_WTct_R,
720575941490220750,720575941597489344,16,VNC_WTct_R,
720575941490785712,720575941479034563,10,VNC_WTct_R,
720575941490813872,720575941456201887,11,VNC_WTct_L,
720575941490813872,720575941580669817,13,VNC_HTct_R,
720575941490813872,720575941624155644,12,VNC_WTct_L,
720575941490813872,720575941655597785,14,VNC_IntTct_R,
720575941490813872,720575941655597785,10,VNC_WTct_R,
720575941490833072,720575941458961604,12,VNC_HTct_R,
720575941490856880,720575941624155644,20,VNC_WTct_L,
720575941490856880,720575941630940642,13,VNC_WTct_L,
720575941491136718,720575941489673420,12,VNC_HTct_L,
720575941491175399,720575941516770670,20,VNC_T2_MesoNm_R,
720575941491289033,720575941516770670,18,VNC_IntTct_R,
720575941491289033,720575941549822781,22,VNC_HTct_R,
720575941491289033,720575941549822781,11,VNC_WTct_R,
720575941491338441,720575941603635190,18,VNC_WTct_R,
720575941491651559,720575941474574132,35,VNC_NTct_R,
720575941491903152,720575941534583786,18,VNC_WTct_L,
720575941491903152,720575941645403000,18,VNC_WTct_L,
720575941492284286,720575941468897856,20,VNC_HTct_R,
720575941492284286,720575941468897856,24,VNC_WTct_R,
720575941492284286,720575941475745898,19,VNC_HTct_R,
720575941492284286,720575941475745898,15,VNC_IntTct_R,
720575941492284286,720575941475745898,29,VNC_WTct_R,
720575941492303998,720575941475745898,12,VNC_WTct_R,
720575941492308606,720575941549822781,12,VNC_HTct_R,
720575941492308606,720575941549822781,33,VNC_WTct_R,
720575941492308606,720575941655597785,16,VNC_WTct_R,
720575941492350590,720575941456201887,25,VNC_WTct_L,
720575941492350590,720575941459347411,99,VNC_WTct_L,
720575941492350590,720575941483845954,35,VNC_WTct_L,
720575941492350590,720575941630940642,19,VNC_WTct_L,
720575941492354174,720575941468288375,10,VNC_WTct_R,
720575941492413054,720575941468897856,26,VNC_WTct_R,
720575941492446078,720575941499558369,10,VNC_WTct_R,
720575941492492670,720575941459347411,21,VNC_HTct_L,
720575941492492670,720575941645041313,10,VNC_HTct_L,
720575941493443015,720575941489673420,14,VNC_WTct_L,
720575941493701246,720575941519783640,15,VNC_WTct_L,
720575941493701246,720575941640465439,14,VNC_WTct_L,
720575941493701246,720575941640465439,11,VNC_unassigned_L,
720575941493701246,720575941645403000,20,VNC_WTct_L,
720575941494021760,720575941456201887,12,VNC_WTct_L,
720575941494021760,720575941547315060,10,VNC_IntTct_L,
720575941494021760,720575941547315060,12,VNC_WTct_L,
720575941494021760,720575941547394081,10,VNC_WTct_L,
720575941494052992,720575941459347411,12,VNC_WTct_L,
720575941494052992,720575941468897856,16,VNC_IntTct_R,
720575941494052992,720575941475745898,11,VNC_WTct_R,
720575941494052992,720575941521196211,12,VNC_WTct_L,
720575941494052992,720575941624155644,11,VNC_WTct_L,
720575941494144199,720575941459347411,11,VNC_WTct_L,
720575941494733767,720575941472734048,10,VNC_WTct_R,
720575941494733767,720575941479034563,11,VNC_WTct_R,
720575941494733767,720575941597489344,12,VNC_WTct_R,
720575941494733767,720575941624985226,10,VNC_WTct_R,
720575941494969726,720575941475745898,12,VNC_IntTct_L,
720575941494969726,720575941475745898,10,VNC_IntTct_R,
720575941494969726,720575941475745898,10,VNC_WTct_L,
720575941494969726,720575941475745898,29,VNC_WTct_R,
720575941494969726,720575941547394081,31,VNC_IntTct_L,
720575941494969726,720575941547394081,30,VNC_WTct_L,
720575941495495547,720575941468897856,16,VNC_IntTct_R,
720575941495495547,720575941468897856,13,VNC_WTct_R,
720575941495591291,720575941542412805,19,VNC_HTct_L,
720575941495591291,720575941542412805,22,VNC_IntTct_L,
720575941495591291,720575941542412805,25,VNC_WTct_L,
720575941495591291,720575941547315060,14,VNC_HTct_L,
720575941495591291,720575941547315060,12,VNC_WTct_L,
720575941495592571,720575941513173763,11,VNC_HTct_R,
720575941495592571,720575941580669817,15,VNC_HTct_R,
720575941495662971,720575941549822781,12,VNC_HTct_R,
720575941495662971,720575941549822781,38,VNC_WTct_R,
720575941495662971,720575941580669817,16,VNC_WTct_R,
720575941495662971,720575941655597785,13,VNC_HTct_R,
720575941495662971,720575941655597785,41,VNC_WTct_R,
720575941495663232,720575941468288375,14,VNC_WTct_R,
720575941495663232,720575941655597785,26,VNC_WTct_R,
720575941496047433,720575941629172716,11,VNC_HTct_R,
720575941496047433,720575941629172716,21,VNC_IntTct_R,
720575941496047433,720575941629172716,12,VNC_WTct_R,
720575941496142921,720575941507955269,17,VNC_WTct_L,
720575941496142921,720575941519783640,12,VNC_WTct_L,
720575941496142921,720575941534583786,15,VNC_WTct_L,
720575941496142921,720575941640465439,11,VNC_WTct_L,
720575941496142921,720575941645403000,14,VNC_WTct_L,
720575941496146657,720575941521196211,17,VNC_WTct_L,
720575941496146657,720575941521196211,17,VNC_unassigned_L,
720575941496222945,720575941513173763,27,VNC_HTct_R,
720575941496222945,720575941580669817,38,VNC_HTct_R,
720575941496227041,720575941549822781,24,VNC_WTct_R,
720575941496227041,720575941549822781,11,VNC_unassigned_R,
720575941496227041,720575941655597785,31,VNC_WTct_R,
720575941496284489,720575941458961604,12,VNC_WTct_R,
720575941496284489,720575941643100754,11,VNC_unassigned_R,
720575941496289609,720575941456201887,16,VNC_HTct_L,
720575941496289609,720575941630940642,10,VNC_HTct_L,
720575941496318793,720575941645041313,11,VNC_WTct_L,
720575941496803234,720575941468897856,10,VNC_IntTct_R,
720575941496803234,720575941468897856,11,VNC_WTct_R,
720575941496830370,720575941565378919,58,VNC_HTct_L,
720575941496830370,720575941565378919,15,VNC_WTct_L,
720575941496878498,720575941468288375,16,VNC_WTct_R,
720575941496878498,720575941479658831,23,VNC_IntTct_R,
720575941496878498,720575941513173763,15,VNC_WTct_R,
720575941496878498,720575941516770670,14,VNC_IntTct_R,
720575941496878498,720575941516770670,13,VNC_WTct_R,
720575941496878498,720575941580669817,10,VNC_HTct_R,
720575941496878498,720575941580669817,22,VNC_IntTct_R,
720575941496878498,720575941580669817,14,VNC_WTct_R,
720575941496915618,720575941513173763,33,VNC_HTct_R,
720575941496915618,720575941580669817,20,VNC_HTct_R,
720575941496948297,720575941479034563,10,VNC_WTct_R,
720575941496948297,720575941596050112,22,VNC_WTct_R,
720575941496949410,720575941468288375,42,VNC_WTct_R,
720575941496949410,720575941513173763,13,VNC_WTct_R,
720575941496949410,720575941516770670,50,VNC_WTct_R,
720575941496949410,720575941580669817,16,VNC_WTct_R,
720575941497887817,720575941643100754,17,VNC_WTct_R,
720575941497887817,720575941645041313,13,VNC_WTct_L,
720575941498287522,720575941459347411,13,VNC_WTct_L,
720575941498287522,720575941483845954,37,VNC_WTct_L,
720575941498287522,720575941547394081,29,VNC_WTct_L,
720575941498287522,720575941630940642,11,VNC_WTct_L,
720575941498696354,720575941468897856,47,VNC_IntTct_R,
720575941498696354,720575941468897856,32,VNC_WTct_R,
720575941498696354,720575941474574132,15,VNC_IntTct_R,
720575941498696354,720575941474574132,11,VNC_WTct_R,
720575941498696354,720575941475745898,38,VNC_IntTct_R,
720575941498696354,720575941475745898,21,VNC_WTct_R,
720575941498803874,720575941489673420,15,VNC_IntTct_L,
720575941498803874,720575941489673420,117,VNC_WTct_L,
720575941498803874,720575941565378919,15,VNC_WTct_L,
720575941498935777,720575941580669817,21,VNC_WTct_R,
720575941498935777,720575941732789547,12,VNC_WTct_R,
720575941498948425,720575941566847847,10,VNC_WTct_L,
720575941499420555,720575941489673420,11,VNC_HTct_L,
720575941499420555,720575941489673420,14,VNC_IntTct_L,
720575941499420555,720575941489673420,64,VNC_WTct_L,
720575941499426699,720575941565378919,23,VNC_HTct_L,
720575941499447691,720575941468897856,28,VNC_WTct_R,
720575941499447691,720575941475745898,26,VNC_WTct_R,
720575941499447691,720575941547315060,24,VNC_WTct_L,
720575941499447691,720575941547394081,10,VNC_WTct_L,
720575941499544715,720575941468288375,166,VNC_WTct_R,
720575941499544715,720575941513173763,32,VNC_HTct_R,
720575941499544715,720575941513173763,166,VNC_WTct_R,
720575941499544715,720575941516770670,18,VNC_HTct_R,
720575941499544715,720575941516770670,167,VNC_WTct_R,
720575941499544715,720575941580669817,19,VNC_HTct_R,
720575941499544715,720575941580669817,117,VNC_WTct_R,
720575941499725986,720575941516770670,12,VNC_WTct_R,
720575941500845035,720575941475745898,12,VNC_WTct_R,
720575941500845035,720575941542412805,13,VNC_WTct_L,
720575941500845035,720575941547315060,20,VNC_WTct_L,
720575941500845035,720575941547394081,34,VNC_WTct_L,
720575941500898795,720575941549822781,11,VNC_WTct_R,
720575941500898795,720575941655597785,25,VNC_WTct_R,
720575941500963307,720575941624155644,13,VNC_WTct_L,
720575941500983019,720575941475745898,12,VNC_WTct_L,
720575941500983019,720575941547315060,15,VNC_WTct_L,
720575941500983019,720575941547394081,28,VNC_WTct_L,
720575941501026283,720575941507955269,36,VNC_WTct_L,
720575941501026283,720575941519783640,27,VNC_WTct_L,
720575941501026283,720575941534583786,50,VNC_WTct_L,
720575941501026283,720575941534583786,13,VNC_unassigned_L,
720575941501026283,720575941596050112,14,VNC_WTct_L,
720575941501026283,720575941640465439,22,VNC_WTct_L,
720575941501026283,720575941645403000,27,VNC_WTct_L,
720575941501721138,720575941565378919,51,VNC_HTct_L,
720575941501721138,720575941565378919,20,VNC_WTct_L,
720575941501786930,720575941456201887,26,VNC_HTct_L,
720575941501786930,720575941456201887,10,VNC_WTct_L,
720575941501786930,720575941547315060,23,VNC_HTct_L,
720575941501802434,720575941547394081,16,VNC_IntTct_L,
720575941501837506,720575941533190337,11,VNC_WTct_R,
720575941501837506,720575941583644382,15,VNC_WTct_R,
720575941501837506,720575941596050112,14,VNC_WTct_R,
720575941501842626,720575941519783640,12,VNC_WTct_L,
720575941501842626,720575941534583786,27,VNC_WTct_L,
720575941501842626,720575941640465439,15,VNC_WTct_L,
720575941501842626,720575941645403000,18,VNC_WTct_L,
720575941501848626,720575941547315060,13,VNC_WTct_L,
720575941501848626,720575941547394081,32,VNC_WTct_L,
720575941501884610,720575941549822781,15,VNC_HTct_R,
720575941501884610,720575941549822781,20,VNC_WTct_R,
720575941501884610,720575941655597785,23,VNC_HTct_R,
720575941501903154,720575941468897856,16,VNC_IntTct_R,
720575941501903154,720575941603635190,17,VNC_WTct_R,
720575941503451301,720575941624155644,44,VNC_WTct_L,
720575941503499755,720575941456201887,14,VNC_HTct_L,
720575941503499755,720575941630940642,27,VNC_HTct_L,
720575941503526891,720575941624155644,10,VNC_WTct_L,
720575941503638578,720575941489673420,18,VNC_HTct_L,
720575941503638578,720575941489673420,13,VNC_WTct_L,
720575941503638578,720575941565378919,17,VNC_HTct_L,
720575941503667109,720575941463144336,42,VNC_WTct_R,
720575941503667109,720575941463144336,10,VNC_unassigned_R,
720575941503667109,720575941479034563,33,VNC_WTct_R,
720575941503667109,720575941479034563,10,VNC_unassigned_R,
720575941503667109,720575941533190337,34,VNC_WTct_R,
720575941503667109,720575941533190337,14,VNC_unassigned_R,
720575941503667109,720575941534583786,10,VNC_unassigned_R,
720575941503667109,720575941583644382,24,VNC_WTct_R,
720575941503667109,720575941596050112,44,VNC_WTct_R,
720575941503667109,720575941596050112,15,VNC_unassigned_R,
720575941504039618,720575941456201887,10,VNC_HTct_L,
720575941504039618,720575941456201887,17,VNC_IntTct_L,
720575941504039618,720575941456201887,15,VNC_WTct_L,
720575941504039618,720575941459347411,11,VNC_HTct_L,
720575941504039618,720575941459347411,16,VNC_IntTct_L,
720575941504039618,720575941624155644,13,VNC_HTct_L,
720575941504039618,720575941624155644,16,VNC_IntTct_L,
720575941504039618,720575941624155644,10,VNC_WTct_L,
720575941504134981,720575941456201887,13,VNC_IntTct_L,
720575941504134981,720575941456201887,12,VNC_WTct_L,
720575941504134981,720575941547315060,12,VNC_IntTct_L,
720575941504134981,720575941547315060,13,VNC_WTct_L,
720575941504235031,720575941547315060,12,VNC_IntTct_L,
720575941504235031,720575941547315060,25,VNC_WTct_L,
720575941504365847,720575941475745898,24,VNC_WTct_R,
720575941504381975,720575941596050112,13,VNC_WTct_R,
720575941504424517,720575941463144336,19,VNC_WTct_L,
720575941504424517,720575941479034563,14,VNC_WTct_L,
720575941504424517,720575941507955269,26,VNC_WTct_L,
720575941504424517,720575941507955269,12,VNC_unassigned_L,
720575941504424517,720575941519783640,27,VNC_WTct_L,
720575941504424517,720575941519783640,10,VNC_unassigned_L,
720575941504424517,720575941533190337,18,VNC_WTct_L,
720575941504424517,720575941534583786,46,VNC_WTct_L,
720575941504424517,720575941583644382,10,VNC_WTct_L,
720575941504424517,720575941596050112,11,VNC_WTct_L,
720575941504424517,720575941640465439,31,VNC_WTct_L,
720575941504424517,720575941645403000,34,VNC_WTct_L,
720575941504456386,720575941463144336,13,VNC_WTct_L,
720575941504456386,720575941507955269,29,VNC_WTct_L,
720575941504456386,720575941519783640,20,VNC_WTct_L,
720575941504456386,720575941534583786,29,VNC_WTct_L,
720575941504456386,720575941640465439,27,VNC_WTct_L,
720575941504456386,720575941645403000,37,VNC_WTct_L,
720575941504505157,720575941516770670,12,VNC_WTct_R,
720575941504505157,720575941580669817,31,VNC_WTct_R,
720575941504538162,720575941463144336,14,VNC_WTct_R,
720575941504538162,720575941519783640,12,VNC_WTct_L,
720575941504538162,720575941533190337,13,VNC_WTct_R,
720575941504538162,720575941534583786,14,VNC_WTct_L,
720575941504538162,720575941583644382,14,VNC_WTct_R,
720575941504563781,720575941643100754,21,VNC_HTct_R,
720575941504563781,720575941643100754,13,VNC_WTct_R,
720575941505105212,720575941643100754,11,VNC_WTct_L,
720575941505105212,720575941645041313,13,VNC_WTct_L,
720575941505159484,720575941645041313,13,VNC_WTct_L,
720575941505369509,720575941468897856,18,VNC_WTct_R,
720575941505369509,720575941474574132,12,VNC_WTct_R,
720575941505369509,720575941475745898,25,VNC_WTct_R,
720575941505457954,720575941643100754,18,VNC_HTct_R,
720575941505457954,720575941643100754,44,VNC_WTct_R,
720575941505457954,720575941643100754,15,VNC_unassigned_R,
720575941505478690,720575941456201887,17,VNC_HTct_L,
720575941505478690,720575941547315060,11,VNC_HTct_L,
720575941505478690,720575941547315060,10,VNC_IntTct_L,
720575941505478690,720575941547315060,12,VNC_WTct_L,
720575941505478690,720575941630940642,11,VNC_HTct_L,
720575941505493026,720575941507955269,14,VNC_WTct_L,
720575941505493026,720575941519783640,12,VNC_WTct_L,
720575941505493026,720575941534583786,26,VNC_WTct_L,
720575941505493026,720575941640465439,15,VNC_WTct_L,
720575941505493026,720575941645403000,27,VNC_WTct_L,
720575941505610263,720575941483845954,22,VNC_WTct_L,
720575941505725790,720575941468897856,27,VNC_IntTct_R,
720575941505725790,720575941468897856,11,VNC_LTct_R,
720575941505725790,720575941468897856,25,VNC_WTct_R,
720575941505725790,720575941475745898,31,VNC_IntTct_R,
720575941505725790,720575941475745898,17,VNC_WTct_R,
720575941505725790,720575941542412805,42,VNC_WTct_L,
720575941505725790,720575941547315060,35,VNC_IntTct_L,
720575941505725790,720575941547315060,10,VNC_LTct_L,
720575941505725790,720575941547315060,18,VNC_WTct_L,
720575941505725790,720575941547394081,19,VNC_IntTct_L,
720575941505725790,720575941547394081,16,VNC_WTct_L,
720575941505774209,720575941547394081,11,VNC_WTct_L,
720575941505819009,720575941468897856,16,VNC_HTct_R,
720575941505819009,720575941468897856,18,VNC_WTct_R,
720575941505819009,720575941475745898,29,VNC_WTct_R,
720575941505835137,720575941472734048,45,VNC_WTct_R,
720575941505835137,720575941487139138,41,VNC_WTct_R,
720575941505835137,720575941499558369,44,VNC_WTct_R,
720575941505835137,720575941530190027,41,VNC_WTct_R,
720575941505835137,720575941566847847,11,VNC_WTct_L,
720575941505835137,720575941597489344,72,VNC_WTct_R,
720575941505835137,720575941603635190,72,VNC_WTct_R,
720575941505835137,720575941624985226,45,VNC_WTct_R,
720575941505887361,720575941507955269,21,VNC_WTct_L,
720575941505887361,720575941519783640,10,VNC_WTct_L,
720575941505887361,720575941534583786,42,VNC_WTct_L,
720575941505887361,720575941596050112,17,VNC_WTct_L,
720575941505887361,720575941596050112,11,VNC_WTct_R,
720575941505887361,720575941640465439,21,VNC_WTct_L,
720575941505887361,720575941645403000,17,VNC_WTct_L,
720575941505889409,720575941507955269,26,VNC_WTct_L,
720575941505889409,720575941519783640,16,VNC_WTct_L,
720575941505889409,720575941534583786,39,VNC_WTct_L,
720575941505889409,720575941596050112,13,VNC_WTct_L,
720575941505889409,720575941596050112,12,VNC_WTct_R,
720575941505889409,720575941640465439,14,VNC_WTct_L,
720575941505889409,720575941645403000,19,VNC_WTct_L,
720575941505987713,720575941645041313,11,VNC_WTct_L,
720575941506644540,720575941459347411,12,VNC_WTct_L,
720575941506644540,720575941624155644,12,VNC_WTct_L,
720575941507228545,720575941459347411,72,VNC_WTct_L,
720575941507228545,720575941630940642,11,VNC_WTct_L,
720575941507266594,720575941516770670,22,VNC_WTct_R,
720575941507280965,720575941583644382,10,VNC_WTct_R,
720575941507280965,720575941643100754,27,VNC_WTct_R,
720575941507313954,720575941596050112,13,VNC_WTct_R,
720575941507787024,720575941468897856,20,VNC_IntTct_R,
720575941507787024,720575941474574132,20,VNC_WTct_R,
720575941507787024,720575941542412805,24,VNC_WTct_L,
720575941507787024,720575941547315060,41,VNC_IntTct_L,
720575941507787024,720575941547315060,36,VNC_WTct_L,
720575941507787024,720575941547394081,22,VNC_IntTct_L,
720575941507787024,720575941547394081,28,VNC_WTct_L,
720575941507793680,720575941489673420,10,VNC_LTct_L,
720575941507848208,720575941629172716,12,VNC_IntTct_R,
720575941507848208,720575941629172716,73,VNC_WTct_R,
720575941507943440,720575941475745898,11,VNC_IntTct_R,
720575941508278562,720575941542412805,25,VNC_HTct_L,
720575941508278562,720575941542412805,19,VNC_WTct_L,
720575941508354770,720575941468288375,33,VNC_WTct_R,
720575941508354770,720575941513173763,19,VNC_WTct_R,
720575941508354770,720575941516770670,85,VNC_WTct_R,
720575941508439762,720575941547394081,25,VNC_WTct_L,
720575941508509569,720575941459347411,14,VNC_IntTct_L,
720575941508509569,720575941459347411,13,VNC_WTct_L,
720575941508509569,720575941624155644,15,VNC_WTct_L,
720575941508509569,720575941630940642,13,VNC_HTct_L,
720575941508542674,720575941521196211,12,VNC_HTct_L,
720575941508542674,720575941624155644,14,VNC_IntTct_L,
720575941508542674,720575941624155644,12,VNC_WTct_L,
720575941508926418,720575941547394081,12,VNC_WTct_L,
720575941510611922,720575941459347411,20,VNC_HTct_L,
720575941510611922,720575941483845954,11,VNC_HTct_L,
720575941510611922,720575941630940642,11,VNC_HTct_L,
720575941511201868,720575941643100754,28,VNC_WTct_R,
720575941511275986,720575941456201887,20,VNC_HTct_L,
720575941511275986,720575941456201887,39,VNC_WTct_L,
720575941511275986,720575941459347411,11,VNC_HTct_L,
720575941511275986,720575941459347411,24,VNC_WTct_L,
720575941511275986,720575941468288375,29,VNC_HTct_R,
720575941511275986,720575941468288375,48,VNC_WTct_R,
720575941511275986,720575941475745898,17,VNC_HTct_R,
720575941511275986,720575941483845954,31,VNC_HTct_R,
720575941511275986,720575941513173763,60,VNC_HTct_R,
720575941511275986,720575941513173763,57,VNC_WTct_R,
720575941511275986,720575941516770670,32,VNC_HTct_R,
720575941511275986,720575941516770670,14,VNC_IntTct_R,
720575941511275986,720575941516770670,126,VNC_WTct_R,
720575941511275986,720575941580669817,64,VNC_HTct_R,
720575941511275986,720575941580669817,37,VNC_IntTct_R,
720575941511275986,720575941580669817,145,VNC_WTct_R,
720575941511275986,720575941624155644,18,VNC_WTct_L,
720575941511275986,720575941655597785,20,VNC_HTct_R,
720575941511275986,720575941655597785,19,VNC_IntTct_R,
720575941511275986,720575941655597785,103,VNC_WTct_R,
720575941511388881,720575941516770670,16,VNC_WTct_R,
720575941511393233,720575941459347411,14,VNC_HTct_L,
720575941511393233,720575941459347411,10,VNC_IntTct_L,
720575941511393233,720575941459347411,61,VNC_WTct_L,
720575941511393233,720575941463144336,10,VNC_WTct_L,
720575941511393233,720575941507955269,13,VNC_WTct_L,
720575941511393233,720575941516770670,11,VNC_IntTct_R,
720575941511393233,720575941516770670,36,VNC_WTct_R,
720575941511393233,720575941521196211,17,VNC_WTct_L,
720575941511393233,720575941549822781,17,VNC_IntTct_R,
720575941511393233,720575941549822781,27,VNC_WTct_R,
720575941511393233,720575941583644382,12,VNC_WTct_L,
720575941511393233,720575941624155644,54,VNC_WTct_L,
720575941511393233,720575941630940642,13,VNC_WTct_L,
720575941511393233,720575941643100754,12,VNC_HTct_L,
720575941511393233,720575941643100754,16,VNC_HTct_R,
720575941511393233,720575941643100754,10,VNC_IntTct_R,
720575941511393233,720575941643100754,29,VNC_WTct_L,
720575941511393233,720575941643100754,59,VNC_WTct_R,
720575941511393233,720575941645041313,19,VNC_HTct_L,
720575941511393233,720575941645041313,71,VNC_WTct_L,
720575941511393233,720575941645403000,20,VNC_WTct_L,
720575941511393233,720575941645403000,10,VNC_WTct_R,
720575941511393233,720575941655597785,24,VNC_IntTct_R,
720575941511393233,720575941655597785,63,VNC_WTct_R,
720575941512451907,720575941643100754,27,VNC_WTct_R,
720575941512798796,720575941565378919,41,VNC_HTct_L,
720575941512798796,720575941565378919,11,VNC_WTct_L,
720575941512798796,720575941645041313,10,VNC_HTct_L,
720575941512798796,720575941645041313,14,VNC_WTct_L,
720575941512808780,720575941463144336,17,VNC_WTct_R,
720575941512808780,720575941479034563,11,VNC_WTct_L,
720575941512808780,720575941479034563,26,VNC_WTct_R,
720575941512808780,720575941507955269,20,VNC_WTct_L,
720575941512808780,720575941519783640,13,VNC_WTct_L,
720575941512808780,720575941533190337,15,VNC_WTct_R,
720575941512808780,720575941534583786,30,VNC_WTct_L,
720575941512808780,720575941583644382,17,VNC_WTct_R,
720575941512808780,720575941596050112,17,VNC_WTct_R,
720575941512808780,720575941596050112,12,VNC_unassigned_R,
720575941512808780,720575941640465439,13,VNC_WTct_L,
720575941512808780,720575941645403000,36,VNC_WTct_L,
720575941512896099,720575941463144336,24,VNC_WTct_L,
720575941512896099,720575941463144336,39,VNC_WTct_R,
720575941512896099,720575941472734048,10,VNC_WTct_R,
720575941512896099,720575941479034563,13,VNC_WTct_L,
720575941512896099,720575941479034563,56,VNC_WTct_R,
720575941512896099,720575941507955269,28,VNC_WTct_L,
720575941512896099,720575941507955269,43,VNC_WTct_R,
720575941512896099,720575941519783640,14,VNC_WTct_L,
720575941512896099,720575941519783640,15,VNC_WTct_R,
720575941512896099,720575941533190337,17,VNC_WTct_L,
720575941512896099,720575941533190337,68,VNC_WTct_R,
720575941512896099,720575941534583786,16,VNC_WTct_L,
720575941512896099,720575941534583786,20,VNC_WTct_R,
720575941512896099,720575941583644382,13,VNC_WTct_L,
720575941512896099,720575941583644382,54,VNC_WTct_R,
720575941512896099,720575941596050112,17,VNC_WTct_L,
720575941512896099,720575941596050112,63,VNC_WTct_R,
720575941512896099,720575941603635190,26,VNC_WTct_R,
720575941512896099,720575941640465439,21,VNC_WTct_L,
720575941512896099,720575941640465439,23,VNC_WTct_R,
720575941512896099,720575941645403000,22,VNC_WTct_L,
720575941512896099,720575941645403000,23,VNC_WTct_R,
720575941512899427,720575941463144336,20,VNC_WTct_R,
720575941512899427,720575941479034563,21,VNC_WTct_R,
720575941512899427,720575941533190337,10,VNC_NTct_R,
720575941512899427,720575941533190337,14,VNC_WTct_R,
720575941512987129,720575941468897856,13,VNC_HTct_R,
720575941512987129,720575941468897856,37,VNC_IntTct_R,
720575941512987129,720575941468897856,15,VNC_WTct_R,
720575941512987129,720575941474574132,35,VNC_WTct_R,
720575941512987129,720575941475745898,18,VNC_IntTct_R,
720575941512987129,720575941475745898,11,VNC_WTct_R,
720575941512987129,720575941542412805,10,VNC_WTct_L,
720575941512987129,720575941547315060,40,VNC_IntTct_L,
720575941512987129,720575941547315060,26,VNC_WTct_L,
720575941512987129,720575941547394081,16,VNC_IntTct_L,
720575941512987129,720575941547394081,17,VNC_WTct_L,
720575941513033219,720575941468288375,18,VNC_HTct_R,
720575941513033219,720575941468288375,65,VNC_WTct_R,
720575941513033219,720575941483845954,19,VNC_HTct_R,
720575941513033219,720575941513173763,21,VNC_HTct_R,
720575941513033219,720575941513173763,92,VNC_WTct_R,
720575941513033219,720575941516770670,50,VNC_HTct_R,
720575941513033219,720575941516770670,11,VNC_IntTct_R,
720575941513033219,720575941516770670,101,VNC_WTct_R,
720575941513033219,720575941580669817,13,VNC_WTct_R,
720575941513136593,720575941475745898,12,VNC_WTct_R,
720575941513160697,720575941459347411,11,VNC_WTct_L,
720575941513160697,720575941624155644,13,VNC_WTct_L,
720575941513160697,720575941643100754,14,VNC_WTct_R,
720575941513160697,720575941645041313,10,VNC_WTct_L,
720575941513167609,720575941643100754,35,VNC_WTct_R,
720575941513177337,720575941507955269,19,VNC_WTct_L,
720575941513177337,720575941519783640,22,VNC_WTct_L,
720575941513177337,720575941534583786,14,VNC_WTct_L,
720575941513177337,720575941640465439,10,VNC_WTct_L,
720575941513220601,720575941507955269,10,VNC_WTct_L,
720575941513220601,720575941519783640,15,VNC_WTct_L,
720575941513220601,720575941643100754,10,VNC_HTct_R,
720575941513220601,720575941643100754,14,VNC_WTct_R,
720575941513242202,720575941521196211,12,VNC_HTct_L,
720575941513242202,720575941521196211,10,VNC_WTct_L,
720575941513242202,720575941624155644,15,VNC_HTct_L,
720575941513254905,720575941643100754,33,VNC_HTct_R,
720575941513254905,720575941643100754,12,VNC_WTct_R,
720575941513254915,720575941547394081,13,VNC_WTct_L,
720575941513264377,720575941580669817,13,VNC_HTct_R,
720575941513264377,720575941580669817,12,VNC_IntTct_R,
720575941513264377,720575941580669817,15,VNC_WTct_R,
720575941513677571,720575941655597785,15,VNC_WTct_R,
720575941513791820,720575941468288375,37,VNC_WTct_R,
720575941513791820,720575941516770670,13,VNC_WTct_R,
720575941513791820,720575941655597785,10,VNC_IntTct_R,
720575941513791820,720575941655597785,30,VNC_WTct_R,
720575941514046355,720575941549822781,56,VNC_WTct_R,
720575941514046355,720575941655597785,55,VNC_WTct_R,
720575941514065043,720575941542412805,12,VNC_IntTct_L,
720575941514065043,720575941542412805,30,VNC_WTct_L,
720575941514065043,720575941547315060,13,VNC_IntTct_L,
720575941514065043,720575941547315060,30,VNC_WTct_L,
720575941514097043,720575941521196211,10,VNC_WTct_L,
720575941514097043,720575941521196211,20,VNC_unassigned_L,
720575941514097043,720575941549822781,15,VNC_unassigned_L,
720575941514103107,720575941459347411,22,VNC_WTct_L,
720575941514103107,720575941483845954,30,VNC_WTct_L,
720575941514103107,720575941547394081,35,VNC_WTct_L,
720575941515062851,720575941513173763,10,VNC_HTct_R,
720575941515062851,720575941516770670,13,VNC_HTct_R,
720575941515619939,720575941463144336,28,VNC_WTct_R,
720575941515619939,720575941472734048,11,VNC_WTct_R,
720575941515619939,720575941479034563,25,VNC_WTct_L,
720575941515619939,720575941479034563,17,VNC_WTct_R,
720575941515619939,720575941479034563,15,VNC_unassigned_R,
720575941515619939,720575941507955269,40,VNC_WTct_L,
720575941515619939,720575941507955269,11,VNC_WTct_R,
720575941515619939,720575941519783640,30,VNC_WTct_L,
720575941515619939,720575941533190337,14,VNC_WTct_L,
720575941515619939,720575941533190337,23,VNC_WTct_R,
720575941515619939,720575941533190337,15,VNC_unassigned_R,
720575941515619939,720575941534583786,36,VNC_WTct_L,
720575941515619939,720575941560383347,11,VNC_WTct_L,
720575941515619939,720575941565105206,21,VNC_WTct_L,
720575941515619939,720575941566847847,33,VNC_WTct_L,
720575941515619939,720575941583644382,16,VNC_WTct_R,
720575941515619939,720575941590220684,16,VNC_WTct_L,
720575941515619939,720575941596050112,14,VNC_WTct_R,
720575941515619939,720575941596050112,15,VNC_unassigned_R,
720575941515619939,720575941597489344,10,VNC_WTct_R,
720575941515619939,720575941603635190,11,VNC_WTct_R,
720575941515619939,720575941614289683,10,VNC_WTct_L,
720575941515619939,720575941640465439,27,VNC_WTct_L,
720575941515619939,720575941640465439,12,VNC_WTct_R,
720575941515619939,720575941645403000,48,VNC_WTct_L,
720575941515936249,720575941483845954,10,VNC_WTct_L,
720575941516099500,720575941463144336,42,VNC_WTct_L,
720575941516099500,720575941463144336,22,VNC_WTct_R,
720575941516099500,720575941479034563,26,VNC_WTct_L,
720575941516099500,720575941479034563,23,VNC_WTct_R,
720575941516099500,720575941479034563,14,VNC_unassigned_R,
720575941516099500,720575941507955269,40,VNC_WTct_L,
720575941516099500,720575941507955269,12,VNC_WTct_R,
720575941516099500,720575941519783640,53,VNC_WTct_L,
720575941516099500,720575941533190337,17,VNC_WTct_L,
720575941516099500,720575941533190337,24,VNC_WTct_R,
720575941516099500,720575941534583786,56,VNC_WTct_L,
720575941516099500,720575941560383347,16,VNC_WTct_L,
720575941516099500,720575941565105206,40,VNC_WTct_L,
720575941516099500,720575941566847847,33,VNC_WTct_L,
720575941516099500,720575941583644382,12,VNC_WTct_L,
720575941516099500,720575941583644382,19,VNC_WTct_R,
720575941516099500,720575941596050112,13,VNC_WTct_L,
720575941516099500,720575941596050112,25,VNC_WTct_R,
720575941516099500,720575941596050112,10,VNC_unassigned_R,
720575941516099500,720575941603635190,12,VNC_WTct_R,
720575941516099500,720575941614289683,11,VNC_WTct_L,
720575941516099500,720575941640465439,50,VNC_WTct_L,
720575941516099500,720575941640465439,19,VNC_WTct_R,
720575941516099500,720575941645403000,74,VNC_WTct_L,
720575941516099500,720575941645403000,14,VNC_WTct_R,
720575941516527726,720575941458961604,14,VNC_WTct_R,
720575941516572632,720575941643100754,10,VNC_HTct_R,
720575941516572632,720575941643100754,29,VNC_WTct_R,
720575941516616664,720575941459347411,90,VNC_WTct_L,
720575941516616664,720575941630940642,19,VNC_IntTct_L,
720575941516616664,720575941630940642,12,VNC_T2_MesoNm_L,
720575941516616664,720575941630940642,200,VNC_WTct_L,
720575941516768472,720575941468897856,27,VNC_IntTct_R,
720575941516768472,720575941474574132,10,VNC_WTct_R,
720575941516768472,720575941475745898,13,VNC_IntTct_R,
720575941516777107,720575941624155644,10,VNC_WTct_L,
720575941516784494,720575941468897856,11,VNC_WTct_R,
720575941516784494,720575941474574132,19,VNC_HTct_R,
720575941516784494,720575941474574132,15,VNC_WTct_R,
720575941516784494,720575941475745898,10,VNC_HTct_R,
720575941516842094,720575941629172716,15,VNC_HTct_R,
720575941516842094,720575941629172716,15,VNC_IntTct_R,
720575941516842094,720575941629172716,63,VNC_WTct_R,
720575941516873838,720575941629172716,13,VNC_WTct_R,
720575941516873838,720575941643100754,10,VNC_WTct_R,
720575941516873838,720575941655597785,23,VNC_WTct_R,
720575941517717420,720575941468288375,19,VNC_WTct_R,
720575941517717420,720575941513173763,16,VNC_WTct_R,
720575941517717420,720575941516770670,20,VNC_HTct_R,
720575941517717420,720575941516770670,12,VNC_WTct_R,
720575941517717420,720575941580669817,15,VNC_WTct_R,
720575941517764824,720575941468897856,15,VNC_HTct_R,
720575941517764824,720575941468897856,16,VNC_IntTct_R,
720575941517764824,720575941468897856,23,VNC_WTct_R,
720575941517764824,720575941474574132,15,VNC_HTct_R,
720575941517764824,720575941474574132,23,VNC_WTct_R,
720575941517764824,720575941580669817,10,VNC_HTct_R,
720575941517764824,720575941580669817,10,VNC_IntTct_R,
720575941517764824,720575941580669817,13,VNC_WTct_R,
720575941517770412,720575941463144336,19,VNC_WTct_R,
720575941517770412,720575941507955269,23,VNC_WTct_L,
720575941517770412,720575941507955269,17,VNC_WTct_R,
720575941517770412,720575941519783640,24,VNC_WTct_L,
720575941517770412,720575941519783640,10,VNC_WTct_R,
720575941517770412,720575941533190337,10,VNC_WTct_L,
720575941517770412,720575941533190337,34,VNC_WTct_R,
720575941517770412,720575941534583786,23,VNC_WTct_L,
720575941517770412,720575941534583786,12,VNC_WTct_R,
720575941517770412,720575941583644382,47,VNC_WTct_R,
720575941517770412,720575941596050112,20,VNC_WTct_R,
720575941517770412,720575941640465439,20,VNC_WTct_L,
720575941517770412,720575941640465439,12,VNC_WTct_R,
720575941518406766,720575941489673420,15,VNC_HTct_L,
720575941518406766,720575941489673420,23,VNC_WTct_L,
720575941518406766,720575941624155644,23,VNC_WTct_L,
720575941518406766,720575941629172716,17,VNC_HTct_R,
720575941518406766,720575941629172716,16,VNC_WTct_R,
720575941518406766,720575941643100754,15,VNC_WTct_R,
720575941518410094,720575941456201887,11,VNC_WTct_L,
720575941518410094,720575941459347411,31,VNC_WTct_L,
720575941518410094,720575941483845954,45,VNC_WTct_L,
720575941518410094,720575941624155644,27,VNC_WTct_L,
720575941518410094,720575941630940642,13,VNC_WTct_L,
720575941518419123,720575941655597785,13,VNC_WTct_R,
720575941518434227,720575941463144336,17,VNC_WTct_L,
720575941518434227,720575941463144336,23,VNC_WTct_R,
720575941518434227,720575941463144336,10,VNC_unassigned_L,
720575941518434227,720575941479034563,26,VNC_WTct_L,
720575941518434227,720575941479034563,26,VNC_WTct_R,
720575941518434227,720575941479034563,17,VNC_unassigned_R,
720575941518434227,720575941507955269,59,VNC_WTct_L,
720575941518434227,720575941507955269,20,VNC_WTct_R,
720575941518434227,720575941507955269,10,VNC_unassigned_L,
720575941518434227,720575941507955269,17,VNC_unassigned_R,
720575941518434227,720575941519783640,78,VNC_WTct_L,
720575941518434227,720575941533190337,12,VNC_WTct_L,
720575941518434227,720575941533190337,20,VNC_WTct_R,
720575941518434227,720575941533190337,13,VNC_unassigned_R,
720575941518434227,720575941534583786,72,VNC_WTct_L,
720575941518434227,720575941534583786,10,VNC_WTct_R,
720575941518434227,720575941542328837,15,VNC_WTct_L,
720575941518434227,720575941560383347,21,VNC_WTct_L,
720575941518434227,720575941565105206,27,VNC_WTct_L,
720575941518434227,720575941566847847,37,VNC_WTct_L,
720575941518434227,720575941583644382,20,VNC_WTct_R,
720575941518434227,720575941590220684,12,VNC_WTct_L,
720575941518434227,720575941596050112,15,VNC_WTct_L,
720575941518434227,720575941596050112,17,VNC_WTct_R,
720575941518434227,720575941603635190,12,VNC_WTct_R,
720575941518434227,720575941614289683,13,VNC_WTct_L,
720575941518434227,720575941640465439,74,VNC_WTct_L,
720575941518434227,720575941640465439,19,VNC_WTct_R,
720575941518434227,720575941645403000,91,VNC_WTct_L,
720575941518434227,720575941645403000,22,VNC_WTct_R,
720575941518434227,720575941645403000,15,VNC_unassigned_L,
720575941518434227,720575941645403000,13,VNC_unassigned_R,
720575941518439347,720575941596050112,44,VNC_WTct_R,
720575941518537582,720575941630940642,18,VNC_HTct_L,
720575941518866542,720575941459347411,13,VNC_HTct_L,
720575941518866542,720575941624155644,13,VNC_IntTct_L,
720575941518866542,720575941624155644,10,VNC_WTct_L,
720575941518866542,720575941655597785,23,VNC_IntTct_R,
720575941519213016,720575941463144336,35,VNC_WTct_L,
720575941519213016,720575941463144336,18,VNC_WTct_R,
720575941519213016,720575941479034563,16,VNC_WTct_L,
720575941519213016,720575941479034563,26,VNC_WTct_R,
720575941519213016,720575941507955269,50,VNC_WTct_L,
720575941519213016,720575941507955269,22,VNC_WTct_R,
720575941519213016,720575941519783640,41,VNC_WTct_L,
720575941519213016,720575941519783640,11,VNC_WTct_R,
720575941519213016,720575941533190337,42,VNC_WTct_L,
720575941519213016,720575941533190337,24,VNC_WTct_R,
720575941519213016,720575941534583786,55,VNC_WTct_L,
720575941519213016,720575941534583786,14,VNC_WTct_R,
720575941519213016,720575941565105206,17,VNC_WTct_L,
720575941519213016,720575941583644382,31,VNC_WTct_L,
720575941519213016,720575941583644382,18,VNC_WTct_R,
720575941519213016,720575941596050112,20,VNC_WTct_L,
720575941519213016,720575941596050112,21,VNC_WTct_R,
720575941519213016,720575941640465439,32,VNC_WTct_L,
720575941519213016,720575941640465439,17,VNC_WTct_R,
720575941519213016,720575941645403000,45,VNC_WTct_L,
720575941519213016,720575941645403000,16,VNC_WTct_R,
720575941519273944,720575941468897856,10,VNC_HTct_R,
720575941519273944,720575941468897856,12,VNC_WTct_R,
720575941519273944,720575941475745898,12,VNC_HTct_R,
720575941519273944,720575941475745898,39,VNC_WTct_R,
720575941519973303,720575941549822781,10,VNC_unassigned_L,
720575941520064435,720575941643100754,35,VNC_HTct_R,
720575941520064435,720575941643100754,15,VNC_WTct_R,
720575941520255223,720575941475745898,10,VNC_HTct_R,
720575941520255223,720575941475745898,39,VNC_WTct_R,
720575941520284919,720575941513173763,15,VNC_WTct_R,
720575941520331511,720575941468897856,22,VNC_WTct_R,
720575941520331511,720575941474574132,16,VNC_IntTct_R,
720575941520331511,720575941474574132,52,VNC_WTct_R,
720575941520333047,720575941468897856,12,VNC_HTct_R,
720575941520333047,720575941468897856,11,VNC_IntTct_R,
720575941520333047,720575941468897856,12,VNC_WTct_R,
720575941520333047,720575941474574132,21,VNC_HTct_R,
720575941520333047,720575941474574132,20,VNC_IntTct_R,
720575941520333047,720575941474574132,19,VNC_WTct_R,
720575941521031927,720575941474574132,23,VNC_unassigned_R,
720575941521069751,720575941456201887,11,VNC_HTct_L,
720575941521069751,720575941456201887,32,VNC_IntTct_L,
720575941521069751,720575941459347411,11,VNC_HTct_L,
720575941521069751,720575941459347411,11,VNC_IntTct_L,
720575941521069751,720575941459347411,45,VNC_WTct_L,
720575941521069751,720575941479658831,14,VNC_IntTct_L,
720575941521069751,720575941645041313,14,VNC_WTct_L,
720575941521069751,720575941732789547,14,VNC_IntTct_L,
720575941521101495,720575941489673420,10,VNC_IntTct_L,
720575941521101495,720575941489673420,118,VNC_WTct_L,
720575941521101495,720575941645041313,14,VNC_WTct_L,
720575941521485643,720575941534583786,20,VNC_WTct_L,
720575941521485643,720575941640465439,22,VNC_WTct_L,
720575941521485643,720575941645041313,10,VNC_WTct_L,
720575941521485643,720575941645403000,12,VNC_WTct_L,
720575941521503819,720575941629172716,10,VNC_WTct_R,
720575941521508939,720575941643100754,44,VNC_HTct_R,
720575941521508939,720575941643100754,16,VNC_WTct_R,
720575941521986227,720575941468288375,25,VNC_WTct_R,
720575941521986227,720575941475745898,11,VNC_IntTct_L,
720575941521986227,720575941475745898,13,VNC_IntTct_R,
720575941521986227,720575941475745898,14,VNC_LTct_R,
720575941521986227,720575941483845954,15,VNC_WTct_R,
720575941521986227,720575941483845954,13,VNC_unassigned_R,
720575941521986227,720575941547394081,43,VNC_IntTct_L,
720575941521986227,720575941547394081,14,VNC_LTct_L,
720575941522089463,720575941468897856,52,VNC_IntTct_R,
720575941522089463,720575941468897856,13,VNC_LTct_R,
720575941522089463,720575941475745898,34,VNC_IntTct_R,
720575941522089463,720575941542412805,15,VNC_WTct_L,
720575941522089463,720575941547315060,37,VNC_IntTct_L,
720575941522089463,720575941547315060,11,VNC_LTct_L,
720575941522089463,720575941547315060,12,VNC_WTct_L,
720575941522089463,720575941547394081,20,VNC_IntTct_L,
720575941522089463,720575941547394081,12,VNC_WTct_L,
720575941522790475,720575941507955269,17,VNC_WTct_L,
720575941522790475,720575941519783640,15,VNC_WTct_L,
720575941522790475,720575941534583786,17,VNC_WTct_L,
720575941522790475,720575941645403000,15,VNC_WTct_L,
720575941523052279,720575941542412805,12,VNC_HTct_L,
720575941523052279,720575941542412805,29,VNC_WTct_L,
720575941523074379,720575941474574132,10,VNC_unassigned_R,
720575941523100491,720575941468897856,33,VNC_IntTct_R,
720575941523100491,720575941468897856,11,VNC_WTct_R,
720575941523100491,720575941474574132,15,VNC_WTct_R,
720575941523100491,720575941475745898,25,VNC_IntTct_R,
720575941523100491,720575941475745898,14,VNC_WTct_R,
720575941523100491,720575941547315060,35,VNC_IntTct_L,
720575941523100491,720575941547315060,13,VNC_WTct_L,
720575941523100491,720575941547394081,16,VNC_IntTct_L,
720575941523112439,720575941513173763,27,VNC_HTct_R,
720575941523112439,720575941513173763,11,VNC_NTct_R,
720575941523112439,720575941516770670,14,VNC_HTct_R,
720575941523112439,720575941580669817,29,VNC_HTct_R,
720575941523112439,720575941580669817,17,VNC_WTct_R,
720575941523692290,720575941542412805,13,VNC_IntTct_L,
720575941523692290,720575941542412805,36,VNC_WTct_L,
720575941523692290,720575941547315060,17,VNC_WTct_L,
720575941523983618,720575941624155644,14,VNC_WTct_L,
720575941523994114,720575941655597785,17,VNC_WTct_R,
720575941524019970,720575941459347411,11,VNC_HTct_L,
720575941524021860,720575941479034563,11,VNC_WTct_L,
720575941524021860,720575941565105206,11,VNC_WTct_L,
720575941524021860,720575941645041313,12,VNC_WTct_L,
720575941524113764,720575941547394081,11,VNC_IntTct_L,
720575941524113764,720575941547394081,14,VNC_WTct_L,
720575941524114276,720575941459347411,18,VNC_HTct_L,
720575941524114276,720575941459347411,43,VNC_WTct_L,
720575941524114276,720575941513173763,14,VNC_WTct_R,
720575941524114276,720575941516770670,11,VNC_HTct_R,
720575941524114276,720575941516770670,53,VNC_WTct_R,
720575941524114276,720575941519783640,12,VNC_WTct_R,
720575941524114276,720575941521196211,21,VNC_WTct_L,
720575941524114276,720575941533190337,11,VNC_WTct_R,
720575941524114276,720575941549822781,19,VNC_IntTct_R,
720575941524114276,720575941549822781,40,VNC_WTct_R,
720575941524114276,720575941580669817,12,VNC_WTct_R,
720575941524114276,720575941583644382,20,VNC_WTct_R,
720575941524114276,720575941624155644,11,VNC_IntTct_L,
720575941524114276,720575941624155644,39,VNC_WTct_L,
720575941524114276,720575941630940642,11,VNC_WTct_L,
720575941524114276,720575941640465439,10,VNC_WTct_L,
720575941524114276,720575941640465439,12,VNC_WTct_R,
720575941524114276,720575941643100754,14,VNC_HTct_L,
720575941524114276,720575941643100754,41,VNC_HTct_R,
720575941524114276,720575941643100754,12,VNC_IntTct_R,
720575941524114276,720575941643100754,26,VNC_WTct_L,
720575941524114276,720575941643100754,83,VNC_WTct_R,
720575941524114276,720575941645041313,24,VNC_HTct_L,
720575941524114276,720575941645041313,16,VNC_HTct_R,
720575941524114276,720575941645041313,31,VNC_WTct_L,
720575941524114276,720575941645041313,34,VNC_WTct_R,
720575941524114276,720575941645403000,10,VNC_WTct_R,
720575941524114276,720575941655597785,17,VNC_IntTct_R,
720575941524114276,720575941655597785,58,VNC_WTct_R,
720575941524185419,720575941643100754,49,VNC_WTct_R,
720575941524185419,720575941643100754,12,VNC_unassigned_R,
720575941524187492,720575941655597785,25,VNC_WTct_R,
720575941524196683,720575941534583786,19,VNC_WTct_R,
720575941524196683,720575941596050112,42,VNC_WTct_R,
720575941524264985,720575941468897856,12,VNC_HTct_R,
720575941524264985,720575941468897856,11,VNC_WTct_R,
720575941524264985,720575941475745898,17,VNC_HTct_R,
720575941524264985,720575941475745898,11,VNC_IntTct_R,
720575941524264985,720575941475745898,11,VNC_WTct_R,
720575941524264985,720575941547315060,13,VNC_IntTct_L,
720575941524264985,720575941547394081,21,VNC_IntTct_L,
720575941524294169,720575941516770670,12,VNC_IntTct_R,
720575941524294169,720575941516770670,11,VNC_WTct_R,
720575941524294169,720575941580669817,14,VNC_HTct_R,
720575941524294169,720575941580669817,13,VNC_IntTct_R,
720575941524294169,720575941655597785,18,VNC_IntTct_R,
720575941524369945,720575941516770670,14,VNC_IntTct_R,
720575941524369945,720575941580669817,19,VNC_IntTct_R,
720575941524369945,720575941655597785,25,VNC_IntTct_R,
720575941524748621,720575941519783640,12,VNC_WTct_L,
720575941525142182,720575941463144336,26,VNC_WTct_R,
720575941525142182,720575941479034563,21,VNC_WTct_R,
720575941525142182,720575941533190337,13,VNC_WTct_R,
720575941525142182,720575941583644382,12,VNC_WTct_R,
720575941525142182,720575941596050112,37,VNC_WTct_R,
720575941525142182,720575941643100754,18,VNC_WTct_R,
720575941525182630,720575941513173763,43,VNC_WTct_R,
720575941525224614,720575941463144336,11,VNC_WTct_L,
720575941525224614,720575941479034563,13,VNC_WTct_L,
720575941525224614,720575941507955269,11,VNC_WTct_L,
720575941525224614,720575941519783640,19,VNC_WTct_L,
720575941525224614,720575941533190337,15,VNC_WTct_L,
720575941525224614,720575941534583786,36,VNC_WTct_L,
720575941525224614,720575941640465439,15,VNC_WTct_L,
720575941525224614,720575941645403000,22,VNC_WTct_L,
720575941525445145,720575941547315060,21,VNC_WTct_L,
720575941525445145,720575941547394081,16,VNC_WTct_L,
720575941525725954,720575941630940642,27,VNC_NTct_L,
720575941525725954,720575941630940642,13,VNC_WTct_L,
720575941525755394,720575941456201887,13,VNC_HTct_L,
720575941525782349,720575941468897856,13,VNC_WTct_R,
720575941525782349,720575941475745898,27,VNC_WTct_R,
720575941526355844,720575941468897856,10,VNC_HTct_R,
720575941526355844,720575941468897856,12,VNC_IntTct_R,
720575941526355844,720575941468897856,24,VNC_WTct_R,
720575941526355844,720575941475745898,12,VNC_WTct_R,
720575941526355844,720575941580669817,13,VNC_HTct_R,
720575941526497156,720575941542412805,11,VNC_HTct_L,
720575941526668109,720575941534583786,11,VNC_WTct_L,
720575941526690841,720575941463144336,15,VNC_WTct_R,
720575941526690841,720575941472734048,12,VNC_WTct_R,
720575941526690841,720575941479034563,12,VNC_WTct_R,
720575941526690841,720575941533190337,13,VNC_WTct_R,
720575941526690841,720575941583644382,17,VNC_WTct_R,
720575941526690841,720575941596050112,25,VNC_WTct_R,
720575941526690841,720575941597489344,14,VNC_WTct_R,
720575941526701412,720575941630940642,12,VNC_HTct_L,
720575941526701412,720575941645041313,11,VNC_HTct_L,
720575941526701412,720575941732789547,14,VNC_HTct_L,
720575941526718564,720575941456201887,29,VNC_HTct_L,
720575941526718564,720575941456201887,17,VNC_IntTct_L,
720575941526718564,720575941456201887,35,VNC_WTct_L,
720575941526718564,720575941580669817,58,VNC_HTct_R,
720575941526718564,720575941580669817,65,VNC_WTct_R,
720575941526718564,720575941580669817,11,VNC_unassigned_R,
720575941526764388,720575941645041313,11,VNC_HTct_L,
720575941526847910,720575941580669817,10,VNC_HTct_R,
720575941526847910,720575941580669817,12,VNC_WTct_R,
720575941526856614,720575941474574132,11,VNC_WTct_R,
720575941526856614,720575941475745898,23,VNC_WTct_R,
720575941526856614,720575941547394081,32,VNC_WTct_L,
720575941527099981,720575941643100754,18,VNC_HTct_L,
720575941527099981,720575941643100754,45,VNC_HTct_R,
720575941527099981,720575941643100754,11,VNC_WTct_L,
720575941527099981,720575941643100754,202,VNC_WTct_R,
720575941527099981,720575941645041313,10,VNC_HTct_L,
720575941527099981,720575941645041313,19,VNC_HTct_R,
720575941527099981,720575941645041313,14,VNC_WTct_R,
720575941527126712,720575941463144336,10,VNC_WTct_R,
720575941527126712,720575941489673420,15,VNC_HTct_L,
720575941527126712,720575941533190337,12,VNC_WTct_R,
720575941527126712,720575941534583786,17,VNC_WTct_L,
720575941527126712,720575941534583786,21,VNC_WTct_R,
720575941527126712,720575941596050112,18,VNC_WTct_R,
720575941527220920,720575941624155644,17,VNC_WTct_L,
720575941527833016,720575941463144336,36,VNC_WTct_R,
720575941527833016,720575941479034563,41,VNC_WTct_R,
720575941527833016,720575941507955269,12,VNC_WTct_L,
720575941527833016,720575941507955269,12,VNC_WTct_R,
720575941527833016,720575941519783640,11,VNC_WTct_L,
720575941527833016,720575941533190337,32,VNC_WTct_R,
720575941527833016,720575941534583786,18,VNC_WTct_L,
720575941527833016,720575941583644382,44,VNC_WTct_R,
720575941527833016,720575941596050112,45,VNC_WTct_R,
720575941527833016,720575941603635190,11,VNC_WTct_R,
720575941527833016,720575941640465439,17,VNC_WTct_R,
720575941527833016,720575941645403000,17,VNC_WTct_R,
720575941527843768,720575941456201887,16,VNC_HTct_L,
720575941527843768,720575941456201887,17,VNC_IntTct_L,
720575941527843768,720575941456201887,26,VNC_WTct_L,
720575941527843768,720575941630940642,10,VNC_WTct_L,
720575941528086660,720575941459347411,11,VNC_HTct_L,
720575941528086660,720575941459347411,19,VNC_WTct_L,
720575941528712376,720575941521196211,12,VNC_unassigned_L,
720575941528729784,720575941489673420,18,VNC_IntTct_L,
720575941528729784,720575941507955269,21,VNC_WTct_L,
720575941528729784,720575941519783640,32,VNC_WTct_L,
720575941528729784,720575941534583786,48,VNC_WTct_L,
720575941528729784,720575941640465439,34,VNC_WTct_L,
720575941528729784,720575941645403000,25,VNC_WTct_L,
720575941528944568,720575941458961604,154,VNC_HTct_R,
720575941528944568,720575941458961604,53,VNC_WTct_R,
720575941528944568,720575941458961604,11,VNC_unassigned_R,
720575941528944568,720575941565378919,23,VNC_HTct_L,
720575941528944568,720575941565378919,41,VNC_HTct_R,
720575941529077176,720575941474574132,33,VNC_WTct_R,
720575941529212619,720575941456201887,17,VNC_IntTct_L,
720575941529212619,720575941456201887,23,VNC_WTct_L,
720575941529212619,720575941630940642,12,VNC_WTct_L,
720575941529746405,720575941513173763,17,VNC_HTct_R,
720575941529746405,720575941580669817,10,VNC_HTct_R,
720575941529753476,720575941643100754,16,VNC_WTct_L,
720575941529799608,720575941542412805,11,VNC_NTct_L,
720575941530192843,720575941468288375,16,VNC_HTct_R,
720575941530192843,720575941468288375,31,VNC_WTct_R,
720575941530192843,720575941479658831,15,VNC_WTct_R,
720575941530192843,720575941483845954,12,VNC_HTct_R,
720575941530192843,720575941483845954,21,VNC_WTct_R,
720575941530192843,720575941513173763,14,VNC_HTct_R,
720575941530192843,720575941513173763,27,VNC_WTct_R,
720575941530192843,720575941516770670,28,VNC_HTct_R,
720575941530192843,720575941516770670,21,VNC_WTct_R,
720575941530192843,720575941580669817,13,VNC_HTct_R,
720575941530192843,720575941580669817,15,VNC_WTct_R,
720575941530265035,720575941643100754,22,VNC_WTct_R,
720575941530751363,720575941643100754,11,VNC_HTct_R,
720575941530751363,720575941643100754,56,VNC_WTct_R,
720575941530751363,720575941643100754,17,VNC_unassigned_R,
720575941530787203,720575941643100754,11,VNC_HTct_R,
720575941530787203,720575941643100754,30,VNC_WTct_R,
720575941530787203,720575941643100754,10,VNC_unassigned_R,
720575941530837891,720575941547394081,12,VNC_IntTct_L,
720575941530839427,720575941630940642,41,VNC_WTct_L,
720575941530853507,720575941456201887,11,VNC_IntTct_L,
720575941530853507,720575941456201887,10,VNC_WTct_L,
720575941530853507,720575941459347411,10,VNC_HTct_L,
720575941530853507,720575941459347411,12,VNC_WTct_L,
720575941530853507,720575941521196211,15,VNC_WTct_L,
720575941530853507,720575941624155644,26,VNC_WTct_L,
720575941530861699,720575941463144336,35,VNC_WTct_R,
720575941530861699,720575941479034563,25,VNC_WTct_R,
720575941530861699,720575941507955269,13,VNC_WTct_R,
720575941530861699,720575941533190337,38,VNC_WTct_R,
720575941530861699,720575941583644382,32,VNC_WTct_R,
720575941530861699,720575941596050112,28,VNC_WTct_R,
720575941531197387,720575941547315060,16,VNC_WTct_L,
720575941531288523,720575941645041313,14,VNC_WTct_L,
720575941531319427,720575941499558369,10,VNC_WTct_R,
720575941531319427,720575941597489344,11,VNC_WTct_R,
720575941531319427,720575941603635190,10,VNC_WTct_R,
720575941531464677,720575941468288375,24,VNC_WTct_R,
720575941532246762,720575941468897856,18,VNC_IntTct_R,
720575941532246762,720575941474574132,22,VNC_IntTct_R,
720575941532246762,720575941474574132,11,VNC_WTct_R,
720575941532246762,720575941479658831,10,VNC_IntTct_R,
720575941532334424,720575941624155644,14,VNC_WTct_L,
720575941532349362,720575941468897856,11,VNC_HTct_R,
720575941532349362,720575941468897856,16,VNC_IntTct_R,
720575941532349362,720575941468897856,10,VNC_WTct_R,
720575941532349362,720575941580669817,12,VNC_HTct_R,
720575941532349362,720575941580669817,14,VNC_IntTct_R,
720575941532349362,720575941580669817,11,VNC_WTct_R,
720575941532377834,720575941624155644,12,VNC_WTct_L,
720575941532384387,720575941645041313,26,VNC_WTct_L,
720575941532385624,720575941549822781,27,VNC_HTct_R,
720575941532385624,720575941549822781,14,VNC_WTct_R,
720575941532385624,720575941655597785,11,VNC_WTct_R,
720575941532423000,720575941468897856,11,VNC_HTct_R,
720575941532423000,720575941475745898,12,VNC_IntTct_R,
720575941532423000,720575941475745898,11,VNC_WTct_R,
720575941532432618,720575941643100754,38,VNC_WTct_R,
720575941532432618,720575941645041313,30,VNC_WTct_L,
720575941532432618,720575941645041313,11,VNC_WTct_R,
720575941532432618,720575941645041313,17,VNC_unassigned_L,
720575941532476248,720575941459347411,84,VNC_WTct_L,
720575941532476248,720575941483845954,37,VNC_WTct_L,
720575941532476248,720575941630940642,69,VNC_WTct_L,
720575941532476248,720575941732789547,22,VNC_WTct_L,
720575941532507480,720575941507955269,25,VNC_WTct_L,
720575941532507480,720575941519783640,30,VNC_WTct_L,
720575941532507480,720575941534583786,61,VNC_WTct_L,
720575941532507480,720575941640465439,24,VNC_WTct_L,
720575941532507480,720575941645403000,10,VNC_WTct_L,
720575941532526168,720575941655597785,20,VNC_WTct_R,
720575941533073674,720575941474574132,13,VNC_WTct_R,
720575941533073674,720575941475745898,10,VNC_WTct_R,
720575941533191105,720575941596050112,10,VNC_WTct_R,
720575941533191105,720575941603635190,11,VNC_WTct_R,
720575941533221825,720575941468288375,10,VNC_HTct_R,
720575941533221825,720575941513173763,27,VNC_HTct_R,
720575941533221825,720575941516770670,17,VNC_HTct_R,
720575941533221825,720575941580669817,32,VNC_HTct_R,
720575941533221825,720575941580669817,20,VNC_WTct_R,
720575941533234954,720575941463144336,13,VNC_WTct_R,
720575941533234954,720575941479034563,17,VNC_WTct_R,
720575941533234954,720575941507955269,15,VNC_WTct_L,
720575941533234954,720575941507955269,10,VNC_WTct_R,
720575941533234954,720575941519783640,11,VNC_WTct_L,
720575941533234954,720575941533190337,15,VNC_WTct_R,
720575941533234954,720575941534583786,21,VNC_WTct_L,
720575941533234954,720575941583644382,17,VNC_WTct_R,
720575941533234954,720575941596050112,23,VNC_WTct_R,
720575941533234954,720575941640465439,13,VNC_WTct_L,
720575941533258689,720575941507955269,16,VNC_NTct_L,
720575941533258689,720575941624155644,10,VNC_WTct_L,
720575941533258689,720575941640465439,18,VNC_WTct_L,
720575941533258689,720575941645403000,13,VNC_WTct_L,
720575941533531402,720575941624155644,34,VNC_WTct_L,
720575941533738986,720575941468288375,46,VNC_WTct_R,
720575941533738986,720575941513173763,29,VNC_HTct_R,
720575941533738986,720575941513173763,90,VNC_WTct_R,
720575941533738986,720575941580669817,12,VNC_WTct_R,
720575941533761050,720575941549822781,18,VNC_HTct_R,
720575941533761050,720575941549822781,17,VNC_WTct_R,
720575941533761050,720575941655597785,10,VNC_HTct_R,
720575941533761050,720575941655597785,18,VNC_WTct_R,
720575941533768474,720575941549822781,24,VNC_WTct_R,
720575941533768474,720575941655597785,17,VNC_WTct_R,
720575941533780762,720575941468897856,19,VNC_WTct_R,
720575941533780762,720575941475745898,27,VNC_WTct_R,
720575941533786906,720575941463144336,13,VNC_WTct_R,
720575941533786906,720575941479034563,28,VNC_WTct_R,
720575941533786906,720575941533190337,14,VNC_WTct_R,
720575941533786906,720575941583644382,18,VNC_WTct_R,
720575941533786906,720575941603635190,10,VNC_WTct_R,
720575941533798938,720575941463144336,11,VNC_WTct_R,
720575941533798938,720575941479034563,10,VNC_WTct_R,
720575941533798938,720575941533190337,11,VNC_WTct_R,
720575941533798938,720575941583644382,15,VNC_WTct_R,
720575941533798938,720575941596050112,22,VNC_WTct_R,
720575941533798938,720575941596050112,11,VNC_unassigned_R,
720575941533802266,720575941521196211,11,VNC_WTct_L,
720575941533802266,720575941624155644,15,VNC_WTct_L,
720575941533819162,720575941516770670,11,VNC_IntTct_R,
720575941533819162,720575941516770670,21,VNC_WTct_R,
720575941533819162,720575941549822781,11,VNC_HTct_R,
720575941533819162,720575941549822781,27,VNC_WTct_R,
720575941533819162,720575941655597785,10,VNC_HTct_R,
720575941533819162,720575941655597785,28,VNC_IntTct_R,
720575941533819162,720575941655597785,56,VNC_WTct_R,
720575941533831194,720575941521196211,17,VNC_WTct_L,
720575941533831194,720575941624155644,39,VNC_WTct_L,
720575941533864458,720575941516770670,26,VNC_HTct_R,
720575941533864458,720575941516770670,10,VNC_WTct_R,
720575941533864458,720575941580669817,17,VNC_HTct_R,
720575941533864458,720575941580669817,11,VNC_WTct_R,
720575941533866506,720575941513173763,18,VNC_HTct_R,
720575941533866506,720575941513173763,15,VNC_WTct_R,
720575941533866506,720575941516770670,10,VNC_WTct_R,
720575941533866506,720575941643100754,12,VNC_HTct_R,
720575941533866506,720575941643100754,16,VNC_WTct_R,
720575941534104298,720575941474574132,10,VNC_IntTct_R,
720575941534709482,720575941565378919,23,VNC_HTct_L,
720575941534709482,720575941565378919,11,VNC_WTct_L,
720575941534709482,720575941645041313,13,VNC_HTct_L,
720575941534709482,720575941645041313,12,VNC_WTct_L,
720575941534726376,720575941580669817,24,VNC_HTct_R,
720575941534726376,720575941580669817,15,VNC_IntTct_R,
720575941534726376,720575941580669817,29,VNC_WTct_R,
720575941534822632,720575941521196211,25,VNC_WTct_L,
720575941534822632,720575941521196211,15,VNC_unassigned_L,
720575941534822632,720575941624155644,24,VNC_WTct_L,
720575941534822632,720575941630940642,17,VNC_WTct_L,
720575941534843073,720575941468897856,11,VNC_IntTct_R,
720575941534843073,720575941468897856,18,VNC_WTct_R,
720575941534843073,720575941475745898,25,VNC_WTct_R,
720575941534854337,720575941629172716,25,VNC_IntTct_R,
720575941534854337,720575941629172716,33,VNC_WTct_R,
720575941534912088,720575941655597785,22,VNC_WTct_R,
720575941535001010,720575941547315060,11,VNC_HTct_L,
720575941535001010,720575941547315060,16,VNC_IntTct_L,
720575941535047690,720575941489673420,19,VNC_HTct_L,
720575941535047690,720575941629172716,13,VNC_HTct_R,
720575941535047690,720575941629172716,25,VNC_WTct_R,
720575941535136739,720575941468288375,10,VNC_WTct_R,
720575941535137763,720575941630940642,10,VNC_HTct_L,
720575941535181283,720575941513173763,10,VNC_HTct_R,
720575941535181283,720575941643100754,13,VNC_HTct_R,
720575941535331338,720575941516770670,21,VNC_HTct_R,
720575941535331338,720575941516770670,20,VNC_WTct_R,
720575941535331338,720575941580669817,51,VNC_HTct_R,
720575941535331338,720575941580669817,36,VNC_WTct_R,
720575941535331338,720575941655597785,15,VNC_HTct_R,
720575941535331338,720575941655597785,18,VNC_WTct_R,
720575941535419418,720575941463144336,21,VNC_WTct_R,
720575941535419418,720575941479034563,22,VNC_WTct_R,
720575941535419418,720575941583644382,16,VNC_WTct_R,
720575941535419418,720575941596050112,42,VNC_WTct_R,
720575941535419418,720575941643100754,17,VNC_WTct_R,
720575941535749859,720575941655597785,27,VNC_WTct_R,
720575941535907521,720575941507955269,15,VNC_WTct_L,
720575941535907521,720575941519783640,26,VNC_WTct_L,
720575941535907521,720575941534583786,14,VNC_WTct_L,
720575941535907521,720575941640465439,13,VNC_WTct_L,
720575941535943178,720575941456201887,30,VNC_HTct_L,
720575941535943178,720575941456201887,19,VNC_WTct_L,
720575941535943178,720575941459347411,13,VNC_HTct_L,
720575941535943178,720575941459347411,25,VNC_WTct_L,
720575941535943178,720575941513173763,13,VNC_WTct_R,
720575941535943178,720575941516770670,53,VNC_WTct_R,
720575941535943178,720575941580669817,27,VNC_HTct_R,
720575941535943178,720575941580669817,43,VNC_WTct_R,
720575941535943178,720575941655597785,18,VNC_WTct_R,
720575941535952577,720575941475745898,10,VNC_HTct_R,
720575941535952577,720575941475745898,13,VNC_WTct_R,
720575941535952577,720575941547394081,18,VNC_WTct_L,
720575941536294293,720575941468897856,18,VNC_IntTct_R,
720575941536294293,720575941468897856,22,VNC_WTct_R,
720575941536294293,720575941474574132,29,VNC_IntTct_R,
720575941536294293,720575941474574132,30,VNC_WTct_R,
720575941536368370,720575941468288375,23,VNC_HTct_R,
720575941536368370,720575941483845954,24,VNC_HTct_R,
720575941536368370,720575941516770670,18,VNC_HTct_R,
720575941536368370,720575941580669817,12,VNC_WTct_R,
720575941536371442,720575941565378919,52,VNC_HTct_L,
720575941536648168,720575941475745898,11,VNC_IntTct_R,
720575941536648168,720575941549822781,28,VNC_HTct_R,
720575941536648168,720575941549822781,12,VNC_IntTct_R,
720575941536648168,720575941549822781,26,VNC_WTct_R,
720575941536648168,720575941655597785,12,VNC_HTct_R,
720575941536648168,720575941655597785,21,VNC_WTct_R,
720575941536708323,720575941475745898,10,VNC_WTct_R,
720575941536708323,720575941645403000,12,VNC_WTct_L,
720575941536906389,720575941645041313,44,VNC_WTct_L,
720575941536906389,720575941645041313,10,VNC_unassigned_L,
720575941537501160,720575941489673420,15,VNC_WTct_L,
720575941537501160,720575941629172716,12,VNC_HTct_R,
720575941537584882,720575941459347411,44,VNC_WTct_L,
720575941537584882,720575941624155644,18,VNC_WTct_L,
720575941537594573,720575941463144336,38,VNC_WTct_R,
720575941537594573,720575941479034563,37,VNC_WTct_R,
720575941537594573,720575941479034563,13,VNC_unassigned_R,
720575941537594573,720575941507955269,23,VNC_WTct_R,
720575941537594573,720575941519783640,11,VNC_WTct_R,
720575941537594573,720575941519783640,11,VNC_unassigned_L,
720575941537594573,720575941533190337,39,VNC_WTct_R,
720575941537594573,720575941533190337,12,VNC_unassigned_R,
720575941537594573,720575941534583786,21,VNC_WTct_R,
720575941537594573,720575941534583786,11,VNC_unassigned_L,
720575941537594573,720575941534583786,14,VNC_unassigned_R,
720575941537594573,720575941583644382,57,VNC_WTct_R,
720575941537594573,720575941583644382,14,VNC_unassigned_R,
720575941537594573,720575941596050112,66,VNC_WTct_R,
720575941537594573,720575941596050112,23,VNC_unassigned_R,
720575941537594573,720575941645403000,12,VNC_WTct_R,
720575941537600973,720575941456201887,26,VNC_HTct_L,
720575941537600973,720575941547315060,15,VNC_HTct_L,
720575941537687757,720575941519783640,14,VNC_WTct_L,
720575941537687757,720575941534583786,31,VNC_WTct_L,
720575941537687757,720575941534583786,13,VNC_unassigned_L,
720575941537687757,720575941640465439,28,VNC_WTct_L,
720575941537687757,720575941640465439,11,VNC_unassigned_L,
720575941537687757,720575941645403000,41,VNC_WTct_L,
720575941537687757,720575941645403000,14,VNC_unassigned_L,
720575941537719165,720575941463144336,33,VNC_WTct_R,
720575941537719165,720575941479034563,17,VNC_WTct_R,
720575941537719165,720575941519783640,10,VNC_WTct_R,
720575941537719165,720575941533190337,20,VNC_WTct_R,
720575941537719165,720575941583644382,13,VNC_WTct_R,
720575941537719165,720575941596050112,29,VNC_WTct_R,
720575941537719165,720575941603635190,12,VNC_WTct_R,
720575941537796989,720575941468897856,23,VNC_WTct_R,
720575941537796989,720575941474574132,28,VNC_WTct_R,
720575941537796989,720575941542412805,15,VNC_HTct_L,
720575941537796989,720575941542412805,113,VNC_WTct_L,
720575941537796989,720575941542412805,29,VNC_unassigned_L,
720575941537796989,720575941547315060,14,VNC_HTct_L,
720575941537796989,720575941547315060,75,VNC_WTct_L,
720575941537796989,720575941547315060,28,VNC_unassigned_L,
720575941537925106,720575941549822781,20,VNC_WTct_R,
720575941537925106,720575941655597785,13,VNC_WTct_R,
720575941537933042,720575941655597785,16,VNC_WTct_R,
720575941539037170,720575941643100754,24,VNC_WTct_R,
720575941539054541,720575941472734048,13,VNC_WTct_R,
720575941539054541,720575941597489344,11,VNC_WTct_R,
720575941539218301,720575941479034563,14,VNC_WTct_R,
720575941539218301,720575941533190337,13,VNC_WTct_R,
720575941539218301,720575941583644382,10,VNC_unassigned_R,
720575941539218301,720575941597489344,12,VNC_WTct_R,
720575941539218301,720575941603635190,20,VNC_WTct_R,
720575941539355517,720575941475745898,16,VNC_IntTct_R,
720575941539355517,720575941475745898,11,VNC_WTct_R,
720575941539355517,720575941547394081,17,VNC_WTct_L,
720575941539741788,720575941549822781,43,VNC_WTct_R,
720575941539741788,720575941549822781,10,VNC_unassigned_R,
720575941539741788,720575941655597785,65,VNC_WTct_R,
720575941539929117,720575941655597785,14,VNC_WTct_R,
720575941540246909,720575941624155644,29,VNC_WTct_L,
720575941540255357,720575941655597785,17,VNC_WTct_R,
720575941540690717,720575941516770670,12,VNC_WTct_R,
720575941540690717,720575941580669817,23,VNC_HTct_R,
720575941540690717,720575941580669817,30,VNC_WTct_R,
720575941540727581,720575941629172716,16,VNC_IntTct_R,
720575941540727581,720575941629172716,18,VNC_WTct_R,
720575941540870685,720575941489673420,21,VNC_WTct_L,
720575941542265093,720575941459347411,11,VNC_HTct_L,
720575941542265093,720575941459347411,17,VNC_WTct_L,
720575941542265093,720575941630940642,13,VNC_HTct_L,
720575941542282245,720575941643100754,13,VNC_WTct_R,
720575941542282245,720575941645041313,22,VNC_WTct_L,
720575941542282245,720575941645041313,10,VNC_WTct_R,
720575941542286085,720575941643100754,17,VNC_WTct_R,
720575941542432092,720575941489673420,29,VNC_WTct_L,
720575941542432092,720575941643100754,20,VNC_HTct_L,
720575941542432092,720575941643100754,19,VNC_WTct_L,
720575941542432092,720575941645041313,20,VNC_HTct_L,
720575941542432092,720575941645041313,10,VNC_IntTct_L,
720575941542432092,720575941645041313,29,VNC_WTct_L,
720575941542469212,720575941459347411,10,VNC_HTct_L,
720575941542469212,720575941516770670,15,VNC_WTct_R,
720575941542469212,720575941643100754,15,VNC_WTct_L,
720575941542469212,720575941645041313,14,VNC_HTct_L,
720575941542469212,720575941645041313,38,VNC_WTct_L,
720575941542469212,720575941645041313,17,VNC_unassigned_L,
720575941543315205,720575941468288375,37,VNC_WTct_R,
720575941543315205,720575941475745898,31,VNC_WTct_R,
720575941543315205,720575941516770670,13,VNC_WTct_R,
720575941543397737,720575941479034563,12,VNC_WTct_L,
720575941543397737,720575941507955269,42,VNC_WTct_L,
720575941543397737,720575941519783640,37,VNC_WTct_L,
720575941543397737,720575941534583786,76,VNC_WTct_L,
720575941543397737,720575941534583786,13,VNC_unassigned_L,
720575941543397737,720575941565105206,11,VNC_WTct_L,
720575941543397737,720575941640465439,49,VNC_WTct_L,
720575941543397737,720575941645403000,49,VNC_WTct_L,
720575941543397737,720575941645403000,14,VNC_unassigned_L,
720575941543613033,720575941456201887,12,VNC_WTct_L,
720575941543613033,720575941580669817,15,VNC_WTct_R,
720575941543613033,720575941624155644,11,VNC_WTct_L,
720575941543613033,720575941655597785,12,VNC_WTct_R,
720575941543647420,720575941468288375,66,VNC_WTct_R,
720575941543647420,720575941513173763,29,VNC_WTct_R,
720575941543647420,720575941516770670,63,VNC_WTct_R,
720575941543647420,720575941580669817,10,VNC_WTct_R,
720575941543647420,720575941655597785,25,VNC_WTct_R,
720575941543648005,720575941475745898,21,VNC_WTct_R,
720575941543893353,720575941645041313,11,VNC_HTct_L,
720575941543893353,720575941645041313,25,VNC_WTct_L,
720575941544606388,720575941643100754,31,VNC_WTct_R,
720575941544636596,720575941483845954,18,VNC_WTct_L,
720575941544636596,720575941630940642,19,VNC_WTct_L,
720575941544688308,720575941513173763,20,VNC_HTct_R,
720575941544695732,720575941475745898,11,VNC_IntTct_R,
720575941544695732,720575941547394081,10,VNC_IntTct_L,
720575941544695732,720575941547394081,12,VNC_WTct_L,
720575941544696756,720575941643100754,12,VNC_HTct_L,
720575941544696756,720575941643100754,10,VNC_WTct_L,
720575941544696756,720575941645041313,12,VNC_HTct_L,
720575941545281928,720575941655597785,12,VNC_WTct_R,
720575941545286792,720575941475745898,14,VNC_WTct_R,
720575941545286792,720575941643100754,22,VNC_WTct_R,
720575941545372296,720575941624155644,11,VNC_HTct_L,
720575941545400508,720575941549822781,15,VNC_HTct_R,
720575941545400508,720575941655597785,10,VNC_HTct_R,
720575941545408904,720575941513173763,10,VNC_WTct_R,
720575941545440392,720575941580669817,13,VNC_HTct_R,
720575941545440392,720575941580669817,15,VNC_WTct_R,
720575941545471593,720575941542412805,13,VNC_WTct_L,
720575941546065032,720575941516770670,17,VNC_IntTct_R,
720575941546065032,720575941655597785,16,VNC_IntTct_R,
720575941546220980,720575941655597785,10,VNC_WTct_R,
720575941546335676,720575941468288375,10,VNC_HTct_R,
720575941546335676,720575941468288375,76,VNC_WTct_R,
720575941546335676,720575941483845954,10,VNC_HTct_R,
720575941546335676,720575941513173763,19,VNC_HTct_R,
720575941546335676,720575941513173763,64,VNC_WTct_R,
720575941546335676,720575941516770670,15,VNC_HTct_R,
720575941546335676,720575941516770670,68,VNC_WTct_R,
720575941546335676,720575941580669817,11,VNC_WTct_R,
720575941546436713,720575941463144336,10,VNC_WTct_R,
720575941546436713,720575941596050112,11,VNC_WTct_R,
720575941546491681,720575941456201887,11,VNC_HTct_L,
720575941546491681,720575941542412805,25,VNC_HTct_L,
720575941546491681,720575941542412805,13,VNC_IntTct_L,
720575941546491681,720575941542412805,24,VNC_WTct_L,
720575941546491681,720575941547315060,10,VNC_HTct_L,
720575941546491681,720575941547315060,13,VNC_IntTct_L,
720575941546491681,720575941547315060,23,VNC_WTct_L,
720575941546687009,720575941507955269,16,VNC_WTct_L,
720575941546687009,720575941519783640,10,VNC_WTct_L,
720575941546687009,720575941534583786,15,VNC_WTct_L,
720575941546687009,720575941640465439,10,VNC_WTct_L,
720575941546687009,720575941645403000,12,VNC_WTct_L,
720575941546689825,720575941645041313,17,VNC_WTct_L,
720575941546727713,720575941549822781,24,VNC_HTct_R,
720575941546727713,720575941549822781,30,VNC_IntTct_R,
720575941546727713,720575941549822781,54,VNC_WTct_R,
720575941546727713,720575941655597785,17,VNC_HTct_R,
720575941546727713,720575941655597785,18,VNC_IntTct_R,
720575941546727713,720575941655597785,76,VNC_WTct_R,
720575941546773640,720575941474574132,13,VNC_NTct_R,
720575941547177076,720575941456201887,32,VNC_WTct_L,
720575941547177076,720575941459347411,11,VNC_HTct_L,
720575941547177076,720575941459347411,31,VNC_WTct_L,
720575941547177076,720575941475745898,14,VNC_WTct_R,
720575941547177076,720575941521196211,23,VNC_WTct_L,
720575941547177076,720575941624155644,57,VNC_WTct_L,
720575941547177076,720575941630940642,10,VNC_WTct_L,
720575941547177076,720575941655597785,10,VNC_HTct_R,
720575941547177076,720575941655597785,30,VNC_WTct_R,
720575941547178164,720575941566847847,10,VNC_WTct_L,
720575941547226248,720575941468897856,10,VNC_IntTct_R,
720575941547226248,720575941468897856,11,VNC_WTct_R,
720575941547226248,720575941474574132,10,VNC_IntTct_R,
720575941547226248,720575941474574132,30,VNC_WTct_R,
720575941547336253,720575941459347411,12,VNC_WTct_L,
720575941547341684,720575941643100754,33,VNC_WTct_R,
720575941547341684,720575941643100754,14,VNC_unassigned_R,
720575941547341684,720575941645041313,15,VNC_WTct_L,
720575941547347316,720575941468288375,10,VNC_WTct_R,
720575941547390269,720575941468288375,42,VNC_WTct_R,
720575941547390269,720575941475745898,16,VNC_WTct_R,
720575941549283839,720575941516770670,24,VNC_IntTct_R,
720575941549283839,720575941549822781,20,VNC_IntTct_R,
720575941549283839,720575941549822781,17,VNC_WTct_R,
720575941549283839,720575941580669817,12,VNC_IntTct_R,
720575941549283839,720575941655597785,31,VNC_IntTct_R,
720575941549290495,720575941547315060,11,VNC_HTct_L,
720575941549290495,720575941547315060,10,VNC_WTct_L,
720575941549297919,720575941629172716,11,VNC_WTct_R,
720575941549380351,720575941547394081,11,VNC_WTct_L,
720575941549386239,720575941456201887,12,VNC_HTct_L,
720575941549386239,720575941521196211,17,VNC_WTct_L,
720575941549386239,720575941624155644,11,VNC_HTct_L,
720575941549386239,720575941624155644,12,VNC_WTct_L,
720575941549394687,720575941565378919,12,VNC_HTct_L,
720575941549394687,720575941645041313,17,VNC_HTct_L,
720575941549394687,720575941645041313,14,VNC_WTct_L,
720575941549399039,720575941468288375,14,VNC_WTct_R,
720575941549399039,720575941516770670,30,VNC_WTct_R,
720575941549403903,720575941630940642,11,VNC_HTct_L,
720575941549403903,720575941630940642,14,VNC_NTct_L,
720575941549478945,720575941489673420,10,VNC_WTct_L,
720575941549478945,720575941624155644,27,VNC_WTct_L,
720575941549478945,720575941629172716,13,VNC_WTct_R,
720575941549481761,720575941459347411,24,VNC_WTct_L,
720575941549481761,720575941483845954,17,VNC_WTct_L,
720575941549701182,720575941513173763,18,VNC_HTct_R,
720575941549701182,720575941516770670,19,VNC_HTct_R,
720575941549701182,720575941580669817,36,VNC_HTct_R,
720575941549701182,720575941580669817,13,VNC_WTct_R,
720575941550878087,720575941458961604,55,VNC_HTct_R,
720575941550878087,720575941458961604,11,VNC_WTct_R,
720575941550948231,720575941456201887,29,VNC_IntTct_L,
720575941550948231,720575941456201887,50,VNC_WTct_L,
720575941550948231,720575941459347411,11,VNC_IntTct_L,
720575941550948231,720575941459347411,25,VNC_WTct_L,
720575941550948231,720575941483845954,18,VNC_WTct_L,
720575941550948231,720575941624155644,17,VNC_IntTct_L,
720575941550948231,720575941624155644,24,VNC_WTct_L,
720575941550948231,720575941630940642,13,VNC_WTct_L,
720575941550971783,720575941456201887,14,VNC_IntTct_L,
720575941550971783,720575941459347411,17,VNC_WTct_L,
720575941550971783,720575941483845954,16,VNC_WTct_L,
720575941550971783,720575941630940642,13,VNC_WTct_L,
720575941550971783,720575941732789547,44,VNC_IntTct_L,
720575941550971783,720575941732789547,18,VNC_WTct_L,
720575941551313435,720575941475745898,10,VNC_WTct_R,
720575941551357723,720575941560383347,10,VNC_WTct_L,
720575941551357723,720575941565105206,10,VNC_WTct_L,
720575941551384091,720575941643100754,10,VNC_WTct_R,
720575941551384091,720575941645041313,26,VNC_WTct_L,
720575941551389979,720575941463144336,20,VNC_WTct_R,
720575941551389979,720575941468288375,13,VNC_WTct_R,
720575941551389979,720575941479034563,17,VNC_WTct_R,
720575941551389979,720575941507955269,19,VNC_WTct_L,
720575941551389979,720575941513173763,11,VNC_WTct_R,
720575941551389979,720575941519783640,24,VNC_WTct_L,
720575941551389979,720575941533190337,19,VNC_WTct_R,
720575941551389979,720575941534583786,31,VNC_WTct_L,
720575941551389979,720575941583644382,19,VNC_WTct_R,
720575941551389979,720575941596050112,28,VNC_WTct_R,
720575941551389979,720575941640465439,30,VNC_WTct_L,
720575941551389979,720575941645403000,28,VNC_WTct_L,
720575941551443610,720575941516770670,15,VNC_HTct_R,
720575941551443610,720575941547394081,24,VNC_WTct_L,
720575941551443610,720575941549822781,28,VNC_WTct_R,
720575941551443610,720575941580669817,10,VNC_WTct_R,
720575941551443610,720575941624155644,16,VNC_WTct_L,
720575941551443610,720575941655597785,10,VNC_IntTct_R,
720575941551443610,720575941655597785,34,VNC_WTct_R,
720575941551502490,720575941468897856,11,VNC_IntTct_R,
720575941551502490,720575941468897856,15,VNC_WTct_R,
720575941551502490,720575941474574132,17,VNC_WTct_R,
720575941551579034,720575941655597785,15,VNC_WTct_R,
720575941551588506,720575941475745898,11,VNC_HTct_R,
720575941551588506,720575941475745898,31,VNC_WTct_R,
720575941551589274,720575941516770670,63,VNC_WTct_R,
720575941551589274,720575941655597785,24,VNC_WTct_R,
720575941551598746,720575941507955269,40,VNC_WTct_L,
720575941551598746,720575941519783640,24,VNC_WTct_L,
720575941551598746,720575941534583786,55,VNC_WTct_L,
720575941551598746,720575941640465439,27,VNC_WTct_L,
720575941551598746,720575941645403000,44,VNC_WTct_L,
720575941551622023,720575941655597785,27,VNC_WTct_R,
720575941551632794,720575941463144336,46,VNC_WTct_R,
720575941551632794,720575941463144336,10,VNC_unassigned_R,
720575941551632794,720575941479034563,35,VNC_WTct_R,
720575941551632794,720575941479034563,18,VNC_unassigned_R,
720575941551632794,720575941533190337,29,VNC_WTct_R,
720575941551632794,720575941533190337,15,VNC_unassigned_R,
720575941551632794,720575941583644382,16,VNC_WTct_R,
720575941551632794,720575941583644382,13,VNC_unassigned_R,
720575941551632794,720575941596050112,68,VNC_WTct_R,
720575941551632794,720575941596050112,23,VNC_unassigned_R,
720575941551926527,720575941629172716,11,VNC_HTct_R,
720575941551926527,720575941629172716,53,VNC_WTct_R,
720575941551937598,720575941463144336,16,VNC_WTct_R,
720575941551937598,720575941479034563,28,VNC_WTct_R,
720575941551937598,720575941479034563,13,VNC_unassigned_R,
720575941551937598,720575941533190337,30,VNC_WTct_R,
720575941551937598,720575941583644382,11,VNC_WTct_R,
720575941551937598,720575941583644382,11,VNC_unassigned_R,
720575941551937598,720575941596050112,28,VNC_WTct_R,
720575941551937598,720575941645403000,10,VNC_unassigned_R,
720575941551960319,720575941468288375,14,VNC_T2_MesoNm_R,
720575941551996159,720575941645041313,12,VNC_WTct_L,
720575941552299521,720575941565378919,12,VNC_HTct_L,
720575941552329729,720575941475745898,11,VNC_WTct_R,
720575941552351745,720575941459347411,10,VNC_WTct_L,
720575941552351745,720575941483845954,12,VNC_WTct_L,
720575941552351745,720575941630940642,21,VNC_WTct_L,
720575941552472065,720575941549822781,10,VNC_HTct_R,
720575941552472065,720575941549822781,19,VNC_WTct_R,
720575941552622398,720575941483845954,14,VNC_HTct_L,
720575941552622398,720575941483845954,16,VNC_HTct_R,
720575941552643390,720575941458961604,12,VNC_HTct_R,
720575941552643390,720575941458961604,29,VNC_WTct_R,
720575941552643390,720575941474574132,15,VNC_WTct_R,
720575941552643390,720575941565378919,27,VNC_HTct_L,
720575941552793939,720575941507955269,20,VNC_WTct_L,
720575941552793939,720575941519783640,35,VNC_WTct_L,
720575941552793939,720575941534583786,43,VNC_WTct_L,
720575941552793939,720575941640465439,10,VNC_WTct_L,
720575941552793939,720575941645403000,10,VNC_WTct_L,
720575941553313434,720575941549822781,19,VNC_WTct_R,
720575941553313434,720575941655597785,17,VNC_WTct_R,
720575941553338778,720575941542412805,20,VNC_HTct_L,
720575941553338778,720575941542412805,66,VNC_WTct_L,
720575941553338778,720575941547315060,25,VNC_HTct_L,
720575941553338778,720575941547315060,38,VNC_IntTct_L,
720575941553338778,720575941547315060,40,VNC_WTct_L,
720575941553338778,720575941547394081,14,VNC_IntTct_L,
720575941553338778,720575941547394081,32,VNC_WTct_L,
720575941553418724,720575941519783640,16,VNC_WTct_L,
720575941553418724,720575941534583786,35,VNC_WTct_L,
720575941553418724,720575941640465439,25,VNC_WTct_L,
720575941553418724,720575941645403000,29,VNC_WTct_L,
720575941553425235,720575941459347411,19,VNC_IntTct_L,
720575941553425235,720575941459347411,18,VNC_WTct_L,
720575941553425235,720575941468897856,21,VNC_IntTct_R,
720575941553425235,720575941474574132,10,VNC_WTct_R,
720575941553425235,720575941475745898,12,VNC_IntTct_R,
720575941553430355,720575941643100754,12,VNC_HTct_L,
720575941553430355,720575941645041313,14,VNC_HTct_L,
720575941553430355,720575941645041313,11,VNC_WTct_L,
720575941553479140,720575941643100754,42,VNC_HTct_R,
720575941553479140,720575941643100754,20,VNC_WTct_R,
720575941553479140,720575941645041313,10,VNC_HTct_R,
720575941553506020,720575941549822781,18,VNC_HTct_R,
720575941553506020,720575941549822781,25,VNC_WTct_R,
720575941553506020,720575941655597785,17,VNC_HTct_R,
720575941553506020,720575941655597785,19,VNC_WTct_R,
720575941554049307,720575941463144336,18,VNC_WTct_L,
720575941554049307,720575941463144336,67,VNC_WTct_R,
720575941554049307,720575941472734048,26,VNC_WTct_R,
720575941554049307,720575941479034563,16,VNC_WTct_L,
720575941554049307,720575941479034563,79,VNC_WTct_R,
720575941554049307,720575941479034563,11,VNC_unassigned_L,
720575941554049307,720575941487139138,19,VNC_WTct_R,
720575941554049307,720575941499558369,17,VNC_WTct_R,
720575941554049307,720575941507955269,18,VNC_WTct_L,
720575941554049307,720575941507955269,17,VNC_WTct_R,
720575941554049307,720575941507955269,10,VNC_unassigned_L,
720575941554049307,720575941519783640,27,VNC_WTct_L,
720575941554049307,720575941519783640,13,VNC_WTct_R,
720575941554049307,720575941519783640,12,VNC_unassigned_L,
720575941554049307,720575941530190027,12,VNC_WTct_R,
720575941554049307,720575941533190337,20,VNC_WTct_L,
720575941554049307,720575941533190337,96,VNC_WTct_R,
720575941554049307,720575941533190337,12,VNC_unassigned_L,
720575941554049307,720575941533190337,12,VNC_unassigned_R,
720575941554049307,720575941534583786,24,VNC_WTct_L,
720575941554049307,720575941565105206,11,VNC_WTct_L,
720575941554049307,720575941583644382,18,VNC_WTct_L,
720575941554049307,720575941583644382,54,VNC_WTct_R,
720575941554049307,720575941583644382,10,VNC_unassigned_R,
720575941554049307,720575941596050112,71,VNC_WTct_R,
720575941554049307,720575941597489344,27,VNC_WTct_R,
720575941554049307,720575941603635190,34,VNC_WTct_R,
720575941554049307,720575941640465439,19,VNC_WTct_L,
720575941554049307,720575941640465439,15,VNC_WTct_R,
720575941554049307,720575941640465439,11,VNC_unassigned_R,
720575941554049307,720575941645403000,39,VNC_WTct_L,
720575941554049307,720575941645403000,25,VNC_WTct_R,
720575941554049307,720575941645403000,10,VNC_unassigned_R,
720575941554264577,720575941474574132,17,VNC_HTct_R,
720575941554264577,720575941474574132,16,VNC_WTct_R,
720575941554439251,720575941458961604,14,VNC_HTct_R,
720575941554482259,720575941468288375,48,VNC_WTct_R,
720575941554482259,720575941475745898,14,VNC_WTct_R,
720575941554482259,720575941516770670,15,VNC_WTct_R,
720575941554554266,720575941463144336,10,VNC_WTct_R,
720575941554554266,720575941533190337,35,VNC_WTct_R,
720575941554554266,720575941583644382,32,VNC_WTct_R,
720575941554554266,720575941596050112,19,VNC_WTct_R,
720575941554784676,720575941629172716,16,VNC_IntTct_R,
720575941554784676,720575941629172716,60,VNC_WTct_R,
720575941555186074,720575941542412805,12,VNC_NTct_L,
720575941555222273,720575941456201887,13,VNC_HTct_L,
720575941555504723,720575941458961604,29,VNC_WTct_R,
720575941555504723,720575941629172716,28,VNC_IntTct_R,
720575941555504723,720575941629172716,127,VNC_WTct_R,
720575941555505188,720575941475745898,18,VNC_WTct_R,
720575941555505188,720575941542412805,14,VNC_WTct_L,
720575941555505188,720575941547394081,11,VNC_WTct_L,
720575941555575332,720575941459347411,18,VNC_WTct_L,
720575941555575332,720575941483845954,29,VNC_WTct_L,
720575941555575332,720575941630940642,21,VNC_WTct_L,
720575941555938899,720575941479034563,23,VNC_WTct_R,
720575941556222628,720575941456201887,13,VNC_WTct_L,
720575941556222628,720575941459347411,14,VNC_HTct_L,
720575941556222628,720575941459347411,95,VNC_WTct_L,
720575941556222628,720575941483845954,46,VNC_WTct_L,
720575941556222628,720575941630940642,39,VNC_WTct_L,
720575941556251556,720575941516770670,16,VNC_WTct_R,
720575941556251556,720575941643100754,38,VNC_WTct_R,
720575941556251556,720575941643100754,13,VNC_unassigned_R,
720575941557294095,720575941549822781,29,VNC_HTct_R,
720575941557294095,720575941549822781,20,VNC_WTct_R,
720575941557294095,720575941655597785,11,VNC_WTct_R,
720575941557362852,720575941489673420,15,VNC_WTct_L,
720575941557434862,720575941516770670,12,VNC_T2_MesoNm_R,
720575941557507443,720575941565378919,22,VNC_WTct_L,
720575941557556974,720575941549822781,10,VNC_unassigned_R,
720575941557576563,720575941513173763,38,VNC_WTct_R,
720575941557612915,720575941521196211,10,VNC_WTct_L,
720575941557612915,720575941624155644,10,VNC_WTct_L,
720575941557624947,720575941542412805,11,VNC_HTct_L,
720575941557624947,720575941547315060,20,VNC_HTct_L,
720575941557878287,720575941549822781,10,VNC_IntTct_R,
720575941557882895,720575941489673420,10,VNC_IntTct_R,
720575941557882895,720575941629172716,13,VNC_HTct_R,
720575941557882895,720575941629172716,12,VNC_IntTct_R,
720575941557882895,720575941629172716,35,VNC_WTct_R,
720575941557884687,720575941516770670,10,VNC_WTct_R,
720575941557884687,720575941643100754,11,VNC_HTct_R,
720575941557884687,720575941645041313,13,VNC_HTct_R,
720575941558635053,720575941489673420,10,VNC_IntTct_L,
720575941558635053,720575941489673420,19,VNC_WTct_L,
720575941558646061,720575941475745898,14,VNC_WTct_R,
720575941558646061,720575941542412805,11,VNC_WTct_L,
720575941558646061,720575941547394081,18,VNC_WTct_L,
720575941558661165,720575941468897856,17,VNC_HTct_R,
720575941558661165,720575941468897856,15,VNC_IntTct_R,
720575941558661165,720575941513173763,11,VNC_HTct_R,
720575941558661165,720575941580669817,14,VNC_HTct_R,
720575941559096302,720575941643100754,19,VNC_WTct_R,
720575941559096302,720575941645041313,12,VNC_WTct_L,
720575941559261555,720575941458961604,14,VNC_WTct_R,
720575941559274867,720575941458961604,23,VNC_WTct_R,
720575941559309171,720575941456201887,13,VNC_WTct_L,
720575941559309171,720575941630940642,14,VNC_WTct_L,
720575941559310125,720575941456201887,10,VNC_WTct_L,
720575941559310125,720575941459347411,37,VNC_WTct_L,
720575941559310125,720575941483845954,21,VNC_WTct_L,
720575941559310125,720575941630940642,19,VNC_WTct_L,
720575941559321971,720575941475745898,12,VNC_IntTct_R,
720575941559321971,720575941547315060,16,VNC_HTct_L,
720575941559321971,720575941547394081,14,VNC_HTct_L,
720575941559331443,720575941468897856,19,VNC_WTct_R,
720575941559370285,720575941542412805,10,VNC_WTct_L,
720575941559947279,720575941459347411,20,VNC_WTct_L,
720575941559947279,720575941516770670,10,VNC_WTct_R,
720575941560090862,720575941463144336,12,VNC_WTct_R,
720575941560090862,720575941479034563,11,VNC_WTct_R,
720575941560090862,720575941533190337,13,VNC_WTct_R,
720575941560090862,720575941534583786,24,VNC_WTct_R,
720575941560090862,720575941596050112,31,VNC_WTct_R,
720575941560427379,720575941463144336,16,VNC_WTct_R,
720575941560427379,720575941479034563,14,VNC_WTct_R,
720575941560427379,720575941533190337,15,VNC_WTct_R,
720575941560427379,720575941596050112,14,VNC_WTct_R,
720575941560427379,720575941643100754,22,VNC_HTct_R,
720575941560427379,720575941643100754,109,VNC_WTct_R,
720575941560427379,720575941643100754,24,VNC_unassigned_R,
720575941560632744,720575941456201887,33,VNC_HTct_L,
720575941560632744,720575941456201887,10,VNC_IntTct_L,
720575941560632744,720575941456201887,10,VNC_WTct_L,
720575941560632744,720575941459347411,10,VNC_HTct_L,
720575941560632744,720575941459347411,12,VNC_WTct_L,
720575941561308818,720575941463144336,25,VNC_WTct_L,
720575941561308818,720575941463144336,15,VNC_WTct_R,
720575941561308818,720575941479034563,12,VNC_WTct_L,
720575941561308818,720575941479034563,26,VNC_WTct_R,
720575941561308818,720575941507955269,51,VNC_WTct_L,
720575941561308818,720575941519783640,56,VNC_WTct_L,
720575941561308818,720575941533190337,13,VNC_WTct_L,
720575941561308818,720575941533190337,13,VNC_WTct_R,
720575941561308818,720575941534583786,55,VNC_WTct_L,
720575941561308818,720575941565105206,19,VNC_WTct_L,
720575941561308818,720575941566847847,16,VNC_WTct_L,
720575941561308818,720575941583644382,13,VNC_WTct_R,
720575941561308818,720575941596050112,25,VNC_WTct_R,
720575941561308818,720575941640465439,60,VNC_WTct_L,
720575941561308818,720575941645403000,52,VNC_WTct_L,
720575941561320493,720575941565378919,10,VNC_HTct_L,
720575941561320493,720575941643100754,26,VNC_HTct_L,
720575941561320493,720575941645041313,25,VNC_HTct_L,
720575941561870592,720575941565378919,14,VNC_WTct_L,
720575941562021376,720575941475745898,16,VNC_IntTct_R,
720575941562021376,720575941475745898,35,VNC_WTct_R,
720575941562021376,720575941547394081,31,VNC_WTct_L,
720575941562043392,720575941489673420,12,VNC_HTct_L,
720575941562043392,720575941489673420,15,VNC_IntTct_L,
720575941562043392,720575941489673420,36,VNC_WTct_L,
720575941562051752,720575941629172716,13,VNC_WTct_R,
720575941562055080,720575941643100754,14,VNC_WTct_R,
720575941562066856,720575941547315060,10,VNC_WTct_L,
720575941562066856,720575941547394081,10,VNC_HTct_L,
720575941562066856,720575941547394081,57,VNC_WTct_L,
720575941562066856,720575941565105206,17,VNC_WTct_L,
720575941562134829,720575941519783640,32,VNC_WTct_L,
720575941562134829,720575941534583786,21,VNC_WTct_L,
720575941562134829,720575941565105206,13,VNC_WTct_L,
720575941562134829,720575941566847847,14,VNC_WTct_L,
720575941562134829,720575941640465439,15,VNC_WTct_L,
720575941562134829,720575941645403000,10,VNC_WTct_L,
720575941562134829,720575941645403000,11,VNC_unassigned_L,
720575941562321671,720575941580669817,22,VNC_HTct_R,
720575941562339079,720575941472734048,27,VNC_WTct_R,
720575941562339079,720575941597489344,26,VNC_WTct_R,
720575941562339079,720575941603635190,11,VNC_WTct_R,
720575941562464866,720575941479034563,10,VNC_WTct_L,
720575941562464866,720575941542328837,24,VNC_WTct_L,
720575941562464866,720575941560383347,54,VNC_WTct_L,
720575941562464866,720575941565105206,80,VNC_WTct_L,
720575941562464866,720575941566847847,66,VNC_WTct_L,
720575941562464866,720575941573368719,23,VNC_WTct_L,
720575941562464866,720575941590220684,33,VNC_WTct_L,
720575941562464866,720575941614289683,52,VNC_WTct_L,
720575941562464866,720575941645403000,15,VNC_WTct_L,
720575941562467682,720575941655597785,10,VNC_WTct_R,
720575941562594194,720575941456201887,111,VNC_WTct_L,
720575941562594194,720575941459347411,203,VNC_WTct_L,
720575941562594194,720575941483845954,187,VNC_WTct_L,
720575941562594194,720575941630940642,208,VNC_WTct_L,
720575941563206400,720575941645041313,17,VNC_WTct_L,
720575941563253814,720575941456201887,11,VNC_HTct_L,
720575941563314486,720575941468288375,19,VNC_WTct_R,
720575941563314486,720575941513173763,10,VNC_WTct_R,
720575941563314486,720575941596050112,11,VNC_WTct_R,
720575941563314486,720575941643100754,20,VNC_WTct_R,
720575941563314486,720575941645403000,10,VNC_WTct_L,
720575941563316022,720575941458961604,21,VNC_HTct_R,
720575941563316022,720575941458961604,13,VNC_WTct_R,
720575941563316022,720575941643100754,24,VNC_HTct_R,
720575941563316022,720575941643100754,11,VNC_WTct_R,
720575941563318070,720575941456201887,29,VNC_HTct_L,
720575941563318070,720575941630940642,21,VNC_HTct_L,
720575941563450678,720575941542412805,16,VNC_WTct_L,
720575941563450678,720575941547394081,13,VNC_WTct_L,
720575941563872359,720575941507955269,29,VNC_WTct_L,
720575941563872359,720575941519783640,20,VNC_WTct_L,
720575941563872359,720575941534583786,27,VNC_WTct_L,
720575941563872359,720575941640465439,22,VNC_WTct_L,
720575941563872359,720575941645403000,32,VNC_WTct_L,
720575941563920999,720575941629172716,15,VNC_HTct_R,
720575941563920999,720575941629172716,237,VNC_WTct_R,
720575941564034614,720575941459347411,73,VNC_WTct_L,
720575941564034614,720575941483845954,34,VNC_WTct_L,
720575941564034614,720575941630940642,12,VNC_T2_MesoNm_L,
720575941564034614,720575941630940642,128,VNC_WTct_L,
720575941564059399,720575941468288375,19,VNC_WTct_R,
720575941564059399,720575941513173763,17,VNC_WTct_R,
720575941564059399,720575941516770670,17,VNC_IntTct_R,
720575941564059399,720575941516770670,20,VNC_WTct_R,
720575941564059399,720575941549822781,10,VNC_WTct_R,
720575941564059399,720575941580669817,11,VNC_HTct_R,
720575941564059399,720575941580669817,19,VNC_IntTct_R,
720575941564059399,720575941580669817,62,VNC_WTct_R,
720575941564059399,720575941655597785,11,VNC_HTct_R,
720575941564059399,720575941655597785,18,VNC_IntTct_R,
720575941564059399,720575941655597785,19,VNC_WTct_R,
720575941564098567,720575941645041313,31,VNC_WTct_L,
720575941564147346,720575941463144336,27,VNC_WTct_L,
720575941564147346,720575941463144336,43,VNC_WTct_R,
720575941564147346,720575941472734048,24,VNC_WTct_R,
720575941564147346,720575941479034563,19,VNC_WTct_L,
720575941564147346,720575941479034563,46,VNC_WTct_R,
720575941564147346,720575941487139138,13,VNC_WTct_R,
720575941564147346,720575941499558369,23,VNC_WTct_R,
720575941564147346,720575941507955269,44,VNC_WTct_L,
720575941564147346,720575941507955269,21,VNC_WTct_R,
720575941564147346,720575941513173763,10,VNC_HTct_R,
720575941564147346,720575941519783640,44,VNC_WTct_L,
720575941564147346,720575941530190027,15,VNC_WTct_R,
720575941564147346,720575941533190337,39,VNC_WTct_L,
720575941564147346,720575941533190337,33,VNC_WTct_R,
720575941564147346,720575941534583786,46,VNC_WTct_L,
720575941564147346,720575941534583786,15,VNC_WTct_R,
720575941564147346,720575941534583786,11,VNC_unassigned_L,
720575941564147346,720575941542328837,16,VNC_WTct_L,
720575941564147346,720575941560383347,17,VNC_WTct_L,
720575941564147346,720575941565105206,28,VNC_WTct_L,
720575941564147346,720575941566847847,42,VNC_WTct_L,
720575941564147346,720575941573368719,23,VNC_WTct_L,
720575941564147346,720575941583644382,25,VNC_WTct_L,
720575941564147346,720575941583644382,30,VNC_WTct_R,
720575941564147346,720575941590220684,13,VNC_WTct_L,
720575941564147346,720575941596050112,17,VNC_WTct_L,
720575941564147346,720575941596050112,50,VNC_WTct_R,
720575941564147346,720575941596050112,13,VNC_unassigned_R,
720575941564147346,720575941597489344,25,VNC_WTct_R,
720575941564147346,720575941603635190,34,VNC_WTct_R,
720575941564147346,720575941614289683,21,VNC_WTct_L,
720575941564147346,720575941624985226,13,VNC_WTct_R,
720575941564147346,720575941640465439,43,VNC_WTct_L,
720575941564147346,720575941640465439,16,VNC_WTct_R,
720575941564147346,720575941645403000,53,VNC_WTct_L,
720575941564147346,720575941645403000,26,VNC_WTct_R,
720575941564530327,720575941547315060,13,VNC_IntTct_L,
720575941564530327,720575941547315060,31,VNC_WTct_L,
720575941564530327,720575941547394081,30,VNC_WTct_L,
720575941564553223,720575941547394081,11,VNC_WTct_L,
720575941564553223,720575941549822781,10,VNC_HTct_R,
720575941564553223,720575941549822781,25,VNC_WTct_R,
720575941564553223,720575941580669817,10,VNC_HTct_R,
720575941564553223,720575941624155644,21,VNC_WTct_L,
720575941564553223,720575941655597785,13,VNC_HTct_R,
720575941564553223,720575941655597785,31,VNC_WTct_R,
720575941565113095,720575941468288375,14,VNC_WTct_R,
720575941565113095,720575941513173763,32,VNC_WTct_R,
720575941565122614,720575941456201887,25,VNC_WTct_L,
720575941565168942,720575941468897856,34,VNC_HTct_R,
720575941565168942,720575941468897856,43,VNC_WTct_R,
720575941565168942,720575941468897856,31,VNC_unassigned_R,
720575941565168942,720575941474574132,24,VNC_HTct_R,
720575941565168942,720575941474574132,65,VNC_WTct_R,
720575941565168942,720575941474574132,40,VNC_unassigned_R,
720575941565168942,720575941542412805,13,VNC_WTct_L,
720575941565168942,720575941547315060,15,VNC_WTct_L,
720575941565251374,720575941655597785,34,VNC_WTct_R,
720575941565290286,720575941643100754,17,VNC_WTct_R,
720575941565459095,720575941468288375,15,VNC_HTct_R,
720575941565522839,720575941468288375,45,VNC_WTct_R,
720575941565522839,720575941513173763,13,VNC_WTct_R,
720575941565522839,720575941516770670,13,VNC_WTct_R,
720575941565531799,720575941516770670,15,VNC_IntTct_R,
720575941566431286,720575941655597785,33,VNC_WTct_R,
720575941566716206,720575941468288375,29,VNC_WTct_R,
720575941566716206,720575941475745898,22,VNC_WTct_R,
720575941566716206,720575941516770670,11,VNC_WTct_R,
720575941566753274,720575941459347411,10,VNC_WTct_L,
720575941566753274,720575941645041313,17,VNC_WTct_L,
720575941566777338,720575941645041313,11,VNC_WTct_L,
720575941566788602,720575941458961604,28,VNC_HTct_R,
720575941566788602,720575941565378919,11,VNC_HTct_R,
720575941566788602,720575941643100754,14,VNC_HTct_R,
720575941566788602,720575941643100754,14,VNC_WTct_R,
720575941566788602,720575941643100754,10,VNC_unassigned_R,
720575941566802170,720575941459347411,16,VNC_WTct_L,
720575941566918388,720575941468897856,27,VNC_WTct_R,
720575941566918388,720575941468897856,20,VNC_unassigned_R,
720575941566918388,720575941474574132,73,VNC_WTct_R,
720575941566918388,720575941474574132,41,VNC_unassigned_R,
720575941566918388,720575941542412805,24,VNC_WTct_L,
720575941566918388,720575941547315060,17,VNC_WTct_L,
720575941566956532,720575941549822781,16,VNC_HTct_R,
720575941566956532,720575941549822781,21,VNC_WTct_R,
720575941566956532,720575941655597785,10,VNC_IntTct_R,
720575941566956532,720575941655597785,13,VNC_WTct_R,
720575941567030516,720575941534583786,11,VNC_WTct_L,
720575941567030516,720575941547394081,10,VNC_HTct_L,
720575941567030516,720575941547394081,12,VNC_WTct_L,
720575941567030516,720575941565378919,11,VNC_HTct_L,
720575941567030516,720575941645403000,24,VNC_WTct_L,
720575941567089396,720575941474574132,11,VNC_IntTct_R,
720575941567123444,720575941549822781,12,VNC_HTct_R,
720575941567123444,720575941549822781,49,VNC_WTct_R,
720575941567123444,720575941549822781,10,VNC_unassigned_R,
720575941567123444,720575941655597785,13,VNC_HTct_R,
720575941567123444,720575941655597785,28,VNC_WTct_R,
720575941567123444,720575941655597785,12,VNC_unassigned_R,
720575941567139630,720575941643100754,16,VNC_HTct_R,
720575941567151918,720575941489673420,11,VNC_HTct_L,
720575941567151918,720575941489673420,51,VNC_WTct_L,
720575941567639922,720575941521196211,28,VNC_WTct_L,
720575941567639922,720575941624155644,38,VNC_WTct_L,
720575941567684340,720575941463144336,25,VNC_WTct_R,
720575941567684340,720575941479034563,22,VNC_WTct_R,
720575941567684340,720575941533190337,11,VNC_WTct_R,
720575941567684340,720575941596050112,18,VNC_WTct_R,
720575941568553586,720575941645041313,15,VNC_WTct_L,
720575941568555634,720575941645041313,27,VNC_WTct_L,
720575941568697844,720575941655597785,11,VNC_WTct_R,
720575941568726004,720575941474574132,14,VNC_WTct_R,
720575941568726004,720575941547394081,20,VNC_IntTct_L,
720575941568726004,720575941547394081,28,VNC_WTct_L,
720575941568855540,720575941468288375,45,VNC_WTct_R,
720575941568855540,720575941475745898,11,VNC_WTct_R,
720575941568855540,720575941513173763,11,VNC_WTct_R,
720575941568855540,720575941516770670,40,VNC_WTct_R,
720575941568855540,720575941580669817,10,VNC_WTct_R,
720575941569376250,720575941516770670,12,VNC_IntTct_R,
720575941569376250,720575941516770670,18,VNC_WTct_R,
720575941569376250,720575941549822781,16,VNC_WTct_R,
720575941569376250,720575941643100754,15,VNC_HTct_R,
720575941569376250,720575941643100754,53,VNC_WTct_R,
720575941569376250,720575941655597785,23,VNC_IntTct_R,
720575941569376250,720575941655597785,52,VNC_WTct_R,
720575941569471390,720575941521196211,10,VNC_WTct_L,
720575941569471390,720575941624155644,13,VNC_WTct_L,
720575941569574046,720575941630940642,10,VNC_WTct_L,
720575941569613470,720575941643100754,14,VNC_HTct_R,
720575941569613470,720575941643100754,17,VNC_WTct_R,
720575941569639326,720575941643100754,23,VNC_WTct_R,
720575941569639326,720575941643100754,11,VNC_unassigned_R,
720575941569639326,720575941645041313,10,VNC_WTct_L,
720575941569652638,720575941565378919,10,VNC_HTct_L,
720575941569707422,720575941483845954,10,VNC_HTct_L,
720575941569707422,720575941483845954,12,VNC_HTct_R,
720575941569707422,720575941580669817,11,VNC_HTct_R,
720575941570304926,720575941463144336,13,VNC_WTct_R,
720575941570304926,720575941472734048,15,VNC_WTct_R,
720575941570304926,720575941479034563,17,VNC_WTct_R,
720575941570304926,720575941487139138,17,VNC_WTct_R,
720575941570304926,720575941596050112,10,VNC_WTct_R,
720575941570304926,720575941597489344,13,VNC_WTct_R,
720575941570304926,720575941603635190,11,VNC_WTct_R,
720575941570304926,720575941624985226,11,VNC_WTct_R,
720575941570324126,720575941655597785,10,VNC_IntTct_R,
720575941570676552,720575941474574132,18,VNC_WTct_R,
720575941570676552,720575941474574132,13,VNC_unassigned_R,
720575941570676552,720575941542412805,92,VNC_WTct_L,
720575941570676552,720575941542412805,10,VNC_unassigned_L,
720575941570676552,720575941547315060,25,VNC_WTct_L,
720575941570772296,720575941468897856,24,VNC_IntTct_R,
720575941570772296,720575941475745898,29,VNC_IntTct_R,
720575941570772296,720575941475745898,23,VNC_WTct_R,
720575941570772296,720575941542412805,12,VNC_WTct_L,
720575941570772296,720575941542412805,13,VNC_unassigned_L,
720575941570817352,720575941456201887,11,VNC_WTct_L,
720575941570817352,720575941459347411,19,VNC_WTct_L,
720575941570817352,720575941521196211,29,VNC_WTct_L,
720575941570817352,720575941624155644,24,VNC_WTct_L,
720575941570823752,720575941580669817,13,VNC_WTct_R,
720575941571423240,720575941645041313,13,VNC_HTct_L,
720575941571423240,720575941645041313,19,VNC_WTct_L,
720575941571427323,720575941542328837,31,VNC_WTct_L,
720575941571427323,720575941560383347,43,VNC_WTct_L,
720575941571427323,720575941565105206,51,VNC_WTct_L,
720575941571427323,720575941566847847,67,VNC_WTct_L,
720575941571427323,720575941573368719,21,VNC_WTct_L,
720575941571427323,720575941590220684,35,VNC_WTct_L,
720575941571427323,720575941614289683,38,VNC_WTct_L,
720575941571427323,720575941645403000,13,VNC_WTct_L,
720575941571492859,720575941513173763,18,VNC_HTct_R,
720575941571499515,720575941456201887,10,VNC_WTct_L,
720575941571499515,720575941542412805,11,VNC_IntTct_L,
720575941571499515,720575941542412805,56,VNC_WTct_L,
720575941571499515,720575941547315060,23,VNC_WTct_L,
720575941571514619,720575941463144336,32,VNC_WTct_R,
720575941571514619,720575941463144336,10,VNC_unassigned_R,
720575941571514619,720575941479034563,21,VNC_WTct_R,
720575941571514619,720575941533190337,23,VNC_WTct_R,
720575941571514619,720575941583644382,25,VNC_WTct_R,
720575941571514619,720575941596050112,39,VNC_WTct_R,
720575941571515131,720575941463144336,30,VNC_WTct_R,
720575941571515131,720575941479034563,29,VNC_WTct_R,
720575941571515131,720575941533190337,24,VNC_WTct_R,
720575941571515131,720575941583644382,22,VNC_WTct_R,
720575941571515131,720575941596050112,14,VNC_WTct_R,
720575941571516936,720575941475745898,22,VNC_WTct_R,
720575941571516936,720575941547394081,25,VNC_WTct_L,
720575941571516936,720575941547394081,10,VNC_WTct_R,
720575941571524872,720575941463144336,25,VNC_WTct_R,
720575941571524872,720575941475745898,14,VNC_HTct_R,
720575941571524872,720575941475745898,11,VNC_WTct_R,
720575941571524872,720575941479034563,21,VNC_WTct_R,
720575941571524872,720575941533190337,22,VNC_WTct_R,
720575941571524872,720575941583644382,10,VNC_WTct_R,
720575941571524872,720575941596050112,20,VNC_WTct_R,
720575941571690760,720575941547315060,13,VNC_HTct_L,
720575941571690760,720575941547394081,18,VNC_WTct_L,
720575941571847069,720575941475745898,25,VNC_WTct_R,
720575941571896477,720575941513173763,10,VNC_IntTct_R,
720575941571896477,720575941580669817,17,VNC_HTct_R,
720575941571896477,720575941580669817,18,VNC_IntTct_R,
720575941571896477,720575941580669817,17,VNC_WTct_R,
720575941571904669,720575941519783640,12,VNC_WTct_L,
720575941571957661,720575941516770670,15,VNC_WTct_R,
720575941571957661,720575941549822781,11,VNC_IntTct_R,
720575941571957661,720575941655597785,14,VNC_WTct_R,
720575941571975496,720575941645041313,10,VNC_WTct_L,
720575941572094203,720575941459347411,20,VNC_HTct_L,
720575941572094203,720575941630940642,12,VNC_HTct_L,
720575941572094203,720575941645041313,10,VNC_WTct_L,
720575941572107017,720575941513173763,10,VNC_WTct_R,
720575941572107017,720575941516770670,13,VNC_WTct_R,
720575941572107017,720575941580669817,17,VNC_WTct_R,
720575941572153865,720575941507955269,15,VNC_WTct_L,
720575941572251144,720575941549822781,25,VNC_WTct_R,
720575941572251144,720575941655597785,16,VNC_WTct_R,
720575941572444830,720575941630940642,13,VNC_T2_MesoNm_L,
720575941572737679,720575941630940642,12,VNC_WTct_L,
720575941572815247,720575941566847847,17,VNC_WTct_L,
720575941572815247,720575941614289683,15,VNC_WTct_L,
720575941572851087,720575941475745898,10,VNC_WTct_R,
720575941572945039,720575941547315060,15,VNC_HTct_L,
720575941572945039,720575941547315060,10,VNC_WTct_L,
720575941572945039,720575941547394081,17,VNC_WTct_L,
720575941573038843,720575941475745898,18,VNC_IntTct_R,
720575941573038843,720575941475745898,10,VNC_LTct_R,
720575941573038843,720575941547394081,10,VNC_HTct_L,
720575941573038843,720575941547394081,13,VNC_WTct_L,
720575941573188278,720575941468288375,42,VNC_WTct_R,
720575941573188278,720575941513173763,13,VNC_WTct_R,
720575941573188278,720575941516770670,26,VNC_WTct_R,
720575941573188278,720575941580669817,22,VNC_WTct_R,
720575941573188278,720575941655597785,54,VNC_WTct_R,
720575941573204662,720575941534583786,30,VNC_WTct_L,
720575941573204662,720575941645403000,10,VNC_WTct_L,
720575941573233403,720575941513173763,11,VNC_WTct_R,
720575941573233403,720575941643100754,23,VNC_WTct_R,
720575941573255581,720575941521196211,36,VNC_WTct_L,
720575941573255581,720575941521196211,26,VNC_unassigned_L,
720575941573255581,720575941624155644,36,VNC_WTct_L,
720575941573255581,720575941624155644,21,VNC_unassigned_L,
720575941573255581,720575941630940642,11,VNC_unassigned_L,
720575941573489416,720575941629172716,20,VNC_WTct_R,
720575941573956239,720575941456201887,17,VNC_HTct_L,
720575941574155003,720575941472734048,13,VNC_WTct_R,
720575941574155003,720575941474574132,13,VNC_HTct_R,
720575941574155003,720575941603635190,12,VNC_WTct_R,
720575941574184699,720575941507955269,37,VNC_WTct_L,
720575941574184699,720575941519783640,40,VNC_WTct_L,
720575941574184699,720575941534583786,19,VNC_WTct_L,
720575941574184699,720575941583644382,10,VNC_WTct_R,
720575941574184699,720575941640465439,14,VNC_WTct_L,
720575941574184699,720575941645403000,25,VNC_WTct_L,
720575941574190331,720575941456201887,12,VNC_WTct_L,
720575941574190331,720575941624155644,22,VNC_WTct_L,
720575941574248187,720575941565105206,10,VNC_T2_MesoNm_L,
720575941574412943,720575941521196211,13,VNC_unassigned_R,
720575941574412943,720575941549822781,25,VNC_HTct_R,
720575941574412943,720575941549822781,16,VNC_unassigned_R,
720575941574704649,720575941468288375,12,VNC_WTct_R,
720575941574704649,720575941516770670,74,VNC_WTct_R,
720575941574704649,720575941655597785,14,VNC_WTct_R,
720575941574728713,720575941474574132,10,VNC_HTct_R,
720575941575397263,720575941645041313,25,VNC_HTct_L,
720575941575512424,720575941468288375,16,VNC_WTct_R,
720575941575512424,720575941655597785,10,VNC_WTct_R,
720575941575519336,720575941468897856,19,VNC_HTct_R,
720575941575519336,720575941468897856,28,VNC_WTct_R,
720575941575519336,720575941475745898,11,VNC_IntTct_R,
720575941575519336,720575941475745898,25,VNC_WTct_R,
720575941575681718,720575941456201887,79,VNC_HTct_L,
720575941575681718,720575941456201887,35,VNC_IntTct_L,
720575941575681718,720575941456201887,123,VNC_WTct_L,
720575941575681718,720575941459347411,95,VNC_HTct_L,
720575941575681718,720575941459347411,26,VNC_IntTct_L,
720575941575681718,720575941459347411,157,VNC_WTct_L,
720575941575681718,720575941468288375,12,VNC_HTct_L,
720575941575681718,720575941483845954,34,VNC_HTct_L,
720575941575681718,720575941483845954,52,VNC_WTct_L,
720575941575681718,720575941513173763,10,VNC_HTct_R,
720575941575681718,720575941516770670,11,VNC_HTct_R,
720575941575681718,720575941516770670,14,VNC_WTct_R,
720575941575681718,720575941580669817,25,VNC_HTct_R,
720575941575681718,720575941580669817,28,VNC_WTct_R,
720575941575681718,720575941624155644,20,VNC_HTct_L,
720575941575681718,720575941624155644,13,VNC_IntTct_L,
720575941575681718,720575941624155644,99,VNC_WTct_L,
720575941575681718,720575941630940642,52,VNC_HTct_L,
720575941575681718,720575941630940642,75,VNC_WTct_L,
720575941575681718,720575941630940642,10,VNC_unassigned_L,
720575941575681718,720575941655597785,10,VNC_HTct_R,
720575941575681718,720575941655597785,18,VNC_WTct_R,
720575941575682998,720575941630940642,10,VNC_HTct_L,
720575941575691624,720575941458961604,17,VNC_HTct_R,
720575941575691624,720575941458961604,10,VNC_unassigned_R,
720575941575691624,720575941565378919,26,VNC_HTct_L,
720575941575691624,720575941565378919,47,VNC_WTct_L,
720575941575691624,720575941565378919,11,VNC_unassigned_R,
720575941575696217,720575941534583786,31,VNC_WTct_L,
720575941575696217,720575941640465439,23,VNC_WTct_L,
720575941575696217,720575941645403000,27,VNC_WTct_L,
720575941576014774,720575941468288375,10,VNC_NTct_R,
720575941576014774,720575941468288375,10,VNC_unassigned_R,
720575941576368744,720575941624155644,13,VNC_HTct_L,
720575941576368744,720575941624155644,15,VNC_WTct_L,
720575941576368744,720575941630940642,21,VNC_HTct_L,
720575941576927057,720575941655597785,17,VNC_WTct_R,
720575941576933109,720575941565105206,15,VNC_WTct_L,
720575941576934645,720575941507955269,24,VNC_WTct_L,
720575941576934645,720575941519783640,25,VNC_WTct_L,
720575941576934645,720575941534583786,34,VNC_WTct_L,
720575941576934645,720575941534583786,10,VNC_unassigned_L,
720575941576934645,720575941596050112,20,VNC_WTct_R,
720575941576934645,720575941640465439,19,VNC_WTct_L,
720575941576934645,720575941645403000,29,VNC_WTct_L,
720575941576941045,720575941565378919,17,VNC_HTct_R,
720575941576941045,720575941655597785,12,VNC_IntTct_R,
720575941576958197,720575941565105206,10,VNC_WTct_L,
720575941576958197,720575941566847847,10,VNC_WTct_L,
720575941576979701,720575941534583786,15,VNC_WTct_L,
720575941576983285,720575941475745898,15,VNC_WTct_R,
720575941576984821,720575941549822781,26,VNC_HTct_R,
720575941577217113,720575941513173763,14,VNC_HTct_R,
720575941577217113,720575941580669817,22,VNC_HTct_R,
720575941577669457,720575941468288375,13,VNC_WTct_R,
720575941577669457,720575941513173763,32,VNC_WTct_R,
720575941578722641,720575941645041313,18,VNC_WTct_L,
720575941578722641,720575941645041313,20,VNC_unassigned_L,
720575941578793809,720575941566847847,17,VNC_WTct_L,
720575941578793809,720575941645403000,13,VNC_WTct_L,
720575941579017337,720575941547394081,13,VNC_WTct_L,
720575941579017337,720575941565378919,13,VNC_HTct_L,
720575941579027321,720575941475745898,11,VNC_IntTct_R,
720575941579072889,720575941459347411,10,VNC_IntTct_L,
720575941579072889,720575941513173763,13,VNC_WTct_R,
720575941579072889,720575941655597785,17,VNC_WTct_R,
720575941579161465,720575941580669817,17,VNC_WTct_R,
720575941579779961,720575941474574132,12,VNC_WTct_R,
720575941579779961,720575941547394081,11,VNC_WTct_L,
720575941579867125,720575941459347411,10,VNC_HTct_L,
720575941579867125,720575941459347411,24,VNC_WTct_L,
720575941579867125,720575941547394081,10,VNC_WTct_L,
720575941579868917,720575941630940642,46,VNC_NTct_L,
720575941579868917,720575941630940642,33,VNC_WTct_L,
720575941580348753,720575941474574132,23,VNC_NTct_R,
720575941580626041,720575941629172716,16,VNC_WTct_R,
720575941580641913,720575941463144336,14,VNC_WTct_R,
720575941580641913,720575941472734048,14,VNC_WTct_R,
720575941580641913,720575941583644382,16,VNC_WTct_R,
720575941580641913,720575941597489344,12,VNC_WTct_R,
720575941581637215,720575941516770670,23,VNC_IntTct_R,
720575941581637215,720575941547394081,13,VNC_IntTct_L,
720575941581637215,720575941549822781,21,VNC_IntTct_R,
720575941581637215,720575941549822781,12,VNC_WTct_R,
720575941581637215,720575941655597785,13,VNC_IntTct_R,
720575941581641311,720575941456201887,10,VNC_IntTct_L,
720575941581641311,720575941549822781,19,VNC_WTct_R,
720575941581641311,720575941655597785,10,VNC_WTct_R,
720575941581648479,720575941468288375,40,VNC_WTct_R,
720575941581648479,720575941513173763,13,VNC_IntTct_R,
720575941581648479,720575941513173763,82,VNC_WTct_R,
720575941581648479,720575941516770670,10,VNC_HTct_R,
720575941581648479,720575941516770670,10,VNC_IntTct_R,
720575941581648479,720575941516770670,36,VNC_WTct_R,
720575941581672569,720575941643100754,13,VNC_WTct_R,
720575941581678175,720575941468288375,13,VNC_WTct_R,
720575941581678175,720575941513173763,20,VNC_WTct_R,
720575941581683039,720575941463144336,19,VNC_WTct_R,
720575941581683039,720575941475745898,12,VNC_WTct_R,
720575941581683039,720575941479034563,20,VNC_WTct_R,
720575941581683039,720575941533190337,30,VNC_WTct_R,
720575941581683039,720575941583644382,15,VNC_WTct_R,
720575941581683039,720575941596050112,23,VNC_WTct_R,
720575941581683039,720575941603635190,12,VNC_WTct_R,
720575941581685113,720575941463144336,10,VNC_WTct_L,
720575941581685113,720575941463144336,30,VNC_WTct_R,
720575941581685113,720575941463144336,10,VNC_unassigned_R,
720575941581685113,720575941479034563,31,VNC_WTct_R,
720575941581685113,720575941507955269,18,VNC_WTct_L,
720575941581685113,720575941507955269,10,VNC_WTct_R,
720575941581685113,720575941519783640,10,VNC_WTct_L,
720575941581685113,720575941533190337,30,VNC_WTct_R,
720575941581685113,720575941533190337,10,VNC_unassigned_R,
720575941581685113,720575941534583786,25,VNC_WTct_L,
720575941581685113,720575941565105206,13,VNC_WTct_L,
720575941581685113,720575941583644382,28,VNC_WTct_R,
720575941581685113,720575941596050112,58,VNC_WTct_R,
720575941581685113,720575941596050112,15,VNC_unassigned_R,
720575941581685113,720575941603635190,11,VNC_WTct_R,
720575941581685113,720575941640465439,21,VNC_WTct_L,
720575941581685113,720575941640465439,17,VNC_WTct_R,
720575941581685113,720575941643100754,11,VNC_WTct_R,
720575941581685113,720575941645403000,20,VNC_WTct_L,
720575941581685113,720575941645403000,11,VNC_WTct_R,
720575941583169158,720575941549822781,14,VNC_HTct_R,
720575941583169158,720575941549822781,13,VNC_WTct_R,
720575941583169158,720575941655597785,14,VNC_WTct_R,
720575941583208582,720575941456201887,12,VNC_WTct_L,
720575941583208582,720575941547315060,17,VNC_IntTct_L,
720575941583254918,720575941549822781,12,VNC_HTct_R,
720575941583254918,720575941549822781,24,VNC_WTct_R,
720575941583254918,720575941580669817,12,VNC_WTct_R,
720575941583254918,720575941655597785,10,VNC_HTct_R,
720575941583254918,720575941655597785,14,VNC_IntTct_R,
720575941583254918,720575941655597785,18,VNC_WTct_R,
720575941583296902,720575941549822781,53,VNC_WTct_R,
720575941583296902,720575941655597785,50,VNC_WTct_R,
720575941583511518,720575941521196211,10,VNC_WTct_L,
720575941583511518,720575941624155644,10,VNC_WTct_L,
720575941583588830,720575941479658831,10,VNC_IntTct_R,
720575941583588830,720575941513173763,12,VNC_WTct_R,
720575941583588830,720575941549822781,13,VNC_WTct_R,
720575941583588830,720575941580669817,25,VNC_IntTct_R,
720575941583588830,720575941580669817,37,VNC_WTct_R,
720575941583588830,720575941655597785,19,VNC_IntTct_R,
720575941583588830,720575941655597785,13,VNC_WTct_R,
720575941583601886,720575941468897856,16,VNC_HTct_R,
720575941583601886,720575941468897856,48,VNC_IntTct_R,
720575941583601886,720575941468897856,34,VNC_WTct_R,
720575941583601886,720575941474574132,15,VNC_HTct_R,
720575941583601886,720575941474574132,25,VNC_IntTct_R,
720575941583601886,720575941474574132,62,VNC_WTct_R,
720575941583601886,720575941475745898,31,VNC_IntTct_R,
720575941583601886,720575941475745898,51,VNC_WTct_R,
720575941583637214,720575941463144336,10,VNC_WTct_R,
720575941583637214,720575941479034563,22,VNC_WTct_R,
720575941583637214,720575941583644382,13,VNC_WTct_R,
720575941583637214,720575941596050112,10,VNC_WTct_R,
720575941583637214,720575941603635190,12,VNC_WTct_R,
720575941583646430,720575941489673420,21,VNC_HTct_L,
720575941583646430,720575941489673420,14,VNC_IntTct_L,
720575941583646430,720575941489673420,41,VNC_WTct_L,
720575941584194270,720575941629172716,15,VNC_WTct_R,
720575941584808158,720575941456201887,14,VNC_HTct_L,
720575941585289950,720575941479034563,11,VNC_WTct_R,
720575941585289950,720575941603635190,17,VNC_WTct_R,
720575941586363716,720575941565105206,10,VNC_WTct_L,
720575941586381534,720575941459347411,13,VNC_WTct_L,
720575941586427460,720575941489673420,13,VNC_IntTct_L,
720575941586427460,720575941489673420,11,VNC_WTct_L,
720575941586427972,720575941479034563,15,VNC_WTct_R,
720575941586427972,720575941655597785,14,VNC_WTct_R,
720575941586441950,720575941643100754,11,VNC_HTct_L,
720575941586441950,720575941645041313,13,VNC_HTct_L,
720575941586441950,720575941645041313,11,VNC_WTct_L,
720575941587178295,720575941468288375,10,VNC_WTct_R,
720575941587178295,720575941474574132,15,VNC_WTct_R,
720575941587178295,720575941643100754,16,VNC_WTct_R,
720575941587190583,720575941459347411,10,VNC_IntTct_L,
720575941587284535,720575941513173763,13,VNC_HTct_R,
720575941587362103,720575941547394081,10,VNC_IntTct_L,
720575941587362103,720575941547394081,16,VNC_WTct_L,
720575941587367991,720575941645041313,10,VNC_HTct_L,
720575941587367991,720575941645403000,11,VNC_NTct_L,
720575941587528772,720575941583644382,19,VNC_WTct_R,
720575941587528772,720575941596050112,12,VNC_WTct_R,
720575941587528772,720575941603635190,11,VNC_WTct_R,
720575941587602244,720575941513173763,12,VNC_WTct_R,
720575941587989502,720575941549822781,24,VNC_HTct_R,
720575941588018942,720575941456201887,31,VNC_HTct_L,
720575941588018942,720575941630940642,42,VNC_HTct_L,
720575941588095300,720575941468288375,48,VNC_WTct_R,
720575941588095300,720575941513173763,80,VNC_WTct_R,
720575941588095300,720575941516770670,48,VNC_WTct_R,
720575941588652940,720575941474574132,11,VNC_WTct_R,
720575941588652940,720575941475745898,11,VNC_WTct_R,
720575941589857790,720575941547394081,19,VNC_WTct_L,
720575941589857790,720575941645041313,10,VNC_HTct_L,
720575941589857790,720575941645041313,21,VNC_WTct_L,
720575941589863735,720575941629172716,10,VNC_HTct_R,
720575941589863735,720575941643100754,11,VNC_HTct_L,
720575941589863735,720575941643100754,14,VNC_HTct_R,
720575941589863735,720575941643100754,14,VNC_WTct_L,
720575941589863735,720575941643100754,10,VNC_WTct_R,
720575941589863735,720575941645041313,10,VNC_HTct_L,
720575941590250536,720575941474574132,12,VNC_HTct_R,
720575941590279208,720575941507955269,15,VNC_WTct_L,
720575941590279208,720575941519783640,12,VNC_WTct_L,
720575941590279208,720575941534583786,30,VNC_WTct_L,
720575941590279208,720575941640465439,14,VNC_WTct_L,
720575941590840062,720575941474574132,12,VNC_WTct_R,
720575941590840062,720575941475745898,12,VNC_WTct_R,
720575941590840062,720575941542412805,15,VNC_WTct_L,
720575941590898027,720575941463144336,20,VNC_WTct_R,
720575941590898027,720575941479034563,26,VNC_WTct_R,
720575941590898027,720575941583644382,12,VNC_WTct_R,
720575941590898027,720575941596050112,38,VNC_WTct_R,
720575941591271308,720575941459347411,14,VNC_WTct_L,
720575941591271308,720575941483845954,36,VNC_WTct_L,
720575941591271308,720575941547394081,25,VNC_WTct_L,
720575941591287692,720575941513173763,14,VNC_HTct_R,
720575941591499627,720575941513173763,10,VNC_WTct_R,
720575941591748648,720575941456201887,25,VNC_HTct_L,
720575941591748648,720575941456201887,26,VNC_WTct_L,
720575941591748648,720575941459347411,13,VNC_HTct_L,
720575941591748648,720575941459347411,13,VNC_WTct_L,
720575941591748648,720575941630940642,13,VNC_HTct_L,
720575941592094422,720575941459347411,11,VNC_WTct_L,
720575941592094422,720575941521196211,17,VNC_WTct_L,
720575941592094422,720575941549822781,14,VNC_WTct_R,
720575941592094422,720575941624155644,40,VNC_WTct_L,
720575941592094422,720575941655597785,17,VNC_WTct_R,
720575941592149718,720575941542412805,28,VNC_WTct_L,
720575941592149718,720575941547315060,10,VNC_IntTct_L,
720575941592149718,720575941547315060,38,VNC_WTct_L,
720575941592154582,720575941549822781,11,VNC_HTct_R,
720575941592154582,720575941549822781,11,VNC_WTct_R,
720575941592547879,720575941630940642,25,VNC_WTct_L,
720575941592602149,720575941468897856,12,VNC_HTct_R,
720575941592602149,720575941468897856,18,VNC_IntTct_R,
720575941592919080,720575941483845954,32,VNC_T2_MesoNm_L,
720575941592919080,720575941483845954,12,VNC_WTct_L,
720575941593189489,720575941565378919,28,VNC_WTct_L,
720575941593615211,720575941468288375,11,VNC_WTct_R,
720575941593615211,720575941513173763,16,VNC_IntTct_R,
720575941593615211,720575941513173763,15,VNC_WTct_R,
720575941593615211,720575941516770670,25,VNC_HTct_R,
720575941593615211,720575941516770670,13,VNC_IntTct_R,
720575941593615211,720575941516770670,47,VNC_WTct_R,
720575941593615211,720575941580669817,40,VNC_HTct_R,
720575941593615211,720575941580669817,17,VNC_IntTct_R,
720575941593615211,720575941580669817,54,VNC_WTct_R,
720575941593615211,720575941732789547,11,VNC_IntTct_L,
720575941593836933,720575941456201887,20,VNC_WTct_L,
720575941593836933,720575941580669817,12,VNC_WTct_R,
720575941593965957,720575941513173763,15,VNC_HTct_R,
720575941594160421,720575941463144336,14,VNC_WTct_L,
720575941594160421,720575941463144336,47,VNC_WTct_R,
720575941594160421,720575941472734048,32,VNC_WTct_R,
720575941594160421,720575941479034563,17,VNC_WTct_L,
720575941594160421,720575941479034563,57,VNC_WTct_R,
720575941594160421,720575941499558369,11,VNC_WTct_R,
720575941594160421,720575941507955269,27,VNC_WTct_L,
720575941594160421,720575941507955269,18,VNC_WTct_R,
720575941594160421,720575941519783640,14,VNC_WTct_L,
720575941594160421,720575941519783640,14,VNC_WTct_R,
720575941594160421,720575941533190337,14,VNC_WTct_L,
720575941594160421,720575941533190337,51,VNC_WTct_R,
720575941594160421,720575941534583786,39,VNC_WTct_L,
720575941594160421,720575941534583786,14,VNC_WTct_R,
720575941594160421,720575941565105206,10,VNC_WTct_L,
720575941594160421,720575941566847847,13,VNC_WTct_L,
720575941594160421,720575941583644382,49,VNC_WTct_R,
720575941594160421,720575941596050112,58,VNC_WTct_R,
720575941594160421,720575941597489344,38,VNC_WTct_R,
720575941594160421,720575941603635190,35,VNC_WTct_R,
720575941594160421,720575941624985226,14,VNC_WTct_R,
720575941594160421,720575941640465439,20,VNC_WTct_L,
720575941594160421,720575941640465439,27,VNC_WTct_R,
720575941594160421,720575941645403000,38,VNC_WTct_L,
720575941594160421,720575941645403000,26,VNC_WTct_R,
720575941594213927,720575941459347411,13,VNC_HTct_L,
720575941594213927,720575941483845954,19,VNC_HTct_L,
720575941594213927,720575941630940642,16,VNC_HTct_L,
720575941594515158,720575941456201887,22,VNC_HTct_L,
720575941594821334,720575941489673420,31,VNC_IntTct_L,
720575941594821334,720575941489673420,28,VNC_WTct_L,
720575941594870230,720575941629172716,18,VNC_HTct_R,
720575941594870230,720575941629172716,70,VNC_WTct_R,
720575941595021681,720575941542412805,22,VNC_WTct_L,
720575941595021681,720575941547315060,12,VNC_HTct_L,
720575941595021681,720575941547315060,11,VNC_IntTct_L,
720575941595021681,720575941547394081,10,VNC_HTct_L,
720575941595021681,720575941547394081,10,VNC_IntTct_L,
720575941595021681,720575941547394081,14,VNC_WTct_L,
720575941595664165,720575941643100754,15,VNC_HTct_L,
720575941595664165,720575941643100754,17,VNC_HTct_R,
720575941595664165,720575941643100754,14,VNC_WTct_R,
720575941595664165,720575941645041313,16,VNC_HTct_L,
720575941595664165,720575941645041313,13,VNC_WTct_L,
720575941595757724,720575941566847847,14,VNC_WTct_L,
720575941595766428,720575941547394081,11,VNC_HTct_L,
720575941595766428,720575941547394081,26,VNC_WTct_L,
720575941595768476,720575941507955269,12,VNC_WTct_L,
720575941595768476,720575941519783640,10,VNC_WTct_L,
720575941595804828,720575941549822781,13,VNC_HTct_R,
720575941595804828,720575941655597785,13,VNC_WTct_R,
720575941595969984,720575941643100754,11,VNC_HTct_R,
720575941596078961,720575941459347411,10,VNC_WTct_L,
720575941596078961,720575941483845954,13,VNC_WTct_L,
720575941596078961,720575941521196211,14,VNC_WTct_L,
720575941596078961,720575941624155644,67,VNC_WTct_L,
720575941597149376,720575941513173763,21,VNC_NTct_R,
720575941600259369,720575941560383347,16,VNC_WTct_L,
720575941600259369,720575941565105206,12,VNC_WTct_L,
720575941600370985,720575941459347411,63,VNC_WTct_L,
720575941600370985,720575941624155644,12,VNC_WTct_L,
720575941601088441,720575941468897856,16,VNC_HTct_R,
720575941601088441,720575941468897856,13,VNC_IntTct_R,
720575941601088441,720575941468897856,14,VNC_WTct_R,
720575941601088441,720575941474574132,27,VNC_HTct_R,
720575941601088441,720575941474574132,15,VNC_IntTct_R,
720575941601088441,720575941474574132,24,VNC_WTct_R,
720575941601088441,720575941580669817,10,VNC_WTct_R,
720575941601153270,720575941456201887,10,VNC_WTct_L,
720575941601153270,720575941542412805,13,VNC_IntTct_L,
720575941601153270,720575941542412805,22,VNC_WTct_L,
720575941601153270,720575941547315060,11,VNC_IntTct_L,
720575941601153270,720575941547315060,16,VNC_WTct_L,
720575941601209590,720575941630940642,17,VNC_NTct_L,
720575941601266678,720575941507955269,17,VNC_WTct_L,
720575941601266678,720575941519783640,17,VNC_WTct_L,
720575941601266678,720575941534583786,20,VNC_WTct_L,
720575941601266678,720575941640465439,19,VNC_WTct_L,
720575941601266678,720575941645403000,16,VNC_WTct_L,
720575941601298617,720575941547315060,11,VNC_IntTct_L,
720575941602315454,720575941456201887,21,VNC_HTct_L,
720575941602315454,720575941630940642,22,VNC_HTct_L,
720575941602987510,720575941463144336,13,VNC_WTct_R,
720575941602987510,720575941533190337,17,VNC_WTct_R,
720575941602987510,720575941596050112,19,VNC_WTct_R,
720575941602987510,720575941643100754,14,VNC_HTct_R,
720575941602987510,720575941643100754,99,VNC_WTct_R,
720575941602987510,720575941643100754,16,VNC_unassigned_R,
720575941603749817,720575941507955269,13,VNC_WTct_L,
720575941603749817,720575941519783640,11,VNC_WTct_L,
720575941603749817,720575941534583786,25,VNC_WTct_L,
720575941603749817,720575941640465439,16,VNC_WTct_L,
720575941603749817,720575941645041313,68,VNC_WTct_L,
720575941603749817,720575941645041313,11,VNC_unassigned_L,
720575941603749817,720575941645403000,10,VNC_WTct_L,
720575941603916222,720575941463144336,20,VNC_WTct_R,
720575941603916222,720575941479034563,23,VNC_WTct_R,
720575941603916222,720575941487139138,12,VNC_WTct_R,
720575941603916222,720575941533190337,15,VNC_WTct_R,
720575941603916222,720575941583644382,15,VNC_WTct_R,
720575941603916222,720575941596050112,17,VNC_WTct_R,
720575941603916222,720575941597489344,14,VNC_WTct_R,
720575941604946797,720575941499558369,11,VNC_WTct_R,
720575941604946797,720575941597489344,21,VNC_WTct_R,
720575941604946797,720575941643100754,12,VNC_WTct_R,
720575941604953453,720575941643100754,10,VNC_HTct_R,
720575941604953453,720575941643100754,11,VNC_WTct_R,
720575941604953453,720575941645041313,13,VNC_HTct_R,
720575941604967789,720575941583644382,13,VNC_WTct_R,
720575941604997997,720575941513173763,43,VNC_HTct_R,
720575941604997997,720575941516770670,17,VNC_HTct_R,
720575941604997997,720575941580669817,37,VNC_HTct_R,
720575941605016941,720575941468897856,14,VNC_IntTct_R,
720575941605016941,720575941547315060,11,VNC_IntTct_L,
720575941605021293,720575941547315060,19,VNC_WTct_L,
720575941605598061,720575941458961604,12,VNC_WTct_R,
720575941605598061,720575941458961604,10,VNC_unassigned_R,
720575941605602669,720575941507955269,32,VNC_WTct_L,
720575941605602669,720575941507955269,15,VNC_unassigned_L,
720575941605602669,720575941519783640,40,VNC_WTct_L,
720575941605602669,720575941519783640,22,VNC_unassigned_L,
720575941605602669,720575941534583786,62,VNC_WTct_L,
720575941605602669,720575941640465439,31,VNC_WTct_L,
720575941605602669,720575941645403000,12,VNC_WTct_L,
720575941606544493,720575941456201887,11,VNC_IntTct_L,
720575941606544493,720575941456201887,14,VNC_WTct_L,
720575941606544493,720575941459347411,12,VNC_WTct_L,
720575941606544493,720575941534583786,17,VNC_WTct_L,
720575941606544493,720575941640465439,13,VNC_WTct_L,
720575941606544493,720575941645403000,21,VNC_WTct_L,
720575941606622317,720575941458961604,13,VNC_WTct_R,
720575941607605101,720575941456201887,27,VNC_HTct_L,
720575941607605101,720575941456201887,16,VNC_WTct_L,
720575941608310346,720575941474574132,14,VNC_IntTct_R,
720575941608310346,720575941474574132,10,VNC_NTct_R,
720575941608310346,720575941580669817,12,VNC_HTct_R,
720575941608350794,720575941643100754,12,VNC_WTct_L,
720575941608350794,720575941643100754,16,VNC_WTct_R,
720575941608350794,720575941645041313,15,VNC_WTct_L,
720575941608378698,720575941542412805,12,VNC_WTct_L,
720575941608410698,720575941655597785,20,VNC_WTct_R,
720575941608817897,720575941549822781,20,VNC_HTct_R,
720575941608817897,720575941549822781,19,VNC_WTct_R,
720575941608861929,720575941521196211,12,VNC_WTct_L,
720575941608900585,720575941456201887,14,VNC_HTct_L,
720575941608900585,720575941456201887,12,VNC_IntTct_L,
720575941608900585,720575941456201887,23,VNC_WTct_L,
720575941608900585,720575941459347411,14,VNC_WTct_L,
720575941608900585,720575941630940642,19,VNC_WTct_L,
720575941608991050,720575941521196211,31,VNC_WTct_L,
720575941608991050,720575941624155644,29,VNC_WTct_L,
720575941609001034,720575941513173763,23,VNC_NTct_R,
720575941609330605,720575941475745898,14,VNC_IntTct_R,
720575941609330605,720575941547394081,15,VNC_IntTct_L,
720575941609330605,720575941547394081,10,VNC_WTct_L,
720575941609358310,720575941549822781,17,VNC_HTct_R,
720575941609413862,720575941645041313,41,VNC_WTct_L,
720575941609413862,720575941645041313,15,VNC_unassigned_L,
720575941609422822,720575941472734048,10,VNC_WTct_R,
720575941609422822,720575941603635190,13,VNC_WTct_R,
720575941609429350,720575941475745898,10,VNC_IntTct_R,
720575941609429350,720575941547394081,12,VNC_HTct_L,
720575941609479526,720575941459347411,10,VNC_IntTct_L,
720575941609479526,720575941513173763,20,VNC_WTct_R,
720575941609479526,720575941516770670,13,VNC_IntTct_R,
720575941609479526,720575941516770670,16,VNC_WTct_R,
720575941609479526,720575941580669817,15,VNC_HTct_R,
720575941609479526,720575941580669817,11,VNC_IntTct_R,
720575941609479526,720575941580669817,20,VNC_WTct_R,
720575941609481062,720575941468288375,12,VNC_HTct_R,
720575941609481062,720575941468288375,10,VNC_WTct_R,
720575941609481062,720575941483845954,13,VNC_HTct_R,
720575941609481062,720575941516770670,14,VNC_HTct_R,
720575941609520742,720575941456201887,19,VNC_HTct_L,
720575941610008138,720575941565378919,11,VNC_WTct_L,
720575941610056166,720575941459347411,10,VNC_WTct_L,
720575941610056166,720575941468288375,12,VNC_HTct_R,
720575941610056166,720575941468288375,16,VNC_IntTct_R,
720575941610056166,720575941468288375,42,VNC_WTct_R,
720575941610056166,720575941483845954,11,VNC_HTct_R,
720575941610056166,720575941513173763,16,VNC_HTct_R,
720575941610056166,720575941513173763,47,VNC_WTct_R,
720575941610056166,720575941516770670,36,VNC_HTct_R,
720575941610056166,720575941516770670,15,VNC_IntTct_R,
720575941610056166,720575941516770670,55,VNC_WTct_R,
720575941610354153,720575941463144336,15,VNC_WTct_R,
720575941610354153,720575941479034563,14,VNC_WTct_R,
720575941610354153,720575941596050112,11,VNC_WTct_R,
720575941610493404,720575941542412805,14,VNC_NTct_L,
720575941610536924,720575941468288375,62,VNC_WTct_R,
720575941610536924,720575941513173763,22,VNC_WTct_R,
720575941610536924,720575941516770670,12,VNC_IntTct_R,
720575941610536924,720575941516770670,79,VNC_WTct_R,
720575941610536924,720575941580669817,20,VNC_WTct_R,
720575941610583260,720575941516770670,16,VNC_IntTct_R,
720575941610583260,720575941549822781,19,VNC_IntTct_R,
720575941610583260,720575941549822781,10,VNC_WTct_R,
720575941610583260,720575941580669817,10,VNC_IntTct_R,
720575941610583260,720575941655597785,19,VNC_IntTct_R,
720575941610587612,720575941629172716,129,VNC_WTct_R,
720575941610587612,720575941643100754,24,VNC_WTct_R,
720575941610618982,720575941507955269,19,VNC_WTct_L,
720575941610618982,720575941519783640,32,VNC_WTct_L,
720575941610618982,720575941534583786,37,VNC_WTct_L,
720575941610618982,720575941534583786,14,VNC_unassigned_L,
720575941610618982,720575941566847847,11,VNC_WTct_L,
720575941610618982,720575941640465439,26,VNC_WTct_L,
720575941610618982,720575941645041313,18,VNC_WTct_L,
720575941610618982,720575941645403000,28,VNC_WTct_L,
720575941610618982,720575941645403000,12,VNC_unassigned_L,
720575941610953446,720575941472734048,14,VNC_WTct_R,
720575941610953446,720575941643100754,17,VNC_WTct_R,
720575941610953446,720575941645403000,12,VNC_WTct_R,
720575941611056714,720575941530190027,11,VNC_WTct_R,
720575941611056714,720575941590220684,13,VNC_WTct_L,
720575941611056714,720575941603635190,10,VNC_WTct_R,
720575941611056714,720575941624985226,12,VNC_WTct_R,
720575941611080010,720575941458961604,13,VNC_HTct_L,
720575941611080010,720575941565378919,231,VNC_HTct_L,
720575941611080010,720575941565378919,11,VNC_HTct_R,
720575941611080010,720575941565378919,46,VNC_WTct_L,
720575941611260262,720575941583644382,12,VNC_WTct_R,
720575941611260262,720575941596050112,10,VNC_WTct_R,
720575941611343337,720575941483845954,14,VNC_HTct_R,
720575941611645203,720575941565378919,14,VNC_WTct_L,
720575941611914669,720575941489673420,11,VNC_HTct_L,
720575941611914669,720575941489673420,21,VNC_IntTct_L,
720575941611914669,720575941489673420,195,VNC_WTct_L,
720575941612027238,720575941456201887,18,VNC_WTct_L,
720575941612027238,720575941459347411,68,VNC_WTct_L,
720575941612027238,720575941483845954,50,VNC_WTct_L,
720575941612027238,720575941630940642,17,VNC_WTct_L,
720575941612053094,720575941513173763,11,VNC_HTct_R,
720575941612053094,720575941516770670,14,VNC_HTct_R,
720575941612053094,720575941580669817,57,VNC_HTct_R,
720575941612053094,720575941580669817,24,VNC_WTct_R,
720575941612053094,720575941655597785,22,VNC_HTct_R,
720575941612053094,720575941655597785,18,VNC_WTct_R,
720575941612197734,720575941459347411,23,VNC_WTct_L,
720575941612197734,720575941624155644,21,VNC_WTct_L,
720575941612326675,720575941475745898,10,VNC_IntTct_R,
720575941612326675,720575941475745898,14,VNC_WTct_R,
720575941612500889,720575941475745898,15,VNC_WTct_R,
720575941612611993,720575941463144336,14,VNC_WTct_R,
720575941612611993,720575941479034563,11,VNC_WTct_R,
720575941612611993,720575941533190337,13,VNC_WTct_R,
720575941612611993,720575941534583786,18,VNC_WTct_R,
720575941612611993,720575941596050112,38,VNC_WTct_R,
720575941612696934,720575941463144336,13,VNC_WTct_R,
720575941612696934,720575941472734048,10,VNC_WTct_R,
720575941612696934,720575941479034563,27,VNC_WTct_R,
720575941612696934,720575941479034563,11,VNC_unassigned_R,
720575941612696934,720575941519783640,10,VNC_WTct_L,
720575941612696934,720575941530190027,13,VNC_WTct_R,
720575941612696934,720575941533190337,13,VNC_WTct_R,
720575941612696934,720575941534583786,12,VNC_WTct_L,
720575941612696934,720575941560383347,10,VNC_WTct_L,
720575941612696934,720575941565105206,19,VNC_WTct_L,
720575941612696934,720575941566847847,16,VNC_WTct_L,
720575941612696934,720575941583644382,13,VNC_WTct_R,
720575941612696934,720575941596050112,15,VNC_WTct_R,
720575941612696934,720575941597489344,23,VNC_WTct_R,
720575941612696934,720575941603635190,11,VNC_WTct_R,
720575941612696934,720575941624985226,12,VNC_WTct_R,
720575941612696934,720575941645403000,12,VNC_WTct_L,
720575941613256211,720575941468897856,18,VNC_HTct_R,
720575941613256211,720575941513173763,14,VNC_HTct_R,
720575941613256211,720575941580669817,20,VNC_HTct_R,
720575941613367260,720575941468288375,13,VNC_HTct_R,
720575941613367260,720575941468288375,41,VNC_WTct_R,
720575941613367260,720575941483845954,20,VNC_HTct_R,
720575941613367260,720575941513173763,62,VNC_HTct_R,
720575941613367260,720575941513173763,66,VNC_WTct_R,
720575941613367260,720575941580669817,51,VNC_HTct_R,
720575941613367260,720575941580669817,54,VNC_WTct_R,
720575941613403100,720575941549822781,21,VNC_IntTct_R,
720575941613403100,720575941549822781,45,VNC_WTct_R,
720575941613403100,720575941655597785,18,VNC_HTct_R,
720575941613403100,720575941655597785,18,VNC_IntTct_R,
720575941613403100,720575941655597785,102,VNC_WTct_R,
720575941614737877,720575941547394081,13,VNC_WTct_L,
720575941614802389,720575941655597785,17,VNC_WTct_R,
720575941614816725,720575941507955269,15,VNC_WTct_L,
720575941614816725,720575941534583786,22,VNC_WTct_L,
720575941614816725,720575941534583786,15,VNC_unassigned_L,
720575941614816725,720575941640465439,10,VNC_WTct_L,
720575941614816725,720575941640465439,13,VNC_unassigned_L,
720575941614816725,720575941645403000,16,VNC_WTct_L,
720575941614816725,720575941645403000,15,VNC_unassigned_L,
720575941614850517,720575941468897856,100,VNC_HTct_R,
720575941614850517,720575941468897856,14,VNC_WTct_R,
720575941614850517,720575941474574132,148,VNC_HTct_R,
720575941614850517,720575941474574132,10,VNC_IntTct_R,
720575941614850517,720575941474574132,30,VNC_WTct_R,
720575941614850517,720575941475745898,11,VNC_HTct_R,
720575941614874325,720575941459347411,10,VNC_HTct_L,
720575941614874325,720575941643100754,15,VNC_HTct_L,
720575941614874325,720575941643100754,10,VNC_WTct_L,
720575941614874325,720575941643100754,18,VNC_WTct_R,
720575941614874325,720575941645041313,16,VNC_HTct_L,
720575941614874325,720575941645041313,11,VNC_WTct_L,
720575941614889941,720575941580669817,17,VNC_IntTct_R,
720575941614889941,720575941655597785,22,VNC_IntTct_R,
720575941614919893,720575941463144336,40,VNC_WTct_R,
720575941614919893,720575941479034563,45,VNC_WTct_R,
720575941614919893,720575941507955269,13,VNC_WTct_R,
720575941614919893,720575941507955269,13,VNC_unassigned_R,
720575941614919893,720575941519783640,13,VNC_WTct_R,
720575941614919893,720575941533190337,54,VNC_WTct_R,
720575941614919893,720575941533190337,14,VNC_unassigned_R,
720575941614919893,720575941534583786,20,VNC_WTct_R,
720575941614919893,720575941583644382,43,VNC_WTct_R,
720575941614919893,720575941583644382,13,VNC_unassigned_R,
720575941614919893,720575941596050112,67,VNC_WTct_R,
720575941614919893,720575941596050112,15,VNC_unassigned_R,
720575941614919893,720575941640465439,10,VNC_unassigned_R,
720575941615272601,720575941475745898,12,VNC_WTct_R,
720575941615272601,720575941547394081,26,VNC_IntTct_L,
720575941615272601,720575941547394081,19,VNC_WTct_L,
720575941616420053,720575941456201887,12,VNC_WTct_L,
720575941616420053,720575941630940642,16,VNC_HTct_L,
720575941617069695,720575941513173763,13,VNC_HTct_R,
720575941617069695,720575941516770670,13,VNC_HTct_R,
720575941617069695,720575941516770670,19,VNC_WTct_R,
720575941617069695,720575941547394081,14,VNC_WTct_L,
720575941617069695,720575941549822781,27,VNC_WTct_R,
720575941617069695,720575941580669817,18,VNC_WTct_R,
720575941617069695,720575941624155644,25,VNC_WTct_L,
720575941617069695,720575941655597785,16,VNC_HTct_R,
720575941617069695,720575941655597785,48,VNC_WTct_R,
720575941617190527,720575941533190337,13,VNC_WTct_R,
720575941617190527,720575941583644382,14,VNC_WTct_R,
720575941617190527,720575941596050112,11,VNC_WTct_R,
720575941617646805,720575941655597785,15,VNC_WTct_R,
720575941618008447,720575941463144336,11,VNC_WTct_L,
720575941618008447,720575941463144336,20,VNC_WTct_R,
720575941618008447,720575941463144336,11,VNC_unassigned_R,
720575941618008447,720575941479034563,10,VNC_WTct_L,
720575941618008447,720575941479034563,43,VNC_WTct_R,
720575941618008447,720575941479034563,14,VNC_unassigned_R,
720575941618008447,720575941507955269,40,VNC_WTct_L,
720575941618008447,720575941507955269,18,VNC_WTct_R,
720575941618008447,720575941519783640,32,VNC_WTct_L,
720575941618008447,720575941533190337,11,VNC_WTct_L,
720575941618008447,720575941533190337,53,VNC_WTct_R,
720575941618008447,720575941533190337,17,VNC_unassigned_R,
720575941618008447,720575941534583786,34,VNC_WTct_L,
720575941618008447,720575941566847847,13,VNC_WTct_L,
720575941618008447,720575941583644382,36,VNC_WTct_R,
720575941618008447,720575941596050112,37,VNC_WTct_R,
720575941618008447,720575941596050112,13,VNC_unassigned_R,
720575941618008447,720575941597489344,11,VNC_WTct_R,
720575941618008447,720575941640465439,26,VNC_WTct_L,
720575941618008447,720575941640465439,12,VNC_WTct_R,
720575941618008447,720575941645403000,36,VNC_WTct_L,
720575941619071871,720575941643100754,16,VNC_unassigned_R,
720575941619071871,720575941645041313,16,VNC_unassigned_L,
720575941619873663,720575941456201887,14,VNC_HTct_L,
720575941619873663,720575941456201887,16,VNC_WTct_L,
720575941619873663,720575941459347411,12,VNC_WTct_L,
720575941619873663,720575941479658831,10,VNC_WTct_L,
720575941619873663,720575941483845954,10,VNC_WTct_L,
720575941619873663,720575941580669817,10,VNC_HTct_R,
720575941619873663,720575941624155644,23,VNC_WTct_L,
720575941619873663,720575941630940642,19,VNC_HTct_L,
720575941619873663,720575941630940642,15,VNC_WTct_L,
720575941619873663,720575941655597785,10,VNC_WTct_R,
720575941621586172,720575941463144336,26,VNC_WTct_R,
720575941621586172,720575941479034563,25,VNC_WTct_R,
720575941621586172,720575941533190337,32,VNC_WTct_R,
720575941621586172,720575941583644382,17,VNC_WTct_R,
720575941621586172,720575941596050112,23,VNC_WTct_R,
720575941621630716,720575941565378919,31,VNC_HTct_L,
720575941621630716,720575941565378919,14,VNC_WTct_L,
720575941621725180,720575941549822781,12,VNC_WTct_R,
720575941621725180,720575941655597785,22,VNC_WTct_R,
720575941623108298,720575941463144336,10,VNC_WTct_R,
720575941623108298,720575941472734048,13,VNC_HTct_R,
720575941623108298,720575941472734048,39,VNC_WTct_R,
720575941623108298,720575941479034563,15,VNC_WTct_R,
720575941623108298,720575941487139138,14,VNC_WTct_R,
720575941623108298,720575941530190027,11,VNC_WTct_R,
720575941623108298,720575941597489344,20,VNC_WTct_R,
720575941623108298,720575941603635190,32,VNC_WTct_R,
720575941623108298,720575941624985226,11,VNC_WTct_R,
720575941623108298,720575941643100754,20,VNC_HTct_L,
720575941623108298,720575941643100754,96,VNC_HTct_R,
720575941623108298,720575941643100754,11,VNC_WTct_L,
720575941623108298,720575941643100754,182,VNC_WTct_R,
720575941623108298,720575941643100754,20,VNC_unassigned_R,
720575941623108298,720575941645041313,26,VNC_HTct_L,
720575941623108298,720575941645041313,52,VNC_HTct_R,
720575941623108298,720575941645041313,21,VNC_IntTct_R,
720575941623108298,720575941645041313,16,VNC_WTct_L,
720575941623108298,720575941645041313,47,VNC_WTct_R,
720575941623108298,720575941645403000,11,VNC_WTct_R,
720575941623126474,720575941463144336,17,VNC_WTct_R,
720575941623126474,720575941479034563,19,VNC_WTct_R,
720575941623126474,720575941533190337,12,VNC_WTct_R,
720575941623126474,720575941583644382,13,VNC_WTct_R,
720575941623126474,720575941596050112,20,VNC_WTct_R,
720575941623326572,720575941513173763,11,VNC_WTct_R,
720575941623326572,720575941629172716,12,VNC_WTct_R,
720575941623328108,720575941475745898,10,VNC_IntTct_L,
720575941623328108,720575941475745898,14,VNC_IntTct_R,
720575941623328108,720575941475745898,30,VNC_WTct_R,
720575941623328108,720575941547394081,23,VNC_IntTct_L,
720575941623328108,720575941547394081,12,VNC_IntTct_R,
720575941623328108,720575941547394081,23,VNC_WTct_L,
720575941623328108,720575941547394081,13,VNC_WTct_R,
720575941623347099,720575941459347411,15,VNC_WTct_L,
720575941623347099,720575941516770670,18,VNC_WTct_R,
720575941623347099,720575941521196211,14,VNC_WTct_L,
720575941623347099,720575941549822781,10,VNC_IntTct_R,
720575941623347099,720575941549822781,19,VNC_WTct_R,
720575941623347099,720575941624155644,19,VNC_IntTct_L,
720575941623347099,720575941624155644,22,VNC_WTct_L,
720575941623347099,720575941655597785,17,VNC_IntTct_R,
720575941623347099,720575941655597785,19,VNC_WTct_R,
720575941623353755,720575941643100754,47,VNC_WTct_R,
720575941623388524,720575941655597785,11,VNC_WTct_R,
720575941623399788,720575941516770670,19,VNC_HTct_R,
720575941623399788,720575941516770670,15,VNC_IntTct_R,
720575941623399788,720575941516770670,15,VNC_WTct_R,
720575941623399788,720575941580669817,18,VNC_HTct_R,
720575941623399788,720575941580669817,14,VNC_IntTct_R,
720575941623399788,720575941580669817,19,VNC_WTct_R,
720575941623399788,720575941655597785,28,VNC_IntTct_R,
720575941623399788,720575941655597785,16,VNC_WTct_R,
720575941623439754,720575941468897856,22,VNC_HTct_R,
720575941623439754,720575941468897856,25,VNC_WTct_R,
720575941623439754,720575941475745898,23,VNC_HTct_R,
720575941623439754,720575941475745898,11,VNC_IntTct_R,
720575941623439754,720575941475745898,33,VNC_WTct_R,
720575941623972251,720575941459347411,18,VNC_HTct_L,
720575941623972251,720575941459347411,42,VNC_WTct_L,
720575941623972251,720575941624155644,12,VNC_HTct_L,
720575941623972251,720575941624155644,60,VNC_WTct_L,
720575941624764268,720575941463144336,13,VNC_WTct_L,
720575941624764268,720575941507955269,21,VNC_WTct_L,
720575941624764268,720575941519783640,23,VNC_WTct_L,
720575941624764268,720575941534583786,34,VNC_WTct_L,
720575941624764268,720575941640465439,22,VNC_WTct_L,
720575941624764268,720575941645403000,21,VNC_WTct_L,
720575941625095067,720575941456201887,13,VNC_WTct_L,
720575941625095067,720575941459347411,14,VNC_WTct_L,
720575941625095067,720575941489673420,13,VNC_WTct_L,
720575941625095067,720575941655597785,29,VNC_WTct_R,
720575941625170314,720575941463144336,18,VNC_WTct_R,
720575941625170314,720575941479034563,18,VNC_WTct_R,
720575941625170314,720575941519783640,13,VNC_WTct_L,
720575941625170314,720575941533190337,28,VNC_WTct_R,
720575941625170314,720575941534583786,12,VNC_WTct_L,
720575941625170314,720575941583644382,45,VNC_WTct_R,
720575941625170314,720575941596050112,11,VNC_WTct_L,
720575941625170314,720575941596050112,68,VNC_WTct_R,
720575941625319225,720575941458961604,22,VNC_WTct_R,
720575941625347722,720575941489673420,22,VNC_WTct_L,
720575941625387321,720575941542412805,37,VNC_WTct_L,
720575941625387321,720575941547315060,19,VNC_WTct_L,
720575941625907769,720575941479658831,10,VNC_IntTct_L,
720575941625932682,720575941468288375,10,VNC_WTct_R,
720575941625932682,720575941475745898,23,VNC_IntTct_R,
720575941625932682,720575941475745898,36,VNC_LTct_R,
720575941625932682,720575941547394081,12,VNC_IntTct_R,
720575941625932682,720575941547394081,17,VNC_LTct_L,
720575941625963419,720575941516770670,18,VNC_IntTct_R,
720575941625963419,720575941516770670,33,VNC_WTct_R,
720575941625963419,720575941580669817,14,VNC_IntTct_R,
720575941625963419,720575941643100754,12,VNC_WTct_R,
720575941626235530,720575941516770670,17,VNC_IntTct_R,
720575941626235530,720575941516770670,21,VNC_WTct_R,
720575941626235530,720575941542412805,17,VNC_WTct_L,
720575941626235530,720575941547315060,10,VNC_WTct_L,
720575941626235530,720575941547394081,13,VNC_WTct_L,
720575941626235530,720575941643100754,11,VNC_WTct_R,
720575941626286474,720575941479034563,15,VNC_WTct_R,
720575941626286474,720575941479034563,15,VNC_unassigned_R,
720575941626286474,720575941583644382,12,VNC_WTct_R,
720575941626286474,720575941597489344,11,VNC_WTct_R,
720575941626286474,720575941603635190,10,VNC_WTct_R,
720575941626734630,720575941456201887,15,VNC_WTct_L,
720575941626734630,720575941624155644,15,VNC_WTct_L,
720575941626975782,720575941521196211,24,VNC_WTct_L,
720575941626975782,720575941549822781,14,VNC_WTct_R,
720575941626975782,720575941624155644,40,VNC_WTct_L,
720575941626975782,720575941655597785,18,VNC_WTct_R,
720575941628010553,720575941547394081,20,VNC_WTct_L,
720575941628377314,720575941463144336,28,VNC_WTct_R,
720575941628377314,720575941479034563,34,VNC_WTct_R,
720575941628377314,720575941533190337,41,VNC_WTct_R,
720575941628377314,720575941583644382,38,VNC_WTct_R,
720575941628377314,720575941596050112,40,VNC_WTct_R,
720575941628602594,720575941468288375,16,VNC_WTct_R,
720575941628602594,720575941475745898,10,VNC_WTct_R,
720575941628602594,720575941513173763,13,VNC_WTct_R,
720575941628602594,720575941516770670,12,VNC_WTct_R,
720575941628617186,720575941645041313,26,VNC_WTct_L,
720575941628690982,720575941468897856,19,VNC_HTct_R,
720575941628690982,720575941468897856,13,VNC_IntTct_R,
720575941628690982,720575941468897856,16,VNC_WTct_R,
720575941628690982,720575941475745898,14,VNC_IntTct_R,
720575941628690982,720575941475745898,13,VNC_WTct_R,
720575941629131490,720575941468288375,14,VNC_WTct_R,
720575941629131490,720575941643100754,10,VNC_HTct_R,
720575941629131490,720575941643100754,21,VNC_WTct_R,
720575941629354476,720575941474574132,10,VNC_HTct_R,
720575941629354476,720575941475745898,10,VNC_HTct_R,
720575941629354476,720575941475745898,11,VNC_WTct_R,
720575941629354476,720575941542412805,10,VNC_WTct_L,
720575941629389804,720575941565378919,11,VNC_WTct_L,
720575941629389804,720575941645041313,10,VNC_WTct_L,
720575941629413356,720575941468897856,16,VNC_IntTct_R,
720575941629413356,720575941475745898,22,VNC_WTct_R,
720575941629727270,720575941549822781,10,VNC_WTct_R,
720575941629727270,720575941655597785,10,VNC_WTct_R,
720575941630111941,720575941624155644,11,VNC_WTct_L,
720575941630301125,720575941549822781,13,VNC_WTct_R,
720575941630301125,720575941655597785,10,VNC_WTct_R,
720575941630302405,720575941459347411,14,VNC_WTct_L,
720575941630302405,720575941521196211,13,VNC_WTct_L,
720575941630302405,720575941624155644,13,VNC_IntTct_L,
720575941630302405,720575941624155644,56,VNC_WTct_L,
720575941630620576,720575941629172716,11,VNC_IntTct_R,
720575941630620576,720575941629172716,78,VNC_WTct_R,
720575941630622624,720575941483845954,27,VNC_WTct_L,
720575941630622624,720575941630940642,28,VNC_WTct_L,
720575941630748859,720575941655597785,10,VNC_HTct_R,
720575941630748859,720575941655597785,58,VNC_WTct_R,
720575941630933947,720575941624155644,10,VNC_IntTct_L,
720575941630933947,720575941655597785,19,VNC_IntTct_R,
720575941630936251,720575941463144336,21,VNC_WTct_R,
720575941630936251,720575941479034563,18,VNC_WTct_R,
720575941630936251,720575941533190337,18,VNC_WTct_R,
720575941630936251,720575941583644382,26,VNC_WTct_R,
720575941630936251,720575941596050112,30,VNC_WTct_R,
720575941630959035,720575941468897856,16,VNC_HTct_R,
720575941630959035,720575941468897856,26,VNC_IntTct_R,
720575941631436524,720575941475745898,10,VNC_IntTct_R,
720575941631436524,720575941475745898,41,VNC_WTct_R,
720575941631436524,720575941547394081,13,VNC_WTct_R,
720575941631436780,720575941456201887,26,VNC_HTct_L,
720575941631436780,720575941456201887,60,VNC_WTct_L,
720575941631436780,720575941459347411,24,VNC_HTct_L,
720575941631436780,720575941459347411,65,VNC_WTct_L,
720575941631436780,720575941483845954,16,VNC_HTct_L,
720575941631436780,720575941483845954,79,VNC_WTct_L,
720575941631436780,720575941630940642,29,VNC_HTct_L,
720575941631436780,720575941630940642,96,VNC_WTct_L,
720575941631841477,720575941583644382,13,VNC_WTct_R,
720575941632673516,720575941472734048,13,VNC_HTct_R,
720575941632673516,720575941472734048,79,VNC_WTct_R,
720575941632673516,720575941479034563,23,VNC_WTct_R,
720575941632673516,720575941487139138,57,VNC_WTct_R,
720575941632673516,720575941499558369,32,VNC_WTct_R,
720575941632673516,720575941530190027,34,VNC_WTct_R,
720575941632673516,720575941597489344,63,VNC_WTct_R,
720575941632673516,720575941603635190,90,VNC_WTct_R,
720575941632673516,720575941624985226,31,VNC_WTct_R,
720575941632722875,720575941643100754,31,VNC_WTct_R,
720575941632722875,720575941643100754,16,VNC_unassigned_R,
720575941632901829,720575941475745898,10,VNC_IntTct_R,
720575941632901829,720575941629172716,15,VNC_HTct_R,
720575941632901829,720575941629172716,13,VNC_IntTct_R,
720575941632901829,720575941629172716,28,VNC_WTct_R,
720575941636281205,720575941468897856,18,VNC_IntTct_R,
720575941636281205,720575941475745898,12,VNC_IntTct_R,
720575941636281205,720575941542412805,19,VNC_WTct_L,
720575941636281205,720575941547315060,10,VNC_HTct_L,
720575941636281205,720575941547315060,23,VNC_IntTct_L,
720575941636281205,720575941547315060,13,VNC_WTct_L,
720575941636281205,720575941547394081,12,VNC_IntTct_L,
720575941636281205,720575941547394081,24,VNC_WTct_L,
720575941636535413,720575941549822781,11,VNC_HTct_R,
720575941636535413,720575941549822781,79,VNC_WTct_R,
720575941636535413,720575941549822781,19,VNC_unassigned_R,
720575941636535413,720575941655597785,67,VNC_WTct_R,
720575941636535413,720575941655597785,29,VNC_unassigned_R,
720575941637958687,720575941463144336,16,VNC_WTct_L,
720575941637958687,720575941463144336,43,VNC_WTct_R,
720575941637958687,720575941472734048,10,VNC_WTct_R,
720575941637958687,720575941479034563,19,VNC_WTct_L,
720575941637958687,720575941479034563,61,VNC_WTct_R,
720575941637958687,720575941507955269,37,VNC_WTct_L,
720575941637958687,720575941507955269,19,VNC_WTct_R,
720575941637958687,720575941519783640,25,VNC_WTct_L,
720575941637958687,720575941533190337,13,VNC_WTct_L,
720575941637958687,720575941533190337,57,VNC_WTct_R,
720575941637958687,720575941534583786,37,VNC_WTct_L,
720575941637958687,720575941534583786,12,VNC_WTct_R,
720575941637958687,720575941566847847,12,VNC_WTct_L,
720575941637958687,720575941583644382,49,VNC_WTct_R,
720575941637958687,720575941596050112,47,VNC_WTct_R,
720575941637958687,720575941597489344,16,VNC_WTct_R,
720575941637958687,720575941603635190,24,VNC_WTct_R,
720575941637958687,720575941640465439,33,VNC_WTct_L,
720575941637958687,720575941640465439,11,VNC_WTct_R,
720575941637958687,720575941645403000,37,VNC_WTct_L,
720575941637958687,720575941645403000,12,VNC_WTct_R,
720575941640900453,720575941475745898,18,VNC_IntTct_R,
720575941640900453,720575941489673420,13,VNC_IntTct_L,
720575941640900453,720575941629172716,27,VNC_IntTct_R,
720575941640900453,720575941629172716,10,VNC_LTct_R,
720575941640900453,720575941629172716,26,VNC_WTct_R,
720575941641423442,720575941475745898,16,VNC_WTct_R,
720575941641473874,720575941458961604,29,VNC_HTct_R,
720575941641473874,720575941643100754,43,VNC_HTct_R,
720575941641473874,720575941643100754,26,VNC_WTct_R,
720575941641473874,720575941645041313,12,VNC_HTct_R,
720575941641490258,720575941580669817,11,VNC_HTct_R,
720575941641490258,720575941580669817,13,VNC_IntTct_R,
720575941641490258,720575941580669817,29,VNC_WTct_R,
720575941641495634,720575941489673420,13,VNC_WTct_L,
720575941641574994,720575941513173763,13,VNC_WTct_R,
720575941641574994,720575941643100754,28,VNC_WTct_R,
720575941642372040,720575941516770670,38,VNC_WTct_R,
720575941642372040,720575941580669817,13,VNC_WTct_R,
720575941642372040,720575941597489344,12,VNC_WTct_R,
720575941642372040,720575941643100754,20,VNC_WTct_R,
720575941642372040,720575941655597785,67,VNC_WTct_R,
720575941642447973,720575941643100754,35,VNC_WTct_R,
720575941642454885,720575941474574132,12,VNC_HTct_R,
720575941642476961,720575941603635190,10,VNC_WTct_R,
720575941642530504,720575941463144336,21,VNC_WTct_R,
720575941642530504,720575941479034563,30,VNC_WTct_R,
720575941642530504,720575941479034563,16,VNC_unassigned_R,
720575941642530504,720575941533190337,22,VNC_WTct_R,
720575941642530504,720575941534583786,11,VNC_WTct_L,
720575941642530504,720575941583644382,13,VNC_WTct_R,
720575941642530504,720575941596050112,32,VNC_WTct_R,
720575941642530504,720575941643100754,10,VNC_WTct_R,
720575941642530504,720575941645403000,10,VNC_WTct_L,
720575941642638792,720575941624155644,15,VNC_WTct_L,
720575941643002962,720575941513173763,15,VNC_HTct_R,
720575941644138401,720575941459347411,12,VNC_WTct_L,
720575941644138401,720575941468897856,13,VNC_WTct_R,
720575941644138401,720575941516770670,10,VNC_HTct_R,
720575941644138401,720575941516770670,12,VNC_WTct_R,
720575941644138401,720575941547315060,16,VNC_WTct_L,
720575941644138401,720575941580669817,15,VNC_WTct_R,
720575941644491640,720575941565105206,16,VNC_WTct_L,
720575941644491640,720575941614289683,10,VNC_WTct_L,
720575941644900472,720575941475745898,13,VNC_WTct_R,
720575941644908408,720575941513173763,19,VNC_HTct_R,
720575941644908408,720575941516770670,13,VNC_IntTct_R,
720575941644908408,720575941655597785,18,VNC_IntTct_R,
720575941644908408,720575941655597785,23,VNC_WTct_R,
720575941645100664,720575941468897856,10,VNC_HTct_R,
720575941645100664,720575941580669817,11,VNC_HTct_R,
720575941645114785,720575941474574132,38,VNC_WTct_R,
720575941645114785,720575941516770670,11,VNC_HTct_R,
720575941645261768,720575941624155644,17,VNC_WTct_L,
720575941645261768,720575941655597785,10,VNC_HTct_R,
720575941645261768,720575941655597785,11,VNC_WTct_R,
720575941649214997,720575941533190337,15,VNC_WTct_R,
720575941649214997,720575941596050112,15,VNC_WTct_R,
720575941649244437,720575941456201887,10,VNC_HTct_L,
720575941649244437,720575941479658831,13,VNC_HTct_L,
720575941649244437,720575941479658831,14,VNC_HTct_R,
720575941649244437,720575941479658831,11,VNC_WTct_L,
720575941649244437,720575941479658831,23,VNC_WTct_R,
720575941649244437,720575941580669817,14,VNC_HTct_R,
720575941649244437,720575941629172716,13,VNC_LTct_L,
720575941649244437,720575941629172716,19,VNC_LTct_R,
720575941649244437,720575941732789547,30,VNC_HTct_L,
720575941649244437,720575941732789547,21,VNC_HTct_R,
720575941649244437,720575941732789547,10,VNC_IntTct_L,
720575941649244437,720575941732789547,13,VNC_WTct_L,
720575941649244437,720575941732789547,13,VNC_WTct_R,
720575941649244949,720575941474574132,10,VNC_HTct_R,
720575941649244949,720575941516770670,13,VNC_HTct_R,
720575941649244949,720575941580669817,21,VNC_HTct_R,
720575941650693905,720575941655597785,22,VNC_WTct_R,
720575941650696977,720575941655597785,24,VNC_WTct_R,
720575941650775313,720575941521196211,14,VNC_WTct_L,
720575941650775313,720575941549822781,10,VNC_WTct_R,
720575941650775313,720575941624155644,17,VNC_IntTct_L,
720575941650775313,720575941624155644,16,VNC_WTct_L,
720575941650775313,720575941655597785,26,VNC_IntTct_R,
720575941650775313,720575941655597785,12,VNC_WTct_R,
720575941650798609,720575941645041313,16,VNC_HTct_L,
720575941650798609,720575941645041313,12,VNC_WTct_L,
720575941651847189,720575941479034563,12,VNC_WTct_R,
720575941651847189,720575941596050112,14,VNC_WTct_R,
720575941651847189,720575941603635190,14,VNC_WTct_R,
720575941651851797,720575941468288375,10,VNC_WTct_R,
720575941651851797,720575941549822781,33,VNC_WTct_R,
720575941651851797,720575941655597785,11,VNC_HTct_R,
720575941651851797,720575941655597785,67,VNC_WTct_R,
720575941652038421,720575941521196211,19,VNC_HTct_L,
720575941652038421,720575941565378919,26,VNC_HTct_L,
720575941652038421,720575941624155644,17,VNC_HTct_L,
720575941652191961,720575941534583786,48,VNC_WTct_L,
720575941652191961,720575941596050112,11,VNC_WTct_L,
720575941652191961,720575941640465439,13,VNC_WTct_L,
720575941652191961,720575941645403000,10,VNC_WTct_L,
720575941652314841,720575941458961604,11,VNC_HTct_R,
720575941652314841,720575941458961604,14,VNC_WTct_R,
720575941652323289,720575941468897856,13,VNC_IntTct_R,
720575941652323289,720575941475745898,12,VNC_IntTct_R,
720575941652323289,720575941547315060,14,VNC_HTct_L,
720575941652323289,720575941547394081,16,VNC_HTct_L,
720575941652536593,720575941463144336,17,VNC_WTct_R,
720575941652536593,720575941479034563,23,VNC_WTct_R,
720575941652536593,720575941507955269,26,VNC_WTct_L,
720575941652536593,720575941507955269,16,VNC_WTct_R,
720575941652536593,720575941519783640,26,VNC_WTct_L,
720575941652536593,720575941533190337,26,VNC_WTct_R,
720575941652536593,720575941534583786,29,VNC_WTct_L,
720575941652536593,720575941583644382,29,VNC_WTct_R,
720575941652536593,720575941596050112,30,VNC_WTct_R,
720575941652536593,720575941640465439,19,VNC_WTct_L,
720575941652536593,720575941645403000,21,VNC_WTct_L,
720575941652640273,720575941630940642,21,VNC_T2_MesoNm_L,
720575941652652561,720575941534583786,24,VNC_WTct_L,
720575941652652561,720575941645041313,17,VNC_WTct_L,
720575941653507801,720575941580669817,27,VNC_HTct_R,
720575941653565201,720575941516770670,10,VNC_HTct_R,
720575941653565201,720575941516770670,33,VNC_WTct_R,
720575941654367444,720575941507955269,26,VNC_WTct_L,
720575941654367444,720575941519783640,13,VNC_WTct_L,
720575941654367444,720575941534583786,34,VNC_WTct_L,
720575941654367444,720575941640465439,28,VNC_WTct_L,
720575941654367444,720575941645403000,24,VNC_WTct_L,
720575941654985945,720575941489673420,35,VNC_HTct_L,
720575941654985945,720575941489673420,103,VNC_WTct_L,
720575941655477716,720575941507955269,12,VNC_WTct_L,
720575941655477716,720575941519783640,12,VNC_WTct_L,
720575941655477716,720575941534583786,19,VNC_WTct_L,
720575941655477716,720575941640465439,33,VNC_WTct_L,
720575941655477716,720575941645403000,27,VNC_WTct_L,
720575941655827480,720575941463144336,19,VNC_WTct_R,
720575941655827480,720575941479034563,20,VNC_WTct_R,
720575941655827480,720575941533190337,13,VNC_WTct_R,
720575941655827480,720575941583644382,21,VNC_WTct_R,
720575941655827480,720575941596050112,25,VNC_WTct_R,
720575941655860504,720575941565378919,19,VNC_WTct_L,
720575941656239440,720575941459347411,15,VNC_HTct_L,
720575941656239440,720575941459347411,10,VNC_WTct_L,
720575941656239440,720575941547315060,13,VNC_HTct_L,
720575941656239440,720575941547315060,15,VNC_WTct_L,
720575941656252752,720575941630940642,41,VNC_WTct_L,
720575941657510992,720575941521196211,10,VNC_WTct_L,
720575941657510992,720575941624155644,13,VNC_IntTct_L,
720575941657510992,720575941624155644,81,VNC_WTct_L,
720575941657718552,720575941516770670,16,VNC_WTct_R,
720575941658602520,720575941624155644,10,VNC_WTct_L,
720575941658910032,720575941513173763,15,VNC_WTct_R,
720575941658910032,720575941516770670,15,VNC_IntTct_R,
720575941659675704,720575941521196211,15,VNC_WTct_L,
720575941659696184,720575941542412805,23,VNC_HTct_L,
720575941659696184,720575941542412805,33,VNC_WTct_L,
720575941659696184,720575941547315060,12,VNC_IntTct_L,
720575941659696184,720575941547315060,23,VNC_WTct_L,
720575941660856956,720575941456201887,18,VNC_WTct_L,
720575941660856956,720575941459347411,20,VNC_WTct_L,
720575941661308472,720575941655597785,11,VNC_WTct_R,
720575941662295352,720575941624155644,25,VNC_WTct_L,
720575941662295352,720575941655597785,15,VNC_WTct_R,
720575941662449020,720575941474574132,11,VNC_WTct_R,
720575941662449020,720575941474574132,12,VNC_unassigned_R,
720575941662449020,720575941547315060,28,VNC_IntTct_L,
720575941662449020,720575941547315060,11,VNC_LTct_L,
720575941662449020,720575941547315060,13,VNC_WTct_L,
720575941662449020,720575941547394081,22,VNC_WTct_L,
720575941663099516,720575941468288375,10,VNC_HTct_L,
720575941663099516,720575941468288375,12,VNC_HTct_R,
720575941663099516,720575941468288375,23,VNC_WTct_R,
720575941663099516,720575941483845954,12,VNC_HTct_L,
720575941663099516,720575941483845954,13,VNC_HTct_R,
720575941663099516,720575941483845954,13,VNC_WTct_R,
720575941663099516,720575941547394081,12,VNC_IntTct_L,
720575941663489404,720575941597489344,13,VNC_WTct_R,
720575941663489404,720575941643100754,47,VNC_WTct_R,
720575941665441523,720575941580669817,10,VNC_WTct_R,
720575941665486067,720575941507955269,15,VNC_WTct_L,
720575941665486067,720575941519783640,10,VNC_WTct_L,
720575941665486067,720575941534583786,10,VNC_WTct_L,
720575941665486067,720575941640465439,11,VNC_WTct_L,
720575941665520371,720575941629172716,17,VNC_IntTct_R,
720575941665520371,720575941629172716,68,VNC_WTct_R,
720575941665522419,720575941549822781,25,VNC_HTct_R,
720575941665522419,720575941549822781,19,VNC_WTct_R,
720575941665522419,720575941549822781,11,VNC_unassigned_R,
720575941666130675,720575941629172716,17,VNC_WTct_R,
720575941667143601,720575941513173763,28,VNC_HTct_R,
720575941667143601,720575941516770670,13,VNC_HTct_R,
720575941667143601,720575941580669817,24,VNC_HTct_R,
720575941667143601,720575941580669817,10,VNC_IntTct_R,
720575941667143601,720575941580669817,16,VNC_WTct_R,
720575941667146417,720575941549822781,25,VNC_HTct_R,
720575941667146417,720575941549822781,13,VNC_IntTct_R,
720575941667146417,720575941549822781,22,VNC_WTct_R,
720575941667146417,720575941655597785,18,VNC_HTct_R,
720575941667146417,720575941655597785,14,VNC_IntTct_R,
720575941667146417,720575941655597785,61,VNC_WTct_R,
720575941667164081,720575941521196211,18,VNC_WTct_L,
720575941667164081,720575941624155644,25,VNC_WTct_L,
720575941668285171,720575941459347411,19,VNC_WTct_L,
720575941668285171,720575941483845954,29,VNC_WTct_L,
720575941668285171,720575941624155644,19,VNC_WTct_L,
720575941668606375,720575941459347411,17,VNC_WTct_L,
720575941668725169,720575941456201887,11,VNC_HTct_L,
720575941668725169,720575941479658831,11,VNC_HTct_L,
720575941668725169,720575941479658831,27,VNC_HTct_R,
720575941668725169,720575941479658831,10,VNC_IntTct_R,
720575941668725169,720575941479658831,16,VNC_WTct_L,
720575941668725169,720575941479658831,17,VNC_WTct_R,
720575941668725169,720575941489673420,10,VNC_IntTct_L,
720575941668725169,720575941580669817,20,VNC_HTct_R,
720575941668725169,720575941629172716,12,VNC_IntTct_R,
720575941668725169,720575941732789547,29,VNC_HTct_L,
720575941668725169,720575941732789547,37,VNC_HTct_R,
720575941668725169,720575941732789547,13,VNC_WTct_L,
720575941668725169,720575941732789547,23,VNC_WTct_R,
720575941668742567,720575941489673420,15,VNC_HTct_L,
720575941668742567,720575941629172716,11,VNC_HTct_R,
720575941668869363,720575941516770670,16,VNC_WTct_R,
720575941668869363,720575941580669817,23,VNC_WTct_R,
720575941669049587,720575941463144336,22,VNC_WTct_L,
720575941669049587,720575941463144336,17,VNC_WTct_R,
720575941669049587,720575941472734048,10,VNC_WTct_R,
720575941669049587,720575941479034563,24,VNC_WTct_L,
720575941669049587,720575941479034563,31,VNC_WTct_R,
720575941669049587,720575941499558369,14,VNC_WTct_R,
720575941669049587,720575941507955269,78,VNC_WTct_L,
720575941669049587,720575941507955269,18,VNC_WTct_R,
720575941669049587,720575941519783640,66,VNC_WTct_L,
720575941669049587,720575941530190027,13,VNC_WTct_R,
720575941669049587,720575941533190337,20,VNC_WTct_L,
720575941669049587,720575941533190337,25,VNC_WTct_R,
720575941669049587,720575941533190337,10,VNC_unassigned_R,
720575941669049587,720575941534583786,75,VNC_WTct_L,
720575941669049587,720575941534583786,10,VNC_WTct_R,
720575941669049587,720575941542328837,28,VNC_WTct_L,
720575941669049587,720575941560383347,31,VNC_WTct_L,
720575941669049587,720575941565105206,51,VNC_WTct_L,
720575941669049587,720575941566847847,44,VNC_WTct_L,
720575941669049587,720575941573368719,13,VNC_WTct_L,
720575941669049587,720575941583644382,11,VNC_WTct_L,
720575941669049587,720575941583644382,28,VNC_WTct_R,
720575941669049587,720575941590220684,24,VNC_WTct_L,
720575941669049587,720575941596050112,34,VNC_WTct_R,
720575941669049587,720575941597489344,29,VNC_WTct_R,
720575941669049587,720575941603635190,20,VNC_WTct_R,
720575941669049587,720575941614289683,22,VNC_WTct_L,
720575941669049587,720575941624985226,13,VNC_WTct_R,
720575941669049587,720575941640465439,62,VNC_WTct_L,
720575941669049587,720575941640465439,10,VNC_WTct_R,
720575941669049587,720575941645403000,72,VNC_WTct_L,
720575941669049587,720575941645403000,17,VNC_WTct_R,
720575941669827505,720575941472734048,27,VNC_WTct_R,
720575941669827505,720575941597489344,19,VNC_WTct_R,
720575941669827505,720575941603635190,11,VNC_WTct_R,
720575941669866161,720575941629172716,10,VNC_HTct_R,
720575941670445479,720575941583644382,10,VNC_WTct_R,
720575941670445479,720575941596050112,35,VNC_WTct_R,
720575941670585767,720575941624155644,33,VNC_WTct_L,
720575941670676135,720575941475745898,22,VNC_HTct_R,
720575941670676135,720575941475745898,13,VNC_WTct_R,
720575941670676135,720575941547394081,10,VNC_HTct_L,
720575941670676135,720575941547394081,47,VNC_IntTct_L,
720575941670676135,720575941547394081,127,VNC_WTct_L,
720575941671138727,720575941479034563,10,VNC_WTct_R,
720575941671138727,720575941565105206,46,VNC_WTct_L,
720575941671138727,720575941566847847,25,VNC_WTct_L,
720575941671138727,720575941643100754,41,VNC_HTct_L,
720575941671138727,720575941643100754,11,VNC_HTct_R,
720575941671138727,720575941643100754,36,VNC_WTct_L,
720575941671138727,720575941643100754,34,VNC_WTct_R,
720575941671138727,720575941645041313,64,VNC_HTct_L,
720575941671138727,720575941645041313,24,VNC_IntTct_L,
720575941671138727,720575941645041313,157,VNC_WTct_L,
720575941671138727,720575941645403000,23,VNC_WTct_L,
720575941678358973,720575941458961604,32,VNC_HTct_R,
720575941678358973,720575941458961604,14,VNC_WTct_R,
720575941679017405,720575941468288375,17,VNC_HTct_R,
720575941679017405,720575941483845954,11,VNC_HTct_R,
720575941679017405,720575941513173763,20,VNC_HTct_R,
720575941679017405,720575941516770670,10,VNC_HTct_R,
720575941680033213,720575941513173763,30,VNC_HTct_R,
720575941680033213,720575941580669817,35,VNC_HTct_R,
720575941680340157,720575941643100754,31,VNC_WTct_R,
720575941684748271,720575941645041313,40,VNC_WTct_L,
720575941684876527,720575941483845954,16,VNC_HTct_R,
720575941684876527,720575941513173763,10,VNC_HTct_R,
720575941684876527,720575941516770670,11,VNC_HTct_R,
720575941684876527,720575941630940642,12,VNC_HTct_L,
720575941684940271,720575941489673420,13,VNC_WTct_L,
720575941684990447,720575941456201887,16,VNC_WTct_L,
720575941684990447,720575941459347411,12,VNC_WTct_L,
720575941684990447,720575941521196211,19,VNC_WTct_L,
720575941684990447,720575941624155644,28,VNC_WTct_L,
720575941684992751,720575941630940642,22,VNC_HTct_L,
720575941685707788,720575941463144336,34,VNC_WTct_R,
720575941685707788,720575941479034563,34,VNC_WTct_R,
720575941685707788,720575941533190337,18,VNC_WTct_R,
720575941685707788,720575941583644382,21,VNC_WTct_R,
720575941685707788,720575941596050112,41,VNC_WTct_R,
720575941685747212,720575941630940642,22,VNC_WTct_L,
720575941686037878,720575941513173763,13,VNC_HTct_R,
720575941686037878,720575941513173763,16,VNC_NTct_R,
720575941686473996,720575941629172716,10,VNC_LTct_R,
720575941686858735,720575941624155644,15,VNC_WTct_L,
720575941687572492,720575941456201887,21,VNC_HTct_L,
720575941687572492,720575941456201887,11,VNC_WTct_L,
720575941687572492,720575941459347411,21,VNC_HTct_L,
720575941687572492,720575941483845954,12,VNC_HTct_L,
720575941687572492,720575941630940642,17,VNC_HTct_L,
720575941687834331,720575941565105206,15,VNC_WTct_L,
720575941687834331,720575941566847847,19,VNC_WTct_L,
720575941687834331,720575941590220684,15,VNC_WTct_L,
720575941687863515,720575941549822781,20,VNC_HTct_R,
720575941687863515,720575941549822781,17,VNC_WTct_R,
720575941687863515,720575941549822781,11,VNC_unassigned_R,
720575941687911663,720575941521196211,31,VNC_WTct_L,
720575941687911663,720575941624155644,63,VNC_WTct_L,
720575941687911663,720575941624155644,25,VNC_unassigned_L,
720575941687929307,720575941513173763,10,VNC_HTct_R,
720575941687929307,720575941580669817,20,VNC_HTct_R,
720575941688042203,720575941475745898,22,VNC_WTct_R,
720575941688135064,720575941624155644,12,VNC_WTct_L,
720575941688187032,720575941624155644,32,VNC_WTct_L,
720575941688628342,720575941643100754,24,VNC_WTct_R,
720575941688644470,720575941507955269,13,VNC_WTct_L,
720575941688644470,720575941519783640,15,VNC_WTct_L,
720575941688644470,720575941534583786,18,VNC_WTct_L,
720575941688644470,720575941645041313,10,VNC_HTct_L,
720575941688644470,720575941645041313,51,VNC_WTct_L,
720575941688644470,720575941645041313,10,VNC_unassigned_L,
720575941688644470,720575941645403000,10,VNC_WTct_L,
720575941689397656,720575941629172716,12,VNC_WTct_R,
720575941691013016,720575941655597785,12,VNC_WTct_R,
720575941700457946,720575941547315060,22,VNC_WTct_L,
720575941700457946,720575941547394081,19,VNC_WTct_L,
720575941700592858,720575941463144336,30,VNC_WTct_R,
720575941700592858,720575941479034563,22,VNC_WTct_R,
720575941700592858,720575941534583786,10,VNC_WTct_R,
720575941700592858,720575941580669817,18,VNC_WTct_R,
720575941700592858,720575941596050112,44,VNC_WTct_R,
720575941703124698,720575941463144336,13,VNC_WTct_R,
720575941703124698,720575941472734048,26,VNC_WTct_R,
720575941703124698,720575941479034563,15,VNC_WTct_L,
720575941703124698,720575941479034563,32,VNC_WTct_R,
720575941703124698,720575941479034563,16,VNC_unassigned_R,
720575941703124698,720575941499558369,22,VNC_WTct_R,
720575941703124698,720575941519783640,10,VNC_WTct_L,
720575941703124698,720575941530190027,14,VNC_WTct_R,
720575941703124698,720575941533190337,16,VNC_WTct_R,
720575941703124698,720575941542328837,10,VNC_WTct_L,
720575941703124698,720575941565105206,20,VNC_WTct_L,
720575941703124698,720575941566847847,18,VNC_WTct_L,
720575941703124698,720575941583644382,16,VNC_WTct_R,
720575941703124698,720575941596050112,15,VNC_WTct_R,
720575941703124698,720575941597489344,42,VNC_WTct_R,
720575941703124698,720575941603635190,25,VNC_WTct_R,
720575941703124698,720575941624985226,21,VNC_WTct_R,
720575941703124698,720575941645403000,21,VNC_WTct_L,
720575941703131610,720575941547394081,10,VNC_WTct_L,
720575941720432186,720575941643100754,11,VNC_HTct_L,
720575941720432186,720575941645041313,10,VNC_HTct_L,
720575941720432186,720575941645041313,14,VNC_WTct_L,
720575941720467514,720575941597489344,11,VNC_WTct_R,
720575941720629050,720575941547394081,11,VNC_IntTct_L,
720575941720629050,720575941547394081,23,VNC_WTct_L,
720575941721193018,720575941474574132,19,VNC_WTct_R,
720575941721193018,720575941475745898,17,VNC_WTct_R,
720575941721193018,720575941542412805,16,VNC_WTct_L,
720575941721193018,720575941547394081,20,VNC_WTct_L,
720575941722194234,720575941624155644,26,VNC_WTct_L,
720575941723152698,720575941629172716,10,VNC_WTct_R,
720575941723242042,720575941456201887,21,VNC_HTct_L,
720575941723242042,720575941456201887,24,VNC_WTct_L,
720575941723242042,720575941459347411,21,VNC_HTct_L,
720575941723242042,720575941459347411,11,VNC_IntTct_L,
720575941723242042,720575941459347411,42,VNC_WTct_L,
720575941723242042,720575941483845954,11,VNC_WTct_L,
720575941729855787,720575941547315060,13,VNC_HTct_L,
720575941729855787,720575941547315060,13,VNC_WTct_L,
720575941729855787,720575941547394081,30,VNC_WTct_L,
720575941729950507,720575941507955269,25,VNC_WTct_L,
720575941729950507,720575941519783640,15,VNC_WTct_L,
720575941729950507,720575941534583786,17,VNC_WTct_L,
720575941729950507,720575941640465439,39,VNC_WTct_L,
720575941729950507,720575941645403000,26,VNC_WTct_L,
720575941729958699,720575941459347411,21,VNC_HTct_L,
720575941729958699,720575941459347411,144,VNC_WTct_L,
720575941729958699,720575941468288375,15,VNC_HTct_L,
720575941729958699,720575941483845954,31,VNC_HTct_L,
720575941729958699,720575941483845954,81,VNC_WTct_L,
720575941729958699,720575941565378919,10,VNC_HTct_L,
720575941729958699,720575941630940642,37,VNC_HTct_L,
720575941729958699,720575941630940642,12,VNC_IntTct_L,
720575941729958699,720575941630940642,120,VNC_WTct_L,
720575941729958699,720575941732789547,13,VNC_WTct_L,
720575941729980203,720575941507955269,18,VNC_NTct_L,
720575941729980203,720575941507955269,17,VNC_WTct_L,
720575941729980203,720575941519783640,19,VNC_NTct_L,
720575941729980203,720575941519783640,19,VNC_WTct_L,
720575941729980203,720575941534583786,15,VNC_WTct_L,
720575941729980203,720575941640465439,16,VNC_NTct_L,
720575941729980203,720575941640465439,24,VNC_WTct_L,
720575941729980203,720575941645403000,12,VNC_NTct_L,
720575941729980203,720575941645403000,28,VNC_WTct_L,
