interneuron_id,cluster,hub_score,target_score,n_mn_targets,integration_score_norm,n_muscle_types,cluster_score,dn_score,n_dn_inputs,composite_score,neuron_name,rank,priority_tier
720575941413252241,3,20.68965517241372,20.689655172413794,6,10.526315789473685,2.0,92.67161410018554,1.9047619047619047,4,31.95625371085571,720575941413252241,417,Tier 3: Lower Priority
720575941489746663,4,17.2413793103444,17.24137931034483,5,5.2631578947368425,2.0,100.0,2.857142857142857,6,31.939331086336406,720575941489746663,418,Tier 3: Lower Priority
720575941456244127,2,20.68965517241372,20.689655172413794,6,0.0,1.0,100.0,2.857142857142857,6,31.92118226600983,720575941456244127,419,Tier 3: Lower Priority
720575941579161465,2,20.68965517241372,20.689655172413794,6,0.0,1.0,100.0,2.857142857142857,6,31.92118226600983,720575941579161465,420,Tier 3: Lower Priority
720575941524264985,3,27.586206896551623,27.586206896551722,8,0.0,1.0,92.67161410018554,1.9047619047619047,4,31.919956070202346,720575941524264985,421,Tier 3: Lower Priority
720575941506644540,2,10.344827586206492,10.344827586206897,3,0.0,1.0,100.0,15.238095238095237,32,31.912972085385757,720575941506644540,422,Tier 3: Lower Priority
720575941490813872,1,27.586206896551623,27.586206896551722,8,0.0,1.0,81.0760667903525,13.333333333333334,28,31.87821209988694,720575941490813872,423,Tier 3: Lower Priority
720575941450520745,4,17.2413793103444,17.24137931034483,5,0.0,1.0,100.0,6.666666666666667,14,31.83908045976999,720575941450520745,424,Tier 3: Lower Priority
720575941631975621,2,17.2413793103444,17.24137931034483,5,0.0,1.0,100.0,6.666666666666667,14,31.83908045976999,720575941631975621,425,Tier 3: Lower Priority
720575941535136739,2,17.2413793103444,17.24137931034483,5,0.0,1.0,100.0,6.666666666666667,14,31.83908045976999,720575941535136739,426,Tier 3: Lower Priority
720575941429439959,5,20.68965517241372,20.689655172413794,6,0.0,1.0,84.87940630797773,17.61904761904762,37,31.831510033480455,720575941429439959,427,Tier 3: Lower Priority
720575941611988582,4,20.68965517241372,20.689655172413794,6,0.0,1.0,100.0,2.380952380952381,5,31.80213464696221,720575941611988582,428,Tier 3: Lower Priority
720575941559310125,2,20.68965517241372,20.689655172413794,6,0.0,1.0,100.0,2.380952380952381,5,31.80213464696221,720575941559310125,429,Tier 3: Lower Priority
720575941492446078,4,20.68965517241372,20.689655172413794,6,0.0,1.0,100.0,2.380952380952381,5,31.80213464696221,720575941492446078,430,Tier 3: Lower Priority
720575941413990172,2,20.68965517241372,20.689655172413794,6,0.0,1.0,100.0,2.380952380952381,5,31.80213464696221,720575941413990172,431,Tier 3: Lower Priority
720575941501135191,2,3.4482758620685856,3.4482758620689653,1,0.0,1.0,100.0,22.857142857142858,48,31.748768472906292,720575941501135191,432,Tier 3: Lower Priority
720575941409904495,2,17.2413793103444,17.24137931034483,5,0.0,1.0,100.0,6.190476190476191,13,31.720032840722368,720575941409904495,433,Tier 3: Lower Priority
720575941583122527,4,13.793103448275811,13.793103448275861,4,10.526315789473685,2.0,100.0,1.9047619047619047,4,31.719384668567955,720575941583122527,434,Tier 3: Lower Priority
720575941450876794,3,13.793103448275811,13.793103448275861,4,0.0,1.0,92.67161410018554,17.61904761904762,37,31.710596464291033,720575941450876794,435,Tier 3: Lower Priority
720575941555575332,2,20.68965517241372,20.689655172413794,6,0.0,1.0,100.0,1.9047619047619047,4,31.68308702791459,720575941555575332,436,Tier 3: Lower Priority
720575941613367260,2,20.68965517241372,20.689655172413794,6,0.0,1.0,100.0,1.9047619047619047,4,31.68308702791459,720575941613367260,437,Tier 3: Lower Priority
720575941494144199,2,20.68965517241372,20.689655172413794,6,0.0,1.0,100.0,1.9047619047619047,4,31.68308702791459,720575941494144199,438,Tier 3: Lower Priority
720575941544688308,2,20.68965517241372,20.689655172413794,6,0.0,1.0,100.0,1.9047619047619047,4,31.68308702791459,720575941544688308,439,Tier 3: Lower Priority
720575941494021760,3,27.586206896551623,27.586206896551722,8,0.0,1.0,92.67161410018554,0.9523809523809523,2,31.68186083210711,720575941494021760,440,Tier 3: Lower Priority
720575941504389655,4,10.344827586206492,10.344827586206897,3,0.0,1.0,100.0,14.285714285714286,30,31.67487684729052,720575941504389655,441,Tier 3: Lower Priority
720575941412443540,1,27.586206896551623,27.586206896551722,8,0.0,1.0,81.0760667903525,12.380952380952381,26,31.640116861791704,720575941412443540,442,Tier 3: Lower Priority
720575941505478690,3,20.68965517241372,20.689655172413794,6,0.0,1.0,92.67161410018554,9.047619047619047,19,31.63670483867526,720575941505478690,443,Tier 3: Lower Priority
720575941650753297,2,13.793103448275811,13.793103448275861,4,5.2631578947368425,2.0,100.0,5.714285714285714,12,31.61913404200154,720575941650753297,444,Tier 3: Lower Priority
720575941554439251,3,17.2413793103444,17.24137931034483,5,15.789473684210526,2.0,92.67161410018554,0.47619047619047616,1,31.61725967403943,720575941554439251,445,Tier 3: Lower Priority
720575941520255223,3,17.2413793103444,17.24137931034483,5,15.789473684210526,2.0,92.67161410018554,0.47619047619047616,1,31.61725967403943,720575941520255223,446,Tier 3: Lower Priority
720575941685950326,1,27.586206896551623,27.586206896551722,8,10.526315789473685,2.0,81.0760667903525,3.8095238095238093,8,31.602522876829298,720575941685950326,447,Tier 3: Lower Priority
720575941533221825,2,17.2413793103444,17.24137931034483,5,0.0,1.0,100.0,5.714285714285714,12,31.600985221674748,720575941533221825,448,Tier 3: Lower Priority
720575941572945039,3,20.68965517241372,20.689655172413794,6,10.526315789473685,2.0,92.67161410018554,0.47619047619047616,1,31.599110853712855,720575941572945039,449,Tier 3: Lower Priority
720575941437157676,3,20.68965517241372,20.689655172413794,6,10.526315789473685,2.0,92.67161410018554,0.47619047619047616,1,31.599110853712855,720575941437157676,450,Tier 3: Lower Priority
720575941457930655,2,20.68965517241372,20.689655172413794,6,0.0,1.0,100.0,1.4285714285714286,3,31.56403940886697,720575941457930655,451,Tier 3: Lower Priority
720575941513033219,2,20.68965517241372,20.689655172413794,6,0.0,1.0,100.0,1.4285714285714286,3,31.56403940886697,720575941513033219,452,Tier 3: Lower Priority
720575941587190583,2,20.68965517241372,20.689655172413794,6,0.0,1.0,100.0,1.4285714285714286,3,31.56403940886697,720575941587190583,453,Tier 3: Lower Priority
720575941560632744,2,20.68965517241372,20.689655172413794,6,0.0,1.0,100.0,1.4285714285714286,3,31.56403940886697,720575941560632744,454,Tier 3: Lower Priority
720575941414326161,3,17.2413793103444,17.24137931034483,5,0.0,1.0,92.67161410018554,12.857142857142858,27,31.55460303243542,720575941414326161,455,Tier 3: Lower Priority
720575941516768472,3,20.68965517241372,20.689655172413794,6,0.0,1.0,92.67161410018554,8.571428571428571,18,31.51765721962764,720575941516768472,456,Tier 3: Lower Priority
720575941526355844,3,20.68965517241372,20.689655172413794,6,5.2631578947368425,2.0,92.67161410018554,4.285714285714286,9,31.49886022714644,720575941526355844,457,Tier 3: Lower Priority
720575941574148859,3,17.2413793103444,17.24137931034483,5,15.789473684210526,2.0,92.67161410018554,0.0,0,31.49821205499181,720575941574148859,458,Tier 3: Lower Priority
720575941524369945,2,17.2413793103444,17.24137931034483,5,0.0,1.0,100.0,5.238095238095238,11,31.48193760262713,720575941524369945,459,Tier 3: Lower Priority
720575941462590608,3,20.68965517241372,20.689655172413794,6,10.526315789473685,2.0,92.67161410018554,0.0,0,31.480063234665234,720575941462590608,460,Tier 3: Lower Priority
720575941601088441,3,13.793103448275811,13.793103448275861,4,0.0,1.0,92.67161410018554,16.666666666666668,35,31.472501226195796,720575941601088441,461,Tier 3: Lower Priority
720575941570823752,2,6.896551724137906,6.896551724137931,2,5.2631578947368425,2.0,100.0,13.333333333333334,28,31.454930429522072,720575941570823752,462,Tier 3: Lower Priority
720575941610536924,2,20.68965517241372,20.689655172413794,6,0.0,1.0,100.0,0.9523809523809523,2,31.44499178981935,720575941610536924,463,Tier 3: Lower Priority
720575941515062851,2,20.68965517241372,20.689655172413794,6,0.0,1.0,100.0,0.9523809523809523,2,31.44499178981935,720575941515062851,464,Tier 3: Lower Priority
720575941532476248,2,20.68965517241372,20.689655172413794,6,0.0,1.0,100.0,0.9523809523809523,2,31.44499178981935,720575941532476248,465,Tier 3: Lower Priority
720575941556222628,2,20.68965517241372,20.689655172413794,6,0.0,1.0,100.0,0.9523809523809523,2,31.44499178981935,720575941556222628,466,Tier 3: Lower Priority
720575941615272601,3,17.2413793103444,17.24137931034483,5,0.0,1.0,92.67161410018554,12.380952380952381,26,31.4355554133878,720575941615272601,467,Tier 3: Lower Priority
720575941601092537,3,17.2413793103444,17.24137931034483,5,0.0,1.0,92.67161410018554,12.380952380952381,26,31.4355554133878,720575941601092537,468,Tier 3: Lower Priority
720575941530853507,2,13.793103448275811,13.793103448275861,4,0.0,1.0,100.0,9.047619047619047,19,31.399835796387507,720575941530853507,469,Tier 3: Lower Priority
720575941481020925,3,20.68965517241372,20.689655172413794,6,0.0,1.0,92.67161410018554,8.095238095238095,17,31.398609600580023,720575941481020925,470,Tier 3: Lower Priority
720575941512450371,4,3.4482758620685856,3.4482758620689653,1,0.0,1.0,100.0,21.428571428571427,45,31.391625615763434,720575941512450371,471,Tier 3: Lower Priority
720575941536368370,2,17.2413793103444,17.24137931034483,5,0.0,1.0,100.0,4.761904761904762,10,31.36288998357951,720575941536368370,472,Tier 3: Lower Priority
720575941482212605,2,17.2413793103444,17.24137931034483,5,0.0,1.0,100.0,4.761904761904762,10,31.36288998357951,720575941482212605,473,Tier 3: Lower Priority
720575941485322637,2,17.2413793103444,17.24137931034483,5,0.0,1.0,100.0,4.761904761904762,10,31.36288998357951,720575941485322637,474,Tier 3: Lower Priority
720575941477573344,2,20.68965517241372,20.689655172413794,6,0.0,1.0,100.0,0.47619047619047616,1,31.325944170771734,720575941477573344,475,Tier 3: Lower Priority
720575941477051166,4,20.68965517241372,20.689655172413794,6,0.0,1.0,100.0,0.47619047619047616,1,31.325944170771734,720575941477051166,476,Tier 3: Lower Priority
720575941729980203,4,20.68965517241372,20.689655172413794,6,0.0,1.0,100.0,0.47619047619047616,1,31.325944170771734,720575941729980203,477,Tier 3: Lower Priority
720575941579017337,3,17.2413793103444,17.24137931034483,5,10.526315789473685,2.0,92.67161410018554,3.3333333333333335,7,31.278913809377773,720575941579017337,478,Tier 3: Lower Priority
720575941484086534,4,13.793103448275811,13.793103448275861,4,10.526315789473685,2.0,100.0,0.0,0,31.24319419237748,720575941484086534,479,Tier 3: Lower Priority
720575941552793939,4,20.68965517241372,20.689655172413794,6,0.0,1.0,100.0,0.0,0,31.206896551724114,720575941552793939,480,Tier 3: Lower Priority
720575941546436713,4,20.68965517241372,20.689655172413794,6,0.0,1.0,100.0,0.0,0,31.206896551724114,720575941546436713,481,Tier 3: Lower Priority
720575941628602594,2,20.68965517241372,20.689655172413794,6,0.0,1.0,100.0,0.0,0,31.206896551724114,720575941628602594,482,Tier 3: Lower Priority
720575941499544715,2,20.68965517241372,20.689655172413794,6,0.0,1.0,100.0,0.0,0,31.206896551724114,720575941499544715,483,Tier 3: Lower Priority
720575941632896453,1,24.1379310344823,24.137931034482758,7,0.0,1.0,81.0760667903525,14.761904761904763,31,31.200872198409005,720575941632896453,484,Tier 3: Lower Priority
720575941614889941,1,27.586206896551623,27.586206896551722,8,0.0,1.0,81.0760667903525,10.476190476190476,22,31.16392638560123,720575941614889941,485,Tier 3: Lower Priority
720575941580604661,2,3.4482758620685856,3.4482758620689653,1,0.0,1.0,100.0,20.476190476190474,43,31.153530377668197,720575941580604661,486,Tier 3: Lower Priority
720575941546731041,3,10.344827586206492,10.344827586206897,3,0.0,1.0,92.67161410018554,19.523809523809526,41,31.152304181860714,720575941546731041,487,Tier 3: Lower Priority
720575941426616148,2,17.2413793103444,17.24137931034483,5,0.0,1.0,100.0,3.8095238095238093,8,31.124794745484273,720575941426616148,488,Tier 3: Lower Priority
720575941500995051,4,17.2413793103444,17.24137931034483,5,0.0,1.0,100.0,3.8095238095238093,8,31.124794745484273,720575941500995051,489,Tier 3: Lower Priority
720575941563253814,2,17.2413793103444,17.24137931034483,5,0.0,1.0,100.0,3.8095238095238093,8,31.124794745484273,720575941563253814,490,Tier 3: Lower Priority
720575941504039618,2,17.2413793103444,17.24137931034483,5,0.0,1.0,100.0,3.8095238095238093,8,31.124794745484273,720575941504039618,491,Tier 3: Lower Priority
720575941461235088,3,24.1379310344823,24.137931034482758,7,0.0,1.0,92.67161410018554,2.857142857142857,6,31.12356854967679,720575941461235088,492,Tier 3: Lower Priority
720575941546491681,3,13.793103448275811,13.793103448275861,4,0.0,1.0,92.67161410018554,15.238095238095237,32,31.115358369052938,720575941546491681,493,Tier 3: Lower Priority
720575941411765140,5,24.1379310344823,24.137931034482758,7,0.0,1.0,84.87940630797773,10.476190476190476,22,31.080278506386744,720575941411765140,494,Tier 3: Lower Priority
720575941566802170,2,13.793103448275811,13.793103448275861,4,0.0,1.0,100.0,7.619047619047619,16,31.04269293924465,720575941566802170,495,Tier 3: Lower Priority
720575941586471646,4,3.4482758620685856,3.4482758620689653,1,0.0,1.0,100.0,20.0,42,31.034482758620577,720575941586471646,496,Tier 3: Lower Priority
720575941492318128,4,17.2413793103444,17.24137931034483,5,0.0,1.0,100.0,3.3333333333333335,7,31.005747126436653,720575941492318128,497,Tier 3: Lower Priority
720575941609481062,2,17.2413793103444,17.24137931034483,5,0.0,1.0,100.0,3.3333333333333335,7,31.005747126436653,720575941609481062,498,Tier 3: Lower Priority
720575941460195780,2,10.344827586206492,10.344827586206897,3,5.2631578947368425,2.0,100.0,7.142857142857143,15,30.9417941405236,720575941460195780,499,Tier 3: Lower Priority
720575941437396012,4,10.344827586206492,10.344827586206897,3,5.2631578947368425,2.0,100.0,7.142857142857143,15,30.9417941405236,720575941437396012,500,Tier 3: Lower Priority
720575941532423000,3,20.68965517241372,20.689655172413794,6,0.0,1.0,92.67161410018554,6.190476190476191,13,30.922419124389545,720575941532423000,501,Tier 3: Lower Priority
720575941449255290,3,10.344827586206492,10.344827586206897,3,0.0,1.0,92.67161410018554,18.571428571428573,39,30.914208943765473,720575941449255290,502,Tier 3: Lower Priority
720575941564792071,2,13.793103448275811,13.793103448275861,4,5.2631578947368425,2.0,100.0,2.857142857142857,6,30.90484832771583,720575941564792071,503,Tier 3: Lower Priority
720575941404452720,4,13.793103448275811,13.793103448275861,4,5.2631578947368425,2.0,100.0,2.857142857142857,6,30.90484832771583,720575941404452720,504,Tier 3: Lower Priority
720575941631436524,3,13.793103448275811,13.793103448275861,4,0.0,1.0,92.67161410018554,14.285714285714286,30,30.8772631309577,720575941631436524,505,Tier 3: Lower Priority
720575941626975782,1,31.03448275862021,31.03448275862069,9,5.2631578947368425,2.0,81.0760667903525,0.9523809523809523,2,30.870088342216793,720575941626975782,506,Tier 3: Lower Priority
720575941613448668,4,6.896551724137906,6.896551724137931,2,5.2631578947368425,2.0,100.0,10.952380952380953,23,30.859692334283977,720575941613448668,507,Tier 3: Lower Priority
720575941447025845,1,34.48275862068953,34.48275862068966,10,0.0,1.0,81.0760667903525,0.9523809523809523,2,30.85193952189022,720575941447025845,508,Tier 3: Lower Priority
720575941549701182,2,13.793103448275811,13.793103448275861,4,0.0,1.0,100.0,6.666666666666667,14,30.80459770114941,720575941549701182,509,Tier 3: Lower Priority
720575941478092963,2,13.793103448275811,13.793103448275861,4,0.0,1.0,100.0,6.666666666666667,14,30.80459770114941,720575941478092963,510,Tier 3: Lower Priority
720575941667143601,2,13.793103448275811,13.793103448275861,4,0.0,1.0,100.0,6.666666666666667,14,30.80459770114941,720575941667143601,511,Tier 3: Lower Priority
720575941636281205,3,20.68965517241372,20.689655172413794,6,0.0,1.0,92.67161410018554,5.714285714285714,12,30.803371505341925,720575941636281205,512,Tier 3: Lower Priority
720575941490414901,4,13.793103448275811,13.793103448275861,4,5.2631578947368425,2.0,100.0,2.380952380952381,5,30.78580070866821,720575941490414901,513,Tier 3: Lower Priority
720575941429324641,2,17.2413793103444,17.24137931034483,5,0.0,1.0,100.0,2.380952380952381,5,30.767651888341415,720575941429324641,514,Tier 3: Lower Priority
720575941550971783,2,17.2413793103444,17.24137931034483,5,0.0,1.0,100.0,2.380952380952381,5,30.767651888341415,720575941550971783,515,Tier 3: Lower Priority
720575941637950239,2,17.2413793103444,17.24137931034483,5,0.0,1.0,100.0,2.380952380952381,5,30.767651888341415,720575941637950239,516,Tier 3: Lower Priority
720575941547178164,4,17.2413793103444,17.24137931034483,5,0.0,1.0,100.0,2.380952380952381,5,30.767651888341415,720575941547178164,517,Tier 3: Lower Priority
720575941617069695,1,34.48275862068953,34.48275862068966,10,0.0,1.0,81.0760667903525,0.47619047619047616,1,30.732891902842603,720575941617069695,518,Tier 3: Lower Priority
720575941474571572,4,10.344827586206492,10.344827586206897,3,5.2631578947368425,2.0,100.0,6.190476190476191,13,30.703698902428364,720575941474571572,519,Tier 3: Lower Priority
720575941488156361,5,20.68965517241372,20.689655172413794,6,15.789473684210526,2.0,84.87940630797773,0.47619047619047616,1,30.703690484608277,720575941488156361,520,Tier 3: Lower Priority
720575941490160590,5,24.1379310344823,24.137931034482758,7,10.526315789473685,2.0,84.87940630797773,0.47619047619047616,1,30.68554166428148,720575941490160590,521,Tier 3: Lower Priority
720575941629354476,3,20.68965517241372,20.689655172413794,6,0.0,1.0,92.67161410018554,5.238095238095238,11,30.684323886294308,720575941629354476,522,Tier 3: Lower Priority
720575941642454885,3,17.2413793103444,17.24137931034483,5,10.526315789473685,2.0,92.67161410018554,0.9523809523809523,2,30.683675714139678,720575941642454885,523,Tier 3: Lower Priority
720575941601243321,3,10.344827586206492,10.344827586206897,3,0.0,1.0,92.67161410018554,17.61904761904762,37,30.676113705670236,720575941601243321,524,Tier 3: Lower Priority
720575941503451301,1,6.896551724137906,6.896551724137931,2,0.0,1.0,81.0760667903525,33.333333333333336,70,30.67131554816283,720575941503451301,525,Tier 3: Lower Priority
720575941518406766,5,31.03448275862021,31.03448275862069,9,0.0,1.0,84.87940630797773,0.47619047619047616,1,30.649244023628114,720575941518406766,526,Tier 3: Lower Priority
720575941669827505,4,17.2413793103444,17.24137931034483,5,0.0,1.0,100.0,1.9047619047619047,4,30.648604269293795,720575941669827505,527,Tier 3: Lower Priority
720575941543647420,2,17.2413793103444,17.24137931034483,5,0.0,1.0,100.0,1.9047619047619047,4,30.648604269293795,720575941543647420,528,Tier 3: Lower Priority
720575941631436780,2,17.2413793103444,17.24137931034483,5,0.0,1.0,100.0,1.9047619047619047,4,30.648604269293795,720575941631436780,529,Tier 3: Lower Priority
720575941537796989,3,24.1379310344823,24.137931034482758,7,0.0,1.0,92.67161410018554,0.9523809523809523,2,30.647378073486312,720575941537796989,530,Tier 3: Lower Priority
720575941609429350,3,17.2413793103444,17.24137931034483,5,0.0,1.0,92.67161410018554,9.047619047619047,19,30.602222080054467,720575941609429350,531,Tier 3: Lower Priority
720575941687572492,2,13.793103448275811,13.793103448275861,4,0.0,1.0,100.0,5.714285714285714,12,30.56650246305417,720575941687572492,532,Tier 3: Lower Priority
720575941464073558,3,10.344827586206492,10.344827586206897,3,0.0,1.0,92.67161410018554,17.142857142857142,36,30.557066086622616,720575941464073558,533,Tier 3: Lower Priority
720575941515936249,2,17.2413793103444,17.24137931034483,5,0.0,1.0,100.0,1.4285714285714286,3,30.529556650246178,720575941515936249,534,Tier 3: Lower Priority
720575941487815632,4,17.2413793103444,17.24137931034483,5,0.0,1.0,100.0,1.4285714285714286,3,30.529556650246178,720575941487815632,535,Tier 3: Lower Priority
720575941549399039,2,17.2413793103444,17.24137931034483,5,0.0,1.0,100.0,1.4285714285714286,3,30.529556650246178,720575941549399039,536,Tier 3: Lower Priority
720575941460571588,2,17.2413793103444,17.24137931034483,5,0.0,1.0,100.0,1.4285714285714286,3,30.529556650246178,720575941460571588,537,Tier 3: Lower Priority
720575941436391698,2,17.2413793103444,17.24137931034483,5,0.0,1.0,100.0,1.4285714285714286,3,30.529556650246178,720575941436391698,538,Tier 3: Lower Priority
720575941628630054,3,13.793103448275811,13.793103448275861,4,0.0,1.0,92.67161410018554,12.857142857142858,27,30.520120273814843,720575941628630054,539,Tier 3: Lower Priority
720575941551321371,1,10.344827586206492,10.344827586206897,3,0.0,1.0,81.0760667903525,28.571428571428573,60,30.515322116307214,720575941551321371,540,Tier 3: Lower Priority
720575941562021376,3,13.793103448275811,13.793103448275861,4,5.2631578947368425,2.0,92.67161410018554,8.571428571428571,18,30.50132328133364,720575941562021376,541,Tier 3: Lower Priority
720575941542286085,5,20.68965517241372,20.689655172413794,6,10.526315789473685,2.0,84.87940630797773,3.8095238095238093,8,30.48439223899424,720575941542286085,542,Tier 3: Lower Priority
720575941470786368,3,17.2413793103444,17.24137931034483,5,0.0,1.0,92.67161410018554,8.571428571428571,18,30.483174461006847,720575941470786368,543,Tier 3: Lower Priority
720575941551947263,5,3.4482758620685856,3.4482758620689653,1,0.0,1.0,84.87940630797773,32.857142857142854,69,30.46862004990072,720575941551947263,544,Tier 3: Lower Priority
720575941555526436,2,10.344827586206492,10.344827586206897,3,5.2631578947368425,2.0,100.0,5.238095238095238,11,30.465603664333127,720575941555526436,545,Tier 3: Lower Priority
720575941535001010,3,17.2413793103444,17.24137931034483,5,5.2631578947368425,2.0,92.67161410018554,4.285714285714286,9,30.464377468525647,720575941535001010,546,Tier 3: Lower Priority
720575941521236915,4,13.793103448275811,13.793103448275861,4,0.0,1.0,100.0,5.238095238095238,11,30.447454844006554,720575941521236915,547,Tier 3: Lower Priority
720575941485196752,2,13.793103448275811,13.793103448275861,4,0.0,1.0,100.0,5.238095238095238,11,30.447454844006554,720575941485196752,548,Tier 3: Lower Priority
720575941499725986,2,13.793103448275811,13.793103448275861,4,0.0,1.0,100.0,5.238095238095238,11,30.447454844006554,720575941499725986,549,Tier 3: Lower Priority
720575941522089463,3,20.68965517241372,20.689655172413794,6,0.0,1.0,92.67161410018554,4.285714285714286,9,30.44622864819907,720575941522089463,550,Tier 3: Lower Priority
720575941475696746,3,17.2413793103444,17.24137931034483,5,10.526315789473685,2.0,92.67161410018554,0.0,0,30.44558047604444,720575941475696746,551,Tier 3: Lower Priority
720575941465484566,1,6.896551724137906,6.896551724137931,2,0.0,1.0,81.0760667903525,32.38095238095238,68,30.43322031006759,720575941465484566,552,Tier 3: Lower Priority
720575941533191105,4,13.793103448275811,13.793103448275861,4,5.2631578947368425,2.0,100.0,0.9523809523809523,2,30.42865785152535,720575941533191105,553,Tier 3: Lower Priority
720575941612027238,2,17.2413793103444,17.24137931034483,5,0.0,1.0,100.0,0.9523809523809523,2,30.410509031198558,720575941612027238,554,Tier 3: Lower Priority
720575941507442305,2,17.2413793103444,17.24137931034483,5,0.0,1.0,100.0,0.9523809523809523,2,30.410509031198558,720575941507442305,555,Tier 3: Lower Priority
720575941518410094,2,17.2413793103444,17.24137931034483,5,0.0,1.0,100.0,0.9523809523809523,2,30.410509031198558,720575941518410094,556,Tier 3: Lower Priority
720575941507266594,2,17.2413793103444,17.24137931034483,5,0.0,1.0,100.0,0.9523809523809523,2,30.410509031198558,720575941507266594,557,Tier 3: Lower Priority
720575941604989293,4,17.2413793103444,17.24137931034483,5,0.0,1.0,100.0,0.9523809523809523,2,30.410509031198558,720575941604989293,558,Tier 3: Lower Priority
720575941559929615,2,6.896551724137906,6.896551724137931,2,0.0,1.0,100.0,13.333333333333334,28,30.402298850574702,720575941559929615,559,Tier 3: Lower Priority
720575941539355517,3,13.793103448275811,13.793103448275861,4,0.0,1.0,92.67161410018554,12.380952380952381,26,30.401072654767223,720575941539355517,560,Tier 3: Lower Priority
720575941497887817,5,20.68965517241372,20.689655172413794,6,10.526315789473685,2.0,84.87940630797773,3.3333333333333335,7,30.36534461994662,720575941497887817,561,Tier 3: Lower Priority
720575941533864458,2,13.793103448275811,13.793103448275861,4,0.0,1.0,100.0,4.761904761904762,10,30.328407224958934,720575941533864458,562,Tier 3: Lower Priority
720575941588652940,3,20.68965517241372,20.689655172413794,6,0.0,1.0,92.67161410018554,3.8095238095238093,8,30.32718102915145,720575941588652940,563,Tier 3: Lower Priority
720575941575397263,5,17.2413793103444,17.24137931034483,5,0.0,1.0,84.87940630797773,15.714285714285714,33,30.32083679866918,720575941575397263,564,Tier 3: Lower Priority
720575941590291084,4,3.4482758620685856,3.4482758620689653,1,0.0,1.0,100.0,17.142857142857142,36,30.32019704433486,720575941590291084,565,Tier 3: Lower Priority
720575941543669765,3,10.344827586206492,10.344827586206897,3,0.0,1.0,92.67161410018554,16.19047619047619,34,30.31897084852738,720575941543669765,566,Tier 3: Lower Priority
720575941513242202,1,31.03448275862021,31.03448275862069,9,0.0,1.0,81.0760667903525,2.857142857142857,6,30.2936472394599,720575941513242202,567,Tier 3: Lower Priority
720575941429466839,4,17.2413793103444,17.24137931034483,5,0.0,1.0,100.0,0.47619047619047616,1,30.29146141215094,720575941429466839,568,Tier 3: Lower Priority
720575941573204662,4,17.2413793103444,17.24137931034483,5,0.0,1.0,100.0,0.47619047619047616,1,30.29146141215094,720575941573204662,569,Tier 3: Lower Priority
720575941492350590,2,17.2413793103444,17.24137931034483,5,0.0,1.0,100.0,0.47619047619047616,1,30.29146141215094,720575941492350590,570,Tier 3: Lower Priority
720575941562594194,2,17.2413793103444,17.24137931034483,5,0.0,1.0,100.0,0.47619047619047616,1,30.29146141215094,720575941562594194,571,Tier 3: Lower Priority
720575941554482259,2,17.2413793103444,17.24137931034483,5,0.0,1.0,100.0,0.47619047619047616,1,30.29146141215094,720575941554482259,572,Tier 3: Lower Priority
720575941453948397,4,17.2413793103444,17.24137931034483,5,0.0,1.0,100.0,0.47619047619047616,1,30.29146141215094,720575941453948397,573,Tier 3: Lower Priority
720575941583637726,2,17.2413793103444,17.24137931034483,5,0.0,1.0,100.0,0.47619047619047616,1,30.29146141215094,720575941583637726,574,Tier 3: Lower Priority
720575941547390269,2,17.2413793103444,17.24137931034483,5,0.0,1.0,100.0,0.47619047619047616,1,30.29146141215094,720575941547390269,575,Tier 3: Lower Priority
720575941590279208,4,17.2413793103444,17.24137931034483,5,0.0,1.0,100.0,0.47619047619047616,1,30.29146141215094,720575941590279208,576,Tier 3: Lower Priority
720575941543315205,2,17.2413793103444,17.24137931034483,5,0.0,1.0,100.0,0.47619047619047616,1,30.29146141215094,720575941543315205,577,Tier 3: Lower Priority
720575941491338441,4,17.2413793103444,17.24137931034483,5,0.0,1.0,100.0,0.47619047619047616,1,30.29146141215094,720575941491338441,578,Tier 3: Lower Priority
720575941508354770,2,17.2413793103444,17.24137931034483,5,0.0,1.0,100.0,0.47619047619047616,1,30.29146141215094,720575941508354770,579,Tier 3: Lower Priority
720575941537600973,3,17.2413793103444,17.24137931034483,5,0.0,1.0,92.67161410018554,7.619047619047619,16,30.24507922291161,720575941537600973,580,Tier 3: Lower Priority
720575941460885005,3,17.2413793103444,17.24137931034483,5,0.0,1.0,92.67161410018554,7.619047619047619,16,30.24507922291161,720575941460885005,581,Tier 3: Lower Priority
720575941439063503,2,13.793103448275811,13.793103448275861,4,0.0,1.0,100.0,4.285714285714286,9,30.209359605911317,720575941439063503,582,Tier 3: Lower Priority
720575941456314271,3,20.68965517241372,20.689655172413794,6,0.0,1.0,92.67161410018554,3.3333333333333335,7,30.20813341010383,720575941456314271,583,Tier 3: Lower Priority
720575941519273944,3,20.68965517241372,20.689655172413794,6,0.0,1.0,92.67161410018554,3.3333333333333335,7,30.20813341010383,720575941519273944,584,Tier 3: Lower Priority
720575941523100491,3,20.68965517241372,20.689655172413794,6,0.0,1.0,92.67161410018554,3.3333333333333335,7,30.20813341010383,720575941523100491,585,Tier 3: Lower Priority
720575941640900453,5,17.2413793103444,17.24137931034483,5,0.0,1.0,84.87940630797773,15.238095238095237,32,30.201789179621564,720575941640900453,586,Tier 3: Lower Priority
720575941447719758,2,13.793103448275811,13.793103448275861,4,5.2631578947368425,2.0,100.0,0.0,0,30.190562613430114,720575941447719758,587,Tier 3: Lower Priority
720575941507228545,2,17.2413793103444,17.24137931034483,5,0.0,1.0,100.0,0.0,0,30.17241379310332,720575941507228545,588,Tier 3: Lower Priority
720575941501837506,4,17.2413793103444,17.24137931034483,5,0.0,1.0,100.0,0.0,0,30.17241379310332,720575941501837506,589,Tier 3: Lower Priority
720575941490220750,4,17.2413793103444,17.24137931034483,5,0.0,1.0,100.0,0.0,0,30.17241379310332,720575941490220750,590,Tier 3: Lower Priority
720575941567018228,4,17.2413793103444,17.24137931034483,5,0.0,1.0,100.0,0.0,0,30.17241379310332,720575941567018228,591,Tier 3: Lower Priority
720575941574704649,2,17.2413793103444,17.24137931034483,5,0.0,1.0,100.0,0.0,0,30.17241379310332,720575941574704649,592,Tier 3: Lower Priority
720575941411210667,4,17.2413793103444,17.24137931034483,5,0.0,1.0,100.0,0.0,0,30.17241379310332,720575941411210667,593,Tier 3: Lower Priority
720575941522790475,4,17.2413793103444,17.24137931034483,5,0.0,1.0,100.0,0.0,0,30.17241379310332,720575941522790475,594,Tier 3: Lower Priority
720575941685707788,4,17.2413793103444,17.24137931034483,5,0.0,1.0,100.0,0.0,0,30.17241379310332,720575941685707788,595,Tier 3: Lower Priority
720575941477996195,4,17.2413793103444,17.24137931034483,5,0.0,1.0,100.0,0.0,0,30.17241379310332,720575941477996195,596,Tier 3: Lower Priority
720575941639303285,4,17.2413793103444,17.24137931034483,5,0.0,1.0,100.0,0.0,0,30.17241379310332,720575941639303285,597,Tier 3: Lower Priority
720575941654367444,4,17.2413793103444,17.24137931034483,5,0.0,1.0,100.0,0.0,0,30.17241379310332,720575941654367444,598,Tier 3: Lower Priority
720575941484029446,4,17.2413793103444,17.24137931034483,5,0.0,1.0,100.0,0.0,0,30.17241379310332,720575941484029446,599,Tier 3: Lower Priority
720575941617190527,4,17.2413793103444,17.24137931034483,5,0.0,1.0,100.0,0.0,0,30.17241379310332,720575941617190527,600,Tier 3: Lower Priority
720575941665486067,4,17.2413793103444,17.24137931034483,5,0.0,1.0,100.0,0.0,0,30.17241379310332,720575941665486067,601,Tier 3: Lower Priority
720575941525725954,2,10.344827586206492,10.344827586206897,3,0.0,1.0,100.0,8.095238095238095,17,30.12725779967147,720575941525725954,602,Tier 3: Lower Priority
720575941588018942,2,10.344827586206492,10.344827586206897,3,0.0,1.0,100.0,8.095238095238095,17,30.12725779967147,720575941588018942,603,Tier 3: Lower Priority
720575941474704948,4,10.344827586206492,10.344827586206897,3,0.0,1.0,100.0,8.095238095238095,17,30.12725779967147,720575941474704948,604,Tier 3: Lower Priority
720575941583208582,3,17.2413793103444,17.24137931034483,5,5.2631578947368425,2.0,92.67161410018554,2.857142857142857,6,30.10723461138279,720575941583208582,605,Tier 3: Lower Priority
720575941579072889,1,27.586206896551623,27.586206896551722,8,0.0,1.0,81.0760667903525,6.190476190476191,13,30.092497814172656,720575941579072889,606,Tier 3: Lower Priority
720575941546065032,2,13.793103448275811,13.793103448275861,4,0.0,1.0,100.0,3.8095238095238093,8,30.090311986863696,720575941546065032,607,Tier 3: Lower Priority
720575941533138625,2,13.793103448275811,13.793103448275861,4,0.0,1.0,100.0,3.8095238095238093,8,30.090311986863696,720575941533138625,608,Tier 3: Lower Priority
720575941501984651,2,3.4482758620685856,3.4482758620689653,1,0.0,1.0,100.0,16.19047619047619,34,30.082101806239624,720575941501984651,609,Tier 3: Lower Priority
720575941547226248,3,10.344827586206492,10.344827586206897,3,0.0,1.0,92.67161410018554,15.238095238095237,32,30.08087561043214,720575941547226248,610,Tier 3: Lower Priority
720575941569376250,1,27.586206896551623,27.586206896551722,8,5.2631578947368425,2.0,81.0760667903525,1.9047619047619047,4,30.073700821691453,720575941569376250,611,Tier 3: Lower Priority
720575941581637215,1,31.03448275862021,31.03448275862069,9,0.0,1.0,81.0760667903525,1.9047619047619047,4,30.05555200136466,720575941581637215,612,Tier 3: Lower Priority
720575941402059632,1,31.03448275862021,31.03448275862069,9,0.0,1.0,81.0760667903525,1.9047619047619047,4,30.05555200136466,720575941402059632,613,Tier 3: Lower Priority
720575941630959035,3,13.793103448275811,13.793103448275861,4,0.0,1.0,92.67161410018554,10.952380952380953,23,30.043929797624365,720575941630959035,614,Tier 3: Lower Priority
720575941392667286,3,17.2413793103444,17.24137931034483,5,0.0,1.0,92.67161410018554,6.666666666666667,14,30.006983984816372,720575941392667286,615,Tier 3: Lower Priority
720575941515612051,3,17.2413793103444,17.24137931034483,5,0.0,1.0,92.67161410018554,6.666666666666667,14,30.006983984816372,720575941515612051,616,Tier 3: Lower Priority
720575941545408904,2,10.344827586206492,10.344827586206897,3,5.2631578947368425,2.0,100.0,3.3333333333333335,7,29.98941318814265,720575941545408904,617,Tier 3: Lower Priority
720575941428209912,4,10.344827586206492,10.344827586206897,3,5.2631578947368425,2.0,100.0,3.3333333333333335,7,29.98941318814265,720575941428209912,618,Tier 3: Lower Priority
720575941440464219,2,10.344827586206492,10.344827586206897,3,5.2631578947368425,2.0,100.0,3.3333333333333335,7,29.98941318814265,720575941440464219,619,Tier 3: Lower Priority
720575941439566559,2,13.793103448275811,13.793103448275861,4,0.0,1.0,100.0,3.3333333333333335,7,29.971264367816076,720575941439566559,620,Tier 3: Lower Priority
720575941591748648,2,13.793103448275811,13.793103448275861,4,0.0,1.0,100.0,3.3333333333333335,7,29.971264367816076,720575941591748648,621,Tier 3: Lower Priority
720575941532509016,2,13.793103448275811,13.793103448275861,4,0.0,1.0,100.0,3.3333333333333335,7,29.971264367816076,720575941532509016,622,Tier 3: Lower Priority
720575941442347178,4,13.793103448275811,13.793103448275861,4,0.0,1.0,100.0,3.3333333333333335,7,29.971264367816076,720575941442347178,623,Tier 3: Lower Priority
720575941456667373,2,13.793103448275811,13.793103448275861,4,0.0,1.0,100.0,3.3333333333333335,7,29.971264367816076,720575941456667373,624,Tier 3: Lower Priority
720575941524294169,2,13.793103448275811,13.793103448275861,4,0.0,1.0,100.0,3.3333333333333335,7,29.971264367816076,720575941524294169,625,Tier 3: Lower Priority
720575941472573499,2,13.793103448275811,13.793103448275861,4,0.0,1.0,100.0,3.3333333333333335,7,29.971264367816076,720575941472573499,626,Tier 3: Lower Priority
720575941450559566,4,3.4482758620685856,3.4482758620689653,1,0.0,1.0,100.0,15.714285714285714,33,29.963054187192004,720575941450559566,627,Tier 3: Lower Priority
720575941496957346,3,10.344827586206492,10.344827586206897,3,0.0,1.0,92.67161410018554,14.761904761904763,31,29.96182799138452,720575941496957346,628,Tier 3: Lower Priority
720575941517764824,3,13.793103448275811,13.793103448275861,4,0.0,1.0,92.67161410018554,10.476190476190476,22,29.92488217857675,720575941517764824,629,Tier 3: Lower Priority
720575941518866542,1,24.1379310344823,24.137931034482758,7,0.0,1.0,81.0760667903525,9.523809523809524,20,29.891348388885195,720575941518866542,630,Tier 3: Lower Priority
720575941447279965,2,13.793103448275811,13.793103448275861,4,0.0,1.0,100.0,2.857142857142857,6,29.85221674876846,720575941447279965,631,Tier 3: Lower Priority
720575941687929307,2,13.793103448275811,13.793103448275861,4,0.0,1.0,100.0,2.857142857142857,6,29.85221674876846,720575941687929307,632,Tier 3: Lower Priority
720575941480415939,2,13.793103448275811,13.793103448275861,4,0.0,1.0,100.0,2.857142857142857,6,29.85221674876846,720575941480415939,633,Tier 3: Lower Priority
720575941579779961,3,20.68965517241372,20.689655172413794,6,0.0,1.0,92.67161410018554,1.9047619047619047,4,29.850990552960972,720575941579779961,634,Tier 3: Lower Priority
720575941505369509,3,20.68965517241372,20.689655172413794,6,0.0,1.0,92.67161410018554,1.9047619047619047,4,29.850990552960972,720575941505369509,635,Tier 3: Lower Priority
720575941524021069,3,20.68965517241372,20.689655172413794,6,0.0,1.0,92.67161410018554,1.9047619047619047,4,29.850990552960972,720575941524021069,636,Tier 3: Lower Priority
720575941450628218,3,13.793103448275811,13.793103448275861,4,0.0,1.0,92.67161410018554,10.0,21,29.805834559529128,720575941450628218,637,Tier 3: Lower Priority
720575941394069654,3,13.793103448275811,13.793103448275861,4,0.0,1.0,92.67161410018554,10.0,21,29.805834559529128,720575941394069654,638,Tier 3: Lower Priority
720575941649244949,3,17.2413793103444,17.24137931034483,5,0.0,1.0,92.67161410018554,5.714285714285714,12,29.76888874672113,720575941649244949,639,Tier 3: Lower Priority
720575941516784494,3,17.2413793103444,17.24137931034483,5,0.0,1.0,92.67161410018554,5.714285714285714,12,29.76888874672113,720575941516784494,640,Tier 3: Lower Priority
720575941475988529,3,17.2413793103444,17.24137931034483,5,0.0,1.0,92.67161410018554,5.714285714285714,12,29.76888874672113,720575941475988529,641,Tier 3: Lower Priority
720575941616420053,2,13.793103448275811,13.793103448275861,4,0.0,1.0,100.0,2.380952380952381,5,29.73316912972084,720575941616420053,642,Tier 3: Lower Priority
720575941581648479,2,13.793103448275811,13.793103448275861,4,0.0,1.0,100.0,2.380952380952381,5,29.73316912972084,720575941581648479,643,Tier 3: Lower Priority
720575941507787024,3,20.68965517241372,20.689655172413794,6,0.0,1.0,92.67161410018554,1.4285714285714286,3,29.731942933913356,720575941507787024,644,Tier 3: Lower Priority
720575941611080010,5,6.896551724137906,6.896551724137931,2,0.0,1.0,84.87940630797773,25.714285714285715,54,29.717388522807234,720575941611080010,645,Tier 3: Lower Priority
720575941625095067,1,31.03448275862021,31.03448275862069,9,0.0,1.0,81.0760667903525,0.47619047619047616,1,29.698409144221806,720575941625095067,646,Tier 3: Lower Priority
720575941549478945,1,31.03448275862021,31.03448275862069,9,0.0,1.0,81.0760667903525,0.47619047619047616,1,29.698409144221806,720575941549478945,647,Tier 3: Lower Priority
720575941566954228,2,6.896551724137906,6.896551724137931,2,5.2631578947368425,2.0,100.0,6.190476190476191,13,29.669216143807787,720575941566954228,648,Tier 3: Lower Priority
720575941512451907,5,17.2413793103444,17.24137931034483,5,15.789473684210526,2.0,84.87940630797773,0.47619047619047616,1,29.66920772598748,720575941512451907,649,Tier 3: Lower Priority
720575941545286792,5,20.68965517241372,20.689655172413794,6,10.526315789473685,2.0,84.87940630797773,0.47619047619047616,1,29.651058905660907,720575941545286792,650,Tier 3: Lower Priority
720575941595766428,3,17.2413793103444,17.24137931034483,5,0.0,1.0,92.67161410018554,5.238095238095238,11,29.649841127673515,720575941595766428,651,Tier 3: Lower Priority
720575941595021681,3,17.2413793103444,17.24137931034483,5,0.0,1.0,92.67161410018554,5.238095238095238,11,29.649841127673515,720575941595021681,652,Tier 3: Lower Priority
720575941572094203,5,24.1379310344823,24.137931034482758,7,5.2631578947368425,2.0,84.87940630797773,0.47619047619047616,1,29.632910085334114,720575941572094203,653,Tier 3: Lower Priority
720575941558343725,2,10.344827586206492,10.344827586206897,3,5.2631578947368425,2.0,100.0,1.9047619047619047,4,29.63227033099979,720575941558343725,654,Tier 3: Lower Priority
720575941435778834,4,10.344827586206492,10.344827586206897,3,5.2631578947368425,2.0,100.0,1.9047619047619047,4,29.63227033099979,720575941435778834,655,Tier 3: Lower Priority
720575941665441523,3,17.2413793103444,17.24137931034483,5,5.2631578947368425,2.0,92.67161410018554,0.9523809523809523,2,29.63104413519231,720575941665441523,656,Tier 3: Lower Priority
720575941487910608,2,13.793103448275811,13.793103448275861,4,0.0,1.0,100.0,1.9047619047619047,4,29.61412151067322,720575941487910608,657,Tier 3: Lower Priority
720575941428428681,4,13.793103448275811,13.793103448275861,4,0.0,1.0,100.0,1.9047619047619047,4,29.61412151067322,720575941428428681,658,Tier 3: Lower Priority
720575941564034614,2,13.793103448275811,13.793103448275861,4,0.0,1.0,100.0,1.9047619047619047,4,29.61412151067322,720575941564034614,659,Tier 3: Lower Priority
720575941679017405,2,13.793103448275811,13.793103448275861,4,0.0,1.0,100.0,1.9047619047619047,4,29.61412151067322,720575941679017405,660,Tier 3: Lower Priority
720575941518537582,2,13.793103448275811,13.793103448275861,4,0.0,1.0,100.0,1.9047619047619047,4,29.61412151067322,720575941518537582,661,Tier 3: Lower Priority
720575941579867125,2,13.793103448275811,13.793103448275861,4,0.0,1.0,100.0,1.9047619047619047,4,29.61412151067322,720575941579867125,662,Tier 3: Lower Priority
720575941512987129,3,20.68965517241372,20.689655172413794,6,0.0,1.0,92.67161410018554,0.9523809523809523,2,29.612895314865735,720575941512987129,663,Tier 3: Lower Priority
720575941570772296,3,20.68965517241372,20.689655172413794,6,0.0,1.0,92.67161410018554,0.9523809523809523,2,29.612895314865735,720575941570772296,664,Tier 3: Lower Priority
720575941572737679,2,6.896551724137906,6.896551724137931,2,5.2631578947368425,2.0,100.0,5.714285714285714,12,29.550168524760167,720575941572737679,665,Tier 3: Lower Priority
720575941476032542,2,10.344827586206492,10.344827586206897,3,0.0,1.0,100.0,5.714285714285714,12,29.532019704433374,720575941476032542,666,Tier 3: Lower Priority
720575941496915618,2,10.344827586206492,10.344827586206897,3,0.0,1.0,100.0,5.714285714285714,12,29.532019704433374,720575941496915618,667,Tier 3: Lower Priority
720575941590840062,3,17.2413793103444,17.24137931034483,5,0.0,1.0,92.67161410018554,4.761904761904762,10,29.530793508625894,720575941590840062,668,Tier 3: Lower Priority
720575941555505188,3,17.2413793103444,17.24137931034483,5,0.0,1.0,92.67161410018554,4.761904761904762,10,29.530793508625894,720575941555505188,669,Tier 3: Lower Priority
720575941490693065,4,10.344827586206492,10.344827586206897,3,5.2631578947368425,2.0,100.0,1.4285714285714286,3,29.513222711952174,720575941490693065,670,Tier 3: Lower Priority
720575941458353363,3,17.2413793103444,17.24137931034483,5,5.2631578947368425,2.0,92.67161410018554,0.47619047619047616,1,29.511996516144695,720575941458353363,671,Tier 3: Lower Priority
720575941565522839,2,13.793103448275811,13.793103448275861,4,0.0,1.0,100.0,1.4285714285714286,3,29.4950738916256,720575941565522839,672,Tier 3: Lower Priority
720575941588095300,2,13.793103448275811,13.793103448275861,4,0.0,1.0,100.0,1.4285714285714286,3,29.4950738916256,720575941588095300,673,Tier 3: Lower Priority
720575941505725790,3,20.68965517241372,20.689655172413794,6,0.0,1.0,92.67161410018554,0.47619047619047616,1,29.49384769581812,720575941505725790,674,Tier 3: Lower Priority
720575941565168942,3,20.68965517241372,20.689655172413794,6,0.0,1.0,92.67161410018554,0.47619047619047616,1,29.49384769581812,720575941565168942,675,Tier 3: Lower Priority
720575941669866161,5,17.2413793103444,17.24137931034483,5,0.0,1.0,84.87940630797773,12.380952380952381,26,29.48750346533585,720575941669866161,676,Tier 3: Lower Priority
720575941657718552,2,6.896551724137906,6.896551724137931,2,0.0,1.0,100.0,9.523809523809524,20,29.44991789819375,720575941657718552,677,Tier 3: Lower Priority
720575941623067338,4,6.896551724137906,6.896551724137931,2,0.0,1.0,100.0,9.523809523809524,20,29.44991789819375,720575941623067338,678,Tier 3: Lower Priority
720575941533862682,3,13.793103448275811,13.793103448275861,4,5.2631578947368425,2.0,92.67161410018554,4.285714285714286,9,29.42989470990507,720575941533862682,679,Tier 3: Lower Priority
720575941653507801,2,10.344827586206492,10.344827586206897,3,0.0,1.0,100.0,5.238095238095238,11,29.412972085385757,720575941653507801,680,Tier 3: Lower Priority
720575941495592571,2,10.344827586206492,10.344827586206897,3,0.0,1.0,100.0,5.238095238095238,11,29.412972085385757,720575941495592571,681,Tier 3: Lower Priority
720575941563450678,3,17.2413793103444,17.24137931034483,5,0.0,1.0,92.67161410018554,4.285714285714286,9,29.411745889578278,720575941563450678,682,Tier 3: Lower Priority
720575941390313988,2,10.344827586206492,10.344827586206897,3,5.2631578947368425,2.0,100.0,0.9523809523809523,2,29.394175092904554,720575941390313988,683,Tier 3: Lower Priority
720575941625169802,4,10.344827586206492,10.344827586206897,3,5.2631578947368425,2.0,100.0,0.9523809523809523,2,29.394175092904554,720575941625169802,684,Tier 3: Lower Priority
720575941432743054,3,17.2413793103444,17.24137931034483,5,5.2631578947368425,2.0,92.67161410018554,0.0,0,29.392948897097074,720575941432743054,685,Tier 3: Lower Priority
720575941555938899,4,13.793103448275811,13.793103448275861,4,0.0,1.0,100.0,0.9523809523809523,2,29.37602627257798,720575941555938899,686,Tier 3: Lower Priority
720575941477849730,4,13.793103448275811,13.793103448275861,4,0.0,1.0,100.0,0.9523809523809523,2,29.37602627257798,720575941477849730,687,Tier 3: Lower Priority
720575941544636596,2,13.793103448275811,13.793103448275861,4,0.0,1.0,100.0,0.9523809523809523,2,29.37602627257798,720575941544636596,688,Tier 3: Lower Priority
720575941662449020,3,20.68965517241372,20.689655172413794,6,0.0,1.0,92.67161410018554,0.0,0,29.374800076770498,720575941662449020,689,Tier 3: Lower Priority
720575941526856614,3,20.68965517241372,20.689655172413794,6,0.0,1.0,92.67161410018554,0.0,0,29.374800076770498,720575941526856614,690,Tier 3: Lower Priority
720575941501352535,2,3.4482758620685856,3.4482758620689653,1,0.0,1.0,100.0,13.333333333333334,28,29.36781609195391,720575941501352535,691,Tier 3: Lower Priority
720575941477297716,2,3.4482758620685856,3.4482758620689653,1,0.0,1.0,100.0,13.333333333333334,28,29.36781609195391,720575941477297716,692,Tier 3: Lower Priority
720575941613256211,3,10.344827586206492,10.344827586206897,3,0.0,1.0,92.67161410018554,12.380952380952381,26,29.366589896146426,720575941613256211,693,Tier 3: Lower Priority
720575941644900472,3,10.344827586206492,10.344827586206897,3,0.0,1.0,92.67161410018554,12.380952380952381,26,29.366589896146426,720575941644900472,694,Tier 3: Lower Priority
720575941461636804,2,6.896551724137906,6.896551724137931,2,0.0,1.0,100.0,9.047619047619047,19,29.330870279146133,720575941461636804,695,Tier 3: Lower Priority
720575941467216093,2,6.896551724137906,6.896551724137931,2,0.0,1.0,100.0,9.047619047619047,19,29.330870279146133,720575941467216093,696,Tier 3: Lower Priority
720575941575691624,5,17.2413793103444,17.24137931034483,5,10.526315789473685,2.0,84.87940630797773,3.3333333333333335,7,29.330861861325822,720575941575691624,697,Tier 3: Lower Priority
720575941650578193,3,13.793103448275811,13.793103448275861,4,0.0,1.0,92.67161410018554,8.095238095238095,17,29.32964408333865,720575941650578193,698,Tier 3: Lower Priority
720575941601153270,3,13.793103448275811,13.793103448275861,4,0.0,1.0,92.67161410018554,8.095238095238095,17,29.32964408333865,720575941601153270,699,Tier 3: Lower Priority
720575941480550018,2,10.344827586206492,10.344827586206897,3,0.0,1.0,100.0,4.761904761904762,10,29.293924466338137,720575941480550018,700,Tier 3: Lower Priority
720575941573956239,2,10.344827586206492,10.344827586206897,3,0.0,1.0,100.0,4.761904761904762,10,29.293924466338137,720575941573956239,701,Tier 3: Lower Priority
720575941457140550,3,17.2413793103444,17.24137931034483,5,0.0,1.0,92.67161410018554,3.8095238095238093,8,29.292698270530657,720575941457140550,702,Tier 3: Lower Priority
720575941438968923,4,10.344827586206492,10.344827586206897,3,5.2631578947368425,2.0,100.0,0.47619047619047616,1,29.275127473856937,720575941438968923,703,Tier 3: Lower Priority
720575941586381892,4,10.344827586206492,10.344827586206897,3,5.2631578947368425,2.0,100.0,0.47619047619047616,1,29.275127473856937,720575941586381892,704,Tier 3: Lower Priority
720575941501884610,1,27.586206896551623,27.586206896551722,8,0.0,1.0,81.0760667903525,2.857142857142857,6,29.259164480839324,720575941501884610,705,Tier 3: Lower Priority
720575941549481761,2,13.793103448275811,13.793103448275861,4,0.0,1.0,100.0,0.47619047619047616,1,29.256978653530364,720575941549481761,706,Tier 3: Lower Priority
720575941591287692,2,13.793103448275811,13.793103448275861,4,0.0,1.0,100.0,0.47619047619047616,1,29.256978653530364,720575941591287692,707,Tier 3: Lower Priority
720575941543813125,4,13.793103448275811,13.793103448275861,4,0.0,1.0,100.0,0.47619047619047616,1,29.256978653530364,720575941543813125,708,Tier 3: Lower Priority
720575941653228049,2,13.793103448275811,13.793103448275861,4,0.0,1.0,100.0,0.47619047619047616,1,29.256978653530364,720575941653228049,709,Tier 3: Lower Priority
720575941547256125,2,13.793103448275811,13.793103448275861,4,0.0,1.0,100.0,0.47619047619047616,1,29.256978653530364,720575941547256125,710,Tier 3: Lower Priority
720575941574728713,2,13.793103448275811,13.793103448275861,4,0.0,1.0,100.0,0.47619047619047616,1,29.256978653530364,720575941574728713,711,Tier 3: Lower Priority
720575941566716206,2,13.793103448275811,13.793103448275861,4,0.0,1.0,100.0,0.47619047619047616,1,29.256978653530364,720575941566716206,712,Tier 3: Lower Priority
720575941658415896,2,13.793103448275811,13.793103448275861,4,0.0,1.0,100.0,0.47619047619047616,1,29.256978653530364,720575941658415896,713,Tier 3: Lower Priority
720575941591271308,2,13.793103448275811,13.793103448275861,4,0.0,1.0,100.0,0.47619047619047616,1,29.256978653530364,720575941591271308,714,Tier 3: Lower Priority
720575941450696029,2,3.4482758620685856,3.4482758620689653,1,0.0,1.0,100.0,12.857142857142858,27,29.248768472906292,720575941450696029,715,Tier 3: Lower Priority
720575941508255266,2,6.896551724137906,6.896551724137931,2,0.0,1.0,100.0,8.571428571428571,18,29.211822660098512,720575941508255266,716,Tier 3: Lower Priority
720575941491175399,2,6.896551724137906,6.896551724137931,2,0.0,1.0,100.0,8.571428571428571,18,29.211822660098512,720575941491175399,717,Tier 3: Lower Priority
720575941592602149,3,13.793103448275811,13.793103448275861,4,5.2631578947368425,2.0,92.67161410018554,3.3333333333333335,7,29.19179947180983,720575941592602149,718,Tier 3: Lower Priority
720575941642936696,2,10.344827586206492,10.344827586206897,3,0.0,1.0,100.0,4.285714285714286,9,29.17487684729052,720575941642936696,719,Tier 3: Lower Priority
720575941450625607,2,10.344827586206492,10.344827586206897,3,0.0,1.0,100.0,4.285714285714286,9,29.17487684729052,720575941450625607,720,Tier 3: Lower Priority
720575941655866648,4,10.344827586206492,10.344827586206897,3,0.0,1.0,100.0,4.285714285714286,9,29.17487684729052,720575941655866648,721,Tier 3: Lower Priority
720575941558646061,3,17.2413793103444,17.24137931034483,5,0.0,1.0,92.67161410018554,3.3333333333333335,7,29.173650651483037,720575941558646061,722,Tier 3: Lower Priority
720575941575844185,2,10.344827586206492,10.344827586206897,3,5.2631578947368425,2.0,100.0,0.0,0,29.156079854809317,720575941575844185,723,Tier 3: Lower Priority
720575941551598234,2,10.344827586206492,10.344827586206897,3,5.2631578947368425,2.0,100.0,0.0,0,29.156079854809317,720575941551598234,724,Tier 3: Lower Priority
720575941609520742,2,10.344827586206492,10.344827586206897,3,5.2631578947368425,2.0,100.0,0.0,0,29.156079854809317,720575941609520742,725,Tier 3: Lower Priority
720575941485260240,2,13.793103448275811,13.793103448275861,4,0.0,1.0,100.0,0.0,0,29.137931034482744,720575941485260240,726,Tier 3: Lower Priority
720575941576979701,4,13.793103448275811,13.793103448275861,4,0.0,1.0,100.0,0.0,0,29.137931034482744,720575941576979701,727,Tier 3: Lower Priority
720575941670445479,4,13.793103448275811,13.793103448275861,4,0.0,1.0,100.0,0.0,0,29.137931034482744,720575941670445479,728,Tier 3: Lower Priority
720575941524093540,4,13.793103448275811,13.793103448275861,4,0.0,1.0,100.0,0.0,0,29.137931034482744,720575941524093540,729,Tier 3: Lower Priority
720575941524748621,4,13.793103448275811,13.793103448275861,4,0.0,1.0,100.0,0.0,0,29.137931034482744,720575941524748621,730,Tier 3: Lower Priority
720575941471907904,2,13.793103448275811,13.793103448275861,4,0.0,1.0,100.0,0.0,0,29.137931034482744,720575941471907904,731,Tier 3: Lower Priority
720575941498287522,2,13.793103448275811,13.793103448275861,4,0.0,1.0,100.0,0.0,0,29.137931034482744,720575941498287522,732,Tier 3: Lower Priority
720575941499761058,4,13.793103448275811,13.793103448275861,4,0.0,1.0,100.0,0.0,0,29.137931034482744,720575941499761058,733,Tier 3: Lower Priority
720575941539720540,2,13.793103448275811,13.793103448275861,4,0.0,1.0,100.0,0.0,0,29.137931034482744,720575941539720540,734,Tier 3: Lower Priority
720575941475745642,4,13.793103448275811,13.793103448275861,4,0.0,1.0,100.0,0.0,0,29.137931034482744,720575941475745642,735,Tier 3: Lower Priority
720575941540690717,2,13.793103448275811,13.793103448275861,4,0.0,1.0,100.0,0.0,0,29.137931034482744,720575941540690717,736,Tier 3: Lower Priority
720575941514103107,2,13.793103448275811,13.793103448275861,4,0.0,1.0,100.0,0.0,0,29.137931034482744,720575941514103107,737,Tier 3: Lower Priority
720575941592919080,2,6.896551724137906,6.896551724137931,2,0.0,1.0,100.0,8.095238095238095,17,29.092775041050892,720575941592919080,738,Tier 3: Lower Priority
720575941459559824,3,13.793103448275811,13.793103448275861,4,0.0,1.0,92.67161410018554,7.142857142857143,15,29.091548845243413,720575941459559824,739,Tier 3: Lower Priority
720575941721193018,3,13.793103448275811,13.793103448275861,4,0.0,1.0,92.67161410018554,7.142857142857143,15,29.091548845243413,720575941721193018,740,Tier 3: Lower Priority
720575941553520211,2,10.344827586206492,10.344827586206897,3,0.0,1.0,100.0,3.8095238095238093,8,29.0558292282429,720575941553520211,741,Tier 3: Lower Priority
720575941500845035,3,17.2413793103444,17.24137931034483,5,0.0,1.0,92.67161410018554,2.857142857142857,6,29.05460303243542,720575941500845035,742,Tier 3: Lower Priority
720575941559321971,3,17.2413793103444,17.24137931034483,5,0.0,1.0,92.67161410018554,2.857142857142857,6,29.05460303243542,720575941559321971,743,Tier 3: Lower Priority
720575941547336253,1,27.586206896551623,27.586206896551722,8,0.0,1.0,81.0760667903525,1.9047619047619047,4,29.021069242744083,720575941547336253,744,Tier 3: Lower Priority
720575941601298617,3,13.793103448275811,13.793103448275861,4,0.0,1.0,92.67161410018554,6.666666666666667,14,28.972501226195796,720575941601298617,745,Tier 3: Lower Priority
720575941540205181,3,13.793103448275811,13.793103448275861,4,0.0,1.0,92.67161410018554,6.666666666666667,14,28.972501226195796,720575941540205181,746,Tier 3: Lower Priority
720575941447423837,4,6.896551724137906,6.896551724137931,2,5.2631578947368425,2.0,100.0,3.3333333333333335,7,28.954930429522072,720575941447423837,747,Tier 3: Lower Priority
720575941552783495,2,10.344827586206492,10.344827586206897,3,0.0,1.0,100.0,3.3333333333333335,7,28.93678160919528,720575941552783495,748,Tier 3: Lower Priority
720575941475766122,2,10.344827586206492,10.344827586206897,3,0.0,1.0,100.0,3.3333333333333335,7,28.93678160919528,720575941475766122,749,Tier 3: Lower Priority
720575941680033213,2,10.344827586206492,10.344827586206897,3,0.0,1.0,100.0,3.3333333333333335,7,28.93678160919528,720575941680033213,750,Tier 3: Lower Priority
720575941413920540,2,10.344827586206492,10.344827586206897,3,0.0,1.0,100.0,3.3333333333333335,7,28.93678160919528,720575941413920540,751,Tier 3: Lower Priority
720575941504505157,2,10.344827586206492,10.344827586206897,3,0.0,1.0,100.0,3.3333333333333335,7,28.93678160919528,720575941504505157,752,Tier 3: Lower Priority
720575941573038843,3,17.2413793103444,17.24137931034483,5,0.0,1.0,92.67161410018554,2.380952380952381,5,28.9355554133878,720575941573038843,753,Tier 3: Lower Priority
720575941447338845,3,17.2413793103444,17.24137931034483,5,0.0,1.0,92.67161410018554,2.380952380952381,5,28.9355554133878,720575941447338845,754,Tier 3: Lower Priority
720575941411791764,3,6.896551724137906,6.896551724137931,2,0.0,1.0,92.67161410018554,14.761904761904763,31,28.927345232763944,720575941411791764,755,Tier 3: Lower Priority
720575941494052992,1,27.586206896551623,27.586206896551722,8,0.0,1.0,81.0760667903525,1.4285714285714286,3,28.902021623696466,720575941494052992,756,Tier 3: Lower Priority
720575941466509590,2,6.896551724137906,6.896551724137931,2,0.0,1.0,100.0,7.142857142857143,15,28.854679802955655,720575941466509590,757,Tier 3: Lower Priority
720575941476543297,2,6.896551724137906,6.896551724137931,2,0.0,1.0,100.0,7.142857142857143,15,28.854679802955655,720575941476543297,758,Tier 3: Lower Priority
720575941623328108,3,13.793103448275811,13.793103448275861,4,0.0,1.0,92.67161410018554,6.190476190476191,13,28.853453607148175,720575941623328108,759,Tier 3: Lower Priority
720575941591499627,2,10.344827586206492,10.344827586206897,3,0.0,1.0,100.0,2.857142857142857,6,28.817733990147662,720575941591499627,760,Tier 3: Lower Priority
720575941452315443,2,10.344827586206492,10.344827586206897,3,0.0,1.0,100.0,2.857142857142857,6,28.817733990147662,720575941452315443,761,Tier 3: Lower Priority
720575941479084227,2,10.344827586206492,10.344827586206897,3,0.0,1.0,100.0,2.857142857142857,6,28.817733990147662,720575941479084227,762,Tier 3: Lower Priority
720575941534737640,3,17.2413793103444,17.24137931034483,5,0.0,1.0,92.67161410018554,1.9047619047619047,4,28.81650779434018,720575941534737640,763,Tier 3: Lower Priority
720575941476037406,3,17.2413793103444,17.24137931034483,5,0.0,1.0,92.67161410018554,1.9047619047619047,4,28.81650779434018,720575941476037406,764,Tier 3: Lower Priority
720575941463655693,3,6.896551724137906,6.896551724137931,2,0.0,1.0,92.67161410018554,14.285714285714286,30,28.808297613716327,720575941463655693,765,Tier 3: Lower Priority
720575941527099981,5,13.793103448275811,13.793103448275861,4,5.2631578947368425,2.0,84.87940630797773,9.523809523809524,20,28.791366571376926,720575941527099981,766,Tier 3: Lower Priority
720575941592094422,1,27.586206896551623,27.586206896551722,8,0.0,1.0,81.0760667903525,0.9523809523809523,2,28.782974004648846,720575941592094422,767,Tier 3: Lower Priority
720575941553506020,1,27.586206896551623,27.586206896551722,8,0.0,1.0,81.0760667903525,0.9523809523809523,2,28.782974004648846,720575941553506020,768,Tier 3: Lower Priority
720575941453578409,2,3.4482758620685856,3.4482758620689653,1,0.0,1.0,100.0,10.952380952380953,23,28.772577996715814,720575941453578409,769,Tier 3: Lower Priority
720575941652640273,2,3.4482758620685856,3.4482758620689653,1,0.0,1.0,100.0,10.952380952380953,23,28.772577996715814,720575941652640273,770,Tier 3: Lower Priority
720575941505536290,5,6.896551724137906,6.896551724137931,2,0.0,1.0,84.87940630797773,21.904761904761905,46,28.765007570426278,720575941505536290,771,Tier 3: Lower Priority
720575941589863735,5,20.68965517241372,20.689655172413794,6,0.0,1.0,84.87940630797773,5.238095238095238,11,28.73627193824236,720575941589863735,772,Tier 3: Lower Priority
720575941608350794,5,20.68965517241372,20.689655172413794,6,0.0,1.0,84.87940630797773,5.238095238095238,11,28.73627193824236,720575941608350794,773,Tier 3: Lower Priority
720575941424930644,2,6.896551724137906,6.896551724137931,2,0.0,1.0,100.0,6.666666666666667,14,28.735632183908038,720575941424930644,774,Tier 3: Lower Priority
720575941429512151,2,6.896551724137906,6.896551724137931,2,0.0,1.0,100.0,6.666666666666667,14,28.735632183908038,720575941429512151,775,Tier 3: Lower Priority
720575941492492670,5,20.68965517241372,20.689655172413794,6,5.2631578947368425,2.0,84.87940630797773,0.9523809523809523,2,28.717474945761158,720575941492492670,776,Tier 3: Lower Priority
720575941492284286,3,13.793103448275811,13.793103448275861,4,5.2631578947368425,2.0,92.67161410018554,1.4285714285714286,3,28.715608995619355,720575941492284286,777,Tier 3: Lower Priority
720575941542907933,2,10.344827586206492,10.344827586206897,3,0.0,1.0,100.0,2.380952380952381,5,28.69868637110004,720575941542907933,778,Tier 3: Lower Priority
720575941485288144,2,10.344827586206492,10.344827586206897,3,0.0,1.0,100.0,2.380952380952381,5,28.69868637110004,720575941485288144,779,Tier 3: Lower Priority
720575941653565201,2,10.344827586206492,10.344827586206897,3,0.0,1.0,100.0,2.380952380952381,5,28.69868637110004,720575941653565201,780,Tier 3: Lower Priority
720575941575800153,4,10.344827586206492,10.344827586206897,3,0.0,1.0,100.0,2.380952380952381,5,28.69868637110004,720575941575800153,781,Tier 3: Lower Priority
720575941640900965,2,10.344827586206492,10.344827586206897,3,0.0,1.0,100.0,2.380952380952381,5,28.69868637110004,720575941640900965,782,Tier 3: Lower Priority
720575941505774209,3,17.2413793103444,17.24137931034483,5,0.0,1.0,92.67161410018554,1.4285714285714286,3,28.697460175292562,720575941505774209,783,Tier 3: Lower Priority
720575941568726004,3,17.2413793103444,17.24137931034483,5,0.0,1.0,92.67161410018554,1.4285714285714286,3,28.697460175292562,720575941568726004,784,Tier 3: Lower Priority
720575941564553223,1,27.586206896551623,27.586206896551722,8,0.0,1.0,81.0760667903525,0.47619047619047616,1,28.66392638560123,720575941564553223,785,Tier 3: Lower Priority
720575941569585266,2,3.4482758620685856,3.4482758620689653,1,0.0,1.0,100.0,10.476190476190476,22,28.653530377668197,720575941569585266,786,Tier 3: Lower Priority
720575941623284362,3,10.344827586206492,10.344827586206897,3,0.0,1.0,92.67161410018554,9.523809523809524,20,28.65230418186071,720575941623284362,787,Tier 3: Lower Priority
720575941436378898,1,20.68965517241372,20.689655172413794,6,0.0,1.0,81.0760667903525,8.571428571428571,18,28.618770392169385,720575941436378898,788,Tier 3: Lower Priority
720575941439011279,2,6.896551724137906,6.896551724137931,2,0.0,1.0,100.0,6.190476190476191,13,28.616584564860418,720575941439011279,789,Tier 3: Lower Priority
720575941588061438,2,6.896551724137906,6.896551724137931,2,0.0,1.0,100.0,6.190476190476191,13,28.616584564860418,720575941588061438,790,Tier 3: Lower Priority
720575941483787405,4,6.896551724137906,6.896551724137931,2,0.0,1.0,100.0,6.190476190476191,13,28.616584564860418,720575941483787405,791,Tier 3: Lower Priority
720575941642447973,5,17.2413793103444,17.24137931034483,5,10.526315789473685,2.0,84.87940630797773,0.47619047619047616,1,28.61657614704011,720575941642447973,792,Tier 3: Lower Priority
720575941501041643,3,3.4482758620685856,3.4482758620689653,1,0.0,1.0,92.67161410018554,17.61904761904762,37,28.607148188428866,720575941501041643,793,Tier 3: Lower Priority
720575941414897041,4,6.896551724137906,6.896551724137931,2,5.2631578947368425,2.0,100.0,1.9047619047619047,4,28.597787572379215,720575941414897041,794,Tier 3: Lower Priority
720575941658910032,2,10.344827586206492,10.344827586206897,3,0.0,1.0,100.0,1.9047619047619047,4,28.57963875205242,720575941658910032,795,Tier 3: Lower Priority
720575941630622624,2,10.344827586206492,10.344827586206897,3,0.0,1.0,100.0,1.9047619047619047,4,28.57963875205242,720575941630622624,796,Tier 3: Lower Priority
720575941595653020,2,10.344827586206492,10.344827586206897,3,0.0,1.0,100.0,1.9047619047619047,4,28.57963875205242,720575941595653020,797,Tier 3: Lower Priority
720575941489320757,2,10.344827586206492,10.344827586206897,3,0.0,1.0,100.0,1.9047619047619047,4,28.57963875205242,720575941489320757,798,Tier 3: Lower Priority
720575941668606375,2,10.344827586206492,10.344827586206897,3,0.0,1.0,100.0,1.9047619047619047,4,28.57963875205242,720575941668606375,799,Tier 3: Lower Priority
720575941526406532,2,10.344827586206492,10.344827586206897,3,0.0,1.0,100.0,1.9047619047619047,4,28.57963875205242,720575941526406532,800,Tier 3: Lower Priority
720575941565376046,3,6.896551724137906,6.896551724137931,2,0.0,1.0,92.67161410018554,13.333333333333334,28,28.570202375621086,720575941565376046,801,Tier 3: Lower Priority
720575941459312966,1,27.586206896551623,27.586206896551722,8,0.0,1.0,81.0760667903525,0.0,0,28.54487876655361,720575941459312966,802,Tier 3: Lower Priority
720575941563254070,2,3.4482758620685856,3.4482758620689653,1,0.0,1.0,100.0,10.0,21,28.534482758620577,720575941563254070,803,Tier 3: Lower Priority
720575941501802434,3,10.344827586206492,10.344827586206897,3,0.0,1.0,92.67161410018554,9.047619047619047,19,28.533256562813094,720575941501802434,804,Tier 3: Lower Priority
720575941614874325,5,20.68965517241372,20.689655172413794,6,0.0,1.0,84.87940630797773,4.285714285714286,9,28.498176700147123,720575941614874325,805,Tier 3: Lower Priority
720575941527241912,2,6.896551724137906,6.896551724137931,2,0.0,1.0,100.0,5.714285714285714,12,28.497536945812797,720575941527241912,806,Tier 3: Lower Priority
720575941640892517,4,6.896551724137906,6.896551724137931,2,0.0,1.0,100.0,5.714285714285714,12,28.497536945812797,720575941640892517,807,Tier 3: Lower Priority
720575941442637519,2,6.896551724137906,6.896551724137931,2,0.0,1.0,100.0,5.714285714285714,12,28.497536945812797,720575941442637519,808,Tier 3: Lower Priority
720575941614737877,3,13.793103448275811,13.793103448275861,4,0.0,1.0,92.67161410018554,4.761904761904762,10,28.496310750005318,720575941614737877,809,Tier 3: Lower Priority
720575941551588506,3,13.793103448275811,13.793103448275861,4,0.0,1.0,92.67161410018554,4.761904761904762,10,28.496310750005318,720575941551588506,810,Tier 3: Lower Priority
720575941430386446,3,13.793103448275811,13.793103448275861,4,0.0,1.0,92.67161410018554,4.761904761904762,10,28.496310750005318,720575941430386446,811,Tier 3: Lower Priority
720575941495356286,1,10.344827586206492,10.344827586206897,3,0.0,1.0,81.0760667903525,20.476190476190474,43,28.491512592497692,720575941495356286,812,Tier 3: Lower Priority
720575941562040320,2,6.896551724137906,6.896551724137931,2,5.2631578947368425,2.0,100.0,1.4285714285714286,3,28.478739953331598,720575941562040320,813,Tier 3: Lower Priority
720575941608900585,2,10.344827586206492,10.344827586206897,3,0.0,1.0,100.0,1.4285714285714286,3,28.460591133004804,720575941608900585,814,Tier 3: Lower Priority
720575941527843768,2,10.344827586206492,10.344827586206897,3,0.0,1.0,100.0,1.4285714285714286,3,28.460591133004804,720575941527843768,815,Tier 3: Lower Priority
720575941487942608,2,10.344827586206492,10.344827586206897,3,0.0,1.0,100.0,1.4285714285714286,3,28.460591133004804,720575941487942608,816,Tier 3: Lower Priority
720575941447898132,4,10.344827586206492,10.344827586206897,3,0.0,1.0,100.0,1.4285714285714286,3,28.460591133004804,720575941447898132,817,Tier 3: Lower Priority
720575941665455347,2,10.344827586206492,10.344827586206897,3,0.0,1.0,100.0,1.4285714285714286,3,28.460591133004804,720575941665455347,818,Tier 3: Lower Priority
720575941410025071,2,10.344827586206492,10.344827586206897,3,0.0,1.0,100.0,1.4285714285714286,3,28.460591133004804,720575941410025071,819,Tier 3: Lower Priority
720575941476101937,2,10.344827586206492,10.344827586206897,3,0.0,1.0,100.0,1.4285714285714286,3,28.460591133004804,720575941476101937,820,Tier 3: Lower Priority
720575941553120795,2,10.344827586206492,10.344827586206897,3,0.0,1.0,100.0,1.4285714285714286,3,28.460591133004804,720575941553120795,821,Tier 3: Lower Priority
720575941502578411,2,10.344827586206492,10.344827586206897,3,0.0,1.0,100.0,1.4285714285714286,3,28.460591133004804,720575941502578411,822,Tier 3: Lower Priority
720575941461227664,3,17.2413793103444,17.24137931034483,5,0.0,1.0,92.67161410018554,0.47619047619047616,1,28.459364937197325,720575941461227664,823,Tier 3: Lower Priority
720575941729855787,3,17.2413793103444,17.24137931034483,5,0.0,1.0,92.67161410018554,0.47619047619047616,1,28.459364937197325,720575941729855787,824,Tier 3: Lower Priority
720575941566918388,3,17.2413793103444,17.24137931034483,5,0.0,1.0,92.67161410018554,0.47619047619047616,1,28.459364937197325,720575941566918388,825,Tier 3: Lower Priority
720575941472739168,3,6.896551724137906,6.896551724137931,2,0.0,1.0,92.67161410018554,12.857142857142858,27,28.45115475657347,720575941472739168,826,Tier 3: Lower Priority
720575941404724080,2,3.4482758620685856,3.4482758620689653,1,0.0,1.0,100.0,9.523809523809524,20,28.415435139572956,720575941404724080,827,Tier 3: Lower Priority
720575941632698555,4,3.4482758620685856,3.4482758620689653,1,0.0,1.0,100.0,9.523809523809524,20,28.415435139572956,720575941632698555,828,Tier 3: Lower Priority
720575941649795057,4,3.4482758620685856,3.4482758620689653,1,0.0,1.0,100.0,9.523809523809524,20,28.415435139572956,720575941649795057,829,Tier 3: Lower Priority
720575941529753476,5,20.68965517241372,20.689655172413794,6,0.0,1.0,84.87940630797773,3.8095238095238093,8,28.379129081099503,720575941529753476,830,Tier 3: Lower Priority
720575941559020270,2,6.896551724137906,6.896551724137931,2,0.0,1.0,100.0,5.238095238095238,11,28.37848932676518,720575941559020270,831,Tier 3: Lower Priority
720575941470747968,2,6.896551724137906,6.896551724137931,2,0.0,1.0,100.0,5.238095238095238,11,28.37848932676518,720575941470747968,832,Tier 3: Lower Priority
720575941495559291,2,6.896551724137906,6.896551724137931,2,0.0,1.0,100.0,5.238095238095238,11,28.37848932676518,720575941495559291,833,Tier 3: Lower Priority
720575941611060042,4,6.896551724137906,6.896551724137931,2,0.0,1.0,100.0,5.238095238095238,11,28.37848932676518,720575941611060042,834,Tier 3: Lower Priority
720575941722082874,2,6.896551724137906,6.896551724137931,2,0.0,1.0,100.0,5.238095238095238,11,28.37848932676518,720575941722082874,835,Tier 3: Lower Priority
720575941500983019,3,13.793103448275811,13.793103448275861,4,0.0,1.0,92.67161410018554,4.285714285714286,9,28.3772631309577,720575941500983019,836,Tier 3: Lower Priority
720575941533073674,3,13.793103448275811,13.793103448275861,4,0.0,1.0,92.67161410018554,4.285714285714286,9,28.3772631309577,720575941533073674,837,Tier 3: Lower Priority
720575941703131610,3,3.4482758620685856,3.4482758620689653,1,0.0,1.0,92.67161410018554,16.666666666666668,35,28.36905295033363,720575941703131610,838,Tier 3: Lower Priority
720575941403818864,2,6.896551724137906,6.896551724137931,2,5.2631578947368425,2.0,100.0,0.9523809523809523,2,28.359692334283977,720575941403818864,839,Tier 3: Lower Priority
720575941561775784,4,6.896551724137906,6.896551724137931,2,5.2631578947368425,2.0,100.0,0.9523809523809523,2,28.359692334283977,720575941561775784,840,Tier 3: Lower Priority
720575941533819162,1,24.1379310344823,24.137931034482758,7,0.0,1.0,81.0760667903525,3.3333333333333335,7,28.343729341266148,720575941533819162,841,Tier 3: Lower Priority
720575941583173510,2,10.344827586206492,10.344827586206897,3,0.0,1.0,100.0,0.9523809523809523,2,28.341543513957184,720575941583173510,842,Tier 3: Lower Priority
720575941516616664,2,10.344827586206492,10.344827586206897,3,0.0,1.0,100.0,0.9523809523809523,2,28.341543513957184,720575941516616664,843,Tier 3: Lower Priority
720575941513264377,2,10.344827586206492,10.344827586206897,3,0.0,1.0,100.0,0.9523809523809523,2,28.341543513957184,720575941513264377,844,Tier 3: Lower Priority
720575941447363677,2,10.344827586206492,10.344827586206897,3,0.0,1.0,100.0,0.9523809523809523,2,28.341543513957184,720575941447363677,845,Tier 3: Lower Priority
720575941399251235,4,10.344827586206492,10.344827586206897,3,0.0,1.0,100.0,0.9523809523809523,2,28.341543513957184,720575941399251235,846,Tier 3: Lower Priority
720575941545440392,2,10.344827586206492,10.344827586206897,3,0.0,1.0,100.0,0.9523809523809523,2,28.341543513957184,720575941545440392,847,Tier 3: Lower Priority
720575941608866281,3,17.2413793103444,17.24137931034483,5,0.0,1.0,92.67161410018554,0.0,0,28.340317318149705,720575941608866281,848,Tier 3: Lower Priority
720575941477425770,3,17.2413793103444,17.24137931034483,5,0.0,1.0,92.67161410018554,0.0,0,28.340317318149705,720575941477425770,849,Tier 3: Lower Priority
720575941632614587,2,3.4482758620685856,3.4482758620689653,1,0.0,1.0,100.0,9.047619047619047,19,28.29638752052534,720575941632614587,850,Tier 3: Lower Priority
720575941627995705,2,3.4482758620685856,3.4482758620689653,1,0.0,1.0,100.0,9.047619047619047,19,28.29638752052534,720575941627995705,851,Tier 3: Lower Priority
720575941561365906,2,6.896551724137906,6.896551724137931,2,0.0,1.0,100.0,4.761904761904762,10,28.25944170771756,720575941561365906,852,Tier 3: Lower Priority
720575941609330605,3,13.793103448275811,13.793103448275861,4,0.0,1.0,92.67161410018554,3.8095238095238093,8,28.25821551191008,720575941609330605,853,Tier 3: Lower Priority
720575941541740829,3,13.793103448275811,13.793103448275861,4,0.0,1.0,92.67161410018554,3.8095238095238093,8,28.25821551191008,720575941541740829,854,Tier 3: Lower Priority
720575941439017423,3,13.793103448275811,13.793103448275861,4,0.0,1.0,92.67161410018554,3.8095238095238093,8,28.25821551191008,720575941439017423,855,Tier 3: Lower Priority
720575941643005778,2,6.896551724137906,6.896551724137931,2,5.2631578947368425,2.0,100.0,0.47619047619047616,1,28.24064471523636,720575941643005778,856,Tier 3: Lower Priority
720575941628190502,4,6.896551724137906,6.896551724137931,2,5.2631578947368425,2.0,100.0,0.47619047619047616,1,28.24064471523636,720575941628190502,857,Tier 3: Lower Priority
720575941574248187,4,10.344827586206492,10.344827586206897,3,0.0,1.0,100.0,0.47619047619047616,1,28.222495894909567,720575941574248187,858,Tier 3: Lower Priority
720575941571896477,2,10.344827586206492,10.344827586206897,3,0.0,1.0,100.0,0.47619047619047616,1,28.222495894909567,720575941571896477,859,Tier 3: Lower Priority
720575941565113095,2,10.344827586206492,10.344827586206897,3,0.0,1.0,100.0,0.47619047619047616,1,28.222495894909567,720575941565113095,860,Tier 3: Lower Priority
720575941478179235,2,10.344827586206492,10.344827586206897,3,0.0,1.0,100.0,0.47619047619047616,1,28.222495894909567,720575941478179235,861,Tier 3: Lower Priority
720575941534726376,2,10.344827586206492,10.344827586206897,3,0.0,1.0,100.0,0.47619047619047616,1,28.222495894909567,720575941534726376,862,Tier 3: Lower Priority
720575941470778944,2,10.344827586206492,10.344827586206897,3,0.0,1.0,100.0,0.47619047619047616,1,28.222495894909567,720575941470778944,863,Tier 3: Lower Priority
720575941474806068,2,10.344827586206492,10.344827586206897,3,0.0,1.0,100.0,0.47619047619047616,1,28.222495894909567,720575941474806068,864,Tier 3: Lower Priority
720575941390684310,2,10.344827586206492,10.344827586206897,3,0.0,1.0,100.0,0.47619047619047616,1,28.222495894909567,720575941390684310,865,Tier 3: Lower Priority
720575941498474619,2,10.344827586206492,10.344827586206897,3,0.0,1.0,100.0,0.47619047619047616,1,28.222495894909567,720575941498474619,866,Tier 3: Lower Priority
720575941474745396,4,10.344827586206492,10.344827586206897,3,0.0,1.0,100.0,0.47619047619047616,1,28.222495894909567,720575941474745396,867,Tier 3: Lower Priority
720575941658602520,1,17.2413793103444,17.24137931034483,5,0.0,1.0,81.0760667903525,10.952380952380953,23,28.179525728786682,720575941658602520,868,Tier 3: Lower Priority
720575941524280857,2,3.4482758620685856,3.4482758620689653,1,0.0,1.0,100.0,8.571428571428571,18,28.17733990147772,720575941524280857,869,Tier 3: Lower Priority
720575941441318591,2,3.4482758620685856,3.4482758620689653,1,0.0,1.0,100.0,8.571428571428571,18,28.17733990147772,720575941441318591,870,Tier 3: Lower Priority
720575941459514512,3,10.344827586206492,10.344827586206897,3,0.0,1.0,92.67161410018554,7.619047619047619,16,28.176113705670236,720575941459514512,871,Tier 3: Lower Priority
720575941485217744,3,10.344827586206492,10.344827586206897,3,0.0,1.0,92.67161410018554,7.619047619047619,16,28.176113705670236,720575941485217744,872,Tier 3: Lower Priority
720575941645095585,2,6.896551724137906,6.896551724137931,2,0.0,1.0,100.0,4.285714285714286,9,28.140394088669943,720575941645095585,873,Tier 3: Lower Priority
720575941594515158,2,6.896551724137906,6.896551724137931,2,0.0,1.0,100.0,4.285714285714286,9,28.140394088669943,720575941594515158,874,Tier 3: Lower Priority
720575941639451167,2,6.896551724137906,6.896551724137931,2,0.0,1.0,100.0,4.285714285714286,9,28.140394088669943,720575941639451167,875,Tier 3: Lower Priority
720575941498819234,2,6.896551724137906,6.896551724137931,2,0.0,1.0,100.0,4.285714285714286,9,28.140394088669943,720575941498819234,876,Tier 3: Lower Priority
720575941584808158,2,6.896551724137906,6.896551724137931,2,0.0,1.0,100.0,4.285714285714286,9,28.140394088669943,720575941584808158,877,Tier 3: Lower Priority
720575941575684953,2,6.896551724137906,6.896551724137931,2,0.0,1.0,100.0,4.285714285714286,9,28.140394088669943,720575941575684953,878,Tier 3: Lower Priority
720575941470067063,3,13.793103448275811,13.793103448275861,4,0.0,1.0,92.67161410018554,3.3333333333333335,7,28.13916789286246,720575941470067063,879,Tier 3: Lower Priority
720575941489071335,3,13.793103448275811,13.793103448275861,4,0.0,1.0,92.67161410018554,3.3333333333333335,7,28.13916789286246,720575941489071335,880,Tier 3: Lower Priority
720575941572118281,4,6.896551724137906,6.896551724137931,2,5.2631578947368425,2.0,100.0,0.0,0,28.12159709618874,720575941572118281,881,Tier 3: Lower Priority
720575941652841940,4,6.896551724137906,6.896551724137931,2,5.2631578947368425,2.0,100.0,0.0,0,28.12159709618874,720575941652841940,882,Tier 3: Lower Priority
720575941642476961,4,6.896551724137906,6.896551724137931,2,5.2631578947368425,2.0,100.0,0.0,0,28.12159709618874,720575941642476961,883,Tier 3: Lower Priority
720575941600370985,2,10.344827586206492,10.344827586206897,3,0.0,1.0,100.0,0.0,0,28.103448275861947,720575941600370985,884,Tier 3: Lower Priority
720575941581678175,2,10.344827586206492,10.344827586206897,3,0.0,1.0,100.0,0.0,0,28.103448275861947,720575941581678175,885,Tier 3: Lower Priority
720575941552351745,2,10.344827586206492,10.344827586206897,3,0.0,1.0,100.0,0.0,0,28.103448275861947,720575941552351745,886,Tier 3: Lower Priority
720575941531464677,2,10.344827586206492,10.344827586206897,3,0.0,1.0,100.0,0.0,0,28.103448275861947,720575941531464677,887,Tier 3: Lower Priority
720575941530839427,2,10.344827586206492,10.344827586206897,3,0.0,1.0,100.0,0.0,0,28.103448275861947,720575941530839427,888,Tier 3: Lower Priority
720575941641490258,2,10.344827586206492,10.344827586206897,3,0.0,1.0,100.0,0.0,0,28.103448275861947,720575941641490258,889,Tier 3: Lower Priority
720575941586363716,4,10.344827586206492,10.344827586206897,3,0.0,1.0,100.0,0.0,0,28.103448275861947,720575941586363716,890,Tier 3: Lower Priority
720575941430163982,2,10.344827586206492,10.344827586206897,3,0.0,1.0,100.0,0.0,0,28.103448275861947,720575941430163982,891,Tier 3: Lower Priority
720575941685747212,2,10.344827586206492,10.344827586206897,3,0.0,1.0,100.0,0.0,0,28.103448275861947,720575941685747212,892,Tier 3: Lower Priority
720575941525755394,2,10.344827586206492,10.344827586206897,3,0.0,1.0,100.0,0.0,0,28.103448275861947,720575941525755394,893,Tier 3: Lower Priority
720575941587602244,2,10.344827586206492,10.344827586206897,3,0.0,1.0,100.0,0.0,0,28.103448275861947,720575941587602244,894,Tier 3: Lower Priority
720575941491671783,4,10.344827586206492,10.344827586206897,3,0.0,1.0,100.0,0.0,0,28.103448275861947,720575941491671783,895,Tier 3: Lower Priority
720575941577669457,2,10.344827586206492,10.344827586206897,3,0.0,1.0,100.0,0.0,0,28.103448275861947,720575941577669457,896,Tier 3: Lower Priority
720575941478397802,4,10.344827586206492,10.344827586206897,3,0.0,1.0,100.0,0.0,0,28.103448275861947,720575941478397802,897,Tier 3: Lower Priority
720575941440213695,2,10.344827586206492,10.344827586206897,3,0.0,1.0,100.0,0.0,0,28.103448275861947,720575941440213695,898,Tier 3: Lower Priority
720575941411758740,4,10.344827586206492,10.344827586206897,3,0.0,1.0,100.0,0.0,0,28.103448275861947,720575941411758740,899,Tier 3: Lower Priority
720575941448996957,4,10.344827586206492,10.344827586206897,3,0.0,1.0,100.0,0.0,0,28.103448275861947,720575941448996957,900,Tier 3: Lower Priority
720575941656252752,2,10.344827586206492,10.344827586206897,3,0.0,1.0,100.0,0.0,0,28.103448275861947,720575941656252752,901,Tier 3: Lower Priority
720575941435780114,2,10.344827586206492,10.344827586206897,3,0.0,1.0,100.0,0.0,0,28.103448275861947,720575941435780114,902,Tier 3: Lower Priority
720575941483537338,2,3.4482758620685856,3.4482758620689653,1,0.0,1.0,100.0,8.095238095238095,17,28.058292282430102,720575941483537338,903,Tier 3: Lower Priority
720575941566788602,5,20.68965517241372,20.689655172413794,6,0.0,1.0,84.87940630797773,2.380952380952381,5,28.021986223956645,720575941566788602,904,Tier 3: Lower Priority
720575941681017789,2,6.896551724137906,6.896551724137931,2,0.0,1.0,100.0,3.8095238095238093,8,28.021346469622323,720575941681017789,905,Tier 3: Lower Priority
720575941408456110,2,6.896551724137906,6.896551724137931,2,0.0,1.0,100.0,3.8095238095238093,8,28.021346469622323,720575941408456110,906,Tier 3: Lower Priority
720575941563318070,2,6.896551724137906,6.896551724137931,2,0.0,1.0,100.0,3.8095238095238093,8,28.021346469622323,720575941563318070,907,Tier 3: Lower Priority
720575941613433564,2,6.896551724137906,6.896551724137931,2,0.0,1.0,100.0,3.8095238095238093,8,28.021346469622323,720575941613433564,908,Tier 3: Lower Priority
720575941524019970,2,6.896551724137906,6.896551724137931,2,0.0,1.0,100.0,3.8095238095238093,8,28.021346469622323,720575941524019970,909,Tier 3: Lower Priority
720575941571971229,4,6.896551724137906,6.896551724137931,2,0.0,1.0,100.0,3.8095238095238093,8,28.021346469622323,720575941571971229,910,Tier 3: Lower Priority
720575941560088814,2,6.896551724137906,6.896551724137931,2,0.0,1.0,100.0,3.8095238095238093,8,28.021346469622323,720575941560088814,911,Tier 3: Lower Priority
720575941595131175,3,3.4482758620685856,3.4482758620689653,1,0.0,1.0,92.67161410018554,15.238095238095237,32,28.01191009319077,720575941595131175,912,Tier 3: Lower Priority
720575941545471593,3,6.896551724137906,6.896551724137931,2,0.0,1.0,92.67161410018554,10.952380952380953,23,27.97496428038299,720575941545471593,913,Tier 3: Lower Priority
720575941552487169,2,3.4482758620685856,3.4482758620689653,1,0.0,1.0,100.0,7.619047619047619,16,27.939244663382482,720575941552487169,914,Tier 3: Lower Priority
720575941642411877,2,3.4482758620685856,3.4482758620689653,1,0.0,1.0,100.0,7.619047619047619,16,27.939244663382482,720575941642411877,915,Tier 3: Lower Priority
720575941558290980,2,3.4482758620685856,3.4482758620689653,1,0.0,1.0,100.0,7.619047619047619,16,27.939244663382482,720575941558290980,916,Tier 3: Lower Priority
720575941440736207,5,13.793103448275811,13.793103448275861,4,10.526315789473685,2.0,84.87940630797773,1.9047619047619047,4,27.939236245562387,720575941440736207,917,Tier 3: Lower Priority
720575941685980278,3,10.344827586206492,10.344827586206897,3,0.0,1.0,92.67161410018554,6.666666666666667,14,27.938018467575,720575941685980278,918,Tier 3: Lower Priority
720575941488475598,3,10.344827586206492,10.344827586206897,3,0.0,1.0,92.67161410018554,6.666666666666667,14,27.938018467575,720575941488475598,919,Tier 3: Lower Priority
720575941494969726,3,10.344827586206492,10.344827586206897,3,0.0,1.0,92.67161410018554,6.666666666666667,14,27.938018467575,720575941494969726,920,Tier 3: Lower Priority
720575941457686256,3,10.344827586206492,10.344827586206897,3,0.0,1.0,92.67161410018554,6.666666666666667,14,27.938018467575,720575941457686256,921,Tier 3: Lower Priority
720575941630748859,1,6.896551724137906,6.896551724137931,2,0.0,1.0,81.0760667903525,22.38095238095238,47,27.93322031006759,720575941630748859,922,Tier 3: Lower Priority
720575941652647185,1,6.896551724137906,6.896551724137931,2,0.0,1.0,81.0760667903525,22.38095238095238,47,27.93322031006759,720575941652647185,923,Tier 3: Lower Priority
720575941686037878,2,6.896551724137906,6.896551724137931,2,0.0,1.0,100.0,3.3333333333333335,7,27.902298850574702,720575941686037878,924,Tier 3: Lower Priority
720575941481041231,2,6.896551724137906,6.896551724137931,2,0.0,1.0,100.0,3.3333333333333335,7,27.902298850574702,720575941481041231,925,Tier 3: Lower Priority
720575941437158956,3,13.793103448275811,13.793103448275861,4,0.0,1.0,92.67161410018554,2.380952380952381,5,27.901072654767223,720575941437158956,926,Tier 3: Lower Priority
720575941558648109,3,13.793103448275811,13.793103448275861,4,0.0,1.0,92.67161410018554,2.380952380952381,5,27.901072654767223,720575941558648109,927,Tier 3: Lower Priority
720575941523692290,3,13.793103448275811,13.793103448275861,4,0.0,1.0,92.67161410018554,2.380952380952381,5,27.901072654767223,720575941523692290,928,Tier 3: Lower Priority
720575941461251027,3,3.4482758620685856,3.4482758620689653,1,0.0,1.0,92.67161410018554,14.761904761904763,31,27.89286247414315,720575941461251027,929,Tier 3: Lower Priority
720575941466725206,3,6.896551724137906,6.896551724137931,2,0.0,1.0,92.67161410018554,10.476190476190476,22,27.855916661335375,720575941466725206,930,Tier 3: Lower Priority
720575941569652638,5,17.2413793103444,17.24137931034483,5,0.0,1.0,84.87940630797773,5.714285714285714,12,27.82083679866918,720575941569652638,931,Tier 3: Lower Priority
720575941597149376,2,3.4482758620685856,3.4482758620689653,1,0.0,1.0,100.0,7.142857142857143,15,27.82019704433486,720575941597149376,932,Tier 3: Lower Priority
720575941536657123,2,3.4482758620685856,3.4482758620689653,1,0.0,1.0,100.0,7.142857142857143,15,27.82019704433486,720575941536657123,933,Tier 3: Lower Priority
720575941588646284,2,3.4482758620685856,3.4482758620689653,1,0.0,1.0,100.0,7.142857142857143,15,27.82019704433486,720575941588646284,934,Tier 3: Lower Priority
720575941449245818,3,10.344827586206492,10.344827586206897,3,0.0,1.0,92.67161410018554,6.190476190476191,13,27.81897084852738,720575941449245818,935,Tier 3: Lower Priority
720575941511388881,2,6.896551724137906,6.896551724137931,2,0.0,1.0,100.0,2.857142857142857,6,27.783251231527085,720575941511388881,936,Tier 3: Lower Priority
720575941684992751,2,6.896551724137906,6.896551724137931,2,0.0,1.0,100.0,2.857142857142857,6,27.783251231527085,720575941684992751,937,Tier 3: Lower Priority
720575941516590552,2,6.896551724137906,6.896551724137931,2,0.0,1.0,100.0,2.857142857142857,6,27.783251231527085,720575941516590552,938,Tier 3: Lower Priority
720575941496289609,2,6.896551724137906,6.896551724137931,2,0.0,1.0,100.0,2.857142857142857,6,27.783251231527085,720575941496289609,939,Tier 3: Lower Priority
720575941577217113,2,6.896551724137906,6.896551724137931,2,0.0,1.0,100.0,2.857142857142857,6,27.783251231527085,720575941577217113,940,Tier 3: Lower Priority
720575941575682998,2,6.896551724137906,6.896551724137931,2,0.0,1.0,100.0,2.857142857142857,6,27.783251231527085,720575941575682998,941,Tier 3: Lower Priority
720575941515693315,4,6.896551724137906,6.896551724137931,2,0.0,1.0,100.0,2.857142857142857,6,27.783251231527085,720575941515693315,942,Tier 3: Lower Priority
720575941472561979,2,6.896551724137906,6.896551724137931,2,0.0,1.0,100.0,2.857142857142857,6,27.783251231527085,720575941472561979,943,Tier 3: Lower Priority
720575941571420667,2,6.896551724137906,6.896551724137931,2,0.0,1.0,100.0,2.857142857142857,6,27.783251231527085,720575941571420667,944,Tier 3: Lower Priority
720575941468312695,3,3.4482758620685856,3.4482758620689653,1,0.0,1.0,92.67161410018554,14.285714285714286,30,27.773814855095534,720575941468312695,945,Tier 3: Lower Priority
720575941581641311,1,24.1379310344823,24.137931034482758,7,0.0,1.0,81.0760667903525,0.9523809523809523,2,27.748491246028053,720575941581641311,946,Tier 3: Lower Priority
720575941551625626,2,3.4482758620685856,3.4482758620689653,1,0.0,1.0,100.0,6.666666666666667,14,27.701149425287245,720575941551625626,947,Tier 3: Lower Priority
720575941475780202,2,3.4482758620685856,3.4482758620689653,1,0.0,1.0,100.0,6.666666666666667,14,27.701149425287245,720575941475780202,948,Tier 3: Lower Priority
720575941588919863,2,3.4482758620685856,3.4482758620689653,1,0.0,1.0,100.0,6.666666666666667,14,27.701149425287245,720575941588919863,949,Tier 3: Lower Priority
720575941518466483,2,3.4482758620685856,3.4482758620689653,1,0.0,1.0,100.0,6.666666666666667,14,27.701149425287245,720575941518466483,950,Tier 3: Lower Priority
720575941565301550,2,3.4482758620685856,3.4482758620689653,1,0.0,1.0,100.0,6.666666666666667,14,27.701149425287245,720575941565301550,951,Tier 3: Lower Priority
720575941572444830,2,3.4482758620685856,3.4482758620689653,1,0.0,1.0,100.0,6.666666666666667,14,27.701149425287245,720575941572444830,952,Tier 3: Lower Priority
720575941536318869,4,3.4482758620685856,3.4482758620689653,1,0.0,1.0,100.0,6.666666666666667,14,27.701149425287245,720575941536318869,953,Tier 3: Lower Priority
720575941668742567,5,13.793103448275811,13.793103448275861,4,10.526315789473685,2.0,84.87940630797773,0.9523809523809523,2,27.70114100746715,720575941668742567,954,Tier 3: Lower Priority
720575941429324897,2,6.896551724137906,6.896551724137931,2,0.0,1.0,100.0,2.380952380952381,5,27.664203612479465,720575941429324897,955,Tier 3: Lower Priority
720575941516740524,4,6.896551724137906,6.896551724137931,2,0.0,1.0,100.0,2.380952380952381,5,27.664203612479465,720575941516740524,956,Tier 3: Lower Priority
720575941571492859,2,6.896551724137906,6.896551724137931,2,0.0,1.0,100.0,2.380952380952381,5,27.664203612479465,720575941571492859,957,Tier 3: Lower Priority
720575941564066567,2,6.896551724137906,6.896551724137931,2,0.0,1.0,100.0,2.380952380952381,5,27.664203612479465,720575941564066567,958,Tier 3: Lower Priority
720575941451814215,2,6.896551724137906,6.896551724137931,2,0.0,1.0,100.0,2.380952380952381,5,27.664203612479465,720575941451814215,959,Tier 3: Lower Priority
720575941445324052,2,6.896551724137906,6.896551724137931,2,0.0,1.0,100.0,2.380952380952381,5,27.664203612479465,720575941445324052,960,Tier 3: Lower Priority
720575941549735742,2,6.896551724137906,6.896551724137931,2,0.0,1.0,100.0,2.380952380952381,5,27.664203612479465,720575941549735742,961,Tier 3: Lower Priority
720575941503550373,2,6.896551724137906,6.896551724137931,2,0.0,1.0,100.0,2.380952380952381,5,27.664203612479465,720575941503550373,962,Tier 3: Lower Priority
720575941431129815,2,6.896551724137906,6.896551724137931,2,0.0,1.0,100.0,2.380952380952381,5,27.664203612479465,720575941431129815,963,Tier 3: Lower Priority
720575941442374058,3,13.793103448275811,13.793103448275861,4,0.0,1.0,92.67161410018554,1.4285714285714286,3,27.662977416671986,720575941442374058,964,Tier 3: Lower Priority
720575941592408615,3,13.793103448275811,13.793103448275861,4,0.0,1.0,92.67161410018554,1.4285714285714286,3,27.662977416671986,720575941592408615,965,Tier 3: Lower Priority
720575941350409264,3,13.793103448275811,13.793103448275861,4,0.0,1.0,92.67161410018554,1.4285714285714286,3,27.662977416671986,720575941350409264,966,Tier 3: Lower Priority
720575941496803234,3,13.793103448275811,13.793103448275861,4,0.0,1.0,92.67161410018554,1.4285714285714286,3,27.662977416671986,720575941496803234,967,Tier 3: Lower Priority
720575941468966208,3,13.793103448275811,13.793103448275861,4,0.0,1.0,92.67161410018554,1.4285714285714286,3,27.662977416671986,720575941468966208,968,Tier 3: Lower Priority
720575941472135179,3,3.4482758620685856,3.4482758620689653,1,0.0,1.0,92.67161410018554,13.80952380952381,29,27.654767236047913,720575941472135179,969,Tier 3: Lower Priority
720575941414464660,1,20.68965517241372,20.689655172413794,6,5.2631578947368425,2.0,81.0760667903525,0.47619047619047616,1,27.647592447307233,720575941414464660,970,Tier 3: Lower Priority
720575941626940710,3,6.896551724137906,6.896551724137931,2,0.0,1.0,92.67161410018554,9.523809523809524,20,27.617821423240134,720575941626940710,971,Tier 3: Lower Priority
720575941637874975,4,3.4482758620685856,3.4482758620689653,1,0.0,1.0,100.0,6.190476190476191,13,27.582101806239624,720575941637874975,972,Tier 3: Lower Priority
720575941587181879,4,3.4482758620685856,3.4482758620689653,1,0.0,1.0,100.0,6.190476190476191,13,27.582101806239624,720575941587181879,973,Tier 3: Lower Priority
720575941504386327,2,3.4482758620685856,3.4482758620689653,1,0.0,1.0,100.0,6.190476190476191,13,27.582101806239624,720575941504386327,974,Tier 3: Lower Priority
720575941490266828,4,3.4482758620685856,3.4482758620689653,1,0.0,1.0,100.0,6.190476190476191,13,27.582101806239624,720575941490266828,975,Tier 3: Lower Priority
720575941564417024,2,3.4482758620685856,3.4482758620689653,1,0.0,1.0,100.0,6.190476190476191,13,27.582101806239624,720575941564417024,976,Tier 3: Lower Priority
720575941548936253,2,3.4482758620685856,3.4482758620689653,1,0.0,1.0,100.0,6.190476190476191,13,27.582101806239624,720575941548936253,977,Tier 3: Lower Priority
720575941684748271,5,13.793103448275811,13.793103448275861,4,10.526315789473685,2.0,84.87940630797773,0.47619047619047616,1,27.582093388419533,720575941684748271,978,Tier 3: Lower Priority
720575941490833072,3,10.344827586206492,10.344827586206897,3,0.0,1.0,92.67161410018554,5.238095238095238,11,27.58087561043214,720575941490833072,979,Tier 3: Lower Priority
720575941485458754,3,10.344827586206492,10.344827586206897,3,0.0,1.0,92.67161410018554,5.238095238095238,11,27.58087561043214,720575941485458754,980,Tier 3: Lower Priority
720575941571516936,3,10.344827586206492,10.344827586206897,3,0.0,1.0,92.67161410018554,5.238095238095238,11,27.58087561043214,720575941571516936,981,Tier 3: Lower Priority
720575941442300586,3,10.344827586206492,10.344827586206897,3,5.2631578947368425,2.0,92.67161410018554,0.9523809523809523,2,27.562078617950938,720575941442300586,982,Tier 3: Lower Priority
720575941535181283,5,20.68965517241372,20.689655172413794,6,0.0,1.0,84.87940630797773,0.47619047619047616,1,27.54579574776617,720575941535181283,983,Tier 3: Lower Priority
720575941633054368,2,6.896551724137906,6.896551724137931,2,0.0,1.0,100.0,1.9047619047619047,4,27.545155993431845,720575941633054368,984,Tier 3: Lower Priority
720575941598634537,2,6.896551724137906,6.896551724137931,2,0.0,1.0,100.0,1.9047619047619047,4,27.545155993431845,720575941598634537,985,Tier 3: Lower Priority
720575941567126130,2,6.896551724137906,6.896551724137931,2,0.0,1.0,100.0,1.9047619047619047,4,27.545155993431845,720575941567126130,986,Tier 3: Lower Priority
720575941597512640,4,6.896551724137906,6.896551724137931,2,0.0,1.0,100.0,1.9047619047619047,4,27.545155993431845,720575941597512640,987,Tier 3: Lower Priority
720575941390688150,2,6.896551724137906,6.896551724137931,2,0.0,1.0,100.0,1.9047619047619047,4,27.545155993431845,720575941390688150,988,Tier 3: Lower Priority
720575941592430443,4,6.896551724137906,6.896551724137931,2,0.0,1.0,100.0,1.9047619047619047,4,27.545155993431845,720575941592430443,989,Tier 3: Lower Priority
720575941559268723,2,6.896551724137906,6.896551724137931,2,0.0,1.0,100.0,1.9047619047619047,4,27.545155993431845,720575941559268723,990,Tier 3: Lower Priority
720575941610830253,2,6.896551724137906,6.896551724137931,2,0.0,1.0,100.0,1.9047619047619047,4,27.545155993431845,720575941610830253,991,Tier 3: Lower Priority
720575941470111863,3,13.793103448275811,13.793103448275861,4,0.0,1.0,92.67161410018554,0.9523809523809523,2,27.543929797624365,720575941470111863,992,Tier 3: Lower Priority
720575941570676552,3,13.793103448275811,13.793103448275861,4,0.0,1.0,92.67161410018554,0.9523809523809523,2,27.543929797624365,720575941570676552,993,Tier 3: Lower Priority
720575941501848626,3,13.793103448275811,13.793103448275861,4,0.0,1.0,92.67161410018554,0.9523809523809523,2,27.543929797624365,720575941501848626,994,Tier 3: Lower Priority
720575941549403903,2,3.4482758620685856,3.4482758620689653,1,0.0,1.0,100.0,5.714285714285714,12,27.463054187192004,720575941549403903,995,Tier 3: Lower Priority
720575941482029251,4,3.4482758620685856,3.4482758620689653,1,0.0,1.0,100.0,5.714285714285714,12,27.463054187192004,720575941482029251,996,Tier 3: Lower Priority
720575941438631871,2,3.4482758620685856,3.4482758620689653,1,0.0,1.0,100.0,5.714285714285714,12,27.463054187192004,720575941438631871,997,Tier 3: Lower Priority
720575941668315891,4,3.4482758620685856,3.4482758620689653,1,0.0,1.0,100.0,5.714285714285714,12,27.463054187192004,720575941668315891,998,Tier 3: Lower Priority
720575941540201933,2,3.4482758620685856,3.4482758620689653,1,0.0,1.0,100.0,5.714285714285714,12,27.463054187192004,720575941540201933,999,Tier 3: Lower Priority
720575941514637827,2,3.4482758620685856,3.4482758620689653,1,0.0,1.0,100.0,5.714285714285714,12,27.463054187192004,720575941514637827,1000,Tier 3: Lower Priority
720575941552620543,2,3.4482758620685856,3.4482758620689653,1,0.0,1.0,100.0,5.714285714285714,12,27.463054187192004,720575941552620543,1001,Tier 3: Lower Priority
720575941532384387,5,13.793103448275811,13.793103448275861,4,10.526315789473685,2.0,84.87940630797773,0.0,0,27.463045769371913,720575941532384387,1002,Tier 3: Lower Priority
720575941452168873,3,10.344827586206492,10.344827586206897,3,0.0,1.0,92.67161410018554,4.761904761904762,10,27.46182799138452,720575941452168873,1003,Tier 3: Lower Priority
720575941657621272,3,10.344827586206492,10.344827586206897,3,0.0,1.0,92.67161410018554,4.761904761904762,10,27.46182799138452,720575941657621272,1004,Tier 3: Lower Priority
720575941589857790,5,17.2413793103444,17.24137931034483,5,5.2631578947368425,2.0,84.87940630797773,0.0,0,27.444896949045123,720575941589857790,1005,Tier 3: Lower Priority
720575941491289033,1,20.68965517241372,20.689655172413794,6,0.0,1.0,81.0760667903525,3.8095238095238093,8,27.428294201693195,720575941491289033,1006,Tier 3: Lower Priority
720575941533866506,5,20.68965517241372,20.689655172413794,6,0.0,1.0,84.87940630797773,0.0,0,27.42674812871855,720575941533866506,1007,Tier 3: Lower Priority
720575941629131490,5,20.68965517241372,20.689655172413794,6,0.0,1.0,84.87940630797773,0.0,0,27.42674812871855,720575941629131490,1008,Tier 3: Lower Priority
720575941564098567,5,20.68965517241372,20.689655172413794,6,0.0,1.0,84.87940630797773,0.0,0,27.42674812871855,720575941564098567,1009,Tier 3: Lower Priority
720575941596404101,4,6.896551724137906,6.896551724137931,2,0.0,1.0,100.0,1.4285714285714286,3,27.426108374384228,720575941596404101,1010,Tier 3: Lower Priority
720575941535137763,2,6.896551724137906,6.896551724137931,2,0.0,1.0,100.0,1.4285714285714286,3,27.426108374384228,720575941535137763,1011,Tier 3: Lower Priority
720575941473384234,2,6.896551724137906,6.896551724137931,2,0.0,1.0,100.0,1.4285714285714286,3,27.426108374384228,720575941473384234,1012,Tier 3: Lower Priority
720575941572859535,2,6.896551724137906,6.896551724137931,2,0.0,1.0,100.0,1.4285714285714286,3,27.426108374384228,720575941572859535,1013,Tier 3: Lower Priority
720575941557516782,4,6.896551724137906,6.896551724137931,2,0.0,1.0,100.0,1.4285714285714286,3,27.426108374384228,720575941557516782,1014,Tier 3: Lower Priority
720575941529746405,2,6.896551724137906,6.896551724137931,2,0.0,1.0,100.0,1.4285714285714286,3,27.426108374384228,720575941529746405,1015,Tier 3: Lower Priority
720575941481113597,2,6.896551724137906,6.896551724137931,2,0.0,1.0,100.0,1.4285714285714286,3,27.426108374384228,720575941481113597,1016,Tier 3: Lower Priority
720575941549632830,2,6.896551724137906,6.896551724137931,2,0.0,1.0,100.0,1.4285714285714286,3,27.426108374384228,720575941549632830,1017,Tier 3: Lower Priority
720575941559309171,2,6.896551724137906,6.896551724137931,2,0.0,1.0,100.0,1.4285714285714286,3,27.426108374384228,720575941559309171,1018,Tier 3: Lower Priority
720575941488278480,2,6.896551724137906,6.896551724137931,2,0.0,1.0,100.0,1.4285714285714286,3,27.426108374384228,720575941488278480,1019,Tier 3: Lower Priority
720575941623439754,3,13.793103448275811,13.793103448275861,4,0.0,1.0,92.67161410018554,0.47619047619047616,1,27.42488217857675,720575941623439754,1020,Tier 3: Lower Priority
720575941525782349,3,13.793103448275811,13.793103448275861,4,0.0,1.0,92.67161410018554,0.47619047619047616,1,27.42488217857675,720575941525782349,1021,Tier 3: Lower Priority
720575941504365847,3,13.793103448275811,13.793103448275861,4,0.0,1.0,92.67161410018554,0.47619047619047616,1,27.42488217857675,720575941504365847,1022,Tier 3: Lower Priority
720575941612326675,3,13.793103448275811,13.793103448275861,4,0.0,1.0,92.67161410018554,0.47619047619047616,1,27.42488217857675,720575941612326675,1023,Tier 3: Lower Priority
720575941533780762,3,13.793103448275811,13.793103448275861,4,0.0,1.0,92.67161410018554,0.47619047619047616,1,27.42488217857675,720575941533780762,1024,Tier 3: Lower Priority
720575941652781524,3,6.896551724137906,6.896551724137931,2,0.0,1.0,92.67161410018554,8.571428571428571,18,27.379726185144897,720575941652781524,1025,Tier 3: Lower Priority
720575941572851087,3,6.896551724137906,6.896551724137931,2,0.0,1.0,92.67161410018554,8.571428571428571,18,27.379726185144897,720575941572851087,1026,Tier 3: Lower Priority
720575941540100381,1,17.2413793103444,17.24137931034483,5,0.0,1.0,81.0760667903525,7.619047619047619,16,27.34619239545335,720575941540100381,1027,Tier 3: Lower Priority
720575941549386239,1,17.2413793103444,17.24137931034483,5,0.0,1.0,81.0760667903525,7.619047619047619,16,27.34619239545335,720575941549386239,1028,Tier 3: Lower Priority
720575941474467633,2,3.4482758620685856,3.4482758620689653,1,0.0,1.0,100.0,5.238095238095238,11,27.344006568144387,720575941474467633,1029,Tier 3: Lower Priority
720575941536208789,2,3.4482758620685856,3.4482758620689653,1,0.0,1.0,100.0,5.238095238095238,11,27.344006568144387,720575941536208789,1030,Tier 3: Lower Priority
720575941512798929,4,3.4482758620685856,3.4482758620689653,1,0.0,1.0,100.0,5.238095238095238,11,27.344006568144387,720575941512798929,1031,Tier 3: Lower Priority
720575941538289379,2,3.4482758620685856,3.4482758620689653,1,0.0,1.0,100.0,5.238095238095238,11,27.344006568144387,720575941538289379,1032,Tier 3: Lower Priority
720575941640957029,3,10.344827586206492,10.344827586206897,3,0.0,1.0,92.67161410018554,4.285714285714286,9,27.342780372336904,720575941640957029,1033,Tier 3: Lower Priority
720575941535047690,5,6.896551724137906,6.896551724137931,2,0.0,1.0,84.87940630797773,16.19047619047619,34,27.33643614185485,720575941535047690,1034,Tier 3: Lower Priority
720575941527220920,1,17.2413793103444,17.24137931034483,5,5.2631578947368425,2.0,81.0760667903525,3.3333333333333335,7,27.327395402972147,720575941527220920,1035,Tier 3: Lower Priority
720575941440287167,3,10.344827586206492,10.344827586206897,3,5.2631578947368425,2.0,92.67161410018554,0.0,0,27.3239833798557,720575941440287167,1036,Tier 3: Lower Priority
720575941407101614,1,20.68965517241372,20.689655172413794,6,0.0,1.0,81.0760667903525,3.3333333333333335,7,27.309246582645574,720575941407101614,1037,Tier 3: Lower Priority
720575941588669324,2,6.896551724137906,6.896551724137931,2,0.0,1.0,100.0,0.9523809523809523,2,27.307060755336607,720575941588669324,1038,Tier 3: Lower Priority
720575941449638493,2,6.896551724137906,6.896551724137931,2,0.0,1.0,100.0,0.9523809523809523,2,27.307060755336607,720575941449638493,1039,Tier 3: Lower Priority
720575941583315334,2,6.896551724137906,6.896551724137931,2,0.0,1.0,100.0,0.9523809523809523,2,27.307060755336607,720575941583315334,1040,Tier 3: Lower Priority
720575941516654552,2,6.896551724137906,6.896551724137931,2,0.0,1.0,100.0,0.9523809523809523,2,27.307060755336607,720575941516654552,1041,Tier 3: Lower Priority
720575941496222945,2,6.896551724137906,6.896551724137931,2,0.0,1.0,100.0,0.9523809523809523,2,27.307060755336607,720575941496222945,1042,Tier 3: Lower Priority
720575941435272590,2,6.896551724137906,6.896551724137931,2,0.0,1.0,100.0,0.9523809523809523,2,27.307060755336607,720575941435272590,1043,Tier 3: Lower Priority
720575941556372516,2,6.896551724137906,6.896551724137931,2,0.0,1.0,100.0,0.9523809523809523,2,27.307060755336607,720575941556372516,1044,Tier 3: Lower Priority
720575941555249665,4,6.896551724137906,6.896551724137931,2,0.0,1.0,100.0,0.9523809523809523,2,27.307060755336607,720575941555249665,1045,Tier 3: Lower Priority
720575941408464299,3,13.793103448275811,13.793103448275861,4,0.0,1.0,92.67161410018554,0.0,0,27.305834559529128,720575941408464299,1046,Tier 3: Lower Priority
720575941430294703,3,13.793103448275811,13.793103448275861,4,0.0,1.0,92.67161410018554,0.0,0,27.305834559529128,720575941430294703,1047,Tier 3: Lower Priority
720575941534843073,3,13.793103448275811,13.793103448275861,4,0.0,1.0,92.67161410018554,0.0,0,27.305834559529128,720575941534843073,1048,Tier 3: Lower Priority
720575941720629050,3,13.793103448275811,13.793103448275861,4,0.0,1.0,92.67161410018554,0.0,0,27.305834559529128,720575941720629050,1049,Tier 3: Lower Priority
720575941571847069,3,13.793103448275811,13.793103448275861,4,0.0,1.0,92.67161410018554,0.0,0,27.305834559529128,720575941571847069,1050,Tier 3: Lower Priority
720575941628690982,3,13.793103448275811,13.793103448275861,4,0.0,1.0,92.67161410018554,0.0,0,27.305834559529128,720575941628690982,1051,Tier 3: Lower Priority
720575941564530327,3,13.793103448275811,13.793103448275861,4,0.0,1.0,92.67161410018554,0.0,0,27.305834559529128,720575941564530327,1052,Tier 3: Lower Priority
720575941591285388,3,3.4482758620685856,3.4482758620689653,1,0.0,1.0,92.67161410018554,12.380952380952381,26,27.297624378905056,720575941591285388,1053,Tier 3: Lower Priority
720575941640895589,1,10.344827586206492,10.344827586206897,3,5.2631578947368425,2.0,81.0760667903525,11.428571428571429,24,27.2822394095403,720575941640895589,1054,Tier 3: Lower Priority
720575941527110840,5,10.344827586206492,10.344827586206897,3,5.2631578947368425,2.0,84.87940630797773,7.619047619047619,16,27.280693336565655,720575941527110840,1055,Tier 3: Lower Priority
720575941562467682,1,13.793103448275811,13.793103448275861,4,0.0,1.0,81.0760667903525,11.428571428571429,24,27.264090589213726,720575941562467682,1056,Tier 3: Lower Priority
720575941439050703,3,6.896551724137906,6.896551724137931,2,0.0,1.0,92.67161410018554,8.095238095238095,17,27.260678566097276,720575941439050703,1057,Tier 3: Lower Priority
720575941481012989,4,3.4482758620685856,3.4482758620689653,1,0.0,1.0,100.0,4.761904761904762,10,27.224958949096767,720575941481012989,1058,Tier 3: Lower Priority
720575941468950592,2,3.4482758620685856,3.4482758620689653,1,0.0,1.0,100.0,4.761904761904762,10,27.224958949096767,720575941468950592,1059,Tier 3: Lower Priority
720575941579809013,2,3.4482758620685856,3.4482758620689653,1,0.0,1.0,100.0,4.761904761904762,10,27.224958949096767,720575941579809013,1060,Tier 3: Lower Priority
720575941511262930,2,3.4482758620685856,3.4482758620689653,1,0.0,1.0,100.0,4.761904761904762,10,27.224958949096767,720575941511262930,1061,Tier 3: Lower Priority
720575941544695732,3,10.344827586206492,10.344827586206897,3,0.0,1.0,92.67161410018554,3.8095238095238093,8,27.223732753289283,720575941544695732,1062,Tier 3: Lower Priority
720575941537501160,5,6.896551724137906,6.896551724137931,2,0.0,1.0,84.87940630797773,15.714285714285714,33,27.21738852280723,720575941537501160,1063,Tier 3: Lower Priority
720575941614877397,1,20.68965517241372,20.689655172413794,6,0.0,1.0,81.0760667903525,2.857142857142857,6,27.190198963597958,720575941614877397,1064,Tier 3: Lower Priority
720575941628592866,4,6.896551724137906,6.896551724137931,2,0.0,1.0,100.0,0.47619047619047616,1,27.18801313628899,720575941628592866,1065,Tier 3: Lower Priority
720575941562381319,2,6.896551724137906,6.896551724137931,2,0.0,1.0,100.0,0.47619047619047616,1,27.18801313628899,720575941562381319,1066,Tier 3: Lower Priority
720575941475768938,2,6.896551724137906,6.896551724137931,2,0.0,1.0,100.0,0.47619047619047616,1,27.18801313628899,720575941475768938,1067,Tier 3: Lower Priority
720575941501990283,4,6.896551724137906,6.896551724137931,2,0.0,1.0,100.0,0.47619047619047616,1,27.18801313628899,720575941501990283,1068,Tier 3: Lower Priority
720575941481086205,2,6.896551724137906,6.896551724137931,2,0.0,1.0,100.0,0.47619047619047616,1,27.18801313628899,720575941481086205,1069,Tier 3: Lower Priority
720575941438382380,4,6.896551724137906,6.896551724137931,2,0.0,1.0,100.0,0.47619047619047616,1,27.18801313628899,720575941438382380,1070,Tier 3: Lower Priority
720575941660856956,2,6.896551724137906,6.896551724137931,2,0.0,1.0,100.0,0.47619047619047616,1,27.18801313628899,720575941660856956,1071,Tier 3: Lower Priority
720575941565122614,2,6.896551724137906,6.896551724137931,2,0.0,1.0,100.0,0.47619047619047616,1,27.18801313628899,720575941565122614,1072,Tier 3: Lower Priority
720575941554135297,2,6.896551724137906,6.896551724137931,2,0.0,1.0,100.0,0.47619047619047616,1,27.18801313628899,720575941554135297,1073,Tier 3: Lower Priority
720575941525182630,2,6.896551724137906,6.896551724137931,2,0.0,1.0,100.0,0.47619047619047616,1,27.18801313628899,720575941525182630,1074,Tier 3: Lower Priority
720575941587284535,2,6.896551724137906,6.896551724137931,2,0.0,1.0,100.0,0.47619047619047616,1,27.18801313628899,720575941587284535,1075,Tier 3: Lower Priority
720575941557576563,2,6.896551724137906,6.896551724137931,2,0.0,1.0,100.0,0.47619047619047616,1,27.18801313628899,720575941557576563,1076,Tier 3: Lower Priority
720575941450080349,2,6.896551724137906,6.896551724137931,2,0.0,1.0,100.0,0.47619047619047616,1,27.18801313628899,720575941450080349,1077,Tier 3: Lower Priority
720575941429543127,3,3.4482758620685856,3.4482758620689653,1,0.0,1.0,92.67161410018554,11.904761904761905,25,27.178576759857435,720575941429543127,1078,Tier 3: Lower Priority
720575941537881981,5,10.344827586206492,10.344827586206897,3,5.2631578947368425,2.0,84.87940630797773,7.142857142857143,15,27.161645717518034,720575941537881981,1079,Tier 3: Lower Priority
720575941513177091,5,13.793103448275811,13.793103448275861,4,0.0,1.0,84.87940630797773,7.142857142857143,15,27.14349689719146,720575941513177091,1080,Tier 3: Lower Priority
720575941457797360,1,17.2413793103444,17.24137931034483,5,0.0,1.0,81.0760667903525,6.666666666666667,14,27.108097157358113,720575941457797360,1081,Tier 3: Lower Priority
720575941534996146,2,3.4482758620685856,3.4482758620689653,1,0.0,1.0,100.0,4.285714285714286,9,27.10591133004915,720575941534996146,1082,Tier 3: Lower Priority
720575941535073770,2,3.4482758620685856,3.4482758620689653,1,0.0,1.0,100.0,4.285714285714286,9,27.10591133004915,720575941535073770,1083,Tier 3: Lower Priority
720575941519492718,2,3.4482758620685856,3.4482758620689653,1,0.0,1.0,100.0,4.285714285714286,9,27.10591133004915,720575941519492718,1084,Tier 3: Lower Priority
720575941567039732,2,3.4482758620685856,3.4482758620689653,1,0.0,1.0,100.0,4.285714285714286,9,27.10591133004915,720575941567039732,1085,Tier 3: Lower Priority
720575941516734062,2,3.4482758620685856,3.4482758620689653,1,0.0,1.0,100.0,4.285714285714286,9,27.10591133004915,720575941516734062,1086,Tier 3: Lower Priority
720575941551960319,2,3.4482758620685856,3.4482758620689653,1,0.0,1.0,100.0,4.285714285714286,9,27.10591133004915,720575941551960319,1087,Tier 3: Lower Priority
720575941571997085,4,3.4482758620685856,3.4482758620689653,1,0.0,1.0,100.0,4.285714285714286,9,27.10591133004915,720575941571997085,1088,Tier 3: Lower Priority
720575941456642541,3,10.344827586206492,10.344827586206897,3,0.0,1.0,92.67161410018554,3.3333333333333335,7,27.104685134241663,720575941456642541,1089,Tier 3: Lower Priority
720575941458334163,1,6.896551724137906,6.896551724137931,2,0.0,1.0,81.0760667903525,19.047619047619047,40,27.099886976734258,720575941458334163,1090,Tier 3: Lower Priority
720575941612197734,2,6.896551724137906,6.896551724137931,2,0.0,1.0,100.0,0.0,0,27.06896551724137,720575941612197734,1091,Tier 3: Lower Priority
720575941551589274,2,6.896551724137906,6.896551724137931,2,0.0,1.0,100.0,0.0,0,27.06896551724137,720575941551589274,1092,Tier 3: Lower Priority
720575941446819348,4,6.896551724137906,6.896551724137931,2,0.0,1.0,100.0,0.0,0,27.06896551724137,720575941446819348,1093,Tier 3: Lower Priority
720575941553293978,2,6.896551724137906,6.896551724137931,2,0.0,1.0,100.0,0.0,0,27.06896551724137,720575941553293978,1094,Tier 3: Lower Priority
720575941555222273,2,6.896551724137906,6.896551724137931,2,0.0,1.0,100.0,0.0,0,27.06896551724137,720575941555222273,1095,Tier 3: Lower Priority
720575941552994843,2,6.896551724137906,6.896551724137931,2,0.0,1.0,100.0,0.0,0,27.06896551724137,720575941552994843,1096,Tier 3: Lower Priority
720575941441969103,4,6.896551724137906,6.896551724137931,2,0.0,1.0,100.0,0.0,0,27.06896551724137,720575941441969103,1097,Tier 3: Lower Priority
720575941611260262,4,6.896551724137906,6.896551724137931,2,0.0,1.0,100.0,0.0,0,27.06896551724137,720575941611260262,1098,Tier 3: Lower Priority
720575941562321671,2,6.896551724137906,6.896551724137931,2,0.0,1.0,100.0,0.0,0,27.06896551724137,720575941562321671,1099,Tier 3: Lower Priority
720575941428324344,2,6.896551724137906,6.896551724137931,2,0.0,1.0,100.0,0.0,0,27.06896551724137,720575941428324344,1100,Tier 3: Lower Priority
720575941703183834,4,6.896551724137906,6.896551724137931,2,0.0,1.0,100.0,0.0,0,27.06896551724137,720575941703183834,1101,Tier 3: Lower Priority
720575941588629758,2,6.896551724137906,6.896551724137931,2,0.0,1.0,100.0,0.0,0,27.06896551724137,720575941588629758,1102,Tier 3: Lower Priority
720575941501953730,4,6.896551724137906,6.896551724137931,2,0.0,1.0,100.0,0.0,0,27.06896551724137,720575941501953730,1103,Tier 3: Lower Priority
720575941390326532,4,6.896551724137906,6.896551724137931,2,0.0,1.0,100.0,0.0,0,27.06896551724137,720575941390326532,1104,Tier 3: Lower Priority
720575941537584882,2,6.896551724137906,6.896551724137931,2,0.0,1.0,100.0,0.0,0,27.06896551724137,720575941537584882,1105,Tier 3: Lower Priority
720575941592547879,2,6.896551724137906,6.896551724137931,2,0.0,1.0,100.0,0.0,0,27.06896551724137,720575941592547879,1106,Tier 3: Lower Priority
720575941530890627,2,6.896551724137906,6.896551724137931,2,0.0,1.0,100.0,0.0,0,27.06896551724137,720575941530890627,1107,Tier 3: Lower Priority
720575941391803140,4,6.896551724137906,6.896551724137931,2,0.0,1.0,100.0,0.0,0,27.06896551724137,720575941391803140,1108,Tier 3: Lower Priority
720575941623326572,2,6.896551724137906,6.896551724137931,2,0.0,1.0,100.0,0.0,0,27.06896551724137,720575941623326572,1109,Tier 3: Lower Priority
720575941565495655,5,10.344827586206492,10.344827586206897,3,5.2631578947368425,2.0,84.87940630797773,6.666666666666667,14,27.042598098470418,720575941565495655,1110,Tier 3: Lower Priority
720575941535952577,3,6.896551724137906,6.896551724137931,2,0.0,1.0,92.67161410018554,7.142857142857143,15,27.02258332800204,720575941535952577,1111,Tier 3: Lower Priority
720575941408481195,3,6.896551724137906,6.896551724137931,2,0.0,1.0,92.67161410018554,7.142857142857143,15,27.02258332800204,720575941408481195,1112,Tier 3: Lower Priority
720575941428412809,1,17.2413793103444,17.24137931034483,5,0.0,1.0,81.0760667903525,6.190476190476191,13,26.989049538310493,720575941428412809,1113,Tier 3: Lower Priority
720575941460232147,2,3.4482758620685856,3.4482758620689653,1,0.0,1.0,100.0,3.8095238095238093,8,26.98686371100153,720575941460232147,1114,Tier 3: Lower Priority
720575941595202085,4,3.4482758620685856,3.4482758620689653,1,0.0,1.0,100.0,3.8095238095238093,8,26.98686371100153,720575941595202085,1115,Tier 3: Lower Priority
720575941440934351,2,3.4482758620685856,3.4482758620689653,1,0.0,1.0,100.0,3.8095238095238093,8,26.98686371100153,720575941440934351,1116,Tier 3: Lower Priority
720575941586381534,2,3.4482758620685856,3.4482758620689653,1,0.0,1.0,100.0,3.8095238095238093,8,26.98686371100153,720575941586381534,1117,Tier 3: Lower Priority
720575941490693577,4,3.4482758620685856,3.4482758620689653,1,0.0,1.0,100.0,3.8095238095238093,8,26.98686371100153,720575941490693577,1118,Tier 3: Lower Priority
720575941440423375,2,3.4482758620685856,3.4482758620689653,1,0.0,1.0,100.0,3.8095238095238093,8,26.98686371100153,720575941440423375,1119,Tier 3: Lower Priority
720575941542922781,2,3.4482758620685856,3.4482758620689653,1,0.0,1.0,100.0,3.8095238095238093,8,26.98686371100153,720575941542922781,1120,Tier 3: Lower Priority
720575941502853719,2,3.4482758620685856,3.4482758620689653,1,0.0,1.0,100.0,3.8095238095238093,8,26.98686371100153,720575941502853719,1121,Tier 3: Lower Priority
720575941432005646,2,3.4482758620685856,3.4482758620689653,1,0.0,1.0,100.0,3.8095238095238093,8,26.98686371100153,720575941432005646,1122,Tier 3: Lower Priority
720575941431166679,2,3.4482758620685856,3.4482758620689653,1,0.0,1.0,100.0,3.8095238095238093,8,26.98686371100153,720575941431166679,1123,Tier 3: Lower Priority
720575941547259197,2,3.4482758620685856,3.4482758620689653,1,0.0,1.0,100.0,3.8095238095238093,8,26.98686371100153,720575941547259197,1124,Tier 3: Lower Priority
720575941547162292,2,3.4482758620685856,3.4482758620689653,1,0.0,1.0,100.0,3.8095238095238093,8,26.98686371100153,720575941547162292,1125,Tier 3: Lower Priority
720575941520331511,3,10.344827586206492,10.344827586206897,3,0.0,1.0,92.67161410018554,2.857142857142857,6,26.985637515194046,720575941520331511,1126,Tier 3: Lower Priority
720575941571499515,3,10.344827586206492,10.344827586206897,3,0.0,1.0,92.67161410018554,2.857142857142857,6,26.985637515194046,720575941571499515,1127,Tier 3: Lower Priority
720575941499426699,3,10.344827586206492,10.344827586206897,3,0.0,1.0,92.67161410018554,2.857142857142857,6,26.985637515194046,720575941499426699,1128,Tier 3: Lower Priority
720575941514065043,3,10.344827586206492,10.344827586206897,3,0.0,1.0,92.67161410018554,2.857142857142857,6,26.985637515194046,720575941514065043,1129,Tier 3: Lower Priority
720575941532349362,3,10.344827586206492,10.344827586206897,3,0.0,1.0,92.67161410018554,2.857142857142857,6,26.985637515194046,720575941532349362,1130,Tier 3: Lower Priority
720575941494983806,3,6.896551724137906,6.896551724137931,2,0.0,1.0,92.67161410018554,6.666666666666667,14,26.903535708954422,720575941494983806,1131,Tier 3: Lower Priority
720575941652537361,2,3.4482758620685856,3.4482758620689653,1,0.0,1.0,100.0,3.3333333333333335,7,26.86781609195391,720575941652537361,1132,Tier 3: Lower Priority
720575941616556245,4,3.4482758620685856,3.4482758620689653,1,0.0,1.0,100.0,3.3333333333333335,7,26.86781609195391,720575941616556245,1133,Tier 3: Lower Priority
720575941524353049,2,3.4482758620685856,3.4482758620689653,1,0.0,1.0,100.0,3.3333333333333335,7,26.86781609195391,720575941524353049,1134,Tier 3: Lower Priority
720575941518316471,2,3.4482758620685856,3.4482758620689653,1,0.0,1.0,100.0,3.3333333333333335,7,26.86781609195391,720575941518316471,1135,Tier 3: Lower Priority
720575941457134918,2,3.4482758620685856,3.4482758620689653,1,0.0,1.0,100.0,3.3333333333333335,7,26.86781609195391,720575941457134918,1136,Tier 3: Lower Priority
720575941529827557,2,3.4482758620685856,3.4482758620689653,1,0.0,1.0,100.0,3.3333333333333335,7,26.86781609195391,720575941529827557,1137,Tier 3: Lower Priority
720575941608324717,2,3.4482758620685856,3.4482758620689653,1,0.0,1.0,100.0,3.3333333333333335,7,26.86781609195391,720575941608324717,1138,Tier 3: Lower Priority
720575941414456212,2,3.4482758620685856,3.4482758620689653,1,0.0,1.0,100.0,3.3333333333333335,7,26.86781609195391,720575941414456212,1139,Tier 3: Lower Priority
720575941458790726,3,10.344827586206492,10.344827586206897,3,0.0,1.0,92.67161410018554,2.380952380952381,5,26.866589896146426,720575941458790726,1140,Tier 3: Lower Priority
720575941614850517,3,10.344827586206492,10.344827586206897,3,0.0,1.0,92.67161410018554,2.380952380952381,5,26.866589896146426,720575941614850517,1141,Tier 3: Lower Priority
720575941588661388,3,10.344827586206492,10.344827586206897,3,0.0,1.0,92.67161410018554,2.380952380952381,5,26.866589896146426,720575941588661388,1142,Tier 3: Lower Priority
720575941524113764,3,10.344827586206492,10.344827586206897,3,0.0,1.0,92.67161410018554,2.380952380952381,5,26.866589896146426,720575941524113764,1143,Tier 3: Lower Priority
720575941573188278,1,20.68965517241372,20.689655172413794,6,0.0,1.0,81.0760667903525,1.4285714285714286,3,26.8330561064551,720575941573188278,1144,Tier 3: Lower Priority
720575941596078961,1,20.68965517241372,20.689655172413794,6,0.0,1.0,81.0760667903525,1.4285714285714286,3,26.8330561064551,720575941596078961,1145,Tier 3: Lower Priority
720575941559096302,5,10.344827586206492,10.344827586206897,3,5.2631578947368425,2.0,84.87940630797773,5.714285714285714,12,26.804502860375177,720575941559096302,1146,Tier 3: Lower Priority
720575941479167456,3,6.896551724137906,6.896551724137931,2,0.0,1.0,92.67161410018554,6.190476190476191,13,26.7844880899068,720575941479167456,1147,Tier 3: Lower Priority
720575941475996465,5,17.2413793103444,17.24137931034483,5,0.0,1.0,84.87940630797773,1.4285714285714286,3,26.74940822724061,720575941475996465,1148,Tier 3: Lower Priority
720575941557434862,2,3.4482758620685856,3.4482758620689653,1,0.0,1.0,100.0,2.857142857142857,6,26.748768472906292,720575941557434862,1149,Tier 3: Lower Priority
720575941486866640,2,3.4482758620685856,3.4482758620689653,1,0.0,1.0,100.0,2.857142857142857,6,26.748768472906292,720575941486866640,1150,Tier 3: Lower Priority
720575941579262841,2,3.4482758620685856,3.4482758620689653,1,0.0,1.0,100.0,2.857142857142857,6,26.748768472906292,720575941579262841,1151,Tier 3: Lower Priority
720575941562358023,2,3.4482758620685856,3.4482758620689653,1,0.0,1.0,100.0,2.857142857142857,6,26.748768472906292,720575941562358023,1152,Tier 3: Lower Priority
720575941450586958,2,3.4482758620685856,3.4482758620689653,1,0.0,1.0,100.0,2.857142857142857,6,26.748768472906292,720575941450586958,1153,Tier 3: Lower Priority
720575941645098401,2,3.4482758620685856,3.4482758620689653,1,0.0,1.0,100.0,2.857142857142857,6,26.748768472906292,720575941645098401,1154,Tier 3: Lower Priority
720575941617239423,2,3.4482758620685856,3.4482758620689653,1,0.0,1.0,100.0,2.857142857142857,6,26.748768472906292,720575941617239423,1155,Tier 3: Lower Priority
720575941536351681,4,3.4482758620685856,3.4482758620689653,1,0.0,1.0,100.0,2.857142857142857,6,26.748768472906292,720575941536351681,1156,Tier 3: Lower Priority
720575941593245297,3,10.344827586206492,10.344827586206897,3,0.0,1.0,92.67161410018554,1.9047619047619047,4,26.747542277098805,720575941593245297,1157,Tier 3: Lower Priority
720575941536294293,3,10.344827586206492,10.344827586206897,3,0.0,1.0,92.67161410018554,1.9047619047619047,4,26.747542277098805,720575941536294293,1158,Tier 3: Lower Priority
720575941478598735,3,10.344827586206492,10.344827586206897,3,0.0,1.0,92.67161410018554,1.9047619047619047,4,26.747542277098805,720575941478598735,1159,Tier 3: Lower Priority
720575941504134981,3,10.344827586206492,10.344827586206897,3,0.0,1.0,92.67161410018554,1.9047619047619047,4,26.747542277098805,720575941504134981,1160,Tier 3: Lower Priority
720575941595878848,3,10.344827586206492,10.344827586206897,3,0.0,1.0,92.67161410018554,1.9047619047619047,4,26.747542277098805,720575941595878848,1161,Tier 3: Lower Priority
720575941495662971,1,20.68965517241372,20.689655172413794,6,0.0,1.0,81.0760667903525,0.9523809523809523,2,26.71400848740748,720575941495662971,1162,Tier 3: Lower Priority
720575941488419022,1,20.68965517241372,20.689655172413794,6,0.0,1.0,81.0760667903525,0.9523809523809523,2,26.71400848740748,720575941488419022,1163,Tier 3: Lower Priority
720575941350395952,1,20.68965517241372,20.689655172413794,6,0.0,1.0,81.0760667903525,0.9523809523809523,2,26.71400848740748,720575941350395952,1164,Tier 3: Lower Priority
720575941621616380,3,3.4482758620685856,3.4482758620689653,1,0.0,1.0,92.67161410018554,10.0,21,26.70238628366696,720575941621616380,1165,Tier 3: Lower Priority
720575941524114532,3,3.4482758620685856,3.4482758620689653,1,0.0,1.0,92.67161410018554,10.0,21,26.70238628366696,720575941524114532,1166,Tier 3: Lower Priority
720575941527150776,5,10.344827586206492,10.344827586206897,3,5.2631578947368425,2.0,84.87940630797773,5.238095238095238,11,26.68545524132756,720575941527150776,1167,Tier 3: Lower Priority
720575941496284489,5,13.793103448275811,13.793103448275861,4,0.0,1.0,84.87940630797773,5.238095238095238,11,26.667306421000987,720575941496284489,1168,Tier 3: Lower Priority
720575941515071299,3,6.896551724137906,6.896551724137931,2,0.0,1.0,92.67161410018554,5.714285714285714,12,26.66544047085918,720575941515071299,1169,Tier 3: Lower Priority
720575941513167609,5,13.793103448275811,13.793103448275861,4,5.2631578947368425,2.0,84.87940630797773,0.9523809523809523,2,26.648509428519784,720575941513167609,1170,Tier 3: Lower Priority
720575941477858434,3,6.896551724137906,6.896551724137931,2,5.2631578947368425,2.0,92.67161410018554,1.4285714285714286,3,26.64664347837798,720575941477858434,1171,Tier 3: Lower Priority
720575941468245879,5,17.2413793103444,17.24137931034483,5,0.0,1.0,84.87940630797773,0.9523809523809523,2,26.63036060819299,720575941468245879,1172,Tier 3: Lower Priority
720575941474259754,2,3.4482758620685856,3.4482758620689653,1,0.0,1.0,100.0,2.380952380952381,5,26.62972085385867,720575941474259754,1173,Tier 3: Lower Priority
720575941451834281,2,3.4482758620685856,3.4482758620689653,1,0.0,1.0,100.0,2.380952380952381,5,26.62972085385867,720575941451834281,1174,Tier 3: Lower Priority
720575941630296517,2,3.4482758620685856,3.4482758620689653,1,0.0,1.0,100.0,2.380952380952381,5,26.62972085385867,720575941630296517,1175,Tier 3: Lower Priority
720575941537697149,2,3.4482758620685856,3.4482758620689653,1,0.0,1.0,100.0,2.380952380952381,5,26.62972085385867,720575941537697149,1176,Tier 3: Lower Priority
720575941489801676,4,3.4482758620685856,3.4482758620689653,1,0.0,1.0,100.0,2.380952380952381,5,26.62972085385867,720575941489801676,1177,Tier 3: Lower Priority
720575941442357674,2,3.4482758620685856,3.4482758620689653,1,0.0,1.0,100.0,2.380952380952381,5,26.62972085385867,720575941442357674,1178,Tier 3: Lower Priority
720575941452604467,2,3.4482758620685856,3.4482758620689653,1,0.0,1.0,100.0,2.380952380952381,5,26.62972085385867,720575941452604467,1179,Tier 3: Lower Priority
720575941483803458,2,3.4482758620685856,3.4482758620689653,1,0.0,1.0,100.0,2.380952380952381,5,26.62972085385867,720575941483803458,1180,Tier 3: Lower Priority
720575941546321076,2,3.4482758620685856,3.4482758620689653,1,0.0,1.0,100.0,2.380952380952381,5,26.62972085385867,720575941546321076,1181,Tier 3: Lower Priority
720575941651527409,2,3.4482758620685856,3.4482758620689653,1,0.0,1.0,100.0,2.380952380952381,5,26.62972085385867,720575941651527409,1182,Tier 3: Lower Priority
720575941520284919,2,3.4482758620685856,3.4482758620689653,1,0.0,1.0,100.0,2.380952380952381,5,26.62972085385867,720575941520284919,1183,Tier 3: Lower Priority
720575941532526168,1,17.2413793103444,17.24137931034483,5,5.2631578947368425,2.0,81.0760667903525,0.47619047619047616,1,26.613109688686436,720575941532526168,1184,Tier 3: Lower Priority
720575941555462995,5,10.344827586206492,10.344827586206897,3,0.0,1.0,84.87940630797773,9.047619047619047,19,26.585204614761142,720575941555462995,1185,Tier 3: Lower Priority
720575941497092169,5,10.344827586206492,10.344827586206897,3,0.0,1.0,84.87940630797773,9.047619047619047,19,26.585204614761142,720575941497092169,1186,Tier 3: Lower Priority
720575941644908408,1,13.793103448275811,13.793103448275861,4,0.0,1.0,81.0760667903525,8.571428571428571,18,26.54980487492801,720575941644908408,1187,Tier 3: Lower Priority
720575941534709482,5,13.793103448275811,13.793103448275861,4,0.0,1.0,84.87940630797773,4.761904761904762,10,26.548258801953367,720575941534709482,1188,Tier 3: Lower Priority
720575941501786930,3,6.896551724137906,6.896551724137931,2,0.0,1.0,92.67161410018554,5.238095238095238,11,26.546392851811564,720575941501786930,1189,Tier 3: Lower Priority
720575941586402628,3,6.896551724137906,6.896551724137931,2,0.0,1.0,92.67161410018554,5.238095238095238,11,26.546392851811564,720575941586402628,1190,Tier 3: Lower Priority
720575941566167094,3,6.896551724137906,6.896551724137931,2,0.0,1.0,92.67161410018554,5.238095238095238,11,26.546392851811564,720575941566167094,1191,Tier 3: Lower Priority
720575941458656467,3,6.896551724137906,6.896551724137931,2,0.0,1.0,92.67161410018554,5.238095238095238,11,26.546392851811564,720575941458656467,1192,Tier 3: Lower Priority
720575941455940336,3,6.896551724137906,6.896551724137931,2,0.0,1.0,92.67161410018554,5.238095238095238,11,26.546392851811564,720575941455940336,1193,Tier 3: Lower Priority
720575941431099567,5,13.793103448275811,13.793103448275861,4,5.2631578947368425,2.0,84.87940630797773,0.47619047619047616,1,26.529461809472167,720575941431099567,1194,Tier 3: Lower Priority
720575941587178295,5,13.793103448275811,13.793103448275861,4,5.2631578947368425,2.0,84.87940630797773,0.47619047619047616,1,26.529461809472167,720575941587178295,1195,Tier 3: Lower Priority
720575941546727713,1,17.2413793103444,17.24137931034483,5,0.0,1.0,81.0760667903525,4.285714285714286,9,26.512859062120018,720575941546727713,1196,Tier 3: Lower Priority
720575941488675276,1,17.2413793103444,17.24137931034483,5,0.0,1.0,81.0760667903525,4.285714285714286,9,26.512859062120018,720575941488675276,1197,Tier 3: Lower Priority
720575941499750818,2,3.4482758620685856,3.4482758620689653,1,0.0,1.0,100.0,1.9047619047619047,4,26.51067323481105,720575941499750818,1198,Tier 3: Lower Priority
720575941593965957,2,3.4482758620685856,3.4482758620689653,1,0.0,1.0,100.0,1.9047619047619047,4,26.51067323481105,720575941593965957,1199,Tier 3: Lower Priority
720575941626897958,2,3.4482758620685856,3.4482758620689653,1,0.0,1.0,100.0,1.9047619047619047,4,26.51067323481105,720575941626897958,1200,Tier 3: Lower Priority
720575941554132225,2,3.4482758620685856,3.4482758620689653,1,0.0,1.0,100.0,1.9047619047619047,4,26.51067323481105,720575941554132225,1201,Tier 3: Lower Priority
720575941542905629,4,3.4482758620685856,3.4482758620689653,1,0.0,1.0,100.0,1.9047619047619047,4,26.51067323481105,720575941542905629,1202,Tier 3: Lower Priority
720575941565531799,2,3.4482758620685856,3.4482758620689653,1,0.0,1.0,100.0,1.9047619047619047,4,26.51067323481105,720575941565531799,1203,Tier 3: Lower Priority
720575941546385084,4,3.4482758620685856,3.4482758620689653,1,0.0,1.0,100.0,1.9047619047619047,4,26.51067323481105,720575941546385084,1204,Tier 3: Lower Priority
720575941561420434,2,3.4482758620685856,3.4482758620689653,1,0.0,1.0,100.0,1.9047619047619047,4,26.51067323481105,720575941561420434,1205,Tier 3: Lower Priority
720575941478634831,2,3.4482758620685856,3.4482758620689653,1,0.0,1.0,100.0,1.9047619047619047,4,26.51067323481105,720575941478634831,1206,Tier 3: Lower Priority
720575941559954703,2,3.4482758620685856,3.4482758620689653,1,0.0,1.0,100.0,1.9047619047619047,4,26.51067323481105,720575941559954703,1207,Tier 3: Lower Priority
720575941459591568,2,3.4482758620685856,3.4482758620689653,1,0.0,1.0,100.0,1.9047619047619047,4,26.51067323481105,720575941459591568,1208,Tier 3: Lower Priority
720575941461246931,2,3.4482758620685856,3.4482758620689653,1,0.0,1.0,100.0,1.9047619047619047,4,26.51067323481105,720575941461246931,1209,Tier 3: Lower Priority
720575941592380199,2,3.4482758620685856,3.4482758620689653,1,0.0,1.0,100.0,1.9047619047619047,4,26.51067323481105,720575941592380199,1210,Tier 3: Lower Priority
720575941404758384,2,3.4482758620685856,3.4482758620689653,1,0.0,1.0,100.0,1.9047619047619047,4,26.51067323481105,720575941404758384,1211,Tier 3: Lower Priority
720575941392491268,4,3.4482758620685856,3.4482758620689653,1,0.0,1.0,100.0,1.9047619047619047,4,26.51067323481105,720575941392491268,1212,Tier 3: Lower Priority
720575941650755601,4,3.4482758620685856,3.4482758620689653,1,0.0,1.0,100.0,1.9047619047619047,4,26.51067323481105,720575941650755601,1213,Tier 3: Lower Priority
720575941560635816,4,3.4482758620685856,3.4482758620689653,1,0.0,1.0,100.0,1.9047619047619047,4,26.51067323481105,720575941560635816,1214,Tier 3: Lower Priority
720575941414026524,3,10.344827586206492,10.344827586206897,3,0.0,1.0,92.67161410018554,0.9523809523809523,2,26.509447039003568,720575941414026524,1215,Tier 3: Lower Priority
720575941641423442,3,10.344827586206492,10.344827586206897,3,0.0,1.0,92.67161410018554,0.9523809523809523,2,26.509447039003568,720575941641423442,1216,Tier 3: Lower Priority
720575941484125702,3,10.344827586206492,10.344827586206897,3,0.0,1.0,92.67161410018554,0.9523809523809523,2,26.509447039003568,720575941484125702,1217,Tier 3: Lower Priority
720575941534822632,1,17.2413793103444,17.24137931034483,5,5.2631578947368425,2.0,81.0760667903525,0.0,0,26.494062069638815,720575941534822632,1218,Tier 3: Lower Priority
720575941477497312,1,20.68965517241372,20.689655172413794,6,0.0,1.0,81.0760667903525,0.0,0,26.475913249312242,720575941477497312,1219,Tier 3: Lower Priority
720575941390682262,3,3.4482758620685856,3.4482758620689653,1,0.0,1.0,92.67161410018554,9.047619047619047,19,26.464291045571724,720575941390682262,1220,Tier 3: Lower Priority
720575941516776558,5,10.344827586206492,10.344827586206897,3,5.2631578947368425,2.0,84.87940630797773,4.285714285714286,9,26.447360003232323,720575941516776558,1221,Tier 3: Lower Priority
720575941508509569,1,13.793103448275811,13.793103448275861,4,0.0,1.0,81.0760667903525,8.095238095238095,17,26.430757255880394,720575941508509569,1222,Tier 3: Lower Priority
720575941475702890,5,13.793103448275811,13.793103448275861,4,0.0,1.0,84.87940630797773,4.285714285714286,9,26.42921118290575,720575941475702890,1223,Tier 3: Lower Priority
720575941461076493,5,13.793103448275811,13.793103448275861,4,0.0,1.0,84.87940630797773,4.285714285714286,9,26.42921118290575,720575941461076493,1224,Tier 3: Lower Priority
720575941461221075,3,6.896551724137906,6.896551724137931,2,0.0,1.0,92.67161410018554,4.761904761904762,10,26.427345232763944,720575941461221075,1225,Tier 3: Lower Priority
720575941505105212,5,13.793103448275811,13.793103448275861,4,5.2631578947368425,2.0,84.87940630797773,0.0,0,26.410414190424547,720575941505105212,1226,Tier 3: Lower Priority
720575941610583260,1,17.2413793103444,17.24137931034483,5,0.0,1.0,81.0760667903525,3.8095238095238093,8,26.393811443072398,720575941610583260,1227,Tier 3: Lower Priority
720575941505457954,5,17.2413793103444,17.24137931034483,5,0.0,1.0,84.87940630797773,0.0,0,26.392265370097753,720575941505457954,1228,Tier 3: Lower Priority
720575941632722875,5,17.2413793103444,17.24137931034483,5,0.0,1.0,84.87940630797773,0.0,0,26.392265370097753,720575941632722875,1229,Tier 3: Lower Priority
720575941470854720,2,3.4482758620685856,3.4482758620689653,1,0.0,1.0,100.0,1.4285714285714286,3,26.391625615763434,720575941470854720,1230,Tier 3: Lower Priority
720575941564962711,2,3.4482758620685856,3.4482758620689653,1,0.0,1.0,100.0,1.4285714285714286,3,26.391625615763434,720575941564962711,1231,Tier 3: Lower Priority
720575941505991041,2,3.4482758620685856,3.4482758620689653,1,0.0,1.0,100.0,1.4285714285714286,3,26.391625615763434,720575941505991041,1232,Tier 3: Lower Priority
720575941400703267,2,3.4482758620685856,3.4482758620689653,1,0.0,1.0,100.0,1.4285714285714286,3,26.391625615763434,720575941400703267,1233,Tier 3: Lower Priority
720575941489092327,4,3.4482758620685856,3.4482758620689653,1,0.0,1.0,100.0,1.4285714285714286,3,26.391625615763434,720575941489092327,1234,Tier 3: Lower Priority
720575941555550244,2,3.4482758620685856,3.4482758620689653,1,0.0,1.0,100.0,1.4285714285714286,3,26.391625615763434,720575941555550244,1235,Tier 3: Lower Priority
720575941468700381,2,3.4482758620685856,3.4482758620689653,1,0.0,1.0,100.0,1.4285714285714286,3,26.391625615763434,720575941468700381,1236,Tier 3: Lower Priority
720575941440872655,2,3.4482758620685856,3.4482758620689653,1,0.0,1.0,100.0,1.4285714285714286,3,26.391625615763434,720575941440872655,1237,Tier 3: Lower Priority
720575941609390182,2,3.4482758620685856,3.4482758620689653,1,0.0,1.0,100.0,1.4285714285714286,3,26.391625615763434,720575941609390182,1238,Tier 3: Lower Priority
720575941431660937,2,3.4482758620685856,3.4482758620689653,1,0.0,1.0,100.0,1.4285714285714286,3,26.391625615763434,720575941431660937,1239,Tier 3: Lower Priority
720575941483682813,2,3.4482758620685856,3.4482758620689653,1,0.0,1.0,100.0,1.4285714285714286,3,26.391625615763434,720575941483682813,1240,Tier 3: Lower Priority
720575941447112373,2,3.4482758620685856,3.4482758620689653,1,0.0,1.0,100.0,1.4285714285714286,3,26.391625615763434,720575941447112373,1241,Tier 3: Lower Priority
720575941431075425,2,3.4482758620685856,3.4482758620689653,1,0.0,1.0,100.0,1.4285714285714286,3,26.391625615763434,720575941431075425,1242,Tier 3: Lower Priority
720575941678544829,2,3.4482758620685856,3.4482758620689653,1,0.0,1.0,100.0,1.4285714285714286,3,26.391625615763434,720575941678544829,1243,Tier 3: Lower Priority
720575941575519336,3,10.344827586206492,10.344827586206897,3,0.0,1.0,92.67161410018554,0.47619047619047616,1,26.39039941995595,720575941575519336,1244,Tier 3: Lower Priority
720575941587362103,3,10.344827586206492,10.344827586206897,3,0.0,1.0,92.67161410018554,0.47619047619047616,1,26.39039941995595,720575941587362103,1245,Tier 3: Lower Priority
720575941513254915,3,10.344827586206492,10.344827586206897,3,0.0,1.0,92.67161410018554,0.47619047619047616,1,26.39039941995595,720575941513254915,1246,Tier 3: Lower Priority
720575941495495547,3,10.344827586206492,10.344827586206897,3,0.0,1.0,92.67161410018554,0.47619047619047616,1,26.39039941995595,720575941495495547,1247,Tier 3: Lower Priority
720575941542900997,3,3.4482758620685856,3.4482758620689653,1,0.0,1.0,92.67161410018554,8.571428571428571,18,26.345243426524103,720575941542900997,1248,Tier 3: Lower Priority
720575941459554960,1,13.793103448275811,13.793103448275861,4,0.0,1.0,81.0760667903525,7.619047619047619,16,26.311709636832774,720575941459554960,1249,Tier 3: Lower Priority
720575941583254918,1,13.793103448275811,13.793103448275861,4,0.0,1.0,81.0760667903525,7.619047619047619,16,26.311709636832774,720575941583254918,1250,Tier 3: Lower Priority
720575941474459707,5,13.793103448275811,13.793103448275861,4,0.0,1.0,84.87940630797773,3.8095238095238093,8,26.31016356385813,720575941474459707,1251,Tier 3: Lower Priority
720575941521508939,5,13.793103448275811,13.793103448275861,4,0.0,1.0,84.87940630797773,3.8095238095238093,8,26.31016356385813,720575941521508939,1252,Tier 3: Lower Priority
720575941593875589,3,6.896551724137906,6.896551724137931,2,0.0,1.0,92.67161410018554,4.285714285714286,9,26.308297613716327,720575941593875589,1253,Tier 3: Lower Priority
720575941485138896,3,6.896551724137906,6.896551724137931,2,0.0,1.0,92.67161410018554,4.285714285714286,9,26.308297613716327,720575941485138896,1254,Tier 3: Lower Priority
720575941551313435,3,6.896551724137906,6.896551724137931,2,5.2631578947368425,2.0,92.67161410018554,0.0,0,26.289500621235124,720575941551313435,1255,Tier 3: Lower Priority
720575941390320644,3,6.896551724137906,6.896551724137931,2,5.2631578947368425,2.0,92.67161410018554,0.0,0,26.289500621235124,720575941390320644,1256,Tier 3: Lower Priority
720575941543613033,1,17.2413793103444,17.24137931034483,5,0.0,1.0,81.0760667903525,3.3333333333333335,7,26.274763824024777,720575941543613033,1257,Tier 3: Lower Priority
720575941650783249,4,3.4482758620685856,3.4482758620689653,1,0.0,1.0,100.0,0.9523809523809523,2,26.272577996715814,720575941650783249,1258,Tier 3: Lower Priority
720575941471190368,2,3.4482758620685856,3.4482758620689653,1,0.0,1.0,100.0,0.9523809523809523,2,26.272577996715814,720575941471190368,1259,Tier 3: Lower Priority
720575941393490838,2,3.4482758620685856,3.4482758620689653,1,0.0,1.0,100.0,0.9523809523809523,2,26.272577996715814,720575941393490838,1260,Tier 3: Lower Priority
720575941631829701,4,3.4482758620685856,3.4482758620689653,1,0.0,1.0,100.0,0.9523809523809523,2,26.272577996715814,720575941631829701,1261,Tier 3: Lower Priority
720575941576945233,4,3.4482758620685856,3.4482758620689653,1,0.0,1.0,100.0,0.9523809523809523,2,26.272577996715814,720575941576945233,1262,Tier 3: Lower Priority
720575941434870560,2,3.4482758620685856,3.4482758620689653,1,0.0,1.0,100.0,0.9523809523809523,2,26.272577996715814,720575941434870560,1263,Tier 3: Lower Priority
720575941645093281,2,3.4482758620685856,3.4482758620689653,1,0.0,1.0,100.0,0.9523809523809523,2,26.272577996715814,720575941645093281,1264,Tier 3: Lower Priority
720575941595308327,2,3.4482758620685856,3.4482758620689653,1,0.0,1.0,100.0,0.9523809523809523,2,26.272577996715814,720575941595308327,1265,Tier 3: Lower Priority
720575941530184139,2,3.4482758620685856,3.4482758620689653,1,0.0,1.0,100.0,0.9523809523809523,2,26.272577996715814,720575941530184139,1266,Tier 3: Lower Priority
720575941438822235,4,3.4482758620685856,3.4482758620689653,1,0.0,1.0,100.0,0.9523809523809523,2,26.272577996715814,720575941438822235,1267,Tier 3: Lower Priority
720575941526854822,2,3.4482758620685856,3.4482758620689653,1,0.0,1.0,100.0,0.9523809523809523,2,26.272577996715814,720575941526854822,1268,Tier 3: Lower Priority
720575941436770783,2,3.4482758620685856,3.4482758620689653,1,0.0,1.0,100.0,0.9523809523809523,2,26.272577996715814,720575941436770783,1269,Tier 3: Lower Priority
720575941496677760,2,3.4482758620685856,3.4482758620689653,1,0.0,1.0,100.0,0.9523809523809523,2,26.272577996715814,720575941496677760,1270,Tier 3: Lower Priority
720575941499424395,2,3.4482758620685856,3.4482758620689653,1,0.0,1.0,100.0,0.9523809523809523,2,26.272577996715814,720575941499424395,1271,Tier 3: Lower Priority
720575941630010338,2,3.4482758620685856,3.4482758620689653,1,0.0,1.0,100.0,0.9523809523809523,2,26.272577996715814,720575941630010338,1272,Tier 3: Lower Priority
720575941505819009,3,10.344827586206492,10.344827586206897,3,0.0,1.0,92.67161410018554,0.0,0,26.27135180090833,720575941505819009,1273,Tier 3: Lower Priority
720575941504235031,3,10.344827586206492,10.344827586206897,3,0.0,1.0,92.67161410018554,0.0,0,26.27135180090833,720575941504235031,1274,Tier 3: Lower Priority
720575941525445145,3,10.344827586206492,10.344827586206897,3,0.0,1.0,92.67161410018554,0.0,0,26.27135180090833,720575941525445145,1275,Tier 3: Lower Priority
720575941700457946,3,10.344827586206492,10.344827586206897,3,0.0,1.0,92.67161410018554,0.0,0,26.27135180090833,720575941700457946,1276,Tier 3: Lower Priority
720575941450477225,3,10.344827586206492,10.344827586206897,3,0.0,1.0,92.67161410018554,0.0,0,26.27135180090833,720575941450477225,1277,Tier 3: Lower Priority
720575941478399055,3,10.344827586206492,10.344827586206897,3,0.0,1.0,92.67161410018554,0.0,0,26.27135180090833,720575941478399055,1278,Tier 3: Lower Priority
720575941529077176,3,10.344827586206492,10.344827586206897,3,0.0,1.0,92.67161410018554,0.0,0,26.27135180090833,720575941529077176,1279,Tier 3: Lower Priority
720575941352867120,3,10.344827586206492,10.344827586206897,3,0.0,1.0,92.67161410018554,0.0,0,26.27135180090833,720575941352867120,1280,Tier 3: Lower Priority
720575941425134420,3,10.344827586206492,10.344827586206897,3,0.0,1.0,92.67161410018554,0.0,0,26.27135180090833,720575941425134420,1281,Tier 3: Lower Priority
720575941479721635,3,10.344827586206492,10.344827586206897,3,0.0,1.0,92.67161410018554,0.0,0,26.27135180090833,720575941479721635,1282,Tier 3: Lower Priority
720575941523052279,3,10.344827586206492,10.344827586206897,3,0.0,1.0,92.67161410018554,0.0,0,26.27135180090833,720575941523052279,1283,Tier 3: Lower Priority
720575941399253283,1,10.344827586206492,10.344827586206897,3,0.0,1.0,81.0760667903525,11.428571428571429,24,26.22960783059293,720575941399253283,1284,Tier 3: Lower Priority
720575941431311575,5,10.344827586206492,10.344827586206897,3,0.0,1.0,84.87940630797773,7.619047619047619,16,26.228061757618285,720575941431311575,1285,Tier 3: Lower Priority
720575941628591330,3,3.4482758620685856,3.4482758620689653,1,0.0,1.0,92.67161410018554,8.095238095238095,17,26.226195807476486,720575941628591330,1286,Tier 3: Lower Priority
720575941560631464,3,3.4482758620685856,3.4482758620689653,1,0.0,1.0,92.67161410018554,8.095238095238095,17,26.226195807476486,720575941560631464,1287,Tier 3: Lower Priority
720575941525847396,3,3.4482758620685856,3.4482758620689653,1,0.0,1.0,92.67161410018554,8.095238095238095,17,26.226195807476486,720575941525847396,1288,Tier 3: Lower Priority
720575941592428907,3,6.896551724137906,6.896551724137931,2,0.0,1.0,92.67161410018554,3.8095238095238093,8,26.189249994668707,720575941592428907,1289,Tier 3: Lower Priority
720575941610174950,3,6.896551724137906,6.896551724137931,2,0.0,1.0,92.67161410018554,3.8095238095238093,8,26.189249994668707,720575941610174950,1290,Tier 3: Lower Priority
720575941595919217,5,3.4482758620685856,3.4482758620689653,1,0.0,1.0,84.87940630797773,15.714285714285714,33,26.182905764186437,720575941595919217,1291,Tier 3: Lower Priority
720575941566431286,1,13.793103448275811,13.793103448275861,4,5.2631578947368425,2.0,81.0760667903525,2.857142857142857,6,26.173865025303954,720575941566431286,1292,Tier 3: Lower Priority
720575941461082381,1,17.2413793103444,17.24137931034483,5,0.0,1.0,81.0760667903525,2.857142857142857,6,26.15571620497716,720575941461082381,1293,Tier 3: Lower Priority
720575941457073478,1,17.2413793103444,17.24137931034483,5,0.0,1.0,81.0760667903525,2.857142857142857,6,26.15571620497716,720575941457073478,1294,Tier 3: Lower Priority
720575941576368744,1,17.2413793103444,17.24137931034483,5,0.0,1.0,81.0760667903525,2.857142857142857,6,26.15571620497716,720575941576368744,1295,Tier 3: Lower Priority
720575941518533043,2,3.4482758620685856,3.4482758620689653,1,0.0,1.0,100.0,0.47619047619047616,1,26.153530377668197,720575941518533043,1296,Tier 3: Lower Priority
720575941430952801,2,3.4482758620685856,3.4482758620689653,1,0.0,1.0,100.0,0.47619047619047616,1,26.153530377668197,720575941430952801,1297,Tier 3: Lower Priority
720575941436692543,4,3.4482758620685856,3.4482758620689653,1,0.0,1.0,100.0,0.47619047619047616,1,26.153530377668197,720575941436692543,1298,Tier 3: Lower Priority
720575941467578134,2,3.4482758620685856,3.4482758620689653,1,0.0,1.0,100.0,0.47619047619047616,1,26.153530377668197,720575941467578134,1299,Tier 3: Lower Priority
720575941424948820,2,3.4482758620685856,3.4482758620689653,1,0.0,1.0,100.0,0.47619047619047616,1,26.153530377668197,720575941424948820,1300,Tier 3: Lower Priority
720575941479474818,2,3.4482758620685856,3.4482758620689653,1,0.0,1.0,100.0,0.47619047619047616,1,26.153530377668197,720575941479474818,1301,Tier 3: Lower Priority
720575941478289376,2,3.4482758620685856,3.4482758620689653,1,0.0,1.0,100.0,0.47619047619047616,1,26.153530377668197,720575941478289376,1302,Tier 3: Lower Priority
720575941524427289,2,3.4482758620685856,3.4482758620689653,1,0.0,1.0,100.0,0.47619047619047616,1,26.153530377668197,720575941524427289,1303,Tier 3: Lower Priority
720575941652151569,2,3.4482758620685856,3.4482758620689653,1,0.0,1.0,100.0,0.47619047619047616,1,26.153530377668197,720575941652151569,1304,Tier 3: Lower Priority
720575941608391498,2,3.4482758620685856,3.4482758620689653,1,0.0,1.0,100.0,0.47619047619047616,1,26.153530377668197,720575941608391498,1305,Tier 3: Lower Priority
720575941438746303,4,3.4482758620685856,3.4482758620689653,1,0.0,1.0,100.0,0.47619047619047616,1,26.153530377668197,720575941438746303,1306,Tier 3: Lower Priority
720575941471188599,2,3.4482758620685856,3.4482758620689653,1,0.0,1.0,100.0,0.47619047619047616,1,26.153530377668197,720575941471188599,1307,Tier 3: Lower Priority
720575941429423969,2,3.4482758620685856,3.4482758620689653,1,0.0,1.0,100.0,0.47619047619047616,1,26.153530377668197,720575941429423969,1308,Tier 3: Lower Priority
720575941555478355,4,3.4482758620685856,3.4482758620689653,1,0.0,1.0,100.0,0.47619047619047616,1,26.153530377668197,720575941555478355,1309,Tier 3: Lower Priority
720575941642221176,2,3.4482758620685856,3.4482758620689653,1,0.0,1.0,100.0,0.47619047619047616,1,26.153530377668197,720575941642221176,1310,Tier 3: Lower Priority
720575941401815331,2,3.4482758620685856,3.4482758620689653,1,0.0,1.0,100.0,0.47619047619047616,1,26.153530377668197,720575941401815331,1311,Tier 3: Lower Priority
720575941514920282,4,3.4482758620685856,3.4482758620689653,1,0.0,1.0,100.0,0.47619047619047616,1,26.153530377668197,720575941514920282,1312,Tier 3: Lower Priority
720575941564656791,2,3.4482758620685856,3.4482758620689653,1,0.0,1.0,100.0,0.47619047619047616,1,26.153530377668197,720575941564656791,1313,Tier 3: Lower Priority
720575941516750483,2,3.4482758620685856,3.4482758620689653,1,0.0,1.0,100.0,0.47619047619047616,1,26.153530377668197,720575941516750483,1314,Tier 3: Lower Priority
720575941562329095,2,3.4482758620685856,3.4482758620689653,1,0.0,1.0,100.0,0.47619047619047616,1,26.153530377668197,720575941562329095,1315,Tier 3: Lower Priority
720575941526764388,5,6.896551724137906,6.896551724137931,2,0.0,1.0,84.87940630797773,11.428571428571429,24,26.14595995137866,720575941526764388,1316,Tier 3: Lower Priority
720575941504563781,5,10.344827586206492,10.344827586206897,3,0.0,1.0,84.87940630797773,7.142857142857143,15,26.109014138570664,720575941504563781,1317,Tier 3: Lower Priority
720575941561320493,5,10.344827586206492,10.344827586206897,3,0.0,1.0,84.87940630797773,7.142857142857143,15,26.109014138570664,720575941561320493,1318,Tier 3: Lower Priority
720575941431092911,3,3.4482758620685856,3.4482758620689653,1,0.0,1.0,92.67161410018554,7.619047619047619,16,26.107148188428866,720575941431092911,1319,Tier 3: Lower Priority
720575941641473874,5,13.793103448275811,13.793103448275861,4,0.0,1.0,84.87940630797773,2.857142857142857,6,26.072068325762892,720575941641473874,1320,Tier 3: Lower Priority
720575941586427460,5,13.793103448275811,13.793103448275861,4,0.0,1.0,84.87940630797773,2.857142857142857,6,26.072068325762892,720575941586427460,1321,Tier 3: Lower Priority
720575941481050877,5,13.793103448275811,13.793103448275861,4,0.0,1.0,84.87940630797773,2.857142857142857,6,26.072068325762892,720575941481050877,1322,Tier 3: Lower Priority
720575941625193354,3,6.896551724137906,6.896551724137931,2,0.0,1.0,92.67161410018554,3.3333333333333335,7,26.070202375621086,720575941625193354,1323,Tier 3: Lower Priority
720575941576986705,3,6.896551724137906,6.896551724137931,2,0.0,1.0,92.67161410018554,3.3333333333333335,7,26.070202375621086,720575941576986705,1324,Tier 3: Lower Priority
720575941350441008,3,6.896551724137906,6.896551724137931,2,0.0,1.0,92.67161410018554,3.3333333333333335,7,26.070202375621086,720575941350441008,1325,Tier 3: Lower Priority
720575941667164081,1,17.2413793103444,17.24137931034483,5,0.0,1.0,81.0760667903525,2.380952380952381,5,26.03666858592954,720575941667164081,1326,Tier 3: Lower Priority
720575941488732876,1,17.2413793103444,17.24137931034483,5,0.0,1.0,81.0760667903525,2.380952380952381,5,26.03666858592954,720575941488732876,1327,Tier 3: Lower Priority
720575941570817352,1,17.2413793103444,17.24137931034483,5,0.0,1.0,81.0760667903525,2.380952380952381,5,26.03666858592954,720575941570817352,1328,Tier 3: Lower Priority
720575941537994645,4,3.4482758620685856,3.4482758620689653,1,0.0,1.0,100.0,0.0,0,26.034482758620577,720575941537994645,1329,Tier 3: Lower Priority
720575941621698300,2,3.4482758620685856,3.4482758620689653,1,0.0,1.0,100.0,0.0,0,26.034482758620577,720575941621698300,1330,Tier 3: Lower Priority
720575941592493863,2,3.4482758620685856,3.4482758620689653,1,0.0,1.0,100.0,0.0,0,26.034482758620577,720575941592493863,1331,Tier 3: Lower Priority
720575941515577667,4,3.4482758620685856,3.4482758620689653,1,0.0,1.0,100.0,0.0,0,26.034482758620577,720575941515577667,1332,Tier 3: Lower Priority
720575941475722033,4,3.4482758620685856,3.4482758620689653,1,0.0,1.0,100.0,0.0,0,26.034482758620577,720575941475722033,1333,Tier 3: Lower Priority
720575941611626003,4,3.4482758620685856,3.4482758620689653,1,0.0,1.0,100.0,0.0,0,26.034482758620577,720575941611626003,1334,Tier 3: Lower Priority
720575941555233793,2,3.4482758620685856,3.4482758620689653,1,0.0,1.0,100.0,0.0,0,26.034482758620577,720575941555233793,1335,Tier 3: Lower Priority
720575941501805655,2,3.4482758620685856,3.4482758620689653,1,0.0,1.0,100.0,0.0,0,26.034482758620577,720575941501805655,1336,Tier 3: Lower Priority
720575941485179856,2,3.4482758620685856,3.4482758620689653,1,0.0,1.0,100.0,0.0,0,26.034482758620577,720575941485179856,1337,Tier 3: Lower Priority
720575941458786288,2,3.4482758620685856,3.4482758620689653,1,0.0,1.0,100.0,0.0,0,26.034482758620577,720575941458786288,1338,Tier 3: Lower Priority
720575941477664736,2,3.4482758620685856,3.4482758620689653,1,0.0,1.0,100.0,0.0,0,26.034482758620577,720575941477664736,1339,Tier 3: Lower Priority
720575941481059258,2,3.4482758620685856,3.4482758620689653,1,0.0,1.0,100.0,0.0,0,26.034482758620577,720575941481059258,1340,Tier 3: Lower Priority
720575941459002271,2,3.4482758620685856,3.4482758620689653,1,0.0,1.0,100.0,0.0,0,26.034482758620577,720575941459002271,1341,Tier 3: Lower Priority
720575941571325512,4,3.4482758620685856,3.4482758620689653,1,0.0,1.0,100.0,0.0,0,26.034482758620577,720575941571325512,1342,Tier 3: Lower Priority
720575941566799098,4,3.4482758620685856,3.4482758620689653,1,0.0,1.0,100.0,0.0,0,26.034482758620577,720575941566799098,1343,Tier 3: Lower Priority
720575941498433915,4,3.4482758620685856,3.4482758620689653,1,0.0,1.0,100.0,0.0,0,26.034482758620577,720575941498433915,1344,Tier 3: Lower Priority
720575941614317075,2,3.4482758620685856,3.4482758620689653,1,0.0,1.0,100.0,0.0,0,26.034482758620577,720575941614317075,1345,Tier 3: Lower Priority
720575941535934730,2,3.4482758620685856,3.4482758620689653,1,0.0,1.0,100.0,0.0,0,26.034482758620577,720575941535934730,1346,Tier 3: Lower Priority
720575941430909025,2,3.4482758620685856,3.4482758620689653,1,0.0,1.0,100.0,0.0,0,26.034482758620577,720575941430909025,1347,Tier 3: Lower Priority
720575941572011785,2,3.4482758620685856,3.4482758620689653,1,0.0,1.0,100.0,0.0,0,26.034482758620577,720575941572011785,1348,Tier 3: Lower Priority
720575941524119117,2,3.4482758620685856,3.4482758620689653,1,0.0,1.0,100.0,0.0,0,26.034482758620577,720575941524119117,1349,Tier 3: Lower Priority
720575941433281312,2,3.4482758620685856,3.4482758620689653,1,0.0,1.0,100.0,0.0,0,26.034482758620577,720575941433281312,1350,Tier 3: Lower Priority
720575941600519977,4,3.4482758620685856,3.4482758620689653,1,0.0,1.0,100.0,0.0,0,26.034482758620577,720575941600519977,1351,Tier 3: Lower Priority
720575941485190352,2,3.4482758620685856,3.4482758620689653,1,0.0,1.0,100.0,0.0,0,26.034482758620577,720575941485190352,1352,Tier 3: Lower Priority
720575941524218724,2,3.4482758620685856,3.4482758620689653,1,0.0,1.0,100.0,0.0,0,26.034482758620577,720575941524218724,1353,Tier 3: Lower Priority
720575941545353352,4,3.4482758620685856,3.4482758620689653,1,0.0,1.0,100.0,0.0,0,26.034482758620577,720575941545353352,1354,Tier 3: Lower Priority
720575941392604054,2,3.4482758620685856,3.4482758620689653,1,0.0,1.0,100.0,0.0,0,26.034482758620577,720575941392604054,1355,Tier 3: Lower Priority
720575941651861269,2,3.4482758620685856,3.4482758620689653,1,0.0,1.0,100.0,0.0,0,26.034482758620577,720575941651861269,1356,Tier 3: Lower Priority
720575941588002628,4,3.4482758620685856,3.4482758620689653,1,0.0,1.0,100.0,0.0,0,26.034482758620577,720575941588002628,1357,Tier 3: Lower Priority
720575941413926428,2,3.4482758620685856,3.4482758620689653,1,0.0,1.0,100.0,0.0,0,26.034482758620577,720575941413926428,1358,Tier 3: Lower Priority
720575941439727311,2,3.4482758620685856,3.4482758620689653,1,0.0,1.0,100.0,0.0,0,26.034482758620577,720575941439727311,1359,Tier 3: Lower Priority
720575941569659806,1,6.896551724137906,6.896551724137931,2,0.0,1.0,81.0760667903525,14.761904761904763,31,26.028458405305685,720575941569659806,1360,Tier 3: Lower Priority
720575941478390607,3,3.4482758620685856,3.4482758620689653,1,0.0,1.0,92.67161410018554,7.142857142857143,15,25.988100569381245,720575941478390607,1361,Tier 3: Lower Priority
720575941507664144,3,3.4482758620685856,3.4482758620689653,1,0.0,1.0,92.67161410018554,7.142857142857143,15,25.988100569381245,720575941507664144,1362,Tier 3: Lower Priority
720575941588615052,3,3.4482758620685856,3.4482758620689653,1,0.0,1.0,92.67161410018554,7.142857142857143,15,25.988100569381245,720575941588615052,1363,Tier 3: Lower Priority
720575941489037031,5,13.793103448275811,13.793103448275861,4,0.0,1.0,84.87940630797773,2.380952380952381,5,25.95302070671527,720575941489037031,1364,Tier 3: Lower Priority
720575941559370285,3,6.896551724137906,6.896551724137931,2,0.0,1.0,92.67161410018554,2.857142857142857,6,25.95115475657347,720575941559370285,1365,Tier 3: Lower Priority
720575941399309603,1,6.896551724137906,6.896551724137931,2,0.0,1.0,81.0760667903525,14.285714285714286,30,25.909410786258068,720575941399309603,1366,Tier 3: Lower Priority
720575941545372296,1,10.344827586206492,10.344827586206897,3,0.0,1.0,81.0760667903525,10.0,21,25.87246497345007,720575941545372296,1367,Tier 3: Lower Priority
720575941571906717,5,10.344827586206492,10.344827586206897,3,0.0,1.0,84.87940630797773,6.190476190476191,13,25.870918900475427,720575941571906717,1368,Tier 3: Lower Priority
720575941429361249,3,3.4482758620685856,3.4482758620689653,1,0.0,1.0,92.67161410018554,6.666666666666667,14,25.86905295033363,720575941429361249,1369,Tier 3: Lower Priority
720575941555186074,3,3.4482758620685856,3.4482758620689653,1,0.0,1.0,92.67161410018554,6.666666666666667,14,25.86905295033363,720575941555186074,1370,Tier 3: Lower Priority
720575941612599449,3,3.4482758620685856,3.4482758620689653,1,0.0,1.0,92.67161410018554,6.666666666666667,14,25.86905295033363,720575941612599449,1371,Tier 3: Lower Priority
720575941564125026,3,6.896551724137906,6.896551724137931,2,0.0,1.0,92.67161410018554,2.380952380952381,5,25.83210713752585,720575941564125026,1372,Tier 3: Lower Priority
720575941508542674,1,6.896551724137906,6.896551724137931,2,0.0,1.0,81.0760667903525,13.80952380952381,29,25.790363167210447,720575941508542674,1373,Tier 3: Lower Priority
720575941523074379,3,3.4482758620685856,3.4482758620689653,1,0.0,1.0,92.67161410018554,6.190476190476191,13,25.750005331286008,720575941523074379,1374,Tier 3: Lower Priority
720575941549683006,3,3.4482758620685856,3.4482758620689653,1,0.0,1.0,92.67161410018554,6.190476190476191,13,25.750005331286008,720575941549683006,1375,Tier 3: Lower Priority
720575941439120591,5,13.793103448275811,13.793103448275861,4,0.0,1.0,84.87940630797773,1.4285714285714286,3,25.714925468620034,720575941439120591,1376,Tier 3: Lower Priority
720575941410037419,5,13.793103448275811,13.793103448275861,4,0.0,1.0,84.87940630797773,1.4285714285714286,3,25.714925468620034,720575941410037419,1377,Tier 3: Lower Priority
720575941411829396,3,6.896551724137906,6.896551724137931,2,0.0,1.0,92.67161410018554,1.9047619047619047,4,25.71305951847823,720575941411829396,1378,Tier 3: Lower Priority
720575941399188003,3,6.896551724137906,6.896551724137931,2,0.0,1.0,92.67161410018554,1.9047619047619047,4,25.71305951847823,720575941399188003,1379,Tier 3: Lower Priority
720575941516873838,1,17.2413793103444,17.24137931034483,5,0.0,1.0,81.0760667903525,0.9523809523809523,2,25.679525728786682,720575941516873838,1380,Tier 3: Lower Priority
720575941478488143,5,10.344827586206492,10.344827586206897,3,0.0,1.0,84.87940630797773,5.238095238095238,11,25.63282366238019,720575941478488143,1381,Tier 3: Lower Priority
720575941652038421,5,10.344827586206492,10.344827586206897,3,0.0,1.0,84.87940630797773,5.238095238095238,11,25.63282366238019,720575941652038421,1382,Tier 3: Lower Priority
720575941476130097,3,3.4482758620685856,3.4482758620689653,1,0.0,1.0,92.67161410018554,5.714285714285714,12,25.630957712238388,720575941476130097,1383,Tier 3: Lower Priority
720575941477193246,5,10.344827586206492,10.344827586206897,3,5.2631578947368425,2.0,84.87940630797773,0.9523809523809523,2,25.614026669898987,720575941477193246,1384,Tier 3: Lower Priority
720575941569639326,5,13.793103448275811,13.793103448275861,4,0.0,1.0,84.87940630797773,0.9523809523809523,2,25.595877849572414,720575941569639326,1385,Tier 3: Lower Priority
720575941474711873,3,6.896551724137906,6.896551724137931,2,0.0,1.0,92.67161410018554,1.4285714285714286,3,25.594011899430612,720575941474711873,1386,Tier 3: Lower Priority
720575941477955491,3,6.896551724137906,6.896551724137931,2,0.0,1.0,92.67161410018554,1.4285714285714286,3,25.594011899430612,720575941477955491,1387,Tier 3: Lower Priority
720575941430438414,3,6.896551724137906,6.896551724137931,2,0.0,1.0,92.67161410018554,1.4285714285714286,3,25.594011899430612,720575941430438414,1388,Tier 3: Lower Priority
720575941688042203,3,6.896551724137906,6.896551724137931,2,0.0,1.0,92.67161410018554,1.4285714285714286,3,25.594011899430612,720575941688042203,1389,Tier 3: Lower Priority
720575941461227152,3,6.896551724137906,6.896551724137931,2,0.0,1.0,92.67161410018554,1.4285714285714286,3,25.594011899430612,720575941461227152,1390,Tier 3: Lower Priority
720575941530837891,3,6.896551724137906,6.896551724137931,2,0.0,1.0,92.67161410018554,1.4285714285714286,3,25.594011899430612,720575941530837891,1391,Tier 3: Lower Priority
720575941429210721,3,6.896551724137906,6.896551724137931,2,0.0,1.0,92.67161410018554,1.4285714285714286,3,25.594011899430612,720575941429210721,1392,Tier 3: Lower Priority
720575941518446702,3,6.896551724137906,6.896551724137931,2,0.0,1.0,92.67161410018554,1.4285714285714286,3,25.594011899430612,720575941518446702,1393,Tier 3: Lower Priority
720575941592505639,3,6.896551724137906,6.896551724137931,2,0.0,1.0,92.67161410018554,1.4285714285714286,3,25.594011899430612,720575941592505639,1394,Tier 3: Lower Priority
720575941514046355,1,17.2413793103444,17.24137931034483,5,0.0,1.0,81.0760667903525,0.47619047619047616,1,25.560478109739066,720575941514046355,1395,Tier 3: Lower Priority
720575941569826810,1,17.2413793103444,17.24137931034483,5,0.0,1.0,81.0760667903525,0.47619047619047616,1,25.560478109739066,720575941569826810,1396,Tier 3: Lower Priority
720575941583511518,1,6.896551724137906,6.896551724137931,2,0.0,1.0,81.0760667903525,12.857142857142858,27,25.55226792911521,720575941583511518,1397,Tier 3: Lower Priority
720575941630111941,1,6.896551724137906,6.896551724137931,2,0.0,1.0,81.0760667903525,12.857142857142858,27,25.55226792911521,720575941630111941,1398,Tier 3: Lower Priority
720575941485775110,5,10.344827586206492,10.344827586206897,3,0.0,1.0,84.87940630797773,4.761904761904762,10,25.51377604333257,720575941485775110,1399,Tier 3: Lower Priority
720575941430389006,5,10.344827586206492,10.344827586206897,3,0.0,1.0,84.87940630797773,4.761904761904762,10,25.51377604333257,720575941430389006,1400,Tier 3: Lower Priority
720575941526426756,3,3.4482758620685856,3.4482758620689653,1,0.0,1.0,92.67161410018554,5.238095238095238,11,25.51191009319077,720575941526426756,1401,Tier 3: Lower Priority
720575941684706543,3,3.4482758620685856,3.4482758620689653,1,0.0,1.0,92.67161410018554,5.238095238095238,11,25.51191009319077,720575941684706543,1402,Tier 3: Lower Priority
720575941447048117,3,3.4482758620685856,3.4482758620689653,1,0.0,1.0,92.67161410018554,5.238095238095238,11,25.51191009319077,720575941447048117,1403,Tier 3: Lower Priority
720575941688628342,5,10.344827586206492,10.344827586206897,3,5.2631578947368425,2.0,84.87940630797773,0.47619047619047616,1,25.49497905085137,720575941688628342,1404,Tier 3: Lower Priority
720575941542432092,5,13.793103448275811,13.793103448275861,4,0.0,1.0,84.87940630797773,0.47619047619047616,1,25.476830230524797,720575941542432092,1405,Tier 3: Lower Priority
720575941567108722,5,13.793103448275811,13.793103448275861,4,0.0,1.0,84.87940630797773,0.47619047619047616,1,25.476830230524797,720575941567108722,1406,Tier 3: Lower Priority
720575941411546001,3,6.896551724137906,6.896551724137931,2,0.0,1.0,92.67161410018554,0.9523809523809523,2,25.47496428038299,720575941411546001,1407,Tier 3: Lower Priority
720575941559331443,3,6.896551724137906,6.896551724137931,2,0.0,1.0,92.67161410018554,0.9523809523809523,2,25.47496428038299,720575941559331443,1408,Tier 3: Lower Priority
720575941580348753,3,6.896551724137906,6.896551724137931,2,0.0,1.0,92.67161410018554,0.9523809523809523,2,25.47496428038299,720575941580348753,1409,Tier 3: Lower Priority
720575941592149718,3,6.896551724137906,6.896551724137931,2,0.0,1.0,92.67161410018554,0.9523809523809523,2,25.47496428038299,720575941592149718,1410,Tier 3: Lower Priority
720575941508926418,3,6.896551724137906,6.896551724137931,2,0.0,1.0,92.67161410018554,0.9523809523809523,2,25.47496428038299,720575941508926418,1411,Tier 3: Lower Priority
720575941576997457,3,6.896551724137906,6.896551724137931,2,0.0,1.0,92.67161410018554,0.9523809523809523,2,25.47496428038299,720575941576997457,1412,Tier 3: Lower Priority
720575941651851797,1,13.793103448275811,13.793103448275861,4,5.2631578947368425,2.0,81.0760667903525,0.0,0,25.45957931101824,720575941651851797,1413,Tier 3: Lower Priority
720575941670585767,1,17.2413793103444,17.24137931034483,5,0.0,1.0,81.0760667903525,0.0,0,25.441430490691445,720575941670585767,1414,Tier 3: Lower Priority
720575941496047433,5,10.344827586206492,10.344827586206897,3,0.0,1.0,84.87940630797773,4.285714285714286,9,25.394728424284953,720575941496047433,1415,Tier 3: Lower Priority
720575941530787203,5,10.344827586206492,10.344827586206897,3,0.0,1.0,84.87940630797773,4.285714285714286,9,25.394728424284953,720575941530787203,1416,Tier 3: Lower Priority
720575941488193481,5,10.344827586206492,10.344827586206897,3,0.0,1.0,84.87940630797773,4.285714285714286,9,25.394728424284953,720575941488193481,1417,Tier 3: Lower Priority
720575941614698709,3,3.4482758620685856,3.4482758620689653,1,0.0,1.0,92.67161410018554,4.761904761904762,10,25.39286247414315,720575941614698709,1418,Tier 3: Lower Priority
720575941518433719,3,3.4482758620685856,3.4482758620689653,1,0.0,1.0,92.67161410018554,4.761904761904762,10,25.39286247414315,720575941518433719,1419,Tier 3: Lower Priority
720575941561304978,3,3.4482758620685856,3.4482758620689653,1,0.0,1.0,92.67161410018554,4.761904761904762,10,25.39286247414315,720575941561304978,1420,Tier 3: Lower Priority
720575941567062260,3,3.4482758620685856,3.4482758620689653,1,0.0,1.0,92.67161410018554,4.761904761904762,10,25.39286247414315,720575941567062260,1421,Tier 3: Lower Priority
720575941633071008,3,3.4482758620685856,3.4482758620689653,1,0.0,1.0,92.67161410018554,4.761904761904762,10,25.39286247414315,720575941633071008,1422,Tier 3: Lower Priority
720575941689109878,5,10.344827586206492,10.344827586206897,3,5.2631578947368425,2.0,84.87940630797773,0.0,0,25.37593143180375,720575941689109878,1423,Tier 3: Lower Priority
720575941511201868,5,10.344827586206492,10.344827586206897,3,5.2631578947368425,2.0,84.87940630797773,0.0,0,25.37593143180375,720575941511201868,1424,Tier 3: Lower Priority
720575941546689825,5,10.344827586206492,10.344827586206897,3,5.2631578947368425,2.0,84.87940630797773,0.0,0,25.37593143180375,720575941546689825,1425,Tier 3: Lower Priority
720575941625347722,5,13.793103448275811,13.793103448275861,4,0.0,1.0,84.87940630797773,0.0,0,25.357782611477177,720575941625347722,1426,Tier 3: Lower Priority
720575941473315643,5,13.793103448275811,13.793103448275861,4,0.0,1.0,84.87940630797773,0.0,0,25.357782611477177,720575941473315643,1427,Tier 3: Lower Priority
720575941457979039,5,13.793103448275811,13.793103448275861,4,0.0,1.0,84.87940630797773,0.0,0,25.357782611477177,720575941457979039,1428,Tier 3: Lower Priority
720575941464790294,3,6.896551724137906,6.896551724137931,2,0.0,1.0,92.67161410018554,0.47619047619047616,1,25.355916661335375,720575941464790294,1429,Tier 3: Lower Priority
720575941452210483,3,6.896551724137906,6.896551724137931,2,0.0,1.0,92.67161410018554,0.47619047619047616,1,25.355916661335375,720575941452210483,1430,Tier 3: Lower Priority
720575941571690760,3,6.896551724137906,6.896551724137931,2,0.0,1.0,92.67161410018554,0.47619047619047616,1,25.355916661335375,720575941571690760,1431,Tier 3: Lower Priority
720575941549380351,3,6.896551724137906,6.896551724137931,2,0.0,1.0,92.67161410018554,0.47619047619047616,1,25.355916661335375,720575941549380351,1432,Tier 3: Lower Priority
720575941605021293,3,6.896551724137906,6.896551724137931,2,0.0,1.0,92.67161410018554,0.47619047619047616,1,25.355916661335375,720575941605021293,1433,Tier 3: Lower Priority
720575941504492357,3,6.896551724137906,6.896551724137931,2,0.0,1.0,92.67161410018554,0.47619047619047616,1,25.355916661335375,720575941504492357,1434,Tier 3: Lower Priority
720575941625387321,3,6.896551724137906,6.896551724137931,2,0.0,1.0,92.67161410018554,0.47619047619047616,1,25.355916661335375,720575941625387321,1435,Tier 3: Lower Priority
720575941413914652,3,6.896551724137906,6.896551724137931,2,0.0,1.0,92.67161410018554,0.47619047619047616,1,25.355916661335375,720575941413914652,1436,Tier 3: Lower Priority
720575941545400508,1,6.896551724137906,6.896551724137931,2,0.0,1.0,81.0760667903525,11.904761904761905,25,25.31417269101997,720575941545400508,1437,Tier 3: Lower Priority
720575941533761050,1,6.896551724137906,6.896551724137931,2,0.0,1.0,81.0760667903525,11.904761904761905,25,25.31417269101997,720575941533761050,1438,Tier 3: Lower Priority
720575941553430355,5,10.344827586206492,10.344827586206897,3,0.0,1.0,84.87940630797773,3.8095238095238093,8,25.275680805237332,720575941553430355,1439,Tier 3: Lower Priority
720575941621630716,5,10.344827586206492,10.344827586206897,3,0.0,1.0,84.87940630797773,3.8095238095238093,8,25.275680805237332,720575941621630716,1440,Tier 3: Lower Priority
720575941526507140,3,3.4482758620685856,3.4482758620689653,1,0.0,1.0,92.67161410018554,4.285714285714286,9,25.273814855095534,720575941526507140,1441,Tier 3: Lower Priority
720575941549283839,1,13.793103448275811,13.793103448275861,4,0.0,1.0,81.0760667903525,3.3333333333333335,7,25.2402810654042,720575941549283839,1442,Tier 3: Lower Priority
720575941474347294,3,6.896551724137906,6.896551724137931,2,0.0,1.0,92.67161410018554,0.0,0,25.236869042287754,720575941474347294,1443,Tier 3: Lower Priority
720575941463352333,3,6.896551724137906,6.896551724137931,2,0.0,1.0,92.67161410018554,0.0,0,25.236869042287754,720575941463352333,1444,Tier 3: Lower Priority
720575941508278562,3,6.896551724137906,6.896551724137931,2,0.0,1.0,92.67161410018554,0.0,0,25.236869042287754,720575941508278562,1445,Tier 3: Lower Priority
720575941508439762,3,6.896551724137906,6.896551724137931,2,0.0,1.0,92.67161410018554,0.0,0,25.236869042287754,720575941508439762,1446,Tier 3: Lower Priority
720575941507943440,3,6.896551724137906,6.896551724137931,2,0.0,1.0,92.67161410018554,0.0,0,25.236869042287754,720575941507943440,1447,Tier 3: Lower Priority
720575941534104298,3,6.896551724137906,6.896551724137931,2,0.0,1.0,92.67161410018554,0.0,0,25.236869042287754,720575941534104298,1448,Tier 3: Lower Priority
720575941671084967,3,6.896551724137906,6.896551724137931,2,0.0,1.0,92.67161410018554,0.0,0,25.236869042287754,720575941671084967,1449,Tier 3: Lower Priority
720575941449358970,3,6.896551724137906,6.896551724137931,2,0.0,1.0,92.67161410018554,0.0,0,25.236869042287754,720575941449358970,1450,Tier 3: Lower Priority
720575941535617770,3,6.896551724137906,6.896551724137931,2,0.0,1.0,92.67161410018554,0.0,0,25.236869042287754,720575941535617770,1451,Tier 3: Lower Priority
720575941536210581,3,6.896551724137906,6.896551724137931,2,0.0,1.0,92.67161410018554,0.0,0,25.236869042287754,720575941536210581,1452,Tier 3: Lower Priority
720575941628010553,3,6.896551724137906,6.896551724137931,2,0.0,1.0,92.67161410018554,0.0,0,25.236869042287754,720575941628010553,1453,Tier 3: Lower Priority
720575941522146039,3,6.896551724137906,6.896551724137931,2,0.0,1.0,92.67161410018554,0.0,0,25.236869042287754,720575941522146039,1454,Tier 3: Lower Priority
720575941566948852,3,6.896551724137906,6.896551724137931,2,0.0,1.0,92.67161410018554,0.0,0,25.236869042287754,720575941566948852,1455,Tier 3: Lower Priority
720575941539951997,3,6.896551724137906,6.896551724137931,2,0.0,1.0,92.67161410018554,0.0,0,25.236869042287754,720575941539951997,1456,Tier 3: Lower Priority
720575941459313990,3,6.896551724137906,6.896551724137931,2,0.0,1.0,92.67161410018554,0.0,0,25.236869042287754,720575941459313990,1457,Tier 3: Lower Priority
720575941543648005,3,6.896551724137906,6.896551724137931,2,0.0,1.0,92.67161410018554,0.0,0,25.236869042287754,720575941543648005,1458,Tier 3: Lower Priority
720575941645114785,3,6.896551724137906,6.896551724137931,2,0.0,1.0,92.67161410018554,0.0,0,25.236869042287754,720575941645114785,1459,Tier 3: Lower Priority
720575941576983121,3,6.896551724137906,6.896551724137931,2,0.0,1.0,92.67161410018554,0.0,0,25.236869042287754,720575941576983121,1460,Tier 3: Lower Priority
720575941458635475,3,6.896551724137906,6.896551724137931,2,0.0,1.0,92.67161410018554,0.0,0,25.236869042287754,720575941458635475,1461,Tier 3: Lower Priority
720575941449991261,3,6.896551724137906,6.896551724137931,2,0.0,1.0,92.67161410018554,0.0,0,25.236869042287754,720575941449991261,1462,Tier 3: Lower Priority
720575941565350702,3,6.896551724137906,6.896551724137931,2,0.0,1.0,92.67161410018554,0.0,0,25.236869042287754,720575941565350702,1463,Tier 3: Lower Priority
720575941472595003,3,6.896551724137906,6.896551724137931,2,0.0,1.0,92.67161410018554,0.0,0,25.236869042287754,720575941472595003,1464,Tier 3: Lower Priority
720575941557624947,3,6.896551724137906,6.896551724137931,2,0.0,1.0,92.67161410018554,0.0,0,25.236869042287754,720575941557624947,1465,Tier 3: Lower Priority
720575941428975608,3,6.896551724137906,6.896551724137931,2,0.0,1.0,92.67161410018554,0.0,0,25.236869042287754,720575941428975608,1466,Tier 3: Lower Priority
720575941492413054,3,6.896551724137906,6.896551724137931,2,0.0,1.0,92.67161410018554,0.0,0,25.236869042287754,720575941492413054,1467,Tier 3: Lower Priority
720575941551502490,3,6.896551724137906,6.896551724137931,2,0.0,1.0,92.67161410018554,0.0,0,25.236869042287754,720575941551502490,1468,Tier 3: Lower Priority
720575941731613483,5,6.896551724137906,6.896551724137931,2,0.0,1.0,84.87940630797773,7.619047619047619,16,25.193578998997708,720575941731613483,1469,Tier 3: Lower Priority
720575941536371442,5,6.896551724137906,6.896551724137931,2,0.0,1.0,84.87940630797773,7.619047619047619,16,25.193578998997708,720575941536371442,1470,Tier 3: Lower Priority
720575941438659551,1,10.344827586206492,10.344827586206897,3,0.0,1.0,81.0760667903525,7.142857142857143,15,25.158179259164356,720575941438659551,1471,Tier 3: Lower Priority
720575941594821334,5,10.344827586206492,10.344827586206897,3,0.0,1.0,84.87940630797773,3.3333333333333335,7,25.156633186189712,720575941594821334,1472,Tier 3: Lower Priority
720575941442377130,5,10.344827586206492,10.344827586206897,3,0.0,1.0,84.87940630797773,3.3333333333333335,7,25.156633186189712,720575941442377130,1473,Tier 3: Lower Priority
720575941579027321,3,3.4482758620685856,3.4482758620689653,1,0.0,1.0,92.67161410018554,3.8095238095238093,8,25.154767236047913,720575941579027321,1474,Tier 3: Lower Priority
720575941400710435,3,3.4482758620685856,3.4482758620689653,1,0.0,1.0,92.67161410018554,3.8095238095238093,8,25.154767236047913,720575941400710435,1475,Tier 3: Lower Priority
720575941408421291,3,3.4482758620685856,3.4482758620689653,1,0.0,1.0,92.67161410018554,3.8095238095238093,8,25.154767236047913,720575941408421291,1476,Tier 3: Lower Priority
720575941405863854,3,3.4482758620685856,3.4482758620689653,1,0.0,1.0,92.67161410018554,3.8095238095238093,8,25.154767236047913,720575941405863854,1477,Tier 3: Lower Priority
720575941479098819,1,13.793103448275811,13.793103448275861,4,0.0,1.0,81.0760667903525,2.857142857142857,6,25.121233446356584,720575941479098819,1478,Tier 3: Lower Priority
720575941533831194,1,13.793103448275811,13.793103448275861,4,0.0,1.0,81.0760667903525,2.857142857142857,6,25.121233446356584,720575941533831194,1479,Tier 3: Lower Priority
720575941551385371,5,3.4482758620685856,3.4482758620689653,1,0.0,1.0,84.87940630797773,11.428571428571429,24,25.111477192757867,720575941551385371,1480,Tier 3: Lower Priority
720575941566956532,1,6.896551724137906,6.896551724137931,2,0.0,1.0,81.0760667903525,10.952380952380953,23,25.076077452924732,720575941566956532,1481,Tier 3: Lower Priority
720575941492308606,1,6.896551724137906,6.896551724137931,2,0.0,1.0,81.0760667903525,10.952380952380953,23,25.076077452924732,720575941492308606,1482,Tier 3: Lower Priority
720575941518407607,1,6.896551724137906,6.896551724137931,2,0.0,1.0,81.0760667903525,10.952380952380953,23,25.076077452924732,720575941518407607,1483,Tier 3: Lower Priority
720575941519230168,5,6.896551724137906,6.896551724137931,2,0.0,1.0,84.87940630797773,7.142857142857143,15,25.074531379950088,720575941519230168,1484,Tier 3: Lower Priority
720575941540246909,1,10.344827586206492,10.344827586206897,3,0.0,1.0,81.0760667903525,6.666666666666667,14,25.03913164011674,720575941540246909,1485,Tier 3: Lower Priority
720575941520064435,5,10.344827586206492,10.344827586206897,3,0.0,1.0,84.87940630797773,2.857142857142857,6,25.037585567142095,720575941520064435,1486,Tier 3: Lower Priority
720575941552496641,5,10.344827586206492,10.344827586206897,3,0.0,1.0,84.87940630797773,2.857142857142857,6,25.037585567142095,720575941552496641,1487,Tier 3: Lower Priority
720575941583203462,5,10.344827586206492,10.344827586206897,3,0.0,1.0,84.87940630797773,2.857142857142857,6,25.037585567142095,720575941583203462,1488,Tier 3: Lower Priority
720575941512798796,5,10.344827586206492,10.344827586206897,3,0.0,1.0,84.87940630797773,2.857142857142857,6,25.037585567142095,720575941512798796,1489,Tier 3: Lower Priority
720575941542282245,5,10.344827586206492,10.344827586206897,3,0.0,1.0,84.87940630797773,2.857142857142857,6,25.037585567142095,720575941542282245,1490,Tier 3: Lower Priority
720575941630959803,3,3.4482758620685856,3.4482758620689653,1,0.0,1.0,92.67161410018554,3.3333333333333335,7,25.035719617000293,720575941630959803,1491,Tier 3: Lower Priority
720575941410021231,3,3.4482758620685856,3.4482758620689653,1,0.0,1.0,92.67161410018554,3.3333333333333335,7,25.035719617000293,720575941410021231,1492,Tier 3: Lower Priority
720575941480631170,3,3.4482758620685856,3.4482758620689653,1,0.0,1.0,92.67161410018554,3.3333333333333335,7,25.035719617000293,720575941480631170,1493,Tier 3: Lower Priority
720575941518125528,3,3.4482758620685856,3.4482758620689653,1,0.0,1.0,92.67161410018554,3.3333333333333335,7,25.035719617000293,720575941518125528,1494,Tier 3: Lower Priority
720575941533682714,3,3.4482758620685856,3.4482758620689653,1,0.0,1.0,92.67161410018554,3.3333333333333335,7,25.035719617000293,720575941533682714,1495,Tier 3: Lower Priority
720575941575865433,3,3.4482758620685856,3.4482758620689653,1,0.0,1.0,92.67161410018554,3.3333333333333335,7,25.035719617000293,720575941575865433,1496,Tier 3: Lower Priority
720575941608287818,3,3.4482758620685856,3.4482758620689653,1,0.0,1.0,92.67161410018554,3.3333333333333335,7,25.035719617000293,720575941608287818,1497,Tier 3: Lower Priority
720575941436973586,3,3.4482758620685856,3.4482758620689653,1,0.0,1.0,92.67161410018554,3.3333333333333335,7,25.035719617000293,720575941436973586,1498,Tier 3: Lower Priority
720575941543316329,3,3.4482758620685856,3.4482758620689653,1,0.0,1.0,92.67161410018554,3.3333333333333335,7,25.035719617000293,720575941543316329,1499,Tier 3: Lower Priority
720575941657510992,1,13.793103448275811,13.793103448275861,4,0.0,1.0,81.0760667903525,2.380952380952381,5,25.002185827308963,720575941657510992,1500,Tier 3: Lower Priority
720575941518419123,1,13.793103448275811,13.793103448275861,4,0.0,1.0,81.0760667903525,2.380952380952381,5,25.002185827308963,720575941518419123,1501,Tier 3: Lower Priority
720575941557294095,1,6.896551724137906,6.896551724137931,2,0.0,1.0,81.0760667903525,10.476190476190476,22,24.957029833877115,720575941557294095,1502,Tier 3: Lower Priority
720575941595804828,1,6.896551724137906,6.896551724137931,2,0.0,1.0,81.0760667903525,10.476190476190476,22,24.957029833877115,720575941595804828,1503,Tier 3: Lower Priority
720575941478403178,5,6.896551724137906,6.896551724137931,2,0.0,1.0,84.87940630797773,6.666666666666667,14,24.95548376090247,720575941478403178,1504,Tier 3: Lower Priority
720575941641574994,5,10.344827586206492,10.344827586206897,3,0.0,1.0,84.87940630797773,2.380952380952381,5,24.918537948094475,720575941641574994,1505,Tier 3: Lower Priority
720575941632901829,5,10.344827586206492,10.344827586206897,3,0.0,1.0,84.87940630797773,2.380952380952381,5,24.918537948094475,720575941632901829,1506,Tier 3: Lower Priority
720575941474394673,5,10.344827586206492,10.344827586206897,3,0.0,1.0,84.87940630797773,2.380952380952381,5,24.918537948094475,720575941474394673,1507,Tier 3: Lower Priority
720575941555504723,5,10.344827586206492,10.344827586206897,3,0.0,1.0,84.87940630797773,2.380952380952381,5,24.918537948094475,720575941555504723,1508,Tier 3: Lower Priority
720575941503638578,5,10.344827586206492,10.344827586206897,3,0.0,1.0,84.87940630797773,2.380952380952381,5,24.918537948094475,720575941503638578,1509,Tier 3: Lower Priority
720575941537528050,3,3.4482758620685856,3.4482758620689653,1,0.0,1.0,92.67161410018554,2.857142857142857,6,24.916671997952676,720575941537528050,1510,Tier 3: Lower Priority
720575941549166079,3,3.4482758620685856,3.4482758620689653,1,0.0,1.0,92.67161410018554,2.857142857142857,6,24.916671997952676,720575941549166079,1511,Tier 3: Lower Priority
720575941410019695,3,3.4482758620685856,3.4482758620689653,1,0.0,1.0,92.67161410018554,2.857142857142857,6,24.916671997952676,720575941410019695,1512,Tier 3: Lower Priority
720575941514952953,3,3.4482758620685856,3.4482758620689653,1,0.0,1.0,92.67161410018554,2.857142857142857,6,24.916671997952676,720575941514952953,1513,Tier 3: Lower Priority
720575941535066339,3,3.4482758620685856,3.4482758620689653,1,0.0,1.0,92.67161410018554,2.857142857142857,6,24.916671997952676,720575941535066339,1514,Tier 3: Lower Priority
720575941525219494,3,3.4482758620685856,3.4482758620689653,1,0.0,1.0,92.67161410018554,2.857142857142857,6,24.916671997952676,720575941525219494,1515,Tier 3: Lower Priority
720575941513953939,3,3.4482758620685856,3.4482758620689653,1,0.0,1.0,92.67161410018554,2.857142857142857,6,24.916671997952676,720575941513953939,1516,Tier 3: Lower Priority
720575941623307628,3,3.4482758620685856,3.4482758620689653,1,0.0,1.0,92.67161410018554,2.857142857142857,6,24.916671997952676,720575941623307628,1517,Tier 3: Lower Priority
720575941549840702,3,3.4482758620685856,3.4482758620689653,1,0.0,1.0,92.67161410018554,2.857142857142857,6,24.916671997952676,720575941549840702,1518,Tier 3: Lower Priority
720575941644081490,3,3.4482758620685856,3.4482758620689653,1,0.0,1.0,92.67161410018554,2.857142857142857,6,24.916671997952676,720575941644081490,1519,Tier 3: Lower Priority
720575941474413873,1,13.793103448275811,13.793103448275861,4,0.0,1.0,81.0760667903525,1.9047619047619047,4,24.883138208261343,720575941474413873,1520,Tier 3: Lower Priority
720575941608817897,1,13.793103448275811,13.793103448275861,4,0.0,1.0,81.0760667903525,1.9047619047619047,4,24.883138208261343,720575941608817897,1521,Tier 3: Lower Priority
720575941487877328,1,6.896551724137906,6.896551724137931,2,0.0,1.0,81.0760667903525,10.0,21,24.837982214829495,720575941487877328,1522,Tier 3: Lower Priority
720575941471203447,1,6.896551724137906,6.896551724137931,2,0.0,1.0,81.0760667903525,10.0,21,24.837982214829495,720575941471203447,1523,Tier 3: Lower Priority
720575941507793680,5,6.896551724137906,6.896551724137931,2,0.0,1.0,84.87940630797773,6.190476190476191,13,24.83643614185485,720575941507793680,1524,Tier 3: Lower Priority
720575941583169158,1,10.344827586206492,10.344827586206897,3,0.0,1.0,81.0760667903525,5.714285714285714,12,24.8010364020215,720575941583169158,1525,Tier 3: Lower Priority
720575941563206400,5,10.344827586206492,10.344827586206897,3,0.0,1.0,84.87940630797773,1.9047619047619047,4,24.799490329046854,720575941563206400,1526,Tier 3: Lower Priority
720575941458789958,5,10.344827586206492,10.344827586206897,3,0.0,1.0,84.87940630797773,1.9047619047619047,4,24.799490329046854,720575941458789958,1527,Tier 3: Lower Priority
720575941503659970,3,3.4482758620685856,3.4482758620689653,1,0.0,1.0,92.67161410018554,2.380952380952381,5,24.797624378905056,720575941503659970,1528,Tier 3: Lower Priority
720575941567062898,3,3.4482758620685856,3.4482758620689653,1,0.0,1.0,92.67161410018554,2.380952380952381,5,24.797624378905056,720575941567062898,1529,Tier 3: Lower Priority
720575941456373151,3,3.4482758620685856,3.4482758620689653,1,0.0,1.0,92.67161410018554,2.380952380952381,5,24.797624378905056,720575941456373151,1530,Tier 3: Lower Priority
720575941546773640,3,3.4482758620685856,3.4482758620689653,1,0.0,1.0,92.67161410018554,2.380952380952381,5,24.797624378905056,720575941546773640,1531,Tier 3: Lower Priority
720575941665603059,3,3.4482758620685856,3.4482758620689653,1,0.0,1.0,92.67161410018554,2.380952380952381,5,24.797624378905056,720575941665603059,1532,Tier 3: Lower Priority
720575941595782556,3,3.4482758620685856,3.4482758620689653,1,0.0,1.0,92.67161410018554,2.380952380952381,5,24.797624378905056,720575941595782556,1533,Tier 3: Lower Priority
720575941524078925,3,3.4482758620685856,3.4482758620689653,1,0.0,1.0,92.67161410018554,2.380952380952381,5,24.797624378905056,720575941524078925,1534,Tier 3: Lower Priority
720575941433406752,1,13.793103448275811,13.793103448275861,4,0.0,1.0,81.0760667903525,1.4285714285714286,3,24.764090589213726,720575941433406752,1535,Tier 3: Lower Priority
720575941609358310,1,6.896551724137906,6.896551724137931,2,0.0,1.0,81.0760667903525,9.523809523809524,20,24.718934595781874,720575941609358310,1536,Tier 3: Lower Priority
720575941608861929,1,6.896551724137906,6.896551724137931,2,0.0,1.0,81.0760667903525,9.523809523809524,20,24.718934595781874,720575941608861929,1537,Tier 3: Lower Priority
720575941549350399,5,6.896551724137906,6.896551724137931,2,0.0,1.0,84.87940630797773,5.714285714285714,12,24.71738852280723,720575941549350399,1538,Tier 3: Lower Priority
720575941496318793,5,6.896551724137906,6.896551724137931,2,0.0,1.0,84.87940630797773,5.714285714285714,12,24.71738852280723,720575941496318793,1539,Tier 3: Lower Priority
720575941499441291,5,6.896551724137906,6.896551724137931,2,5.2631578947368425,2.0,84.87940630797773,1.4285714285714286,3,24.69859153032603,720575941499441291,1540,Tier 3: Lower Priority
720575941656236112,5,6.896551724137906,6.896551724137931,2,5.2631578947368425,2.0,84.87940630797773,1.4285714285714286,3,24.69859153032603,720575941656236112,1541,Tier 3: Lower Priority
720575941630302405,1,10.344827586206492,10.344827586206897,3,0.0,1.0,81.0760667903525,5.238095238095238,11,24.68198878297388,720575941630302405,1542,Tier 3: Lower Priority
720575941553479140,5,10.344827586206492,10.344827586206897,3,0.0,1.0,84.87940630797773,1.4285714285714286,3,24.680442709999237,720575941553479140,1543,Tier 3: Lower Priority
720575941513254905,5,10.344827586206492,10.344827586206897,3,0.0,1.0,84.87940630797773,1.4285714285714286,3,24.680442709999237,720575941513254905,1544,Tier 3: Lower Priority
720575941619071871,5,10.344827586206492,10.344827586206897,3,0.0,1.0,84.87940630797773,1.4285714285714286,3,24.680442709999237,720575941619071871,1545,Tier 3: Lower Priority
720575941595972465,5,10.344827586206492,10.344827586206897,3,0.0,1.0,84.87940630797773,1.4285714285714286,3,24.680442709999237,720575941595972465,1546,Tier 3: Lower Priority
720575941566805498,3,3.4482758620685856,3.4482758620689653,1,0.0,1.0,92.67161410018554,1.9047619047619047,4,24.678576759857435,720575941566805498,1547,Tier 3: Lower Priority
720575941434457998,3,3.4482758620685856,3.4482758620689653,1,0.0,1.0,92.67161410018554,1.9047619047619047,4,24.678576759857435,720575941434457998,1548,Tier 3: Lower Priority
720575941447305053,3,3.4482758620685856,3.4482758620689653,1,0.0,1.0,92.67161410018554,1.9047619047619047,4,24.678576759857435,720575941447305053,1549,Tier 3: Lower Priority
720575941559301491,3,3.4482758620685856,3.4482758620689653,1,0.0,1.0,92.67161410018554,1.9047619047619047,4,24.678576759857435,720575941559301491,1550,Tier 3: Lower Priority
720575941430950497,3,3.4482758620685856,3.4482758620689653,1,0.0,1.0,92.67161410018554,1.9047619047619047,4,24.678576759857435,720575941430950497,1551,Tier 3: Lower Priority
720575941575824217,3,3.4482758620685856,3.4482758620689653,1,0.0,1.0,92.67161410018554,1.9047619047619047,4,24.678576759857435,720575941575824217,1552,Tier 3: Lower Priority
720575941542297605,3,3.4482758620685856,3.4482758620689653,1,0.0,1.0,92.67161410018554,1.9047619047619047,4,24.678576759857435,720575941542297605,1553,Tier 3: Lower Priority
720575941590870379,3,3.4482758620685856,3.4482758620689653,1,0.0,1.0,92.67161410018554,1.9047619047619047,4,24.678576759857435,720575941590870379,1554,Tier 3: Lower Priority
720575941589967159,3,3.4482758620685856,3.4482758620689653,1,0.0,1.0,92.67161410018554,1.9047619047619047,4,24.678576759857435,720575941589967159,1555,Tier 3: Lower Priority
720575941480440262,1,13.793103448275811,13.793103448275861,4,0.0,1.0,81.0760667903525,0.9523809523809523,2,24.645042970166106,720575941480440262,1556,Tier 3: Lower Priority
720575941435693356,1,13.793103448275811,13.793103448275861,4,0.0,1.0,81.0760667903525,0.9523809523809523,2,24.645042970166106,720575941435693356,1557,Tier 3: Lower Priority
720575941684990447,1,13.793103448275811,13.793103448275861,4,0.0,1.0,81.0760667903525,0.9523809523809523,2,24.645042970166106,720575941684990447,1558,Tier 3: Lower Priority
720575941546220980,1,13.793103448275811,13.793103448275861,4,0.0,1.0,81.0760667903525,0.9523809523809523,2,24.645042970166106,720575941546220980,1559,Tier 3: Lower Priority
720575941506310309,5,3.4482758620685856,3.4482758620689653,1,0.0,1.0,84.87940630797773,9.523809523809524,20,24.63528671656739,720575941506310309,1560,Tier 3: Lower Priority
720575941532385624,1,6.896551724137906,6.896551724137931,2,0.0,1.0,81.0760667903525,9.047619047619047,19,24.599886976734258,720575941532385624,1561,Tier 3: Lower Priority
720575941473679402,5,6.896551724137906,6.896551724137931,2,0.0,1.0,84.87940630797773,5.238095238095238,11,24.598340903759613,720575941473679402,1562,Tier 3: Lower Priority
720575941505225266,5,6.896551724137906,6.896551724137931,2,5.2631578947368425,2.0,84.87940630797773,0.9523809523809523,2,24.57954391127841,720575941505225266,1563,Tier 3: Lower Priority
720575941505987713,5,6.896551724137906,6.896551724137931,2,5.2631578947368425,2.0,84.87940630797773,0.9523809523809523,2,24.57954391127841,720575941505987713,1564,Tier 3: Lower Priority
720575941498803874,5,10.344827586206492,10.344827586206897,3,0.0,1.0,84.87940630797773,0.9523809523809523,2,24.561395090951617,720575941498803874,1565,Tier 3: Lower Priority
720575941611645203,5,10.344827586206492,10.344827586206897,3,0.0,1.0,84.87940630797773,0.9523809523809523,2,24.561395090951617,720575941611645203,1566,Tier 3: Lower Priority
720575941578722641,5,10.344827586206492,10.344827586206897,3,0.0,1.0,84.87940630797773,0.9523809523809523,2,24.561395090951617,720575941578722641,1567,Tier 3: Lower Priority
720575941559261555,5,10.344827586206492,10.344827586206897,3,0.0,1.0,84.87940630797773,0.9523809523809523,2,24.561395090951617,720575941559261555,1568,Tier 3: Lower Priority
720575941573233403,5,10.344827586206492,10.344827586206897,3,0.0,1.0,84.87940630797773,0.9523809523809523,2,24.561395090951617,720575941573233403,1569,Tier 3: Lower Priority
720575941552587399,3,3.4482758620685856,3.4482758620689653,1,0.0,1.0,92.67161410018554,1.4285714285714286,3,24.55952914080982,720575941552587399,1570,Tier 3: Lower Priority
720575941529799608,3,3.4482758620685856,3.4482758620689653,1,0.0,1.0,92.67161410018554,1.4285714285714286,3,24.55952914080982,720575941529799608,1571,Tier 3: Lower Priority
720575941546807841,3,3.4482758620685856,3.4482758620689653,1,0.0,1.0,92.67161410018554,1.4285714285714286,3,24.55952914080982,720575941546807841,1572,Tier 3: Lower Priority
720575941544721844,3,3.4482758620685856,3.4482758620689653,1,0.0,1.0,92.67161410018554,1.4285714285714286,3,24.55952914080982,720575941544721844,1573,Tier 3: Lower Priority
720575941464168534,3,3.4482758620685856,3.4482758620689653,1,0.0,1.0,92.67161410018554,1.4285714285714286,3,24.55952914080982,720575941464168534,1574,Tier 3: Lower Priority
720575941485321869,3,3.4482758620685856,3.4482758620689653,1,0.0,1.0,92.67161410018554,1.4285714285714286,3,24.55952914080982,720575941485321869,1575,Tier 3: Lower Priority
720575941413255569,3,3.4482758620685856,3.4482758620689653,1,0.0,1.0,92.67161410018554,1.4285714285714286,3,24.55952914080982,720575941413255569,1576,Tier 3: Lower Priority
720575941405739823,3,3.4482758620685856,3.4482758620689653,1,0.0,1.0,92.67161410018554,1.4285714285714286,3,24.55952914080982,720575941405739823,1577,Tier 3: Lower Priority
720575941543825413,3,3.4482758620685856,3.4482758620689653,1,0.0,1.0,92.67161410018554,1.4285714285714286,3,24.55952914080982,720575941543825413,1578,Tier 3: Lower Priority
720575941513152209,1,10.344827586206492,10.344827586206897,3,5.2631578947368425,2.0,81.0760667903525,0.47619047619047616,1,24.544144171445062,720575941513152209,1579,Tier 3: Lower Priority
720575941514097043,1,10.344827586206492,10.344827586206897,3,5.2631578947368425,2.0,81.0760667903525,0.47619047619047616,1,24.544144171445062,720575941514097043,1580,Tier 3: Lower Priority
720575941575512424,1,13.793103448275811,13.793103448275861,4,0.0,1.0,81.0760667903525,0.47619047619047616,1,24.52599535111849,720575941575512424,1581,Tier 3: Lower Priority
720575941501002731,5,3.4482758620685856,3.4482758620689653,1,0.0,1.0,84.87940630797773,9.047619047619047,19,24.516239097519772,720575941501002731,1582,Tier 3: Lower Priority
720575941412323473,1,6.896551724137906,6.896551724137931,2,0.0,1.0,81.0760667903525,8.571428571428571,18,24.480839357686637,720575941412323473,1583,Tier 3: Lower Priority
720575941678420925,5,6.896551724137906,6.896551724137931,2,0.0,1.0,84.87940630797773,4.761904761904762,10,24.479293284711993,720575941678420925,1584,Tier 3: Lower Priority
720575941575753910,5,6.896551724137906,6.896551724137931,2,0.0,1.0,84.87940630797773,4.761904761904762,10,24.479293284711993,720575941575753910,1585,Tier 3: Lower Priority
720575941571423240,5,10.344827586206492,10.344827586206897,3,0.0,1.0,84.87940630797773,0.47619047619047616,1,24.442347471904,720575941571423240,1586,Tier 3: Lower Priority
720575941534854337,5,10.344827586206492,10.344827586206897,3,0.0,1.0,84.87940630797773,0.47619047619047616,1,24.442347471904,720575941534854337,1587,Tier 3: Lower Priority
720575941499420555,5,10.344827586206492,10.344827586206897,3,0.0,1.0,84.87940630797773,0.47619047619047616,1,24.442347471904,720575941499420555,1588,Tier 3: Lower Priority
720575941488015312,5,10.344827586206492,10.344827586206897,3,0.0,1.0,84.87940630797773,0.47619047619047616,1,24.442347471904,720575941488015312,1589,Tier 3: Lower Priority
720575941594870230,5,10.344827586206492,10.344827586206897,3,0.0,1.0,84.87940630797773,0.47619047619047616,1,24.442347471904,720575941594870230,1590,Tier 3: Lower Priority
720575941551996159,5,10.344827586206492,10.344827586206897,3,0.0,1.0,84.87940630797773,0.47619047619047616,1,24.442347471904,720575941551996159,1591,Tier 3: Lower Priority
720575941623353755,5,10.344827586206492,10.344827586206897,3,0.0,1.0,84.87940630797773,0.47619047619047616,1,24.442347471904,720575941623353755,1592,Tier 3: Lower Priority
720575941488740044,5,10.344827586206492,10.344827586206897,3,0.0,1.0,84.87940630797773,0.47619047619047616,1,24.442347471904,720575941488740044,1593,Tier 3: Lower Priority
720575941516842094,5,10.344827586206492,10.344827586206897,3,0.0,1.0,84.87940630797773,0.47619047619047616,1,24.442347471904,720575941516842094,1594,Tier 3: Lower Priority
720575941491651559,3,3.4482758620685856,3.4482758620689653,1,0.0,1.0,92.67161410018554,0.9523809523809523,2,24.440481521762198,720575941491651559,1595,Tier 3: Lower Priority
720575941528573643,3,3.4482758620685856,3.4482758620689653,1,0.0,1.0,92.67161410018554,0.9523809523809523,2,24.440481521762198,720575941528573643,1596,Tier 3: Lower Priority
720575941640440607,3,3.4482758620685856,3.4482758620689653,1,0.0,1.0,92.67161410018554,0.9523809523809523,2,24.440481521762198,720575941640440607,1597,Tier 3: Lower Priority
720575941610493404,3,3.4482758620685856,3.4482758620689653,1,0.0,1.0,92.67161410018554,0.9523809523809523,2,24.440481521762198,720575941610493404,1598,Tier 3: Lower Priority
720575941567089396,3,3.4482758620685856,3.4482758620689653,1,0.0,1.0,92.67161410018554,0.9523809523809523,2,24.440481521762198,720575941567089396,1599,Tier 3: Lower Priority
720575941549751358,3,3.4482758620685856,3.4482758620689653,1,0.0,1.0,92.67161410018554,0.9523809523809523,2,24.440481521762198,720575941549751358,1600,Tier 3: Lower Priority
720575941608378698,3,3.4482758620685856,3.4482758620689653,1,0.0,1.0,92.67161410018554,0.9523809523809523,2,24.440481521762198,720575941608378698,1601,Tier 3: Lower Priority
720575941572172553,3,3.4482758620685856,3.4482758620689653,1,0.0,1.0,92.67161410018554,0.9523809523809523,2,24.440481521762198,720575941572172553,1602,Tier 3: Lower Priority
720575941576983285,3,3.4482758620685856,3.4482758620689653,1,0.0,1.0,92.67161410018554,0.9523809523809523,2,24.440481521762198,720575941576983285,1603,Tier 3: Lower Priority
720575941435625516,3,3.4482758620685856,3.4482758620689653,1,0.0,1.0,92.67161410018554,0.9523809523809523,2,24.440481521762198,720575941435625516,1604,Tier 3: Lower Priority
720575941595157541,3,3.4482758620685856,3.4482758620689653,1,0.0,1.0,92.67161410018554,0.9523809523809523,2,24.440481521762198,720575941595157541,1605,Tier 3: Lower Priority
720575941533288129,1,10.344827586206492,10.344827586206897,3,5.2631578947368425,2.0,81.0760667903525,0.0,0,24.42509655239744,720575941533288129,1606,Tier 3: Lower Priority
720575941534912088,1,13.793103448275811,13.793103448275861,4,0.0,1.0,81.0760667903525,0.0,0,24.40694773207087,720575941534912088,1607,Tier 3: Lower Priority
720575941572852111,1,13.793103448275811,13.793103448275861,4,0.0,1.0,81.0760667903525,0.0,0,24.40694773207087,720575941572852111,1608,Tier 3: Lower Priority
720575941533531402,1,13.793103448275811,13.793103448275861,4,0.0,1.0,81.0760667903525,0.0,0,24.40694773207087,720575941533531402,1609,Tier 3: Lower Priority
720575941574190331,1,13.793103448275811,13.793103448275861,4,0.0,1.0,81.0760667903525,0.0,0,24.40694773207087,720575941574190331,1610,Tier 3: Lower Priority
720575941413308561,1,13.793103448275811,13.793103448275861,4,0.0,1.0,81.0760667903525,0.0,0,24.40694773207087,720575941413308561,1611,Tier 3: Lower Priority
720575941629396716,1,13.793103448275811,13.793103448275861,4,0.0,1.0,81.0760667903525,0.0,0,24.40694773207087,720575941629396716,1612,Tier 3: Lower Priority
720575941513791820,1,13.793103448275811,13.793103448275861,4,0.0,1.0,81.0760667903525,0.0,0,24.40694773207087,720575941513791820,1613,Tier 3: Lower Priority
720575941668285171,1,13.793103448275811,13.793103448275861,4,0.0,1.0,81.0760667903525,0.0,0,24.40694773207087,720575941668285171,1614,Tier 3: Lower Priority
720575941636535413,1,13.793103448275811,13.793103448275861,4,0.0,1.0,81.0760667903525,0.0,0,24.40694773207087,720575941636535413,1615,Tier 3: Lower Priority
720575941478544719,1,13.793103448275811,13.793103448275861,4,0.0,1.0,81.0760667903525,0.0,0,24.40694773207087,720575941478544719,1616,Tier 3: Lower Priority
720575941524187492,1,13.793103448275811,13.793103448275861,4,0.0,1.0,81.0760667903525,0.0,0,24.40694773207087,720575941524187492,1617,Tier 3: Lower Priority
720575941469045824,1,13.793103448275811,13.793103448275861,4,0.0,1.0,81.0760667903525,0.0,0,24.40694773207087,720575941469045824,1618,Tier 3: Lower Priority
720575941500963307,1,13.793103448275811,13.793103448275861,4,0.0,1.0,81.0760667903525,0.0,0,24.40694773207087,720575941500963307,1619,Tier 3: Lower Priority
720575941573255581,1,13.793103448275811,13.793103448275861,4,0.0,1.0,81.0760667903525,0.0,0,24.40694773207087,720575941573255581,1620,Tier 3: Lower Priority
720575941587989502,1,13.793103448275811,13.793103448275861,4,0.0,1.0,81.0760667903525,0.0,0,24.40694773207087,720575941587989502,1621,Tier 3: Lower Priority
720575941503455467,5,6.896551724137906,6.896551724137931,2,0.0,1.0,84.87940630797773,4.285714285714286,9,24.360245665664376,720575941503455467,1622,Tier 3: Lower Priority
720575941686473996,5,6.896551724137906,6.896551724137931,2,0.0,1.0,84.87940630797773,4.285714285714286,9,24.360245665664376,720575941686473996,1623,Tier 3: Lower Priority
720575941505900929,5,6.896551724137906,6.896551724137931,2,5.2631578947368425,2.0,84.87940630797773,0.0,0,24.341448673183173,720575941505900929,1624,Tier 3: Lower Priority
720575941568540274,5,6.896551724137906,6.896551724137931,2,5.2631578947368425,2.0,84.87940630797773,0.0,0,24.341448673183173,720575941568540274,1625,Tier 3: Lower Priority
720575941438748351,1,10.344827586206492,10.344827586206897,3,0.0,1.0,81.0760667903525,3.8095238095238093,8,24.324845925831024,720575941438748351,1626,Tier 3: Lower Priority
720575941586441950,5,10.344827586206492,10.344827586206897,3,0.0,1.0,84.87940630797773,0.0,0,24.32329985285638,720575941586441950,1627,Tier 3: Lower Priority
720575941568555634,5,10.344827586206492,10.344827586206897,3,0.0,1.0,84.87940630797773,0.0,0,24.32329985285638,720575941568555634,1628,Tier 3: Lower Priority
720575941521503819,5,10.344827586206492,10.344827586206897,3,0.0,1.0,84.87940630797773,0.0,0,24.32329985285638,720575941521503819,1629,Tier 3: Lower Priority
720575941540870685,5,10.344827586206492,10.344827586206897,3,0.0,1.0,84.87940630797773,0.0,0,24.32329985285638,720575941540870685,1630,Tier 3: Lower Priority
720575941496299593,5,10.344827586206492,10.344827586206897,3,0.0,1.0,84.87940630797773,0.0,0,24.32329985285638,720575941496299593,1631,Tier 3: Lower Priority
720575941680340157,5,10.344827586206492,10.344827586206897,3,0.0,1.0,84.87940630797773,0.0,0,24.32329985285638,720575941680340157,1632,Tier 3: Lower Priority
720575941456340895,5,10.344827586206492,10.344827586206897,3,0.0,1.0,84.87940630797773,0.0,0,24.32329985285638,720575941456340895,1633,Tier 3: Lower Priority
720575941479863491,5,10.344827586206492,10.344827586206897,3,0.0,1.0,84.87940630797773,0.0,0,24.32329985285638,720575941479863491,1634,Tier 3: Lower Priority
720575941460163539,5,10.344827586206492,10.344827586206897,3,0.0,1.0,84.87940630797773,0.0,0,24.32329985285638,720575941460163539,1635,Tier 3: Lower Priority
720575941531288523,5,10.344827586206492,10.344827586206897,3,0.0,1.0,84.87940630797773,0.0,0,24.32329985285638,720575941531288523,1636,Tier 3: Lower Priority
720575941595664165,5,10.344827586206492,10.344827586206897,3,0.0,1.0,84.87940630797773,0.0,0,24.32329985285638,720575941595664165,1637,Tier 3: Lower Priority
720575941530751363,5,10.344827586206492,10.344827586206897,3,0.0,1.0,84.87940630797773,0.0,0,24.32329985285638,720575941530751363,1638,Tier 3: Lower Priority
720575941480410822,5,10.344827586206492,10.344827586206897,3,0.0,1.0,84.87940630797773,0.0,0,24.32329985285638,720575941480410822,1639,Tier 3: Lower Priority
720575941631840965,5,10.344827586206492,10.344827586206897,3,0.0,1.0,84.87940630797773,0.0,0,24.32329985285638,720575941631840965,1640,Tier 3: Lower Priority
720575941489685961,3,3.4482758620685856,3.4482758620689653,1,0.0,1.0,92.67161410018554,0.47619047619047616,1,24.32143390271458,720575941489685961,1641,Tier 3: Lower Priority
720575941655858968,3,3.4482758620685856,3.4482758620689653,1,0.0,1.0,92.67161410018554,0.47619047619047616,1,24.32143390271458,720575941655858968,1642,Tier 3: Lower Priority
720575941447718734,3,3.4482758620685856,3.4482758620689653,1,0.0,1.0,92.67161410018554,0.47619047619047616,1,24.32143390271458,720575941447718734,1643,Tier 3: Lower Priority
720575941488433870,3,3.4482758620685856,3.4482758620689653,1,0.0,1.0,92.67161410018554,0.47619047619047616,1,24.32143390271458,720575941488433870,1644,Tier 3: Lower Priority
720575941567049972,3,3.4482758620685856,3.4482758620689653,1,0.0,1.0,92.67161410018554,0.47619047619047616,1,24.32143390271458,720575941567049972,1645,Tier 3: Lower Priority
720575941546208692,3,3.4482758620685856,3.4482758620689653,1,0.0,1.0,92.67161410018554,0.47619047619047616,1,24.32143390271458,720575941546208692,1646,Tier 3: Lower Priority
720575941649760241,3,3.4482758620685856,3.4482758620689653,1,0.0,1.0,92.67161410018554,0.47619047619047616,1,24.32143390271458,720575941649760241,1647,Tier 3: Lower Priority
720575941614301593,3,3.4482758620685856,3.4482758620689653,1,0.0,1.0,92.67161410018554,0.47619047619047616,1,24.32143390271458,720575941614301593,1648,Tier 3: Lower Priority
720575941554264577,3,3.4482758620685856,3.4482758620689653,1,0.0,1.0,92.67161410018554,0.47619047619047616,1,24.32143390271458,720575941554264577,1649,Tier 3: Lower Priority
720575941474598964,3,3.4482758620685856,3.4482758620689653,1,0.0,1.0,92.67161410018554,0.47619047619047616,1,24.32143390271458,720575941474598964,1650,Tier 3: Lower Priority
720575941472385083,3,3.4482758620685856,3.4482758620689653,1,0.0,1.0,92.67161410018554,0.47619047619047616,1,24.32143390271458,720575941472385083,1651,Tier 3: Lower Priority
720575941612500889,3,3.4482758620685856,3.4482758620689653,1,0.0,1.0,92.67161410018554,0.47619047619047616,1,24.32143390271458,720575941612500889,1652,Tier 3: Lower Priority
720575941552329729,3,3.4482758620685856,3.4482758620689653,1,0.0,1.0,92.67161410018554,0.47619047619047616,1,24.32143390271458,720575941552329729,1653,Tier 3: Lower Priority
720575941605399742,3,3.4482758620685856,3.4482758620689653,1,0.0,1.0,92.67161410018554,0.47619047619047616,1,24.32143390271458,720575941605399742,1654,Tier 3: Lower Priority
720575941610446569,3,3.4482758620685856,3.4482758620689653,1,0.0,1.0,92.67161410018554,0.47619047619047616,1,24.32143390271458,720575941610446569,1655,Tier 3: Lower Priority
720575941415587100,3,3.4482758620685856,3.4482758620689653,1,0.0,1.0,92.67161410018554,0.47619047619047616,1,24.32143390271458,720575941415587100,1656,Tier 3: Lower Priority
720575941612799251,3,3.4482758620685856,3.4482758620689653,1,0.0,1.0,92.67161410018554,0.47619047619047616,1,24.32143390271458,720575941612799251,1657,Tier 3: Lower Priority
720575941505739102,3,3.4482758620685856,3.4482758620689653,1,0.0,1.0,92.67161410018554,0.47619047619047616,1,24.32143390271458,720575941505739102,1658,Tier 3: Lower Priority
720575941512339779,3,3.4482758620685856,3.4482758620689653,1,0.0,1.0,92.67161410018554,0.47619047619047616,1,24.32143390271458,720575941512339779,1659,Tier 3: Lower Priority
720575941547164084,5,3.4482758620685856,3.4482758620689653,1,0.0,1.0,84.87940630797773,8.095238095238095,17,24.27814385942453,720575941547164084,1660,Tier 3: Lower Priority
720575941351927600,5,6.896551724137906,6.896551724137931,2,0.0,1.0,84.87940630797773,3.8095238095238093,8,24.241198046616756,720575941351927600,1661,Tier 3: Lower Priority
720575941595779264,5,6.896551724137906,6.896551724137931,2,0.0,1.0,84.87940630797773,3.8095238095238093,8,24.241198046616756,720575941595779264,1662,Tier 3: Lower Priority
720575941501845554,5,6.896551724137906,6.896551724137931,2,0.0,1.0,84.87940630797773,3.8095238095238093,8,24.241198046616756,720575941501845554,1663,Tier 3: Lower Priority
720575941507848208,5,6.896551724137906,6.896551724137931,2,0.0,1.0,84.87940630797773,3.8095238095238093,8,24.241198046616756,720575941507848208,1664,Tier 3: Lower Priority
720575941532432618,5,6.896551724137906,6.896551724137931,2,0.0,1.0,84.87940630797773,3.8095238095238093,8,24.241198046616756,720575941532432618,1665,Tier 3: Lower Priority
720575941563316022,5,6.896551724137906,6.896551724137931,2,0.0,1.0,84.87940630797773,3.8095238095238093,8,24.241198046616756,720575941563316022,1666,Tier 3: Lower Priority
720575941470237504,1,6.896551724137906,6.896551724137931,2,5.2631578947368425,2.0,81.0760667903525,3.3333333333333335,7,24.223947127110197,720575941470237504,1667,Tier 3: Lower Priority
720575941430842209,1,10.344827586206492,10.344827586206897,3,0.0,1.0,81.0760667903525,3.3333333333333335,7,24.205798306783404,720575941430842209,1668,Tier 3: Lower Priority
720575941457932703,1,10.344827586206492,10.344827586206897,3,0.0,1.0,81.0760667903525,3.3333333333333335,7,24.205798306783404,720575941457932703,1669,Tier 3: Lower Priority
720575941665418483,3,3.4482758620685856,3.4482758620689653,1,0.0,1.0,92.67161410018554,0.0,0,24.20238628366696,720575941665418483,1670,Tier 3: Lower Priority
720575941526497156,3,3.4482758620685856,3.4482758620689653,1,0.0,1.0,92.67161410018554,0.0,0,24.20238628366696,720575941526497156,1671,Tier 3: Lower Priority
720575941525783373,3,3.4482758620685856,3.4482758620689653,1,0.0,1.0,92.67161410018554,0.0,0,24.20238628366696,720575941525783373,1672,Tier 3: Lower Priority
720575941525291853,3,3.4482758620685856,3.4482758620689653,1,0.0,1.0,92.67161410018554,0.0,0,24.20238628366696,720575941525291853,1673,Tier 3: Lower Priority
720575941569687710,3,3.4482758620685856,3.4482758620689653,1,0.0,1.0,92.67161410018554,0.0,0,24.20238628366696,720575941569687710,1674,Tier 3: Lower Priority
720575941567110900,3,3.4482758620685856,3.4482758620689653,1,0.0,1.0,92.67161410018554,0.0,0,24.20238628366696,720575941567110900,1675,Tier 3: Lower Priority
720575941605086061,3,3.4482758620685856,3.4482758620689653,1,0.0,1.0,92.67161410018554,0.0,0,24.20238628366696,720575941605086061,1676,Tier 3: Lower Priority
720575941573237769,3,3.4482758620685856,3.4482758620689653,1,0.0,1.0,92.67161410018554,0.0,0,24.20238628366696,720575941573237769,1677,Tier 3: Lower Priority
720575941531197387,3,3.4482758620685856,3.4482758620689653,1,0.0,1.0,92.67161410018554,0.0,0,24.20238628366696,720575941531197387,1678,Tier 3: Lower Priority
720575941504526405,3,3.4482758620685856,3.4482758620689653,1,0.0,1.0,92.67161410018554,0.0,0,24.20238628366696,720575941504526405,1679,Tier 3: Lower Priority
720575941612530073,3,3.4482758620685856,3.4482758620689653,1,0.0,1.0,92.67161410018554,0.0,0,24.20238628366696,720575941612530073,1680,Tier 3: Lower Priority
720575941524378649,3,3.4482758620685856,3.4482758620689653,1,0.0,1.0,92.67161410018554,0.0,0,24.20238628366696,720575941524378649,1681,Tier 3: Lower Priority
720575941513136593,3,3.4482758620685856,3.4482758620689653,1,0.0,1.0,92.67161410018554,0.0,0,24.20238628366696,720575941513136593,1682,Tier 3: Lower Priority
720575941447026708,3,3.4482758620685856,3.4482758620689653,1,0.0,1.0,92.67161410018554,0.0,0,24.20238628366696,720575941447026708,1683,Tier 3: Lower Priority
720575941554714532,3,3.4482758620685856,3.4482758620689653,1,0.0,1.0,92.67161410018554,0.0,0,24.20238628366696,720575941554714532,1684,Tier 3: Lower Priority
720575941496356577,3,3.4482758620685856,3.4482758620689653,1,0.0,1.0,92.67161410018554,0.0,0,24.20238628366696,720575941496356577,1685,Tier 3: Lower Priority
720575941452766023,3,3.4482758620685856,3.4482758620689653,1,0.0,1.0,92.67161410018554,0.0,0,24.20238628366696,720575941452766023,1686,Tier 3: Lower Priority
720575941438141919,3,3.4482758620685856,3.4482758620689653,1,0.0,1.0,92.67161410018554,0.0,0,24.20238628366696,720575941438141919,1687,Tier 3: Lower Priority
720575941542314245,3,3.4482758620685856,3.4482758620689653,1,0.0,1.0,92.67161410018554,0.0,0,24.20238628366696,720575941542314245,1688,Tier 3: Lower Priority
720575941559349619,3,3.4482758620685856,3.4482758620689653,1,0.0,1.0,92.67161410018554,0.0,0,24.20238628366696,720575941559349619,1689,Tier 3: Lower Priority
720575941628604386,3,3.4482758620685856,3.4482758620689653,1,0.0,1.0,92.67161410018554,0.0,0,24.20238628366696,720575941628604386,1690,Tier 3: Lower Priority
720575941592589349,3,3.4482758620685856,3.4482758620689653,1,0.0,1.0,92.67161410018554,0.0,0,24.20238628366696,720575941592589349,1691,Tier 3: Lower Priority
720575941577425753,3,3.4482758620685856,3.4482758620689653,1,0.0,1.0,92.67161410018554,0.0,0,24.20238628366696,720575941577425753,1692,Tier 3: Lower Priority
720575941537631181,3,3.4482758620685856,3.4482758620689653,1,0.0,1.0,92.67161410018554,0.0,0,24.20238628366696,720575941537631181,1693,Tier 3: Lower Priority
720575941547505288,3,3.4482758620685856,3.4482758620689653,1,0.0,1.0,92.67161410018554,0.0,0,24.20238628366696,720575941547505288,1694,Tier 3: Lower Priority
720575941433194254,3,3.4482758620685856,3.4482758620689653,1,0.0,1.0,92.67161410018554,0.0,0,24.20238628366696,720575941433194254,1695,Tier 3: Lower Priority
720575941436769759,3,3.4482758620685856,3.4482758620689653,1,0.0,1.0,92.67161410018554,0.0,0,24.20238628366696,720575941436769759,1696,Tier 3: Lower Priority
720575941578339061,3,3.4482758620685856,3.4482758620689653,1,0.0,1.0,92.67161410018554,0.0,0,24.20238628366696,720575941578339061,1697,Tier 3: Lower Priority
720575941432709262,3,3.4482758620685856,3.4482758620689653,1,0.0,1.0,92.67161410018554,0.0,0,24.20238628366696,720575941432709262,1698,Tier 3: Lower Priority
720575941575397775,3,3.4482758620685856,3.4482758620689653,1,0.0,1.0,92.67161410018554,0.0,0,24.20238628366696,720575941575397775,1699,Tier 3: Lower Priority
720575941641522514,3,3.4482758620685856,3.4482758620689653,1,0.0,1.0,92.67161410018554,0.0,0,24.20238628366696,720575941641522514,1700,Tier 3: Lower Priority
720575941405833263,3,3.4482758620685856,3.4482758620689653,1,0.0,1.0,92.67161410018554,0.0,0,24.20238628366696,720575941405833263,1701,Tier 3: Lower Priority
720575941575062024,3,3.4482758620685856,3.4482758620689653,1,0.0,1.0,92.67161410018554,0.0,0,24.20238628366696,720575941575062024,1702,Tier 3: Lower Priority
720575941590250536,3,3.4482758620685856,3.4482758620689653,1,0.0,1.0,92.67161410018554,0.0,0,24.20238628366696,720575941590250536,1703,Tier 3: Lower Priority
720575941583916422,3,3.4482758620685856,3.4482758620689653,1,0.0,1.0,92.67161410018554,0.0,0,24.20238628366696,720575941583916422,1704,Tier 3: Lower Priority
720575941409994863,3,3.4482758620685856,3.4482758620689653,1,0.0,1.0,92.67161410018554,0.0,0,24.20238628366696,720575941409994863,1705,Tier 3: Lower Priority
720575941544982716,5,3.4482758620685856,3.4482758620689653,1,0.0,1.0,84.87940630797773,7.619047619047619,16,24.159096240376915,720575941544982716,1706,Tier 3: Lower Priority
720575941678358973,5,3.4482758620685856,3.4482758620689653,1,0.0,1.0,84.87940630797773,7.619047619047619,16,24.159096240376915,720575941678358973,1707,Tier 3: Lower Priority
720575941440620379,5,3.4482758620685856,3.4482758620689653,1,0.0,1.0,84.87940630797773,7.619047619047619,16,24.159096240376915,720575941440620379,1708,Tier 3: Lower Priority
720575941438700479,5,6.896551724137906,6.896551724137931,2,0.0,1.0,84.87940630797773,3.3333333333333335,7,24.122150427569135,720575941438700479,1709,Tier 3: Lower Priority
720575941496227041,1,10.344827586206492,10.344827586206897,3,0.0,1.0,81.0760667903525,2.857142857142857,6,24.086750687735787,720575941496227041,1710,Tier 3: Lower Priority
720575941569574046,1,10.344827586206492,10.344827586206897,3,0.0,1.0,81.0760667903525,2.857142857142857,6,24.086750687735787,720575941569574046,1711,Tier 3: Lower Priority
720575941447822158,1,10.344827586206492,10.344827586206897,3,0.0,1.0,81.0760667903525,2.857142857142857,6,24.086750687735787,720575941447822158,1712,Tier 3: Lower Priority
720575941575800665,5,3.4482758620685856,3.4482758620689653,1,0.0,1.0,84.87940630797773,7.142857142857143,15,24.040048621329294,720575941575800665,1713,Tier 3: Lower Priority
720575941610587612,5,6.896551724137906,6.896551724137931,2,0.0,1.0,84.87940630797773,2.857142857142857,6,24.00310280852152,720575941610587612,1714,Tier 3: Lower Priority
720575941654985945,5,6.896551724137906,6.896551724137931,2,0.0,1.0,84.87940630797773,2.857142857142857,6,24.00310280852152,720575941654985945,1715,Tier 3: Lower Priority
720575941578442841,1,10.344827586206492,10.344827586206897,3,0.0,1.0,81.0760667903525,2.380952380952381,5,23.967703068688166,720575941578442841,1716,Tier 3: Lower Priority
720575941539741788,1,10.344827586206492,10.344827586206897,3,0.0,1.0,81.0760667903525,2.380952380952381,5,23.967703068688166,720575941539741788,1717,Tier 3: Lower Priority
720575941474786625,1,10.344827586206492,10.344827586206897,3,0.0,1.0,81.0760667903525,2.380952380952381,5,23.967703068688166,720575941474786625,1718,Tier 3: Lower Priority
720575941568697844,1,10.344827586206492,10.344827586206897,3,0.0,1.0,81.0760667903525,2.380952380952381,5,23.967703068688166,720575941568697844,1719,Tier 3: Lower Priority
720575941567639922,1,10.344827586206492,10.344827586206897,3,0.0,1.0,81.0760667903525,2.380952380952381,5,23.967703068688166,720575941567639922,1720,Tier 3: Lower Priority
720575941650693905,1,10.344827586206492,10.344827586206897,3,0.0,1.0,81.0760667903525,2.380952380952381,5,23.967703068688166,720575941650693905,1721,Tier 3: Lower Priority
720575941480223456,5,3.4482758620685856,3.4482758620689653,1,0.0,1.0,84.87940630797773,6.666666666666667,14,23.921001002281677,720575941480223456,1722,Tier 3: Lower Priority
720575941540185213,5,3.4482758620685856,3.4482758620689653,1,0.0,1.0,84.87940630797773,6.666666666666667,14,23.921001002281677,720575941540185213,1723,Tier 3: Lower Priority
720575941550878087,5,3.4482758620685856,3.4482758620689653,1,0.0,1.0,84.87940630797773,6.666666666666667,14,23.921001002281677,720575941550878087,1724,Tier 3: Lower Priority
720575941700504794,5,6.896551724137906,6.896551724137931,2,0.0,1.0,84.87940630797773,2.380952380952381,5,23.884055189473898,720575941700504794,1725,Tier 3: Lower Priority
720575941583646430,5,6.896551724137906,6.896551724137931,2,0.0,1.0,84.87940630797773,2.380952380952381,5,23.884055189473898,720575941583646430,1726,Tier 3: Lower Priority
720575941414303377,5,6.896551724137906,6.896551724137931,2,0.0,1.0,84.87940630797773,2.380952380952381,5,23.884055189473898,720575941414303377,1727,Tier 3: Lower Priority
720575941549394687,5,6.896551724137906,6.896551724137931,2,0.0,1.0,84.87940630797773,2.380952380952381,5,23.884055189473898,720575941549394687,1728,Tier 3: Lower Priority
720575941642638792,1,10.344827586206492,10.344827586206897,3,0.0,1.0,81.0760667903525,1.9047619047619047,4,23.848655449640546,720575941642638792,1729,Tier 3: Lower Priority
720575941477879426,1,10.344827586206492,10.344827586206897,3,0.0,1.0,81.0760667903525,1.9047619047619047,4,23.848655449640546,720575941477879426,1730,Tier 3: Lower Priority
720575941536648168,1,10.344827586206492,10.344827586206897,3,0.0,1.0,81.0760667903525,1.9047619047619047,4,23.848655449640546,720575941536648168,1731,Tier 3: Lower Priority
720575941599444777,1,3.4482758620685856,3.4482758620689653,1,0.0,1.0,81.0760667903525,10.0,21,23.8034994562087,720575941599444777,1732,Tier 3: Lower Priority
720575941401795619,1,3.4482758620685856,3.4482758620689653,1,0.0,1.0,81.0760667903525,10.0,21,23.8034994562087,720575941401795619,1733,Tier 3: Lower Priority
720575941611914669,5,3.4482758620685856,3.4482758620689653,1,0.0,1.0,84.87940630797773,6.190476190476191,13,23.801953383234057,720575941611914669,1734,Tier 3: Lower Priority
720575941534040754,5,3.4482758620685856,3.4482758620689653,1,0.0,1.0,84.87940630797773,6.190476190476191,13,23.801953383234057,720575941534040754,1735,Tier 3: Lower Priority
720575941547341684,5,6.896551724137906,6.896551724137931,2,0.0,1.0,84.87940630797773,1.9047619047619047,4,23.765007570426278,720575941547341684,1736,Tier 3: Lower Priority
720575941589954871,5,6.896551724137906,6.896551724137931,2,0.0,1.0,84.87940630797773,1.9047619047619047,4,23.765007570426278,720575941589954871,1737,Tier 3: Lower Priority
720575941652314841,5,6.896551724137906,6.896551724137931,2,0.0,1.0,84.87940630797773,1.9047619047619047,4,23.765007570426278,720575941652314841,1738,Tier 3: Lower Priority
720575941551384091,5,6.896551724137906,6.896551724137931,2,0.0,1.0,84.87940630797773,1.9047619047619047,4,23.765007570426278,720575941551384091,1739,Tier 3: Lower Priority
720575941521101495,5,6.896551724137906,6.896551724137931,2,0.0,1.0,84.87940630797773,1.9047619047619047,4,23.765007570426278,720575941521101495,1740,Tier 3: Lower Priority
720575941486846416,1,10.344827586206492,10.344827586206897,3,0.0,1.0,81.0760667903525,1.4285714285714286,3,23.72960783059293,720575941486846416,1741,Tier 3: Lower Priority
720575941659675704,1,10.344827586206492,10.344827586206897,3,0.0,1.0,81.0760667903525,1.4285714285714286,3,23.72960783059293,720575941659675704,1742,Tier 3: Lower Priority
720575941438674367,1,10.344827586206492,10.344827586206897,3,0.0,1.0,81.0760667903525,1.4285714285714286,3,23.72960783059293,720575941438674367,1743,Tier 3: Lower Priority
720575941576984821,1,10.344827586206492,10.344827586206897,3,0.0,1.0,81.0760667903525,1.4285714285714286,3,23.72960783059293,720575941576984821,1744,Tier 3: Lower Priority
720575941477447530,1,10.344827586206492,10.344827586206897,3,0.0,1.0,81.0760667903525,1.4285714285714286,3,23.72960783059293,720575941477447530,1745,Tier 3: Lower Priority
720575941576927057,1,10.344827586206492,10.344827586206897,3,0.0,1.0,81.0760667903525,1.4285714285714286,3,23.72960783059293,720575941576927057,1746,Tier 3: Lower Priority
720575941438670015,1,10.344827586206492,10.344827586206897,3,0.0,1.0,81.0760667903525,1.4285714285714286,3,23.72960783059293,720575941438670015,1747,Tier 3: Lower Priority
720575941438935131,1,10.344827586206492,10.344827586206897,3,0.0,1.0,81.0760667903525,1.4285714285714286,3,23.72960783059293,720575941438935131,1748,Tier 3: Lower Priority
720575941501721138,5,3.4482758620685856,3.4482758620689653,1,0.0,1.0,84.87940630797773,5.714285714285714,12,23.682905764186437,720575941501721138,1749,Tier 3: Lower Priority
720575941553551239,5,3.4482758620685856,3.4482758620689653,1,0.0,1.0,84.87940630797773,5.714285714285714,12,23.682905764186437,720575941553551239,1750,Tier 3: Lower Priority
720575941501129047,1,6.896551724137906,6.896551724137931,2,0.0,1.0,81.0760667903525,5.238095238095238,11,23.647506024353305,720575941501129047,1751,Tier 3: Lower Priority
720575941557882895,5,6.896551724137906,6.896551724137931,2,0.0,1.0,84.87940630797773,1.4285714285714286,3,23.64595995137866,720575941557882895,1752,Tier 3: Lower Priority
720575941540724765,5,6.896551724137906,6.896551724137931,2,0.0,1.0,84.87940630797773,1.4285714285714286,3,23.64595995137866,720575941540724765,1753,Tier 3: Lower Priority
720575941562043392,5,6.896551724137906,6.896551724137931,2,0.0,1.0,84.87940630797773,1.4285714285714286,3,23.64595995137866,720575941562043392,1754,Tier 3: Lower Priority
720575941689397656,5,6.896551724137906,6.896551724137931,2,0.0,1.0,84.87940630797773,1.4285714285714286,3,23.64595995137866,720575941689397656,1755,Tier 3: Lower Priority
720575941665522419,1,10.344827586206492,10.344827586206897,3,0.0,1.0,81.0760667903525,0.9523809523809523,2,23.61056021154531,720575941665522419,1756,Tier 3: Lower Priority
720575941447786574,1,10.344827586206492,10.344827586206897,3,0.0,1.0,81.0760667903525,0.9523809523809523,2,23.61056021154531,720575941447786574,1757,Tier 3: Lower Priority
720575941479505315,1,10.344827586206492,10.344827586206897,3,0.0,1.0,81.0760667903525,0.9523809523809523,2,23.61056021154531,720575941479505315,1758,Tier 3: Lower Priority
720575941613403100,1,10.344827586206492,10.344827586206897,3,0.0,1.0,81.0760667903525,0.9523809523809523,2,23.61056021154531,720575941613403100,1759,Tier 3: Lower Priority
720575941490856880,1,10.344827586206492,10.344827586206897,3,0.0,1.0,81.0760667903525,0.9523809523809523,2,23.61056021154531,720575941490856880,1760,Tier 3: Lower Priority
720575941571957661,1,10.344827586206492,10.344827586206897,3,0.0,1.0,81.0760667903525,0.9523809523809523,2,23.61056021154531,720575941571957661,1761,Tier 3: Lower Priority
720575941574412943,1,10.344827586206492,10.344827586206897,3,0.0,1.0,81.0760667903525,0.9523809523809523,2,23.61056021154531,720575941574412943,1762,Tier 3: Lower Priority
720575941687863515,1,10.344827586206492,10.344827586206897,3,0.0,1.0,81.0760667903525,0.9523809523809523,2,23.61056021154531,720575941687863515,1763,Tier 3: Lower Priority
720575941539929117,1,10.344827586206492,10.344827586206897,3,0.0,1.0,81.0760667903525,0.9523809523809523,2,23.61056021154531,720575941539929117,1764,Tier 3: Lower Priority
720575941518936792,1,3.4482758620685856,3.4482758620689653,1,0.0,1.0,81.0760667903525,9.047619047619047,19,23.565404218113464,720575941518936792,1765,Tier 3: Lower Priority
720575941428277752,1,6.896551724137906,6.896551724137931,2,0.0,1.0,81.0760667903525,4.761904761904762,10,23.528458405305685,720575941428277752,1766,Tier 3: Lower Priority
720575941451662663,5,6.896551724137906,6.896551724137931,2,0.0,1.0,84.87940630797773,0.9523809523809523,2,23.52691233233104,720575941451662663,1767,Tier 3: Lower Priority
720575941544606388,5,6.896551724137906,6.896551724137931,2,0.0,1.0,84.87940630797773,0.9523809523809523,2,23.52691233233104,720575941544606388,1768,Tier 3: Lower Priority
720575941488811468,5,6.896551724137906,6.896551724137931,2,0.0,1.0,84.87940630797773,0.9523809523809523,2,23.52691233233104,720575941488811468,1769,Tier 3: Lower Priority
720575941628617186,5,6.896551724137906,6.896551724137931,2,0.0,1.0,84.87940630797773,0.9523809523809523,2,23.52691233233104,720575941628617186,1770,Tier 3: Lower Priority
720575941650798609,5,6.896551724137906,6.896551724137931,2,0.0,1.0,84.87940630797773,0.9523809523809523,2,23.52691233233104,720575941650798609,1771,Tier 3: Lower Priority
720575941629389804,5,6.896551724137906,6.896551724137931,2,0.0,1.0,84.87940630797773,0.9523809523809523,2,23.52691233233104,720575941629389804,1772,Tier 3: Lower Priority
720575941477613024,5,6.896551724137906,6.896551724137931,2,0.0,1.0,84.87940630797773,0.9523809523809523,2,23.52691233233104,720575941477613024,1773,Tier 3: Lower Priority
720575941477598432,5,6.896551724137906,6.896551724137931,2,0.0,1.0,84.87940630797773,0.9523809523809523,2,23.52691233233104,720575941477598432,1774,Tier 3: Lower Priority
720575941442379178,5,6.896551724137906,6.896551724137931,2,0.0,1.0,84.87940630797773,0.9523809523809523,2,23.52691233233104,720575941442379178,1775,Tier 3: Lower Priority
720575941532377834,1,10.344827586206492,10.344827586206897,3,0.0,1.0,81.0760667903525,0.47619047619047616,1,23.491512592497692,720575941532377834,1776,Tier 3: Lower Priority
720575941484048390,1,10.344827586206492,10.344827586206897,3,0.0,1.0,81.0760667903525,0.47619047619047616,1,23.491512592497692,720575941484048390,1777,Tier 3: Lower Priority
720575941558256173,1,10.344827586206492,10.344827586206897,3,0.0,1.0,81.0760667903525,0.47619047619047616,1,23.491512592497692,720575941558256173,1778,Tier 3: Lower Priority
720575941592154582,1,6.896551724137906,6.896551724137931,2,0.0,1.0,81.0760667903525,4.285714285714286,9,23.409410786258068,720575941592154582,1779,Tier 3: Lower Priority
720575941645261768,1,6.896551724137906,6.896551724137931,2,0.0,1.0,81.0760667903525,4.285714285714286,9,23.409410786258068,720575941645261768,1780,Tier 3: Lower Priority
720575941644234696,1,6.896551724137906,6.896551724137931,2,0.0,1.0,81.0760667903525,4.285714285714286,9,23.409410786258068,720575941644234696,1781,Tier 3: Lower Priority
720575941540727581,5,6.896551724137906,6.896551724137931,2,0.0,1.0,84.87940630797773,0.47619047619047616,1,23.407864713283423,720575941540727581,1782,Tier 3: Lower Priority
720575941428365999,5,6.896551724137906,6.896551724137931,2,0.0,1.0,84.87940630797773,0.47619047619047616,1,23.407864713283423,720575941428365999,1783,Tier 3: Lower Priority
720575941524185419,5,6.896551724137906,6.896551724137931,2,0.0,1.0,84.87940630797773,0.47619047619047616,1,23.407864713283423,720575941524185419,1784,Tier 3: Lower Priority
720575941720432186,5,6.896551724137906,6.896551724137931,2,0.0,1.0,84.87940630797773,0.47619047619047616,1,23.407864713283423,720575941720432186,1785,Tier 3: Lower Priority
720575941501996683,5,6.896551724137906,6.896551724137931,2,0.0,1.0,84.87940630797773,0.47619047619047616,1,23.407864713283423,720575941501996683,1786,Tier 3: Lower Priority
720575941507657488,5,6.896551724137906,6.896551724137931,2,0.0,1.0,84.87940630797773,0.47619047619047616,1,23.407864713283423,720575941507657488,1787,Tier 3: Lower Priority
720575941566753274,5,6.896551724137906,6.896551724137931,2,0.0,1.0,84.87940630797773,0.47619047619047616,1,23.407864713283423,720575941566753274,1788,Tier 3: Lower Priority
720575941567151918,5,6.896551724137906,6.896551724137931,2,0.0,1.0,84.87940630797773,0.47619047619047616,1,23.407864713283423,720575941567151918,1789,Tier 3: Lower Priority
720575941440287183,5,6.896551724137906,6.896551724137931,2,0.0,1.0,84.87940630797773,0.47619047619047616,1,23.407864713283423,720575941440287183,1790,Tier 3: Lower Priority
720575941568553586,5,6.896551724137906,6.896551724137931,2,0.0,1.0,84.87940630797773,0.47619047619047616,1,23.407864713283423,720575941568553586,1791,Tier 3: Lower Priority
720575941405666351,5,6.896551724137906,6.896551724137931,2,0.0,1.0,84.87940630797773,0.47619047619047616,1,23.407864713283423,720575941405666351,1792,Tier 3: Lower Priority
720575941684940271,5,6.896551724137906,6.896551724137931,2,0.0,1.0,84.87940630797773,0.47619047619047616,1,23.407864713283423,720575941684940271,1793,Tier 3: Lower Priority
720575941455932912,5,6.896551724137906,6.896551724137931,2,0.0,1.0,84.87940630797773,0.47619047619047616,1,23.407864713283423,720575941455932912,1794,Tier 3: Lower Priority
720575941650706449,5,6.896551724137906,6.896551724137931,2,0.0,1.0,84.87940630797773,0.47619047619047616,1,23.407864713283423,720575941650706449,1795,Tier 3: Lower Priority
720575941436828639,1,10.344827586206492,10.344827586206897,3,0.0,1.0,81.0760667903525,0.0,0,23.37246497345007,720575941436828639,1796,Tier 3: Lower Priority
720575941687911663,1,10.344827586206492,10.344827586206897,3,0.0,1.0,81.0760667903525,0.0,0,23.37246497345007,720575941687911663,1797,Tier 3: Lower Priority
720575941678521021,1,10.344827586206492,10.344827586206897,3,0.0,1.0,81.0760667903525,0.0,0,23.37246497345007,720575941678521021,1798,Tier 3: Lower Priority
720575941626734630,1,10.344827586206492,10.344827586206897,3,0.0,1.0,81.0760667903525,0.0,0,23.37246497345007,720575941626734630,1799,Tier 3: Lower Priority
720575941495663232,1,10.344827586206492,10.344827586206897,3,0.0,1.0,81.0760667903525,0.0,0,23.37246497345007,720575941495663232,1800,Tier 3: Lower Priority
720575941528712376,1,10.344827586206492,10.344827586206897,3,0.0,1.0,81.0760667903525,0.0,0,23.37246497345007,720575941528712376,1801,Tier 3: Lower Priority
720575941576862545,1,10.344827586206492,10.344827586206897,3,0.0,1.0,81.0760667903525,0.0,0,23.37246497345007,720575941576862545,1802,Tier 3: Lower Priority
720575941519973303,1,10.344827586206492,10.344827586206897,3,0.0,1.0,81.0760667903525,0.0,0,23.37246497345007,720575941519973303,1803,Tier 3: Lower Priority
720575941567123444,1,10.344827586206492,10.344827586206897,3,0.0,1.0,81.0760667903525,0.0,0,23.37246497345007,720575941567123444,1804,Tier 3: Lower Priority
720575941583296902,1,10.344827586206492,10.344827586206897,3,0.0,1.0,81.0760667903525,0.0,0,23.37246497345007,720575941583296902,1805,Tier 3: Lower Priority
720575941667146417,1,10.344827586206492,10.344827586206897,3,0.0,1.0,81.0760667903525,0.0,0,23.37246497345007,720575941667146417,1806,Tier 3: Lower Priority
720575941688187032,1,10.344827586206492,10.344827586206897,3,0.0,1.0,81.0760667903525,0.0,0,23.37246497345007,720575941688187032,1807,Tier 3: Lower Priority
720575941608801257,1,10.344827586206492,10.344827586206897,3,0.0,1.0,81.0760667903525,0.0,0,23.37246497345007,720575941608801257,1808,Tier 3: Lower Priority
720575941481588934,1,10.344827586206492,10.344827586206897,3,0.0,1.0,81.0760667903525,0.0,0,23.37246497345007,720575941481588934,1809,Tier 3: Lower Priority
720575941555458852,1,10.344827586206492,10.344827586206897,3,0.0,1.0,81.0760667903525,0.0,0,23.37246497345007,720575941555458852,1810,Tier 3: Lower Priority
720575941477446762,1,3.4482758620685856,3.4482758620689653,1,0.0,1.0,81.0760667903525,8.095238095238095,17,23.327308980018223,720575941477446762,1811,Tier 3: Lower Priority
720575941474426929,1,3.4482758620685856,3.4482758620689653,1,0.0,1.0,81.0760667903525,8.095238095238095,17,23.327308980018223,720575941474426929,1812,Tier 3: Lower Priority
720575941670593703,5,3.4482758620685856,3.4482758620689653,1,0.0,1.0,84.87940630797773,4.285714285714286,9,23.325762907043583,720575941670593703,1813,Tier 3: Lower Priority
720575941496830370,5,3.4482758620685856,3.4482758620689653,1,0.0,1.0,84.87940630797773,4.285714285714286,9,23.325762907043583,720575941496830370,1814,Tier 3: Lower Priority
720575941449134202,5,3.4482758620685856,3.4482758620689653,1,0.0,1.0,84.87940630797773,4.285714285714286,9,23.325762907043583,720575941449134202,1815,Tier 3: Lower Priority
720575941532334424,1,6.896551724137906,6.896551724137931,2,0.0,1.0,81.0760667903525,3.8095238095238093,8,23.290363167210447,720575941532334424,1816,Tier 3: Lower Priority
720575941593948805,1,6.896551724137906,6.896551724137931,2,0.0,1.0,81.0760667903525,3.8095238095238093,8,23.290363167210447,720575941593948805,1817,Tier 3: Lower Priority
720575941543893353,5,6.896551724137906,6.896551724137931,2,0.0,1.0,84.87940630797773,0.0,0,23.288817094235803,720575941543893353,1818,Tier 3: Lower Priority
720575941557362852,5,6.896551724137906,6.896551724137931,2,0.0,1.0,84.87940630797773,0.0,0,23.288817094235803,720575941557362852,1819,Tier 3: Lower Priority
720575941549829182,5,6.896551724137906,6.896551724137931,2,0.0,1.0,84.87940630797773,0.0,0,23.288817094235803,720575941549829182,1820,Tier 3: Lower Priority
720575941437526869,5,6.896551724137906,6.896551724137931,2,0.0,1.0,84.87940630797773,0.0,0,23.288817094235803,720575941437526869,1821,Tier 3: Lower Priority
720575941435653164,5,6.896551724137906,6.896551724137931,2,0.0,1.0,84.87940630797773,0.0,0,23.288817094235803,720575941435653164,1822,Tier 3: Lower Priority
720575941556251556,5,6.896551724137906,6.896551724137931,2,0.0,1.0,84.87940630797773,0.0,0,23.288817094235803,720575941556251556,1823,Tier 3: Lower Priority
720575941464777814,5,6.896551724137906,6.896551724137931,2,0.0,1.0,84.87940630797773,0.0,0,23.288817094235803,720575941464777814,1824,Tier 3: Lower Priority
720575941581672569,5,6.896551724137906,6.896551724137931,2,0.0,1.0,84.87940630797773,0.0,0,23.288817094235803,720575941581672569,1825,Tier 3: Lower Priority
720575941536906389,5,6.896551724137906,6.896551724137931,2,0.0,1.0,84.87940630797773,0.0,0,23.288817094235803,720575941536906389,1826,Tier 3: Lower Priority
720575941551926527,5,6.896551724137906,6.896551724137931,2,0.0,1.0,84.87940630797773,0.0,0,23.288817094235803,720575941551926527,1827,Tier 3: Lower Priority
720575941539037170,5,6.896551724137906,6.896551724137931,2,0.0,1.0,84.87940630797773,0.0,0,23.288817094235803,720575941539037170,1828,Tier 3: Lower Priority
720575941485316493,5,6.896551724137906,6.896551724137931,2,0.0,1.0,84.87940630797773,0.0,0,23.288817094235803,720575941485316493,1829,Tier 3: Lower Priority
720575941460225168,5,6.896551724137906,6.896551724137931,2,0.0,1.0,84.87940630797773,0.0,0,23.288817094235803,720575941460225168,1830,Tier 3: Lower Priority
720575941516572632,5,6.896551724137906,6.896551724137931,2,0.0,1.0,84.87940630797773,0.0,0,23.288817094235803,720575941516572632,1831,Tier 3: Lower Priority
720575941666130675,5,6.896551724137906,6.896551724137931,2,0.0,1.0,84.87940630797773,0.0,0,23.288817094235803,720575941666130675,1832,Tier 3: Lower Priority
720575941524064077,5,6.896551724137906,6.896551724137931,2,0.0,1.0,84.87940630797773,0.0,0,23.288817094235803,720575941524064077,1833,Tier 3: Lower Priority
720575941454024429,5,6.896551724137906,6.896551724137931,2,0.0,1.0,84.87940630797773,0.0,0,23.288817094235803,720575941454024429,1834,Tier 3: Lower Priority
720575941569613470,5,6.896551724137906,6.896551724137931,2,0.0,1.0,84.87940630797773,0.0,0,23.288817094235803,720575941569613470,1835,Tier 3: Lower Priority
720575941609413862,5,6.896551724137906,6.896551724137931,2,0.0,1.0,84.87940630797773,0.0,0,23.288817094235803,720575941609413862,1836,Tier 3: Lower Priority
720575941567139630,5,6.896551724137906,6.896551724137931,2,0.0,1.0,84.87940630797773,0.0,0,23.288817094235803,720575941567139630,1837,Tier 3: Lower Priority
720575941505159484,5,6.896551724137906,6.896551724137931,2,0.0,1.0,84.87940630797773,0.0,0,23.288817094235803,720575941505159484,1838,Tier 3: Lower Priority
720575941459926086,1,3.4482758620685856,3.4482758620689653,1,0.0,1.0,81.0760667903525,7.619047619047619,16,23.208261360970607,720575941459926086,1839,Tier 3: Lower Priority
720575941545362281,5,3.4482758620685856,3.4482758620689653,1,0.0,1.0,84.87940630797773,3.8095238095238093,8,23.206715287995962,720575941545362281,1840,Tier 3: Lower Priority
720575941516848750,5,3.4482758620685856,3.4482758620689653,1,0.0,1.0,84.87940630797773,3.8095238095238093,8,23.206715287995962,720575941516848750,1841,Tier 3: Lower Priority
720575941474935105,5,3.4482758620685856,3.4482758620689653,1,0.0,1.0,84.87940630797773,3.8095238095238093,8,23.206715287995962,720575941474935105,1842,Tier 3: Lower Priority
720575941447808334,1,6.896551724137906,6.896551724137931,2,0.0,1.0,81.0760667903525,3.3333333333333335,7,23.171315548162827,720575941447808334,1843,Tier 3: Lower Priority
720575941518334643,1,6.896551724137906,6.896551724137931,2,0.0,1.0,81.0760667903525,3.3333333333333335,7,23.171315548162827,720575941518334643,1844,Tier 3: Lower Priority
720575941685775116,1,6.896551724137906,6.896551724137931,2,0.0,1.0,81.0760667903525,3.3333333333333335,7,23.171315548162827,720575941685775116,1845,Tier 3: Lower Priority
720575941516777107,1,3.4482758620685856,3.4482758620689653,1,0.0,1.0,81.0760667903525,7.142857142857143,15,23.089213741922986,720575941516777107,1846,Tier 3: Lower Priority
720575941556244644,5,3.4482758620685856,3.4482758620689653,1,0.0,1.0,84.87940630797773,3.3333333333333335,7,23.08766766894834,720575941556244644,1847,Tier 3: Lower Priority
720575941632025580,5,3.4482758620685856,3.4482758620689653,1,0.0,1.0,84.87940630797773,3.3333333333333335,7,23.08766766894834,720575941632025580,1848,Tier 3: Lower Priority
720575941558635053,5,3.4482758620685856,3.4482758620689653,1,0.0,1.0,84.87940630797773,3.3333333333333335,7,23.08766766894834,720575941558635053,1849,Tier 3: Lower Priority
720575941563161512,5,3.4482758620685856,3.4482758620689653,1,0.0,1.0,84.87940630797773,3.3333333333333335,7,23.08766766894834,720575941563161512,1850,Tier 3: Lower Priority
720575941429283681,5,3.4482758620685856,3.4482758620689653,1,0.0,1.0,84.87940630797773,3.3333333333333335,7,23.08766766894834,720575941429283681,1851,Tier 3: Lower Priority
720575941691013016,1,6.896551724137906,6.896551724137931,2,0.0,1.0,81.0760667903525,2.857142857142857,6,23.05226792911521,720575941691013016,1852,Tier 3: Lower Priority
720575941450008391,1,6.896551724137906,6.896551724137931,2,0.0,1.0,81.0760667903525,2.857142857142857,6,23.05226792911521,720575941450008391,1853,Tier 3: Lower Priority
720575941551579034,1,6.896551724137906,6.896551724137931,2,0.0,1.0,81.0760667903525,2.857142857142857,6,23.05226792911521,720575941551579034,1854,Tier 3: Lower Priority
720575941486560774,1,3.4482758620685856,3.4482758620689653,1,0.0,1.0,81.0760667903525,6.666666666666667,14,22.97016612287537,720575941486560774,1855,Tier 3: Lower Priority
720575941528356043,5,3.4482758620685856,3.4482758620689653,1,0.0,1.0,84.87940630797773,2.857142857142857,6,22.968620049900725,720575941528356043,1856,Tier 3: Lower Priority
720575941353376048,5,3.4482758620685856,3.4482758620689653,1,0.0,1.0,84.87940630797773,2.857142857142857,6,22.968620049900725,720575941353376048,1857,Tier 3: Lower Priority
720575941501715906,5,3.4482758620685856,3.4482758620689653,1,0.0,1.0,84.87940630797773,2.857142857142857,6,22.968620049900725,720575941501715906,1858,Tier 3: Lower Priority
720575941563920999,5,3.4482758620685856,3.4482758620689653,1,0.0,1.0,84.87940630797773,2.857142857142857,6,22.968620049900725,720575941563920999,1859,Tier 3: Lower Priority
720575941473703722,1,6.896551724137906,6.896551724137931,2,0.0,1.0,81.0760667903525,2.380952380952381,5,22.93322031006759,720575941473703722,1860,Tier 3: Lower Priority
720575941523994114,1,6.896551724137906,6.896551724137931,2,0.0,1.0,81.0760667903525,2.380952380952381,5,22.93322031006759,720575941523994114,1861,Tier 3: Lower Priority
720575941553313434,1,6.896551724137906,6.896551724137931,2,0.0,1.0,81.0760667903525,2.380952380952381,5,22.93322031006759,720575941553313434,1862,Tier 3: Lower Priority
720575941485377602,1,6.896551724137906,6.896551724137931,2,0.0,1.0,81.0760667903525,2.380952380952381,5,22.93322031006759,720575941485377602,1863,Tier 3: Lower Priority
720575941474482737,1,6.896551724137906,6.896551724137931,2,0.0,1.0,81.0760667903525,2.380952380952381,5,22.93322031006759,720575941474482737,1864,Tier 3: Lower Priority
720575941476080177,1,6.896551724137906,6.896551724137931,2,0.0,1.0,81.0760667903525,2.380952380952381,5,22.93322031006759,720575941476080177,1865,Tier 3: Lower Priority
720575941449886791,1,6.896551724137906,6.896551724137931,2,0.0,1.0,81.0760667903525,2.380952380952381,5,22.93322031006759,720575941449886791,1866,Tier 3: Lower Priority
720575941452164915,1,6.896551724137906,6.896551724137931,2,0.0,1.0,81.0760667903525,2.380952380952381,5,22.93322031006759,720575941452164915,1867,Tier 3: Lower Priority
720575941451768391,1,3.4482758620685856,3.4482758620689653,1,0.0,1.0,81.0760667903525,6.190476190476191,13,22.85111850382775,720575941451768391,1868,Tier 3: Lower Priority
720575941452198707,5,3.4482758620685856,3.4482758620689653,1,0.0,1.0,84.87940630797773,2.380952380952381,5,22.849572430853105,720575941452198707,1869,Tier 3: Lower Priority
720575941518793388,5,3.4482758620685856,3.4482758620689653,1,0.0,1.0,84.87940630797773,2.380952380952381,5,22.849572430853105,720575941518793388,1870,Tier 3: Lower Priority
720575941479369346,5,3.4482758620685856,3.4482758620689653,1,0.0,1.0,84.87940630797773,2.380952380952381,5,22.849572430853105,720575941479369346,1871,Tier 3: Lower Priority
720575941656527128,1,6.896551724137906,6.896551724137931,2,0.0,1.0,81.0760667903525,1.9047619047619047,4,22.81417269101997,720575941656527128,1872,Tier 3: Lower Priority
720575941530867075,1,6.896551724137906,6.896551724137931,2,0.0,1.0,81.0760667903525,1.9047619047619047,4,22.81417269101997,720575941530867075,1873,Tier 3: Lower Priority
720575941557242148,1,6.896551724137906,6.896551724137931,2,0.0,1.0,81.0760667903525,1.9047619047619047,4,22.81417269101997,720575941557242148,1874,Tier 3: Lower Priority
720575941652324825,1,3.4482758620685856,3.4482758620689653,1,0.0,1.0,81.0760667903525,5.714285714285714,12,22.73207088478013,720575941652324825,1875,Tier 3: Lower Priority
720575941488173001,1,3.4482758620685856,3.4482758620689653,1,0.0,1.0,81.0760667903525,5.714285714285714,12,22.73207088478013,720575941488173001,1876,Tier 3: Lower Priority
720575941628426978,1,3.4482758620685856,3.4482758620689653,1,0.0,1.0,81.0760667903525,5.714285714285714,12,22.73207088478013,720575941628426978,1877,Tier 3: Lower Priority
720575941554784676,5,3.4482758620685856,3.4482758620689653,1,0.0,1.0,84.87940630797773,1.9047619047619047,4,22.730524811805484,720575941554784676,1878,Tier 3: Lower Priority
720575941665520371,5,3.4482758620685856,3.4482758620689653,1,0.0,1.0,84.87940630797773,1.9047619047619047,4,22.730524811805484,720575941665520371,1879,Tier 3: Lower Priority
720575941630620576,5,3.4482758620685856,3.4482758620689653,1,0.0,1.0,84.87940630797773,1.9047619047619047,4,22.730524811805484,720575941630620576,1880,Tier 3: Lower Priority
720575941441228735,5,3.4482758620685856,3.4482758620689653,1,0.0,1.0,84.87940630797773,1.9047619047619047,4,22.730524811805484,720575941441228735,1881,Tier 3: Lower Priority
720575941431580686,5,3.4482758620685856,3.4482758620689653,1,0.0,1.0,84.87940630797773,1.9047619047619047,4,22.730524811805484,720575941431580686,1882,Tier 3: Lower Priority
720575941452199475,5,3.4482758620685856,3.4482758620689653,1,0.0,1.0,84.87940630797773,1.9047619047619047,4,22.730524811805484,720575941452199475,1883,Tier 3: Lower Priority
720575941592895784,5,3.4482758620685856,3.4482758620689653,1,0.0,1.0,84.87940630797773,1.9047619047619047,4,22.730524811805484,720575941592895784,1884,Tier 3: Lower Priority
720575941525971993,5,3.4482758620685856,3.4482758620689653,1,0.0,1.0,84.87940630797773,1.9047619047619047,4,22.730524811805484,720575941525971993,1885,Tier 3: Lower Priority
720575941606622317,5,3.4482758620685856,3.4482758620689653,1,0.0,1.0,84.87940630797773,1.9047619047619047,4,22.730524811805484,720575941606622317,1886,Tier 3: Lower Priority
720575941605598061,5,3.4482758620685856,3.4482758620689653,1,0.0,1.0,84.87940630797773,1.9047619047619047,4,22.730524811805484,720575941605598061,1887,Tier 3: Lower Priority
720575941533201857,5,3.4482758620685856,3.4482758620689653,1,0.0,1.0,84.87940630797773,1.9047619047619047,4,22.730524811805484,720575941533201857,1888,Tier 3: Lower Priority
720575941507863056,5,3.4482758620685856,3.4482758620689653,1,0.0,1.0,84.87940630797773,1.9047619047619047,4,22.730524811805484,720575941507863056,1889,Tier 3: Lower Priority
720575941630301125,1,6.896551724137906,6.896551724137931,2,0.0,1.0,81.0760667903525,1.4285714285714286,3,22.695125071972353,720575941630301125,1890,Tier 3: Lower Priority
720575941554764196,1,6.896551724137906,6.896551724137931,2,0.0,1.0,81.0760667903525,1.4285714285714286,3,22.695125071972353,720575941554764196,1891,Tier 3: Lower Priority
720575941428210424,1,6.896551724137906,6.896551724137931,2,0.0,1.0,81.0760667903525,1.4285714285714286,3,22.695125071972353,720575941428210424,1892,Tier 3: Lower Priority
720575941513677571,1,6.896551724137906,6.896551724137931,2,0.0,1.0,81.0760667903525,1.4285714285714286,3,22.695125071972353,720575941513677571,1893,Tier 3: Lower Priority
720575941670447527,1,6.896551724137906,6.896551724137931,2,0.0,1.0,81.0760667903525,1.4285714285714286,3,22.695125071972353,720575941670447527,1894,Tier 3: Lower Priority
720575941411572847,1,6.896551724137906,6.896551724137931,2,0.0,1.0,81.0760667903525,1.4285714285714286,3,22.695125071972353,720575941411572847,1895,Tier 3: Lower Priority
720575941621725180,1,6.896551724137906,6.896551724137931,2,0.0,1.0,81.0760667903525,1.4285714285714286,3,22.695125071972353,720575941621725180,1896,Tier 3: Lower Priority
720575941477616864,1,6.896551724137906,6.896551724137931,2,0.0,1.0,81.0760667903525,1.4285714285714286,3,22.695125071972353,720575941477616864,1897,Tier 3: Lower Priority
720575941686858735,1,6.896551724137906,6.896551724137931,2,0.0,1.0,81.0760667903525,1.4285714285714286,3,22.695125071972353,720575941686858735,1898,Tier 3: Lower Priority
720575941593188465,1,6.896551724137906,6.896551724137931,2,0.0,1.0,81.0760667903525,1.4285714285714286,3,22.695125071972353,720575941593188465,1899,Tier 3: Lower Priority
720575941564547479,1,6.896551724137906,6.896551724137931,2,0.0,1.0,81.0760667903525,1.4285714285714286,3,22.695125071972353,720575941564547479,1900,Tier 3: Lower Priority
720575941549329663,1,3.4482758620685856,3.4482758620689653,1,0.0,1.0,81.0760667903525,5.238095238095238,11,22.61302326573251,720575941549329663,1901,Tier 3: Lower Priority
720575941499744162,5,3.4482758620685856,3.4482758620689653,1,0.0,1.0,84.87940630797773,1.4285714285714286,3,22.611477192757867,720575941499744162,1902,Tier 3: Lower Priority
720575941723152698,5,3.4482758620685856,3.4482758620689653,1,0.0,1.0,84.87940630797773,1.4285714285714286,3,22.611477192757867,720575941723152698,1903,Tier 3: Lower Priority
720575941628730150,5,3.4482758620685856,3.4482758620689653,1,0.0,1.0,84.87940630797773,1.4285714285714286,3,22.611477192757867,720575941628730150,1904,Tier 3: Lower Priority
720575941561870592,5,3.4482758620685856,3.4482758620689653,1,0.0,1.0,84.87940630797773,1.4285714285714286,3,22.611477192757867,720575941561870592,1905,Tier 3: Lower Priority
720575941469657408,5,3.4482758620685856,3.4482758620689653,1,0.0,1.0,84.87940630797773,1.4285714285714286,3,22.611477192757867,720575941469657408,1906,Tier 3: Lower Priority
720575941562051752,5,3.4482758620685856,3.4482758620689653,1,0.0,1.0,84.87940630797773,1.4285714285714286,3,22.611477192757867,720575941562051752,1907,Tier 3: Lower Priority
720575941536248306,5,3.4482758620685856,3.4482758620689653,1,0.0,1.0,84.87940630797773,1.4285714285714286,3,22.611477192757867,720575941536248306,1908,Tier 3: Lower Priority
720575941490804656,1,6.896551724137906,6.896551724137931,2,0.0,1.0,81.0760667903525,0.9523809523809523,2,22.576077452924732,720575941490804656,1909,Tier 3: Lower Priority
720575941450576297,1,6.896551724137906,6.896551724137931,2,0.0,1.0,81.0760667903525,0.9523809523809523,2,22.576077452924732,720575941450576297,1910,Tier 3: Lower Priority
720575941540255357,1,6.896551724137906,6.896551724137931,2,0.0,1.0,81.0760667903525,0.9523809523809523,2,22.576077452924732,720575941540255357,1911,Tier 3: Lower Priority
720575941629727270,1,6.896551724137906,6.896551724137931,2,0.0,1.0,81.0760667903525,0.9523809523809523,2,22.576077452924732,720575941629727270,1912,Tier 3: Lower Priority
720575941557878287,1,6.896551724137906,6.896551724137931,2,0.0,1.0,81.0760667903525,0.9523809523809523,2,22.576077452924732,720575941557878287,1913,Tier 3: Lower Priority
720575941573388982,1,6.896551724137906,6.896551724137931,2,0.0,1.0,81.0760667903525,0.9523809523809523,2,22.576077452924732,720575941573388982,1914,Tier 3: Lower Priority
720575941526417540,1,6.896551724137906,6.896551724137931,2,0.0,1.0,81.0760667903525,0.9523809523809523,2,22.576077452924732,720575941526417540,1915,Tier 3: Lower Priority
720575941650696977,1,6.896551724137906,6.896551724137931,2,0.0,1.0,81.0760667903525,0.9523809523809523,2,22.576077452924732,720575941650696977,1916,Tier 3: Lower Priority
720575941537933042,1,6.896551724137906,6.896551724137931,2,0.0,1.0,81.0760667903525,0.9523809523809523,2,22.576077452924732,720575941537933042,1917,Tier 3: Lower Priority
720575941617646805,1,6.896551724137906,6.896551724137931,2,0.0,1.0,81.0760667903525,0.9523809523809523,2,22.576077452924732,720575941617646805,1918,Tier 3: Lower Priority
720575941623388524,1,6.896551724137906,6.896551724137931,2,0.0,1.0,81.0760667903525,0.9523809523809523,2,22.576077452924732,720575941623388524,1919,Tier 3: Lower Priority
720575941439870399,1,6.896551724137906,6.896551724137931,2,0.0,1.0,81.0760667903525,0.9523809523809523,2,22.576077452924732,720575941439870399,1920,Tier 3: Lower Priority
720575941593189489,5,3.4482758620685856,3.4482758620689653,1,0.0,1.0,84.87940630797773,0.9523809523809523,2,22.492429573710247,720575941593189489,1921,Tier 3: Lower Priority
720575941493443015,5,3.4482758620685856,3.4482758620689653,1,0.0,1.0,84.87940630797773,0.9523809523809523,2,22.492429573710247,720575941493443015,1922,Tier 3: Lower Priority
720575941536309141,5,3.4482758620685856,3.4482758620689653,1,0.0,1.0,84.87940630797773,0.9523809523809523,2,22.492429573710247,720575941536309141,1923,Tier 3: Lower Priority
720575941574452623,5,3.4482758620685856,3.4482758620689653,1,0.0,1.0,84.87940630797773,0.9523809523809523,2,22.492429573710247,720575941574452623,1924,Tier 3: Lower Priority
720575941433060622,5,3.4482758620685856,3.4482758620689653,1,0.0,1.0,84.87940630797773,0.9523809523809523,2,22.492429573710247,720575941433060622,1925,Tier 3: Lower Priority
720575941533747434,5,3.4482758620685856,3.4482758620689653,1,0.0,1.0,84.87940630797773,0.9523809523809523,2,22.492429573710247,720575941533747434,1926,Tier 3: Lower Priority
720575941567046644,5,3.4482758620685856,3.4482758620689653,1,0.0,1.0,84.87940630797773,0.9523809523809523,2,22.492429573710247,720575941567046644,1927,Tier 3: Lower Priority
720575941564123026,5,3.4482758620685856,3.4482758620689653,1,0.0,1.0,84.87940630797773,0.9523809523809523,2,22.492429573710247,720575941564123026,1928,Tier 3: Lower Priority
720575941530265035,5,3.4482758620685856,3.4482758620689653,1,0.0,1.0,84.87940630797773,0.9523809523809523,2,22.492429573710247,720575941530265035,1929,Tier 3: Lower Priority
720575941533758234,5,3.4482758620685856,3.4482758620689653,1,0.0,1.0,84.87940630797773,0.9523809523809523,2,22.492429573710247,720575941533758234,1930,Tier 3: Lower Priority
720575941553566180,5,3.4482758620685856,3.4482758620689653,1,0.0,1.0,84.87940630797773,0.9523809523809523,2,22.492429573710247,720575941553566180,1931,Tier 3: Lower Priority
720575941612643174,5,3.4482758620685856,3.4482758620689653,1,0.0,1.0,84.87940630797773,0.9523809523809523,2,22.492429573710247,720575941612643174,1932,Tier 3: Lower Priority
720575941455579885,5,3.4482758620685856,3.4482758620689653,1,0.0,1.0,84.87940630797773,0.9523809523809523,2,22.492429573710247,720575941455579885,1933,Tier 3: Lower Priority
720575941610492636,5,3.4482758620685856,3.4482758620689653,1,0.0,1.0,84.87940630797773,0.9523809523809523,2,22.492429573710247,720575941610492636,1934,Tier 3: Lower Priority
720575941428238840,5,3.4482758620685856,3.4482758620689653,1,0.0,1.0,84.87940630797773,0.9523809523809523,2,22.492429573710247,720575941428238840,1935,Tier 3: Lower Priority
720575941625372985,5,3.4482758620685856,3.4482758620689653,1,0.0,1.0,84.87940630797773,0.9523809523809523,2,22.492429573710247,720575941625372985,1936,Tier 3: Lower Priority
720575941565003062,1,6.896551724137906,6.896551724137931,2,0.0,1.0,81.0760667903525,0.47619047619047616,1,22.457029833877115,720575941565003062,1937,Tier 3: Lower Priority
720575941500898795,1,6.896551724137906,6.896551724137931,2,0.0,1.0,81.0760667903525,0.47619047619047616,1,22.457029833877115,720575941500898795,1938,Tier 3: Lower Priority
720575941529916645,1,6.896551724137906,6.896551724137931,2,0.0,1.0,81.0760667903525,0.47619047619047616,1,22.457029833877115,720575941529916645,1939,Tier 3: Lower Priority
720575941468268151,1,6.896551724137906,6.896551724137931,2,0.0,1.0,81.0760667903525,0.47619047619047616,1,22.457029833877115,720575941468268151,1940,Tier 3: Lower Priority
720575941722194234,1,6.896551724137906,6.896551724137931,2,0.0,1.0,81.0760667903525,0.47619047619047616,1,22.457029833877115,720575941722194234,1941,Tier 3: Lower Priority
720575941503420581,1,6.896551724137906,6.896551724137931,2,0.0,1.0,81.0760667903525,0.47619047619047616,1,22.457029833877115,720575941503420581,1942,Tier 3: Lower Priority
720575941478519631,1,6.896551724137906,6.896551724137931,2,0.0,1.0,81.0760667903525,0.47619047619047616,1,22.457029833877115,720575941478519631,1943,Tier 3: Lower Priority
720575941392743940,1,6.896551724137906,6.896551724137931,2,0.0,1.0,81.0760667903525,0.47619047619047616,1,22.457029833877115,720575941392743940,1944,Tier 3: Lower Priority
720575941549165823,1,6.896551724137906,6.896551724137931,2,0.0,1.0,81.0760667903525,0.47619047619047616,1,22.457029833877115,720575941549165823,1945,Tier 3: Lower Priority
720575941607558765,1,6.896551724137906,6.896551724137931,2,0.0,1.0,81.0760667903525,0.47619047619047616,1,22.457029833877115,720575941607558765,1946,Tier 3: Lower Priority
720575941545234356,1,6.896551724137906,6.896551724137931,2,0.0,1.0,81.0760667903525,0.47619047619047616,1,22.457029833877115,720575941545234356,1947,Tier 3: Lower Priority
720575941393490326,1,6.896551724137906,6.896551724137931,2,0.0,1.0,81.0760667903525,0.47619047619047616,1,22.457029833877115,720575941393490326,1948,Tier 3: Lower Priority
720575941687853019,1,6.896551724137906,6.896551724137931,2,0.0,1.0,81.0760667903525,0.47619047619047616,1,22.457029833877115,720575941687853019,1949,Tier 3: Lower Priority
720575941547901556,1,3.4482758620685856,3.4482758620689653,1,0.0,1.0,81.0760667903525,4.285714285714286,9,22.374928027637274,720575941547901556,1950,Tier 3: Lower Priority
720575941449481294,5,3.4482758620685856,3.4482758620689653,1,0.0,1.0,84.87940630797773,0.47619047619047616,1,22.37338195466263,720575941449481294,1951,Tier 3: Lower Priority
720575941446992565,5,3.4482758620685856,3.4482758620689653,1,0.0,1.0,84.87940630797773,0.47619047619047616,1,22.37338195466263,720575941446992565,1952,Tier 3: Lower Priority
720575941565290286,5,3.4482758620685856,3.4482758620689653,1,0.0,1.0,84.87940630797773,0.47619047619047616,1,22.37338195466263,720575941565290286,1953,Tier 3: Lower Priority
720575941525960217,5,3.4482758620685856,3.4482758620689653,1,0.0,1.0,84.87940630797773,0.47619047619047616,1,22.37338195466263,720575941525960217,1954,Tier 3: Lower Priority
720575941506220348,5,3.4482758620685856,3.4482758620689653,1,0.0,1.0,84.87940630797773,0.47619047619047616,1,22.37338195466263,720575941506220348,1955,Tier 3: Lower Priority
720575941524962585,5,3.4482758620685856,3.4482758620689653,1,0.0,1.0,84.87940630797773,0.47619047619047616,1,22.37338195466263,720575941524962585,1956,Tier 3: Lower Priority
720575941523066615,5,3.4482758620685856,3.4482758620689653,1,0.0,1.0,84.87940630797773,0.47619047619047616,1,22.37338195466263,720575941523066615,1957,Tier 3: Lower Priority
720575941518416238,5,3.4482758620685856,3.4482758620689653,1,0.0,1.0,84.87940630797773,0.47619047619047616,1,22.37338195466263,720575941518416238,1958,Tier 3: Lower Priority
720575941583270790,5,3.4482758620685856,3.4482758620689653,1,0.0,1.0,84.87940630797773,0.47619047619047616,1,22.37338195466263,720575941583270790,1959,Tier 3: Lower Priority
720575941516527726,5,3.4482758620685856,3.4482758620689653,1,0.0,1.0,84.87940630797773,0.47619047619047616,1,22.37338195466263,720575941516527726,1960,Tier 3: Lower Priority
720575941595969984,5,3.4482758620685856,3.4482758620689653,1,0.0,1.0,84.87940630797773,0.47619047619047616,1,22.37338195466263,720575941595969984,1961,Tier 3: Lower Priority
720575941458873796,5,3.4482758620685856,3.4482758620689653,1,0.0,1.0,84.87940630797773,0.47619047619047616,1,22.37338195466263,720575941458873796,1962,Tier 3: Lower Priority
720575941555478564,5,3.4482758620685856,3.4482758620689653,1,0.0,1.0,84.87940630797773,0.47619047619047616,1,22.37338195466263,720575941555478564,1963,Tier 3: Lower Priority
720575941483764621,5,3.4482758620685856,3.4482758620689653,1,0.0,1.0,84.87940630797773,0.47619047619047616,1,22.37338195466263,720575941483764621,1964,Tier 3: Lower Priority
720575941557507443,5,3.4482758620685856,3.4482758620689653,1,0.0,1.0,84.87940630797773,0.47619047619047616,1,22.37338195466263,720575941557507443,1965,Tier 3: Lower Priority
720575941628554466,5,3.4482758620685856,3.4482758620689653,1,0.0,1.0,84.87940630797773,0.47619047619047616,1,22.37338195466263,720575941628554466,1966,Tier 3: Lower Priority
720575941641495634,5,3.4482758620685856,3.4482758620689653,1,0.0,1.0,84.87940630797773,0.47619047619047616,1,22.37338195466263,720575941641495634,1967,Tier 3: Lower Priority
720575941562338823,5,3.4482758620685856,3.4482758620689653,1,0.0,1.0,84.87940630797773,0.47619047619047616,1,22.37338195466263,720575941562338823,1968,Tier 3: Lower Priority
720575941561210024,5,3.4482758620685856,3.4482758620689653,1,0.0,1.0,84.87940630797773,0.47619047619047616,1,22.37338195466263,720575941561210024,1969,Tier 3: Lower Priority
720575941457935263,5,3.4482758620685856,3.4482758620689653,1,0.0,1.0,84.87940630797773,0.47619047619047616,1,22.37338195466263,720575941457935263,1970,Tier 3: Lower Priority
720575941477856130,5,3.4482758620685856,3.4482758620689653,1,0.0,1.0,84.87940630797773,0.47619047619047616,1,22.37338195466263,720575941477856130,1971,Tier 3: Lower Priority
720575941563971382,5,3.4482758620685856,3.4482758620689653,1,0.0,1.0,84.87940630797773,0.47619047619047616,1,22.37338195466263,720575941563971382,1972,Tier 3: Lower Priority
720575941495642752,5,3.4482758620685856,3.4482758620689653,1,0.0,1.0,84.87940630797773,0.47619047619047616,1,22.37338195466263,720575941495642752,1973,Tier 3: Lower Priority
720575941553476250,5,3.4482758620685856,3.4482758620689653,1,0.0,1.0,84.87940630797773,0.47619047619047616,1,22.37338195466263,720575941553476250,1974,Tier 3: Lower Priority
720575941476443956,5,3.4482758620685856,3.4482758620689653,1,0.0,1.0,84.87940630797773,0.47619047619047616,1,22.37338195466263,720575941476443956,1975,Tier 3: Lower Priority
720575941661308472,1,6.896551724137906,6.896551724137931,2,0.0,1.0,81.0760667903525,0.0,0,22.337982214829495,720575941661308472,1976,Tier 3: Lower Priority
720575941508359634,1,6.896551724137906,6.896551724137931,2,0.0,1.0,81.0760667903525,0.0,0,22.337982214829495,720575941508359634,1977,Tier 3: Lower Priority
720575941523190859,1,6.896551724137906,6.896551724137931,2,0.0,1.0,81.0760667903525,0.0,0,22.337982214829495,720575941523190859,1978,Tier 3: Lower Priority
720575941552472065,1,6.896551724137906,6.896551724137931,2,0.0,1.0,81.0760667903525,0.0,0,22.337982214829495,720575941552472065,1979,Tier 3: Lower Priority
720575941551622023,1,6.896551724137906,6.896551724137931,2,0.0,1.0,81.0760667903525,0.0,0,22.337982214829495,720575941551622023,1980,Tier 3: Lower Priority
720575941478478927,1,6.896551724137906,6.896551724137931,2,0.0,1.0,81.0760667903525,0.0,0,22.337982214829495,720575941478478927,1981,Tier 3: Lower Priority
720575941409939055,1,6.896551724137906,6.896551724137931,2,0.0,1.0,81.0760667903525,0.0,0,22.337982214829495,720575941409939055,1982,Tier 3: Lower Priority
720575941479189443,1,6.896551724137906,6.896551724137931,2,0.0,1.0,81.0760667903525,0.0,0,22.337982214829495,720575941479189443,1983,Tier 3: Lower Priority
720575941392423830,1,6.896551724137906,6.896551724137931,2,0.0,1.0,81.0760667903525,0.0,0,22.337982214829495,720575941392423830,1984,Tier 3: Lower Priority
720575941569471390,1,6.896551724137906,6.896551724137931,2,0.0,1.0,81.0760667903525,0.0,0,22.337982214829495,720575941569471390,1985,Tier 3: Lower Priority
720575941608410698,1,6.896551724137906,6.896551724137931,2,0.0,1.0,81.0760667903525,0.0,0,22.337982214829495,720575941608410698,1986,Tier 3: Lower Priority
720575941688135064,1,6.896551724137906,6.896551724137931,2,0.0,1.0,81.0760667903525,0.0,0,22.337982214829495,720575941688135064,1987,Tier 3: Lower Priority
720575941545281928,1,6.896551724137906,6.896551724137931,2,0.0,1.0,81.0760667903525,0.0,0,22.337982214829495,720575941545281928,1988,Tier 3: Lower Priority
720575941533768474,1,6.896551724137906,6.896551724137931,2,0.0,1.0,81.0760667903525,0.0,0,22.337982214829495,720575941533768474,1989,Tier 3: Lower Priority
720575941557556974,1,6.896551724137906,6.896551724137931,2,0.0,1.0,81.0760667903525,0.0,0,22.337982214829495,720575941557556974,1990,Tier 3: Lower Priority
720575941488531662,1,6.896551724137906,6.896551724137931,2,0.0,1.0,81.0760667903525,0.0,0,22.337982214829495,720575941488531662,1991,Tier 3: Lower Priority
720575941537925106,1,6.896551724137906,6.896551724137931,2,0.0,1.0,81.0760667903525,0.0,0,22.337982214829495,720575941537925106,1992,Tier 3: Lower Priority
720575941404724848,1,6.896551724137906,6.896551724137931,2,0.0,1.0,81.0760667903525,0.0,0,22.337982214829495,720575941404724848,1993,Tier 3: Lower Priority
720575941535749859,1,6.896551724137906,6.896551724137931,2,0.0,1.0,81.0760667903525,0.0,0,22.337982214829495,720575941535749859,1994,Tier 3: Lower Priority
720575941459562640,1,6.896551724137906,6.896551724137931,2,0.0,1.0,81.0760667903525,0.0,0,22.337982214829495,720575941459562640,1995,Tier 3: Lower Priority
720575941565251374,1,6.896551724137906,6.896551724137931,2,0.0,1.0,81.0760667903525,0.0,0,22.337982214829495,720575941565251374,1996,Tier 3: Lower Priority
720575941533802266,1,6.896551724137906,6.896551724137931,2,0.0,1.0,81.0760667903525,0.0,0,22.337982214829495,720575941533802266,1997,Tier 3: Lower Priority
720575941483838349,1,3.4482758620685856,3.4482758620689653,1,0.0,1.0,81.0760667903525,3.8095238095238093,8,22.255880408589654,720575941483838349,1998,Tier 3: Lower Priority
720575941622232828,1,3.4482758620685856,3.4482758620689653,1,0.0,1.0,81.0760667903525,3.8095238095238093,8,22.255880408589654,720575941622232828,1999,Tier 3: Lower Priority
720575941413930641,5,3.4482758620685856,3.4482758620689653,1,0.0,1.0,84.87940630797773,0.0,0,22.25433433561501,720575941413930641,2000,Tier 3: Lower Priority
720575941430906721,5,3.4482758620685856,3.4482758620689653,1,0.0,1.0,84.87940630797773,0.0,0,22.25433433561501,720575941430906721,2001,Tier 3: Lower Priority
720575941350374960,5,3.4482758620685856,3.4482758620689653,1,0.0,1.0,84.87940630797773,0.0,0,22.25433433561501,720575941350374960,2002,Tier 3: Lower Priority
720575941445351444,5,3.4482758620685856,3.4482758620689653,1,0.0,1.0,84.87940630797773,0.0,0,22.25433433561501,720575941445351444,2003,Tier 3: Lower Priority
720575941549297919,5,3.4482758620685856,3.4482758620689653,1,0.0,1.0,84.87940630797773,0.0,0,22.25433433561501,720575941549297919,2004,Tier 3: Lower Priority
720575941608855785,5,3.4482758620685856,3.4482758620689653,1,0.0,1.0,84.87940630797773,0.0,0,22.25433433561501,720575941608855785,2005,Tier 3: Lower Priority
720575941580626041,5,3.4482758620685856,3.4482758620689653,1,0.0,1.0,84.87940630797773,0.0,0,22.25433433561501,720575941580626041,2006,Tier 3: Lower Priority
720575941495131079,5,3.4482758620685856,3.4482758620689653,1,0.0,1.0,84.87940630797773,0.0,0,22.25433433561501,720575941495131079,2007,Tier 3: Lower Priority
720575941625319225,5,3.4482758620685856,3.4482758620689653,1,0.0,1.0,84.87940630797773,0.0,0,22.25433433561501,720575941625319225,2008,Tier 3: Lower Priority
720575941552299521,5,3.4482758620685856,3.4482758620689653,1,0.0,1.0,84.87940630797773,0.0,0,22.25433433561501,720575941552299521,2009,Tier 3: Lower Priority
720575941584194270,5,3.4482758620685856,3.4482758620689653,1,0.0,1.0,84.87940630797773,0.0,0,22.25433433561501,720575941584194270,2010,Tier 3: Lower Priority
720575941543569257,5,3.4482758620685856,3.4482758620689653,1,0.0,1.0,84.87940630797773,0.0,0,22.25433433561501,720575941543569257,2011,Tier 3: Lower Priority
720575941481892035,5,3.4482758620685856,3.4482758620689653,1,0.0,1.0,84.87940630797773,0.0,0,22.25433433561501,720575941481892035,2012,Tier 3: Lower Priority
720575941614385817,5,3.4482758620685856,3.4482758620689653,1,0.0,1.0,84.87940630797773,0.0,0,22.25433433561501,720575941614385817,2013,Tier 3: Lower Priority
720575941543468137,5,3.4482758620685856,3.4482758620689653,1,0.0,1.0,84.87940630797773,0.0,0,22.25433433561501,720575941543468137,2014,Tier 3: Lower Priority
720575941599450921,5,3.4482758620685856,3.4482758620689653,1,0.0,1.0,84.87940630797773,0.0,0,22.25433433561501,720575941599450921,2015,Tier 3: Lower Priority
720575941518419895,5,3.4482758620685856,3.4482758620689653,1,0.0,1.0,84.87940630797773,0.0,0,22.25433433561501,720575941518419895,2016,Tier 3: Lower Priority
720575941610008138,5,3.4482758620685856,3.4482758620689653,1,0.0,1.0,84.87940630797773,0.0,0,22.25433433561501,720575941610008138,2017,Tier 3: Lower Priority
720575941655860504,5,3.4482758620685856,3.4482758620689653,1,0.0,1.0,84.87940630797773,0.0,0,22.25433433561501,720575941655860504,2018,Tier 3: Lower Priority
720575941559274867,5,3.4482758620685856,3.4482758620689653,1,0.0,1.0,84.87940630797773,0.0,0,22.25433433561501,720575941559274867,2019,Tier 3: Lower Priority
720575941490803888,5,3.4482758620685856,3.4482758620689653,1,0.0,1.0,84.87940630797773,0.0,0,22.25433433561501,720575941490803888,2020,Tier 3: Lower Priority
720575941481030586,5,3.4482758620685856,3.4482758620689653,1,0.0,1.0,84.87940630797773,0.0,0,22.25433433561501,720575941481030586,2021,Tier 3: Lower Priority
720575941562055080,5,3.4482758620685856,3.4482758620689653,1,0.0,1.0,84.87940630797773,0.0,0,22.25433433561501,720575941562055080,2022,Tier 3: Lower Priority
720575941569736606,5,3.4482758620685856,3.4482758620689653,1,0.0,1.0,84.87940630797773,0.0,0,22.25433433561501,720575941569736606,2023,Tier 3: Lower Priority
720575941450080071,5,3.4482758620685856,3.4482758620689653,1,0.0,1.0,84.87940630797773,0.0,0,22.25433433561501,720575941450080071,2024,Tier 3: Lower Priority
720575941566827258,5,3.4482758620685856,3.4482758620689653,1,0.0,1.0,84.87940630797773,0.0,0,22.25433433561501,720575941566827258,2025,Tier 3: Lower Priority
720575941464839446,5,3.4482758620685856,3.4482758620689653,1,0.0,1.0,84.87940630797773,0.0,0,22.25433433561501,720575941464839446,2026,Tier 3: Lower Priority
720575941464860950,5,3.4482758620685856,3.4482758620689653,1,0.0,1.0,84.87940630797773,0.0,0,22.25433433561501,720575941464860950,2027,Tier 3: Lower Priority
720575941466417686,5,3.4482758620685856,3.4482758620689653,1,0.0,1.0,84.87940630797773,0.0,0,22.25433433561501,720575941466417686,2028,Tier 3: Lower Priority
720575941566777338,5,3.4482758620685856,3.4482758620689653,1,0.0,1.0,84.87940630797773,0.0,0,22.25433433561501,720575941566777338,2029,Tier 3: Lower Priority
720575941472661307,5,3.4482758620685856,3.4482758620689653,1,0.0,1.0,84.87940630797773,0.0,0,22.25433433561501,720575941472661307,2030,Tier 3: Lower Priority
720575941475116830,5,3.4482758620685856,3.4482758620689653,1,0.0,1.0,84.87940630797773,0.0,0,22.25433433561501,720575941475116830,2031,Tier 3: Lower Priority
720575941476452458,5,3.4482758620685856,3.4482758620689653,1,0.0,1.0,84.87940630797773,0.0,0,22.25433433561501,720575941476452458,2032,Tier 3: Lower Priority
720575941477147678,5,3.4482758620685856,3.4482758620689653,1,0.0,1.0,84.87940630797773,0.0,0,22.25433433561501,720575941477147678,2033,Tier 3: Lower Priority
720575941477335092,5,3.4482758620685856,3.4482758620689653,1,0.0,1.0,84.87940630797773,0.0,0,22.25433433561501,720575941477335092,2034,Tier 3: Lower Priority
720575941605013950,5,3.4482758620685856,3.4482758620689653,1,0.0,1.0,84.87940630797773,0.0,0,22.25433433561501,720575941605013950,2035,Tier 3: Lower Priority
720575941681021885,1,3.4482758620685856,3.4482758620689653,1,0.0,1.0,81.0760667903525,3.3333333333333335,7,22.136832789542034,720575941681021885,2036,Tier 3: Lower Priority
720575941579815669,1,3.4482758620685856,3.4482758620689653,1,0.0,1.0,81.0760667903525,3.3333333333333335,7,22.136832789542034,720575941579815669,2037,Tier 3: Lower Priority
720575941501892546,1,3.4482758620685856,3.4482758620689653,1,0.0,1.0,81.0760667903525,2.857142857142857,6,22.017785170494417,720575941501892546,2038,Tier 3: Lower Priority
720575941700494042,1,3.4482758620685856,3.4482758620689653,1,0.0,1.0,81.0760667903525,2.857142857142857,6,22.017785170494417,720575941700494042,2039,Tier 3: Lower Priority
720575941574672029,1,3.4482758620685856,3.4482758620689653,1,0.0,1.0,81.0760667903525,2.857142857142857,6,22.017785170494417,720575941574672029,2040,Tier 3: Lower Priority
720575941625962139,1,3.4482758620685856,3.4482758620689653,1,0.0,1.0,81.0760667903525,2.380952380952381,5,21.898737551446796,720575941625962139,2041,Tier 3: Lower Priority
720575941578709493,1,3.4482758620685856,3.4482758620689653,1,0.0,1.0,81.0760667903525,1.9047619047619047,4,21.779689932399176,720575941578709493,2042,Tier 3: Lower Priority
720575941579219321,1,3.4482758620685856,3.4482758620689653,1,0.0,1.0,81.0760667903525,1.9047619047619047,4,21.779689932399176,720575941579219321,2043,Tier 3: Lower Priority
720575941521071543,1,3.4482758620685856,3.4482758620689653,1,0.0,1.0,81.0760667903525,1.9047619047619047,4,21.779689932399176,720575941521071543,2044,Tier 3: Lower Priority
720575941459114451,1,3.4482758620685856,3.4482758620689653,1,0.0,1.0,81.0760667903525,1.9047619047619047,4,21.779689932399176,720575941459114451,2045,Tier 3: Lower Priority
720575941483841090,1,3.4482758620685856,3.4482758620689653,1,0.0,1.0,81.0760667903525,1.9047619047619047,4,21.779689932399176,720575941483841090,2046,Tier 3: Lower Priority
720575941614802389,1,3.4482758620685856,3.4482758620689653,1,0.0,1.0,81.0760667903525,1.9047619047619047,4,21.779689932399176,720575941614802389,2047,Tier 3: Lower Priority
720575941493955710,1,3.4482758620685856,3.4482758620689653,1,0.0,1.0,81.0760667903525,1.9047619047619047,4,21.779689932399176,720575941493955710,2048,Tier 3: Lower Priority
720575941460225936,1,3.4482758620685856,3.4482758620689653,1,0.0,1.0,81.0760667903525,1.9047619047619047,4,21.779689932399176,720575941460225936,2049,Tier 3: Lower Priority
720575941513125881,1,3.4482758620685856,3.4482758620689653,1,0.0,1.0,81.0760667903525,1.4285714285714286,3,21.66064231335156,720575941513125881,2050,Tier 3: Lower Priority
720575941489322805,1,3.4482758620685856,3.4482758620689653,1,0.0,1.0,81.0760667903525,1.4285714285714286,3,21.66064231335156,720575941489322805,2051,Tier 3: Lower Priority
720575941518339767,1,3.4482758620685856,3.4482758620689653,1,0.0,1.0,81.0760667903525,1.4285714285714286,3,21.66064231335156,720575941518339767,2052,Tier 3: Lower Priority
720575941534118322,1,3.4482758620685856,3.4482758620689653,1,0.0,1.0,81.0760667903525,1.4285714285714286,3,21.66064231335156,720575941534118322,2053,Tier 3: Lower Priority
720575941449187450,1,3.4482758620685856,3.4482758620689653,1,0.0,1.0,81.0760667903525,1.4285714285714286,3,21.66064231335156,720575941449187450,2054,Tier 3: Lower Priority
720575941558589229,1,3.4482758620685856,3.4482758620689653,1,0.0,1.0,81.0760667903525,1.4285714285714286,3,21.66064231335156,720575941558589229,2055,Tier 3: Lower Priority
720575941700629722,1,3.4482758620685856,3.4482758620689653,1,0.0,1.0,81.0760667903525,1.4285714285714286,3,21.66064231335156,720575941700629722,2056,Tier 3: Lower Priority
720575941523983618,1,3.4482758620685856,3.4482758620689653,1,0.0,1.0,81.0760667903525,0.9523809523809523,2,21.54159469430394,720575941523983618,2057,Tier 3: Lower Priority
720575941549753150,1,3.4482758620685856,3.4482758620689653,1,0.0,1.0,81.0760667903525,0.9523809523809523,2,21.54159469430394,720575941549753150,2058,Tier 3: Lower Priority
720575941503526891,1,3.4482758620685856,3.4482758620689653,1,0.0,1.0,81.0760667903525,0.9523809523809523,2,21.54159469430394,720575941503526891,2059,Tier 3: Lower Priority
720575941572273417,1,3.4482758620685856,3.4482758620689653,1,0.0,1.0,81.0760667903525,0.9523809523809523,2,21.54159469430394,720575941572273417,2060,Tier 3: Lower Priority
720575941602811577,1,3.4482758620685856,3.4482758620689653,1,0.0,1.0,81.0760667903525,0.9523809523809523,2,21.54159469430394,720575941602811577,2061,Tier 3: Lower Priority
720575941570324126,1,3.4482758620685856,3.4482758620689653,1,0.0,1.0,81.0760667903525,0.9523809523809523,2,21.54159469430394,720575941570324126,2062,Tier 3: Lower Priority
720575941568390138,1,3.4482758620685856,3.4482758620689653,1,0.0,1.0,81.0760667903525,0.47619047619047616,1,21.422547075256322,720575941568390138,2063,Tier 3: Lower Priority
720575941565243950,1,3.4482758620685856,3.4482758620689653,1,0.0,1.0,81.0760667903525,0.47619047619047616,1,21.422547075256322,720575941565243950,2064,Tier 3: Lower Priority
720575941552761939,1,3.4482758620685856,3.4482758620689653,1,0.0,1.0,81.0760667903525,0.47619047619047616,1,21.422547075256322,720575941552761939,2065,Tier 3: Lower Priority
720575941587396151,1,3.4482758620685856,3.4482758620689653,1,0.0,1.0,81.0760667903525,0.47619047619047616,1,21.422547075256322,720575941587396151,2066,Tier 3: Lower Priority
720575941468960576,1,3.4482758620685856,3.4482758620689653,1,0.0,1.0,81.0760667903525,0.47619047619047616,1,21.422547075256322,720575941468960576,2067,Tier 3: Lower Priority
720575941543586409,1,3.4482758620685856,3.4482758620689653,1,0.0,1.0,81.0760667903525,0.47619047619047616,1,21.422547075256322,720575941543586409,2068,Tier 3: Lower Priority
720575941626753318,1,3.4482758620685856,3.4482758620689653,1,0.0,1.0,81.0760667903525,0.47619047619047616,1,21.422547075256322,720575941626753318,2069,Tier 3: Lower Priority
720575941517484142,1,3.4482758620685856,3.4482758620689653,1,0.0,1.0,81.0760667903525,0.47619047619047616,1,21.422547075256322,720575941517484142,2070,Tier 3: Lower Priority
720575941475773290,1,3.4482758620685856,3.4482758620689653,1,0.0,1.0,81.0760667903525,0.47619047619047616,1,21.422547075256322,720575941475773290,2071,Tier 3: Lower Priority
720575941524396057,1,3.4482758620685856,3.4482758620689653,1,0.0,1.0,81.0760667903525,0.0,0,21.3034994562087,720575941524396057,2072,Tier 3: Lower Priority
720575941494565831,1,3.4482758620685856,3.4482758620689653,1,0.0,1.0,81.0760667903525,0.0,0,21.3034994562087,720575941494565831,2073,Tier 3: Lower Priority
720575941431011681,1,3.4482758620685856,3.4482758620689653,1,0.0,1.0,81.0760667903525,0.0,0,21.3034994562087,720575941431011681,2074,Tier 3: Lower Priority
720575941624561772,1,3.4482758620685856,3.4482758620689653,1,0.0,1.0,81.0760667903525,0.0,0,21.3034994562087,720575941624561772,2075,Tier 3: Lower Priority
720575941498379337,1,3.4482758620685856,3.4482758620689653,1,0.0,1.0,81.0760667903525,0.0,0,21.3034994562087,720575941498379337,2076,Tier 3: Lower Priority
720575941545334408,1,3.4482758620685856,3.4482758620689653,1,0.0,1.0,81.0760667903525,0.0,0,21.3034994562087,720575941545334408,2077,Tier 3: Lower Priority
720575941541473628,1,3.4482758620685856,3.4482758620689653,1,0.0,1.0,81.0760667903525,0.0,0,21.3034994562087,720575941541473628,2078,Tier 3: Lower Priority
720575941526404996,1,3.4482758620685856,3.4482758620689653,1,0.0,1.0,81.0760667903525,0.0,0,21.3034994562087,720575941526404996,2079,Tier 3: Lower Priority
720575941554877924,1,3.4482758620685856,3.4482758620689653,1,0.0,1.0,81.0760667903525,0.0,0,21.3034994562087,720575941554877924,2080,Tier 3: Lower Priority
