group_id,neuron_1,neuron_2,similarity,group_size
0,720575941390313988,7.205759415515982e+17,0.9577382093984569,2
1,720575941390634134,7.20575941496977e+17,0.9616008046704747,2
2,720575941393490326,7.20575941608862e+17,0.978573579151679,2
3,720575941399253283,7.205759415572941e+17,0.9545582906650443,2
4,720575941402032240,7.205759415941604e+17,0.9780555890389704,2
5,720575941405843759,7.205759416310149e+17,0.9603654139306079,2
6,720575941405868462,7.205759415489239e+17,0.9834969507975847,2
7,720575941405878446,7.205759416234548e+17,0.960965829152138,2
8,720575941405895342,7.205759416864748e+17,0.9915574213744037,2
9,720575941407794862,7.205759415852973e+17,0.973384100148162,2
10,720575941407795118,7.2057594151562e+17,0.9761906737869575,2
11,720575941408442542,7.205759415622099e+17,0.9540710605771241,2
12,720575941408480683,7.205759416233496e+17,0.9643612674743406,2
13,720575941409796975,7.205759415642794e+17,0.9507775422227189,2
14,720575941409918831,7.205759415958971e+17,0.9853004239006452,2
15,720575941410031983,7.205759415620073e+17,0.9667926699829696,2
16,720575941411677073,7.205759414560417e+17,0.9702580562493539,2
17,720575941413308561,7.205759415241875e+17,0.9564125359062502,2
18,720575941413837084,7.205759415339862e+17,0.9664562715371248,2
19,720575941413917724,7.205759416613007e+17,0.9739430036677127,2
20,720575941414253457,7.205759416869635e+17,0.9549476674395033,2
21,720575941414258065,7.205759414838304e+17,0.9513986660930884,2
22,720575941414483348,7.205759414322644e+17,0.9693565963846645,2
23,720575941414919569,7.20575941652544e+17,0.9655994243485727,2
24,720575941425022548,7.20575941585936e+17,0.9548094462717966,2
25,720575941425044820,7.205759415337915e+17,0.9702278563904283,2
26,720575941428263672,7.205759414608963e+17,0.9615276123147241,2
27,720575941428263928,7.205759415129755e+17,0.9828028101802423,2
28,720575941428403081,7.205759415873147e+17,0.9920106113466413,2
29,720575941429231969,7.205759414608963e+17,0.9695177019251173,2
30,720575941430294703,7.205759415645303e+17,0.9603090201628816,2
31,720575941431019105,7.205759416453123e+17,0.9628902393884533,2
32,720575941431155671,7.205759415533897e+17,0.9508265483931252,2
33,720575941431166679,7.205759415614204e+17,0.9546874867400323,2
34,720575941431628129,7.205759416320916e+17,0.9621947351570314,2
35,720575941431789999,7.205759416849283e+17,0.9860042177140722,2
36,720575941431877217,7.205759415127791e+17,0.9932862901989403,2
37,720575941431930721,7.205759414436369e+17,0.9537873591645215,2
38,720575941433406752,7.205759414387483e+17,0.9599496052808584,2
39,720575941435725100,7.20575941552621e+17,0.9592359471896993,2
40,720575941435780114,7.205759416562528e+17,0.9529645532227513,2
41,720575941436692543,7.20575941506217e+17,0.9507090889869427,2
42,720575941436693536,7.205759414843794e+17,0.957893918829532,2
43,720575941436828639,7.205759415741903e+17,0.9567468873238633,2
44,720575941436862527,7.205759414530792e+17,0.9790940959064282,2
45,720575941437520607,7.205759415720941e+17,0.9614009783597083,2
46,720575941437526869,7.205759415931895e+17,0.9771005204204439,2
47,720575941437603669,7.205759415516328e+17,0.9623715679564039,2
48,720575941438373420,7.205759414478098e+17,0.9840180418796491,2
49,720575941438414610,7.205759416426921e+17,0.9598285326466076,2
50,720575941438421292,7.205759416233292e+17,0.9715788824534436,2
51,720575941438456594,7.205759414403419e+17,0.9680308553195218,2
52,720575941438631871,7.205759414689505e+17,0.9718631961839258,2
53,720575941438710719,7.205759414923542e+17,0.9531630426682374,2
54,720575941438729919,7.205759416056027e+17,0.9579780041490813,2
55,720575941438935131,7.205759414334067e+17,0.9560791178949117,2
56,720575941439120591,7.205759415397206e+17,0.9689190217722551,2
57,720575941441245631,7.205759414956627e+17,0.9573699091312682,2
58,720575941441276607,7.205759415240403e+17,0.9618299806208603,2
59,720575941441573467,7.205759415619635e+17,0.9865002058521807,2
60,720575941443858602,7.205759415132306e+17,0.9691357579835133,2
61,720575941445229332,7.205759414963502e+17,0.9571031741481382,2
62,720575941445311658,7.205759414376037e+17,0.9588542996163683,2
63,720575941445843476,7.205759415335944e+17,0.963718394903329,2
64,720575941445843732,7.20575941477333e+17,0.9760487968678273,2
65,720575941447423837,7.205759415009951e+17,0.9602776372552396,2
66,720575941447776020,7.205759415083059e+17,0.9559328142219123,2
67,720575941447842894,7.20575941513207e+17,0.9816156480593525,2
68,720575941448323509,7.205759416101165e+17,0.9697098790426053,2
69,720575941449276538,7.205759416233619e+17,0.9562156831399955,2
70,720575941449454414,7.205759415899729e+17,0.988041349120676,2
71,720575941449752910,7.205759415527996e+17,0.9766183668269731,2
72,720575941450101319,7.205759414743314e+17,0.9866505140254304,2
73,720575941450477225,7.205759415018486e+17,0.9622392834598129,2
74,720575941451701831,7.205759415535373e+17,0.964274323793207,2
75,720575941452198707,7.205759414793693e+17,0.9838420511816108,2
76,720575941452199475,7.205759414521987e+17,0.9814899243672427,2
77,720575941453578409,7.20575941447843e+17,0.9654644931853102,2
78,720575941453919539,7.205759415241896e+17,0.961966949193972,2
79,720575941453936365,7.205759416686194e+17,0.9588248446109943,2
80,720575941456024304,7.205759415125265e+17,0.9875336930610751,2
81,720575941456063472,7.205759415114171e+17,0.9949675939685274,2
82,720575941456262559,7.205759415615538e+17,0.9759761222632495,2
83,720575941456315039,7.205759416228982e+17,0.952526327234594,2
84,720575941456317087,7.20575941661314e+17,0.9761462075250026,2
85,720575941456340895,7.205759415534792e+17,0.9600157538865544,2
86,720575941456660717,7.205759415728721e+17,0.9586610911126805,2
87,720575941457073478,7.205759414887329e+17,0.9607448101426542,2
88,720575941457430431,7.205759416879713e+17,0.9887747557234676,2
89,720575941457499039,7.205759415215871e+17,0.9772253935697742,2
90,720575941457979039,7.205759415168421e+17,0.9631344675663565,2
91,720575941457981855,7.205759416525673e+17,0.9718546456695796,2
92,720575941458362835,7.20575941547231e+17,0.9765158848692883,2
93,720575941458437843,7.20575941687464e+17,0.9630059037283674,2
94,720575941458960580,7.205759416012564e+17,0.9763872155588399,2
95,720575941458968260,7.205759416324188e+17,0.9857357031502949,2
96,720575941459313478,7.205759414711648e+17,0.9554875714218746,2
97,720575941459514512,7.205759415362943e+17,0.9544681363748121,2
98,720575941460235152,7.205759415540493e+17,0.9754987994762117,2
99,720575941461076493,7.205759414744596e+17,0.9604366126730636,2
100,720575941464698646,7.205759415533114e+17,0.9527171240918794,2
101,720575941464921110,7.205759414560243e+17,0.9552136841494653,2
102,720575941464924694,7.205759415488461e+17,0.974170204532857,2
103,720575941464944918,7.205759415720352e+17,0.9703857820805762,2
104,720575941465476886,7.205759415347469e+17,0.9545261116275756,2
105,720575941466447894,7.2057594157347e+17,0.9652199761088811,2
106,720575941467590166,7.205759414749841e+17,0.9776707478143942,2
107,720575941468245879,7.205759415534792e+17,0.9566552384995894,2
108,720575941468693515,7.205759415640099e+17,0.9621727579789883,2
109,720575941468697355,7.205759416056001e+17,0.9585638337505212,2
110,720575941468700381,7.20575941591267e+17,0.9591734162713161,2
111,720575941468725259,7.205759417299802e+17,0.9805557603830092,2
112,720575941468914496,7.205759414885484e+17,0.9650207043092672,2
113,720575941469045824,7.205759415732556e+17,0.962371938928432,2
114,720575941469047104,7.205759415925627e+17,0.9550696035719618,2
115,720575941469677021,7.205759414759506e+17,0.9802930758419364,2
116,720575941470111863,7.205759415018486e+17,0.9658274314341088,2
117,720575941471878720,7.205759415488964e+17,0.9574303651128546,2
118,720575941471932224,7.20575941474742e+17,0.9726554382679835,2
119,720575941472090922,7.205759416148168e+17,0.953019003593822,2
120,720575941473178208,7.205759415633636e+17,0.9532393619712008,2
121,720575941474413873,7.205759415467277e+17,0.9800417906418307,2
122,720575941474447134,7.205759416251703e+17,0.9616843697691791,2
123,720575941474786625,7.205759414790989e+17,0.9580782936038154,2
124,720575941474893121,7.205759415243489e+17,0.9552747267512052,2
125,720575941475729258,7.205759416497951e+17,0.9500763023206384,2
126,720575941475751018,7.205759415575411e+17,0.9728489487895675,2
127,720575941476518977,7.205759415479016e+17,0.961518928112483,2
128,720575941476998193,7.205759415299213e+17,0.9694547513724131,2
129,720575941477159454,7.205759414058953e+17,0.9806442076234559,2
130,720575941477190174,7.205759414386318e+17,0.9616764038071415,2
131,720575941477297716,7.20575941525726e+17,0.9719788974325853,2
132,720575941477350452,7.205759416424124e+17,0.9543856644613156,2
133,720575941477415473,7.205759415002638e+17,0.9645938238180295,2
134,720575941477553376,7.205759416180084e+17,0.9543605230968867,2
135,720575941477561568,7.205759415525855e+17,0.9635408552269822,2
136,720575941477943426,7.205759416216251e+17,0.9507700752716438,2
137,720575941478119331,7.20575941547231e+17,0.9750833865192701,2
138,720575941478288864,7.205759415492695e+17,0.9724555708651681,2
139,720575941478488143,7.20575941489037e+17,0.9672546467347667,2
140,720575941479243459,7.20575941512644e+17,0.9549221929331434,2
141,720575941480070223,7.205759415921667e+17,0.9501903667671894,2
142,720575941480925891,7.205759415750826e+17,0.9653757713382124,2
143,720575941480931011,7.205759415668951e+17,0.9571161369664578,2
144,720575941481036797,7.205759415377192e+17,0.9540539773244613,2
145,720575941481972931,7.205759415517133e+17,0.9822827974174582,2
146,720575941481979075,7.205759415114071e+17,0.9688819669883867,2
147,720575941482927814,7.205759415114171e+17,0.9950336248223965,2
148,720575941484663558,7.205759414077951e+17,0.9662375096519226,2
149,720575941485135426,7.2057594161492e+17,0.9752047764088901,2
150,720575941485190352,7.205759416425224e+17,0.9688344372248987,2
151,720575941485422221,7.205759414994477e+17,0.9566271748608722,2
152,720575941485775110,7.205759415307872e+17,0.9709507756505887,2
153,720575941486089538,7.205759415058351e+17,0.9567637748153782,2
154,720575941486128269,7.205759416520573e+17,0.9660506214745237,2
155,720575941486871248,7.205759416424124e+17,0.9729143092050384,2
156,720575941486873808,7.205759414608963e+17,0.985903628493985,2
157,720575941487910608,7.205759415640346e+17,0.9706172739584653,2
158,720575941488278480,7.205759416584159e+17,0.9780005091803343,2
159,720575941488580814,7.205759415525422e+17,0.969941773802873,2
160,720575941489316149,7.205759416529879e+17,0.963061251158032,2
161,720575941489763017,7.205759416093741e+17,0.9537803492502093,2
162,720575941489819081,7.205759416326735e+17,0.966725248211959,2
163,720575941492308606,7.205759415572941e+17,0.9566293470787884,2
164,720575941492332158,7.20575941629398e+17,0.9896622452860808,2
165,720575941492375527,7.205759416525468e+17,0.9736372012102555,2
166,720575941493443015,7.205759415337475e+17,0.9840217837659646,2
167,720575941493946238,7.205759415492695e+17,0.97257920764459,2
168,720575941494151552,7.205759416105779e+17,0.9587088144498359,2
169,720575941494969726,7.205759416233281e+17,0.974358043222046,2
170,720575941495093447,7.205759416089702e+17,0.9591755745958637,2
171,720575941495663488,7.205759415145576e+17,0.9597585193721402,2
172,720575941496015559,7.205759414923322e+17,0.983781151431588,2
173,720575941496146657,7.20575941514097e+17,0.9560863503575908,2
174,720575941496284489,7.205759415592616e+17,0.9525184085633915,2
175,720575941496299593,7.205759415435693e+17,0.9818344935953562,2
176,720575941496346953,7.2057594153083e+17,0.9586169944689245,2
177,720575941496638592,7.20575941614273e+17,0.9589069642773964,2
178,720575941496949410,7.20575941610537e+17,0.9613374691185187,2
179,720575941497836001,7.205759415959564e+17,0.9525074838727291,2
180,720575941498696354,7.20575941628691e+17,0.978906440730343,2
181,720575941498932347,7.20575941640955e+17,0.9690960347471029,2
182,720575941498974433,7.205759415497183e+17,0.9629178163602568,2
183,720575941499404683,7.205759414284031e+17,0.9818188138794016,2
184,720575941499420555,7.205759414521987e+17,0.9805995189558233,2
185,720575941499441291,7.205759416562362e+17,0.9602296995347842,2
186,720575941499686818,7.205759415210723e+17,0.9869687955335279,2
187,720575941500963307,7.205759416705857e+17,0.9725218944871789,2
188,720575941501026283,7.205759415044246e+17,0.9564148869909831,2
189,720575941501961410,7.205759415037139e+17,0.9785551527949429,2
190,720575941502007691,7.205759415606762e+17,0.9735630094441765,2
191,720575941503389093,7.205759415533114e+17,0.9602644293206429,2
192,720575941503468604,7.205759414923322e+17,0.9735553509486412,2
193,720575941503508018,7.20575941656231e+17,0.9627199720795111,2
194,720575941503592613,7.205759415497815e+17,0.9659009177108373,2
195,720575941503657893,7.205759416525476e+17,0.9700397765909298,2
196,720575941503658661,7.205759415044937e+17,0.9564829015119178,2
197,720575941504429637,7.205759416093513e+17,0.9639249766177007,2
198,720575941505369509,7.205759415337807e+17,0.966349788772049,2
199,720575941505457954,7.205759416233537e+17,0.9620239087513156,2
200,720575941505493026,7.205759416148168e+17,0.9598854031273467,2
201,720575941505541154,7.205759415378218e+17,0.9696277416593986,2
202,720575941505819009,7.205759416234397e+17,0.9584379539859312,2
203,720575941505834078,7.20575941688842e+17,0.9768725291847169,2
204,720575941505887361,7.205759415058894e+17,0.9746504213295213,2
205,720575941505949825,7.205759415473734e+17,0.9563673613663917,2
206,720575941505972609,7.205759415141198e+17,0.9828721869343219,2
207,720575941506085189,7.205759415308238e+17,0.9597619890579581,2
208,720575941506272802,7.205759417028147e+17,0.9712976493487405,2
209,720575941506956604,7.20575941592873e+17,0.9761457349639897,2
210,720575941507159169,7.205759416038956e+17,1.0,2
211,720575941507218014,7.205759415167126e+17,0.9579769605610613,2
212,720575941507341858,7.205759415727436e+17,0.9544417646153777,2
213,720575941507431297,7.205759415957646e+17,0.968634237265083,2
214,720575941507657488,7.205759415435693e+17,0.9655505878386313,2
215,720575941507785232,7.205759415873147e+17,0.9612876265364184,2
216,720575941507787024,7.20575941662449e+17,0.9726346953958986,2
217,720575941507838480,7.205759416508242e+17,0.9715450126561607,2
218,720575941507848208,7.205759415547846e+17,0.9848386355322593,2
219,720575941508257570,7.205759415513021e+17,0.9720184365286194,2
220,720575941508526721,7.205759414759506e+17,0.9530907714272451,2
221,720575941508560082,7.205759416697996e+17,0.9618550418340833,2
222,720575941509168001,7.205759414843794e+17,0.9512141013388848,2
223,720575941511393233,7.205759415241143e+17,0.9538588995914913,2
224,720575941511396305,7.205759415362644e+17,0.9891072700489266,2
225,720575941512568131,7.205759415114171e+17,0.9553885614850561,2
226,720575941512873804,7.205759414994047e+17,0.9704551948291071,2
227,720575941513027331,7.205759415672499e+17,0.95988597328887,2
228,720575941513033219,7.205759416100562e+17,0.973149804038926,2
229,720575941513264377,7.205759416414903e+17,0.9774085104024177,2
230,720575941513885075,7.20575941636455e+17,0.9604592153750542,2
231,720575941514041923,7.205759414868713e+17,0.9644541970725073,2
232,720575941514047555,7.205759415900402e+17,0.9584471635873921,2
233,720575941514930778,7.20575941593948e+17,0.9650623446394754,2
234,720575941515653475,7.205759416525468e+17,0.9909545509809721,2
235,720575941515949817,7.20575941558326e+17,0.9721884463814251,2
236,720575941516099500,7.2057594151562e+17,0.9703355910798863,2
237,720575941516584920,7.205759415668137e+17,0.9804901469627967,2
238,720575941516734062,7.205759414689505e+17,0.9626131936398381,2
239,720575941517700268,7.20575941613429e+17,0.972415517301237,2
240,720575941518342583,7.205759416363926e+17,0.9749975278321047,2
241,720575941518434227,7.205759415613088e+17,0.9752940335655875,2
242,720575941518435767,7.205759416230787e+17,0.9822986439962631,2
243,720575941518436462,7.20575941547231e+17,0.9779216569705014,2
244,720575941518489011,7.205759415971494e+17,0.9566791664482006,2
245,720575941519273944,7.205759415257824e+17,0.9531875500158827,2
246,720575941520331511,7.205759415362943e+17,0.9581568745825767,2
247,720575941521029623,7.205759414749841e+17,0.969767681250241,2
248,720575941521092023,7.205759416849984e+17,0.9582216390872207,2
249,720575941522116427,7.205759415758839e+17,0.9637864566680464,2
250,720575941522121803,7.205759415963918e+17,0.953697872977953,2
251,720575941523994114,7.205759416176468e+17,0.9590540173286476,2
252,720575941524185419,7.205759415307514e+17,0.9556012630608693,2
253,720575941525182630,7.205759415575766e+17,0.9533254679993697,2
254,720575941525347074,7.205759415713308e+17,0.9596298426128677,2
255,720575941526406532,7.205759415397206e+17,0.954606674406539,2
256,720575941526462596,7.205759416558733e+17,0.9693873052128948,2
257,720575941526752612,7.205759415526857e+17,0.9674361259137575,2
258,720575941527149240,7.205759416234572e+17,0.9680165106494037,2
259,720575941527833016,7.205759416379587e+17,0.9552943793730977,2
260,720575941527843768,7.205759415292127e+17,0.9727174733369424,2
261,720575941528782027,7.205759415473409e+17,0.9707540533483632,2
262,720575941529197496,7.205759417232087e+17,0.9634973238938046,2
263,720575941529892837,7.205759415497815e+17,0.9709364218237985,2
264,720575941530676099,7.20575941563329e+17,0.9808010419170916,2
265,720575941530861699,7.205759416283773e+17,0.9833499803926737,2
266,720575941531288523,7.205759415632064e+17,0.9619220581800358,2
267,720575941532385624,7.20575941552472e+17,0.9533792536189043,2
268,720575941532412138,7.205759416111817e+17,0.9609510006838795,2
269,720575941532440810,7.205759415361519e+17,0.9636667729473555,2
270,720575941532471013,7.205759416430166e+17,0.9779365398147574,2
271,720575941532507480,7.205759414387299e+17,0.9570450020027808,2
272,720575941533094081,7.20575941608251e+17,0.9566852686834818,2
273,720575941533221825,7.205759416671436e+17,0.9508997822479522,2
274,720575941533234954,7.205759416525366e+17,0.9611141319542883,2
275,720575941533340426,7.205759416234866e+17,0.9544141041962196,2
276,720575941533604122,7.205759416172379e+17,0.9643917607894046,2
277,720575941534045162,7.205759417006144e+17,0.9517914592840422,2
278,720575941534115818,7.205759415527996e+17,0.9714218594082088,2
279,720575941534653706,7.205759416012183e+17,0.974371489781001,2
280,720575941534726376,7.205759415718964e+17,0.9518643288471185,2
281,720575941534822632,7.205759414690458e+17,0.9595447844748891,2
282,720575941534843073,7.205759415337807e+17,0.9654726468321613,2
283,720575941534912088,7.205759415241875e+17,0.9726885436323867,2
284,720575941534941962,7.205759416113651e+17,0.9870545126159413,2
285,720575941534942440,7.205759416415026e+17,0.9611794647185607,2
286,720575941535151338,7.205759417021532e+17,0.9824036014381831,2
287,720575941535331082,7.205759415728175e+17,0.9673894258541561,2
288,720575941535331850,7.205759415533103e+17,0.9638707445504993,2
289,720575941535411226,7.205759414923322e+17,0.9823405873872126,2
290,720575941536301205,7.20575941572014e+17,0.9576236709240008,2
291,720575941536309141,7.205759416893976e+17,0.98007511812493,2
292,720575941536323221,7.20575941565406e+17,0.9740989168776605,2
293,720575941536368882,7.205759416379525e+17,0.9648126415395957,2
294,720575941536797466,7.205759415575384e+17,0.9583918327763365,2
295,720575941537594573,7.2057594161492e+17,0.9796498139136122,2
296,720575941537718989,7.205759416542254e+17,0.9561675160277194,2
297,720575941539723612,7.205759414960156e+17,0.9788634386377285,2
298,720575941540121373,7.205759415438129e+17,0.9574357090375438,2
299,720575941542455388,7.205759414574304e+17,0.9834442327226942,2
300,720575941542796293,7.20575941594334e+17,0.9539475121218554,2
301,720575941542799645,7.20575941575683e+17,0.9999865770911209,2
302,720575941543397737,7.205759416148168e+17,0.9685018406461705,2
303,720575941543634949,7.205759415718998e+17,0.96712328628025,2
304,720575941543655173,7.205759415735905e+17,0.9505993351088291,2
305,720575941545080252,7.205759415641014e+17,0.9902460741364749,2
306,720575941545246088,7.205759415831832e+17,0.9647385899430154,2
307,720575941545340296,7.205759416108831e+17,0.9683029642049662,2
308,720575941546203572,7.205759415467494e+17,0.9623887458825019,2
309,720575941546491681,7.205759416596961e+17,0.9511027818427361,2
310,720575941547404148,7.205759416383466e+17,0.9608014174868839,2
311,720575941548082568,7.205759416704918e+17,0.9540437668455499,2
312,720575941548936253,7.205759415724448e+17,0.982425343430704,2
313,720575941549474877,7.205759415125265e+17,0.9743966162871078,2
314,720575941549632830,7.205759415831735e+17,0.9778754057457566,2
315,720575941549746494,7.205759416324188e+17,0.9900377151629876,2
316,720575941550896383,7.205759415756806e+17,0.9672070261052106,2
317,720575941551598746,7.205759415433978e+17,0.9622230638053804,2
318,720575941551937598,7.205759416425306e+17,0.9688742513867586,2
319,720575941551976191,7.205759415020077e+17,0.9728311088278017,2
320,720575941552190874,7.205759415019615e+17,0.976042226219963,2
321,720575941552374273,7.205759416790084e+17,0.9621217113941665,2
322,720575941552471297,7.205759414829279e+17,0.975572482130583,2
323,720575941552935707,7.205759414438586e+17,0.9626549870225178,2
324,720575941553430355,7.205759415632064e+17,0.9671952859272118,2
325,720575941553564388,7.205759415619164e+17,0.9732957371321157,2
326,720575941554796033,7.205759417021716e+17,0.9507962960304734,2
327,720575941554800548,7.205759415602775e+17,0.9740819805376412,2
328,720575941556251556,7.205759414682459e+17,0.9507720389058001,2
329,720575941558004495,7.205759416864748e+17,0.976845252768157,2
330,720575941558545709,7.205759416623898e+17,0.9544812860257079,2
331,720575941558985005,7.205759416425468e+17,0.9576827815459148,2
332,720575941559854318,7.205759415184357e+17,0.978722917145544,2
333,720575941559965199,7.205759414322644e+17,0.9502570431101259,2
334,720575941560069102,7.205759415724635e+17,0.9746633453243949,2
335,720575941560079342,7.205759416714113e+17,0.9543284912316227,2
336,720575941560090862,7.20575941612612e+17,0.9648894346183344,2
337,720575941560402547,7.205759415742216e+17,0.9664522227705343,2
338,720575941560564136,7.205759415397236e+17,0.9573197161664639,2
339,720575941560632744,7.205759415917486e+17,0.963733188628721,2
340,720575941561888768,7.205759415769388e+17,0.969670957795833,2
341,720575941562056872,7.205759415453403e+17,0.9646862320193083,2
342,720575941562240256,7.20575941569376e+17,0.9673496866873195,2
343,720575941562464866,7.205759415714273e+17,0.9590527751680794,2
344,720575941563872359,7.205759416012667e+17,0.9659479328577445,2
345,720575941563978294,7.205759415795982e+17,0.9707918974569449,2
346,720575941564098567,7.205759415714232e+17,0.96653615303831,2
347,720575941564147346,7.205759414077951e+17,0.9557846429634169,2
348,720575941565385006,7.205759416415026e+17,0.9722272182426354,2
349,720575941567123444,7.205759416365354e+17,0.9771959385614064,2
350,720575941569369338,7.205759416453123e+17,0.9635416688147386,2
351,720575941569777822,7.205759415606762e+17,0.9852706345253677,2
352,720575941571515131,7.205759415308617e+17,0.962198604035423,2
353,720575941571600904,7.205759415044937e+17,0.9566269588034634,2
354,720575941571847069,7.205759415257824e+17,0.9653451687217772,2
355,720575941571933256,7.205759416249413e+17,0.9718553317912908,2
356,720575941572056733,7.205759414478098e+17,0.9523415885825856,2
357,720575941573204662,7.20575941652192e+17,0.9652262510211619,2
358,720575941573290166,7.205759415979118e+17,0.9802039057959457,2
359,720575941573996136,7.205759415494748e+17,0.9734207179116176,2
360,720575941574161256,7.205759416424124e+17,0.9772509655530655,2
361,720575941575519336,7.20575941628691e+17,0.9719385301797973,2
362,720575941575844185,7.205759416083916e+17,0.9568970784638466,2
363,720575941576045494,7.205759415622099e+17,0.9543987140832821,2
364,720575941576992245,7.205759415864145e+17,0.9608416355952388,2
365,720575941577049681,7.205759416848023e+17,0.9597611275338622,2
366,720575941577657689,7.205759414494545e+17,0.9559306344212766,2
367,720575941577667921,7.205759415889816e+17,0.9539001217325371,2
368,720575941580390009,7.205759416549806e+17,0.9560770243919045,2
369,720575941581648479,7.205759415880954e+17,0.9792261941986123,2
370,720575941583507166,7.205759415921554e+17,0.9629354258511376,2
371,720575941585902982,7.205759416083311e+17,0.9514064911602675,2
372,720575941588004676,7.205759415330941e+17,0.9515982251774655,2
373,720575941588550028,7.205759414099188e+17,0.9693416032823025,2
374,720575941588639372,7.205759416515484e+17,0.9689282035640406,2
375,720575941589597950,7.205759415113964e+17,0.9808265298865255,2
376,720575941590822696,7.205759414743314e+17,0.9733481372449739,2
377,720575941591750184,7.20575941629907e+17,0.9827614653621772,2
378,720575941592219944,7.205759416049727e+17,0.99088776934574,2
379,720575941592461093,7.205759414284031e+17,0.95927691382732,2
380,720575941592573221,7.205759415939128e+17,0.9532158949281664,2
381,720575941592616743,7.205759416424065e+17,0.9664444293157328,2
382,720575941595809948,7.205759416603535e+17,0.9620213825224734,2
383,720575941597517248,7.205759415497464e+17,0.9767853480525519,2
384,720575941597899049,7.205759415125265e+17,0.98812317286781,2
385,720575941605598061,7.205759416523149e+17,0.9709672944815825,2
386,720575941609330605,7.205759414949697e+17,0.9521926803082549,2
387,720575941609458349,7.205759416286843e+17,0.9683989723459072,2
388,720575941613270425,7.205759415795982e+17,0.9526966791408488,2
389,720575941613403100,7.205759416671464e+17,0.9808773283799581,2
390,720575941614377881,7.205759414322644e+17,0.9924782820717861,2
391,720575941617882751,7.205759415241896e+17,0.9756537188347458,2
392,720575941621586172,7.205759415308617e+17,0.9692507515895962,2
393,720575941622226428,7.205759416382555e+17,0.9556192785362285,2
394,720575941623357083,7.205759416586322e+17,0.9677005691472872,2
395,720575941624859338,7.205759415184357e+17,0.9789284396101899,2
396,720575941624873724,7.205759416111817e+17,0.9619807252485776,2
397,720575941627017529,7.20575941477333e+17,0.9501697110538299,2
398,720575941628554466,7.205759416893976e+17,0.9574221913860682,2
399,720575941630620576,7.205759415547846e+17,0.9805145745481317,2
400,720575941630660000,7.205759415889816e+17,0.9576364348995621,2
401,720575941630960876,7.20575941475751e+17,0.9590906849279012,2
402,720575941631840965,7.205759415435693e+17,0.961127435457888,2
403,720575941632698555,7.205759416497951e+17,0.9917843076979401,2
404,720575941632722875,7.205759416233537e+17,0.9537997631119574,2
405,720575941633210565,7.205759415886394e+17,0.9543780374797218,2
406,720575941637840415,7.205759416394819e+17,0.9571520392496292,2
407,720575941639483679,7.205759415668137e+17,0.9608321771937917,2
408,720575941641495634,7.205759415337475e+17,0.952979995306829,2
409,720575941651838449,7.205759415264626e+17,0.95116407555287,2
410,720575941652873684,7.205759416579887e+17,0.9636215605123338,2
411,720575941652916692,7.205759415926167e+17,0.9538159814425045,2
412,720575941654941913,7.205759416848927e+17,0.9666100931838179,2
413,720575941657510992,7.205759414387483e+17,0.9540819580107655,2
414,720575941662450044,7.205759415575384e+17,0.960029065121802,2
415,720575941665520371,7.205759415547846e+17,0.979410490218024,2
416,720575941665541363,7.205759414250226e+17,0.9512813084355375,2
417,720575941665585139,7.205759415606762e+17,0.9950483707189648,2
418,720575941667138225,7.205759416683471e+17,0.9790868885017108,2
419,720575941668852657,7.205759414574304e+17,0.9823154400833625,2
420,720575941685010159,7.205759415720352e+17,0.9825227612532372,2
421,720575941686037878,7.205759415971494e+17,0.9840917596480696,2
422,720575941729950507,7.205759414687252e+17,0.9761018019888132,2
423,720575941350274352,,1.0,1
424,720575941350334256,,1.0,1
425,720575941350352176,,1.0,1
426,720575941350354224,,1.0,1
427,720575941350374960,,1.0,1
428,720575941350393904,,1.0,1
429,720575941350395952,,1.0,1
430,720575941350396464,,1.0,1
431,720575941350409264,,1.0,1
432,720575941350413360,,1.0,1
433,720575941350420016,,1.0,1
434,720575941350424112,,1.0,1
435,720575941350427696,,1.0,1
436,720575941350441008,,1.0,1
437,720575941350441264,,1.0,1
438,720575941350443312,,1.0,1
439,720575941350455344,,1.0,1
440,720575941350471472,,1.0,1
441,720575941350473008,,1.0,1
442,720575941350482992,,1.0,1
443,720575941351040304,,1.0,1
444,720575941351045936,,1.0,1
445,720575941351164464,,1.0,1
446,720575941351909680,,1.0,1
447,720575941351912496,,1.0,1
448,720575941351912752,,1.0,1
449,720575941351927600,,1.0,1
450,720575941352368688,,1.0,1
451,720575941352867120,,1.0,1
452,720575941352898608,,1.0,1
453,720575941352900400,,1.0,1
454,720575941352907824,,1.0,1
455,720575941352917296,,1.0,1
456,720575941352919856,,1.0,1
457,720575941352922928,,1.0,1
458,720575941352925744,,1.0,1
459,720575941352934192,,1.0,1
460,720575941352941360,,1.0,1
461,720575941352943152,,1.0,1
462,720575941352943920,,1.0,1
463,720575941352944176,,1.0,1
464,720575941352944944,,1.0,1
465,720575941352945712,,1.0,1
466,720575941352946736,,1.0,1
467,720575941353177392,,1.0,1
468,720575941353376048,,1.0,1
469,720575941390135044,,1.0,1
470,720575941390136324,,1.0,1
471,720575941390193156,,1.0,1
472,720575941390243332,,1.0,1
473,720575941390264580,,1.0,1
474,720575941390268164,,1.0,1
475,720575941390273796,,1.0,1
476,720575941390279940,,1.0,1
477,720575941390280452,,1.0,1
478,720575941390292996,,1.0,1
479,720575941390320644,,1.0,1
480,720575941390326532,,1.0,1
481,720575941390330372,,1.0,1
482,720575941390336260,,1.0,1
483,720575941390352900,,1.0,1
484,720575941390358788,,1.0,1
485,720575941390360836,,1.0,1
486,720575941390527638,,1.0,1
487,720575941390532868,,1.0,1
488,720575941390572950,,1.0,1
489,720575941390627222,,1.0,1
490,720575941390632342,,1.0,1
491,720575941390660502,,1.0,1
492,720575941390663574,,1.0,1
493,720575941390671766,,1.0,1
494,720575941390672790,,1.0,1
495,720575941390677654,,1.0,1
496,720575941390682262,,1.0,1
497,720575941390684310,,1.0,1
498,720575941390688150,,1.0,1
499,720575941390690966,,1.0,1
500,720575941390702742,,1.0,1
501,720575941390713238,,1.0,1
502,720575941390724246,,1.0,1
503,720575941390725270,,1.0,1
504,720575941390728598,,1.0,1
505,720575941390733974,,1.0,1
506,720575941390740118,,1.0,1
507,720575941390742934,,1.0,1
508,720575941390750358,,1.0,1
509,720575941390761878,,1.0,1
510,720575941390767254,,1.0,1
511,720575941390774678,,1.0,1
512,720575941390822404,,1.0,1
513,720575941390883478,,1.0,1
514,720575941391038468,,1.0,1
515,720575941391207574,,1.0,1
516,720575941391252630,,1.0,1
517,720575941391777540,,1.0,1
518,720575941391789060,,1.0,1
519,720575941391792388,,1.0,1
520,720575941391803140,,1.0,1
521,720575941391811076,,1.0,1
522,720575941391871748,,1.0,1
523,720575941391925508,,1.0,1
524,720575941391926020,,1.0,1
525,720575941391968150,,1.0,1
526,720575941391968918,,1.0,1
527,720575941391970710,,1.0,1
528,720575941392030614,,1.0,1
529,720575941392034198,,1.0,1
530,720575941392036246,,1.0,1
531,720575941392039574,,1.0,1
532,720575941392178326,,1.0,1
533,720575941392219542,,1.0,1
534,720575941392302852,,1.0,1
535,720575941392418710,,1.0,1
536,720575941392423830,,1.0,1
537,720575941392424598,,1.0,1
538,720575941392484612,,1.0,1
539,720575941392491268,,1.0,1
540,720575941392492804,,1.0,1
541,720575941392587414,,1.0,1
542,720575941392604054,,1.0,1
543,720575941392658582,,1.0,1
544,720575941392667286,,1.0,1
545,720575941392697238,,1.0,1
546,720575941392715012,,1.0,1
547,720575941392725910,,1.0,1
548,720575941392736004,,1.0,1
549,720575941392736772,,1.0,1
550,720575941392743940,,1.0,1
551,720575941392744964,,1.0,1
552,720575941392752132,,1.0,1
553,720575941392752388,,1.0,1
554,720575941393197206,,1.0,1
555,720575941393205654,,1.0,1
556,720575941393486230,,1.0,1
557,720575941393489302,,1.0,1
558,720575941393489814,,1.0,1
559,720575941393490838,,1.0,1
560,720575941393492374,,1.0,1
561,720575941393495446,,1.0,1
562,720575941393732502,,1.0,1
563,720575941394069654,,1.0,1
564,720575941399163683,,1.0,1
565,720575941399164451,,1.0,1
566,720575941399188003,,1.0,1
567,720575941399201315,,1.0,1
568,720575941399201827,,1.0,1
569,720575941399251235,,1.0,1
570,720575941399264291,,1.0,1
571,720575941399288355,,1.0,1
572,720575941399292707,,1.0,1
573,720575941399309603,,1.0,1
574,720575941399314723,,1.0,1
575,720575941399317539,,1.0,1
576,720575941399323683,,1.0,1
577,720575941399324963,,1.0,1
578,720575941399339811,,1.0,1
579,720575941400420899,,1.0,1
580,720575941400688419,,1.0,1
581,720575941400698403,,1.0,1
582,720575941400698659,,1.0,1
583,720575941400700451,,1.0,1
584,720575941400703267,,1.0,1
585,720575941400707875,,1.0,1
586,720575941400710435,,1.0,1
587,720575941400730403,,1.0,1
588,720575941400736035,,1.0,1
589,720575941400757795,,1.0,1
590,720575941400788771,,1.0,1
591,720575941400818723,,1.0,1
592,720575941401454883,,1.0,1
593,720575941401456931,,1.0,1
594,720575941401753379,,1.0,1
595,720575941401761315,,1.0,1
596,720575941401772067,,1.0,1
597,720575941401773091,,1.0,1
598,720575941401775651,,1.0,1
599,720575941401776931,,1.0,1
600,720575941401778211,,1.0,1
601,720575941401780003,,1.0,1
602,720575941401795619,,1.0,1
603,720575941401815331,,1.0,1
604,720575941402049904,,1.0,1
605,720575941402058608,,1.0,1
606,720575941402059632,,1.0,1
607,720575941402071408,,1.0,1
608,720575941402086000,,1.0,1
609,720575941402086768,,1.0,1
610,720575941402112547,,1.0,1
611,720575941402129008,,1.0,1
612,720575941402136944,,1.0,1
613,720575941402163824,,1.0,1
614,720575941402383907,,1.0,1
615,720575941402442531,,1.0,1
616,720575941403521648,,1.0,1
617,720575941403537776,,1.0,1
618,720575941403812976,,1.0,1
619,720575941403816304,,1.0,1
620,720575941403818864,,1.0,1
621,720575941403824752,,1.0,1
622,720575941403825008,,1.0,1
623,720575941403864432,,1.0,1
624,720575941403865456,,1.0,1
625,720575941403907696,,1.0,1
626,720575941403942768,,1.0,1
627,720575941404041072,,1.0,1
628,720575941404452720,,1.0,1
629,720575941404713840,,1.0,1
630,720575941404724080,,1.0,1
631,720575941404724848,,1.0,1
632,720575941404727920,,1.0,1
633,720575941404749424,,1.0,1
634,720575941404752752,,1.0,1
635,720575941404758384,,1.0,1
636,720575941404911472,,1.0,1
637,720575941405334384,,1.0,1
638,720575941405601839,,1.0,1
639,720575941405666351,,1.0,1
640,720575941405724719,,1.0,1
641,720575941405739823,,1.0,1
642,720575941405745455,,1.0,1
643,720575941405745967,,1.0,1
644,720575941405747247,,1.0,1
645,720575941405758767,,1.0,1
646,720575941405771694,,1.0,1
647,720575941405779630,,1.0,1
648,720575941405783343,,1.0,1
649,720575941405787310,,1.0,1
650,720575941405794351,,1.0,1
651,720575941405813295,,1.0,1
652,720575941405815343,,1.0,1
653,720575941405815726,,1.0,1
654,720575941405820463,,1.0,1
655,720575941405820975,,1.0,1
656,720575941405826095,,1.0,1
657,720575941405833263,,1.0,1
658,720575941405838639,,1.0,1
659,720575941405843118,,1.0,1
660,720575941405855150,,1.0,1
661,720575941405859631,,1.0,1
662,720575941405862062,,1.0,1
663,720575941405862574,,1.0,1
664,720575941405863854,,1.0,1
665,720575941405878831,,1.0,1
666,720575941405891246,,1.0,1
667,720575941405898926,,1.0,1
668,720575941405899438,,1.0,1
669,720575941405909934,,1.0,1
670,720575941406015918,,1.0,1
671,720575941406203183,,1.0,1
672,720575941406871214,,1.0,1
673,720575941406978095,,1.0,1
674,720575941407049775,,1.0,1
675,720575941407052847,,1.0,1
676,720575941407101614,,1.0,1
677,720575941407294638,,1.0,1
678,720575941407340079,,1.0,1
679,720575941407360559,,1.0,1
680,720575941407410094,,1.0,1
681,720575941407413807,,1.0,1
682,720575941407451695,,1.0,1
683,720575941407456303,,1.0,1
684,720575941407457839,,1.0,1
685,720575941407463471,,1.0,1
686,720575941407464751,,1.0,1
687,720575941407478063,,1.0,1
688,720575941407485870,,1.0,1
689,720575941407500462,,1.0,1
690,720575941407510702,,1.0,1
691,720575941407535534,,1.0,1
692,720575941407564974,,1.0,1
693,720575941407598127,,1.0,1
694,720575941407785390,,1.0,1
695,720575941407793455,,1.0,1
696,720575941407900975,,1.0,1
697,720575941407916079,,1.0,1
698,720575941408041263,,1.0,1
699,720575941408049070,,1.0,1
700,720575941408199471,,1.0,1
701,720575941408246955,,1.0,1
702,720575941408257195,,1.0,1
703,720575941408320430,,1.0,1
704,720575941408322990,,1.0,1
705,720575941408353454,,1.0,1
706,720575941408360619,,1.0,1
707,720575941408417454,,1.0,1
708,720575941408421291,,1.0,1
709,720575941408422318,,1.0,1
710,720575941408423854,,1.0,1
711,720575941408425390,,1.0,1
712,720575941408441262,,1.0,1
713,720575941408444587,,1.0,1
714,720575941408445358,,1.0,1
715,720575941408453547,,1.0,1
716,720575941408456110,,1.0,1
717,720575941408457902,,1.0,1
718,720575941408462507,,1.0,1
719,720575941408464299,,1.0,1
720,720575941408471855,,1.0,1
721,720575941408475439,,1.0,1
722,720575941408480815,,1.0,1
723,720575941408481195,,1.0,1
724,720575941408492335,,1.0,1
725,720575941408493103,,1.0,1
726,720575941408494251,,1.0,1
727,720575941408496431,,1.0,1
728,720575941408508587,,1.0,1
729,720575941408509867,,1.0,1
730,720575941408514219,,1.0,1
731,720575941408514731,,1.0,1
732,720575941408515119,,1.0,1
733,720575941408515631,,1.0,1
734,720575941408525359,,1.0,1
735,720575941408530223,,1.0,1
736,720575941408530735,,1.0,1
737,720575941408534699,,1.0,1
738,720575941409016235,,1.0,1
739,720575941409031595,,1.0,1
740,720575941409041835,,1.0,1
741,720575941409043627,,1.0,1
742,720575941409197998,,1.0,1
743,720575941409198254,,1.0,1
744,720575941409205807,,1.0,1
745,720575941409672363,,1.0,1
746,720575941409774703,,1.0,1
747,720575941409801583,,1.0,1
748,720575941409904495,,1.0,1
749,720575941409916271,,1.0,1
750,720575941409919343,,1.0,1
751,720575941409932911,,1.0,1
752,720575941409935471,,1.0,1
753,720575941409939055,,1.0,1
754,720575941409951855,,1.0,1
755,720575941409960815,,1.0,1
756,720575941409975663,,1.0,1
757,720575941409978223,,1.0,1
758,720575941409982831,,1.0,1
759,720575941409987695,,1.0,1
760,720575941409994863,,1.0,1
761,720575941410004079,,1.0,1
762,720575941410007407,,1.0,1
763,720575941410007663,,1.0,1
764,720575941410017391,,1.0,1
765,720575941410018159,,1.0,1
766,720575941410019695,,1.0,1
767,720575941410021231,,1.0,1
768,720575941410025071,,1.0,1
769,720575941410035627,,1.0,1
770,720575941410037419,,1.0,1
771,720575941410047343,,1.0,1
772,720575941410047855,,1.0,1
773,720575941410061167,,1.0,1
774,720575941410062703,,1.0,1
775,720575941410073711,,1.0,1
776,720575941410088047,,1.0,1
777,720575941410088559,,1.0,1
778,720575941410120107,,1.0,1
779,720575941411072427,,1.0,1
780,720575941411165099,,1.0,1
781,720575941411166891,,1.0,1
782,720575941411176107,,1.0,1
783,720575941411178095,,1.0,1
784,720575941411178411,,1.0,1
785,720575941411180203,,1.0,1
786,720575941411192235,,1.0,1
787,720575941411196075,,1.0,1
788,720575941411197867,,1.0,1
789,720575941411198635,,1.0,1
790,720575941411205547,,1.0,1
791,720575941411207535,,1.0,1
792,720575941411208875,,1.0,1
793,720575941411209131,,1.0,1
794,720575941411210155,,1.0,1
795,720575941411210667,,1.0,1
796,720575941411216043,,1.0,1
797,720575941411222699,,1.0,1
798,720575941411223211,,1.0,1
799,720575941411225771,,1.0,1
800,720575941411229867,,1.0,1
801,720575941411231147,,1.0,1
802,720575941411456427,,1.0,1
803,720575941411546001,,1.0,1
804,720575941411550319,,1.0,1
805,720575941411550831,,1.0,1
806,720575941411552111,,1.0,1
807,720575941411554671,,1.0,1
808,720575941411572847,,1.0,1
809,720575941411580783,,1.0,1
810,720575941411594607,,1.0,1
811,720575941411630993,,1.0,1
812,720575941411656081,,1.0,1
813,720575941411668847,,1.0,1
814,720575941411669649,,1.0,1
815,720575941411669908,,1.0,1
816,720575941411670929,,1.0,1
817,720575941411673711,,1.0,1
818,720575941411673967,,1.0,1
819,720575941411676561,,1.0,1
820,720575941411693679,,1.0,1
821,720575941411700113,,1.0,1
822,720575941411703697,,1.0,1
823,720575941411710100,,1.0,1
824,720575941411715985,,1.0,1
825,720575941411718033,,1.0,1
826,720575941411737236,,1.0,1
827,720575941411738257,,1.0,1
828,720575941411754641,,1.0,1
829,720575941411758740,,1.0,1
830,720575941411765140,,1.0,1
831,720575941411779476,,1.0,1
832,720575941411782036,,1.0,1
833,720575941411791764,,1.0,1
834,720575941411805332,,1.0,1
835,720575941411829140,,1.0,1
836,720575941411829396,,1.0,1
837,720575941411829652,,1.0,1
838,720575941411830164,,1.0,1
839,720575941411830420,,1.0,1
840,720575941411840916,,1.0,1
841,720575941411853716,,1.0,1
842,720575941411866004,,1.0,1
843,720575941411869844,,1.0,1
844,720575941411919787,,1.0,1
845,720575941412004756,,1.0,1
846,720575941412307345,,1.0,1
847,720575941412309649,,1.0,1
848,720575941412310417,,1.0,1
849,720575941412310929,,1.0,1
850,720575941412311697,,1.0,1
851,720575941412312721,,1.0,1
852,720575941412319889,,1.0,1
853,720575941412323473,,1.0,1
854,720575941412443540,,1.0,1
855,720575941412445332,,1.0,1
856,720575941412551791,,1.0,1
857,720575941412552047,,1.0,1
858,720575941412553839,,1.0,1
859,720575941412565615,,1.0,1
860,720575941412567919,,1.0,1
861,720575941412573551,,1.0,1
862,720575941412574319,,1.0,1
863,720575941412577903,,1.0,1
864,720575941412578927,,1.0,1
865,720575941412593519,,1.0,1
866,720575941412601967,,1.0,1
867,720575941412890223,,1.0,1
868,720575941413153647,,1.0,1
869,720575941413185135,,1.0,1
870,720575941413189265,,1.0,1
871,720575941413204625,,1.0,1
872,720575941413228177,,1.0,1
873,720575941413252241,,1.0,1
874,720575941413254801,,1.0,1
875,720575941413255569,,1.0,1
876,720575941413262481,,1.0,1
877,720575941413448084,,1.0,1
878,720575941413451156,,1.0,1
879,720575941413455252,,1.0,1
880,720575941413466516,,1.0,1
881,720575941413468052,,1.0,1
882,720575941413504404,,1.0,1
883,720575941413513364,,1.0,1
884,720575941413677204,,1.0,1
885,720575941413690004,,1.0,1
886,720575941413724188,,1.0,1
887,720575941413792028,,1.0,1
888,720575941413809692,,1.0,1
889,720575941413867292,,1.0,1
890,720575941413870364,,1.0,1
891,720575941413872924,,1.0,1
892,720575941413890076,,1.0,1
893,720575941413892497,,1.0,1
894,720575941413893148,,1.0,1
895,720575941413896476,,1.0,1
896,720575941413902620,,1.0,1
897,720575941413909276,,1.0,1
898,720575941413914652,,1.0,1
899,720575941413920540,,1.0,1
900,720575941413926428,,1.0,1
901,720575941413930641,,1.0,1
902,720575941413938972,,1.0,1
903,720575941413951260,,1.0,1
904,720575941413952028,,1.0,1
905,720575941413952540,,1.0,1
906,720575941413958172,,1.0,1
907,720575941413977116,,1.0,1
908,720575941413989404,,1.0,1
909,720575941413990172,,1.0,1
910,720575941414026524,,1.0,1
911,720575941414219665,,1.0,1
912,720575941414228881,,1.0,1
913,720575941414231700,,1.0,1
914,720575941414240145,,1.0,1
915,720575941414246545,,1.0,1
916,720575941414256273,,1.0,1
917,720575941414262417,,1.0,1
918,720575941414271121,,1.0,1
919,720575941414273937,,1.0,1
920,720575941414277265,,1.0,1
921,720575941414284433,,1.0,1
922,720575941414292625,,1.0,1
923,720575941414300561,,1.0,1
924,720575941414303377,,1.0,1
925,720575941414305681,,1.0,1
926,720575941414307473,,1.0,1
927,720575941414321297,,1.0,1
928,720575941414326161,,1.0,1
929,720575941414326673,,1.0,1
930,720575941414326929,,1.0,1
931,720575941414327185,,1.0,1
932,720575941414330001,,1.0,1
933,720575941414333073,,1.0,1
934,720575941414456212,,1.0,1
935,720575941414464660,,1.0,1
936,720575941414465684,,1.0,1
937,720575941414476180,,1.0,1
938,720575941414484372,,1.0,1
939,720575941414490516,,1.0,1
940,720575941414508948,,1.0,1
941,720575941414644625,,1.0,1
942,720575941414897041,,1.0,1
943,720575941414985620,,1.0,1
944,720575941415177620,,1.0,1
945,720575941415211924,,1.0,1
946,720575941415465756,,1.0,1
947,720575941415471644,,1.0,1
948,720575941415473436,,1.0,1
949,720575941415476252,,1.0,1
950,720575941415481372,,1.0,1
951,720575941415484700,,1.0,1
952,720575941415484956,,1.0,1
953,720575941415573276,,1.0,1
954,720575941415587100,,1.0,1
955,720575941415609116,,1.0,1
956,720575941415955228,,1.0,1
957,720575941416482844,,1.0,1
958,720575941416624924,,1.0,1
959,720575941416629020,,1.0,1
960,720575941416629276,,1.0,1
961,720575941416631836,,1.0,1
962,720575941416637468,,1.0,1
963,720575941416644124,,1.0,1
964,720575941416652828,,1.0,1
965,720575941416653084,,1.0,1
966,720575941416653852,,1.0,1
967,720575941416654108,,1.0,1
968,720575941416656924,,1.0,1
969,720575941416657692,,1.0,1
970,720575941417258780,,1.0,1
971,720575941424912468,,1.0,1
972,720575941424930644,,1.0,1
973,720575941424933460,,1.0,1
974,720575941424940628,,1.0,1
975,720575941424948308,,1.0,1
976,720575941424948820,,1.0,1
977,720575941424973396,,1.0,1
978,720575941424973652,,1.0,1
979,720575941424991828,,1.0,1
980,720575941425003604,,1.0,1
981,720575941425003860,,1.0,1
982,720575941425010516,,1.0,1
983,720575941425016916,,1.0,1
984,720575941425018452,,1.0,1
985,720575941425019220,,1.0,1
986,720575941425021524,,1.0,1
987,720575941425044052,,1.0,1
988,720575941425134420,,1.0,1
989,720575941425229652,,1.0,1
990,720575941426231380,,1.0,1
991,720575941426294356,,1.0,1
992,720575941426600788,,1.0,1
993,720575941426616148,,1.0,1
994,720575941426691668,,1.0,1
995,720575941426691924,,1.0,1
996,720575941426696020,,1.0,1
997,720575941426704980,,1.0,1
998,720575941426706772,,1.0,1
999,720575941426736724,,1.0,1
1000,720575941427067476,,1.0,1
1001,720575941427449172,,1.0,1
1002,720575941427621204,,1.0,1
1003,720575941427631444,,1.0,1
1004,720575941427646548,,1.0,1
1005,720575941427650132,,1.0,1
1006,720575941427651924,,1.0,1
1007,720575941427658836,,1.0,1
1008,720575941427690580,,1.0,1
1009,720575941427952212,,1.0,1
1010,720575941428132856,,1.0,1
1011,720575941428184824,,1.0,1
1012,720575941428209912,,1.0,1
1013,720575941428210424,,1.0,1
1014,720575941428221432,,1.0,1
1015,720575941428223480,,1.0,1
1016,720575941428229112,,1.0,1
1017,720575941428236536,,1.0,1
1018,720575941428238840,,1.0,1
1019,720575941428244216,,1.0,1
1020,720575941428277752,,1.0,1
1021,720575941428279544,,1.0,1
1022,720575941428294793,,1.0,1
1023,720575941428313775,,1.0,1
1024,720575941428324344,,1.0,1
1025,720575941428335444,,1.0,1
1026,720575941428340728,,1.0,1
1027,720575941428352943,,1.0,1
1028,720575941428365999,,1.0,1
1029,720575941428369583,,1.0,1
1030,720575941428370825,,1.0,1
1031,720575941428371631,,1.0,1
1032,720575941428373679,,1.0,1
1033,720575941428377007,,1.0,1
1034,720575941428378031,,1.0,1
1035,720575941428381577,,1.0,1
1036,720575941428385199,,1.0,1
1037,720575941428396169,,1.0,1
1038,720575941428400009,,1.0,1
1039,720575941428412591,,1.0,1
1040,720575941428412809,,1.0,1
1041,720575941428428681,,1.0,1
1042,720575941428428975,,1.0,1
1043,720575941428430767,,1.0,1
1044,720575941428434057,,1.0,1
1045,720575941428440239,,1.0,1
1046,720575941428440495,,1.0,1
1047,720575941428444041,,1.0,1
1048,720575941428446857,,1.0,1
1049,720575941428454025,,1.0,1
1050,720575941428467375,,1.0,1
1051,720575941428474287,,1.0,1
1052,720575941428490889,,1.0,1
1053,720575941428505993,,1.0,1
1054,720575941428965368,,1.0,1
1055,720575941428975608,,1.0,1
1056,720575941428975864,,1.0,1
1057,720575941428982264,,1.0,1
1058,720575941429039535,,1.0,1
1059,720575941429044655,,1.0,1
1060,720575941429128289,,1.0,1
1061,720575941429160545,,1.0,1
1062,720575941429210721,,1.0,1
1063,720575941429269857,,1.0,1
1064,720575941429283681,,1.0,1
1065,720575941429321313,,1.0,1
1066,720575941429324641,,1.0,1
1067,720575941429324897,,1.0,1
1068,720575941429342561,,1.0,1
1069,720575941429342817,,1.0,1
1070,720575941429343585,,1.0,1
1071,720575941429347425,,1.0,1
1072,720575941429355873,,1.0,1
1073,720575941429357665,,1.0,1
1074,720575941429361249,,1.0,1
1075,720575941429363809,,1.0,1
1076,720575941429379937,,1.0,1
1077,720575941429388129,,1.0,1
1078,720575941429389921,,1.0,1
1079,720575941429401559,,1.0,1
1080,720575941429422295,,1.0,1
1081,720575941429423969,,1.0,1
1082,720575941429428183,,1.0,1
1083,720575941429434071,,1.0,1
1084,720575941429439959,,1.0,1
1085,720575941429441751,,1.0,1
1086,720575941429443799,,1.0,1
1087,720575941429444823,,1.0,1
1088,720575941429462999,,1.0,1
1089,720575941429463767,,1.0,1
1090,720575941429466839,,1.0,1
1091,720575941429471959,,1.0,1
1092,720575941429473495,,1.0,1
1093,720575941429475031,,1.0,1
1094,720575941429476823,,1.0,1
1095,720575941429482711,,1.0,1
1096,720575941429486295,,1.0,1
1097,720575941429488599,,1.0,1
1098,720575941429509847,,1.0,1
1099,720575941429512151,,1.0,1
1100,720575941429515735,,1.0,1
1101,720575941429525463,,1.0,1
1102,720575941429526743,,1.0,1
1103,720575941429527767,,1.0,1
1104,720575941429532119,,1.0,1
1105,720575941429535703,,1.0,1
1106,720575941429535959,,1.0,1
1107,720575941429538007,,1.0,1
1108,720575941429542871,,1.0,1
1109,720575941429543127,,1.0,1
1110,720575941429545647,,1.0,1
1111,720575941429556655,,1.0,1
1112,720575941429566895,,1.0,1
1113,720575941429602145,,1.0,1
1114,720575941429623544,,1.0,1
1115,720575941429804425,,1.0,1
1116,720575941429988088,,1.0,1
1117,720575941430007544,,1.0,1
1118,720575941430016905,,1.0,1
1119,720575941430041737,,1.0,1
1120,720575941430058671,,1.0,1
1121,720575941430067849,,1.0,1
1122,720575941430072751,,1.0,1
1123,720575941430085551,,1.0,1
1124,720575941430107640,,1.0,1
1125,720575941430110456,,1.0,1
1126,720575941430111224,,1.0,1
1127,720575941430124247,,1.0,1
1128,720575941430128521,,1.0,1
1129,720575941430149551,,1.0,1
1130,720575941430150063,,1.0,1
1131,720575941430151599,,1.0,1
1132,720575941430160120,,1.0,1
1133,720575941430163982,,1.0,1
1134,720575941430176431,,1.0,1
1135,720575941430182063,,1.0,1
1136,720575941430184718,,1.0,1
1137,720575941430196183,,1.0,1
1138,720575941430243086,,1.0,1
1139,720575941430281742,,1.0,1
1140,720575941430308344,,1.0,1
1141,720575941430321166,,1.0,1
1142,720575941430332174,,1.0,1
1143,720575941430357385,,1.0,1
1144,720575941430386446,,1.0,1
1145,720575941430389006,,1.0,1
1146,720575941430415886,,1.0,1
1147,720575941430420750,,1.0,1
1148,720575941430438414,,1.0,1
1149,720575941430442766,,1.0,1
1150,720575941430465550,,1.0,1
1151,720575941430472801,,1.0,1
1152,720575941430483470,,1.0,1
1153,720575941430485518,,1.0,1
1154,720575941430486030,,1.0,1
1155,720575941430486286,,1.0,1
1156,720575941430498830,,1.0,1
1157,720575941430507022,,1.0,1
1158,720575941430517774,,1.0,1
1159,720575941430530830,,1.0,1
1160,720575941430535438,,1.0,1
1161,720575941430552929,,1.0,1
1162,720575941430650209,,1.0,1
1163,720575941430689294,,1.0,1
1164,720575941430755721,,1.0,1
1165,720575941430796536,,1.0,1
1166,720575941430842209,,1.0,1
1167,720575941430849377,,1.0,1
1168,720575941430866936,,1.0,1
1169,720575941430899297,,1.0,1
1170,720575941430906721,,1.0,1
1171,720575941430909025,,1.0,1
1172,720575941430924536,,1.0,1
1173,720575941430950497,,1.0,1
1174,720575941430952801,,1.0,1
1175,720575941430956641,,1.0,1
1176,720575941430994785,,1.0,1
1177,720575941431011681,,1.0,1
1178,720575941431017569,,1.0,1
1179,720575941431022689,,1.0,1
1180,720575941431025327,,1.0,1
1181,720575941431038305,,1.0,1
1182,720575941431038817,,1.0,1
1183,720575941431060655,,1.0,1
1184,720575941431066287,,1.0,1
1185,720575941431066543,,1.0,1
1186,720575941431072137,,1.0,1
1187,720575941431072649,,1.0,1
1188,720575941431073417,,1.0,1
1189,720575941431075169,,1.0,1
1190,720575941431075425,,1.0,1
1191,720575941431075503,,1.0,1
1192,720575941431077039,,1.0,1
1193,720575941431077769,,1.0,1
1194,720575941431078575,,1.0,1
1195,720575941431078793,,1.0,1
1196,720575941431083183,,1.0,1
1197,720575941431084975,,1.0,1
1198,720575941431086511,,1.0,1
1199,720575941431086551,,1.0,1
1200,720575941431091849,,1.0,1
1201,720575941431091887,,1.0,1
1202,720575941431092911,,1.0,1
1203,720575941431099567,,1.0,1
1204,720575941431100553,,1.0,1
1205,720575941431104905,,1.0,1
1206,720575941431105161,,1.0,1
1207,720575941431105417,,1.0,1
1208,720575941431105929,,1.0,1
1209,720575941431106953,,1.0,1
1210,720575941431106991,,1.0,1
1211,720575941431107503,,1.0,1
1212,720575941431129815,,1.0,1
1213,720575941431134857,,1.0,1
1214,720575941431138263,,1.0,1
1215,720575941431139543,,1.0,1
1216,720575941431140311,,1.0,1
1217,720575941431153367,,1.0,1
1218,720575941431156183,,1.0,1
1219,720575941431159255,,1.0,1
1220,720575941431160279,,1.0,1
1221,720575941431173473,,1.0,1
1222,720575941431188472,,1.0,1
1223,720575941431191032,,1.0,1
1224,720575941431196920,,1.0,1
1225,720575941431205880,,1.0,1
1226,720575941431208184,,1.0,1
1227,720575941431210744,,1.0,1
1228,720575941431220439,,1.0,1
1229,720575941431228664,,1.0,1
1230,720575941431230456,,1.0,1
1231,720575941431231736,,1.0,1
1232,720575941431254743,,1.0,1
1233,720575941431257953,,1.0,1
1234,720575941431291095,,1.0,1
1235,720575941431311575,,1.0,1
1236,720575941431335127,,1.0,1
1237,720575941431401569,,1.0,1
1238,720575941431580686,,1.0,1
1239,720575941431647246,,1.0,1
1240,720575941431656718,,1.0,1
1241,720575941431660937,,1.0,1
1242,720575941431663608,,1.0,1
1243,720575941431756503,,1.0,1
1244,720575941431767471,,1.0,1
1245,720575941431806990,,1.0,1
1246,720575941431846241,,1.0,1
1247,720575941431868631,,1.0,1
1248,720575941431884558,,1.0,1
1249,720575941431908449,,1.0,1
1250,720575941431927393,,1.0,1
1251,720575941431929441,,1.0,1
1252,720575941431930465,,1.0,1
1253,720575941431931233,,1.0,1
1254,720575941431932257,,1.0,1
1255,720575941431937495,,1.0,1
1256,720575941431986702,,1.0,1
1257,720575941431993358,,1.0,1
1258,720575941431996174,,1.0,1
1259,720575941432002574,,1.0,1
1260,720575941432005646,,1.0,1
1261,720575941432006670,,1.0,1
1262,720575941432050958,,1.0,1
1263,720575941432051214,,1.0,1
1264,720575941432074766,,1.0,1
1265,720575941432101390,,1.0,1
1266,720575941432147982,,1.0,1
1267,720575941432183566,,1.0,1
1268,720575941432241111,,1.0,1
1269,720575941432242958,,1.0,1
1270,720575941432245207,,1.0,1
1271,720575941432253198,,1.0,1
1272,720575941432274903,,1.0,1
1273,720575941432280279,,1.0,1
1274,720575941432281559,,1.0,1
1275,720575941432284119,,1.0,1
1276,720575941432285655,,1.0,1
1277,720575941432287447,,1.0,1
1278,720575941432290263,,1.0,1
1279,720575941432559969,,1.0,1
1280,720575941432702423,,1.0,1
1281,720575941432708366,,1.0,1
1282,720575941432709262,,1.0,1
1283,720575941432722574,,1.0,1
1284,720575941432723854,,1.0,1
1285,720575941432725134,,1.0,1
1286,720575941432733838,,1.0,1
1287,720575941432739726,,1.0,1
1288,720575941432743054,,1.0,1
1289,720575941432744846,,1.0,1
1290,720575941432751502,,1.0,1
1291,720575941432771470,,1.0,1
1292,720575941432775310,,1.0,1
1293,720575941432778638,,1.0,1
1294,720575941432787671,,1.0,1
1295,720575941432805518,,1.0,1
1296,720575941432809870,,1.0,1
1297,720575941432810638,,1.0,1
1298,720575941432890583,,1.0,1
1299,720575941432998158,,1.0,1
1300,720575941433003278,,1.0,1
1301,720575941433014286,,1.0,1
1302,720575941433029390,,1.0,1
1303,720575941433032718,,1.0,1
1304,720575941433033486,,1.0,1
1305,720575941433039374,,1.0,1
1306,720575941433040910,,1.0,1
1307,720575941433046798,,1.0,1
1308,720575941433048078,,1.0,1
1309,720575941433053966,,1.0,1
1310,720575941433057038,,1.0,1
1311,720575941433058318,,1.0,1
1312,720575941433060622,,1.0,1
1313,720575941433074446,,1.0,1
1314,720575941433078542,,1.0,1
1315,720575941433082382,,1.0,1
1316,720575941433175328,,1.0,1
1317,720575941433194254,,1.0,1
1318,720575941433202464,,1.0,1
1319,720575941433230368,,1.0,1
1320,720575941433275278,,1.0,1
1321,720575941433275424,,1.0,1
1322,720575941433281312,,1.0,1
1323,720575941433315872,,1.0,1
1324,720575941433322784,,1.0,1
1325,720575941433358112,,1.0,1
1326,720575941433360928,,1.0,1
1327,720575941433366048,,1.0,1
1328,720575941433371424,,1.0,1
1329,720575941433381518,,1.0,1
1330,720575941433381664,,1.0,1
1331,720575941433384480,,1.0,1
1332,720575941433386382,,1.0,1
1333,720575941433438240,,1.0,1
1334,720575941433440800,,1.0,1
1335,720575941433448224,,1.0,1
1336,720575941433448992,,1.0,1
1337,720575941433462304,,1.0,1
1338,720575941433498656,,1.0,1
1339,720575941433546528,,1.0,1
1340,720575941434001550,,1.0,1
1341,720575941434383246,,1.0,1
1342,720575941434383758,,1.0,1
1343,720575941434394766,,1.0,1
1344,720575941434423182,,1.0,1
1345,720575941434457998,,1.0,1
1346,720575941434483086,,1.0,1
1347,720575941434487438,,1.0,1
1348,720575941434495886,,1.0,1
1349,720575941434845728,,1.0,1
1350,720575941434870560,,1.0,1
1351,720575941434871072,,1.0,1
1352,720575941434878496,,1.0,1
1353,720575941434943776,,1.0,1
1354,720575941434967072,,1.0,1
1355,720575941434998816,,1.0,1
1356,720575941435272590,,1.0,1
1357,720575941435285390,,1.0,1
1358,720575941435308686,,1.0,1
1359,720575941435309710,,1.0,1
1360,720575941435309966,,1.0,1
1361,720575941435315342,,1.0,1
1362,720575941435315854,,1.0,1
1363,720575941435581740,,1.0,1
1364,720575941435625516,,1.0,1
1365,720575941435639084,,1.0,1
1366,720575941435653164,,1.0,1
1367,720575941435656210,,1.0,1
1368,720575941435669522,,1.0,1
1369,720575941435693356,,1.0,1
1370,720575941435708690,,1.0,1
1371,720575941435716114,,1.0,1
1372,720575941435721004,,1.0,1
1373,720575941435741740,,1.0,1
1374,720575941435756306,,1.0,1
1375,720575941435778834,,1.0,1
1376,720575941435815186,,1.0,1
1377,720575941435827218,,1.0,1
1378,720575941435835410,,1.0,1
1379,720575941435835922,,1.0,1
1380,720575941435838226,,1.0,1
1381,720575941435843858,,1.0,1
1382,720575941435846418,,1.0,1
1383,720575941435878162,,1.0,1
1384,720575941435936800,,1.0,1
1385,720575941435993888,,1.0,1
1386,720575941436005408,,1.0,1
1387,720575941436018976,,1.0,1
1388,720575941436019232,,1.0,1
1389,720575941436027680,,1.0,1
1390,720575941436032800,,1.0,1
1391,720575941436033312,,1.0,1
1392,720575941436046624,,1.0,1
1393,720575941436195884,,1.0,1
1394,720575941436198444,,1.0,1
1395,720575941436205868,,1.0,1
1396,720575941436208684,,1.0,1
1397,720575941436280864,,1.0,1
1398,720575941436296992,,1.0,1
1399,720575941436378386,,1.0,1
1400,720575941436378898,,1.0,1
1401,720575941436380690,,1.0,1
1402,720575941436382994,,1.0,1
1403,720575941436391698,,1.0,1
1404,720575941436469792,,1.0,1
1405,720575941436577087,,1.0,1
1406,720575941436628799,,1.0,1
1407,720575941436638240,,1.0,1
1408,720575941436666400,,1.0,1
1409,720575941436679200,,1.0,1
1410,720575941436681791,,1.0,1
1411,720575941436692031,,1.0,1
1412,720575941436694495,,1.0,1
1413,720575941436697120,,1.0,1
1414,720575941436698943,,1.0,1
1415,720575941436700639,,1.0,1
1416,720575941436700991,,1.0,1
1417,720575941436702527,,1.0,1
1418,720575941436703039,,1.0,1
1419,720575941436706783,,1.0,1
1420,720575941436710176,,1.0,1
1421,720575941436714207,,1.0,1
1422,720575941436725311,,1.0,1
1423,720575941436728639,,1.0,1
1424,720575941436729919,,1.0,1
1425,720575941436750911,,1.0,1
1426,720575941436759084,,1.0,1
1427,720575941436761151,,1.0,1
1428,720575941436764479,,1.0,1
1429,720575941436765759,,1.0,1
1430,720575941436769759,,1.0,1
1431,720575941436770783,,1.0,1
1432,720575941436784191,,1.0,1
1433,720575941436787935,,1.0,1
1434,720575941436791519,,1.0,1
1435,720575941436800223,,1.0,1
1436,720575941436821983,,1.0,1
1437,720575941436824287,,1.0,1
1438,720575941436826591,,1.0,1
1439,720575941436844511,,1.0,1
1440,720575941436848095,,1.0,1
1441,720575941436849375,,1.0,1
1442,720575941436863199,,1.0,1
1443,720575941436870367,,1.0,1
1444,720575941436891359,,1.0,1
1445,720575941436895199,,1.0,1
1446,720575941436899807,,1.0,1
1447,720575941436900319,,1.0,1
1448,720575941436906463,,1.0,1
1449,720575941436943071,,1.0,1
1450,720575941436964063,,1.0,1
1451,720575941436973586,,1.0,1
1452,720575941436976658,,1.0,1
1453,720575941436991506,,1.0,1
1454,720575941436993810,,1.0,1
1455,720575941436996882,,1.0,1
1456,720575941437053663,,1.0,1
1457,720575941437157676,,1.0,1
1458,720575941437158956,,1.0,1
1459,720575941437187116,,1.0,1
1460,720575941437191212,,1.0,1
1461,720575941437233452,,1.0,1
1462,720575941437235756,,1.0,1
1463,720575941437241388,,1.0,1
1464,720575941437290796,,1.0,1
1465,720575941437312300,,1.0,1
1466,720575941437333804,,1.0,1
1467,720575941437338412,,1.0,1
1468,720575941437341228,,1.0,1
1469,720575941437351724,,1.0,1
1470,720575941437376786,,1.0,1
1471,720575941437386540,,1.0,1
1472,720575941437387026,,1.0,1
1473,720575941437391378,,1.0,1
1474,720575941437396012,,1.0,1
1475,720575941437401900,,1.0,1
1476,720575941437413650,,1.0,1
1477,720575941437428821,,1.0,1
1478,720575941437461036,,1.0,1
1479,720575941437466130,,1.0,1
1480,720575941437468735,,1.0,1
1481,720575941437468991,,1.0,1
1482,720575941437484818,,1.0,1
1483,720575941437508181,,1.0,1
1484,720575941437523797,,1.0,1
1485,720575941437525589,,1.0,1
1486,720575941437543509,,1.0,1
1487,720575941437564757,,1.0,1
1488,720575941437604693,,1.0,1
1489,720575941437607253,,1.0,1
1490,720575941437607509,,1.0,1
1491,720575941437611093,,1.0,1
1492,720575941437613397,,1.0,1
1493,720575941437638741,,1.0,1
1494,720575941437658965,,1.0,1
1495,720575941437721618,,1.0,1
1496,720575941437805653,,1.0,1
1497,720575941437948479,,1.0,1
1498,720575941438137567,,1.0,1
1499,720575941438141919,,1.0,1
1500,720575941438207711,,1.0,1
1501,720575941438261845,,1.0,1
1502,720575941438264405,,1.0,1
1503,720575941438289749,,1.0,1
1504,720575941438327871,,1.0,1
1505,720575941438343980,,1.0,1
1506,720575941438358079,,1.0,1
1507,720575941438359103,,1.0,1
1508,720575941438381631,,1.0,1
1509,720575941438382380,,1.0,1
1510,720575941438384658,,1.0,1
1511,720575941438389292,,1.0,1
1512,720575941438392364,,1.0,1
1513,720575941438392620,,1.0,1
1514,720575941438398252,,1.0,1
1515,720575941438399807,,1.0,1
1516,720575941438401324,,1.0,1
1517,720575941438408511,,1.0,1
1518,720575941438415660,,1.0,1
1519,720575941438418476,,1.0,1
1520,720575941438421036,,1.0,1
1521,720575941438427154,,1.0,1
1522,720575941438438930,,1.0,1
1523,720575941438440236,,1.0,1
1524,720575941438442002,,1.0,1
1525,720575941438454828,,1.0,1
1526,720575941438455340,,1.0,1
1527,720575941438458386,,1.0,1
1528,720575941438460716,,1.0,1
1529,720575941438463532,,1.0,1
1530,720575941438465087,,1.0,1
1531,720575941438467346,,1.0,1
1532,720575941438469138,,1.0,1
1533,720575941438469650,,1.0,1
1534,720575941438469932,,1.0,1
1535,720575941438470700,,1.0,1
1536,720575941438474284,,1.0,1
1537,720575941438474540,,1.0,1
1538,720575941438483218,,1.0,1
1539,720575941438483474,,1.0,1
1540,720575941438483730,,1.0,1
1541,720575941438496735,,1.0,1
1542,720575941438506719,,1.0,1
1543,720575941438534879,,1.0,1
1544,720575941438574303,,1.0,1
1545,720575941438575327,,1.0,1
1546,720575941438585567,,1.0,1
1547,720575941438613215,,1.0,1
1548,720575941438632927,,1.0,1
1549,720575941438642879,,1.0,1
1550,720575941438651071,,1.0,1
1551,720575941438659551,,1.0,1
1552,720575941438659931,,1.0,1
1553,720575941438662079,,1.0,1
1554,720575941438670015,,1.0,1
1555,720575941438674367,,1.0,1
1556,720575941438677215,,1.0,1
1557,720575941438679743,,1.0,1
1558,720575941438686655,,1.0,1
1559,720575941438700479,,1.0,1
1560,720575941438702527,,1.0,1
1561,720575941438705855,,1.0,1
1562,720575941438713179,,1.0,1
1563,720575941438713279,,1.0,1
1564,720575941438723263,,1.0,1
1565,720575941438723675,,1.0,1
1566,720575941438729407,,1.0,1
1567,720575941438736063,,1.0,1
1568,720575941438746303,,1.0,1
1569,720575941438748607,,1.0,1
1570,720575941438756543,,1.0,1
1571,720575941438822235,,1.0,1
1572,720575941438839131,,1.0,1
1573,720575941438841435,,1.0,1
1574,720575941438850907,,1.0,1
1575,720575941438852187,,1.0,1
1576,720575941438873435,,1.0,1
1577,720575941438885723,,1.0,1
1578,720575941438898267,,1.0,1
1579,720575941438904155,,1.0,1
1580,720575941438913883,,1.0,1
1581,720575941438931647,,1.0,1
1582,720575941438932059,,1.0,1
1583,720575941438938175,,1.0,1
1584,720575941438940251,,1.0,1
1585,720575941438942671,,1.0,1
1586,720575941438943439,,1.0,1
1587,720575941438947675,,1.0,1
1588,720575941438951515,,1.0,1
1589,720575941438952027,,1.0,1
1590,720575941438952539,,1.0,1
1591,720575941438955611,,1.0,1
1592,720575941438957659,,1.0,1
1593,720575941438961499,,1.0,1
1594,720575941438964059,,1.0,1
1595,720575941438967247,,1.0,1
1596,720575941438968155,,1.0,1
1597,720575941438968923,,1.0,1
1598,720575941438970971,,1.0,1
1599,720575941438971483,,1.0,1
1600,720575941438988891,,1.0,1
1601,720575941438989147,,1.0,1
1602,720575941438995775,,1.0,1
1603,720575941439011279,,1.0,1
1604,720575941439017423,,1.0,1
1605,720575941439018075,,1.0,1
1606,720575941439040975,,1.0,1
1607,720575941439050703,,1.0,1
1608,720575941439063503,,1.0,1
1609,720575941439083983,,1.0,1
1610,720575941439091407,,1.0,1
1611,720575941439101647,,1.0,1
1612,720575941439126735,,1.0,1
1613,720575941439127503,,1.0,1
1614,720575941439133714,,1.0,1
1615,720575941439136719,,1.0,1
1616,720575941439137877,,1.0,1
1617,720575941439143375,,1.0,1
1618,720575941439153983,,1.0,1
1619,720575941439158613,,1.0,1
1620,720575941439159381,,1.0,1
1621,720575941439173205,,1.0,1
1622,720575941439184213,,1.0,1
1623,720575941439191637,,1.0,1
1624,720575941439193173,,1.0,1
1625,720575941439195221,,1.0,1
1626,720575941439197013,,1.0,1
1627,720575941439197269,,1.0,1
1628,720575941439203925,,1.0,1
1629,720575941439205205,,1.0,1
1630,720575941439205717,,1.0,1
1631,720575941439207253,,1.0,1
1632,720575941439213653,,1.0,1
1633,720575941439263829,,1.0,1
1634,720575941439278421,,1.0,1
1635,720575941439314005,,1.0,1
1636,720575941439321173,,1.0,1
1637,720575941439366975,,1.0,1
1638,720575941439382079,,1.0,1
1639,720575941439393343,,1.0,1
1640,720575941439493717,,1.0,1
1641,720575941439536475,,1.0,1
1642,720575941439543131,,1.0,1
1643,720575941439552091,,1.0,1
1644,720575941439563743,,1.0,1
1645,720575941439565023,,1.0,1
1646,720575941439566559,,1.0,1
1647,720575941439578591,,1.0,1
1648,720575941439705407,,1.0,1
1649,720575941439727311,,1.0,1
1650,720575941439728079,,1.0,1
1651,720575941439728335,,1.0,1
1652,720575941439818431,,1.0,1
1653,720575941439870399,,1.0,1
1654,720575941439900251,,1.0,1
1655,720575941439918911,,1.0,1
1656,720575941440092383,,1.0,1
1657,720575941440149215,,1.0,1
1658,720575941440159423,,1.0,1
1659,720575941440162239,,1.0,1
1660,720575941440165855,,1.0,1
1661,720575941440198879,,1.0,1
1662,720575941440213695,,1.0,1
1663,720575941440276415,,1.0,1
1664,720575941440287167,,1.0,1
1665,720575941440287183,,1.0,1
1666,720575941440350549,,1.0,1
1667,720575941440352853,,1.0,1
1668,720575941440353877,,1.0,1
1669,720575941440354389,,1.0,1
1670,720575941440357973,,1.0,1
1671,720575941440360021,,1.0,1
1672,720575941440368063,,1.0,1
1673,720575941440371541,,1.0,1
1674,720575941440375381,,1.0,1
1675,720575941440379989,,1.0,1
1676,720575941440382293,,1.0,1
1677,720575941440383061,,1.0,1
1678,720575941440423375,,1.0,1
1679,720575941440461659,,1.0,1
1680,720575941440464219,,1.0,1
1681,720575941440507483,,1.0,1
1682,720575941440581979,,1.0,1
1683,720575941440607323,,1.0,1
1684,720575941440616795,,1.0,1
1685,720575941440620123,,1.0,1
1686,720575941440620379,,1.0,1
1687,720575941440622171,,1.0,1
1688,720575941440710863,,1.0,1
1689,720575941440728015,,1.0,1
1690,720575941440735951,,1.0,1
1691,720575941440736207,,1.0,1
1692,720575941440755663,,1.0,1
1693,720575941440760271,,1.0,1
1694,720575941440865231,,1.0,1
1695,720575941440870607,,1.0,1
1696,720575941440872655,,1.0,1
1697,720575941440925647,,1.0,1
1698,720575941440928975,,1.0,1
1699,720575941440934351,,1.0,1
1700,720575941440987327,,1.0,1
1701,720575941441022911,,1.0,1
1702,720575941441065919,,1.0,1
1703,720575941441196479,,1.0,1
1704,720575941441198527,,1.0,1
1705,720575941441206207,,1.0,1
1706,720575941441213375,,1.0,1
1707,720575941441216191,,1.0,1
1708,720575941441228735,,1.0,1
1709,720575941441230527,,1.0,1
1710,720575941441232575,,1.0,1
1711,720575941441235035,,1.0,1
1712,720575941441238107,,1.0,1
1713,720575941441243071,,1.0,1
1714,720575941441244607,,1.0,1
1715,720575941441245119,,1.0,1
1716,720575941441245375,,1.0,1
1717,720575941441247679,,1.0,1
1718,720575941441278399,,1.0,1
1719,720575941441318591,,1.0,1
1720,720575941441319259,,1.0,1
1721,720575941441591643,,1.0,1
1722,720575941441596507,,1.0,1
1723,720575941441611355,,1.0,1
1724,720575941441612379,,1.0,1
1725,720575941441618523,,1.0,1
1726,720575941441624667,,1.0,1
1727,720575941441631067,,1.0,1
1728,720575941441636699,,1.0,1
1729,720575941441639003,,1.0,1
1730,720575941441642331,,1.0,1
1731,720575941441642843,,1.0,1
1732,720575941441683919,,1.0,1
1733,720575941441879231,,1.0,1
1734,720575941441888719,,1.0,1
1735,720575941441894351,,1.0,1
1736,720575941441927887,,1.0,1
1737,720575941441933263,,1.0,1
1738,720575941441960795,,1.0,1
1739,720575941441961935,,1.0,1
1740,720575941441969103,,1.0,1
1741,720575941441984207,,1.0,1
1742,720575941441990607,,1.0,1
1743,720575941441993167,,1.0,1
1744,720575941442028751,,1.0,1
1745,720575941442254506,,1.0,1
1746,720575941442300586,,1.0,1
1747,720575941442307498,,1.0,1
1748,720575941442313898,,1.0,1
1749,720575941442320042,,1.0,1
1750,720575941442329514,,1.0,1
1751,720575941442329770,,1.0,1
1752,720575941442347178,,1.0,1
1753,720575941442351786,,1.0,1
1754,720575941442357674,,1.0,1
1755,720575941442360490,,1.0,1
1756,720575941442364842,,1.0,1
1757,720575941442374058,,1.0,1
1758,720575941442377130,,1.0,1
1759,720575941442379178,,1.0,1
1760,720575941442385834,,1.0,1
1761,720575941442389930,,1.0,1
1762,720575941442419882,,1.0,1
1763,720575941442431914,,1.0,1
1764,720575941442637519,,1.0,1
1765,720575941442925738,,1.0,1
1766,720575941442926762,,1.0,1
1767,720575941442928042,,1.0,1
1768,720575941443498410,,1.0,1
1769,720575941443617962,,1.0,1
1770,720575941443646890,,1.0,1
1771,720575941443849130,,1.0,1
1772,720575941443853226,,1.0,1
1773,720575941443853482,,1.0,1
1774,720575941443861162,,1.0,1
1775,720575941443863978,,1.0,1
1776,720575941443884202,,1.0,1
1777,720575941443946154,,1.0,1
1778,720575941443949738,,1.0,1
1779,720575941443964330,,1.0,1
1780,720575941444514730,,1.0,1
1781,720575941444630442,,1.0,1
1782,720575941444791722,,1.0,1
1783,720575941444822698,,1.0,1
1784,720575941444828842,,1.0,1
1785,720575941444829354,,1.0,1
1786,720575941444830378,,1.0,1
1787,720575941444850858,,1.0,1
1788,720575941444853418,,1.0,1
1789,720575941444862378,,1.0,1
1790,720575941444872106,,1.0,1
1791,720575941444890794,,1.0,1
1792,720575941444892330,,1.0,1
1793,720575941444905386,,1.0,1
1794,720575941444913066,,1.0,1
1795,720575941444917930,,1.0,1
1796,720575941444921258,,1.0,1
1797,720575941444927402,,1.0,1
1798,720575941444928170,,1.0,1
1799,720575941444930986,,1.0,1
1800,720575941444933546,,1.0,1
1801,720575941445139476,,1.0,1
1802,720575941445145876,,1.0,1
1803,720575941445163796,,1.0,1
1804,720575941445208340,,1.0,1
1805,720575941445211156,,1.0,1
1806,720575941445211924,,1.0,1
1807,720575941445214228,,1.0,1
1808,720575941445214996,,1.0,1
1809,720575941445224618,,1.0,1
1810,720575941445252628,,1.0,1
1811,720575941445270804,,1.0,1
1812,720575941445281556,,1.0,1
1813,720575941445294868,,1.0,1
1814,720575941445299732,,1.0,1
1815,720575941445310996,,1.0,1
1816,720575941445313044,,1.0,1
1817,720575941445313556,,1.0,1
1818,720575941445324052,,1.0,1
1819,720575941445333268,,1.0,1
1820,720575941445350164,,1.0,1
1821,720575941445351444,,1.0,1
1822,720575941445605546,,1.0,1
1823,720575941445838356,,1.0,1
1824,720575941445849876,,1.0,1
1825,720575941446729748,,1.0,1
1826,720575941446819348,,1.0,1
1827,720575941446819860,,1.0,1
1828,720575941446820884,,1.0,1
1829,720575941446823188,,1.0,1
1830,720575941446830100,,1.0,1
1831,720575941446830356,,1.0,1
1832,720575941446879764,,1.0,1
1833,720575941446948628,,1.0,1
1834,720575941446957493,,1.0,1
1835,720575941446968596,,1.0,1
1836,720575941446978485,,1.0,1
1837,720575941446990261,,1.0,1
1838,720575941446992565,,1.0,1
1839,720575941447013813,,1.0,1
1840,720575941447025845,,1.0,1
1841,720575941447026708,,1.0,1
1842,720575941447042741,,1.0,1
1843,720575941447048117,,1.0,1
1844,720575941447051445,,1.0,1
1845,720575941447052469,,1.0,1
1846,720575941447054261,,1.0,1
1847,720575941447057077,,1.0,1
1848,720575941447060661,,1.0,1
1849,720575941447083445,,1.0,1
1850,720575941447084725,,1.0,1
1851,720575941447093429,,1.0,1
1852,720575941447112373,,1.0,1
1853,720575941447279965,,1.0,1
1854,720575941447289181,,1.0,1
1855,720575941447294045,,1.0,1
1856,720575941447305053,,1.0,1
1857,720575941447316061,,1.0,1
1858,720575941447338845,,1.0,1
1859,720575941447343709,,1.0,1
1860,720575941447357533,,1.0,1
1861,720575941447358557,,1.0,1
1862,720575941447363677,,1.0,1
1863,720575941447378013,,1.0,1
1864,720575941447379037,,1.0,1
1865,720575941447399005,,1.0,1
1866,720575941447405917,,1.0,1
1867,720575941447408221,,1.0,1
1868,720575941447408733,,1.0,1
1869,720575941447412829,,1.0,1
1870,720575941447423069,,1.0,1
1871,720575941447428189,,1.0,1
1872,720575941447435613,,1.0,1
1873,720575941447445853,,1.0,1
1874,720575941447454301,,1.0,1
1875,720575941447464029,,1.0,1
1876,720575941447591246,,1.0,1
1877,720575941447596366,,1.0,1
1878,720575941447622478,,1.0,1
1879,720575941447655956,,1.0,1
1880,720575941447700405,,1.0,1
1881,720575941447707214,,1.0,1
1882,720575941447718734,,1.0,1
1883,720575941447719758,,1.0,1
1884,720575941447722574,,1.0,1
1885,720575941447735828,,1.0,1
1886,720575941447737166,,1.0,1
1887,720575941447770702,,1.0,1
1888,720575941447778397,,1.0,1
1889,720575941447779092,,1.0,1
1890,720575941447785236,,1.0,1
1891,720575941447786574,,1.0,1
1892,720575941447792404,,1.0,1
1893,720575941447799118,,1.0,1
1894,720575941447800142,,1.0,1
1895,720575941447805716,,1.0,1
1896,720575941447805774,,1.0,1
1897,720575941447805972,,1.0,1
1898,720575941447806740,,1.0,1
1899,720575941447808334,,1.0,1
1900,720575941447811406,,1.0,1
1901,720575941447813198,,1.0,1
1902,720575941447813652,,1.0,1
1903,720575941447818772,,1.0,1
1904,720575941447822158,,1.0,1
1905,720575941447832340,,1.0,1
1906,720575941447834190,,1.0,1
1907,720575941447837518,,1.0,1
1908,720575941447849236,,1.0,1
1909,720575941447851284,,1.0,1
1910,720575941447851854,,1.0,1
1911,720575941447852308,,1.0,1
1912,720575941447859278,,1.0,1
1913,720575941447861524,,1.0,1
1914,720575941447862804,,1.0,1
1915,720575941447866132,,1.0,1
1916,720575941447867924,,1.0,1
1917,720575941447874126,,1.0,1
1918,720575941447879188,,1.0,1
1919,720575941447887636,,1.0,1
1920,720575941447894292,,1.0,1
1921,720575941447898132,,1.0,1
1922,720575941447898388,,1.0,1
1923,720575941447900436,,1.0,1
1924,720575941448037725,,1.0,1
1925,720575941448056413,,1.0,1
1926,720575941448143541,,1.0,1
1927,720575941448205749,,1.0,1
1928,720575941448593845,,1.0,1
1929,720575941448594613,,1.0,1
1930,720575941448597941,,1.0,1
1931,720575941448626101,,1.0,1
1932,720575941448746933,,1.0,1
1933,720575941448753845,,1.0,1
1934,720575941448919901,,1.0,1
1935,720575941448990557,,1.0,1
1936,720575941448991581,,1.0,1
1937,720575941448996957,,1.0,1
1938,720575941449005149,,1.0,1
1939,720575941449038429,,1.0,1
1940,720575941449054301,,1.0,1
1941,720575941449065565,,1.0,1
1942,720575941449101149,,1.0,1
1943,720575941449134202,,1.0,1
1944,720575941449144142,,1.0,1
1945,720575941449147258,,1.0,1
1946,720575941449148494,,1.0,1
1947,720575941449156986,,1.0,1
1948,720575941449185373,,1.0,1
1949,720575941449187194,,1.0,1
1950,720575941449187450,,1.0,1
1951,720575941449235834,,1.0,1
1952,720575941449244538,,1.0,1
1953,720575941449245818,,1.0,1
1954,720575941449255290,,1.0,1
1955,720575941449257338,,1.0,1
1956,720575941449258106,,1.0,1
1957,720575941449266554,,1.0,1
1958,720575941449282170,,1.0,1
1959,720575941449282426,,1.0,1
1960,720575941449288314,,1.0,1
1961,720575941449293946,,1.0,1
1962,720575941449305210,,1.0,1
1963,720575941449358970,,1.0,1
1964,720575941449417082,,1.0,1
1965,720575941449417550,,1.0,1
1966,720575941449437006,,1.0,1
1967,720575941449449294,,1.0,1
1968,720575941449475406,,1.0,1
1969,720575941449477454,,1.0,1
1970,720575941449481294,,1.0,1
1971,720575941449543758,,1.0,1
1972,720575941449560142,,1.0,1
1973,720575941449617230,,1.0,1
1974,720575941449638493,,1.0,1
1975,720575941449653853,,1.0,1
1976,720575941449660509,,1.0,1
1977,720575941449728949,,1.0,1
1978,720575941449740213,,1.0,1
1979,720575941449741237,,1.0,1
1980,720575941449753269,,1.0,1
1981,720575941449756597,,1.0,1
1982,720575941449758389,,1.0,1
1983,720575941449763509,,1.0,1
1984,720575941449769653,,1.0,1
1985,720575941449772469,,1.0,1
1986,720575941449779381,,1.0,1
1987,720575941449799605,,1.0,1
1988,720575941449835898,,1.0,1
1989,720575941449863495,,1.0,1
1990,720575941449886791,,1.0,1
1991,720575941449893959,,1.0,1
1992,720575941449911879,,1.0,1
1993,720575941449922894,,1.0,1
1994,720575941449929309,,1.0,1
1995,720575941449939805,,1.0,1
1996,720575941449942877,,1.0,1
1997,720575941449947229,,1.0,1
1998,720575941449948765,,1.0,1
1999,720575941449956957,,1.0,1
2000,720575941449971549,,1.0,1
2001,720575941449991261,,1.0,1
2002,720575941449993821,,1.0,1
2003,720575941450007111,,1.0,1
2004,720575941450008391,,1.0,1
2005,720575941450056519,,1.0,1
2006,720575941450080071,,1.0,1
2007,720575941450080349,,1.0,1
2008,720575941450085703,,1.0,1
2009,720575941450088007,,1.0,1
2010,720575941450096455,,1.0,1
2011,720575941450101063,,1.0,1
2012,720575941450116167,,1.0,1
2013,720575941450121031,,1.0,1
2014,720575941450393013,,1.0,1
2015,720575941450519465,,1.0,1
2016,720575941450520745,,1.0,1
2017,720575941450529193,,1.0,1
2018,720575941450530729,,1.0,1
2019,720575941450532174,,1.0,1
2020,720575941450532521,,1.0,1
2021,720575941450532777,,1.0,1
2022,720575941450541390,,1.0,1
2023,720575941450546254,,1.0,1
2024,720575941450549070,,1.0,1
2025,720575941450552489,,1.0,1
2026,720575941450556238,,1.0,1
2027,720575941450559145,,1.0,1
2028,720575941450559566,,1.0,1
2029,720575941450563406,,1.0,1
2030,720575941450564430,,1.0,1
2031,720575941450568014,,1.0,1
2032,720575941450569294,,1.0,1
2033,720575941450573481,,1.0,1
2034,720575941450576297,,1.0,1
2035,720575941450576809,,1.0,1
2036,720575941450579022,,1.0,1
2037,720575941450580558,,1.0,1
2038,720575941450586958,,1.0,1
2039,720575941450587982,,1.0,1
2040,720575941450588238,,1.0,1
2041,720575941450588750,,1.0,1
2042,720575941450592078,,1.0,1
2043,720575941450594126,,1.0,1
2044,720575941450597710,,1.0,1
2045,720575941450597966,,1.0,1
2046,720575941450598222,,1.0,1
2047,720575941450604110,,1.0,1
2048,720575941450625607,,1.0,1
2049,720575941450628218,,1.0,1
2050,720575941450696029,,1.0,1
2051,720575941450756167,,1.0,1
2052,720575941450872698,,1.0,1
2053,720575941450875258,,1.0,1
2054,720575941450876794,,1.0,1
2055,720575941450967162,,1.0,1
2056,720575941450989946,,1.0,1
2057,720575941451154759,,1.0,1
2058,720575941451303034,,1.0,1
2059,720575941451335246,,1.0,1
2060,720575941451348602,,1.0,1
2061,720575941451436922,,1.0,1
2062,720575941451566714,,1.0,1
2063,720575941451654727,,1.0,1
2064,720575941451661895,,1.0,1
2065,720575941451662663,,1.0,1
2066,720575941451665991,,1.0,1
2067,720575941451681351,,1.0,1
2068,720575941451685703,,1.0,1
2069,720575941451705415,,1.0,1
2070,720575941451713402,,1.0,1
2071,720575941451720263,,1.0,1
2072,720575941451735879,,1.0,1
2073,720575941451768391,,1.0,1
2074,720575941451775815,,1.0,1
2075,720575941451785031,,1.0,1
2076,720575941451798855,,1.0,1
2077,720575941451813191,,1.0,1
2078,720575941451814215,,1.0,1
2079,720575941451829063,,1.0,1
2080,720575941451834281,,1.0,1
2081,720575941451836073,,1.0,1
2082,720575941451837353,,1.0,1
2083,720575941451841449,,1.0,1
2084,720575941451841863,,1.0,1
2085,720575941451857991,,1.0,1
2086,720575941451867719,,1.0,1
2087,720575941451922810,,1.0,1
2088,720575941451925114,,1.0,1
2089,720575941451926394,,1.0,1
2090,720575941451926906,,1.0,1
2091,720575941451956090,,1.0,1
2092,720575941451969146,,1.0,1
2093,720575941452122163,,1.0,1
2094,720575941452152233,,1.0,1
2095,720575941452164915,,1.0,1
2096,720575941452168873,,1.0,1
2097,720575941452176041,,1.0,1
2098,720575941452176297,,1.0,1
2099,720575941452177833,,1.0,1
2100,720575941452179881,,1.0,1
2101,720575941452185513,,1.0,1
2102,720575941452192307,,1.0,1
2103,720575941452194867,,1.0,1
2104,720575941452210483,,1.0,1
2105,720575941452210739,,1.0,1
2106,720575941452213811,,1.0,1
2107,720575941452239529,,1.0,1
2108,720575941452243763,,1.0,1
2109,720575941452251699,,1.0,1
2110,720575941452261427,,1.0,1
2111,720575941452265779,,1.0,1
2112,720575941452273203,,1.0,1
2113,720575941452273971,,1.0,1
2114,720575941452276393,,1.0,1
2115,720575941452277555,,1.0,1
2116,720575941452281651,,1.0,1
2117,720575941452291123,,1.0,1
2118,720575941452311977,,1.0,1
2119,720575941452313257,,1.0,1
2120,720575941452315443,,1.0,1
2121,720575941452320051,,1.0,1
2122,720575941452322867,,1.0,1
2123,720575941452456361,,1.0,1
2124,720575941452459591,,1.0,1
2125,720575941452533370,,1.0,1
2126,720575941452551546,,1.0,1
2127,720575941452604467,,1.0,1
2128,720575941452738119,,1.0,1
2129,720575941452748103,,1.0,1
2130,720575941452753991,,1.0,1
2131,720575941452755271,,1.0,1
2132,720575941452755527,,1.0,1
2133,720575941452757831,,1.0,1
2134,720575941452760647,,1.0,1
2135,720575941452765255,,1.0,1
2136,720575941452766023,,1.0,1
2137,720575941452782387,,1.0,1
2138,720575941453283241,,1.0,1
2139,720575941453284777,,1.0,1
2140,720575941453298089,,1.0,1
2141,720575941453299625,,1.0,1
2142,720575941453300393,,1.0,1
2143,720575941453310121,,1.0,1
2144,720575941453423785,,1.0,1
2145,720575941453441075,,1.0,1
2146,720575941453625001,,1.0,1
2147,720575941453805875,,1.0,1
2148,720575941453890867,,1.0,1
2149,720575941453939693,,1.0,1
2150,720575941453948397,,1.0,1
2151,720575941453954867,,1.0,1
2152,720575941453956589,,1.0,1
2153,720575941453962221,,1.0,1
2154,720575941453962477,,1.0,1
2155,720575941453968877,,1.0,1
2156,720575941453974765,,1.0,1
2157,720575941453978861,,1.0,1
2158,720575941453980909,,1.0,1
2159,720575941453984493,,1.0,1
2160,720575941453992685,,1.0,1
2161,720575941454001901,,1.0,1
2162,720575941454002413,,1.0,1
2163,720575941454015725,,1.0,1
2164,720575941454020077,,1.0,1
2165,720575941454024429,,1.0,1
2166,720575941454025965,,1.0,1
2167,720575941454032109,,1.0,1
2168,720575941454037485,,1.0,1
2169,720575941454037997,,1.0,1
2170,720575941454039533,,1.0,1
2171,720575941454042605,,1.0,1
2172,720575941454062829,,1.0,1
2173,720575941454064109,,1.0,1
2174,720575941454084659,,1.0,1
2175,720575941454612717,,1.0,1
2176,720575941454837043,,1.0,1
2177,720575941454868787,,1.0,1
2178,720575941454870579,,1.0,1
2179,720575941454877491,,1.0,1
2180,720575941454878003,,1.0,1
2181,720575941454898739,,1.0,1
2182,720575941454911795,,1.0,1
2183,720575941454912051,,1.0,1
2184,720575941454922291,,1.0,1
2185,720575941454923315,,1.0,1
2186,720575941455180525,,1.0,1
2187,720575941455232237,,1.0,1
2188,720575941455233517,,1.0,1
2189,720575941455311085,,1.0,1
2190,720575941455532851,,1.0,1
2191,720575941455536435,,1.0,1
2192,720575941455568621,,1.0,1
2193,720575941455572205,,1.0,1
2194,720575941455572973,,1.0,1
2195,720575941455579885,,1.0,1
2196,720575941455596781,,1.0,1
2197,720575941455598061,,1.0,1
2198,720575941455601645,,1.0,1
2199,720575941455666413,,1.0,1
2200,720575941455669997,,1.0,1
2201,720575941455678701,,1.0,1
2202,720575941455684845,,1.0,1
2203,720575941455700973,,1.0,1
2204,720575941455734765,,1.0,1
2205,720575941455775469,,1.0,1
2206,720575941455784688,,1.0,1
2207,720575941455785709,,1.0,1
2208,720575941455798253,,1.0,1
2209,720575941455849456,,1.0,1
2210,720575941455899120,,1.0,1
2211,720575941455932912,,1.0,1
2212,720575941455937264,,1.0,1
2213,720575941455940336,,1.0,1
2214,720575941456001520,,1.0,1
2215,720575941456023280,,1.0,1
2216,720575941456028144,,1.0,1
2217,720575941456035568,,1.0,1
2218,720575941456045552,,1.0,1
2219,720575941456047856,,1.0,1
2220,720575941456052976,,1.0,1
2221,720575941456067824,,1.0,1
2222,720575941456070640,,1.0,1
2223,720575941456074399,,1.0,1
2224,720575941456086256,,1.0,1
2225,720575941456100255,,1.0,1
2226,720575941456103839,,1.0,1
2227,720575941456137375,,1.0,1
2228,720575941456137887,,1.0,1
2229,720575941456146335,,1.0,1
2230,720575941456166047,,1.0,1
2231,720575941456170143,,1.0,1
2232,720575941456170655,,1.0,1
2233,720575941456173983,,1.0,1
2234,720575941456176799,,1.0,1
2235,720575941456179359,,1.0,1
2236,720575941456180127,,1.0,1
2237,720575941456206495,,1.0,1
2238,720575941456208031,,1.0,1
2239,720575941456216991,,1.0,1
2240,720575941456231327,,1.0,1
2241,720575941456244127,,1.0,1
2242,720575941456245919,,1.0,1
2243,720575941456257183,,1.0,1
2244,720575941456268959,,1.0,1
2245,720575941456273567,,1.0,1
2246,720575941456292511,,1.0,1
2247,720575941456303263,,1.0,1
2248,720575941456308895,,1.0,1
2249,720575941456310175,,1.0,1
2250,720575941456314271,,1.0,1
2251,720575941456322207,,1.0,1
2252,720575941456323821,,1.0,1
2253,720575941456334751,,1.0,1
2254,720575941456342175,,1.0,1
2255,720575941456347807,,1.0,1
2256,720575941456348575,,1.0,1
2257,720575941456349599,,1.0,1
2258,720575941456363935,,1.0,1
2259,720575941456373151,,1.0,1
2260,720575941456424863,,1.0,1
2261,720575941456425887,,1.0,1
2262,720575941456429471,,1.0,1
2263,720575941456448927,,1.0,1
2264,720575941456588013,,1.0,1
2265,720575941456637677,,1.0,1
2266,720575941456642541,,1.0,1
2267,720575941456643053,,1.0,1
2268,720575941456644589,,1.0,1
2269,720575941456653293,,1.0,1
2270,720575941456663021,,1.0,1
2271,720575941456664301,,1.0,1
2272,720575941456664557,,1.0,1
2273,720575941456667373,,1.0,1
2274,720575941456669421,,1.0,1
2275,720575941456678637,,1.0,1
2276,720575941456678893,,1.0,1
2277,720575941456679661,,1.0,1
2278,720575941456980383,,1.0,1
2279,720575941456983967,,1.0,1
2280,720575941456988575,,1.0,1
2281,720575941457108038,,1.0,1
2282,720575941457112479,,1.0,1
2283,720575941457122374,,1.0,1
2284,720575941457127494,,1.0,1
2285,720575941457134918,,1.0,1
2286,720575941457135686,,1.0,1
2287,720575941457139270,,1.0,1
2288,720575941457140550,,1.0,1
2289,720575941457147206,,1.0,1
2290,720575941457147718,,1.0,1
2291,720575941457149510,,1.0,1
2292,720575941457153094,,1.0,1
2293,720575941457161542,,1.0,1
2294,720575941457184838,,1.0,1
2295,720575941457186886,,1.0,1
2296,720575941457187142,,1.0,1
2297,720575941457203782,,1.0,1
2298,720575941457217094,,1.0,1
2299,720575941457219398,,1.0,1
2300,720575941457220166,,1.0,1
2301,720575941457223494,,1.0,1
2302,720575941457242861,,1.0,1
2303,720575941457243462,,1.0,1
2304,720575941457260358,,1.0,1
2305,720575941457292016,,1.0,1
2306,720575941457339117,,1.0,1
2307,720575941457431280,,1.0,1
2308,720575941457600671,,1.0,1
2309,720575941457619359,,1.0,1
2310,720575941457628912,,1.0,1
2311,720575941457631472,,1.0,1
2312,720575941457653488,,1.0,1
2313,720575941457663984,,1.0,1
2314,720575941457677040,,1.0,1
2315,720575941457678576,,1.0,1
2316,720575941457683184,,1.0,1
2317,720575941457686000,,1.0,1
2318,720575941457686256,,1.0,1
2319,720575941457686512,,1.0,1
2320,720575941457689072,,1.0,1
2321,720575941457707167,,1.0,1
2322,720575941457797360,,1.0,1
2323,720575941457800944,,1.0,1
2324,720575941457802480,,1.0,1
2325,720575941457804784,,1.0,1
2326,720575941457926047,,1.0,1
2327,720575941457929200,,1.0,1
2328,720575941457930655,,1.0,1
2329,720575941457932703,,1.0,1
2330,720575941457935263,,1.0,1
2331,720575941457935775,,1.0,1
2332,720575941457968287,,1.0,1
2333,720575941457969567,,1.0,1
2334,720575941457976479,,1.0,1
2335,720575941457985951,,1.0,1
2336,720575941458019487,,1.0,1
2337,720575941458073503,,1.0,1
2338,720575941458104735,,1.0,1
2339,720575941458107039,,1.0,1
2340,720575941458132895,,1.0,1
2341,720575941458136991,,1.0,1
2342,720575941458139551,,1.0,1
2343,720575941458142111,,1.0,1
2344,720575941458142879,,1.0,1
2345,720575941458149279,,1.0,1
2346,720575941458304211,,1.0,1
2347,720575941458320595,,1.0,1
2348,720575941458329043,,1.0,1
2349,720575941458329811,,1.0,1
2350,720575941458334163,,1.0,1
2351,720575941458353363,,1.0,1
2352,720575941458373587,,1.0,1
2353,720575941458382803,,1.0,1
2354,720575941458395347,,1.0,1
2355,720575941458399699,,1.0,1
2356,720575941458404307,,1.0,1
2357,720575941458418387,,1.0,1
2358,720575941458435283,,1.0,1
2359,720575941458447571,,1.0,1
2360,720575941458448083,,1.0,1
2361,720575941458464723,,1.0,1
2362,720575941458465235,,1.0,1
2363,720575941458468819,,1.0,1
2364,720575941458477011,,1.0,1
2365,720575941458481619,,1.0,1
2366,720575941458635475,,1.0,1
2367,720575941458656467,,1.0,1
2368,720575941458666707,,1.0,1
2369,720575941458717424,,1.0,1
2370,720575941458758852,,1.0,1
2371,720575941458770928,,1.0,1
2372,720575941458774598,,1.0,1
2373,720575941458780742,,1.0,1
2374,720575941458783558,,1.0,1
2375,720575941458786288,,1.0,1
2376,720575941458788166,,1.0,1
2377,720575941458789958,,1.0,1
2378,720575941458790726,,1.0,1
2379,720575941458792006,,1.0,1
2380,720575941458792262,,1.0,1
2381,720575941458794480,,1.0,1
2382,720575941458794822,,1.0,1
2383,720575941458801136,,1.0,1
2384,720575941458803184,,1.0,1
2385,720575941458805318,,1.0,1
2386,720575941458805488,,1.0,1
2387,720575941458808048,,1.0,1
2388,720575941458808816,,1.0,1
2389,720575941458810864,,1.0,1
2390,720575941458812742,,1.0,1
2391,720575941458815984,,1.0,1
2392,720575941458816752,,1.0,1
2393,720575941458818544,,1.0,1
2394,720575941458838000,,1.0,1
2395,720575941458858436,,1.0,1
2396,720575941458873796,,1.0,1
2397,720575941458885316,,1.0,1
2398,720575941458892740,,1.0,1
2399,720575941458893126,,1.0,1
2400,720575941458900164,,1.0,1
2401,720575941458908230,,1.0,1
2402,720575941458911814,,1.0,1
2403,720575941458924870,,1.0,1
2404,720575941458932294,,1.0,1
2405,720575941458940100,,1.0,1
2406,720575941458940356,,1.0,1
2407,720575941458941892,,1.0,1
2408,720575941458945732,,1.0,1
2409,720575941458953156,,1.0,1
2410,720575941458953375,,1.0,1
2411,720575941458953412,,1.0,1
2412,720575941458961860,,1.0,1
2413,720575941458970182,,1.0,1
2414,720575941458970438,,1.0,1
2415,720575941458975428,,1.0,1
2416,720575941458979524,,1.0,1
2417,720575941458980804,,1.0,1
2418,720575941459002271,,1.0,1
2419,720575941459004612,,1.0,1
2420,720575941459018180,,1.0,1
2421,720575941459025860,,1.0,1
2422,720575941459027359,,1.0,1
2423,720575941459028639,,1.0,1
2424,720575941459028895,,1.0,1
2425,720575941459040415,,1.0,1
2426,720575941459045535,,1.0,1
2427,720575941459090079,,1.0,1
2428,720575941459113683,,1.0,1
2429,720575941459114451,,1.0,1
2430,720575941459151556,,1.0,1
2431,720575941459312966,,1.0,1
2432,720575941459313990,,1.0,1
2433,720575941459314246,,1.0,1
2434,720575941459359728,,1.0,1
2435,720575941459423888,,1.0,1
2436,720575941459442064,,1.0,1
2437,720575941459521680,,1.0,1
2438,720575941459522192,,1.0,1
2439,720575941459526032,,1.0,1
2440,720575941459542416,,1.0,1
2441,720575941459550864,,1.0,1
2442,720575941459554960,,1.0,1
2443,720575941459555472,,1.0,1
2444,720575941459558800,,1.0,1
2445,720575941459559824,,1.0,1
2446,720575941459562128,,1.0,1
2447,720575941459562640,,1.0,1
2448,720575941459583632,,1.0,1
2449,720575941459591568,,1.0,1
2450,720575941459594640,,1.0,1
2451,720575941459594948,,1.0,1
2452,720575941459595664,,1.0,1
2453,720575941459610768,,1.0,1
2454,720575941459622288,,1.0,1
2455,720575941459640464,,1.0,1
2456,720575941459645840,,1.0,1
2457,720575941459650960,,1.0,1
2458,720575941459655568,,1.0,1
2459,720575941459672479,,1.0,1
2460,720575941459680838,,1.0,1
2461,720575941459712196,,1.0,1
2462,720575941459730131,,1.0,1
2463,720575941459873350,,1.0,1
2464,720575941459883846,,1.0,1
2465,720575941459886150,,1.0,1
2466,720575941459895366,,1.0,1
2467,720575941459900230,,1.0,1
2468,720575941459906630,,1.0,1
2469,720575941459912262,,1.0,1
2470,720575941459913798,,1.0,1
2471,720575941459917126,,1.0,1
2472,720575941459925318,,1.0,1
2473,720575941459926086,,1.0,1
2474,720575941459928134,,1.0,1
2475,720575941460050643,,1.0,1
2476,720575941460096708,,1.0,1
2477,720575941460106963,,1.0,1
2478,720575941460163539,,1.0,1
2479,720575941460170195,,1.0,1
2480,720575941460195780,,1.0,1
2481,720575941460225168,,1.0,1
2482,720575941460225936,,1.0,1
2483,720575941460231891,,1.0,1
2484,720575941460232147,,1.0,1
2485,720575941460234896,,1.0,1
2486,720575941460254163,,1.0,1
2487,720575941460384723,,1.0,1
2488,720575941460571588,,1.0,1
2489,720575941460885005,,1.0,1
2490,720575941460890893,,1.0,1
2491,720575941460902413,,1.0,1
2492,720575941460913165,,1.0,1
2493,720575941460943059,,1.0,1
2494,720575941460973581,,1.0,1
2495,720575941460983952,,1.0,1
2496,720575941460993037,,1.0,1
2497,720575941461065997,,1.0,1
2498,720575941461071117,,1.0,1
2499,720575941461081101,,1.0,1
2500,720575941461082381,,1.0,1
2501,720575941461086989,,1.0,1
2502,720575941461107981,,1.0,1
2503,720575941461108749,,1.0,1
2504,720575941461116941,,1.0,1
2505,720575941461119245,,1.0,1
2506,720575941461123341,,1.0,1
2507,720575941461140749,,1.0,1
2508,720575941461212883,,1.0,1
2509,720575941461214675,,1.0,1
2510,720575941461216467,,1.0,1
2511,720575941461221075,,1.0,1
2512,720575941461221587,,1.0,1
2513,720575941461222867,,1.0,1
2514,720575941461223312,,1.0,1
2515,720575941461223379,,1.0,1
2516,720575941461224147,,1.0,1
2517,720575941461227152,,1.0,1
2518,720575941461227664,,1.0,1
2519,720575941461231827,,1.0,1
2520,720575941461232083,,1.0,1
2521,720575941461235088,,1.0,1
2522,720575941461237459,,1.0,1
2523,720575941461239440,,1.0,1
2524,720575941461240019,,1.0,1
2525,720575941461243859,,1.0,1
2526,720575941461246931,,1.0,1
2527,720575941461248211,,1.0,1
2528,720575941461249747,,1.0,1
2529,720575941461251027,,1.0,1
2530,720575941461253075,,1.0,1
2531,720575941461253587,,1.0,1
2532,720575941461256147,,1.0,1
2533,720575941461258451,,1.0,1
2534,720575941461296016,,1.0,1
2535,720575941461297296,,1.0,1
2536,720575941461305488,,1.0,1
2537,720575941461359248,,1.0,1
2538,720575941461368976,,1.0,1
2539,720575941461374608,,1.0,1
2540,720575941461393040,,1.0,1
2541,720575941461393296,,1.0,1
2542,720575941461633220,,1.0,1
2543,720575941461636804,,1.0,1
2544,720575941461641924,,1.0,1
2545,720575941461644740,,1.0,1
2546,720575941461648580,,1.0,1
2547,720575941461658308,,1.0,1
2548,720575941461661892,,1.0,1
2549,720575941461664964,,1.0,1
2550,720575941461679300,,1.0,1
2551,720575941461684932,,1.0,1
2552,720575941461688004,,1.0,1
2553,720575941461698500,,1.0,1
2554,720575941461793549,,1.0,1
2555,720575941461794829,,1.0,1
2556,720575941461816787,,1.0,1
2557,720575941461957587,,1.0,1
2558,720575941461959379,,1.0,1
2559,720575941461969107,,1.0,1
2560,720575941462142864,,1.0,1
2561,720575941462402317,,1.0,1
2562,720575941462423952,,1.0,1
2563,720575941462467984,,1.0,1
2564,720575941462468752,,1.0,1
2565,720575941462469008,,1.0,1
2566,720575941462470544,,1.0,1
2567,720575941462485904,,1.0,1
2568,720575941462487184,,1.0,1
2569,720575941462489488,,1.0,1
2570,720575941462490256,,1.0,1
2571,720575941462497680,,1.0,1
2572,720575941462499216,,1.0,1
2573,720575941462501008,,1.0,1
2574,720575941462502544,,1.0,1
2575,720575941462503056,,1.0,1
2576,720575941462516624,,1.0,1
2577,720575941462590608,,1.0,1
2578,720575941462712845,,1.0,1
2579,720575941462716429,,1.0,1
2580,720575941463325453,,1.0,1
2581,720575941463352333,,1.0,1
2582,720575941463546125,,1.0,1
2583,720575941463638285,,1.0,1
2584,720575941463639821,,1.0,1
2585,720575941463650829,,1.0,1
2586,720575941463655181,,1.0,1
2587,720575941463655437,,1.0,1
2588,720575941463655693,,1.0,1
2589,720575941463655949,,1.0,1
2590,720575941463671309,,1.0,1
2591,720575941464048726,,1.0,1
2592,720575941464073558,,1.0,1
2593,720575941464075862,,1.0,1
2594,720575941464107350,,1.0,1
2595,720575941464112470,,1.0,1
2596,720575941464139094,,1.0,1
2597,720575941464142422,,1.0,1
2598,720575941464150870,,1.0,1
2599,720575941464162902,,1.0,1
2600,720575941464163670,,1.0,1
2601,720575941464163926,,1.0,1
2602,720575941464164950,,1.0,1
2603,720575941464168534,,1.0,1
2604,720575941464187734,,1.0,1
2605,720575941464252246,,1.0,1
2606,720575941464268118,,1.0,1
2607,720575941464272982,,1.0,1
2608,720575941464283222,,1.0,1
2609,720575941464284502,,1.0,1
2610,720575941464308237,,1.0,1
2611,720575941464375126,,1.0,1
2612,720575941464747798,,1.0,1
2613,720575941464768790,,1.0,1
2614,720575941464769046,,1.0,1
2615,720575941464777814,,1.0,1
2616,720575941464790294,,1.0,1
2617,720575941464839446,,1.0,1
2618,720575941464860950,,1.0,1
2619,720575941464883990,,1.0,1
2620,720575941464897302,,1.0,1
2621,720575941464901398,,1.0,1
2622,720575941464904982,,1.0,1
2623,720575941464907542,,1.0,1
2624,720575941464915990,,1.0,1
2625,720575941464929046,,1.0,1
2626,720575941464961558,,1.0,1
2627,720575941464962326,,1.0,1
2628,720575941464993046,,1.0,1
2629,720575941465080342,,1.0,1
2630,720575941465467478,,1.0,1
2631,720575941465477910,,1.0,1
2632,720575941465482262,,1.0,1
2633,720575941465484566,,1.0,1
2634,720575941465682518,,1.0,1
2635,720575941465760598,,1.0,1
2636,720575941465763414,,1.0,1
2637,720575941465765206,,1.0,1
2638,720575941465773398,,1.0,1
2639,720575941465788246,,1.0,1
2640,720575941465788502,,1.0,1
2641,720575941465818198,,1.0,1
2642,720575941466074134,,1.0,1
2643,720575941466160982,,1.0,1
2644,720575941466376022,,1.0,1
2645,720575941466401622,,1.0,1
2646,720575941466408982,,1.0,1
2647,720575941466413590,,1.0,1
2648,720575941466417686,,1.0,1
2649,720575941466424598,,1.0,1
2650,720575941466433814,,1.0,1
2651,720575941466439958,,1.0,1
2652,720575941466447126,,1.0,1
2653,720575941466498838,,1.0,1
2654,720575941466509590,,1.0,1
2655,720575941466536214,,1.0,1
2656,720575941466543894,,1.0,1
2657,720575941466545174,,1.0,1
2658,720575941466558742,,1.0,1
2659,720575941466725206,,1.0,1
2660,720575941466726230,,1.0,1
2661,720575941466727254,,1.0,1
2662,720575941466731542,,1.0,1
2663,720575941466736214,,1.0,1
2664,720575941466737494,,1.0,1
2665,720575941466751062,,1.0,1
2666,720575941467056093,,1.0,1
2667,720575941467117277,,1.0,1
2668,720575941467204829,,1.0,1
2669,720575941467215069,,1.0,1
2670,720575941467216093,,1.0,1
2671,720575941467235293,,1.0,1
2672,720575941467236317,,1.0,1
2673,720575941467252189,,1.0,1
2674,720575941467287773,,1.0,1
2675,720575941467289309,,1.0,1
2676,720575941467292893,,1.0,1
2677,720575941467352406,,1.0,1
2678,720575941467362326,,1.0,1
2679,720575941467560982,,1.0,1
2680,720575941467562518,,1.0,1
2681,720575941467575318,,1.0,1
2682,720575941467578134,,1.0,1
2683,720575941467587862,,1.0,1
2684,720575941467597846,,1.0,1
2685,720575941467600150,,1.0,1
2686,720575941467607574,,1.0,1
2687,720575941467609110,,1.0,1
2688,720575941467746269,,1.0,1
2689,720575941468163037,,1.0,1
2690,720575941468212343,,1.0,1
2691,720575941468235741,,1.0,1
2692,720575941468251767,,1.0,1
2693,720575941468268151,,1.0,1
2694,720575941468277879,,1.0,1
2695,720575941468292471,,1.0,1
2696,720575941468297079,,1.0,1
2697,720575941468312695,,1.0,1
2698,720575941468320631,,1.0,1
2699,720575941468325239,,1.0,1
2700,720575941468329591,,1.0,1
2701,720575941468329847,,1.0,1
2702,720575941468338551,,1.0,1
2703,720575941468341367,,1.0,1
2704,720575941468345975,,1.0,1
2705,720575941468355447,,1.0,1
2706,720575941468357239,,1.0,1
2707,720575941468384631,,1.0,1
2708,720575941468522251,,1.0,1
2709,720575941468555639,,1.0,1
2710,720575941468589835,,1.0,1
2711,720575941468592395,,1.0,1
2712,720575941468610059,,1.0,1
2713,720575941468675191,,1.0,1
2714,720575941468679947,,1.0,1
2715,720575941468683229,,1.0,1
2716,720575941468683485,,1.0,1
2717,720575941468683997,,1.0,1
2718,720575941468699403,,1.0,1
2719,720575941468700637,,1.0,1
2720,720575941468702731,,1.0,1
2721,720575941468707805,,1.0,1
2722,720575941468711389,,1.0,1
2723,720575941468717323,,1.0,1
2724,720575941468717835,,1.0,1
2725,720575941468720139,,1.0,1
2726,720575941468724235,,1.0,1
2727,720575941468756445,,1.0,1
2728,720575941468766429,,1.0,1
2729,720575941468769803,,1.0,1
2730,720575941468775691,,1.0,1
2731,720575941468776157,,1.0,1
2732,720575941468786699,,1.0,1
2733,720575941468788235,,1.0,1
2734,720575941468799499,,1.0,1
2735,720575941468803037,,1.0,1
2736,720575941468826176,,1.0,1
2737,720575941468830016,,1.0,1
2738,720575941468845632,,1.0,1
2739,720575941468896832,,1.0,1
2740,720575941468899904,,1.0,1
2741,720575941468905995,,1.0,1
2742,720575941468917824,,1.0,1
2743,720575941468925760,,1.0,1
2744,720575941468942656,,1.0,1
2745,720575941468955200,,1.0,1
2746,720575941468958016,,1.0,1
2747,720575941468960576,,1.0,1
2748,720575941468966208,,1.0,1
2749,720575941468970304,,1.0,1
2750,720575941468977984,,1.0,1
2751,720575941468989760,,1.0,1
2752,720575941468996928,,1.0,1
2753,720575941468998720,,1.0,1
2754,720575941469018176,,1.0,1
2755,720575941469024064,,1.0,1
2756,720575941469024576,,1.0,1
2757,720575941469029184,,1.0,1
2758,720575941469033536,,1.0,1
2759,720575941469040503,,1.0,1
2760,720575941469043831,,1.0,1
2761,720575941469056320,,1.0,1
2762,720575941469061239,,1.0,1
2763,720575941469063031,,1.0,1
2764,720575941469066615,,1.0,1
2765,720575941469070199,,1.0,1
2766,720575941469314525,,1.0,1
2767,720575941469354251,,1.0,1
2768,720575941469397981,,1.0,1
2769,720575941469610871,,1.0,1
2770,720575941469657408,,1.0,1
2771,720575941469659712,,1.0,1
2772,720575941469696477,,1.0,1
2773,720575941469712605,,1.0,1
2774,720575941469715677,,1.0,1
2775,720575941469717111,,1.0,1
2776,720575941469720029,,1.0,1
2777,720575941469720541,,1.0,1
2778,720575941469721053,,1.0,1
2779,720575941469724125,,1.0,1
2780,720575941469796416,,1.0,1
2781,720575941469839936,,1.0,1
2782,720575941469846903,,1.0,1
2783,720575941470067063,,1.0,1
2784,720575941470077047,,1.0,1
2785,720575941470091383,,1.0,1
2786,720575941470094711,,1.0,1
2787,720575941470101879,,1.0,1
2788,720575941470163575,,1.0,1
2789,720575941470223223,,1.0,1
2790,720575941470231671,,1.0,1
2791,720575941470234999,,1.0,1
2792,720575941470237504,,1.0,1
2793,720575941470243959,,1.0,1
2794,720575941470247031,,1.0,1
2795,720575941470275703,,1.0,1
2796,720575941470348096,,1.0,1
2797,720575941470377995,,1.0,1
2798,720575941470380043,,1.0,1
2799,720575941470382347,,1.0,1
2800,720575941470384907,,1.0,1
2801,720575941470393355,,1.0,1
2802,720575941470395915,,1.0,1
2803,720575941470399499,,1.0,1
2804,720575941470401291,,1.0,1
2805,720575941470474763,,1.0,1
2806,720575941470498059,,1.0,1
2807,720575941470535435,,1.0,1
2808,720575941470536715,,1.0,1
2809,720575941470720576,,1.0,1
2810,720575941470723648,,1.0,1
2811,720575941470726208,,1.0,1
2812,720575941470734912,,1.0,1
2813,720575941470736192,,1.0,1
2814,720575941470744896,,1.0,1
2815,720575941470747968,,1.0,1
2816,720575941470752576,,1.0,1
2817,720575941470778944,,1.0,1
2818,720575941470786368,,1.0,1
2819,720575941470831168,,1.0,1
2820,720575941470831680,,1.0,1
2821,720575941470854720,,1.0,1
2822,720575941470857024,,1.0,1
2823,720575941470865216,,1.0,1
2824,720575941470865472,,1.0,1
2825,720575941471044363,,1.0,1
2826,720575941471052555,,1.0,1
2827,720575941471064331,,1.0,1
2828,720575941471068023,,1.0,1
2829,720575941471086967,,1.0,1
2830,720575941471108471,,1.0,1
2831,720575941471112567,,1.0,1
2832,720575941471124343,,1.0,1
2833,720575941471130231,,1.0,1
2834,720575941471132535,,1.0,1
2835,720575941471133559,,1.0,1
2836,720575941471135863,,1.0,1
2837,720575941471138935,,1.0,1
2838,720575941471143031,,1.0,1
2839,720575941471145335,,1.0,1
2840,720575941471146103,,1.0,1
2841,720575941471159415,,1.0,1
2842,720575941471159671,,1.0,1
2843,720575941471160183,,1.0,1
2844,720575941471166327,,1.0,1
2845,720575941471167095,,1.0,1
2846,720575941471168119,,1.0,1
2847,720575941471182455,,1.0,1
2848,720575941471186295,,1.0,1
2849,720575941471188599,,1.0,1
2850,720575941471190368,,1.0,1
2851,720575941471203447,,1.0,1
2852,720575941471212896,,1.0,1
2853,720575941471235680,,1.0,1
2854,720575941471240000,,1.0,1
2855,720575941471250528,,1.0,1
2856,720575941471250784,,1.0,1
2857,720575941471266912,,1.0,1
2858,720575941471268192,,1.0,1
2859,720575941471285344,,1.0,1
2860,720575941471287136,,1.0,1
2861,720575941471296096,,1.0,1
2862,720575941471300192,,1.0,1
2863,720575941471307104,,1.0,1
2864,720575941471318112,,1.0,1
2865,720575941471319904,,1.0,1
2866,720575941471325280,,1.0,1
2867,720575941471439627,,1.0,1
2868,720575941471458059,,1.0,1
2869,720575941471470091,,1.0,1
2870,720575941471472395,,1.0,1
2871,720575941471546176,,1.0,1
2872,720575941471646583,,1.0,1
2873,720575941471803712,,1.0,1
2874,720575941471844215,,1.0,1
2875,720575941471858039,,1.0,1
2876,720575941471888704,,1.0,1
2877,720575941471896384,,1.0,1
2878,720575941471907904,,1.0,1
2879,720575941471908160,,1.0,1
2880,720575941471909440,,1.0,1
2881,720575941471910208,,1.0,1
2882,720575941471911488,,1.0,1
2883,720575941471912000,,1.0,1
2884,720575941471915328,,1.0,1
2885,720575941471915584,,1.0,1
2886,720575941471916864,,1.0,1
2887,720575941471921216,,1.0,1
2888,720575941471923008,,1.0,1
2889,720575941471925056,,1.0,1
2890,720575941471926592,,1.0,1
2891,720575941471931712,,1.0,1
2892,720575941471932736,,1.0,1
2893,720575941471932992,,1.0,1
2894,720575941472011306,,1.0,1
2895,720575941472037418,,1.0,1
2896,720575941472042282,,1.0,1
2897,720575941472050218,,1.0,1
2898,720575941472078122,,1.0,1
2899,720575941472087338,,1.0,1
2900,720575941472097066,,1.0,1
2901,720575941472101930,,1.0,1
2902,720575941472103978,,1.0,1
2903,720575941472104490,,1.0,1
2904,720575941472113706,,1.0,1
2905,720575941472114474,,1.0,1
2906,720575941472122666,,1.0,1
2907,720575941472131882,,1.0,1
2908,720575941472135179,,1.0,1
2909,720575941472135978,,1.0,1
2910,720575941472138026,,1.0,1
2911,720575941472141610,,1.0,1
2912,720575941472143914,,1.0,1
2913,720575941472146218,,1.0,1
2914,720575941472147242,,1.0,1
2915,720575941472158506,,1.0,1
2916,720575941472164138,,1.0,1
2917,720575941472349536,,1.0,1
2918,720575941472385083,,1.0,1
2919,720575941472402016,,1.0,1
2920,720575941472417083,,1.0,1
2921,720575941472427579,,1.0,1
2922,720575941472436027,,1.0,1
2923,720575941472457568,,1.0,1
2924,720575941472506944,,1.0,1
2925,720575941472554043,,1.0,1
2926,720575941472561979,,1.0,1
2927,720575941472571451,,1.0,1
2928,720575941472571963,,1.0,1
2929,720575941472572987,,1.0,1
2930,720575941472573499,,1.0,1
2931,720575941472575547,,1.0,1
2932,720575941472583995,,1.0,1
2933,720575941472595003,,1.0,1
2934,720575941472597307,,1.0,1
2935,720575941472603963,,1.0,1
2936,720575941472613435,,1.0,1
2937,720575941472630075,,1.0,1
2938,720575941472646496,,1.0,1
2939,720575941472661307,,1.0,1
2940,720575941472661819,,1.0,1
2941,720575941472700000,,1.0,1
2942,720575941472725088,,1.0,1
2943,720575941472739168,,1.0,1
2944,720575941472742752,,1.0,1
2945,720575941472748384,,1.0,1
2946,720575941472772650,,1.0,1
2947,720575941472847712,,1.0,1
2948,720575941472889952,,1.0,1
2949,720575941473310267,,1.0,1
2950,720575941473315643,,1.0,1
2951,720575941473384234,,1.0,1
2952,720575941473429290,,1.0,1
2953,720575941473491040,,1.0,1
2954,720575941473679402,,1.0,1
2955,720575941473680938,,1.0,1
2956,720575941473684266,,1.0,1
2957,720575941473686058,,1.0,1
2958,720575941473690922,,1.0,1
2959,720575941473691178,,1.0,1
2960,720575941473694762,,1.0,1
2961,720575941473703722,,1.0,1
2962,720575941473744682,,1.0,1
2963,720575941473755946,,1.0,1
2964,720575941473808480,,1.0,1
2965,720575941473818720,,1.0,1
2966,720575941473826912,,1.0,1
2967,720575941473850720,,1.0,1
2968,720575941473852000,,1.0,1
2969,720575941473867616,,1.0,1
2970,720575941473892704,,1.0,1
2971,720575941473901920,,1.0,1
2972,720575941473904443,,1.0,1
2973,720575941474022496,,1.0,1
2974,720575941474259754,,1.0,1
2975,720575941474319163,,1.0,1
2976,720575941474319419,,1.0,1
2977,720575941474319675,,1.0,1
2978,720575941474323515,,1.0,1
2979,720575941474332987,,1.0,1
2980,720575941474334779,,1.0,1
2981,720575941474337310,,1.0,1
2982,720575941474347294,,1.0,1
2983,720575941474355242,,1.0,1
2984,720575941474362939,,1.0,1
2985,720575941474373169,,1.0,1
2986,720575941474394673,,1.0,1
2987,720575941474395166,,1.0,1
2988,720575941474396702,,1.0,1
2989,720575941474396721,,1.0,1
2990,720575941474404923,,1.0,1
2991,720575941474409521,,1.0,1
2992,720575941474412574,,1.0,1
2993,720575941474420027,,1.0,1
2994,720575941474426929,,1.0,1
2995,720575941474435889,,1.0,1
2996,720575941474437681,,1.0,1
2997,720575941474439966,,1.0,1
2998,720575941474442014,,1.0,1
2999,720575941474445342,,1.0,1
3000,720575941474449457,,1.0,1
3001,720575941474456350,,1.0,1
3002,720575941474458142,,1.0,1
3003,720575941474465329,,1.0,1
3004,720575941474467377,,1.0,1
3005,720575941474467633,,1.0,1
3006,720575941474471729,,1.0,1
3007,720575941474476574,,1.0,1
3008,720575941474476830,,1.0,1
3009,720575941474479675,,1.0,1
3010,720575941474482737,,1.0,1
3011,720575941474491697,,1.0,1
3012,720575941474493470,,1.0,1
3013,720575941474495025,,1.0,1
3014,720575941474495537,,1.0,1
3015,720575941474506270,,1.0,1
3016,720575941474511390,,1.0,1
3017,720575941474518814,,1.0,1
3018,720575941474519070,,1.0,1
3019,720575941474519582,,1.0,1
3020,720575941474529310,,1.0,1
3021,720575941474531870,,1.0,1
3022,720575941474563936,,1.0,1
3023,720575941474565428,,1.0,1
3024,720575941474569268,,1.0,1
3025,720575941474571572,,1.0,1
3026,720575941474584874,,1.0,1
3027,720575941474598964,,1.0,1
3028,720575941474605364,,1.0,1
3029,720575941474616106,,1.0,1
3030,720575941474616372,,1.0,1
3031,720575941474620970,,1.0,1
3032,720575941474630186,,1.0,1
3033,720575941474630442,,1.0,1
3034,720575941474637866,,1.0,1
3035,720575941474640682,,1.0,1
3036,720575941474646570,,1.0,1
3037,720575941474648618,,1.0,1
3038,720575941474704948,,1.0,1
3039,720575941474705473,,1.0,1
3040,720575941474711873,,1.0,1
3041,720575941474725684,,1.0,1
3042,720575941474730299,,1.0,1
3043,720575941474741051,,1.0,1
3044,720575941474741819,,1.0,1
3045,720575941474742331,,1.0,1
3046,720575941474742843,,1.0,1
3047,720575941474745396,,1.0,1
3048,720575941474746420,,1.0,1
3049,720575941474763828,,1.0,1
3050,720575941474779444,,1.0,1
3051,720575941474781748,,1.0,1
3052,720575941474794804,,1.0,1
3053,720575941474802497,,1.0,1
3054,720575941474806068,,1.0,1
3055,720575941474813748,,1.0,1
3056,720575941474816308,,1.0,1
3057,720575941474818100,,1.0,1
3058,720575941474819380,,1.0,1
3059,720575941474830644,,1.0,1
3060,720575941474832193,,1.0,1
3061,720575941474832436,,1.0,1
3062,720575941474832692,,1.0,1
3063,720575941474853697,,1.0,1
3064,720575941474884417,,1.0,1
3065,720575941474920257,,1.0,1
3066,720575941474921537,,1.0,1
3067,720575941474928193,,1.0,1
3068,720575941474928449,,1.0,1
3069,720575941474929729,,1.0,1
3070,720575941474935105,,1.0,1
3071,720575941474937153,,1.0,1
3072,720575941474945345,,1.0,1
3073,720575941474952001,,1.0,1
3074,720575941474977601,,1.0,1
3075,720575941474980417,,1.0,1
3076,720575941474984257,,1.0,1
3077,720575941474985531,,1.0,1
3078,720575941474985793,,1.0,1
3079,720575941474986049,,1.0,1
3080,720575941475006273,,1.0,1
3081,720575941475024689,,1.0,1
3082,720575941475113246,,1.0,1
3083,720575941475114270,,1.0,1
3084,720575941475116830,,1.0,1
3085,720575941475329083,,1.0,1
3086,720575941475351611,,1.0,1
3087,720575941475358779,,1.0,1
3088,720575941475378491,,1.0,1
3089,720575941475380027,,1.0,1
3090,720575941475381307,,1.0,1
3091,720575941475391035,,1.0,1
3092,720575941475396155,,1.0,1
3093,720575941475452468,,1.0,1
3094,720575941475591530,,1.0,1
3095,720575941475609194,,1.0,1
3096,720575941475623274,,1.0,1
3097,720575941475634538,,1.0,1
3098,720575941475637297,,1.0,1
3099,720575941475659626,,1.0,1
3100,720575941475696490,,1.0,1
3101,720575941475696746,,1.0,1
3102,720575941475702890,,1.0,1
3103,720575941475709214,,1.0,1
3104,720575941475710570,,1.0,1
3105,720575941475711518,,1.0,1
3106,720575941475714865,,1.0,1
3107,720575941475720042,,1.0,1
3108,720575941475722033,,1.0,1
3109,720575941475724650,,1.0,1
3110,720575941475733098,,1.0,1
3111,720575941475742314,,1.0,1
3112,720575941475745642,,1.0,1
3113,720575941475749994,,1.0,1
3114,720575941475766122,,1.0,1
3115,720575941475768682,,1.0,1
3116,720575941475768938,,1.0,1
3117,720575941475772266,,1.0,1
3118,720575941475773290,,1.0,1
3119,720575941475777310,,1.0,1
3120,720575941475780202,,1.0,1
3121,720575941475788906,,1.0,1
3122,720575941475791210,,1.0,1
3123,720575941475793002,,1.0,1
3124,720575941475798634,,1.0,1
3125,720575941475799658,,1.0,1
3126,720575941475825467,,1.0,1
3127,720575941475978545,,1.0,1
3128,720575941475985201,,1.0,1
3129,720575941475988529,,1.0,1
3130,720575941475991345,,1.0,1
3131,720575941475992113,,1.0,1
3132,720575941475996465,,1.0,1
3133,720575941476001310,,1.0,1
3134,720575941476011806,,1.0,1
3135,720575941476025886,,1.0,1
3136,720575941476032542,,1.0,1
3137,720575941476032817,,1.0,1
3138,720575941476033054,,1.0,1
3139,720575941476034078,,1.0,1
3140,720575941476036894,,1.0,1
3141,720575941476037406,,1.0,1
3142,720575941476071729,,1.0,1
3143,720575941476080177,,1.0,1
3144,720575941476101937,,1.0,1
3145,720575941476104753,,1.0,1
3146,720575941476130097,,1.0,1
3147,720575941476134705,,1.0,1
3148,720575941476140830,,1.0,1
3149,720575941476147998,,1.0,1
3150,720575941476173105,,1.0,1
3151,720575941476181278,,1.0,1
3152,720575941476187969,,1.0,1
3153,720575941476202801,,1.0,1
3154,720575941476218945,,1.0,1
3155,720575941476220481,,1.0,1
3156,720575941476261172,,1.0,1
3157,720575941476357172,,1.0,1
3158,720575941476369972,,1.0,1
3159,720575941476372532,,1.0,1
3160,720575941476376372,,1.0,1
3161,720575941476377140,,1.0,1
3162,720575941476377908,,1.0,1
3163,720575941476380468,,1.0,1
3164,720575941476380724,,1.0,1
3165,720575941476383540,,1.0,1
3166,720575941476443956,,1.0,1
3167,720575941476452458,,1.0,1
3168,720575941476519476,,1.0,1
3169,720575941476532801,,1.0,1
3170,720575941476539700,,1.0,1
3171,720575941476541236,,1.0,1
3172,720575941476543297,,1.0,1
3173,720575941476544820,,1.0,1
3174,720575941476555329,,1.0,1
3175,720575941476556609,,1.0,1
3176,720575941476557633,,1.0,1
3177,720575941476587060,,1.0,1
3178,720575941476635713,,1.0,1
3179,720575941476952113,,1.0,1
3180,720575941476969521,,1.0,1
3181,720575941476973105,,1.0,1
3182,720575941476973361,,1.0,1
3183,720575941476987953,,1.0,1
3184,720575941476990001,,1.0,1
3185,720575941476990257,,1.0,1
3186,720575941476991025,,1.0,1
3187,720575941476997681,,1.0,1
3188,720575941477003313,,1.0,1
3189,720575941477051166,,1.0,1
3190,720575941477100340,,1.0,1
3191,720575941477131550,,1.0,1
3192,720575941477140017,,1.0,1
3193,720575941477147678,,1.0,1
3194,720575941477153566,,1.0,1
3195,720575941477158686,,1.0,1
3196,720575941477164574,,1.0,1
3197,720575941477166622,,1.0,1
3198,720575941477170718,,1.0,1
3199,720575941477180446,,1.0,1
3200,720575941477189662,,1.0,1
3201,720575941477189918,,1.0,1
3202,720575941477190430,,1.0,1
3203,720575941477193246,,1.0,1
3204,720575941477271361,,1.0,1
3205,720575941477289780,,1.0,1
3206,720575941477292340,,1.0,1
3207,720575941477293108,,1.0,1
3208,720575941477293620,,1.0,1
3209,720575941477294644,,1.0,1
3210,720575941477308212,,1.0,1
3211,720575941477316404,,1.0,1
3212,720575941477322548,,1.0,1
3213,720575941477323316,,1.0,1
3214,720575941477327924,,1.0,1
3215,720575941477329460,,1.0,1
3216,720575941477332276,,1.0,1
3217,720575941477335092,,1.0,1
3218,720575941477335348,,1.0,1
3219,720575941477335604,,1.0,1
3220,720575941477335860,,1.0,1
3221,720575941477338420,,1.0,1
3222,720575941477340212,,1.0,1
3223,720575941477342001,,1.0,1
3224,720575941477345076,,1.0,1
3225,720575941477365044,,1.0,1
3226,720575941477365812,,1.0,1
3227,720575941477368372,,1.0,1
3228,720575941477385834,,1.0,1
3229,720575941477395050,,1.0,1
3230,720575941477425770,,1.0,1
3231,720575941477430833,,1.0,1
3232,720575941477446762,,1.0,1
3233,720575941477447530,,1.0,1
3234,720575941477488234,,1.0,1
3235,720575941477497312,,1.0,1
3236,720575941477517674,,1.0,1
3237,720575941477522206,,1.0,1
3238,720575941477547841,,1.0,1
3239,720575941477548097,,1.0,1
3240,720575941477552352,,1.0,1
3241,720575941477556289,,1.0,1
3242,720575941477558337,,1.0,1
3243,720575941477564993,,1.0,1
3244,720575941477565505,,1.0,1
3245,720575941477570784,,1.0,1
3246,720575941477573344,,1.0,1
3247,720575941477577440,,1.0,1
3248,720575941477587777,,1.0,1
3249,720575941477593409,,1.0,1
3250,720575941477593665,,1.0,1
3251,720575941477598432,,1.0,1
3252,720575941477600321,,1.0,1
3253,720575941477607648,,1.0,1
3254,720575941477613024,,1.0,1
3255,720575941477614560,,1.0,1
3256,720575941477615584,,1.0,1
3257,720575941477616864,,1.0,1
3258,720575941477623008,,1.0,1
3259,720575941477626986,,1.0,1
3260,720575941477633760,,1.0,1
3261,720575941477647328,,1.0,1
3262,720575941477664736,,1.0,1
3263,720575941477666528,,1.0,1
3264,720575941477668320,,1.0,1
3265,720575941477668832,,1.0,1
3266,720575941477693408,,1.0,1
3267,720575941477820546,,1.0,1
3268,720575941477830786,,1.0,1
3269,720575941477832322,,1.0,1
3270,720575941477849730,,1.0,1
3271,720575941477856130,,1.0,1
3272,720575941477858434,,1.0,1
3273,720575941477863810,,1.0,1
3274,720575941477874818,,1.0,1
3275,720575941477877122,,1.0,1
3276,720575941477879426,,1.0,1
3277,720575941477882754,,1.0,1
3278,720575941477884802,,1.0,1
3279,720575941477887139,,1.0,1
3280,720575941477897346,,1.0,1
3281,720575941477900930,,1.0,1
3282,720575941477907842,,1.0,1
3283,720575941477915522,,1.0,1
3284,720575941477915956,,1.0,1
3285,720575941477919618,,1.0,1
3286,720575941477921601,,1.0,1
3287,720575941477922369,,1.0,1
3288,720575941477927042,,1.0,1
3289,720575941477927298,,1.0,1
3290,720575941477941378,,1.0,1
3291,720575941477947778,,1.0,1
3292,720575941477951618,,1.0,1
3293,720575941477955491,,1.0,1
3294,720575941477958563,,1.0,1
3295,720575941477996195,,1.0,1
3296,720575941478057123,,1.0,1
3297,720575941478089891,,1.0,1
3298,720575941478091427,,1.0,1
3299,720575941478092963,,1.0,1
3300,720575941478100643,,1.0,1
3301,720575941478101667,,1.0,1
3302,720575941478103203,,1.0,1
3303,720575941478105763,,1.0,1
3304,720575941478109859,,1.0,1
3305,720575941478117539,,1.0,1
3306,720575941478132643,,1.0,1
3307,720575941478168739,,1.0,1
3308,720575941478179235,,1.0,1
3309,720575941478180515,,1.0,1
3310,720575941478184099,,1.0,1
3311,720575941478186147,,1.0,1
3312,720575941478194083,,1.0,1
3313,720575941478269664,,1.0,1
3314,720575941478279136,,1.0,1
3315,720575941478289376,,1.0,1
3316,720575941478304992,,1.0,1
3317,720575941478310624,,1.0,1
3318,720575941478385743,,1.0,1
3319,720575941478390607,,1.0,1
3320,720575941478392739,,1.0,1
3321,720575941478393935,,1.0,1
3322,720575941478397802,,1.0,1
3323,720575941478398058,,1.0,1
3324,720575941478399055,,1.0,1
3325,720575941478399456,,1.0,1
3326,720575941478399850,,1.0,1
3327,720575941478402154,,1.0,1
3328,720575941478402922,,1.0,1
3329,720575941478403178,,1.0,1
3330,720575941478405738,,1.0,1
3331,720575941478407018,,1.0,1
3332,720575941478413647,,1.0,1
3333,720575941478444879,,1.0,1
3334,720575941478467458,,1.0,1
3335,720575941478470735,,1.0,1
3336,720575941478474114,,1.0,1
3337,720575941478478927,,1.0,1
3338,720575941478494338,,1.0,1
3339,720575941478509903,,1.0,1
3340,720575941478519631,,1.0,1
3341,720575941478523983,,1.0,1
3342,720575941478527311,,1.0,1
3343,720575941478529103,,1.0,1
3344,720575941478539855,,1.0,1
3345,720575941478544719,,1.0,1
3346,720575941478547791,,1.0,1
3347,720575941478570831,,1.0,1
3348,720575941478579791,,1.0,1
3349,720575941478581839,,1.0,1
3350,720575941478583887,,1.0,1
3351,720575941478584143,,1.0,1
3352,720575941478598735,,1.0,1
3353,720575941478608207,,1.0,1
3354,720575941478614863,,1.0,1
3355,720575941478617935,,1.0,1
3356,720575941478634831,,1.0,1
3357,720575941478732451,,1.0,1
3358,720575941478804098,,1.0,1
3359,720575941478839203,,1.0,1
3360,720575941478840032,,1.0,1
3361,720575941478843872,,1.0,1
3362,720575941478888099,,1.0,1
3363,720575941478980226,,1.0,1
3364,720575941479026883,,1.0,1
3365,720575941479040591,,1.0,1
3366,720575941479064771,,1.0,1
3367,720575941479081322,,1.0,1
3368,720575941479084227,,1.0,1
3369,720575941479094211,,1.0,1
3370,720575941479117698,,1.0,1
3371,720575941479123139,,1.0,1
3372,720575941479129283,,1.0,1
3373,720575941479133635,,1.0,1
3374,720575941479139011,,1.0,1
3375,720575941479139523,,1.0,1
3376,720575941479153091,,1.0,1
3377,720575941479160771,,1.0,1
3378,720575941479162051,,1.0,1
3379,720575941479167456,,1.0,1
3380,720575941479168451,,1.0,1
3381,720575941479171267,,1.0,1
3382,720575941479174368,,1.0,1
3383,720575941479176643,,1.0,1
3384,720575941479178208,,1.0,1
3385,720575941479178691,,1.0,1
3386,720575941479180512,,1.0,1
3387,720575941479183072,,1.0,1
3388,720575941479188192,,1.0,1
3389,720575941479188960,,1.0,1
3390,720575941479189187,,1.0,1
3391,720575941479189443,,1.0,1
3392,720575941479189472,,1.0,1
3393,720575941479195587,,1.0,1
3394,720575941479196128,,1.0,1
3395,720575941479210947,,1.0,1
3396,720575941479216323,,1.0,1
3397,720575941479220163,,1.0,1
3398,720575941479224003,,1.0,1
3399,720575941479241411,,1.0,1
3400,720575941479257027,,1.0,1
3401,720575941479258051,,1.0,1
3402,720575941479263683,,1.0,1
3403,720575941479280352,,1.0,1
3404,720575941479289312,,1.0,1
3405,720575941479291587,,1.0,1
3406,720575941479392163,,1.0,1
3407,720575941479396259,,1.0,1
3408,720575941479467650,,1.0,1
3409,720575941479468162,,1.0,1
3410,720575941479473282,,1.0,1
3411,720575941479474818,,1.0,1
3412,720575941479505315,,1.0,1
3413,720575941479516034,,1.0,1
3414,720575941479519968,,1.0,1
3415,720575941479548034,,1.0,1
3416,720575941479580290,,1.0,1
3417,720575941479588738,,1.0,1
3418,720575941479595906,,1.0,1
3419,720575941479598210,,1.0,1
3420,720575941479605122,,1.0,1
3421,720575941479721635,,1.0,1
3422,720575941479723427,,1.0,1
3423,720575941479726755,,1.0,1
3424,720575941479729059,,1.0,1
3425,720575941479734179,,1.0,1
3426,720575941479796610,,1.0,1
3427,720575941479830947,,1.0,1
3428,720575941479851683,,1.0,1
3429,720575941479863491,,1.0,1
3430,720575941479865539,,1.0,1
3431,720575941479876003,,1.0,1
3432,720575941479887267,,1.0,1
3433,720575941479894979,,1.0,1
3434,720575941479901058,,1.0,1
3435,720575941479902371,,1.0,1
3436,720575941479913635,,1.0,1
3437,720575941479961312,,1.0,1
3438,720575941479970528,,1.0,1
3439,720575941480037315,,1.0,1
3440,720575941480052960,,1.0,1
3441,720575941480073923,,1.0,1
3442,720575941480094799,,1.0,1
3443,720575941480096591,,1.0,1
3444,720575941480130946,,1.0,1
3445,720575941480138882,,1.0,1
3446,720575941480157263,,1.0,1
3447,720575941480158799,,1.0,1
3448,720575941480217824,,1.0,1
3449,720575941480223456,,1.0,1
3450,720575941480226272,,1.0,1
3451,720575941480232160,,1.0,1
3452,720575941480250080,,1.0,1
3453,720575941480255200,,1.0,1
3454,720575941480374726,,1.0,1
3455,720575941480376774,,1.0,1
3456,720575941480378054,,1.0,1
3457,720575941480387782,,1.0,1
3458,720575941480391366,,1.0,1
3459,720575941480396998,,1.0,1
3460,720575941480397254,,1.0,1
3461,720575941480410822,,1.0,1
3462,720575941480411846,,1.0,1
3463,720575941480415939,,1.0,1
3464,720575941480421283,,1.0,1
3465,720575941480426950,,1.0,1
3466,720575941480431814,,1.0,1
3467,720575941480432582,,1.0,1
3468,720575941480438214,,1.0,1
3469,720575941480440262,,1.0,1
3470,720575941480446918,,1.0,1
3471,720575941480449699,,1.0,1
3472,720575941480455878,,1.0,1
3473,720575941480457926,,1.0,1
3474,720575941480470726,,1.0,1
3475,720575941480474054,,1.0,1
3476,720575941480490114,,1.0,1
3477,720575941480494466,,1.0,1
3478,720575941480494722,,1.0,1
3479,720575941480501890,,1.0,1
3480,720575941480506307,,1.0,1
3481,720575941480512642,,1.0,1
3482,720575941480514434,,1.0,1
3483,720575941480515714,,1.0,1
3484,720575941480518786,,1.0,1
3485,720575941480524162,,1.0,1
3486,720575941480527234,,1.0,1
3487,720575941480529282,,1.0,1
3488,720575941480534658,,1.0,1
3489,720575941480545154,,1.0,1
3490,720575941480546690,,1.0,1
3491,720575941480550018,,1.0,1
3492,720575941480553602,,1.0,1
3493,720575941480556674,,1.0,1
3494,720575941480559746,,1.0,1
3495,720575941480564866,,1.0,1
3496,720575941480566095,,1.0,1
3497,720575941480570242,,1.0,1
3498,720575941480571334,,1.0,1
3499,720575941480587906,,1.0,1
3500,720575941480596610,,1.0,1
3501,720575941480597634,,1.0,1
3502,720575941480631170,,1.0,1
3503,720575941480676291,,1.0,1
3504,720575941480679363,,1.0,1
3505,720575941480778915,,1.0,1
3506,720575941480779171,,1.0,1
3507,720575941480809146,,1.0,1
3508,720575941480809891,,1.0,1
3509,720575941480815267,,1.0,1
3510,720575941480832186,,1.0,1
3511,720575941480839098,,1.0,1
3512,720575941480846266,,1.0,1
3513,720575941480903866,,1.0,1
3514,720575941480920003,,1.0,1
3515,720575941480941251,,1.0,1
3516,720575941480942787,,1.0,1
3517,720575941480951235,,1.0,1
3518,720575941480961210,,1.0,1
3519,720575941480964605,,1.0,1
3520,720575941480966653,,1.0,1
3521,720575941480982979,,1.0,1
3522,720575941480987066,,1.0,1
3523,720575941481002938,,1.0,1
3524,720575941481006522,,1.0,1
3525,720575941481007034,,1.0,1
3526,720575941481007299,,1.0,1
3527,720575941481008323,,1.0,1
3528,720575941481012989,,1.0,1
3529,720575941481020925,,1.0,1
3530,720575941481021181,,1.0,1
3531,720575941481025466,,1.0,1
3532,720575941481026301,,1.0,1
3533,720575941481030586,,1.0,1
3534,720575941481033213,,1.0,1
3535,720575941481041231,,1.0,1
3536,720575941481043130,,1.0,1
3537,720575941481046351,,1.0,1
3538,720575941481049085,,1.0,1
3539,720575941481050447,,1.0,1
3540,720575941481050877,,1.0,1
3541,720575941481059258,,1.0,1
3542,720575941481060794,,1.0,1
3543,720575941481061629,,1.0,1
3544,720575941481062223,,1.0,1
3545,720575941481067773,,1.0,1
3546,720575941481069698,,1.0,1
3547,720575941481072893,,1.0,1
3548,720575941481085693,,1.0,1
3549,720575941481086205,,1.0,1
3550,720575941481105405,,1.0,1
3551,720575941481113597,,1.0,1
3552,720575941481131906,,1.0,1
3553,720575941481345475,,1.0,1
3554,720575941481345731,,1.0,1
3555,720575941481345987,,1.0,1
3556,720575941481588934,,1.0,1
3557,720575941481622458,,1.0,1
3558,720575941481624143,,1.0,1
3559,720575941481629370,,1.0,1
3560,720575941481640634,,1.0,1
3561,720575941481697103,,1.0,1
3562,720575941481764282,,1.0,1
3563,720575941481810255,,1.0,1
3564,720575941481892035,,1.0,1
3565,720575941481934022,,1.0,1
3566,720575941481937862,,1.0,1
3567,720575941481946307,,1.0,1
3568,720575941481946563,,1.0,1
3569,720575941481947075,,1.0,1
3570,720575941481957315,,1.0,1
3571,720575941481960131,,1.0,1
3572,720575941481961923,,1.0,1
3573,720575941481969091,,1.0,1
3574,720575941481972675,,1.0,1
3575,720575941481989059,,1.0,1
3576,720575941481990083,,1.0,1
3577,720575941481991875,,1.0,1
3578,720575941482000067,,1.0,1
3579,720575941482004163,,1.0,1
3580,720575941482015171,,1.0,1
3581,720575941482015683,,1.0,1
3582,720575941482018755,,1.0,1
3583,720575941482019523,,1.0,1
3584,720575941482021059,,1.0,1
3585,720575941482027203,,1.0,1
3586,720575941482028227,,1.0,1
3587,720575941482028483,,1.0,1
3588,720575941482029251,,1.0,1
3589,720575941482040515,,1.0,1
3590,720575941482046150,,1.0,1
3591,720575941482065862,,1.0,1
3592,720575941482086854,,1.0,1
3593,720575941482137018,,1.0,1
3594,720575941482212605,,1.0,1
3595,720575941482245318,,1.0,1
3596,720575941482311366,,1.0,1
3597,720575941482449850,,1.0,1
3598,720575941482476474,,1.0,1
3599,720575941482478778,,1.0,1
3600,720575941482518970,,1.0,1
3601,720575941482560186,,1.0,1
3602,720575941482588346,,1.0,1
3603,720575941482592954,,1.0,1
3604,720575941482680061,,1.0,1
3605,720575941482712506,,1.0,1
3606,720575941482751229,,1.0,1
3607,720575941482762950,,1.0,1
3608,720575941482767869,,1.0,1
3609,720575941482770173,,1.0,1
3610,720575941482785021,,1.0,1
3611,720575941482858691,,1.0,1
3612,720575941482957766,,1.0,1
3613,720575941482969030,,1.0,1
3614,720575941482971078,,1.0,1
3615,720575941482975174,,1.0,1
3616,720575941482984390,,1.0,1
3617,720575941482987974,,1.0,1
3618,720575941482994630,,1.0,1
3619,720575941483139514,,1.0,1
3620,720575941483302397,,1.0,1
3621,720575941483326717,,1.0,1
3622,720575941483478970,,1.0,1
3623,720575941483503290,,1.0,1
3624,720575941483505082,,1.0,1
3625,720575941483513274,,1.0,1
3626,720575941483514554,,1.0,1
3627,720575941483529914,,1.0,1
3628,720575941483530682,,1.0,1
3629,720575941483536314,,1.0,1
3630,720575941483537338,,1.0,1
3631,720575941483538618,,1.0,1
3632,720575941483542714,,1.0,1
3633,720575941483544250,,1.0,1
3634,720575941483550138,,1.0,1
3635,720575941483550650,,1.0,1
3636,720575941483658749,,1.0,1
3637,720575941483668989,,1.0,1
3638,720575941483673341,,1.0,1
3639,720575941483675645,,1.0,1
3640,720575941483681533,,1.0,1
3641,720575941483682813,,1.0,1
3642,720575941483691517,,1.0,1
3643,720575941483692797,,1.0,1
3644,720575941483695869,,1.0,1
3645,720575941483696381,,1.0,1
3646,720575941483697149,,1.0,1
3647,720575941483698173,,1.0,1
3648,720575941483764621,,1.0,1
3649,720575941483768461,,1.0,1
3650,720575941483771714,,1.0,1
3651,720575941483774786,,1.0,1
3652,720575941483775298,,1.0,1
3653,720575941483784258,,1.0,1
3654,720575941483787405,,1.0,1
3655,720575941483790146,,1.0,1
3656,720575941483790989,,1.0,1
3657,720575941483800717,,1.0,1
3658,720575941483803021,,1.0,1
3659,720575941483803458,,1.0,1
3660,720575941483818818,,1.0,1
3661,720575941483832461,,1.0,1
3662,720575941483838349,,1.0,1
3663,720575941483841090,,1.0,1
3664,720575941483843906,,1.0,1
3665,720575941483852866,,1.0,1
3666,720575941483854146,,1.0,1
3667,720575941483860290,,1.0,1
3668,720575941483865922,,1.0,1
3669,720575941483867277,,1.0,1
3670,720575941483868346,,1.0,1
3671,720575941483870530,,1.0,1
3672,720575941483870605,,1.0,1
3673,720575941483884429,,1.0,1
3674,720575941483891386,,1.0,1
3675,720575941484007686,,1.0,1
3676,720575941484029446,,1.0,1
3677,720575941484047622,,1.0,1
3678,720575941484048390,,1.0,1
3679,720575941484061958,,1.0,1
3680,720575941484067334,,1.0,1
3681,720575941484086534,,1.0,1
3682,720575941484102918,,1.0,1
3683,720575941484112902,,1.0,1
3684,720575941484114182,,1.0,1
3685,720575941484124934,,1.0,1
3686,720575941484125702,,1.0,1
3687,720575941484194114,,1.0,1
3688,720575941484211642,,1.0,1
3689,720575941484346621,,1.0,1
3690,720575941484356861,,1.0,1
3691,720575941484373645,,1.0,1
3692,720575941484385789,,1.0,1
3693,720575941484390978,,1.0,1
3694,720575941484680710,,1.0,1
3695,720575941485035074,,1.0,1
3696,720575941485037378,,1.0,1
3697,720575941485138896,,1.0,1
3698,720575941485167824,,1.0,1
3699,720575941485179856,,1.0,1
3700,720575941485181136,,1.0,1
3701,720575941485185542,,1.0,1
3702,720575941485186256,,1.0,1
3703,720575941485196752,,1.0,1
3704,720575941485217744,,1.0,1
3705,720575941485242576,,1.0,1
3706,720575941485253072,,1.0,1
3707,720575941485254864,,1.0,1
3708,720575941485260240,,1.0,1
3709,720575941485267920,,1.0,1
3710,720575941485274064,,1.0,1
3711,720575941485286096,,1.0,1
3712,720575941485288144,,1.0,1
3713,720575941485316493,,1.0,1
3714,720575941485321424,,1.0,1
3715,720575941485321869,,1.0,1
3716,720575941485322637,,1.0,1
3717,720575941485358598,,1.0,1
3718,720575941485371021,,1.0,1
3719,720575941485372045,,1.0,1
3720,720575941485377602,,1.0,1
3721,720575941485378626,,1.0,1
3722,720575941485392269,,1.0,1
3723,720575941485406274,,1.0,1
3724,720575941485414541,,1.0,1
3725,720575941485428290,,1.0,1
3726,720575941485450562,,1.0,1
3727,720575941485452685,,1.0,1
3728,720575941485458754,,1.0,1
3729,720575941485487312,,1.0,1
3730,720575941485592838,,1.0,1
3731,720575941485593094,,1.0,1
3732,720575941485638150,,1.0,1
3733,720575941485889232,,1.0,1
3734,720575941486091074,,1.0,1
3735,720575941486380610,,1.0,1
3736,720575941486402114,,1.0,1
3737,720575941486423874,,1.0,1
3738,720575941486424130,,1.0,1
3739,720575941486424386,,1.0,1
3740,720575941486437186,,1.0,1
3741,720575941486437442,,1.0,1
3742,720575941486450317,,1.0,1
3743,720575941486451085,,1.0,1
3744,720575941486459277,,1.0,1
3745,720575941486462093,,1.0,1
3746,720575941486465933,,1.0,1
3747,720575941486466189,,1.0,1
3748,720575941486469954,,1.0,1
3749,720575941486504966,,1.0,1
3750,720575941486531590,,1.0,1
3751,720575941486548230,,1.0,1
3752,720575941486548742,,1.0,1
3753,720575941486552070,,1.0,1
3754,720575941486557702,,1.0,1
3755,720575941486560774,,1.0,1
3756,720575941486573062,,1.0,1
3757,720575941486575878,,1.0,1
3758,720575941486579206,,1.0,1
3759,720575941486581510,,1.0,1
3760,720575941486581766,,1.0,1
3761,720575941486785346,,1.0,1
3762,720575941486828752,,1.0,1
3763,720575941486839504,,1.0,1
3764,720575941486845648,,1.0,1
3765,720575941486846416,,1.0,1
3766,720575941486866640,,1.0,1
3767,720575941486872272,,1.0,1
3768,720575941486876112,,1.0,1
3769,720575941486894800,,1.0,1
3770,720575941486908112,,1.0,1
3771,720575941486936784,,1.0,1
3772,720575941486968326,,1.0,1
3773,720575941487011469,,1.0,1
3774,720575941487199554,,1.0,1
3775,720575941487285200,,1.0,1
3776,720575941487663669,,1.0,1
3777,720575941487750197,,1.0,1
3778,720575941487783477,,1.0,1
3779,720575941487796533,,1.0,1
3780,720575941487807440,,1.0,1
3781,720575941487810101,,1.0,1
3782,720575941487812304,,1.0,1
3783,720575941487814352,,1.0,1
3784,720575941487815376,,1.0,1
3785,720575941487815632,,1.0,1
3786,720575941487822032,,1.0,1
3787,720575941487825104,,1.0,1
3788,720575941487828533,,1.0,1
3789,720575941487829813,,1.0,1
3790,720575941487830069,,1.0,1
3791,720575941487834677,,1.0,1
3792,720575941487843280,,1.0,1
3793,720575941487848912,,1.0,1
3794,720575941487849936,,1.0,1
3795,720575941487850960,,1.0,1
3796,720575941487853877,,1.0,1
3797,720575941487864528,,1.0,1
3798,720575941487865296,,1.0,1
3799,720575941487866320,,1.0,1
3800,720575941487867856,,1.0,1
3801,720575941487873488,,1.0,1
3802,720575941487875024,,1.0,1
3803,720575941487877328,,1.0,1
3804,720575941487880656,,1.0,1
3805,720575941487894224,,1.0,1
3806,720575941487897808,,1.0,1
3807,720575941487902672,,1.0,1
3808,720575941487917776,,1.0,1
3809,720575941487942608,,1.0,1
3810,720575941488015312,,1.0,1
3811,720575941488023605,,1.0,1
3812,720575941488083657,,1.0,1
3813,720575941488102857,,1.0,1
3814,720575941488110537,,1.0,1
3815,720575941488156361,,1.0,1
3816,720575941488163785,,1.0,1
3817,720575941488173001,,1.0,1
3818,720575941488182217,,1.0,1
3819,720575941488193481,,1.0,1
3820,720575941488202697,,1.0,1
3821,720575941488204233,,1.0,1
3822,720575941488222665,,1.0,1
3823,720575941488229577,,1.0,1
3824,720575941488232137,,1.0,1
3825,720575941488239817,,1.0,1
3826,720575941488267465,,1.0,1
3827,720575941488269257,,1.0,1
3828,720575941488318926,,1.0,1
3829,720575941488337614,,1.0,1
3830,720575941488347854,,1.0,1
3831,720575941488392245,,1.0,1
3832,720575941488395726,,1.0,1
3833,720575941488404277,,1.0,1
3834,720575941488404430,,1.0,1
3835,720575941488408117,,1.0,1
3836,720575941488408629,,1.0,1
3837,720575941488408885,,1.0,1
3838,720575941488413134,,1.0,1
3839,720575941488418101,,1.0,1
3840,720575941488419022,,1.0,1
3841,720575941488419790,,1.0,1
3842,720575941488422965,,1.0,1
3843,720575941488429109,,1.0,1
3844,720575941488433870,,1.0,1
3845,720575941488446158,,1.0,1
3846,720575941488452046,,1.0,1
3847,720575941488474318,,1.0,1
3848,720575941488475598,,1.0,1
3849,720575941488478414,,1.0,1
3850,720575941488506318,,1.0,1
3851,720575941488512462,,1.0,1
3852,720575941488512974,,1.0,1
3853,720575941488518350,,1.0,1
3854,720575941488530382,,1.0,1
3855,720575941488531662,,1.0,1
3856,720575941488534734,,1.0,1
3857,720575941488542414,,1.0,1
3858,720575941488543694,,1.0,1
3859,720575941488553422,,1.0,1
3860,720575941488559564,,1.0,1
3861,720575941488675276,,1.0,1
3862,720575941488698572,,1.0,1
3863,720575941488740044,,1.0,1
3864,720575941488741068,,1.0,1
3865,720575941488743884,,1.0,1
3866,720575941488750540,,1.0,1
3867,720575941488755148,,1.0,1
3868,720575941488758988,,1.0,1
3869,720575941488772044,,1.0,1
3870,720575941488772300,,1.0,1
3871,720575941488780492,,1.0,1
3872,720575941488788428,,1.0,1
3873,720575941488809676,,1.0,1
3874,720575941488811468,,1.0,1
3875,720575941488983271,,1.0,1
3876,720575941489006823,,1.0,1
3877,720575941489010151,,1.0,1
3878,720575941489014247,,1.0,1
3879,720575941489038311,,1.0,1
3880,720575941489040871,,1.0,1
3881,720575941489041127,,1.0,1
3882,720575941489053415,,1.0,1
3883,720575941489056231,,1.0,1
3884,720575941489071335,,1.0,1
3885,720575941489089255,,1.0,1
3886,720575941489092327,,1.0,1
3887,720575941489099495,,1.0,1
3888,720575941489116391,,1.0,1
3889,720575941489128679,,1.0,1
3890,720575941489130471,,1.0,1
3891,720575941489250505,,1.0,1
3892,720575941489308213,,1.0,1
3893,720575941489314613,,1.0,1
3894,720575941489316661,,1.0,1
3895,720575941489320757,,1.0,1
3896,720575941489322805,,1.0,1
3897,720575941489335753,,1.0,1
3898,720575941489342005,,1.0,1
3899,720575941489344309,,1.0,1
3900,720575941489344565,,1.0,1
3901,720575941489344821,,1.0,1
3902,720575941489345589,,1.0,1
3903,720575941489378761,,1.0,1
3904,720575941489387061,,1.0,1
3905,720575941489388236,,1.0,1
3906,720575941489405132,,1.0,1
3907,720575941489406005,,1.0,1
3908,720575941489407692,,1.0,1
3909,720575941489425461,,1.0,1
3910,720575941489431093,,1.0,1
3911,720575941489433141,,1.0,1
3912,720575941489434421,,1.0,1
3913,720575941489452341,,1.0,1
3914,720575941489661897,,1.0,1
3915,720575941489662921,,1.0,1
3916,720575941489670857,,1.0,1
3917,720575941489677001,,1.0,1
3918,720575941489677769,,1.0,1
3919,720575941489679049,,1.0,1
3920,720575941489680329,,1.0,1
3921,720575941489685961,,1.0,1
3922,720575941489698249,,1.0,1
3923,720575941489738185,,1.0,1
3924,720575941489740519,,1.0,1
3925,720575941489742030,,1.0,1
3926,720575941489744359,,1.0,1
3927,720575941489746151,,1.0,1
3928,720575941489746663,,1.0,1
3929,720575941489750247,,1.0,1
3930,720575941489773769,,1.0,1
3931,720575941489775049,,1.0,1
3932,720575941489801676,,1.0,1
3933,720575941489860583,,1.0,1
3934,720575941489937358,,1.0,1
3935,720575941490074569,,1.0,1
3936,720575941490075081,,1.0,1
3937,720575941490085941,,1.0,1
3938,720575941490092238,,1.0,1
3939,720575941490110414,,1.0,1
3940,720575941490122702,,1.0,1
3941,720575941490160590,,1.0,1
3942,720575941490165198,,1.0,1
3943,720575941490166990,,1.0,1
3944,720575941490220750,,1.0,1
3945,720575941490234933,,1.0,1
3946,720575941490245070,,1.0,1
3947,720575941490249932,,1.0,1
3948,720575941490266828,,1.0,1
3949,720575941490267854,,1.0,1
3950,720575941490286030,,1.0,1
3951,720575941490295756,,1.0,1
3952,720575941490303719,,1.0,1
3953,720575941490356428,,1.0,1
3954,720575941490382540,,1.0,1
3955,720575941490387148,,1.0,1
3956,720575941490407989,,1.0,1
3957,720575941490409013,,1.0,1
3958,720575941490412007,,1.0,1
3959,720575941490412748,,1.0,1
3960,720575941490412853,,1.0,1
3961,720575941490413621,,1.0,1
3962,720575941490414133,,1.0,1
3963,720575941490414389,,1.0,1
3964,720575941490414645,,1.0,1
3965,720575941490414901,,1.0,1
3966,720575941490417717,,1.0,1
3967,720575941490422069,,1.0,1
3968,720575941490438965,,1.0,1
3969,720575941490465484,,1.0,1
3970,720575941490471884,,1.0,1
3971,720575941490628839,,1.0,1
3972,720575941490637799,,1.0,1
3973,720575941490638823,,1.0,1
3974,720575941490639591,,1.0,1
3975,720575941490647527,,1.0,1
3976,720575941490661296,,1.0,1
3977,720575941490670025,,1.0,1
3978,720575941490670793,,1.0,1
3979,720575941490688201,,1.0,1
3980,720575941490693065,,1.0,1
3981,720575941490693577,,1.0,1
3982,720575941490712777,,1.0,1
3983,720575941490713033,,1.0,1
3984,720575941490726631,,1.0,1
3985,720575941490730160,,1.0,1
3986,720575941490753998,,1.0,1
3987,720575941490759600,,1.0,1
3988,720575941490775216,,1.0,1
3989,720575941490785712,,1.0,1
3990,720575941490803888,,1.0,1
3991,720575941490804656,,1.0,1
3992,720575941490806960,,1.0,1
3993,720575941490808752,,1.0,1
3994,720575941490813872,,1.0,1
3995,720575941490830055,,1.0,1
3996,720575941490833072,,1.0,1
3997,720575941490843367,,1.0,1
3998,720575941490855600,,1.0,1
3999,720575941490856880,,1.0,1
4000,720575941490860464,,1.0,1
4001,720575941490876592,,1.0,1
4002,720575941490936521,,1.0,1
4003,720575941491016167,,1.0,1
4004,720575941491068725,,1.0,1
4005,720575941491082702,,1.0,1
4006,720575941491085518,,1.0,1
4007,720575941491089870,,1.0,1
4008,720575941491097550,,1.0,1
4009,720575941491097806,,1.0,1
4010,720575941491101134,,1.0,1
4011,720575941491104718,,1.0,1
4012,720575941491107534,,1.0,1
4013,720575941491109070,,1.0,1
4014,720575941491116238,,1.0,1
4015,720575941491129038,,1.0,1
4016,720575941491129294,,1.0,1
4017,720575941491136718,,1.0,1
4018,720575941491175399,,1.0,1
4019,720575941491274697,,1.0,1
4020,720575941491289033,,1.0,1
4021,720575941491325644,,1.0,1
4022,720575941491326924,,1.0,1
4023,720575941491334348,,1.0,1
4024,720575941491337932,,1.0,1
4025,720575941491338441,,1.0,1
4026,720575941491344588,,1.0,1
4027,720575941491346124,,1.0,1
4028,720575941491348684,,1.0,1
4029,720575941491350732,,1.0,1
4030,720575941491354828,,1.0,1
4031,720575941491359948,,1.0,1
4032,720575941491576039,,1.0,1
4033,720575941491580391,,1.0,1
4034,720575941491588327,,1.0,1
4035,720575941491601383,,1.0,1
4036,720575941491602407,,1.0,1
4037,720575941491610599,,1.0,1
4038,720575941491618023,,1.0,1
4039,720575941491625959,,1.0,1
4040,720575941491626215,,1.0,1
4041,720575941491626727,,1.0,1
4042,720575941491633127,,1.0,1
4043,720575941491634663,,1.0,1
4044,720575941491639271,,1.0,1
4045,720575941491640551,,1.0,1
4046,720575941491644391,,1.0,1
4047,720575941491651559,,1.0,1
4048,720575941491671783,,1.0,1
4049,720575941491786444,,1.0,1
4050,720575941491903152,,1.0,1
4051,720575941491956172,,1.0,1
4052,720575941492183728,,1.0,1
4053,720575941492196272,,1.0,1
4054,720575941492197808,,1.0,1
4055,720575941492198832,,1.0,1
4056,720575941492200368,,1.0,1
4057,720575941492253566,,1.0,1
4058,720575941492263294,,1.0,1
4059,720575941492271536,,1.0,1
4060,720575941492284286,,1.0,1
4061,720575941492286078,,1.0,1
4062,720575941492303998,,1.0,1
4063,720575941492309374,,1.0,1
4064,720575941492314032,,1.0,1
4065,720575941492314750,,1.0,1
4066,720575941492315312,,1.0,1
4067,720575941492318128,,1.0,1
4068,720575941492324528,,1.0,1
4069,720575941492331440,,1.0,1
4070,720575941492350078,,1.0,1
4071,720575941492350590,,1.0,1
4072,720575941492351870,,1.0,1
4073,720575941492355966,,1.0,1
4074,720575941492360574,,1.0,1
4075,720575941492364414,,1.0,1
4076,720575941492373479,,1.0,1
4077,720575941492384894,,1.0,1
4078,720575941492391294,,1.0,1
4079,720575941492410750,,1.0,1
4080,720575941492413054,,1.0,1
4081,720575941492421502,,1.0,1
4082,720575941492421758,,1.0,1
4083,720575941492426366,,1.0,1
4084,720575941492429182,,1.0,1
4085,720575941492431742,,1.0,1
4086,720575941492434558,,1.0,1
4087,720575941492436094,,1.0,1
4088,720575941492446078,,1.0,1
4089,720575941492446846,,1.0,1
4090,720575941492457086,,1.0,1
4091,720575941492458622,,1.0,1
4092,720575941492463486,,1.0,1
4093,720575941492463742,,1.0,1
4094,720575941492471678,,1.0,1
4095,720575941492492670,,1.0,1
4096,720575941492510590,,1.0,1
4097,720575941492512126,,1.0,1
4098,720575941492662910,,1.0,1
4099,720575941493279152,,1.0,1
4100,720575941493294256,,1.0,1
4101,720575941493299376,,1.0,1
4102,720575941493308080,,1.0,1
4103,720575941493320368,,1.0,1
4104,720575941493320880,,1.0,1
4105,720575941493322928,,1.0,1
4106,720575941493325232,,1.0,1
4107,720575941493327024,,1.0,1
4108,720575941493328048,,1.0,1
4109,720575941493341616,,1.0,1
4110,720575941493349831,,1.0,1
4111,720575941493352391,,1.0,1
4112,720575941493396167,,1.0,1
4113,720575941493410503,,1.0,1
4114,720575941493440199,,1.0,1
4115,720575941493446343,,1.0,1
4116,720575941493480391,,1.0,1
4117,720575941493488583,,1.0,1
4118,720575941493492935,,1.0,1
4119,720575941493494471,,1.0,1
4120,720575941493541063,,1.0,1
4121,720575941493701246,,1.0,1
4122,720575941493766855,,1.0,1
4123,720575941493932976,,1.0,1
4124,720575941493944958,,1.0,1
4125,720575941493949310,,1.0,1
4126,720575941493955710,,1.0,1
4127,720575941493970814,,1.0,1
4128,720575941494008702,,1.0,1
4129,720575941494009982,,1.0,1
4130,720575941494020734,,1.0,1
4131,720575941494021760,,1.0,1
4132,720575941494052992,,1.0,1
4133,720575941494056832,,1.0,1
4134,720575941494066558,,1.0,1
4135,720575941494078848,,1.0,1
4136,720575941494083712,,1.0,1
4137,720575941494121344,,1.0,1
4138,720575941494137728,,1.0,1
4139,720575941494144199,,1.0,1
4140,720575941494144896,,1.0,1
4141,720575941494145735,,1.0,1
4142,720575941494149248,,1.0,1
4143,720575941494155648,,1.0,1
4144,720575941494160256,,1.0,1
4145,720575941494161024,,1.0,1
4146,720575941494164608,,1.0,1
4147,720575941494172544,,1.0,1
4148,720575941494182526,,1.0,1
4149,720575941494375294,,1.0,1
4150,720575941494511047,,1.0,1
4151,720575941494565831,,1.0,1
4152,720575941494614727,,1.0,1
4153,720575941494699646,,1.0,1
4154,720575941494699719,,1.0,1
4155,720575941494733767,,1.0,1
4156,720575941494740679,,1.0,1
4157,720575941494765511,,1.0,1
4158,720575941494766464,,1.0,1
4159,720575941494903422,,1.0,1
4160,720575941494934142,,1.0,1
4161,720575941494934910,,1.0,1
4162,720575941494939262,,1.0,1
4163,720575941494950782,,1.0,1
4164,720575941494955134,,1.0,1
4165,720575941494961534,,1.0,1
4166,720575941494962558,,1.0,1
4167,720575941494972798,,1.0,1
4168,720575941494973895,,1.0,1
4169,720575941494974919,,1.0,1
4170,720575941494981246,,1.0,1
4171,720575941494983806,,1.0,1
4172,720575941494984647,,1.0,1
4173,720575941494991047,,1.0,1
4174,720575941494992583,,1.0,1
4175,720575941495025863,,1.0,1
4176,720575941495131079,,1.0,1
4177,720575941495133127,,1.0,1
4178,720575941495281024,,1.0,1
4179,720575941495356286,,1.0,1
4180,720575941495390848,,1.0,1
4181,720575941495392640,,1.0,1
4182,720575941495458939,,1.0,1
4183,720575941495495547,,1.0,1
4184,720575941495496315,,1.0,1
4185,720575941495546235,,1.0,1
4186,720575941495559291,,1.0,1
4187,720575941495591291,,1.0,1
4188,720575941495592571,,1.0,1
4189,720575941495599483,,1.0,1
4190,720575941495618939,,1.0,1
4191,720575941495621499,,1.0,1
4192,720575941495634816,,1.0,1
4193,720575941495635579,,1.0,1
4194,720575941495642752,,1.0,1
4195,720575941495655803,,1.0,1
4196,720575941495662971,,1.0,1
4197,720575941495663232,,1.0,1
4198,720575941495665787,,1.0,1
4199,720575941495682683,,1.0,1
4200,720575941495689339,,1.0,1
4201,720575941495697531,,1.0,1
4202,720575941495700352,,1.0,1
4203,720575941495701115,,1.0,1
4204,720575941495704443,,1.0,1
4205,720575941495711099,,1.0,1
4206,720575941495723387,,1.0,1
4207,720575941495728507,,1.0,1
4208,720575941495733115,,1.0,1
4209,720575941495963079,,1.0,1
4210,720575941495965895,,1.0,1
4211,720575941495966407,,1.0,1
4212,720575941495966919,,1.0,1
4213,720575941495973831,,1.0,1
4214,720575941495988167,,1.0,1
4215,720575941495994055,,1.0,1
4216,720575941496031561,,1.0,1
4217,720575941496042057,,1.0,1
4218,720575941496045129,,1.0,1
4219,720575941496047433,,1.0,1
4220,720575941496079433,,1.0,1
4221,720575941496132065,,1.0,1
4222,720575941496142921,,1.0,1
4223,720575941496155465,,1.0,1
4224,720575941496156489,,1.0,1
4225,720575941496162377,,1.0,1
4226,720575941496162633,,1.0,1
4227,720575941496165499,,1.0,1
4228,720575941496186081,,1.0,1
4229,720575941496197089,,1.0,1
4230,720575941496210249,,1.0,1
4231,720575941496222945,,1.0,1
4232,720575941496227041,,1.0,1
4233,720575941496237281,,1.0,1
4234,720575941496243579,,1.0,1
4235,720575941496246395,,1.0,1
4236,720575941496247265,,1.0,1
4237,720575941496249057,,1.0,1
4238,720575941496253819,,1.0,1
4239,720575941496256481,,1.0,1
4240,720575941496266569,,1.0,1
4241,720575941496268361,,1.0,1
4242,720575941496273633,,1.0,1
4243,720575941496278241,,1.0,1
4244,720575941496286025,,1.0,1
4245,720575941496288073,,1.0,1
4246,720575941496289609,,1.0,1
4247,720575941496294217,,1.0,1
4248,720575941496304969,,1.0,1
4249,720575941496305225,,1.0,1
4250,720575941496309833,,1.0,1
4251,720575941496314697,,1.0,1
4252,720575941496318793,,1.0,1
4253,720575941496322529,,1.0,1
4254,720575941496331489,,1.0,1
4255,720575941496337121,,1.0,1
4256,720575941496338145,,1.0,1
4257,720575941496348489,,1.0,1
4258,720575941496349769,,1.0,1
4259,720575941496356577,,1.0,1
4260,720575941496357601,,1.0,1
4261,720575941496364769,,1.0,1
4262,720575941496443361,,1.0,1
4263,720575941496474953,,1.0,1
4264,720575941496600519,,1.0,1
4265,720575941496614528,,1.0,1
4266,720575941496628608,,1.0,1
4267,720575941496628679,,1.0,1
4268,720575941496628864,,1.0,1
4269,720575941496630400,,1.0,1
4270,720575941496632192,,1.0,1
4271,720575941496635008,,1.0,1
4272,720575941496644224,,1.0,1
4273,720575941496646784,,1.0,1
4274,720575941496647808,,1.0,1
4275,720575941496654720,,1.0,1
4276,720575941496655232,,1.0,1
4277,720575941496663936,,1.0,1
4278,720575941496666496,,1.0,1
4279,720575941496667264,,1.0,1
4280,720575941496667776,,1.0,1
4281,720575941496677760,,1.0,1
4282,720575941496684928,,1.0,1
4283,720575941496687815,,1.0,1
4284,720575941496697472,,1.0,1
4285,720575941496701056,,1.0,1
4286,720575941496702336,,1.0,1
4287,720575941496702848,,1.0,1
4288,720575941496703104,,1.0,1
4289,720575941496803234,,1.0,1
4290,720575941496829346,,1.0,1
4291,720575941496830370,,1.0,1
4292,720575941496852642,,1.0,1
4293,720575941496858953,,1.0,1
4294,720575941496878498,,1.0,1
4295,720575941496892066,,1.0,1
4296,720575941496915618,,1.0,1
4297,720575941496916859,,1.0,1
4298,720575941496927906,,1.0,1
4299,720575941496948297,,1.0,1
4300,720575941496950178,,1.0,1
4301,720575941496957346,,1.0,1
4302,720575941496959817,,1.0,1
4303,720575941496969634,,1.0,1
4304,720575941496972450,,1.0,1
4305,720575941496990882,,1.0,1
4306,720575941496994017,,1.0,1
4307,720575941497004450,,1.0,1
4308,720575941497009058,,1.0,1
4309,720575941497014946,,1.0,1
4310,720575941497015458,,1.0,1
4311,720575941497075072,,1.0,1
4312,720575941497092169,,1.0,1
4313,720575941497211042,,1.0,1
4314,720575941497222306,,1.0,1
4315,720575941497278587,,1.0,1
4316,720575941497290875,,1.0,1
4317,720575941497292923,,1.0,1
4318,720575941497293435,,1.0,1
4319,720575941497302400,,1.0,1
4320,720575941497334907,,1.0,1
4321,720575941497338491,,1.0,1
4322,720575941497354624,,1.0,1
4323,720575941497395067,,1.0,1
4324,720575941497397115,,1.0,1
4325,720575941497397627,,1.0,1
4326,720575941497413755,,1.0,1
4327,720575941497441353,,1.0,1
4328,720575941497531617,,1.0,1
4329,720575941497641953,,1.0,1
4330,720575941497645537,,1.0,1
4331,720575941497713058,,1.0,1
4332,720575941497723298,,1.0,1
4333,720575941497725090,,1.0,1
4334,720575941497735586,,1.0,1
4335,720575941497827041,,1.0,1
4336,720575941497835081,,1.0,1
4337,720575941497853513,,1.0,1
4338,720575941497887817,,1.0,1
4339,720575941497888481,,1.0,1
4340,720575941497889097,,1.0,1
4341,720575941497909833,,1.0,1
4342,720575941497917001,,1.0,1
4343,720575941497967841,,1.0,1
4344,720575941498001993,,1.0,1
4345,720575941498006857,,1.0,1
4346,720575941498007625,,1.0,1
4347,720575941498037065,,1.0,1
4348,720575941498046537,,1.0,1
4349,720575941498286242,,1.0,1
4350,720575941498287522,,1.0,1
4351,720575941498378825,,1.0,1
4352,720575941498379337,,1.0,1
4353,720575941498429563,,1.0,1
4354,720575941498433915,,1.0,1
4355,720575941498438779,,1.0,1
4356,720575941498459259,,1.0,1
4357,720575941498465147,,1.0,1
4358,720575941498466939,,1.0,1
4359,720575941498468731,,1.0,1
4360,720575941498470267,,1.0,1
4361,720575941498471291,,1.0,1
4362,720575941498474619,,1.0,1
4363,720575941498475131,,1.0,1
4364,720575941498480251,,1.0,1
4365,720575941498482043,,1.0,1
4366,720575941498482299,,1.0,1
4367,720575941498493307,,1.0,1
4368,720575941498493563,,1.0,1
4369,720575941498493819,,1.0,1
4370,720575941498494331,,1.0,1
4371,720575941498628514,,1.0,1
4372,720575941498632098,,1.0,1
4373,720575941498634402,,1.0,1
4374,720575941498635426,,1.0,1
4375,720575941498640546,,1.0,1
4376,720575941498640802,,1.0,1
4377,720575941498642850,,1.0,1
4378,720575941498657954,,1.0,1
4379,720575941498662818,,1.0,1
4380,720575941498677922,,1.0,1
4381,720575941498765129,,1.0,1
4382,720575941498803874,,1.0,1
4383,720575941498819234,,1.0,1
4384,720575941498908066,,1.0,1
4385,720575941498933729,,1.0,1
4386,720575941498935777,,1.0,1
4387,720575941498936033,,1.0,1
4388,720575941498948425,,1.0,1
4389,720575941498948681,,1.0,1
4390,720575941498952673,,1.0,1
4391,720575941498958409,,1.0,1
4392,720575941498958665,,1.0,1
4393,720575941498965577,,1.0,1
4394,720575941498965985,,1.0,1
4395,720575941498966497,,1.0,1
4396,720575941498971105,,1.0,1
4397,720575941498971977,,1.0,1
4398,720575941498979657,,1.0,1
4399,720575941498983497,,1.0,1
4400,720575941498984521,,1.0,1
4401,720575941498985033,,1.0,1
4402,720575941498989897,,1.0,1
4403,720575941499291531,,1.0,1
4404,720575941499296907,,1.0,1
4405,720575941499361675,,1.0,1
4406,720575941499370635,,1.0,1
4407,720575941499414155,,1.0,1
4408,720575941499417227,,1.0,1
4409,720575941499424395,,1.0,1
4410,720575941499426699,,1.0,1
4411,720575941499467915,,1.0,1
4412,720575941499483531,,1.0,1
4413,720575941499494306,,1.0,1
4414,720575941499537993,,1.0,1
4415,720575941499544715,,1.0,1
4416,720575941499605577,,1.0,1
4417,720575941499607521,,1.0,1
4418,720575941499725986,,1.0,1
4419,720575941499737250,,1.0,1
4420,720575941499744162,,1.0,1
4421,720575941499749026,,1.0,1
4422,720575941499750818,,1.0,1
4423,720575941499761058,,1.0,1
4424,720575941499762082,,1.0,1
4425,720575941499766690,,1.0,1
4426,720575941499770530,,1.0,1
4427,720575941499790242,,1.0,1
4428,720575941499798178,,1.0,1
4429,720575941500006539,,1.0,1
4430,720575941500785643,,1.0,1
4431,720575941500845035,,1.0,1
4432,720575941500850571,,1.0,1
4433,720575941500898795,,1.0,1
4434,720575941500900331,,1.0,1
4435,720575941500902635,,1.0,1
4436,720575941500904427,,1.0,1
4437,720575941500919275,,1.0,1
4438,720575941500930955,,1.0,1
4439,720575941500940939,,1.0,1
4440,720575941500951383,,1.0,1
4441,720575941500955115,,1.0,1
4442,720575941500963211,,1.0,1
4443,720575941500964183,,1.0,1
4444,720575941500968331,,1.0,1
4445,720575941500983019,,1.0,1
4446,720575941500985943,,1.0,1
4447,720575941500995467,,1.0,1
4448,720575941501002731,,1.0,1
4449,720575941501003499,,1.0,1
4450,720575941501027159,,1.0,1
4451,720575941501032683,,1.0,1
4452,720575941501040363,,1.0,1
4453,720575941501041643,,1.0,1
4454,720575941501043179,,1.0,1
4455,720575941501047787,,1.0,1
4456,720575941501051627,,1.0,1
4457,720575941501055211,,1.0,1
4458,720575941501055467,,1.0,1
4459,720575941501058135,,1.0,1
4460,720575941501059723,,1.0,1
4461,720575941501089259,,1.0,1
4462,720575941501090647,,1.0,1
4463,720575941501092951,,1.0,1
4464,720575941501103959,,1.0,1
4465,720575941501124439,,1.0,1
4466,720575941501129047,,1.0,1
4467,720575941501135191,,1.0,1
4468,720575941501136215,,1.0,1
4469,720575941501182551,,1.0,1
4470,720575941501189463,,1.0,1
4471,720575941501207383,,1.0,1
4472,720575941501224279,,1.0,1
4473,720575941501229143,,1.0,1
4474,720575941501250647,,1.0,1
4475,720575941501352535,,1.0,1
4476,720575941501559787,,1.0,1
4477,720575941501702338,,1.0,1
4478,720575941501707714,,1.0,1
4479,720575941501714370,,1.0,1
4480,720575941501715906,,1.0,1
4481,720575941501721138,,1.0,1
4482,720575941501748274,,1.0,1
4483,720575941501757323,,1.0,1
4484,720575941501774018,,1.0,1
4485,720575941501785538,,1.0,1
4486,720575941501786930,,1.0,1
4487,720575941501787330,,1.0,1
4488,720575941501800642,,1.0,1
4489,720575941501802178,,1.0,1
4490,720575941501802434,,1.0,1
4491,720575941501802802,,1.0,1
4492,720575941501805655,,1.0,1
4493,720575941501807191,,1.0,1
4494,720575941501815490,,1.0,1
4495,720575941501821378,,1.0,1
4496,720575941501827307,,1.0,1
4497,720575941501832130,,1.0,1
4498,720575941501837506,,1.0,1
4499,720575941501842626,,1.0,1
4500,720575941501843394,,1.0,1
4501,720575941501845554,,1.0,1
4502,720575941501850562,,1.0,1
4503,720575941501874738,,1.0,1
4504,720575941501884610,,1.0,1
4505,720575941501885122,,1.0,1
4506,720575941501886146,,1.0,1
4507,720575941501887426,,1.0,1
4508,720575941501891122,,1.0,1
4509,720575941501892546,,1.0,1
4510,720575941501898034,,1.0,1
4511,720575941501898290,,1.0,1
4512,720575941501900738,,1.0,1
4513,720575941501903154,,1.0,1
4514,720575941501912114,,1.0,1
4515,720575941501920962,,1.0,1
4516,720575941501921586,,1.0,1
4517,720575941501933250,,1.0,1
4518,720575941501934642,,1.0,1
4519,720575941501944514,,1.0,1
4520,720575941501945026,,1.0,1
4521,720575941501945138,,1.0,1
4522,720575941501953730,,1.0,1
4523,720575941501965106,,1.0,1
4524,720575941501984139,,1.0,1
4525,720575941501984651,,1.0,1
4526,720575941501990283,,1.0,1
4527,720575941501996683,,1.0,1
4528,720575941502017163,,1.0,1
4529,720575941502033547,,1.0,1
4530,720575941502037643,,1.0,1
4531,720575941502040971,,1.0,1
4532,720575941502043531,,1.0,1
4533,720575941502163947,,1.0,1
4534,720575941502199275,,1.0,1
4535,720575941502210098,,1.0,1
4536,720575941502217451,,1.0,1
4537,720575941502276491,,1.0,1
4538,720575941502303831,,1.0,1
4539,720575941502333634,,1.0,1
4540,720575941502510059,,1.0,1
4541,720575941502510315,,1.0,1
4542,720575941502529003,,1.0,1
4543,720575941502534635,,1.0,1
4544,720575941502541291,,1.0,1
4545,720575941502553538,,1.0,1
4546,720575941502554050,,1.0,1
4547,720575941502559426,,1.0,1
4548,720575941502561218,,1.0,1
4549,720575941502573803,,1.0,1
4550,720575941502574315,,1.0,1
4551,720575941502578411,,1.0,1
4552,720575941502635243,,1.0,1
4553,720575941502642994,,1.0,1
4554,720575941502694635,,1.0,1
4555,720575941502698475,,1.0,1
4556,720575941502719627,,1.0,1
4557,720575941502780759,,1.0,1
4558,720575941502805591,,1.0,1
4559,720575941502832215,,1.0,1
4560,720575941502853719,,1.0,1
4561,720575941502859351,,1.0,1
4562,720575941502868823,,1.0,1
4563,720575941502877527,,1.0,1
4564,720575941502878295,,1.0,1
4565,720575941502884183,,1.0,1
4566,720575941502890583,,1.0,1
4567,720575941503039426,,1.0,1
4568,720575941503082802,,1.0,1
4569,720575941503104706,,1.0,1
4570,720575941503119154,,1.0,1
4571,720575941503132722,,1.0,1
4572,720575941503135538,,1.0,1
4573,720575941503173867,,1.0,1
4574,720575941503175218,,1.0,1
4575,720575941503299132,,1.0,1
4576,720575941503400764,,1.0,1
4577,720575941503415717,,1.0,1
4578,720575941503418172,,1.0,1
4579,720575941503420581,,1.0,1
4580,720575941503420866,,1.0,1
4581,720575941503440578,,1.0,1
4582,720575941503443138,,1.0,1
4583,720575941503448002,,1.0,1
4584,720575941503451301,,1.0,1
4585,720575941503454187,,1.0,1
4586,720575941503455467,,1.0,1
4587,720575941503458283,,1.0,1
4588,720575941503461436,,1.0,1
4589,720575941503462460,,1.0,1
4590,720575941503466917,,1.0,1
4591,720575941503467429,,1.0,1
4592,720575941503469035,,1.0,1
4593,720575941503477739,,1.0,1
4594,720575941503486699,,1.0,1
4595,720575941503489515,,1.0,1
4596,720575941503499755,,1.0,1
4597,720575941503500594,,1.0,1
4598,720575941503503676,,1.0,1
4599,720575941503504956,,1.0,1
4600,720575941503507947,,1.0,1
4601,720575941503509227,,1.0,1
4602,720575941503510834,,1.0,1
4603,720575941503517234,,1.0,1
4604,720575941503518002,,1.0,1
4605,720575941503519794,,1.0,1
4606,720575941503520235,,1.0,1
4607,720575941503522364,,1.0,1
4608,720575941503523051,,1.0,1
4609,720575941503526891,,1.0,1
4610,720575941503526962,,1.0,1
4611,720575941503527228,,1.0,1
4612,720575941503527403,,1.0,1
4613,720575941503527484,,1.0,1
4614,720575941503528498,,1.0,1
4615,720575941503529195,,1.0,1
4616,720575941503530731,,1.0,1
4617,720575941503530987,,1.0,1
4618,720575941503534140,,1.0,1
4619,720575941503536956,,1.0,1
4620,720575941503539516,,1.0,1
4621,720575941503550373,,1.0,1
4622,720575941503562946,,1.0,1
4623,720575941503566530,,1.0,1
4624,720575941503566757,,1.0,1
4625,720575941503566898,,1.0,1
4626,720575941503572133,,1.0,1
4627,720575941503579954,,1.0,1
4628,720575941503583938,,1.0,1
4629,720575941503596197,,1.0,1
4630,720575941503601202,,1.0,1
4631,720575941503601573,,1.0,1
4632,720575941503606066,,1.0,1
4633,720575941503624242,,1.0,1
4634,720575941503633829,,1.0,1
4635,720575941503634597,,1.0,1
4636,720575941503638181,,1.0,1
4637,720575941503638578,,1.0,1
4638,720575941503643813,,1.0,1
4639,720575941503644581,,1.0,1
4640,720575941503657522,,1.0,1
4641,720575941503659970,,1.0,1
4642,720575941503663154,,1.0,1
4643,720575941503667109,,1.0,1
4644,720575941503675813,,1.0,1
4645,720575941503682213,,1.0,1
4646,720575941503689303,,1.0,1
4647,720575941503689893,,1.0,1
4648,720575941503698994,,1.0,1
4649,720575941503699543,,1.0,1
4650,720575941503702871,,1.0,1
4651,720575941503704151,,1.0,1
4652,720575941503710551,,1.0,1
4653,720575941503715927,,1.0,1
4654,720575941503790530,,1.0,1
4655,720575941503984727,,1.0,1
4656,720575941503985495,,1.0,1
4657,720575941504039618,,1.0,1
4658,720575941504065259,,1.0,1
4659,720575941504127723,,1.0,1
4660,720575941504134981,,1.0,1
4661,720575941504147435,,1.0,1
4662,720575941504201125,,1.0,1
4663,720575941504218949,,1.0,1
4664,720575941504229911,,1.0,1
4665,720575941504235031,,1.0,1
4666,720575941504247575,,1.0,1
4667,720575941504249623,,1.0,1
4668,720575941504279831,,1.0,1
4669,720575941504297541,,1.0,1
4670,720575941504301637,,1.0,1
4671,720575941504308503,,1.0,1
4672,720575941504327447,,1.0,1
4673,720575941504328773,,1.0,1
4674,720575941504343365,,1.0,1
4675,720575941504343895,,1.0,1
4676,720575941504361239,,1.0,1
4677,720575941504365079,,1.0,1
4678,720575941504365847,,1.0,1
4679,720575941504366359,,1.0,1
4680,720575941504381463,,1.0,1
4681,720575941504381975,,1.0,1
4682,720575941504382999,,1.0,1
4683,720575941504386327,,1.0,1
4684,720575941504389655,,1.0,1
4685,720575941504390213,,1.0,1
4686,720575941504394775,,1.0,1
4687,720575941504397125,,1.0,1
4688,720575941504412951,,1.0,1
4689,720575941504413890,,1.0,1
4690,720575941504418373,,1.0,1
4691,720575941504424130,,1.0,1
4692,720575941504425239,,1.0,1
4693,720575941504427077,,1.0,1
4694,720575941504427714,,1.0,1
4695,720575941504429506,,1.0,1
4696,720575941504432834,,1.0,1
4697,720575941504433733,,1.0,1
4698,720575941504434114,,1.0,1
4699,720575941504435394,,1.0,1
4700,720575941504436293,,1.0,1
4701,720575941504440133,,1.0,1
4702,720575941504442903,,1.0,1
4703,720575941504444354,,1.0,1
4704,720575941504445634,,1.0,1
4705,720575941504447813,,1.0,1
4706,720575941504452146,,1.0,1
4707,720575941504456386,,1.0,1
4708,720575941504460357,,1.0,1
4709,720575941504461125,,1.0,1
4710,720575941504462274,,1.0,1
4711,720575941504462530,,1.0,1
4712,720575941504462786,,1.0,1
4713,720575941504463810,,1.0,1
4714,720575941504464066,,1.0,1
4715,720575941504464709,,1.0,1
4716,720575941504465989,,1.0,1
4717,720575941504467394,,1.0,1
4718,720575941504470978,,1.0,1
4719,720575941504471746,,1.0,1
4720,720575941504482117,,1.0,1
4721,720575941504484165,,1.0,1
4722,720575941504492357,,1.0,1
4723,720575941504498501,,1.0,1
4724,720575941504504389,,1.0,1
4725,720575941504504901,,1.0,1
4726,720575941504505157,,1.0,1
4727,720575941504505925,,1.0,1
4728,720575941504512050,,1.0,1
4729,720575941504526405,,1.0,1
4730,720575941504526898,,1.0,1
4731,720575941504538162,,1.0,1
4732,720575941504549170,,1.0,1
4733,720575941504551218,,1.0,1
4734,720575941504558149,,1.0,1
4735,720575941504558661,,1.0,1
4736,720575941504563781,,1.0,1
4737,720575941504569925,,1.0,1
4738,720575941504572741,,1.0,1
4739,720575941504575301,,1.0,1
4740,720575941504593431,,1.0,1
4741,720575941504661061,,1.0,1
4742,720575941504686652,,1.0,1
4743,720575941504723138,,1.0,1
4744,720575941504759612,,1.0,1
4745,720575941504860354,,1.0,1
4746,720575941504891045,,1.0,1
4747,720575941504971287,,1.0,1
4748,720575941505020325,,1.0,1
4749,720575941505063996,,1.0,1
4750,720575941505089340,,1.0,1
4751,720575941505095740,,1.0,1
4752,720575941505099580,,1.0,1
4753,720575941505101893,,1.0,1
4754,720575941505102396,,1.0,1
4755,720575941505104444,,1.0,1
4756,720575941505105212,,1.0,1
4757,720575941505105724,,1.0,1
4758,720575941505159484,,1.0,1
4759,720575941505180354,,1.0,1
4760,720575941505181093,,1.0,1
4761,720575941505185701,,1.0,1
4762,720575941505204293,,1.0,1
4763,720575941505209404,,1.0,1
4764,720575941505212069,,1.0,1
4765,720575941505212325,,1.0,1
4766,720575941505214373,,1.0,1
4767,720575941505218620,,1.0,1
4768,720575941505223845,,1.0,1
4769,720575941505225266,,1.0,1
4770,720575941505230501,,1.0,1
4771,720575941505257893,,1.0,1
4772,720575941505264188,,1.0,1
4773,720575941505292197,,1.0,1
4774,720575941505300645,,1.0,1
4775,720575941505316005,,1.0,1
4776,720575941505379493,,1.0,1
4777,720575941505439266,,1.0,1
4778,720575941505478690,,1.0,1
4779,720575941505487138,,1.0,1
4780,720575941505491746,,1.0,1
4781,720575941505494306,,1.0,1
4782,720575941505502231,,1.0,1
4783,720575941505536290,,1.0,1
4784,720575941505538725,,1.0,1
4785,720575941505542946,,1.0,1
4786,720575941505571874,,1.0,1
4787,720575941505596997,,1.0,1
4788,720575941505610263,,1.0,1
4789,720575941505669982,,1.0,1
4790,720575941505685854,,1.0,1
4791,720575941505691230,,1.0,1
4792,720575941505698071,,1.0,1
4793,720575941505708604,,1.0,1
4794,720575941505719390,,1.0,1
4795,720575941505725790,,1.0,1
4796,720575941505739102,,1.0,1
4797,720575941505744197,,1.0,1
4798,720575941505745954,,1.0,1
4799,720575941505748514,,1.0,1
4800,720575941505754497,,1.0,1
4801,720575941505773185,,1.0,1
4802,720575941505774209,,1.0,1
4803,720575941505777246,,1.0,1
4804,720575941505784926,,1.0,1
4805,720575941505798238,,1.0,1
4806,720575941505800286,,1.0,1
4807,720575941505812062,,1.0,1
4808,720575941505818718,,1.0,1
4809,720575941505830750,,1.0,1
4810,720575941505842014,,1.0,1
4811,720575941505853057,,1.0,1
4812,720575941505857921,,1.0,1
4813,720575941505861761,,1.0,1
4814,720575941505866113,,1.0,1
4815,720575941505872956,,1.0,1
4816,720575941505874561,,1.0,1
4817,720575941505878110,,1.0,1
4818,720575941505888350,,1.0,1
4819,720575941505893761,,1.0,1
4820,720575941505896065,,1.0,1
4821,720575941505900161,,1.0,1
4822,720575941505900929,,1.0,1
4823,720575941505907991,,1.0,1
4824,720575941505919653,,1.0,1
4825,720575941505919909,,1.0,1
4826,720575941505921665,,1.0,1
4827,720575941505929089,,1.0,1
4828,720575941505936001,,1.0,1
4829,720575941505936663,,1.0,1
4830,720575941505941633,,1.0,1
4831,720575941505945879,,1.0,1
4832,720575941505955969,,1.0,1
4833,720575941505970561,,1.0,1
4834,720575941505973377,,1.0,1
4835,720575941505977182,,1.0,1
4836,720575941505978940,,1.0,1
4837,720575941505980951,,1.0,1
4838,720575941505981313,,1.0,1
4839,720575941505987713,,1.0,1
4840,720575941505991041,,1.0,1
4841,720575941506003735,,1.0,1
4842,720575941506013975,,1.0,1
4843,720575941506018071,,1.0,1
4844,720575941506070657,,1.0,1
4845,720575941506081605,,1.0,1
4846,720575941506113349,,1.0,1
4847,720575941506152005,,1.0,1
4848,720575941506199365,,1.0,1
4849,720575941506220348,,1.0,1
4850,720575941506220613,,1.0,1
4851,720575941506237756,,1.0,1
4852,720575941506249532,,1.0,1
4853,720575941506261157,,1.0,1
4854,720575941506295461,,1.0,1
4855,720575941506296741,,1.0,1
4856,720575941506310309,,1.0,1
4857,720575941506311589,,1.0,1
4858,720575941506315173,,1.0,1
4859,720575941506327717,,1.0,1
4860,720575941506355294,,1.0,1
4861,720575941506357598,,1.0,1
4862,720575941506357854,,1.0,1
4863,720575941506476382,,1.0,1
4864,720575941506597505,,1.0,1
4865,720575941506644540,,1.0,1
4866,720575941506741783,,1.0,1
4867,720575941506772574,,1.0,1
4868,720575941506823970,,1.0,1
4869,720575941506855262,,1.0,1
4870,720575941506874021,,1.0,1
4871,720575941506954812,,1.0,1
4872,720575941506971452,,1.0,1
4873,720575941506975804,,1.0,1
4874,720575941506994466,,1.0,1
4875,720575941507048215,,1.0,1
4876,720575941507050263,,1.0,1
4877,720575941507051799,,1.0,1
4878,720575941507063319,,1.0,1
4879,720575941507067159,,1.0,1
4880,720575941507070487,,1.0,1
4881,720575941507075863,,1.0,1
4882,720575941507077655,,1.0,1
4883,720575941507082007,,1.0,1
4884,720575941507100033,,1.0,1
4885,720575941507101057,,1.0,1
4886,720575941507208005,,1.0,1
4887,720575941507209541,,1.0,1
4888,720575941507213150,,1.0,1
4889,720575941507215941,,1.0,1
4890,720575941507217733,,1.0,1
4891,720575941507217989,,1.0,1
4892,720575941507220062,,1.0,1
4893,720575941507221342,,1.0,1
4894,720575941507223877,,1.0,1
4895,720575941507224133,,1.0,1
4896,720575941507228545,,1.0,1
4897,720575941507235422,,1.0,1
4898,720575941507238469,,1.0,1
4899,720575941507244869,,1.0,1
4900,720575941507246917,,1.0,1
4901,720575941507252805,,1.0,1
4902,720575941507255365,,1.0,1
4903,720575941507255621,,1.0,1
4904,720575941507257157,,1.0,1
4905,720575941507257925,,1.0,1
4906,720575941507258914,,1.0,1
4907,720575941507259682,,1.0,1
4908,720575941507266594,,1.0,1
4909,720575941507276066,,1.0,1
4910,720575941507280965,,1.0,1
4911,720575941507292706,,1.0,1
4912,720575941507313954,,1.0,1
4913,720575941507338018,,1.0,1
4914,720575941507344478,,1.0,1
4915,720575941507350306,,1.0,1
4916,720575941507354658,,1.0,1
4917,720575941507394142,,1.0,1
4918,720575941507406114,,1.0,1
4919,720575941507433857,,1.0,1
4920,720575941507442305,,1.0,1
4921,720575941507446401,,1.0,1
4922,720575941507447169,,1.0,1
4923,720575941507449985,,1.0,1
4924,720575941507468161,,1.0,1
4925,720575941507476353,,1.0,1
4926,720575941507478145,,1.0,1
4927,720575941507526273,,1.0,1
4928,720575941507538561,,1.0,1
4929,720575941507543425,,1.0,1
4930,720575941507544193,,1.0,1
4931,720575941507545473,,1.0,1
4932,720575941507565953,,1.0,1
4933,720575941507651422,,1.0,1
4934,720575941507664144,,1.0,1
4935,720575941507710480,,1.0,1
4936,720575941507760656,,1.0,1
4937,720575941507775504,,1.0,1
4938,720575941507777552,,1.0,1
4939,720575941507793680,,1.0,1
4940,720575941507794704,,1.0,1
4941,720575941507802896,,1.0,1
4942,720575941507813392,,1.0,1
4943,720575941507815184,,1.0,1
4944,720575941507815696,,1.0,1
4945,720575941507829008,,1.0,1
4946,720575941507834640,,1.0,1
4947,720575941507863056,,1.0,1
4948,720575941507864193,,1.0,1
4949,720575941507872272,,1.0,1
4950,720575941507943440,,1.0,1
4951,720575941507958085,,1.0,1
4952,720575941507979870,,1.0,1
4953,720575941507983710,,1.0,1
4954,720575941507997730,,1.0,1
4955,720575941508183586,,1.0,1
4956,720575941508198690,,1.0,1
4957,720575941508248098,,1.0,1
4958,720575941508254674,,1.0,1
4959,720575941508255266,,1.0,1
4960,720575941508257058,,1.0,1
4961,720575941508259874,,1.0,1
4962,720575941508266786,,1.0,1
4963,720575941508277794,,1.0,1
4964,720575941508278562,,1.0,1
4965,720575941508281438,,1.0,1
4966,720575941508285474,,1.0,1
4967,720575941508287266,,1.0,1
4968,720575941508290338,,1.0,1
4969,720575941508292446,,1.0,1
4970,720575941508293410,,1.0,1
4971,720575941508295774,,1.0,1
4972,720575941508299298,,1.0,1
4973,720575941508299554,,1.0,1
4974,720575941508299810,,1.0,1
4975,720575941508300578,,1.0,1
4976,720575941508301778,,1.0,1
4977,720575941508304674,,1.0,1
4978,720575941508306210,,1.0,1
4979,720575941508306722,,1.0,1
4980,720575941508308258,,1.0,1
4981,720575941508309282,,1.0,1
4982,720575941508343250,,1.0,1
4983,720575941508344274,,1.0,1
4984,720575941508353490,,1.0,1
4985,720575941508354770,,1.0,1
4986,720575941508359634,,1.0,1
4987,720575941508370642,,1.0,1
4988,720575941508389074,,1.0,1
4989,720575941508390610,,1.0,1
4990,720575941508439762,,1.0,1
4991,720575941508443090,,1.0,1
4992,720575941508450258,,1.0,1
4993,720575941508463570,,1.0,1
4994,720575941508463826,,1.0,1
4995,720575941508464082,,1.0,1
4996,720575941508477313,,1.0,1
4997,720575941508484993,,1.0,1
4998,720575941508492673,,1.0,1
4999,720575941508501121,,1.0,1
5000,720575941508506753,,1.0,1
5001,720575941508507346,,1.0,1
5002,720575941508507602,,1.0,1
5003,720575941508509569,,1.0,1
5004,720575941508515538,,1.0,1
5005,720575941508518017,,1.0,1
5006,720575941508518529,,1.0,1
5007,720575941508536530,,1.0,1
5008,720575941508542674,,1.0,1
5009,720575941508546514,,1.0,1
5010,720575941508572626,,1.0,1
5011,720575941508796545,,1.0,1
5012,720575941508926418,,1.0,1
5013,720575941509040400,,1.0,1
5014,720575941509090258,,1.0,1
5015,720575941509090770,,1.0,1
5016,720575941509091282,,1.0,1
5017,720575941509094098,,1.0,1
5018,720575941509214162,,1.0,1
5019,720575941509341712,,1.0,1
5020,720575941509353744,,1.0,1
5021,720575941509355536,,1.0,1
5022,720575941509357072,,1.0,1
5023,720575941509412880,,1.0,1
5024,720575941509418512,,1.0,1
5025,720575941509427984,,1.0,1
5026,720575941509461776,,1.0,1
5027,720575941509926354,,1.0,1
5028,720575941510126864,,1.0,1
5029,720575941510208722,,1.0,1
5030,720575941510222546,,1.0,1
5031,720575941510238930,,1.0,1
5032,720575941510366162,,1.0,1
5033,720575941510462480,,1.0,1
5034,720575941510485008,,1.0,1
5035,720575941510493200,,1.0,1
5036,720575941510499088,,1.0,1
5037,720575941510502416,,1.0,1
5038,720575941510502928,,1.0,1
5039,720575941510611922,,1.0,1
5040,720575941510858768,,1.0,1
5041,720575941510907468,,1.0,1
5042,720575941510916684,,1.0,1
5043,720575941511000908,,1.0,1
5044,720575941511013708,,1.0,1
5045,720575941511014988,,1.0,1
5046,720575941511038796,,1.0,1
5047,720575941511049804,,1.0,1
5048,720575941511066700,,1.0,1
5049,720575941511072844,,1.0,1
5050,720575941511087692,,1.0,1
5051,720575941511088204,,1.0,1
5052,720575941511104844,,1.0,1
5053,720575941511106124,,1.0,1
5054,720575941511117900,,1.0,1
5055,720575941511138124,,1.0,1
5056,720575941511142988,,1.0,1
5057,720575941511146828,,1.0,1
5058,720575941511149132,,1.0,1
5059,720575941511168588,,1.0,1
5060,720575941511186508,,1.0,1
5061,720575941511186764,,1.0,1
5062,720575941511197394,,1.0,1
5063,720575941511200844,,1.0,1
5064,720575941511201868,,1.0,1
5065,720575941511205452,,1.0,1
5066,720575941511209292,,1.0,1
5067,720575941511235856,,1.0,1
5068,720575941511238928,,1.0,1
5069,720575941511251666,,1.0,1
5070,720575941511262930,,1.0,1
5071,720575941511264466,,1.0,1
5072,720575941511272401,,1.0,1
5073,720575941511275986,,1.0,1
5074,720575941511278290,,1.0,1
5075,720575941511282642,,1.0,1
5076,720575941511282898,,1.0,1
5077,720575941511294417,,1.0,1
5078,720575941511323345,,1.0,1
5079,720575941511334097,,1.0,1
5080,720575941511345617,,1.0,1
5081,720575941511355089,,1.0,1
5082,720575941511388881,,1.0,1
5083,720575941511408849,,1.0,1
5084,720575941511439057,,1.0,1
5085,720575941511480529,,1.0,1
5086,720575941511491148,,1.0,1
5087,720575941511503058,,1.0,1
5088,720575941511861580,,1.0,1
5089,720575941511884241,,1.0,1
5090,720575941511891665,,1.0,1
5091,720575941512020178,,1.0,1
5092,720575941512300876,,1.0,1
5093,720575941512338243,,1.0,1
5094,720575941512339779,,1.0,1
5095,720575941512342595,,1.0,1
5096,720575941512405315,,1.0,1
5097,720575941512406595,,1.0,1
5098,720575941512414019,,1.0,1
5099,720575941512450371,,1.0,1
5100,720575941512451907,,1.0,1
5101,720575941512455747,,1.0,1
5102,720575941512470339,,1.0,1
5103,720575941512472131,,1.0,1
5104,720575941512475971,,1.0,1
5105,720575941512496707,,1.0,1
5106,720575941512505411,,1.0,1
5107,720575941512516163,,1.0,1
5108,720575941512518211,,1.0,1
5109,720575941512518723,,1.0,1
5110,720575941512525123,,1.0,1
5111,720575941512541763,,1.0,1
5112,720575941512759505,,1.0,1
5113,720575941512761932,,1.0,1
5114,720575941512778193,,1.0,1
5115,720575941512780876,,1.0,1
5116,720575941512786764,,1.0,1
5117,720575941512787532,,1.0,1
5118,720575941512792908,,1.0,1
5119,720575941512795089,,1.0,1
5120,720575941512798796,,1.0,1
5121,720575941512798929,,1.0,1
5122,720575941512805452,,1.0,1
5123,720575941512808780,,1.0,1
5124,720575941512825443,,1.0,1
5125,720575941512827345,,1.0,1
5126,720575941512836817,,1.0,1
5127,720575941512847180,,1.0,1
5128,720575941512888529,,1.0,1
5129,720575941512896099,,1.0,1
5130,720575941512899427,,1.0,1
5131,720575941512900172,,1.0,1
5132,720575941512906339,,1.0,1
5133,720575941512938339,,1.0,1
5134,720575941512967011,,1.0,1
5135,720575941512987129,,1.0,1
5136,720575941513004643,,1.0,1
5137,720575941513024867,,1.0,1
5138,720575941513043555,,1.0,1
5139,720575941513101049,,1.0,1
5140,720575941513102595,,1.0,1
5141,720575941513118201,,1.0,1
5142,720575941513121027,,1.0,1
5143,720575941513124355,,1.0,1
5144,720575941513125881,,1.0,1
5145,720575941513136593,,1.0,1
5146,720575941513146115,,1.0,1
5147,720575941513146371,,1.0,1
5148,720575941513151953,,1.0,1
5149,720575941513152209,,1.0,1
5150,720575941513154563,,1.0,1
5151,720575941513155843,,1.0,1
5152,720575941513157123,,1.0,1
5153,720575941513157635,,1.0,1
5154,720575941513160697,,1.0,1
5155,720575941513164291,,1.0,1
5156,720575941513167609,,1.0,1
5157,720575941513177091,,1.0,1
5158,720575941513177337,,1.0,1
5159,720575941513177603,,1.0,1
5160,720575941513184003,,1.0,1
5161,720575941513185529,,1.0,1
5162,720575941513201411,,1.0,1
5163,720575941513202169,,1.0,1
5164,720575941513220601,,1.0,1
5165,720575941513240666,,1.0,1
5166,720575941513242202,,1.0,1
5167,720575941513254905,,1.0,1
5168,720575941513254915,,1.0,1
5169,720575941513257977,,1.0,1
5170,720575941513260025,,1.0,1
5171,720575941513282041,,1.0,1
5172,720575941513292793,,1.0,1
5173,720575941513293146,,1.0,1
5174,720575941513295450,,1.0,1
5175,720575941513297401,,1.0,1
5176,720575941513303033,,1.0,1
5177,720575941513310810,,1.0,1
5178,720575941513310969,,1.0,1
5179,720575941513321721,,1.0,1
5180,720575941513325914,,1.0,1
5181,720575941513344346,,1.0,1
5182,720575941513349466,,1.0,1
5183,720575941513353562,,1.0,1
5184,720575941513354499,,1.0,1
5185,720575941513355610,,1.0,1
5186,720575941513356122,,1.0,1
5187,720575941513371738,,1.0,1
5188,720575941513381466,,1.0,1
5189,720575941513386586,,1.0,1
5190,720575941513494860,,1.0,1
5191,720575941513562979,,1.0,1
5192,720575941513592899,,1.0,1
5193,720575941513676291,,1.0,1
5194,720575941513677571,,1.0,1
5195,720575941513680131,,1.0,1
5196,720575941513680899,,1.0,1
5197,720575941513695441,,1.0,1
5198,720575941513712593,,1.0,1
5199,720575941513713873,,1.0,1
5200,720575941513715665,,1.0,1
5201,720575941513738819,,1.0,1
5202,720575941513757955,,1.0,1
5203,720575941513788492,,1.0,1
5204,720575941513791820,,1.0,1
5205,720575941513793100,,1.0,1
5206,720575941513794892,,1.0,1
5207,720575941513795148,,1.0,1
5208,720575941513804691,,1.0,1
5209,720575941513808716,,1.0,1
5210,720575941513810252,,1.0,1
5211,720575941513820051,,1.0,1
5212,720575941513823308,,1.0,1
5213,720575941513837971,,1.0,1
5214,720575941513841475,,1.0,1
5215,720575941513870329,,1.0,1
5216,720575941513871097,,1.0,1
5217,720575941513953939,,1.0,1
5218,720575941513974851,,1.0,1
5219,720575941514004115,,1.0,1
5220,720575941514026705,,1.0,1
5221,720575941514029715,,1.0,1
5222,720575941514037315,,1.0,1
5223,720575941514039187,,1.0,1
5224,720575941514046019,,1.0,1
5225,720575941514046355,,1.0,1
5226,720575941514046787,,1.0,1
5227,720575941514046819,,1.0,1
5228,720575941514050627,,1.0,1
5229,720575941514055059,,1.0,1
5230,720575941514058307,,1.0,1
5231,720575941514059843,,1.0,1
5232,720575941514063939,,1.0,1
5233,720575941514064275,,1.0,1
5234,720575941514065043,,1.0,1
5235,720575941514080147,,1.0,1
5236,720575941514080835,,1.0,1
5237,720575941514093203,,1.0,1
5238,720575941514096019,,1.0,1
5239,720575941514096531,,1.0,1
5240,720575941514099091,,1.0,1
5241,720575941514101395,,1.0,1
5242,720575941514103107,,1.0,1
5243,720575941514111043,,1.0,1
5244,720575941514120083,,1.0,1
5245,720575941514356300,,1.0,1
5246,720575941514363857,,1.0,1
5247,720575941514378842,,1.0,1
5248,720575941514529529,,1.0,1
5249,720575941514541388,,1.0,1
5250,720575941514554467,,1.0,1
5251,720575941514555491,,1.0,1
5252,720575941514559564,,1.0,1
5253,720575941514597379,,1.0,1
5254,720575941514600195,,1.0,1
5255,720575941514603011,,1.0,1
5256,720575941514603523,,1.0,1
5257,720575941514604281,,1.0,1
5258,720575941514604291,,1.0,1
5259,720575941514620419,,1.0,1
5260,720575941514623587,,1.0,1
5261,720575941514624355,,1.0,1
5262,720575941514625539,,1.0,1
5263,720575941514626707,,1.0,1
5264,720575941514629267,,1.0,1
5265,720575941514629955,,1.0,1
5266,720575941514630403,,1.0,1
5267,720575941514637315,,1.0,1
5268,720575941514637827,,1.0,1
5269,720575941514638179,,1.0,1
5270,720575941514674010,,1.0,1
5271,720575941514695171,,1.0,1
5272,720575941514708739,,1.0,1
5273,720575941514758755,,1.0,1
5274,720575941514903642,,1.0,1
5275,720575941514903898,,1.0,1
5276,720575941514905434,,1.0,1
5277,720575941514920282,,1.0,1
5278,720575941514923866,,1.0,1
5279,720575941514924122,,1.0,1
5280,720575941514931546,,1.0,1
5281,720575941514952697,,1.0,1
5282,720575941514952953,,1.0,1
5283,720575941514995193,,1.0,1
5284,720575941515017306,,1.0,1
5285,720575941515038531,,1.0,1
5286,720575941515040067,,1.0,1
5287,720575941515048003,,1.0,1
5288,720575941515057987,,1.0,1
5289,720575941515058169,,1.0,1
5290,720575941515060035,,1.0,1
5291,720575941515062851,,1.0,1
5292,720575941515064922,,1.0,1
5293,720575941515071299,,1.0,1
5294,720575941515075139,,1.0,1
5295,720575941515091034,,1.0,1
5296,720575941515124627,,1.0,1
5297,720575941515243587,,1.0,1
5298,720575941515320579,,1.0,1
5299,720575941515325699,,1.0,1
5300,720575941515341402,,1.0,1
5301,720575941515341658,,1.0,1
5302,720575941515421443,,1.0,1
5303,720575941515577667,,1.0,1
5304,720575941515590243,,1.0,1
5305,720575941515592291,,1.0,1
5306,720575941515600227,,1.0,1
5307,720575941515606419,,1.0,1
5308,720575941515607699,,1.0,1
5309,720575941515612051,,1.0,1
5310,720575941515614563,,1.0,1
5311,720575941515614819,,1.0,1
5312,720575941515616090,,1.0,1
5313,720575941515618147,,1.0,1
5314,720575941515620195,,1.0,1
5315,720575941515620707,,1.0,1
5316,720575941515622659,,1.0,1
5317,720575941515624291,,1.0,1
5318,720575941515636483,,1.0,1
5319,720575941515638675,,1.0,1
5320,720575941515645795,,1.0,1
5321,720575941515663363,,1.0,1
5322,720575941515675651,,1.0,1
5323,720575941515682819,,1.0,1
5324,720575941515684099,,1.0,1
5325,720575941515693315,,1.0,1
5326,720575941515697155,,1.0,1
5327,720575941515702362,,1.0,1
5328,720575941515706003,,1.0,1
5329,720575941515706515,,1.0,1
5330,720575941515730835,,1.0,1
5331,720575941515772819,,1.0,1
5332,720575941515778963,,1.0,1
5333,720575941515892314,,1.0,1
5334,720575941515911258,,1.0,1
5335,720575941515912282,,1.0,1
5336,720575941515915354,,1.0,1
5337,720575941515918426,,1.0,1
5338,720575941515920730,,1.0,1
5339,720575941515920889,,1.0,1
5340,720575941515923546,,1.0,1
5341,720575941515924058,,1.0,1
5342,720575941515924826,,1.0,1
5343,720575941515925338,,1.0,1
5344,720575941515930105,,1.0,1
5345,720575941515930970,,1.0,1
5346,720575941515933018,,1.0,1
5347,720575941515933177,,1.0,1
5348,720575941515934042,,1.0,1
5349,720575941515934554,,1.0,1
5350,720575941515934810,,1.0,1
5351,720575941515935834,,1.0,1
5352,720575941515936249,,1.0,1
5353,720575941515936505,,1.0,1
5354,720575941515944953,,1.0,1
5355,720575941515945977,,1.0,1
5356,720575941515947513,,1.0,1
5357,720575941515978156,,1.0,1
5358,720575941515995052,,1.0,1
5359,720575941516037475,,1.0,1
5360,720575941516038316,,1.0,1
5361,720575941516054188,,1.0,1
5362,720575941516095148,,1.0,1
5363,720575941516095916,,1.0,1
5364,720575941516096940,,1.0,1
5365,720575941516111532,,1.0,1
5366,720575941516119724,,1.0,1
5367,720575941516127404,,1.0,1
5368,720575941516129452,,1.0,1
5369,720575941516140204,,1.0,1
5370,720575941516146092,,1.0,1
5371,720575941516155308,,1.0,1
5372,720575941516156332,,1.0,1
5373,720575941516158124,,1.0,1
5374,720575941516185955,,1.0,1
5375,720575941516195500,,1.0,1
5376,720575941516393107,,1.0,1
5377,720575941516404067,,1.0,1
5378,720575941516414979,,1.0,1
5379,720575941516495726,,1.0,1
5380,720575941516503000,,1.0,1
5381,720575941516527726,,1.0,1
5382,720575941516536430,,1.0,1
5383,720575941516572632,,1.0,1
5384,720575941516590552,,1.0,1
5385,720575941516599512,,1.0,1
5386,720575941516616664,,1.0,1
5387,720575941516624600,,1.0,1
5388,720575941516645336,,1.0,1
5389,720575941516652760,,1.0,1
5390,720575941516654552,,1.0,1
5391,720575941516656088,,1.0,1
5392,720575941516663768,,1.0,1
5393,720575941516664792,,1.0,1
5394,720575941516665304,,1.0,1
5395,720575941516674520,,1.0,1
5396,720575941516676568,,1.0,1
5397,720575941516677113,,1.0,1
5398,720575941516684654,,1.0,1
5399,720575941516691928,,1.0,1
5400,720575941516729454,,1.0,1
5401,720575941516738195,,1.0,1
5402,720575941516739475,,1.0,1
5403,720575941516740524,,1.0,1
5404,720575941516743827,,1.0,1
5405,720575941516750483,,1.0,1
5406,720575941516750739,,1.0,1
5407,720575941516761516,,1.0,1
5408,720575941516766574,,1.0,1
5409,720575941516768472,,1.0,1
5410,720575941516776558,,1.0,1
5411,720575941516777107,,1.0,1
5412,720575941516778131,,1.0,1
5413,720575941516779155,,1.0,1
5414,720575941516780435,,1.0,1
5415,720575941516780947,,1.0,1
5416,720575941516782227,,1.0,1
5417,720575941516784494,,1.0,1
5418,720575941516789358,,1.0,1
5419,720575941516792174,,1.0,1
5420,720575941516797075,,1.0,1
5421,720575941516834670,,1.0,1
5422,720575941516835182,,1.0,1
5423,720575941516835438,,1.0,1
5424,720575941516848750,,1.0,1
5425,720575941516850542,,1.0,1
5426,720575941516873838,,1.0,1
5427,720575941516903022,,1.0,1
5428,720575941516906350,,1.0,1
5429,720575941517062803,,1.0,1
5430,720575941517293740,,1.0,1
5431,720575941517449107,,1.0,1
5432,720575941517483630,,1.0,1
5433,720575941517484142,,1.0,1
5434,720575941517488750,,1.0,1
5435,720575941517670828,,1.0,1
5436,720575941517679532,,1.0,1
5437,720575941517694380,,1.0,1
5438,720575941517694636,,1.0,1
5439,720575941517695148,,1.0,1
5440,720575941517708504,,1.0,1
5441,720575941517714604,,1.0,1
5442,720575941517716396,,1.0,1
5443,720575941517716952,,1.0,1
5444,720575941517717420,,1.0,1
5445,720575941517719980,,1.0,1
5446,720575941517764824,,1.0,1
5447,720575941517770412,,1.0,1
5448,720575941517796780,,1.0,1
5449,720575941517814188,,1.0,1
5450,720575941517814444,,1.0,1
5451,720575941517814956,,1.0,1
5452,720575941517825196,,1.0,1
5453,720575941517831084,,1.0,1
5454,720575941518066904,,1.0,1
5455,720575941518068696,,1.0,1
5456,720575941518069208,,1.0,1
5457,720575941518084056,,1.0,1
5458,720575941518102638,,1.0,1
5459,720575941518105710,,1.0,1
5460,720575941518125528,,1.0,1
5461,720575941518127064,,1.0,1
5462,720575941518206680,,1.0,1
5463,720575941518237656,,1.0,1
5464,720575941518303671,,1.0,1
5465,720575941518316471,,1.0,1
5466,720575941518327479,,1.0,1
5467,720575941518334643,,1.0,1
5468,720575941518339767,,1.0,1
5469,720575941518344375,,1.0,1
5470,720575941518351543,,1.0,1
5471,720575941518359735,,1.0,1
5472,720575941518386359,,1.0,1
5473,720575941518388919,,1.0,1
5474,720575941518405230,,1.0,1
5475,720575941518406766,,1.0,1
5476,720575941518407607,,1.0,1
5477,720575941518410094,,1.0,1
5478,720575941518410350,,1.0,1
5479,720575941518410935,,1.0,1
5480,720575941518412471,,1.0,1
5481,720575941518412910,,1.0,1
5482,720575941518416238,,1.0,1
5483,720575941518419123,,1.0,1
5484,720575941518419895,,1.0,1
5485,720575941518427319,,1.0,1
5486,720575941518430574,,1.0,1
5487,720575941518431159,,1.0,1
5488,720575941518433719,,1.0,1
5489,720575941518435182,,1.0,1
5490,720575941518435255,,1.0,1
5491,720575941518437230,,1.0,1
5492,720575941518437486,,1.0,1
5493,720575941518439347,,1.0,1
5494,720575941518440814,,1.0,1
5495,720575941518442156,,1.0,1
5496,720575941518443959,,1.0,1
5497,720575941518446702,,1.0,1
5498,720575941518447214,,1.0,1
5499,720575941518447726,,1.0,1
5500,720575941518449587,,1.0,1
5501,720575941518450542,,1.0,1
5502,720575941518454451,,1.0,1
5503,720575941518457527,,1.0,1
5504,720575941518466483,,1.0,1
5505,720575941518467507,,1.0,1
5506,720575941518468279,,1.0,1
5507,720575941518476211,,1.0,1
5508,720575941518483054,,1.0,1
5509,720575941518491059,,1.0,1
5510,720575941518507948,,1.0,1
5511,720575941518512238,,1.0,1
5512,720575941518519150,,1.0,1
5513,720575941518523246,,1.0,1
5514,720575941518526387,,1.0,1
5515,720575941518533043,,1.0,1
5516,720575941518533486,,1.0,1
5517,720575941518534579,,1.0,1
5518,720575941518535022,,1.0,1
5519,720575941518536046,,1.0,1
5520,720575941518537582,,1.0,1
5521,720575941518551475,,1.0,1
5522,720575941518560366,,1.0,1
5523,720575941518561390,,1.0,1
5524,720575941518753452,,1.0,1
5525,720575941518754220,,1.0,1
5526,720575941518756524,,1.0,1
5527,720575941518763948,,1.0,1
5528,720575941518768044,,1.0,1
5529,720575941518769580,,1.0,1
5530,720575941518775724,,1.0,1
5531,720575941518787244,,1.0,1
5532,720575941518792876,,1.0,1
5533,720575941518793388,,1.0,1
5534,720575941518800600,,1.0,1
5535,720575941518807468,,1.0,1
5536,720575941518823852,,1.0,1
5537,720575941518834348,,1.0,1
5538,720575941518835116,,1.0,1
5539,720575941518835372,,1.0,1
5540,720575941518853559,,1.0,1
5541,720575941518856302,,1.0,1
5542,720575941518860460,,1.0,1
5543,720575941518866542,,1.0,1
5544,720575941518866798,,1.0,1
5545,720575941518867054,,1.0,1
5546,720575941518867566,,1.0,1
5547,720575941518936792,,1.0,1
5548,720575941519020471,,1.0,1
5549,720575941519106414,,1.0,1
5550,720575941519116467,,1.0,1
5551,720575941519117491,,1.0,1
5552,720575941519207384,,1.0,1
5553,720575941519210200,,1.0,1
5554,720575941519210968,,1.0,1
5555,720575941519213016,,1.0,1
5556,720575941519225560,,1.0,1
5557,720575941519230168,,1.0,1
5558,720575941519234008,,1.0,1
5559,720575941519234520,,1.0,1
5560,720575941519235800,,1.0,1
5561,720575941519246552,,1.0,1
5562,720575941519249624,,1.0,1
5563,720575941519259352,,1.0,1
5564,720575941519259608,,1.0,1
5565,720575941519263192,,1.0,1
5566,720575941519264216,,1.0,1
5567,720575941519277784,,1.0,1
5568,720575941519278040,,1.0,1
5569,720575941519279064,,1.0,1
5570,720575941519283416,,1.0,1
5571,720575941519287256,,1.0,1
5572,720575941519288792,,1.0,1
5573,720575941519289304,,1.0,1
5574,720575941519295960,,1.0,1
5575,720575941519394158,,1.0,1
5576,720575941519396974,,1.0,1
5577,720575941519428206,,1.0,1
5578,720575941519432046,,1.0,1
5579,720575941519434350,,1.0,1
5580,720575941519438958,,1.0,1
5581,720575941519439214,,1.0,1
5582,720575941519446638,,1.0,1
5583,720575941519451758,,1.0,1
5584,720575941519452014,,1.0,1
5585,720575941519453038,,1.0,1
5586,720575941519454574,,1.0,1
5587,720575941519457902,,1.0,1
5588,720575941519460974,,1.0,1
5589,720575941519461742,,1.0,1
5590,720575941519462510,,1.0,1
5591,720575941519463790,,1.0,1
5592,720575941519467630,,1.0,1
5593,720575941519468654,,1.0,1
5594,720575941519471470,,1.0,1
5595,720575941519472750,,1.0,1
5596,720575941519476334,,1.0,1
5597,720575941519478894,,1.0,1
5598,720575941519481710,,1.0,1
5599,720575941519482222,,1.0,1
5600,720575941519484782,,1.0,1
5601,720575941519489646,,1.0,1
5602,720575941519492206,,1.0,1
5603,720575941519492718,,1.0,1
5604,720575941519503214,,1.0,1
5605,720575941519786679,,1.0,1
5606,720575941519961271,,1.0,1
5607,720575941519967159,,1.0,1
5608,720575941519973303,,1.0,1
5609,720575941519977143,,1.0,1
5610,720575941519986615,,1.0,1
5611,720575941519987127,,1.0,1
5612,720575941519992759,,1.0,1
5613,720575941519993527,,1.0,1
5614,720575941520021171,,1.0,1
5615,720575941520027571,,1.0,1
5616,720575941520029107,,1.0,1
5617,720575941520032691,,1.0,1
5618,720575941520032951,,1.0,1
5619,720575941520043443,,1.0,1
5620,720575941520046007,,1.0,1
5621,720575941520057783,,1.0,1
5622,720575941520064435,,1.0,1
5623,720575941520072883,,1.0,1
5624,720575941520129971,,1.0,1
5625,720575941520130227,,1.0,1
5626,720575941520145331,,1.0,1
5627,720575941520145587,,1.0,1
5628,720575941520156339,,1.0,1
5629,720575941520179639,,1.0,1
5630,720575941520182707,,1.0,1
5631,720575941520199278,,1.0,1
5632,720575941520255223,,1.0,1
5633,720575941520283383,,1.0,1
5634,720575941520284407,,1.0,1
5635,720575941520284919,,1.0,1
5636,720575941520287991,,1.0,1
5637,720575941520312823,,1.0,1
5638,720575941520330487,,1.0,1
5639,720575941520333047,,1.0,1
5640,720575941520337655,,1.0,1
5641,720575941520342263,,1.0,1
5642,720575941520353783,,1.0,1
5643,720575941520355575,,1.0,1
5644,720575941520358647,,1.0,1
5645,720575941520361719,,1.0,1
5646,720575941520367095,,1.0,1
5647,720575941520406775,,1.0,1
5648,720575941520535219,,1.0,1
5649,720575941520536755,,1.0,1
5650,720575941520537011,,1.0,1
5651,720575941520689143,,1.0,1
5652,720575941521020407,,1.0,1
5653,720575941521028855,,1.0,1
5654,720575941521031927,,1.0,1
5655,720575941521047223,,1.0,1
5656,720575941521062391,,1.0,1
5657,720575941521065399,,1.0,1
5658,720575941521069751,,1.0,1
5659,720575941521071543,,1.0,1
5660,720575941521072823,,1.0,1
5661,720575941521073591,,1.0,1
5662,720575941521085111,,1.0,1
5663,720575941521090231,,1.0,1
5664,720575941521095095,,1.0,1
5665,720575941521095863,,1.0,1
5666,720575941521101495,,1.0,1
5667,720575941521108151,,1.0,1
5668,720575941521110711,,1.0,1
5669,720575941521146035,,1.0,1
5670,720575941521236915,,1.0,1
5671,720575941521239475,,1.0,1
5672,720575941521242035,,1.0,1
5673,720575941521248179,,1.0,1
5674,720575941521250227,,1.0,1
5675,720575941521255859,,1.0,1
5676,720575941521256883,,1.0,1
5677,720575941521264563,,1.0,1
5678,720575941521273779,,1.0,1
5679,720575941521454411,,1.0,1
5680,720575941521454923,,1.0,1
5681,720575941521456203,,1.0,1
5682,720575941521472691,,1.0,1
5683,720575941521485643,,1.0,1
5684,720575941521503819,,1.0,1
5685,720575941521508939,,1.0,1
5686,720575941521516107,,1.0,1
5687,720575941521524299,,1.0,1
5688,720575941521525579,,1.0,1
5689,720575941521555019,,1.0,1
5690,720575941521559883,,1.0,1
5691,720575941521562955,,1.0,1
5692,720575941521579083,,1.0,1
5693,720575941521588043,,1.0,1
5694,720575941521595211,,1.0,1
5695,720575941521705207,,1.0,1
5696,720575941521741239,,1.0,1
5697,720575941521943731,,1.0,1
5698,720575941521964023,,1.0,1
5699,720575941521977847,,1.0,1
5700,720575941521986227,,1.0,1
5701,720575941522089463,,1.0,1
5702,720575941522123595,,1.0,1
5703,720575941522127691,,1.0,1
5704,720575941522141259,,1.0,1
5705,720575941522146039,,1.0,1
5706,720575941522148171,,1.0,1
5707,720575941522203895,,1.0,1
5708,720575941522771787,,1.0,1
5709,720575941522776567,,1.0,1
5710,720575941522790475,,1.0,1
5711,720575941522797899,,1.0,1
5712,720575941523051511,,1.0,1
5713,720575941523052279,,1.0,1
5714,720575941523062007,,1.0,1
5715,720575941523066615,,1.0,1
5716,720575941523071223,,1.0,1
5717,720575941523074379,,1.0,1
5718,720575941523079243,,1.0,1
5719,720575941523079415,,1.0,1
5720,720575941523082315,,1.0,1
5721,720575941523083511,,1.0,1
5722,720575941523083767,,1.0,1
5723,720575941523093239,,1.0,1
5724,720575941523097335,,1.0,1
5725,720575941523098359,,1.0,1
5726,720575941523099383,,1.0,1
5727,720575941523100491,,1.0,1
5728,720575941523102199,,1.0,1
5729,720575941523110647,,1.0,1
5730,720575941523112439,,1.0,1
5731,720575941523114487,,1.0,1
5732,720575941523114999,,1.0,1
5733,720575941523115511,,1.0,1
5734,720575941523117815,,1.0,1
5735,720575941523163467,,1.0,1
5736,720575941523190859,,1.0,1
5737,720575941523194187,,1.0,1
5738,720575941523196235,,1.0,1
5739,720575941523216715,,1.0,1
5740,720575941523220299,,1.0,1
5741,720575941523220555,,1.0,1
5742,720575941523230539,,1.0,1
5743,720575941523283019,,1.0,1
5744,720575941523360075,,1.0,1
5745,720575941523515723,,1.0,1
5746,720575941523692290,,1.0,1
5747,720575941523755778,,1.0,1
5748,720575941523763703,,1.0,1
5749,720575941523787083,,1.0,1
5750,720575941523851010,,1.0,1
5751,720575941523884034,,1.0,1
5752,720575941523908610,,1.0,1
5753,720575941523930370,,1.0,1
5754,720575941523957506,,1.0,1
5755,720575941523981314,,1.0,1
5756,720575941523983618,,1.0,1
5757,720575941523990018,,1.0,1
5758,720575941523992322,,1.0,1
5759,720575941523995138,,1.0,1
5760,720575941523999746,,1.0,1
5761,720575941524007426,,1.0,1
5762,720575941524010340,,1.0,1
5763,720575941524015874,,1.0,1
5764,720575941524016461,,1.0,1
5765,720575941524017154,,1.0,1
5766,720575941524019812,,1.0,1
5767,720575941524019970,,1.0,1
5768,720575941524020226,,1.0,1
5769,720575941524021069,,1.0,1
5770,720575941524021860,,1.0,1
5771,720575941524025602,,1.0,1
5772,720575941524036610,,1.0,1
5773,720575941524046948,,1.0,1
5774,720575941524050276,,1.0,1
5775,720575941524054861,,1.0,1
5776,720575941524056420,,1.0,1
5777,720575941524060749,,1.0,1
5778,720575941524064077,,1.0,1
5779,720575941524065869,,1.0,1
5780,720575941524070221,,1.0,1
5781,720575941524073293,,1.0,1
5782,720575941524078925,,1.0,1
5783,720575941524093540,,1.0,1
5784,720575941524094285,,1.0,1
5785,720575941524094797,,1.0,1
5786,720575941524099149,,1.0,1
5787,720575941524103524,,1.0,1
5788,720575941524113764,,1.0,1
5789,720575941524114532,,1.0,1
5790,720575941524115277,,1.0,1
5791,720575941524119117,,1.0,1
5792,720575941524119885,,1.0,1
5793,720575941524120676,,1.0,1
5794,720575941524121421,,1.0,1
5795,720575941524121700,,1.0,1
5796,720575941524127565,,1.0,1
5797,720575941524140621,,1.0,1
5798,720575941524153675,,1.0,1
5799,720575941524158027,,1.0,1
5800,720575941524168036,,1.0,1
5801,720575941524170315,,1.0,1
5802,720575941524176971,,1.0,1
5803,720575941524179787,,1.0,1
5804,720575941524184932,,1.0,1
5805,720575941524185188,,1.0,1
5806,720575941524186187,,1.0,1
5807,720575941524187748,,1.0,1
5808,720575941524190820,,1.0,1
5809,720575941524192100,,1.0,1
5810,720575941524192587,,1.0,1
5811,720575941524196683,,1.0,1
5812,720575941524203339,,1.0,1
5813,720575941524207691,,1.0,1
5814,720575941524211275,,1.0,1
5815,720575941524212324,,1.0,1
5816,720575941524212555,,1.0,1
5817,720575941524218724,,1.0,1
5818,720575941524224356,,1.0,1
5819,720575941524227940,,1.0,1
5820,720575941524232292,,1.0,1
5821,720575941524238669,,1.0,1
5822,720575941524264985,,1.0,1
5823,720575941524272153,,1.0,1
5824,720575941524278553,,1.0,1
5825,720575941524280857,,1.0,1
5826,720575941524293401,,1.0,1
5827,720575941524294169,,1.0,1
5828,720575941524327705,,1.0,1
5829,720575941524331545,,1.0,1
5830,720575941524344345,,1.0,1
5831,720575941524348697,,1.0,1
5832,720575941524353049,,1.0,1
5833,720575941524355353,,1.0,1
5834,720575941524360473,,1.0,1
5835,720575941524368409,,1.0,1
5836,720575941524369945,,1.0,1
5837,720575941524374041,,1.0,1
5838,720575941524378649,,1.0,1
5839,720575941524380953,,1.0,1
5840,720575941524396057,,1.0,1
5841,720575941524412185,,1.0,1
5842,720575941524415513,,1.0,1
5843,720575941524427289,,1.0,1
5844,720575941524617241,,1.0,1
5845,720575941524649474,,1.0,1
5846,720575941524651522,,1.0,1
5847,720575941524659458,,1.0,1
5848,720575941524677378,,1.0,1
5849,720575941524691277,,1.0,1
5850,720575941524744781,,1.0,1
5851,720575941524748621,,1.0,1
5852,720575941524753229,,1.0,1
5853,720575941524820738,,1.0,1
5854,720575941524912461,,1.0,1
5855,720575941524915019,,1.0,1
5856,720575941524962585,,1.0,1
5857,720575941524965657,,1.0,1
5858,720575941524965913,,1.0,1
5859,720575941524969497,,1.0,1
5860,720575941524988747,,1.0,1
5861,720575941525100198,,1.0,1
5862,720575941525142182,,1.0,1
5863,720575941525147558,,1.0,1
5864,720575941525150630,,1.0,1
5865,720575941525183142,,1.0,1
5866,720575941525201154,,1.0,1
5867,720575941525207206,,1.0,1
5868,720575941525207462,,1.0,1
5869,720575941525219494,,1.0,1
5870,720575941525224614,,1.0,1
5871,720575941525240486,,1.0,1
5872,720575941525247142,,1.0,1
5873,720575941525261222,,1.0,1
5874,720575941525266598,,1.0,1
5875,720575941525267110,,1.0,1
5876,720575941525280678,,1.0,1
5877,720575941525282214,,1.0,1
5878,720575941525286054,,1.0,1
5879,720575941525288358,,1.0,1
5880,720575941525291853,,1.0,1
5881,720575941525320358,,1.0,1
5882,720575941525334372,,1.0,1
5883,720575941525343234,,1.0,1
5884,720575941525344514,,1.0,1
5885,720575941525351938,,1.0,1
5886,720575941525365762,,1.0,1
5887,720575941525445145,,1.0,1
5888,720575941525489485,,1.0,1
5889,720575941525489508,,1.0,1
5890,720575941525491300,,1.0,1
5891,720575941525528164,,1.0,1
5892,720575941525536868,,1.0,1
5893,720575941525713410,,1.0,1
5894,720575941525719554,,1.0,1
5895,720575941525720066,,1.0,1
5896,720575941525727769,,1.0,1
5897,720575941525728002,,1.0,1
5898,720575941525730818,,1.0,1
5899,720575941525747714,,1.0,1
5900,720575941525755394,,1.0,1
5901,720575941525773412,,1.0,1
5902,720575941525779789,,1.0,1
5903,720575941525783373,,1.0,1
5904,720575941525790564,,1.0,1
5905,720575941525790722,,1.0,1
5906,720575941525792002,,1.0,1
5907,720575941525792100,,1.0,1
5908,720575941525792356,,1.0,1
5909,720575941525793282,,1.0,1
5910,720575941525795684,,1.0,1
5911,720575941525802084,,1.0,1
5912,720575941525826125,,1.0,1
5913,720575941525827684,,1.0,1
5914,720575941525828708,,1.0,1
5915,720575941525847396,,1.0,1
5916,720575941525856589,,1.0,1
5917,720575941525868900,,1.0,1
5918,720575941525897316,,1.0,1
5919,720575941525899341,,1.0,1
5920,720575941525902157,,1.0,1
5921,720575941525912486,,1.0,1
5922,720575941525920845,,1.0,1
5923,720575941525941581,,1.0,1
5924,720575941525960217,,1.0,1
5925,720575941525971993,,1.0,1
5926,720575941525990425,,1.0,1
5927,720575941526037273,,1.0,1
5928,720575941526056473,,1.0,1
5929,720575941526067481,,1.0,1
5930,720575941526127270,,1.0,1
5931,720575941526133581,,1.0,1
5932,720575941526134093,,1.0,1
5933,720575941526261092,,1.0,1
5934,720575941526324226,,1.0,1
5935,720575941526339330,,1.0,1
5936,720575941526355844,,1.0,1
5937,720575941526363558,,1.0,1
5938,720575941526364162,,1.0,1
5939,720575941526381700,,1.0,1
5940,720575941526389124,,1.0,1
5941,720575941526404740,,1.0,1
5942,720575941526404996,,1.0,1
5943,720575941526417540,,1.0,1
5944,720575941526426756,,1.0,1
5945,720575941526429060,,1.0,1
5946,720575941526432388,,1.0,1
5947,720575941526433282,,1.0,1
5948,720575941526438276,,1.0,1
5949,720575941526438532,,1.0,1
5950,720575941526443396,,1.0,1
5951,720575941526467204,,1.0,1
5952,720575941526478212,,1.0,1
5953,720575941526481028,,1.0,1
5954,720575941526489220,,1.0,1
5955,720575941526489732,,1.0,1
5956,720575941526497156,,1.0,1
5957,720575941526505092,,1.0,1
5958,720575941526507140,,1.0,1
5959,720575941526509700,,1.0,1
5960,720575941526527876,,1.0,1
5961,720575941526538061,,1.0,1
5962,720575941526606082,,1.0,1
5963,720575941526640921,,1.0,1
5964,720575941526646786,,1.0,1
5965,720575941526649933,,1.0,1
5966,720575941526654466,,1.0,1
5967,720575941526660098,,1.0,1
5968,720575941526666317,,1.0,1
5969,720575941526666754,,1.0,1
5970,720575941526668109,,1.0,1
5971,720575941526672973,,1.0,1
5972,720575941526673945,,1.0,1
5973,720575941526677348,,1.0,1
5974,720575941526680909,,1.0,1
5975,720575941526681165,,1.0,1
5976,720575941526681421,,1.0,1
5977,720575941526681677,,1.0,1
5978,720575941526681933,,1.0,1
5979,720575941526690841,,1.0,1
5980,720575941526691609,,1.0,1
5981,720575941526693220,,1.0,1
5982,720575941526693476,,1.0,1
5983,720575941526693965,,1.0,1
5984,720575941526694244,,1.0,1
5985,720575941526695245,,1.0,1
5986,720575941526695757,,1.0,1
5987,720575941526696781,,1.0,1
5988,720575941526698596,,1.0,1
5989,720575941526700621,,1.0,1
5990,720575941526701412,,1.0,1
5991,720575941526704484,,1.0,1
5992,720575941526706276,,1.0,1
5993,720575941526711396,,1.0,1
5994,720575941526713188,,1.0,1
5995,720575941526713700,,1.0,1
5996,720575941526718564,,1.0,1
5997,720575941526720100,,1.0,1
5998,720575941526720868,,1.0,1
5999,720575941526721380,,1.0,1
6000,720575941526722470,,1.0,1
6001,720575941526724196,,1.0,1
6002,720575941526729828,,1.0,1
6003,720575941526735716,,1.0,1
6004,720575941526736740,,1.0,1
6005,720575941526740836,,1.0,1
6006,720575941526751844,,1.0,1
6007,720575941526752356,,1.0,1
6008,720575941526764388,,1.0,1
6009,720575941526834598,,1.0,1
6010,720575941526843558,,1.0,1
6011,720575941526847910,,1.0,1
6012,720575941526854822,,1.0,1
6013,720575941526856614,,1.0,1
6014,720575941526860966,,1.0,1
6015,720575941526865830,,1.0,1
6016,720575941526866342,,1.0,1
6017,720575941526867622,,1.0,1
6018,720575941526868902,,1.0,1
6019,720575941526876838,,1.0,1
6020,720575941526888358,,1.0,1
6021,720575941526934553,,1.0,1
6022,720575941526935718,,1.0,1
6023,720575941526936486,,1.0,1
6024,720575941526964249,,1.0,1
6025,720575941526970552,,1.0,1
6026,720575941526981508,,1.0,1
6027,720575941526981913,,1.0,1
6028,720575941526982681,,1.0,1
6029,720575941526985912,,1.0,1
6030,720575941526992665,,1.0,1
6031,720575941527000857,,1.0,1
6032,720575941527002649,,1.0,1
6033,720575941527002905,,1.0,1
6034,720575941527005977,,1.0,1
6035,720575941527011353,,1.0,1
6036,720575941527015300,,1.0,1
6037,720575941527018628,,1.0,1
6038,720575941527020569,,1.0,1
6039,720575941527043238,,1.0,1
6040,720575941527050662,,1.0,1
6041,720575941527076024,,1.0,1
6042,720575941527099981,,1.0,1
6043,720575941527109816,,1.0,1
6044,720575941527110840,,1.0,1
6045,720575941527120568,,1.0,1
6046,720575941527121080,,1.0,1
6047,720575941527126712,,1.0,1
6048,720575941527130040,,1.0,1
6049,720575941527149496,,1.0,1
6050,720575941527150776,,1.0,1
6051,720575941527163576,,1.0,1
6052,720575941527184642,,1.0,1
6053,720575941527188664,,1.0,1
6054,720575941527199160,,1.0,1
6055,720575941527209144,,1.0,1
6056,720575941527220920,,1.0,1
6057,720575941527241656,,1.0,1
6058,720575941527241912,,1.0,1
6059,720575941527256742,,1.0,1
6060,720575941527291417,,1.0,1
6061,720575941527334244,,1.0,1
6062,720575941527341924,,1.0,1
6063,720575941527517862,,1.0,1
6064,720575941527634564,,1.0,1
6065,720575941527690628,,1.0,1
6066,720575941527825062,,1.0,1
6067,720575941527840934,,1.0,1
6068,720575941527845798,,1.0,1
6069,720575941527851430,,1.0,1
6070,720575941527856294,,1.0,1
6071,720575941527860390,,1.0,1
6072,720575941527867558,,1.0,1
6073,720575941527939460,,1.0,1
6074,720575941527939716,,1.0,1
6075,720575941527940740,,1.0,1
6076,720575941528040580,,1.0,1
6077,720575941528044164,,1.0,1
6078,720575941528050052,,1.0,1
6079,720575941528056964,,1.0,1
6080,720575941528084612,,1.0,1
6081,720575941528086660,,1.0,1
6082,720575941528091524,,1.0,1
6083,720575941528091780,,1.0,1
6084,720575941528356043,,1.0,1
6085,720575941528371659,,1.0,1
6086,720575941528395723,,1.0,1
6087,720575941528399051,,1.0,1
6088,720575941528401611,,1.0,1
6089,720575941528426699,,1.0,1
6090,720575941528429496,,1.0,1
6091,720575941528447435,,1.0,1
6092,720575941528470731,,1.0,1
6093,720575941528485835,,1.0,1
6094,720575941528514507,,1.0,1
6095,720575941528517067,,1.0,1
6096,720575941528522955,,1.0,1
6097,720575941528528331,,1.0,1
6098,720575941528530635,,1.0,1
6099,720575941528557259,,1.0,1
6100,720575941528573643,,1.0,1
6101,720575941528575435,,1.0,1
6102,720575941528576459,,1.0,1
6103,720575941528588491,,1.0,1
6104,720575941528712376,,1.0,1
6105,720575941528718008,,1.0,1
6106,720575941528729784,,1.0,1
6107,720575941528732344,,1.0,1
6108,720575941528742328,,1.0,1
6109,720575941528745144,,1.0,1
6110,720575941528751032,,1.0,1
6111,720575941528807608,,1.0,1
6112,720575941528807864,,1.0,1
6113,720575941528825476,,1.0,1
6114,720575941528879032,,1.0,1
6115,720575941528899019,,1.0,1
6116,720575941528931256,,1.0,1
6117,720575941528944568,,1.0,1
6118,720575941528961412,,1.0,1
6119,720575941528969604,,1.0,1
6120,720575941528976004,,1.0,1
6121,720575941528978123,,1.0,1
6122,720575941528998788,,1.0,1
6123,720575941529001604,,1.0,1
6124,720575941529004420,,1.0,1
6125,720575941529077176,,1.0,1
6126,720575941529210315,,1.0,1
6127,720575941529290628,,1.0,1
6128,720575941529746405,,1.0,1
6129,720575941529753476,,1.0,1
6130,720575941529775307,,1.0,1
6131,720575941529780427,,1.0,1
6132,720575941529782712,,1.0,1
6133,720575941529783499,,1.0,1
6134,720575941529789880,,1.0,1
6135,720575941529790648,,1.0,1
6136,720575941529794789,,1.0,1
6137,720575941529799608,,1.0,1
6138,720575941529802680,,1.0,1
6139,720575941529803704,,1.0,1
6140,720575941529805240,,1.0,1
6141,720575941529806821,,1.0,1
6142,720575941529810616,,1.0,1
6143,720575941529814968,,1.0,1
6144,720575941529815480,,1.0,1
6145,720575941529815992,,1.0,1
6146,720575941529816504,,1.0,1
6147,720575941529820088,,1.0,1
6148,720575941529820600,,1.0,1
6149,720575941529821368,,1.0,1
6150,720575941529824952,,1.0,1
6151,720575941529825464,,1.0,1
6152,720575941529827557,,1.0,1
6153,720575941529832165,,1.0,1
6154,720575941529852901,,1.0,1
6155,720575941529857509,,1.0,1
6156,720575941529859813,,1.0,1
6157,720575941529875941,,1.0,1
6158,720575941529876197,,1.0,1
6159,720575941529877477,,1.0,1
6160,720575941529891301,,1.0,1
6161,720575941529896933,,1.0,1
6162,720575941529903077,,1.0,1
6163,720575941529916645,,1.0,1
6164,720575941529931749,,1.0,1
6165,720575941530154424,,1.0,1
6166,720575941530161099,,1.0,1
6167,720575941530165963,,1.0,1
6168,720575941530166475,,1.0,1
6169,720575941530166731,,1.0,1
6170,720575941530168267,,1.0,1
6171,720575941530169803,,1.0,1
6172,720575941530184139,,1.0,1
6173,720575941530185163,,1.0,1
6174,720575941530185419,,1.0,1
6175,720575941530191307,,1.0,1
6176,720575941530192843,,1.0,1
6177,720575941530265035,,1.0,1
6178,720575941530291147,,1.0,1
6179,720575941530298315,,1.0,1
6180,720575941530322635,,1.0,1
6181,720575941530440376,,1.0,1
6182,720575941530455224,,1.0,1
6183,720575941530482661,,1.0,1
6184,720575941530487525,,1.0,1
6185,720575941530494437,,1.0,1
6186,720575941530697603,,1.0,1
6187,720575941530740099,,1.0,1
6188,720575941530815363,,1.0,1
6189,720575941530832003,,1.0,1
6190,720575941530837891,,1.0,1
6191,720575941530839427,,1.0,1
6192,720575941530848899,,1.0,1
6193,720575941530853507,,1.0,1
6194,720575941530862467,,1.0,1
6195,720575941530866307,,1.0,1
6196,720575941530867075,,1.0,1
6197,720575941530868611,,1.0,1
6198,720575941530869891,,1.0,1
6199,720575941530874755,,1.0,1
6200,720575941530876291,,1.0,1
6201,720575941530880131,,1.0,1
6202,720575941530890627,,1.0,1
6203,720575941531070923,,1.0,1
6204,720575941531197387,,1.0,1
6205,720575941531245259,,1.0,1
6206,720575941531258315,,1.0,1
6207,720575941531266763,,1.0,1
6208,720575941531280843,,1.0,1
6209,720575941531288267,,1.0,1
6210,720575941531291851,,1.0,1
6211,720575941531292107,,1.0,1
6212,720575941531309259,,1.0,1
6213,720575941531319427,,1.0,1
6214,720575941531428581,,1.0,1
6215,720575941531435237,,1.0,1
6216,720575941531435907,,1.0,1
6217,720575941531436261,,1.0,1
6218,720575941531438723,,1.0,1
6219,720575941531441381,,1.0,1
6220,720575941531445477,,1.0,1
6221,720575941531447781,,1.0,1
6222,720575941531448293,,1.0,1
6223,720575941531450853,,1.0,1
6224,720575941531457509,,1.0,1
6225,720575941531464677,,1.0,1
6226,720575941531468005,,1.0,1
6227,720575941531468773,,1.0,1
6228,720575941531475173,,1.0,1
6229,720575941531475941,,1.0,1
6230,720575941531480805,,1.0,1
6231,720575941531482853,,1.0,1
6232,720575941531514597,,1.0,1
6233,720575941531517413,,1.0,1
6234,720575941531522789,,1.0,1
6235,720575941531577829,,1.0,1
6236,720575941531579365,,1.0,1
6237,720575941531582949,,1.0,1
6238,720575941531586533,,1.0,1
6239,720575941531589861,,1.0,1
6240,720575941532002435,,1.0,1
6241,720575941532246762,,1.0,1
6242,720575941532251882,,1.0,1
6243,720575941532255978,,1.0,1
6244,720575941532269802,,1.0,1
6245,720575941532280042,,1.0,1
6246,720575941532304362,,1.0,1
6247,720575941532306098,,1.0,1
6248,720575941532330418,,1.0,1
6249,720575941532334424,,1.0,1
6250,720575941532349362,,1.0,1
6251,720575941532354482,,1.0,1
6252,720575941532367538,,1.0,1
6253,720575941532368106,,1.0,1
6254,720575941532368618,,1.0,1
6255,720575941532373592,,1.0,1
6256,720575941532377522,,1.0,1
6257,720575941532377834,,1.0,1
6258,720575941532384387,,1.0,1
6259,720575941532386904,,1.0,1
6260,720575941532387306,,1.0,1
6261,720575941532392882,,1.0,1
6262,720575941532393706,,1.0,1
6263,720575941532394418,,1.0,1
6264,720575941532400306,,1.0,1
6265,720575941532407384,,1.0,1
6266,720575941532410243,,1.0,1
6267,720575941532411523,,1.0,1
6268,720575941532415363,,1.0,1
6269,720575941532416088,,1.0,1
6270,720575941532418904,,1.0,1
6271,720575941532419306,,1.0,1
6272,720575941532423000,,1.0,1
6273,720575941532424170,,1.0,1
6274,720575941532425194,,1.0,1
6275,720575941532426730,,1.0,1
6276,720575941532431704,,1.0,1
6277,720575941532432618,,1.0,1
6278,720575941532433842,,1.0,1
6279,720575941532440554,,1.0,1
6280,720575941532446954,,1.0,1
6281,720575941532457347,,1.0,1
6282,720575941532458730,,1.0,1
6283,720575941532463589,,1.0,1
6284,720575941532465642,,1.0,1
6285,720575941532468458,,1.0,1
6286,720575941532469221,,1.0,1
6287,720575941532475882,,1.0,1
6288,720575941532476248,,1.0,1
6289,720575941532480229,,1.0,1
6290,720575941532483813,,1.0,1
6291,720575941532485610,,1.0,1
6292,720575941532487256,,1.0,1
6293,720575941532488170,,1.0,1
6294,720575941532490725,,1.0,1
6295,720575941532492005,,1.0,1
6296,720575941532494424,,1.0,1
6297,720575941532495704,,1.0,1
6298,720575941532496357,,1.0,1
6299,720575941532509016,,1.0,1
6300,720575941532513880,,1.0,1
6301,720575941532526168,,1.0,1
6302,720575941532531843,,1.0,1
6303,720575941532534872,,1.0,1
6304,720575941532543576,,1.0,1
6305,720575941532574339,,1.0,1
6306,720575941532674179,,1.0,1
6307,720575941532675971,,1.0,1
6308,720575941532915429,,1.0,1
6309,720575941532952810,,1.0,1
6310,720575941532971242,,1.0,1
6311,720575941532985317,,1.0,1
6312,720575941533034945,,1.0,1
6313,720575941533043466,,1.0,1
6314,720575941533045592,,1.0,1
6315,720575941533051914,,1.0,1
6316,720575941533073674,,1.0,1
6317,720575941533105586,,1.0,1
6318,720575941533108417,,1.0,1
6319,720575941533111474,,1.0,1
6320,720575941533119242,,1.0,1
6321,720575941533123777,,1.0,1
6322,720575941533138625,,1.0,1
6323,720575941533143562,,1.0,1
6324,720575941533145537,,1.0,1
6325,720575941533148097,,1.0,1
6326,720575941533175489,,1.0,1
6327,720575941533182913,,1.0,1
6328,720575941533191105,,1.0,1
6329,720575941533201857,,1.0,1
6330,720575941533203210,,1.0,1
6331,720575941533210890,,1.0,1
6332,720575941533212609,,1.0,1
6333,720575941533213121,,1.0,1
6334,720575941533217985,,1.0,1
6335,720575941533221386,,1.0,1
6336,720575941533223690,,1.0,1
6337,720575941533250570,,1.0,1
6338,720575941533250753,,1.0,1
6339,720575941533258689,,1.0,1
6340,720575941533266698,,1.0,1
6341,720575941533269770,,1.0,1
6342,720575941533272769,,1.0,1
6343,720575941533278145,,1.0,1
6344,720575941533278657,,1.0,1
6345,720575941533278986,,1.0,1
6346,720575941533288129,,1.0,1
6347,720575941533291713,,1.0,1
6348,720575941533310145,,1.0,1
6349,720575941533316874,,1.0,1
6350,720575941533343619,,1.0,1
6351,720575941533345923,,1.0,1
6352,720575941533348739,,1.0,1
6353,720575941533351555,,1.0,1
6354,720575941533354371,,1.0,1
6355,720575941533356163,,1.0,1
6356,720575941533368554,,1.0,1
6357,720575941533371523,,1.0,1
6358,720575941533531402,,1.0,1
6359,720575941533545304,,1.0,1
6360,720575941533610072,,1.0,1
6361,720575941533623730,,1.0,1
6362,720575941533631770,,1.0,1
6363,720575941533659224,,1.0,1
6364,720575941533661978,,1.0,1
6365,720575941533666648,,1.0,1
6366,720575941533679898,,1.0,1
6367,720575941533682714,,1.0,1
6368,720575941533700274,,1.0,1
6369,720575941533723162,,1.0,1
6370,720575941533734426,,1.0,1
6371,720575941533738986,,1.0,1
6372,720575941533742106,,1.0,1
6373,720575941533758234,,1.0,1
6374,720575941533761050,,1.0,1
6375,720575941533768474,,1.0,1
6376,720575941533771034,,1.0,1
6377,720575941533777690,,1.0,1
6378,720575941533786906,,1.0,1
6379,720575941533790746,,1.0,1
6380,720575941533798938,,1.0,1
6381,720575941533802266,,1.0,1
6382,720575941533806874,,1.0,1
6383,720575941533815322,,1.0,1
6384,720575941533819162,,1.0,1
6385,720575941533831194,,1.0,1
6386,720575941533836570,,1.0,1
6387,720575941533862682,,1.0,1
6388,720575941533864458,,1.0,1
6389,720575941533864986,,1.0,1
6390,720575941533866506,,1.0,1
6391,720575941533874202,,1.0,1
6392,720575941533881114,,1.0,1
6393,720575941533889562,,1.0,1
6394,720575941533898010,,1.0,1
6395,720575941533902106,,1.0,1
6396,720575941533908250,,1.0,1
6397,720575941533909018,,1.0,1
6398,720575941533911578,,1.0,1
6399,720575941533919258,,1.0,1
6400,720575941533930778,,1.0,1
6401,720575941533937842,,1.0,1
6402,720575941533945176,,1.0,1
6403,720575941533949016,,1.0,1
6404,720575941533958531,,1.0,1
6405,720575941533960938,,1.0,1
6406,720575941533962072,,1.0,1
6407,720575941533976408,,1.0,1
6408,720575941533989976,,1.0,1
6409,720575941533994418,,1.0,1
6410,720575941534023402,,1.0,1
6411,720575941534024426,,1.0,1
6412,720575941534025304,,1.0,1
6413,720575941534026584,,1.0,1
6414,720575941534033386,,1.0,1
6415,720575941534036312,,1.0,1
6416,720575941534037848,,1.0,1
6417,720575941534040754,,1.0,1
6418,720575941534069938,,1.0,1
6419,720575941534081880,,1.0,1
6420,720575941534091698,,1.0,1
6421,720575941534104298,,1.0,1
6422,720575941534113770,,1.0,1
6423,720575941534118322,,1.0,1
6424,720575941534127594,,1.0,1
6425,720575941534131946,,1.0,1
6426,720575941534136298,,1.0,1
6427,720575941534140138,,1.0,1
6428,720575941534303576,,1.0,1
6429,720575941534305880,,1.0,1
6430,720575941534340289,,1.0,1
6431,720575941534347954,,1.0,1
6432,720575941534424298,,1.0,1
6433,720575941534459418,,1.0,1
6434,720575941534459930,,1.0,1
6435,720575941534522378,,1.0,1
6436,720575941534528600,,1.0,1
6437,720575941534545752,,1.0,1
6438,720575941534600680,,1.0,1
6439,720575941534647050,,1.0,1
6440,720575941534658314,,1.0,1
6441,720575941534690024,,1.0,1
6442,720575941534698730,,1.0,1
6443,720575941534709482,,1.0,1
6444,720575941534711272,,1.0,1
6445,720575941534733800,,1.0,1
6446,720575941534736872,,1.0,1
6447,720575941534737640,,1.0,1
6448,720575941534740714,,1.0,1
6449,720575941534751208,,1.0,1
6450,720575941534763240,,1.0,1
6451,720575941534767336,,1.0,1
6452,720575941534783208,,1.0,1
6453,720575941534789096,,1.0,1
6454,720575941534817624,,1.0,1
6455,720575941534821608,,1.0,1
6456,720575941534841064,,1.0,1
6457,720575941534848961,,1.0,1
6458,720575941534852440,,1.0,1
6459,720575941534852545,,1.0,1
6460,720575941534853720,,1.0,1
6461,720575941534854337,,1.0,1
6462,720575941534857192,,1.0,1
6463,720575941534861505,,1.0,1
6464,720575941534866776,,1.0,1
6465,720575941534869080,,1.0,1
6466,720575941534872152,,1.0,1
6467,720575941534893400,,1.0,1
6468,720575941534893912,,1.0,1
6469,720575941534899288,,1.0,1
6470,720575941534901848,,1.0,1
6471,720575941534902616,,1.0,1
6472,720575941534903896,,1.0,1
6473,720575941534912344,,1.0,1
6474,720575941534913112,,1.0,1
6475,720575941534946024,,1.0,1
6476,720575941534956481,,1.0,1
6477,720575941534977802,,1.0,1
6478,720575941534980618,,1.0,1
6479,720575941534986418,,1.0,1
6480,720575941534996146,,1.0,1
6481,720575941534996161,,1.0,1
6482,720575941535001010,,1.0,1
6483,720575941535001025,,1.0,1
6484,720575941535008690,,1.0,1
6485,720575941535010226,,1.0,1
6486,720575941535016370,,1.0,1
6487,720575941535016882,,1.0,1
6488,720575941535018674,,1.0,1
6489,720575941535025586,,1.0,1
6490,720575941535028146,,1.0,1
6491,720575941535028914,,1.0,1
6492,720575941535031523,,1.0,1
6493,720575941535032769,,1.0,1
6494,720575941535035619,,1.0,1
6495,720575941535040234,,1.0,1
6496,720575941535047690,,1.0,1
6497,720575941535048458,,1.0,1
6498,720575941535048714,,1.0,1
6499,720575941535066339,,1.0,1
6500,720575941535073002,,1.0,1
6501,720575941535073770,,1.0,1
6502,720575941535078371,,1.0,1
6503,720575941535082467,,1.0,1
6504,720575941535084570,,1.0,1
6505,720575941535087594,,1.0,1
6506,720575941535092963,,1.0,1
6507,720575941535099882,,1.0,1
6508,720575941535102691,,1.0,1
6509,720575941535107521,,1.0,1
6510,720575941535108835,,1.0,1
6511,720575941535110890,,1.0,1
6512,720575941535111914,,1.0,1
6513,720575941535118058,,1.0,1
6514,720575941535118307,,1.0,1
6515,720575941535118826,,1.0,1
6516,720575941535125994,,1.0,1
6517,720575941535127011,,1.0,1
6518,720575941535127274,,1.0,1
6519,720575941535134947,,1.0,1
6520,720575941535136739,,1.0,1
6521,720575941535137763,,1.0,1
6522,720575941535144163,,1.0,1
6523,720575941535149034,,1.0,1
6524,720575941535149539,,1.0,1
6525,720575941535150819,,1.0,1
6526,720575941535163363,,1.0,1
6527,720575941535171555,,1.0,1
6528,720575941535177443,,1.0,1
6529,720575941535181283,,1.0,1
6530,720575941535182563,,1.0,1
6531,720575941535190499,,1.0,1
6532,720575941535202787,,1.0,1
6533,720575941535211747,,1.0,1
6534,720575941535215331,,1.0,1
6535,720575941535216355,,1.0,1
6536,720575941535224803,,1.0,1
6537,720575941535254465,,1.0,1
6538,720575941535323058,,1.0,1
6539,720575941535330570,,1.0,1
6540,720575941535331338,,1.0,1
6541,720575941535331594,,1.0,1
6542,720575941535419418,,1.0,1
6543,720575941535420186,,1.0,1
6544,720575941535420698,,1.0,1
6545,720575941535423770,,1.0,1
6546,720575941535440666,,1.0,1
6547,720575941535443939,,1.0,1
6548,720575941535445786,,1.0,1
6549,720575941535446042,,1.0,1
6550,720575941535511834,,1.0,1
6551,720575941535538202,,1.0,1
6552,720575941535539226,,1.0,1
6553,720575941535551514,,1.0,1
6554,720575941535565505,,1.0,1
6555,720575941535617770,,1.0,1
6556,720575941535631386,,1.0,1
6557,720575941535681562,,1.0,1
6558,720575941535749859,,1.0,1
6559,720575941535771058,,1.0,1
6560,720575941535844289,,1.0,1
6561,720575941535888321,,1.0,1
6562,720575941535907082,,1.0,1
6563,720575941535907521,,1.0,1
6564,720575941535909642,,1.0,1
6565,720575941535926282,,1.0,1
6566,720575941535931658,,1.0,1
6567,720575941535932170,,1.0,1
6568,720575941535933450,,1.0,1
6569,720575941535934730,,1.0,1
6570,720575941535943178,,1.0,1
6571,720575941535943690,,1.0,1
6572,720575941535944730,,1.0,1
6573,720575941535945153,,1.0,1
6574,720575941535951592,,1.0,1
6575,720575941535952577,,1.0,1
6576,720575941535955137,,1.0,1
6577,720575941535958209,,1.0,1
6578,720575941535959489,,1.0,1
6579,720575941535966145,,1.0,1
6580,720575941535970241,,1.0,1
6581,720575941535971777,,1.0,1
6582,720575941536110322,,1.0,1
6583,720575941536115698,,1.0,1
6584,720575941536141973,,1.0,1
6585,720575941536171506,,1.0,1
6586,720575941536192498,,1.0,1
6587,720575941536196757,,1.0,1
6588,720575941536203034,,1.0,1
6589,720575941536204826,,1.0,1
6590,720575941536206785,,1.0,1
6591,720575941536208789,,1.0,1
6592,720575941536210581,,1.0,1
6593,720575941536218354,,1.0,1
6594,720575941536226058,,1.0,1
6595,720575941536227826,,1.0,1
6596,720575941536228501,,1.0,1
6597,720575941536229013,,1.0,1
6598,720575941536233621,,1.0,1
6599,720575941536241045,,1.0,1
6600,720575941536244978,,1.0,1
6601,720575941536248306,,1.0,1
6602,720575941536248818,,1.0,1
6603,720575941536268786,,1.0,1
6604,720575941536276506,,1.0,1
6605,720575941536277397,,1.0,1
6606,720575941536281586,,1.0,1
6607,720575941536287474,,1.0,1
6608,720575941536288405,,1.0,1
6609,720575941536291816,,1.0,1
6610,720575941536297109,,1.0,1
6611,720575941536299250,,1.0,1
6612,720575941536301973,,1.0,1
6613,720575941536303858,,1.0,1
6614,720575941536313842,,1.0,1
6615,720575941536314005,,1.0,1
6616,720575941536318869,,1.0,1
6617,720575941536327410,,1.0,1
6618,720575941536329621,,1.0,1
6619,720575941536330645,,1.0,1
6620,720575941536351681,,1.0,1
6621,720575941536364949,,1.0,1
6622,720575941536368370,,1.0,1
6623,720575941536371442,,1.0,1
6624,720575941536372978,,1.0,1
6625,720575941536378866,,1.0,1
6626,720575941536381426,,1.0,1
6627,720575941536390130,,1.0,1
6628,720575941536391666,,1.0,1
6629,720575941536393202,,1.0,1
6630,720575941536395762,,1.0,1
6631,720575941536396693,,1.0,1
6632,720575941536402930,,1.0,1
6633,720575941536441330,,1.0,1
6634,720575941536451570,,1.0,1
6635,720575941536475624,,1.0,1
6636,720575941536498202,,1.0,1
6637,720575941536499226,,1.0,1
6638,720575941536508186,,1.0,1
6639,720575941536510440,,1.0,1
6640,720575941536511474,,1.0,1
6641,720575941536512744,,1.0,1
6642,720575941536513000,,1.0,1
6643,720575941536513050,,1.0,1
6644,720575941536518170,,1.0,1
6645,720575941536518426,,1.0,1
6646,720575941536520218,,1.0,1
6647,720575941536544538,,1.0,1
6648,720575941536546586,,1.0,1
6649,720575941536546842,,1.0,1
6650,720575941536572136,,1.0,1
6651,720575941536591080,,1.0,1
6652,720575941536601576,,1.0,1
6653,720575941536635875,,1.0,1
6654,720575941536638947,,1.0,1
6655,720575941536648168,,1.0,1
6656,720575941536656867,,1.0,1
6657,720575941536657123,,1.0,1
6658,720575941536708323,,1.0,1
6659,720575941536775144,,1.0,1
6660,720575941536838170,,1.0,1
6661,720575941536906389,,1.0,1
6662,720575941536932501,,1.0,1
6663,720575941536937621,,1.0,1
6664,720575941536938133,,1.0,1
6665,720575941536939157,,1.0,1
6666,720575941536946069,,1.0,1
6667,720575941536949397,,1.0,1
6668,720575941536957333,,1.0,1
6669,720575941536965781,,1.0,1
6670,720575941536966805,,1.0,1
6671,720575941537007602,,1.0,1
6672,720575941537012722,,1.0,1
6673,720575941537166997,,1.0,1
6674,720575941537344227,,1.0,1
6675,720575941537477352,,1.0,1
6676,720575941537479400,,1.0,1
6677,720575941537485032,,1.0,1
6678,720575941537486568,,1.0,1
6679,720575941537486824,,1.0,1
6680,720575941537487592,,1.0,1
6681,720575941537501160,,1.0,1
6682,720575941537504744,,1.0,1
6683,720575941537511144,,1.0,1
6684,720575941537528050,,1.0,1
6685,720575941537535693,,1.0,1
6686,720575941537557731,,1.0,1
6687,720575941537573245,,1.0,1
6688,720575941537582029,,1.0,1
6689,720575941537584882,,1.0,1
6690,720575941537591245,,1.0,1
6691,720575941537597389,,1.0,1
6692,720575941537599437,,1.0,1
6693,720575941537600973,,1.0,1
6694,720575941537602275,,1.0,1
6695,720575941537603197,,1.0,1
6696,720575941537603299,,1.0,1
6697,720575941537605347,,1.0,1
6698,720575941537605859,,1.0,1
6699,720575941537612515,,1.0,1
6700,720575941537621475,,1.0,1
6701,720575941537622243,,1.0,1
6702,720575941537624547,,1.0,1
6703,720575941537626829,,1.0,1
6704,720575941537630179,,1.0,1
6705,720575941537631181,,1.0,1
6706,720575941537635277,,1.0,1
6707,720575941537635555,,1.0,1
6708,720575941537635811,,1.0,1
6709,720575941537637091,,1.0,1
6710,720575941537641933,,1.0,1
6711,720575941537641955,,1.0,1
6712,720575941537647821,,1.0,1
6713,720575941537648867,,1.0,1
6714,720575941537653397,,1.0,1
6715,720575941537675725,,1.0,1
6716,720575941537687757,,1.0,1
6717,720575941537694413,,1.0,1
6718,720575941537697149,,1.0,1
6719,720575941537703373,,1.0,1
6720,720575941537705677,,1.0,1
6721,720575941537715149,,1.0,1
6722,720575941537717629,,1.0,1
6723,720575941537723517,,1.0,1
6724,720575941537732989,,1.0,1
6725,720575941537763197,,1.0,1
6726,720575941537772413,,1.0,1
6727,720575941537774717,,1.0,1
6728,720575941537777533,,1.0,1
6729,720575941537796989,,1.0,1
6730,720575941537803901,,1.0,1
6731,720575941537809021,,1.0,1
6732,720575941537811581,,1.0,1
6733,720575941537816213,,1.0,1
6734,720575941537819517,,1.0,1
6735,720575941537831144,,1.0,1
6736,720575941537832317,,1.0,1
6737,720575941537833085,,1.0,1
6738,720575941537843069,,1.0,1
6739,720575941537845885,,1.0,1
6740,720575941537857256,,1.0,1
6741,720575941537860989,,1.0,1
6742,720575941537865165,,1.0,1
6743,720575941537867901,,1.0,1
6744,720575941537878397,,1.0,1
6745,720575941537878909,,1.0,1
6746,720575941537879538,,1.0,1
6747,720575941537881981,,1.0,1
6748,720575941537892477,,1.0,1
6749,720575941537925106,,1.0,1
6750,720575941537927410,,1.0,1
6751,720575941537933042,,1.0,1
6752,720575941537960424,,1.0,1
6753,720575941537968021,,1.0,1
6754,720575941537971861,,1.0,1
6755,720575941537990037,,1.0,1
6756,720575941537994645,,1.0,1
6757,720575941538014194,,1.0,1
6758,720575941538025970,,1.0,1
6759,720575941538033394,,1.0,1
6760,720575941538033906,,1.0,1
6761,720575941538048242,,1.0,1
6762,720575941538064253,,1.0,1
6763,720575941538077426,,1.0,1
6764,720575941538082546,,1.0,1
6765,720575941538087829,,1.0,1
6766,720575941538096789,,1.0,1
6767,720575941538100117,,1.0,1
6768,720575941538106517,,1.0,1
6769,720575941538114197,,1.0,1
6770,720575941538126066,,1.0,1
6771,720575941538274531,,1.0,1
6772,720575941538275555,,1.0,1
6773,720575941538276835,,1.0,1
6774,720575941538278627,,1.0,1
6775,720575941538289379,,1.0,1
6776,720575941538431381,,1.0,1
6777,720575941538493309,,1.0,1
6778,720575941538690709,,1.0,1
6779,720575941538718706,,1.0,1
6780,720575941538750077,,1.0,1
6781,720575941538888061,,1.0,1
6782,720575941538927602,,1.0,1
6783,720575941538951154,,1.0,1
6784,720575941538969842,,1.0,1
6785,720575941538973426,,1.0,1
6786,720575941538984597,,1.0,1
6787,720575941538995186,,1.0,1
6788,720575941538999026,,1.0,1
6789,720575941539006357,,1.0,1
6790,720575941539011477,,1.0,1
6791,720575941539011989,,1.0,1
6792,720575941539013618,,1.0,1
6793,720575941539034005,,1.0,1
6794,720575941539037170,,1.0,1
6795,720575941539040405,,1.0,1
6796,720575941539044082,,1.0,1
6797,720575941539046130,,1.0,1
6798,720575941539048434,,1.0,1
6799,720575941539054541,,1.0,1
6800,720575941539067541,,1.0,1
6801,720575941539071893,,1.0,1
6802,720575941539095701,,1.0,1
6803,720575941539099285,,1.0,1
6804,720575941539104661,,1.0,1
6805,720575941539154813,,1.0,1
6806,720575941539218301,,1.0,1
6807,720575941539248509,,1.0,1
6808,720575941539298253,,1.0,1
6809,720575941539353981,,1.0,1
6810,720575941539355517,,1.0,1
6811,720575941539366093,,1.0,1
6812,720575941539413629,,1.0,1
6813,720575941539464317,,1.0,1
6814,720575941539619164,,1.0,1
6815,720575941539620700,,1.0,1
6816,720575941539688284,,1.0,1
6817,720575941539694428,,1.0,1
6818,720575941539715164,,1.0,1
6819,720575941539716956,,1.0,1
6820,720575941539721308,,1.0,1
6821,720575941539741788,,1.0,1
6822,720575941539743580,,1.0,1
6823,720575941539754332,,1.0,1
6824,720575941539757660,,1.0,1
6825,720575941539778652,,1.0,1
6826,720575941539783004,,1.0,1
6827,720575941539809116,,1.0,1
6828,720575941539929117,,1.0,1
6829,720575941539951997,,1.0,1
6830,720575941539982797,,1.0,1
6831,720575941540021789,,1.0,1
6832,720575941540028957,,1.0,1
6833,720575941540030749,,1.0,1
6834,720575941540033309,,1.0,1
6835,720575941540038429,,1.0,1
6836,720575941540077341,,1.0,1
6837,720575941540100381,,1.0,1
6838,720575941540125469,,1.0,1
6839,720575941540135453,,1.0,1
6840,720575941540138269,,1.0,1
6841,720575941540138525,,1.0,1
6842,720575941540138781,,1.0,1
6843,720575941540141597,,1.0,1
6844,720575941540147229,,1.0,1
6845,720575941540166941,,1.0,1
6846,720575941540179741,,1.0,1
6847,720575941540185213,,1.0,1
6848,720575941540192461,,1.0,1
6849,720575941540197405,,1.0,1
6850,720575941540201933,,1.0,1
6851,720575941540205005,,1.0,1
6852,720575941540205181,,1.0,1
6853,720575941540206973,,1.0,1
6854,720575941540219517,,1.0,1
6855,720575941540220285,,1.0,1
6856,720575941540230013,,1.0,1
6857,720575941540237437,,1.0,1
6858,720575941540239053,,1.0,1
6859,720575941540241101,,1.0,1
6860,720575941540244429,,1.0,1
6861,720575941540245629,,1.0,1
6862,720575941540246909,,1.0,1
6863,720575941540247501,,1.0,1
6864,720575941540248957,,1.0,1
6865,720575941540253309,,1.0,1
6866,720575941540253389,,1.0,1
6867,720575941540254669,,1.0,1
6868,720575941540255357,,1.0,1
6869,720575941540256205,,1.0,1
6870,720575941540261501,,1.0,1
6871,720575941540263805,,1.0,1
6872,720575941540270973,,1.0,1
6873,720575941540274045,,1.0,1
6874,720575941540274381,,1.0,1
6875,720575941540277885,,1.0,1
6876,720575941540278397,,1.0,1
6877,720575941540281213,,1.0,1
6878,720575941540284109,,1.0,1
6879,720575941540289149,,1.0,1
6880,720575941540294013,,1.0,1
6881,720575941540485581,,1.0,1
6882,720575941540690717,,1.0,1
6883,720575941540724765,,1.0,1
6884,720575941540726045,,1.0,1
6885,720575941540727581,,1.0,1
6886,720575941540729885,,1.0,1
6887,720575941540870685,,1.0,1
6888,720575941540977357,,1.0,1
6889,720575941540991949,,1.0,1
6890,720575941541018716,,1.0,1
6891,720575941541123164,,1.0,1
6892,720575941541170780,,1.0,1
6893,720575941541318685,,1.0,1
6894,720575941541386076,,1.0,1
6895,720575941541423708,,1.0,1
6896,720575941541473628,,1.0,1
6897,720575941541486172,,1.0,1
6898,720575941541544028,,1.0,1
6899,720575941541604188,,1.0,1
6900,720575941541740829,,1.0,1
6901,720575941541774621,,1.0,1
6902,720575941541782045,,1.0,1
6903,720575941541785885,,1.0,1
6904,720575941541885981,,1.0,1
6905,720575941541903133,,1.0,1
6906,720575941541930781,,1.0,1
6907,720575941541952092,,1.0,1
6908,720575941542169180,,1.0,1
6909,720575941542215429,,1.0,1
6910,720575941542235141,,1.0,1
6911,720575941542241541,,1.0,1
6912,720575941542265093,,1.0,1
6913,720575941542265605,,1.0,1
6914,720575941542272005,,1.0,1
6915,720575941542282245,,1.0,1
6916,720575941542286085,,1.0,1
6917,720575941542291973,,1.0,1
6918,720575941542297605,,1.0,1
6919,720575941542314245,,1.0,1
6920,720575941542314757,,1.0,1
6921,720575941542325253,,1.0,1
6922,720575941542330117,,1.0,1
6923,720575941542344989,,1.0,1
6924,720575941542345477,,1.0,1
6925,720575941542350597,,1.0,1
6926,720575941542399324,,1.0,1
6927,720575941542411868,,1.0,1
6928,720575941542413660,,1.0,1
6929,720575941542426204,,1.0,1
6930,720575941542431580,,1.0,1
6931,720575941542432092,,1.0,1
6932,720575941542435676,,1.0,1
6933,720575941542437212,,1.0,1
6934,720575941542440796,,1.0,1
6935,720575941542442076,,1.0,1
6936,720575941542443612,,1.0,1
6937,720575941542445916,,1.0,1
6938,720575941542458460,,1.0,1
6939,720575941542469212,,1.0,1
6940,720575941542471004,,1.0,1
6941,720575941542474076,,1.0,1
6942,720575941542475100,,1.0,1
6943,720575941542475356,,1.0,1
6944,720575941542476636,,1.0,1
6945,720575941542477916,,1.0,1
6946,720575941542479196,,1.0,1
6947,720575941542479452,,1.0,1
6948,720575941542480476,,1.0,1
6949,720575941542481244,,1.0,1
6950,720575941542482780,,1.0,1
6951,720575941542483292,,1.0,1
6952,720575941542483804,,1.0,1
6953,720575941542779421,,1.0,1
6954,720575941542796549,,1.0,1
6955,720575941542797829,,1.0,1
6956,720575941542806277,,1.0,1
6957,720575941542830621,,1.0,1
6958,720575941542830877,,1.0,1
6959,720575941542843677,,1.0,1
6960,720575941542866973,,1.0,1
6961,720575941542873885,,1.0,1
6962,720575941542882589,,1.0,1
6963,720575941542894109,,1.0,1
6964,720575941542897949,,1.0,1
6965,720575941542899229,,1.0,1
6966,720575941542900997,,1.0,1
6967,720575941542905629,,1.0,1
6968,720575941542907165,,1.0,1
6969,720575941542907933,,1.0,1
6970,720575941542908189,,1.0,1
6971,720575941542911261,,1.0,1
6972,720575941542922781,,1.0,1
6973,720575941542924829,,1.0,1
6974,720575941543176284,,1.0,1
6975,720575941543312745,,1.0,1
6976,720575941543315205,,1.0,1
6977,720575941543316329,,1.0,1
6978,720575941543365225,,1.0,1
6979,720575941543398505,,1.0,1
6980,720575941543434172,,1.0,1
6981,720575941543444924,,1.0,1
6982,720575941543449788,,1.0,1
6983,720575941543451241,,1.0,1
6984,720575941543468137,,1.0,1
6985,720575941543510121,,1.0,1
6986,720575941543510716,,1.0,1
6987,720575941543511657,,1.0,1
6988,720575941543512764,,1.0,1
6989,720575941543544169,,1.0,1
6990,720575941543585129,,1.0,1
6991,720575941543585212,,1.0,1
6992,720575941543586409,,1.0,1
6993,720575941543601769,,1.0,1
6994,720575941543607740,,1.0,1
6995,720575941543613033,,1.0,1
6996,720575941543620028,,1.0,1
6997,720575941543621308,,1.0,1
6998,720575941543631721,,1.0,1
6999,720575941543633157,,1.0,1
7000,720575941543634437,,1.0,1
7001,720575941543635205,,1.0,1
7002,720575941543635461,,1.0,1
7003,720575941543636741,,1.0,1
7004,720575941543636997,,1.0,1
7005,720575941543640252,,1.0,1
7006,720575941543641349,,1.0,1
7007,720575941543647420,,1.0,1
7008,720575941543648005,,1.0,1
7009,720575941543649285,,1.0,1
7010,720575941543650665,,1.0,1
7011,720575941543651004,,1.0,1
7012,720575941543655785,,1.0,1
7013,720575941543658428,,1.0,1
7014,720575941543659625,,1.0,1
7015,720575941543660220,,1.0,1
7016,720575941543662441,,1.0,1
7017,720575941543666364,,1.0,1
7018,720575941543669765,,1.0,1
7019,720575941543670121,,1.0,1
7020,720575941543673349,,1.0,1
7021,720575941543674629,,1.0,1
7022,720575941543684201,,1.0,1
7023,720575941543685564,,1.0,1
7024,720575941543687868,,1.0,1
7025,720575941543739653,,1.0,1
7026,720575941543751173,,1.0,1
7027,720575941543787013,,1.0,1
7028,720575941543798789,,1.0,1
7029,720575941543813125,,1.0,1
7030,720575941543825413,,1.0,1
7031,720575941543852573,,1.0,1
7032,720575941543893353,,1.0,1
7033,720575941544149509,,1.0,1
7034,720575941544212412,,1.0,1
7035,720575941544219068,,1.0,1
7036,720575941544250473,,1.0,1
7037,720575941544252777,,1.0,1
7038,720575941544256873,,1.0,1
7039,720575941544261225,,1.0,1
7040,720575941544262505,,1.0,1
7041,720575941544272489,,1.0,1
7042,720575941544490676,,1.0,1
7043,720575941544516276,,1.0,1
7044,720575941544546996,,1.0,1
7045,720575941544566452,,1.0,1
7046,720575941544594868,,1.0,1
7047,720575941544597684,,1.0,1
7048,720575941544606388,,1.0,1
7049,720575941544636084,,1.0,1
7050,720575941544636596,,1.0,1
7051,720575941544640436,,1.0,1
7052,720575941544661172,,1.0,1
7053,720575941544676532,,1.0,1
7054,720575941544688308,,1.0,1
7055,720575941544692660,,1.0,1
7056,720575941544695476,,1.0,1
7057,720575941544695732,,1.0,1
7058,720575941544696756,,1.0,1
7059,720575941544706053,,1.0,1
7060,720575941544706996,,1.0,1
7061,720575941544715013,,1.0,1
7062,720575941544718772,,1.0,1
7063,720575941544720133,,1.0,1
7064,720575941544720820,,1.0,1
7065,720575941544721844,,1.0,1
7066,720575941544731909,,1.0,1
7067,720575941544744965,,1.0,1
7068,720575941544778245,,1.0,1
7069,720575941544780037,,1.0,1
7070,720575941544914793,,1.0,1
7071,720575941544954556,,1.0,1
7072,720575941544973500,,1.0,1
7073,720575941544975804,,1.0,1
7074,720575941544977596,,1.0,1
7075,720575941544981436,,1.0,1
7076,720575941544982716,,1.0,1
7077,720575941545124232,,1.0,1
7078,720575941545126505,,1.0,1
7079,720575941545127785,,1.0,1
7080,720575941545143688,,1.0,1
7081,720575941545195656,,1.0,1
7082,720575941545211272,,1.0,1
7083,720575941545212340,,1.0,1
7084,720575941545234356,,1.0,1
7085,720575941545270664,,1.0,1
7086,720575941545281928,,1.0,1
7087,720575941545286792,,1.0,1
7088,720575941545314184,,1.0,1
7089,720575941545322120,,1.0,1
7090,720575941545334408,,1.0,1
7091,720575941545334920,,1.0,1
7092,720575941545353352,,1.0,1
7093,720575941545355625,,1.0,1
7094,720575941545357161,,1.0,1
7095,720575941545361288,,1.0,1
7096,720575941545362281,,1.0,1
7097,720575941545372296,,1.0,1
7098,720575941545374825,,1.0,1
7099,720575941545375880,,1.0,1
7100,720575941545396104,,1.0,1
7101,720575941545400508,,1.0,1
7102,720575941545408904,,1.0,1
7103,720575941545438057,,1.0,1
7104,720575941545440392,,1.0,1
7105,720575941545446792,,1.0,1
7106,720575941545450120,,1.0,1
7107,720575941545452137,,1.0,1
7108,720575941545464968,,1.0,1
7109,720575941545469832,,1.0,1
7110,720575941545471593,,1.0,1
7111,720575941545473672,,1.0,1
7112,720575941545473928,,1.0,1
7113,720575941545482684,,1.0,1
7114,720575941545483369,,1.0,1
7115,720575941545488901,,1.0,1
7116,720575941545509737,,1.0,1
7117,720575941545638505,,1.0,1
7118,720575941545854132,,1.0,1
7119,720575941546065032,,1.0,1
7120,720575941546165896,,1.0,1
7121,720575941546186420,,1.0,1
7122,720575941546193332,,1.0,1
7123,720575941546205108,,1.0,1
7124,720575941546207412,,1.0,1
7125,720575941546208692,,1.0,1
7126,720575941546220980,,1.0,1
7127,720575941546258612,,1.0,1
7128,720575941546266036,,1.0,1
7129,720575941546303156,,1.0,1
7130,720575941546321076,,1.0,1
7131,720575941546335676,,1.0,1
7132,720575941546366132,,1.0,1
7133,720575941546374076,,1.0,1
7134,720575941546385084,,1.0,1
7135,720575941546387388,,1.0,1
7136,720575941546388412,,1.0,1
7137,720575941546391740,,1.0,1
7138,720575941546393532,,1.0,1
7139,720575941546394812,,1.0,1
7140,720575941546430313,,1.0,1
7141,720575941546435177,,1.0,1
7142,720575941546436713,,1.0,1
7143,720575941546443625,,1.0,1
7144,720575941546446441,,1.0,1
7145,720575941546447465,,1.0,1
7146,720575941546454633,,1.0,1
7147,720575941546457705,,1.0,1
7148,720575941546508321,,1.0,1
7149,720575941546532641,,1.0,1
7150,720575941546553633,,1.0,1
7151,720575941546571700,,1.0,1
7152,720575941546580769,,1.0,1
7153,720575941546627105,,1.0,1
7154,720575941546638625,,1.0,1
7155,720575941546654497,,1.0,1
7156,720575941546657569,,1.0,1
7157,720575941546677865,,1.0,1
7158,720575941546687009,,1.0,1
7159,720575941546689825,,1.0,1
7160,720575941546711073,,1.0,1
7161,720575941546711585,,1.0,1
7162,720575941546719265,,1.0,1
7163,720575941546731041,,1.0,1
7164,720575941546749729,,1.0,1
7165,720575941546756385,,1.0,1
7166,720575941546767649,,1.0,1
7167,720575941546773640,,1.0,1
7168,720575941546788385,,1.0,1
7169,720575941546807841,,1.0,1
7170,720575941546811425,,1.0,1
7171,720575941546819617,,1.0,1
7172,720575941546827553,,1.0,1
7173,720575941546845320,,1.0,1
7174,720575941546854945,,1.0,1
7175,720575941546867489,,1.0,1
7176,720575941546868668,,1.0,1
7177,720575941546890273,,1.0,1
7178,720575941546999740,,1.0,1
7179,720575941547002044,,1.0,1
7180,720575941547017660,,1.0,1
7181,720575941547115656,,1.0,1
7182,720575941547150141,,1.0,1
7183,720575941547157428,,1.0,1
7184,720575941547158196,,1.0,1
7185,720575941547159476,,1.0,1
7186,720575941547159732,,1.0,1
7187,720575941547161268,,1.0,1
7188,720575941547162292,,1.0,1
7189,720575941547164084,,1.0,1
7190,720575941547175860,,1.0,1
7191,720575941547176372,,1.0,1
7192,720575941547176884,,1.0,1
7193,720575941547177076,,1.0,1
7194,720575941547177396,,1.0,1
7195,720575941547178164,,1.0,1
7196,720575941547178932,,1.0,1
7197,720575941547179956,,1.0,1
7198,720575941547184957,,1.0,1
7199,720575941547187080,,1.0,1
7200,720575941547187848,,1.0,1
7201,720575941547189384,,1.0,1
7202,720575941547199549,,1.0,1
7203,720575941547225405,,1.0,1
7204,720575941547226248,,1.0,1
7205,720575941547226292,,1.0,1
7206,720575941547236532,,1.0,1
7207,720575941547239229,,1.0,1
7208,720575941547244861,,1.0,1
7209,720575941547256125,,1.0,1
7210,720575941547259197,,1.0,1
7211,720575941547285620,,1.0,1
7212,720575941547287101,,1.0,1
7213,720575941547288692,,1.0,1
7214,720575941547294013,,1.0,1
7215,720575941547294836,,1.0,1
7216,720575941547298676,,1.0,1
7217,720575941547304509,,1.0,1
7218,720575941547307837,,1.0,1
7219,720575941547330877,,1.0,1
7220,720575941547331389,,1.0,1
7221,720575941547331444,,1.0,1
7222,720575941547334205,,1.0,1
7223,720575941547335284,,1.0,1
7224,720575941547336253,,1.0,1
7225,720575941547337789,,1.0,1
7226,720575941547337844,,1.0,1
7227,720575941547341684,,1.0,1
7228,720575941547343220,,1.0,1
7229,720575941547347316,,1.0,1
7230,720575941547347572,,1.0,1
7231,720575941547366516,,1.0,1
7232,720575941547368820,,1.0,1
7233,720575941547371069,,1.0,1
7234,720575941547372404,,1.0,1
7235,720575941547377725,,1.0,1
7236,720575941547384097,,1.0,1
7237,720575941547384381,,1.0,1
7238,720575941547390269,,1.0,1
7239,720575941547401249,,1.0,1
7240,720575941547505288,,1.0,1
7241,720575941547505544,,1.0,1
7242,720575941547841853,,1.0,1
7243,720575941547842877,,1.0,1
7244,720575941547892084,,1.0,1
7245,720575941547899764,,1.0,1
7246,720575941547930228,,1.0,1
7247,720575941547938952,,1.0,1
7248,720575941547953076,,1.0,1
7249,720575941548042356,,1.0,1
7250,720575941548069256,,1.0,1
7251,720575941548072072,,1.0,1
7252,720575941548073608,,1.0,1
7253,720575941548073864,,1.0,1
7254,720575941548078216,,1.0,1
7255,720575941548082824,,1.0,1
7256,720575941548312353,,1.0,1
7257,720575941548342817,,1.0,1
7258,720575941548367677,,1.0,1
7259,720575941548374305,,1.0,1
7260,720575941548376865,,1.0,1
7261,720575941548405537,,1.0,1
7262,720575941548439841,,1.0,1
7263,720575941548447521,,1.0,1
7264,720575941548494881,,1.0,1
7265,720575941548496929,,1.0,1
7266,720575941548498721,,1.0,1
7267,720575941548507425,,1.0,1
7268,720575941548515105,,1.0,1
7269,720575941548593953,,1.0,1
7270,720575941548599924,,1.0,1
7271,720575941548601716,,1.0,1
7272,720575941548641928,,1.0,1
7273,720575941548802164,,1.0,1
7274,720575941548844605,,1.0,1
7275,720575941548845629,,1.0,1
7276,720575941548856637,,1.0,1
7277,720575941548867389,,1.0,1
7278,720575941548867901,,1.0,1
7279,720575941548878708,,1.0,1
7280,720575941548886900,,1.0,1
7281,720575941548888692,,1.0,1
7282,720575941548889716,,1.0,1
7283,720575941548889917,,1.0,1
7284,720575941548897652,,1.0,1
7285,720575941548912445,,1.0,1
7286,720575941548921917,,1.0,1
7287,720575941548943988,,1.0,1
7288,720575941548953917,,1.0,1
7289,720575941548957812,,1.0,1
7290,720575941548965492,,1.0,1
7291,720575941548970813,,1.0,1
7292,720575941548981309,,1.0,1
7293,720575941548989812,,1.0,1
7294,720575941549002612,,1.0,1
7295,720575941549002868,,1.0,1
7296,720575941549015668,,1.0,1
7297,720575941549018228,,1.0,1
7298,720575941549040500,,1.0,1
7299,720575941549082996,,1.0,1
7300,720575941549133823,,1.0,1
7301,720575941549151231,,1.0,1
7302,720575941549165823,,1.0,1
7303,720575941549166079,,1.0,1
7304,720575941549224703,,1.0,1
7305,720575941549240319,,1.0,1
7306,720575941549283839,,1.0,1
7307,720575941549290495,,1.0,1
7308,720575941549297919,,1.0,1
7309,720575941549318143,,1.0,1
7310,720575941549329663,,1.0,1
7311,720575941549350399,,1.0,1
7312,720575941549359103,,1.0,1
7313,720575941549372159,,1.0,1
7314,720575941549374975,,1.0,1
7315,720575941549380351,,1.0,1
7316,720575941549386239,,1.0,1
7317,720575941549394292,,1.0,1
7318,720575941549394687,,1.0,1
7319,720575941549399039,,1.0,1
7320,720575941549403903,,1.0,1
7321,720575941549427967,,1.0,1
7322,720575941549451553,,1.0,1
7323,720575941549461537,,1.0,1
7324,720575941549465121,,1.0,1
7325,720575941549465633,,1.0,1
7326,720575941549465889,,1.0,1
7327,720575941549472545,,1.0,1
7328,720575941549477409,,1.0,1
7329,720575941549478945,,1.0,1
7330,720575941549481761,,1.0,1
7331,720575941549488161,,1.0,1
7332,720575941549488417,,1.0,1
7333,720575941549489697,,1.0,1
7334,720575941549558846,,1.0,1
7335,720575941549570878,,1.0,1
7336,720575941549578301,,1.0,1
7337,720575941549643838,,1.0,1
7338,720575941549653310,,1.0,1
7339,720575941549655102,,1.0,1
7340,720575941549676606,,1.0,1
7341,720575941549683006,,1.0,1
7342,720575941549693556,,1.0,1
7343,720575941549699390,,1.0,1
7344,720575941549701182,,1.0,1
7345,720575941549711422,,1.0,1
7346,720575941549714238,,1.0,1
7347,720575941549732158,,1.0,1
7348,720575941549735742,,1.0,1
7349,720575941549751358,,1.0,1
7350,720575941549753150,,1.0,1
7351,720575941549754913,,1.0,1
7352,720575941549780798,,1.0,1
7353,720575941549809982,,1.0,1
7354,720575941549814846,,1.0,1
7355,720575941549826622,,1.0,1
7356,720575941549829182,,1.0,1
7357,720575941549839166,,1.0,1
7358,720575941549840702,,1.0,1
7359,720575941549911613,,1.0,1
7360,720575941549915709,,1.0,1
7361,720575941549931837,,1.0,1
7362,720575941549936701,,1.0,1
7363,720575941549951549,,1.0,1
7364,720575941549960052,,1.0,1
7365,720575941549961277,,1.0,1
7366,720575941549962868,,1.0,1
7367,720575941549963124,,1.0,1
7368,720575941549963581,,1.0,1
7369,720575941549963636,,1.0,1
7370,720575941549964148,,1.0,1
7371,720575941549976637,,1.0,1
7372,720575941549978228,,1.0,1
7373,720575941549987444,,1.0,1
7374,720575941549987700,,1.0,1
7375,720575941549990004,,1.0,1
7376,720575941549991796,,1.0,1
7377,720575941549992564,,1.0,1
7378,720575941550051583,,1.0,1
7379,720575941550058239,,1.0,1
7380,720575941550238781,,1.0,1
7381,720575941550531700,,1.0,1
7382,720575941550548340,,1.0,1
7383,720575941550660095,,1.0,1
7384,720575941550668031,,1.0,1
7385,720575941550676029,,1.0,1
7386,720575941550693236,,1.0,1
7387,720575941550836359,,1.0,1
7388,720575941550871039,,1.0,1
7389,720575941550878087,,1.0,1
7390,720575941550883463,,1.0,1
7391,720575941550890239,,1.0,1
7392,720575941550894847,,1.0,1
7393,720575941550911487,,1.0,1
7394,720575941550913791,,1.0,1
7395,720575941550919679,,1.0,1
7396,720575941550923775,,1.0,1
7397,720575941550930175,,1.0,1
7398,720575941550932991,,1.0,1
7399,720575941550944511,,1.0,1
7400,720575941550948231,,1.0,1
7401,720575941550950279,,1.0,1
7402,720575941550957055,,1.0,1
7403,720575941550957703,,1.0,1
7404,720575941550971783,,1.0,1
7405,720575941550977415,,1.0,1
7406,720575941550987143,,1.0,1
7407,720575941551029759,,1.0,1
7408,720575941551035527,,1.0,1
7409,720575941551043839,,1.0,1
7410,720575941551045631,,1.0,1
7411,720575941551048447,,1.0,1
7412,720575941551053823,,1.0,1
7413,720575941551057543,,1.0,1
7414,720575941551057919,,1.0,1
7415,720575941551059455,,1.0,1
7416,720575941551063687,,1.0,1
7417,720575941551070207,,1.0,1
7418,720575941551175742,,1.0,1
7419,720575941551313435,,1.0,1
7420,720575941551321371,,1.0,1
7421,720575941551326235,,1.0,1
7422,720575941551356955,,1.0,1
7423,720575941551357467,,1.0,1
7424,720575941551357723,,1.0,1
7425,720575941551362075,,1.0,1
7426,720575941551370779,,1.0,1
7427,720575941551376667,,1.0,1
7428,720575941551378715,,1.0,1
7429,720575941551379739,,1.0,1
7430,720575941551384091,,1.0,1
7431,720575941551385371,,1.0,1
7432,720575941551389979,,1.0,1
7433,720575941551395355,,1.0,1
7434,720575941551404315,,1.0,1
7435,720575941551413531,,1.0,1
7436,720575941551416603,,1.0,1
7437,720575941551420187,,1.0,1
7438,720575941551424283,,1.0,1
7439,720575941551428635,,1.0,1
7440,720575941551432254,,1.0,1
7441,720575941551434394,,1.0,1
7442,720575941551437466,,1.0,1
7443,720575941551443610,,1.0,1
7444,720575941551464959,,1.0,1
7445,720575941551480831,,1.0,1
7446,720575941551502490,,1.0,1
7447,720575941551509146,,1.0,1
7448,720575941551519386,,1.0,1
7449,720575941551561790,,1.0,1
7450,720575941551563418,,1.0,1
7451,720575941551566654,,1.0,1
7452,720575941551570586,,1.0,1
7453,720575941551579034,,1.0,1
7454,720575941551588506,,1.0,1
7455,720575941551589274,,1.0,1
7456,720575941551597210,,1.0,1
7457,720575941551603610,,1.0,1
7458,720575941551610778,,1.0,1
7459,720575941551618458,,1.0,1
7460,720575941551618695,,1.0,1
7461,720575941551619994,,1.0,1
7462,720575941551621786,,1.0,1
7463,720575941551622023,,1.0,1
7464,720575941551625626,,1.0,1
7465,720575941551627162,,1.0,1
7466,720575941551637146,,1.0,1
7467,720575941551644699,,1.0,1
7468,720575941551657114,,1.0,1
7469,720575941551659263,,1.0,1
7470,720575941551923711,,1.0,1
7471,720575941551926527,,1.0,1
7472,720575941551942655,,1.0,1
7473,720575941551944191,,1.0,1
7474,720575941551946239,,1.0,1
7475,720575941551947263,,1.0,1
7476,720575941551951359,,1.0,1
7477,720575941551952127,,1.0,1
7478,720575941551960319,,1.0,1
7479,720575941551969791,,1.0,1
7480,720575941551970815,,1.0,1
7481,720575941551983871,,1.0,1
7482,720575941551992859,,1.0,1
7483,720575941551995391,,1.0,1
7484,720575941551996159,,1.0,1
7485,720575941551996671,,1.0,1
7486,720575941551997183,,1.0,1
7487,720575941552001791,,1.0,1
7488,720575941552004351,,1.0,1
7489,720575941552008959,,1.0,1
7490,720575941552010495,,1.0,1
7491,720575941552027647,,1.0,1
7492,720575941552031231,,1.0,1
7493,720575941552129927,,1.0,1
7494,720575941552229767,,1.0,1
7495,720575941552240007,,1.0,1
7496,720575941552244286,,1.0,1
7497,720575941552245822,,1.0,1
7498,720575941552279102,,1.0,1
7499,720575941552299521,,1.0,1
7500,720575941552329729,,1.0,1
7501,720575941552349185,,1.0,1
7502,720575941552351745,,1.0,1
7503,720575941552358657,,1.0,1
7504,720575941552372634,,1.0,1
7505,720575941552433921,,1.0,1
7506,720575941552442369,,1.0,1
7507,720575941552444807,,1.0,1
7508,720575941552451073,,1.0,1
7509,720575941552451329,,1.0,1
7510,720575941552463361,,1.0,1
7511,720575941552474881,,1.0,1
7512,720575941552477697,,1.0,1
7513,720575941552481281,,1.0,1
7514,720575941552487169,,1.0,1
7515,720575941552496641,,1.0,1
7516,720575941552510465,,1.0,1
7517,720575941552515073,,1.0,1
7518,720575941552519937,,1.0,1
7519,720575941552529665,,1.0,1
7520,720575941552566663,,1.0,1
7521,720575941552570247,,1.0,1
7522,720575941552570503,,1.0,1
7523,720575941552574599,,1.0,1
7524,720575941552582791,,1.0,1
7525,720575941552584839,,1.0,1
7526,720575941552587399,,1.0,1
7527,720575941552589447,,1.0,1
7528,720575941552592519,,1.0,1
7529,720575941552596030,,1.0,1
7530,720575941552600382,,1.0,1
7531,720575941552601662,,1.0,1
7532,720575941552604734,,1.0,1
7533,720575941552620543,,1.0,1
7534,720575941552622398,,1.0,1
7535,720575941552627518,,1.0,1
7536,720575941552629822,,1.0,1
7537,720575941552630078,,1.0,1
7538,720575941552634174,,1.0,1
7539,720575941552635710,,1.0,1
7540,720575941552643390,,1.0,1
7541,720575941552646206,,1.0,1
7542,720575941552650375,,1.0,1
7543,720575941552675719,,1.0,1
7544,720575941552685447,,1.0,1
7545,720575941552711251,,1.0,1
7546,720575941552723591,,1.0,1
7547,720575941552728147,,1.0,1
7548,720575941552761939,,1.0,1
7549,720575941552762963,,1.0,1
7550,720575941552783495,,1.0,1
7551,720575941552788819,,1.0,1
7552,720575941552792147,,1.0,1
7553,720575941552793939,,1.0,1
7554,720575941552819283,,1.0,1
7555,720575941552854099,,1.0,1
7556,720575941552860499,,1.0,1
7557,720575941552940059,,1.0,1
7558,720575941552993307,,1.0,1
7559,720575941552994843,,1.0,1
7560,720575941552996379,,1.0,1
7561,720575941552998657,,1.0,1
7562,720575941553008385,,1.0,1
7563,720575941553008897,,1.0,1
7564,720575941553014017,,1.0,1
7565,720575941553021953,,1.0,1
7566,720575941553046043,,1.0,1
7567,720575941553057563,,1.0,1
7568,720575941553058587,,1.0,1
7569,720575941553120795,,1.0,1
7570,720575941553221786,,1.0,1
7571,720575941553293978,,1.0,1
7572,720575941553310874,,1.0,1
7573,720575941553311642,,1.0,1
7574,720575941553313434,,1.0,1
7575,720575941553331354,,1.0,1
7576,720575941553332890,,1.0,1
7577,720575941553335194,,1.0,1
7578,720575941553338266,,1.0,1
7579,720575941553338778,,1.0,1
7580,720575941553339290,,1.0,1
7581,720575941553342106,,1.0,1
7582,720575941553342618,,1.0,1
7583,720575941553371034,,1.0,1
7584,720575941553381530,,1.0,1
7585,720575941553384090,,1.0,1
7586,720575941553413018,,1.0,1
7587,720575941553418724,,1.0,1
7588,720575941553424211,,1.0,1
7589,720575941553425235,,1.0,1
7590,720575941553430867,,1.0,1
7591,720575941553441252,,1.0,1
7592,720575941553451236,,1.0,1
7593,720575941553457124,,1.0,1
7594,720575941553466852,,1.0,1
7595,720575941553476250,,1.0,1
7596,720575941553486820,,1.0,1
7597,720575941553497939,,1.0,1
7598,720575941553504391,,1.0,1
7599,720575941553506020,,1.0,1
7600,720575941553509348,,1.0,1
7601,720575941553517796,,1.0,1
7602,720575941553520211,,1.0,1
7603,720575941553540580,,1.0,1
7604,720575941553551239,,1.0,1
7605,720575941553558756,,1.0,1
7606,720575941553563271,,1.0,1
7607,720575941553564807,,1.0,1
7608,720575941553566180,,1.0,1
7609,720575941553566599,,1.0,1
7610,720575941553570305,,1.0,1
7611,720575941553576164,,1.0,1
7612,720575941553577956,,1.0,1
7613,720575941553579492,,1.0,1
7614,720575941553579748,,1.0,1
7615,720575941553585124,,1.0,1
7616,720575941553597668,,1.0,1
7617,720575941553598180,,1.0,1
7618,720575941553603044,,1.0,1
7619,720575941553667867,,1.0,1
7620,720575941553996627,,1.0,1
7621,720575941554012443,,1.0,1
7622,720575941554015003,,1.0,1
7623,720575941554025499,,1.0,1
7624,720575941554037019,,1.0,1
7625,720575941554038555,,1.0,1
7626,720575941554040603,,1.0,1
7627,720575941554041683,,1.0,1
7628,720575941554043931,,1.0,1
7629,720575941554044955,,1.0,1
7630,720575941554049051,,1.0,1
7631,720575941554050843,,1.0,1
7632,720575941554094593,,1.0,1
7633,720575941554117377,,1.0,1
7634,720575941554132225,,1.0,1
7635,720575941554135297,,1.0,1
7636,720575941554167524,,1.0,1
7637,720575941554168292,,1.0,1
7638,720575941554177927,,1.0,1
7639,720575941554216193,,1.0,1
7640,720575941554261249,,1.0,1
7641,720575941554264577,,1.0,1
7642,720575941554427987,,1.0,1
7643,720575941554435411,,1.0,1
7644,720575941554435667,,1.0,1
7645,720575941554439251,,1.0,1
7646,720575941554440275,,1.0,1
7647,720575941554444371,,1.0,1
7648,720575941554482259,,1.0,1
7649,720575941554512794,,1.0,1
7650,720575941554522195,,1.0,1
7651,720575941554528666,,1.0,1
7652,720575941554533274,,1.0,1
7653,720575941554533786,,1.0,1
7654,720575941554534042,,1.0,1
7655,720575941554540698,,1.0,1
7656,720575941554550938,,1.0,1
7657,720575941554554266,,1.0,1
7658,720575941554562714,,1.0,1
7659,720575941554566042,,1.0,1
7660,720575941554567066,,1.0,1
7661,720575941554693796,,1.0,1
7662,720575941554714532,,1.0,1
7663,720575941554715300,,1.0,1
7664,720575941554764196,,1.0,1
7665,720575941554765732,,1.0,1
7666,720575941554784339,,1.0,1
7667,720575941554790308,,1.0,1
7668,720575941554792612,,1.0,1
7669,720575941554803620,,1.0,1
7670,720575941554812836,,1.0,1
7671,720575941554813348,,1.0,1
7672,720575941554818468,,1.0,1
7673,720575941554834084,,1.0,1
7674,720575941554877924,,1.0,1
7675,720575941554893569,,1.0,1
7676,720575941554937572,,1.0,1
7677,720575941555116772,,1.0,1
7678,720575941555178753,,1.0,1
7679,720575941555186074,,1.0,1
7680,720575941555188634,,1.0,1
7681,720575941555194369,,1.0,1
7682,720575941555197697,,1.0,1
7683,720575941555204097,,1.0,1
7684,720575941555206913,,1.0,1
7685,720575941555209985,,1.0,1
7686,720575941555212545,,1.0,1
7687,720575941555212954,,1.0,1
7688,720575941555222273,,1.0,1
7689,720575941555222785,,1.0,1
7690,720575941555224036,,1.0,1
7691,720575941555226369,,1.0,1
7692,720575941555228161,,1.0,1
7693,720575941555229953,,1.0,1
7694,720575941555232484,,1.0,1
7695,720575941555233537,,1.0,1
7696,720575941555233793,,1.0,1
7697,720575941555249665,,1.0,1
7698,720575941555254244,,1.0,1
7699,720575941555283027,,1.0,1
7700,720575941555424595,,1.0,1
7701,720575941555437092,,1.0,1
7702,720575941555447844,,1.0,1
7703,720575941555458387,,1.0,1
7704,720575941555458852,,1.0,1
7705,720575941555461971,,1.0,1
7706,720575941555462995,,1.0,1
7707,720575941555469139,,1.0,1
7708,720575941555478355,,1.0,1
7709,720575941555478564,,1.0,1
7710,720575941555486547,,1.0,1
7711,720575941555487827,,1.0,1
7712,720575941555492644,,1.0,1
7713,720575941555494180,,1.0,1
7714,720575941555494227,,1.0,1
7715,720575941555497555,,1.0,1
7716,720575941555499859,,1.0,1
7717,720575941555500115,,1.0,1
7718,720575941555504723,,1.0,1
7719,720575941555505188,,1.0,1
7720,720575941555506003,,1.0,1
7721,720575941555507795,,1.0,1
7722,720575941555510355,,1.0,1
7723,720575941555510611,,1.0,1
7724,720575941555511332,,1.0,1
7725,720575941555513427,,1.0,1
7726,720575941555513939,,1.0,1
7727,720575941555516499,,1.0,1
7728,720575941555517011,,1.0,1
7729,720575941555517523,,1.0,1
7730,720575941555518547,,1.0,1
7731,720575941555519059,,1.0,1
7732,720575941555519315,,1.0,1
7733,720575941555523667,,1.0,1
7734,720575941555525971,,1.0,1
7735,720575941555526436,,1.0,1
7736,720575941555536932,,1.0,1
7737,720575941555547940,,1.0,1
7738,720575941555550244,,1.0,1
7739,720575941555553363,,1.0,1
7740,720575941555558180,,1.0,1
7741,720575941555566628,,1.0,1
7742,720575941555575332,,1.0,1
7743,720575941555589156,,1.0,1
7744,720575941555590436,,1.0,1
7745,720575941555628836,,1.0,1
7746,720575941555731108,,1.0,1
7747,720575941555837860,,1.0,1
7748,720575941555938899,,1.0,1
7749,720575941556152403,,1.0,1
7750,720575941556186852,,1.0,1
7751,720575941556207076,,1.0,1
7752,720575941556209124,,1.0,1
7753,720575941556214500,,1.0,1
7754,720575941556219812,,1.0,1
7755,720575941556222628,,1.0,1
7756,720575941556244644,,1.0,1
7757,720575941556269220,,1.0,1
7758,720575941556292947,,1.0,1
7759,720575941556314963,,1.0,1
7760,720575941556327588,,1.0,1
7761,720575941556330148,,1.0,1
7762,720575941556352420,,1.0,1
7763,720575941556364196,,1.0,1
7764,720575941556372516,,1.0,1
7765,720575941556381604,,1.0,1
7766,720575941556382372,,1.0,1
7767,720575941556399012,,1.0,1
7768,720575941556410020,,1.0,1
7769,720575941556514980,,1.0,1
7770,720575941557155855,,1.0,1
7771,720575941557165071,,1.0,1
7772,720575941557176591,,1.0,1
7773,720575941557193999,,1.0,1
7774,720575941557207076,,1.0,1
7775,720575941557208591,,1.0,1
7776,720575941557220900,,1.0,1
7777,720575941557230628,,1.0,1
7778,720575941557235236,,1.0,1
7779,720575941557239076,,1.0,1
7780,720575941557241892,,1.0,1
7781,720575941557242148,,1.0,1
7782,720575941557243919,,1.0,1
7783,720575941557245476,,1.0,1
7784,720575941557247759,,1.0,1
7785,720575941557257380,,1.0,1
7786,720575941557261220,,1.0,1
7787,720575941557268004,,1.0,1
7788,720575941557268239,,1.0,1
7789,720575941557270052,,1.0,1
7790,720575941557278223,,1.0,1
7791,720575941557280420,,1.0,1
7792,720575941557281828,,1.0,1
7793,720575941557282831,,1.0,1
7794,720575941557284111,,1.0,1
7795,720575941557287588,,1.0,1
7796,720575941557295908,,1.0,1
7797,720575941557304079,,1.0,1
7798,720575941557314575,,1.0,1
7799,720575941557318927,,1.0,1
7800,720575941557325604,,1.0,1
7801,720575941557326116,,1.0,1
7802,720575941557339044,,1.0,1
7803,720575941557341455,,1.0,1
7804,720575941557341967,,1.0,1
7805,720575941557342116,,1.0,1
7806,720575941557342628,,1.0,1
7807,720575941557345295,,1.0,1
7808,720575941557348516,,1.0,1
7809,720575941557349796,,1.0,1
7810,720575941557349903,,1.0,1
7811,720575941557351844,,1.0,1
7812,720575941557353999,,1.0,1
7813,720575941557357327,,1.0,1
7814,720575941557357732,,1.0,1
7815,720575941557362852,,1.0,1
7816,720575941557365156,,1.0,1
7817,720575941557371886,,1.0,1
7818,720575941557376164,,1.0,1
7819,720575941557419246,,1.0,1
7820,720575941557434862,,1.0,1
7821,720575941557445614,,1.0,1
7822,720575941557451502,,1.0,1
7823,720575941557475054,,1.0,1
7824,720575941557492974,,1.0,1
7825,720575941557496691,,1.0,1
7826,720575941557506286,,1.0,1
7827,720575941557507443,,1.0,1
7828,720575941557509870,,1.0,1
7829,720575941557510771,,1.0,1
7830,720575941557513198,,1.0,1
7831,720575941557515635,,1.0,1
7832,720575941557516782,,1.0,1
7833,720575941557537006,,1.0,1
7834,720575941557537774,,1.0,1
7835,720575941557541358,,1.0,1
7836,720575941557553646,,1.0,1
7837,720575941557553779,,1.0,1
7838,720575941557556974,,1.0,1
7839,720575941557560435,,1.0,1
7840,720575941557563630,,1.0,1
7841,720575941557573870,,1.0,1
7842,720575941557579502,,1.0,1
7843,720575941557586291,,1.0,1
7844,720575941557601395,,1.0,1
7845,720575941557612915,,1.0,1
7846,720575941557617011,,1.0,1
7847,720575941557624947,,1.0,1
7848,720575941557635443,,1.0,1
7849,720575941557878287,,1.0,1
7850,720575941557882895,,1.0,1
7851,720575941557884398,,1.0,1
7852,720575941557884687,,1.0,1
7853,720575941557885455,,1.0,1
7854,720575941557974287,,1.0,1
7855,720575941558163182,,1.0,1
7856,720575941558167278,,1.0,1
7857,720575941558254707,,1.0,1
7858,720575941558256173,,1.0,1
7859,720575941558265645,,1.0,1
7860,720575941558282020,,1.0,1
7861,720575941558286884,,1.0,1
7862,720575941558287908,,1.0,1
7863,720575941558290980,,1.0,1
7864,720575941558292772,,1.0,1
7865,720575941558294308,,1.0,1
7866,720575941558296621,,1.0,1
7867,720575941558305060,,1.0,1
7868,720575941558323236,,1.0,1
7869,720575941558325796,,1.0,1
7870,720575941558330148,,1.0,1
7871,720575941558332708,,1.0,1
7872,720575941558332964,,1.0,1
7873,720575941558333220,,1.0,1
7874,720575941558334244,,1.0,1
7875,720575941558343725,,1.0,1
7876,720575941558378797,,1.0,1
7877,720575941558406701,,1.0,1
7878,720575941558515492,,1.0,1
7879,720575941558531117,,1.0,1
7880,720575941558566445,,1.0,1
7881,720575941558589229,,1.0,1
7882,720575941558607917,,1.0,1
7883,720575941558611501,,1.0,1
7884,720575941558624813,,1.0,1
7885,720575941558635053,,1.0,1
7886,720575941558646061,,1.0,1
7887,720575941558648109,,1.0,1
7888,720575941558648365,,1.0,1
7889,720575941558649133,,1.0,1
7890,720575941558659885,,1.0,1
7891,720575941558661165,,1.0,1
7892,720575941558672685,,1.0,1
7893,720575941558675245,,1.0,1
7894,720575941558679022,,1.0,1
7895,720575941558691885,,1.0,1
7896,720575941558698285,,1.0,1
7897,720575941558712877,,1.0,1
7898,720575941558733101,,1.0,1
7899,720575941558735405,,1.0,1
7900,720575941558736685,,1.0,1
7901,720575941558740974,,1.0,1
7902,720575941558761005,,1.0,1
7903,720575941558795044,,1.0,1
7904,720575941558827279,,1.0,1
7905,720575941558839823,,1.0,1
7906,720575941558876019,,1.0,1
7907,720575941558876275,,1.0,1
7908,720575941558887981,,1.0,1
7909,720575941558913581,,1.0,1
7910,720575941558953231,,1.0,1
7911,720575941558971407,,1.0,1
7912,720575941558973166,,1.0,1
7913,720575941558973199,,1.0,1
7914,720575941558995471,,1.0,1
7915,720575941558998766,,1.0,1
7916,720575941559009262,,1.0,1
7917,720575941559011054,,1.0,1
7918,720575941559015406,,1.0,1
7919,720575941559020270,,1.0,1
7920,720575941559021038,,1.0,1
7921,720575941559042542,,1.0,1
7922,720575941559092462,,1.0,1
7923,720575941559096302,,1.0,1
7924,720575941559153390,,1.0,1
7925,720575941559169774,,1.0,1
7926,720575941559254131,,1.0,1
7927,720575941559264883,,1.0,1
7928,720575941559266419,,1.0,1
7929,720575941559267955,,1.0,1
7930,720575941559268723,,1.0,1
7931,720575941559273075,,1.0,1
7932,720575941559274867,,1.0,1
7933,720575941559277171,,1.0,1
7934,720575941559285619,,1.0,1
7935,720575941559301491,,1.0,1
7936,720575941559303027,,1.0,1
7937,720575941559303539,,1.0,1
7938,720575941559309171,,1.0,1
7939,720575941559310125,,1.0,1
7940,720575941559311917,,1.0,1
7941,720575941559321971,,1.0,1
7942,720575941559323763,,1.0,1
7943,720575941559324019,,1.0,1
7944,720575941559330163,,1.0,1
7945,720575941559331443,,1.0,1
7946,720575941559335027,,1.0,1
7947,720575941559341171,,1.0,1
7948,720575941559348851,,1.0,1
7949,720575941559349619,,1.0,1
7950,720575941559350899,,1.0,1
7951,720575941559362419,,1.0,1
7952,720575941559370285,,1.0,1
7953,720575941559388275,,1.0,1
7954,720575941559388787,,1.0,1
7955,720575941559391859,,1.0,1
7956,720575941559433075,,1.0,1
7957,720575941559434611,,1.0,1
7958,720575941559443059,,1.0,1
7959,720575941559561454,,1.0,1
7960,720575941559643693,,1.0,1
7961,720575941559694863,,1.0,1
7962,720575941559867181,,1.0,1
7963,720575941559885327,,1.0,1
7964,720575941559929615,,1.0,1
7965,720575941559931407,,1.0,1
7966,720575941559932431,,1.0,1
7967,720575941559933455,,1.0,1
7968,720575941559933711,,1.0,1
7969,720575941559942159,,1.0,1
7970,720575941559947279,,1.0,1
7971,720575941559949839,,1.0,1
7972,720575941559953423,,1.0,1
7973,720575941559954703,,1.0,1
7974,720575941559958543,,1.0,1
7975,720575941559960847,,1.0,1
7976,720575941559961359,,1.0,1
7977,720575941559969295,,1.0,1
7978,720575941559970319,,1.0,1
7979,720575941559973647,,1.0,1
7980,720575941559974159,,1.0,1
7981,720575941559975951,,1.0,1
7982,720575941560056302,,1.0,1
7983,720575941560058094,,1.0,1
7984,720575941560063982,,1.0,1
7985,720575941560065774,,1.0,1
7986,720575941560072942,,1.0,1
7987,720575941560082158,,1.0,1
7988,720575941560085230,,1.0,1
7989,720575941560085742,,1.0,1
7990,720575941560086510,,1.0,1
7991,720575941560088814,,1.0,1
7992,720575941560221229,,1.0,1
7993,720575941560223789,,1.0,1
7994,720575941560227117,,1.0,1
7995,720575941560227629,,1.0,1
7996,720575941560261933,,1.0,1
7997,720575941560298285,,1.0,1
7998,720575941560300845,,1.0,1
7999,720575941560352301,,1.0,1
8000,720575941560381043,,1.0,1
8001,720575941560388723,,1.0,1
8002,720575941560391283,,1.0,1
8003,720575941560397683,,1.0,1
8004,720575941560409715,,1.0,1
8005,720575941560410739,,1.0,1
8006,720575941560413043,,1.0,1
8007,720575941560418931,,1.0,1
8008,720575941560421491,,1.0,1
8009,720575941560423027,,1.0,1
8010,720575941560427379,,1.0,1
8011,720575941560428147,,1.0,1
8012,720575941560429171,,1.0,1
8013,720575941560430963,,1.0,1
8014,720575941560432243,,1.0,1
8015,720575941560433011,,1.0,1
8016,720575941560433779,,1.0,1
8017,720575941560434547,,1.0,1
8018,720575941560434803,,1.0,1
8019,720575941560435315,,1.0,1
8020,720575941560438131,,1.0,1
8021,720575941560438643,,1.0,1
8022,720575941560480680,,1.0,1
8023,720575941560578472,,1.0,1
8024,720575941560585640,,1.0,1
8025,720575941560610575,,1.0,1
8026,720575941560612211,,1.0,1
8027,720575941560612264,,1.0,1
8028,720575941560631464,,1.0,1
8029,720575941560633768,,1.0,1
8030,720575941560635816,,1.0,1
8031,720575941560638888,,1.0,1
8032,720575941560650408,,1.0,1
8033,720575941560675752,,1.0,1
8034,720575941560692648,,1.0,1
8035,720575941561197736,,1.0,1
8036,720575941561206952,,1.0,1
8037,720575941561210024,,1.0,1
8038,720575941561289517,,1.0,1
8039,720575941561304978,,1.0,1
8040,720575941561313069,,1.0,1
8041,720575941561319725,,1.0,1
8042,720575941561320493,,1.0,1
8043,720575941561321005,,1.0,1
8044,720575941561324845,,1.0,1
8045,720575941561343277,,1.0,1
8046,720575941561349421,,1.0,1
8047,720575941561352493,,1.0,1
8048,720575941561352749,,1.0,1
8049,720575941561357357,,1.0,1
8050,720575941561359917,,1.0,1
8051,720575941561365549,,1.0,1
8052,720575941561365906,,1.0,1
8053,720575941561372461,,1.0,1
8054,720575941561375789,,1.0,1
8055,720575941561376045,,1.0,1
8056,720575941561376301,,1.0,1
8057,720575941561380397,,1.0,1
8058,720575941561381933,,1.0,1
8059,720575941561387565,,1.0,1
8060,720575941561390125,,1.0,1
8061,720575941561390637,,1.0,1
8062,720575941561391506,,1.0,1
8063,720575941561393453,,1.0,1
8064,720575941561393965,,1.0,1
8065,720575941561394066,,1.0,1
8066,720575941561395757,,1.0,1
8067,720575941561396269,,1.0,1
8068,720575941561396525,,1.0,1
8069,720575941561397805,,1.0,1
8070,720575941561399085,,1.0,1
8071,720575941561403538,,1.0,1
8072,720575941561406765,,1.0,1
8073,720575941561409682,,1.0,1
8074,720575941561411474,,1.0,1
8075,720575941561412754,,1.0,1
8076,720575941561419053,,1.0,1
8077,720575941561420077,,1.0,1
8078,720575941561420690,,1.0,1
8079,720575941561421458,,1.0,1
8080,720575941561424274,,1.0,1
8081,720575941561424530,,1.0,1
8082,720575941561426834,,1.0,1
8083,720575941561428013,,1.0,1
8084,720575941561429805,,1.0,1
8085,720575941561433234,,1.0,1
8086,720575941561446290,,1.0,1
8087,720575941561467282,,1.0,1
8088,720575941561763373,,1.0,1
8089,720575941561775784,,1.0,1
8090,720575941561870592,,1.0,1
8091,720575941561894912,,1.0,1
8092,720575941561898240,,1.0,1
8093,720575941561927680,,1.0,1
8094,720575941561958144,,1.0,1
8095,720575941562009856,,1.0,1
8096,720575941562014208,,1.0,1
8097,720575941562020864,,1.0,1
8098,720575941562021376,,1.0,1
8099,720575941562021544,,1.0,1
8100,720575941562025728,,1.0,1
8101,720575941562026496,,1.0,1
8102,720575941562029480,,1.0,1
8103,720575941562040320,,1.0,1
8104,720575941562040832,,1.0,1
8105,720575941562043392,,1.0,1
8106,720575941562045952,,1.0,1
8107,720575941562051752,,1.0,1
8108,720575941562053032,,1.0,1
8109,720575941562055080,,1.0,1
8110,720575941562066856,,1.0,1
8111,720575941562071442,,1.0,1
8112,720575941562105768,,1.0,1
8113,720575941562115840,,1.0,1
8114,720575941562125568,,1.0,1
8115,720575941562127872,,1.0,1
8116,720575941562134829,,1.0,1
8117,720575941562143912,,1.0,1
8118,720575941562155176,,1.0,1
8119,720575941562173741,,1.0,1
8120,720575941562255149,,1.0,1
8121,720575941562303239,,1.0,1
8122,720575941562305960,,1.0,1
8123,720575941562309127,,1.0,1
8124,720575941562310407,,1.0,1
8125,720575941562319879,,1.0,1
8126,720575941562321671,,1.0,1
8127,720575941562327047,,1.0,1
8128,720575941562329095,,1.0,1
8129,720575941562333703,,1.0,1
8130,720575941562334471,,1.0,1
8131,720575941562336519,,1.0,1
8132,720575941562338823,,1.0,1
8133,720575941562339079,,1.0,1
8134,720575941562349319,,1.0,1
8135,720575941562358023,,1.0,1
8136,720575941562359650,,1.0,1
8137,720575941562359815,,1.0,1
8138,720575941562363911,,1.0,1
8139,720575941562366727,,1.0,1
8140,720575941562373895,,1.0,1
8141,720575941562381319,,1.0,1
8142,720575941562385927,,1.0,1
8143,720575941562388231,,1.0,1
8144,720575941562394887,,1.0,1
8145,720575941562397703,,1.0,1
8146,720575941562399495,,1.0,1
8147,720575941562403079,,1.0,1
8148,720575941562408711,,1.0,1
8149,720575941562408967,,1.0,1
8150,720575941562428258,,1.0,1
8151,720575941562430727,,1.0,1
8152,720575941562442338,,1.0,1
8153,720575941562458887,,1.0,1
8154,720575941562460002,,1.0,1
8155,720575941562460514,,1.0,1
8156,720575941562463751,,1.0,1
8157,720575941562467426,,1.0,1
8158,720575941562467682,,1.0,1
8159,720575941562483042,,1.0,1
8160,720575941562486114,,1.0,1
8161,720575941562489186,,1.0,1
8162,720575941562519906,,1.0,1
8163,720575941562521698,,1.0,1
8164,720575941562526306,,1.0,1
8165,720575941562531218,,1.0,1
8166,720575941562594194,,1.0,1
8167,720575941562693376,,1.0,1
8168,720575941562804631,,1.0,1
8169,720575941562824087,,1.0,1
8170,720575941562824343,,1.0,1
8171,720575941562875794,,1.0,1
8172,720575941562879895,,1.0,1
8173,720575941562894248,,1.0,1
8174,720575941562899607,,1.0,1
8175,720575941562937751,,1.0,1
8176,720575941562942103,,1.0,1
8177,720575941562956183,,1.0,1
8178,720575941562959511,,1.0,1
8179,720575941562972055,,1.0,1
8180,720575941562978199,,1.0,1
8181,720575941562979479,,1.0,1
8182,720575941562983575,,1.0,1
8183,720575941563007239,,1.0,1
8184,720575941563013015,,1.0,1
8185,720575941563014407,,1.0,1
8186,720575941563027095,,1.0,1
8187,720575941563119970,,1.0,1
8188,720575941563135586,,1.0,1
8189,720575941563139240,,1.0,1
8190,720575941563146408,,1.0,1
8191,720575941563150946,,1.0,1
8192,720575941563160488,,1.0,1
8193,720575941563161256,,1.0,1
8194,720575941563161512,,1.0,1
8195,720575941563162792,,1.0,1
8196,720575941563165096,,1.0,1
8197,720575941563172776,,1.0,1
8198,720575941563175336,,1.0,1
8199,720575941563184040,,1.0,1
8200,720575941563226770,,1.0,1
8201,720575941563253814,,1.0,1
8202,720575941563254070,,1.0,1
8203,720575941563273526,,1.0,1
8204,720575941563311158,,1.0,1
8205,720575941563311414,,1.0,1
8206,720575941563314486,,1.0,1
8207,720575941563316022,,1.0,1
8208,720575941563318070,,1.0,1
8209,720575941563332662,,1.0,1
8210,720575941563346230,,1.0,1
8211,720575941563355190,,1.0,1
8212,720575941563358774,,1.0,1
8213,720575941563370038,,1.0,1
8214,720575941563385654,,1.0,1
8215,720575941563450678,,1.0,1
8216,720575941563469207,,1.0,1
8217,720575941563508224,,1.0,1
8218,720575941563526144,,1.0,1
8219,720575941563530496,,1.0,1
8220,720575941563678720,,1.0,1
8221,720575941563716711,,1.0,1
8222,720575941563731463,,1.0,1
8223,720575941563792743,,1.0,1
8224,720575941563806055,,1.0,1
8225,720575941563828487,,1.0,1
8226,720575941563837799,,1.0,1
8227,720575941563842402,,1.0,1
8228,720575941563842663,,1.0,1
8229,720575941563843175,,1.0,1
8230,720575941563848034,,1.0,1
8231,720575941563850338,,1.0,1
8232,720575941563864886,,1.0,1
8233,720575941563874151,,1.0,1
8234,720575941563874728,,1.0,1
8235,720575941563917927,,1.0,1
8236,720575941563920999,,1.0,1
8237,720575941563935030,,1.0,1
8238,720575941563938358,,1.0,1
8239,720575941563939687,,1.0,1
8240,720575941563943015,,1.0,1
8241,720575941563947830,,1.0,1
8242,720575941563951207,,1.0,1
8243,720575941563953718,,1.0,1
8244,720575941563971382,,1.0,1
8245,720575941563972455,,1.0,1
8246,720575941563983670,,1.0,1
8247,720575941563984950,,1.0,1
8248,720575941563991862,,1.0,1
8249,720575941563995239,,1.0,1
8250,720575941564059399,,1.0,1
8251,720575941564062727,,1.0,1
8252,720575941564066567,,1.0,1
8253,720575941564084487,,1.0,1
8254,720575941564085255,,1.0,1
8255,720575941564097031,,1.0,1
8256,720575941564097799,,1.0,1
8257,720575941564105479,,1.0,1
8258,720575941564111202,,1.0,1
8259,720575941564118162,,1.0,1
8260,720575941564118418,,1.0,1
8261,720575941564118674,,1.0,1
8262,720575941564121746,,1.0,1
8263,720575941564122466,,1.0,1
8264,720575941564123026,,1.0,1
8265,720575941564125026,,1.0,1
8266,720575941564125586,,1.0,1
8267,720575941564126098,,1.0,1
8268,720575941564134546,,1.0,1
8269,720575941564135175,,1.0,1
8270,720575941564135314,,1.0,1
8271,720575941564137826,,1.0,1
8272,720575941564139527,,1.0,1
8273,720575941564152583,,1.0,1
8274,720575941564154770,,1.0,1
8275,720575941564160658,,1.0,1
8276,720575941564165218,,1.0,1
8277,720575941564178018,,1.0,1
8278,720575941564186466,,1.0,1
8279,720575941564187799,,1.0,1
8280,720575941564193031,,1.0,1
8281,720575941564201991,,1.0,1
8282,720575941564206087,,1.0,1
8283,720575941564211719,,1.0,1
8284,720575941564212743,,1.0,1
8285,720575941564218631,,1.0,1
8286,720575941564236130,,1.0,1
8287,720575941564369408,,1.0,1
8288,720575941564389888,,1.0,1
8289,720575941564406528,,1.0,1
8290,720575941564406784,,1.0,1
8291,720575941564407040,,1.0,1
8292,720575941564409344,,1.0,1
8293,720575941564417024,,1.0,1
8294,720575941564418560,,1.0,1
8295,720575941564419584,,1.0,1
8296,720575941564420352,,1.0,1
8297,720575941564423680,,1.0,1
8298,720575941564426752,,1.0,1
8299,720575941564442112,,1.0,1
8300,720575941564461056,,1.0,1
8301,720575941564547479,,1.0,1
8302,720575941564551575,,1.0,1
8303,720575941564553223,,1.0,1
8304,720575941564553479,,1.0,1
8305,720575941564558743,,1.0,1
8306,720575941564573287,,1.0,1
8307,720575941564576663,,1.0,1
8308,720575941564580711,,1.0,1
8309,720575941564627766,,1.0,1
8310,720575941564656791,,1.0,1
8311,720575941564666007,,1.0,1
8312,720575941564670615,,1.0,1
8313,720575941564678039,,1.0,1
8314,720575941564678551,,1.0,1
8315,720575941564709127,,1.0,1
8316,720575941564736407,,1.0,1
8317,720575941564788231,,1.0,1
8318,720575941564792071,,1.0,1
8319,720575941564835938,,1.0,1
8320,720575941564848018,,1.0,1
8321,720575941564911714,,1.0,1
8322,720575941564962711,,1.0,1
8323,720575941565003062,,1.0,1
8324,720575941565017398,,1.0,1
8325,720575941565097223,,1.0,1
8326,720575941565107975,,1.0,1
8327,720575941565113095,,1.0,1
8328,720575941565115399,,1.0,1
8329,720575941565117959,,1.0,1
8330,720575941565120007,,1.0,1
8331,720575941565122614,,1.0,1
8332,720575941565125174,,1.0,1
8333,720575941565128967,,1.0,1
8334,720575941565131623,,1.0,1
8335,720575941565146466,,1.0,1
8336,720575941565146722,,1.0,1
8337,720575941565156662,,1.0,1
8338,720575941565168942,,1.0,1
8339,720575941565179143,,1.0,1
8340,720575941565182562,,1.0,1
8341,720575941565185122,,1.0,1
8342,720575941565186146,,1.0,1
8343,720575941565186658,,1.0,1
8344,720575941565188706,,1.0,1
8345,720575941565243950,,1.0,1
8346,720575941565251374,,1.0,1
8347,720575941565286503,,1.0,1
8348,720575941565290286,,1.0,1
8349,720575941565291310,,1.0,1
8350,720575941565301550,,1.0,1
8351,720575941565320238,,1.0,1
8352,720575941565324846,,1.0,1
8353,720575941565333806,,1.0,1
8354,720575941565350702,,1.0,1
8355,720575941565361198,,1.0,1
8356,720575941565368366,,1.0,1
8357,720575941565376046,,1.0,1
8358,720575941565377070,,1.0,1
8359,720575941565380910,,1.0,1
8360,720575941565384750,,1.0,1
8361,720575941565392430,,1.0,1
8362,720575941565428526,,1.0,1
8363,720575941565428782,,1.0,1
8364,720575941565453719,,1.0,1
8365,720575941565455511,,1.0,1
8366,720575941565459095,,1.0,1
8367,720575941565466775,,1.0,1
8368,720575941565467287,,1.0,1
8369,720575941565475479,,1.0,1
8370,720575941565476247,,1.0,1
8371,720575941565477527,,1.0,1
8372,720575941565478295,,1.0,1
8373,720575941565484135,,1.0,1
8374,720575941565492375,,1.0,1
8375,720575941565493399,,1.0,1
8376,720575941565495655,,1.0,1
8377,720575941565498007,,1.0,1
8378,720575941565503127,,1.0,1
8379,720575941565507735,,1.0,1
8380,720575941565510039,,1.0,1
8381,720575941565513623,,1.0,1
8382,720575941565515671,,1.0,1
8383,720575941565515927,,1.0,1
8384,720575941565516695,,1.0,1
8385,720575941565522071,,1.0,1
8386,720575941565522839,,1.0,1
8387,720575941565526679,,1.0,1
8388,720575941565528215,,1.0,1
8389,720575941565531799,,1.0,1
8390,720575941565542551,,1.0,1
8391,720575941565572199,,1.0,1
8392,720575941565778998,,1.0,1
8393,720575941565783303,,1.0,1
8394,720575941565863175,,1.0,1
8395,720575941565919591,,1.0,1
8396,720575941566127926,,1.0,1
8397,720575941566132022,,1.0,1
8398,720575941566133558,,1.0,1
8399,720575941566140567,,1.0,1
8400,720575941566157366,,1.0,1
8401,720575941566158134,,1.0,1
8402,720575941566167094,,1.0,1
8403,720575941566170263,,1.0,1
8404,720575941566181174,,1.0,1
8405,720575941566185782,,1.0,1
8406,720575941566196278,,1.0,1
8407,720575941566202471,,1.0,1
8408,720575941566203702,,1.0,1
8409,720575941566203958,,1.0,1
8410,720575941566268519,,1.0,1
8411,720575941566269543,,1.0,1
8412,720575941566403431,,1.0,1
8413,720575941566431286,,1.0,1
8414,720575941566461543,,1.0,1
8415,720575941566467687,,1.0,1
8416,720575941566479463,,1.0,1
8417,720575941566480487,,1.0,1
8418,720575941566486631,,1.0,1
8419,720575941566489703,,1.0,1
8420,720575941566493031,,1.0,1
8421,720575941566502247,,1.0,1
8422,720575941566705658,,1.0,1
8423,720575941566716206,,1.0,1
8424,720575941566753274,,1.0,1
8425,720575941566756602,,1.0,1
8426,720575941566759015,,1.0,1
8427,720575941566774522,,1.0,1
8428,720575941566777338,,1.0,1
8429,720575941566787066,,1.0,1
8430,720575941566788602,,1.0,1
8431,720575941566795770,,1.0,1
8432,720575941566797818,,1.0,1
8433,720575941566799098,,1.0,1
8434,720575941566799354,,1.0,1
8435,720575941566802170,,1.0,1
8436,720575941566805498,,1.0,1
8437,720575941566814714,,1.0,1
8438,720575941566827258,,1.0,1
8439,720575941566829306,,1.0,1
8440,720575941566848250,,1.0,1
8441,720575941566859002,,1.0,1
8442,720575941566889210,,1.0,1
8443,720575941566918388,,1.0,1
8444,720575941566930420,,1.0,1
8445,720575941566948852,,1.0,1
8446,720575941566954228,,1.0,1
8447,720575941566956532,,1.0,1
8448,720575941566970612,,1.0,1
8449,720575941566974452,,1.0,1
8450,720575941566994932,,1.0,1
8451,720575941566998631,,1.0,1
8452,720575941567001844,,1.0,1
8453,720575941567004404,,1.0,1
8454,720575941567018228,,1.0,1
8455,720575941567030516,,1.0,1
8456,720575941567039732,,1.0,1
8457,720575941567046644,,1.0,1
8458,720575941567049972,,1.0,1
8459,720575941567054068,,1.0,1
8460,720575941567054580,,1.0,1
8461,720575941567062260,,1.0,1
8462,720575941567062898,,1.0,1
8463,720575941567087730,,1.0,1
8464,720575941567089396,,1.0,1
8465,720575941567090932,,1.0,1
8466,720575941567094318,,1.0,1
8467,720575941567097390,,1.0,1
8468,720575941567102766,,1.0,1
8469,720575941567108722,,1.0,1
8470,720575941567108910,,1.0,1
8471,720575941567109490,,1.0,1
8472,720575941567110446,,1.0,1
8473,720575941567110900,,1.0,1
8474,720575941567112306,,1.0,1
8475,720575941567114866,,1.0,1
8476,720575941567115378,,1.0,1
8477,720575941567122932,,1.0,1
8478,720575941567124724,,1.0,1
8479,720575941567126130,,1.0,1
8480,720575941567130738,,1.0,1
8481,720575941567134322,,1.0,1
8482,720575941567139630,,1.0,1
8483,720575941567146228,,1.0,1
8484,720575941567149358,,1.0,1
8485,720575941567150962,,1.0,1
8486,720575941567151918,,1.0,1
8487,720575941567162868,,1.0,1
8488,720575941567188526,,1.0,1
8489,720575941567191598,,1.0,1
8490,720575941567195950,,1.0,1
8491,720575941567220270,,1.0,1
8492,720575941567226414,,1.0,1
8493,720575941567232558,,1.0,1
8494,720575941567317550,,1.0,1
8495,720575941567461626,,1.0,1
8496,720575941567639922,,1.0,1
8497,720575941567644530,,1.0,1
8498,720575941567651186,,1.0,1
8499,720575941567652466,,1.0,1
8500,720575941567654514,,1.0,1
8501,720575941567684340,,1.0,1
8502,720575941567685620,,1.0,1
8503,720575941567687156,,1.0,1
8504,720575941567690996,,1.0,1
8505,720575941567692532,,1.0,1
8506,720575941567696116,,1.0,1
8507,720575941567698164,,1.0,1
8508,720575941567700980,,1.0,1
8509,720575941567811118,,1.0,1
8510,720575941567887098,,1.0,1
8511,720575941568022266,,1.0,1
8512,720575941568148082,,1.0,1
8513,720575941568170542,,1.0,1
8514,720575941568170798,,1.0,1
8515,720575941568185134,,1.0,1
8516,720575941568190254,,1.0,1
8517,720575941568190510,,1.0,1
8518,720575941568196978,,1.0,1
8519,720575941568201006,,1.0,1
8520,720575941568206894,,1.0,1
8521,720575941568236532,,1.0,1
8522,720575941568245618,,1.0,1
8523,720575941568298746,,1.0,1
8524,720575941568302074,,1.0,1
8525,720575941568302330,,1.0,1
8526,720575941568308474,,1.0,1
8527,720575941568356090,,1.0,1
8528,720575941568369402,,1.0,1
8529,720575941568390138,,1.0,1
8530,720575941568394234,,1.0,1
8531,720575941568404218,,1.0,1
8532,720575941568412410,,1.0,1
8533,720575941568424954,,1.0,1
8534,720575941568521210,,1.0,1
8535,720575941568537714,,1.0,1
8536,720575941568540274,,1.0,1
8537,720575941568547186,,1.0,1
8538,720575941568553586,,1.0,1
8539,720575941568555634,,1.0,1
8540,720575941568642418,,1.0,1
8541,720575941568670834,,1.0,1
8542,720575941568685044,,1.0,1
8543,720575941568697844,,1.0,1
8544,720575941568700916,,1.0,1
8545,720575941568726004,,1.0,1
8546,720575941568727796,,1.0,1
8547,720575941568791028,,1.0,1
8548,720575941568835572,,1.0,1
8549,720575941568841204,,1.0,1
8550,720575941568855540,,1.0,1
8551,720575941568856052,,1.0,1
8552,720575941568951034,,1.0,1
8553,720575941568969722,,1.0,1
8554,720575941569014516,,1.0,1
8555,720575941569277554,,1.0,1
8556,720575941569332730,,1.0,1
8557,720575941569335802,,1.0,1
8558,720575941569338362,,1.0,1
8559,720575941569349114,,1.0,1
8560,720575941569349626,,1.0,1
8561,720575941569355258,,1.0,1
8562,720575941569356794,,1.0,1
8563,720575941569357562,,1.0,1
8564,720575941569358842,,1.0,1
8565,720575941569359354,,1.0,1
8566,720575941569360122,,1.0,1
8567,720575941569364986,,1.0,1
8568,720575941569365498,,1.0,1
8569,720575941569375482,,1.0,1
8570,720575941569376250,,1.0,1
8571,720575941569471390,,1.0,1
8572,720575941569479070,,1.0,1
8573,720575941569480094,,1.0,1
8574,720575941569500062,,1.0,1
8575,720575941569539486,,1.0,1
8576,720575941569542644,,1.0,1
8577,720575941569547378,,1.0,1
8578,720575941569549170,,1.0,1
8579,720575941569555570,,1.0,1
8580,720575941569556082,,1.0,1
8581,720575941569564018,,1.0,1
8582,720575941569574046,,1.0,1
8583,720575941569576606,,1.0,1
8584,720575941569583986,,1.0,1
8585,720575941569585266,,1.0,1
8586,720575941569586078,,1.0,1
8587,720575941569586546,,1.0,1
8588,720575941569587570,,1.0,1
8589,720575941569588338,,1.0,1
8590,720575941569589918,,1.0,1
8591,720575941569596830,,1.0,1
8592,720575941569597298,,1.0,1
8593,720575941569599090,,1.0,1
8594,720575941569601650,,1.0,1
8595,720575941569613470,,1.0,1
8596,720575941569616542,,1.0,1
8597,720575941569639326,,1.0,1
8598,720575941569652638,,1.0,1
8599,720575941569656478,,1.0,1
8600,720575941569659806,,1.0,1
8601,720575941569662366,,1.0,1
8602,720575941569669278,,1.0,1
8603,720575941569676190,,1.0,1
8604,720575941569687710,,1.0,1
8605,720575941569707422,,1.0,1
8606,720575941569712030,,1.0,1
8607,720575941569717150,,1.0,1
8608,720575941569721502,,1.0,1
8609,720575941569736606,,1.0,1
8610,720575941569745566,,1.0,1
8611,720575941569777054,,1.0,1
8612,720575941569826810,,1.0,1
8613,720575941569838750,,1.0,1
8614,720575941569895412,,1.0,1
8615,720575941569916148,,1.0,1
8616,720575941569916916,,1.0,1
8617,720575941570032378,,1.0,1
8618,720575941570203124,,1.0,1
8619,720575941570302366,,1.0,1
8620,720575941570304926,,1.0,1
8621,720575941570309790,,1.0,1
8622,720575941570312094,,1.0,1
8623,720575941570315166,,1.0,1
8624,720575941570324126,,1.0,1
8625,720575941570513396,,1.0,1
8626,720575941570513652,,1.0,1
8627,720575941570551540,,1.0,1
8628,720575941570665800,,1.0,1
8629,720575941570676552,,1.0,1
8630,720575941570709064,,1.0,1
8631,720575941570746184,,1.0,1
8632,720575941570772296,,1.0,1
8633,720575941570777672,,1.0,1
8634,720575941570781000,,1.0,1
8635,720575941570781768,,1.0,1
8636,720575941570782366,,1.0,1
8637,720575941570793288,,1.0,1
8638,720575941570809160,,1.0,1
8639,720575941570817352,,1.0,1
8640,720575941570819400,,1.0,1
8641,720575941570820168,,1.0,1
8642,720575941570821960,,1.0,1
8643,720575941570823752,,1.0,1
8644,720575941570830408,,1.0,1
8645,720575941570840392,,1.0,1
8646,720575941571020190,,1.0,1
8647,720575941571026590,,1.0,1
8648,720575941571289595,,1.0,1
8649,720575941571319198,,1.0,1
8650,720575941571325512,,1.0,1
8651,720575941571326024,,1.0,1
8652,720575941571333278,,1.0,1
8653,720575941571335752,,1.0,1
8654,720575941571349150,,1.0,1
8655,720575941571361019,,1.0,1
8656,720575941571372795,,1.0,1
8657,720575941571376136,,1.0,1
8658,720575941571385352,,1.0,1
8659,720575941571397883,,1.0,1
8660,720575941571419643,,1.0,1
8661,720575941571420411,,1.0,1
8662,720575941571420667,,1.0,1
8663,720575941571426206,,1.0,1
8664,720575941571464699,,1.0,1
8665,720575941571478779,,1.0,1
8666,720575941571484155,,1.0,1
8667,720575941571487134,,1.0,1
8668,720575941571492859,,1.0,1
8669,720575941571494139,,1.0,1
8670,720575941571498248,,1.0,1
8671,720575941571499515,,1.0,1
8672,720575941571501819,,1.0,1
8673,720575941571502075,,1.0,1
8674,720575941571512827,,1.0,1
8675,720575941571514619,,1.0,1
8676,720575941571516936,,1.0,1
8677,720575941571519483,,1.0,1
8678,720575941571520776,,1.0,1
8679,720575941571524872,,1.0,1
8680,720575941571527432,,1.0,1
8681,720575941571537403,,1.0,1
8682,720575941571537659,,1.0,1
8683,720575941571589640,,1.0,1
8684,720575941571612168,,1.0,1
8685,720575941571620872,,1.0,1
8686,720575941571637000,,1.0,1
8687,720575941571653896,,1.0,1
8688,720575941571659016,,1.0,1
8689,720575941571659784,,1.0,1
8690,720575941571690760,,1.0,1
8691,720575941571695368,,1.0,1
8692,720575941571730077,,1.0,1
8693,720575941571796125,,1.0,1
8694,720575941571838365,,1.0,1
8695,720575941571878813,,1.0,1
8696,720575941571904669,,1.0,1
8697,720575941571906717,,1.0,1
8698,720575941571907912,,1.0,1
8699,720575941571918749,,1.0,1
8700,720575941571946909,,1.0,1
8701,720575941571950749,,1.0,1
8702,720575941571957661,,1.0,1
8703,720575941571959880,,1.0,1
8704,720575941571964061,,1.0,1
8705,720575941571965853,,1.0,1
8706,720575941571967389,,1.0,1
8707,720575941571968413,,1.0,1
8708,720575941571971229,,1.0,1
8709,720575941571975496,,1.0,1
8710,720575941571992221,,1.0,1
8711,720575941571992989,,1.0,1
8712,720575941571997085,,1.0,1
8713,720575941571998877,,1.0,1
8714,720575941572011785,,1.0,1
8715,720575941572018589,,1.0,1
8716,720575941572020637,,1.0,1
8717,720575941572050589,,1.0,1
8718,720575941572051101,,1.0,1
8719,720575941572060169,,1.0,1
8720,720575941572062729,,1.0,1
8721,720575941572069129,,1.0,1
8722,720575941572075677,,1.0,1
8723,720575941572079773,,1.0,1
8724,720575941572082953,,1.0,1
8725,720575941572091387,,1.0,1
8726,720575941572094203,,1.0,1
8727,720575941572103433,,1.0,1
8728,720575941572107017,,1.0,1
8729,720575941572117257,,1.0,1
8730,720575941572118281,,1.0,1
8731,720575941572121865,,1.0,1
8732,720575941572131593,,1.0,1
8733,720575941572137737,,1.0,1
8734,720575941572147721,,1.0,1
8735,720575941572153865,,1.0,1
8736,720575941572172553,,1.0,1
8737,720575941572186875,,1.0,1
8738,720575941572192777,,1.0,1
8739,720575941572194057,,1.0,1
8740,720575941572194825,,1.0,1
8741,720575941572197385,,1.0,1
8742,720575941572200713,,1.0,1
8743,720575941572206345,,1.0,1
8744,720575941572218377,,1.0,1
8745,720575941572231177,,1.0,1
8746,720575941572234761,,1.0,1
8747,720575941572251144,,1.0,1
8748,720575941572254216,,1.0,1
8749,720575941572264201,,1.0,1
8750,720575941572273417,,1.0,1
8751,720575941572276489,,1.0,1
8752,720575941572285449,,1.0,1
8753,720575941572286217,,1.0,1
8754,720575941572286729,,1.0,1
8755,720575941572289545,,1.0,1
8756,720575941572338760,,1.0,1
8757,720575941572345672,,1.0,1
8758,720575941572346696,,1.0,1
8759,720575941572348232,,1.0,1
8760,720575941572349449,,1.0,1
8761,720575941572397982,,1.0,1
8762,720575941572415646,,1.0,1
8763,720575941572418206,,1.0,1
8764,720575941572424264,,1.0,1
8765,720575941572433822,,1.0,1
8766,720575941572434334,,1.0,1
8767,720575941572435614,,1.0,1
8768,720575941572437662,,1.0,1
8769,720575941572438174,,1.0,1
8770,720575941572446110,,1.0,1
8771,720575941572446280,,1.0,1
8772,720575941572452936,,1.0,1
8773,720575941572455326,,1.0,1
8774,720575941572456776,,1.0,1
8775,720575941572457630,,1.0,1
8776,720575941572464286,,1.0,1
8777,720575941572465566,,1.0,1
8778,720575941572466590,,1.0,1
8779,720575941572494494,,1.0,1
8780,720575941572642376,,1.0,1
8781,720575941572674555,,1.0,1
8782,720575941572687247,,1.0,1
8783,720575941572707471,,1.0,1
8784,720575941572718843,,1.0,1
8785,720575941572720015,,1.0,1
8786,720575941572727951,,1.0,1
8787,720575941572737679,,1.0,1
8788,720575941572758927,,1.0,1
8789,720575941572770703,,1.0,1
8790,720575941572773115,,1.0,1
8791,720575941572774543,,1.0,1
8792,720575941572780809,,1.0,1
8793,720575941572783369,,1.0,1
8794,720575941572787599,,1.0,1
8795,720575941572797597,,1.0,1
8796,720575941572811663,,1.0,1
8797,720575941572815247,,1.0,1
8798,720575941572819855,,1.0,1
8799,720575941572827131,,1.0,1
8800,720575941572848271,,1.0,1
8801,720575941572851087,,1.0,1
8802,720575941572852111,,1.0,1
8803,720575941572859535,,1.0,1
8804,720575941572860047,,1.0,1
8805,720575941572871567,,1.0,1
8806,720575941572873103,,1.0,1
8807,720575941572882319,,1.0,1
8808,720575941572885903,,1.0,1
8809,720575941572945039,,1.0,1
8810,720575941573038843,,1.0,1
8811,720575941573044808,,1.0,1
8812,720575941573081339,,1.0,1
8813,720575941573097992,,1.0,1
8814,720575941573100027,,1.0,1
8815,720575941573100808,,1.0,1
8816,720575941573115656,,1.0,1
8817,720575941573117597,,1.0,1
8818,720575941573118459,,1.0,1
8819,720575941573188278,,1.0,1
8820,720575941573233403,,1.0,1
8821,720575941573237769,,1.0,1
8822,720575941573240571,,1.0,1
8823,720575941573255606,,1.0,1
8824,720575941573261051,,1.0,1
8825,720575941573266102,,1.0,1
8826,720575941573266939,,1.0,1
8827,720575941573269755,,1.0,1
8828,720575941573274875,,1.0,1
8829,720575941573276854,,1.0,1
8830,720575941573301430,,1.0,1
8831,720575941573305270,,1.0,1
8832,720575941573315656,,1.0,1
8833,720575941573326006,,1.0,1
8834,720575941573326262,,1.0,1
8835,720575941573332296,,1.0,1
8836,720575941573334344,,1.0,1
8837,720575941573338294,,1.0,1
8838,720575941573346888,,1.0,1
8839,720575941573347912,,1.0,1
8840,720575941573361334,,1.0,1
8841,720575941573362248,,1.0,1
8842,720575941573362870,,1.0,1
8843,720575941573364662,,1.0,1
8844,720575941573366927,,1.0,1
8845,720575941573369487,,1.0,1
8846,720575941573370952,,1.0,1
8847,720575941573384118,,1.0,1
8848,720575941573385544,,1.0,1
8849,720575941573388982,,1.0,1
8850,720575941573391286,,1.0,1
8851,720575941573409462,,1.0,1
8852,720575941573415945,,1.0,1
8853,720575941573464328,,1.0,1
8854,720575941573474824,,1.0,1
8855,720575941573479176,,1.0,1
8856,720575941573489416,,1.0,1
8857,720575941573492232,,1.0,1
8858,720575941573493768,,1.0,1
8859,720575941573515785,,1.0,1
8860,720575941573528329,,1.0,1
8861,720575941573542813,,1.0,1
8862,720575941573543069,,1.0,1
8863,720575941573551880,,1.0,1
8864,720575941573560840,,1.0,1
8865,720575941573588488,,1.0,1
8866,720575941573590267,,1.0,1
8867,720575941573592840,,1.0,1
8868,720575941573657672,,1.0,1
8869,720575941573665693,,1.0,1
8870,720575941573674249,,1.0,1
8871,720575941573712054,,1.0,1
8872,720575941573761801,,1.0,1
8873,720575941573776797,,1.0,1
8874,720575941573794569,,1.0,1
8875,720575941573857545,,1.0,1
8876,720575941573906280,,1.0,1
8877,720575941573913960,,1.0,1
8878,720575941573922408,,1.0,1
8879,720575941573950056,,1.0,1
8880,720575941573952616,,1.0,1
8881,720575941573956239,,1.0,1
8882,720575941573963624,,1.0,1
8883,720575941573968456,,1.0,1
8884,720575941573973096,,1.0,1
8885,720575941573981288,,1.0,1
8886,720575941573993576,,1.0,1
8887,720575941573997928,,1.0,1
8888,720575941573998184,,1.0,1
8889,720575941574001417,,1.0,1
8890,720575941574004662,,1.0,1
8891,720575941574004840,,1.0,1
8892,720575941574009014,,1.0,1
8893,720575941574010038,,1.0,1
8894,720575941574014134,,1.0,1
8895,720575941574020790,,1.0,1
8896,720575941574021046,,1.0,1
8897,720575941574022248,,1.0,1
8898,720575941574024808,,1.0,1
8899,720575941574027702,,1.0,1
8900,720575941574027958,,1.0,1
8901,720575941574030518,,1.0,1
8902,720575941574032271,,1.0,1
8903,720575941574034319,,1.0,1
8904,720575941574042806,,1.0,1
8905,720575941574047336,,1.0,1
8906,720575941574063976,,1.0,1
8907,720575941574098184,,1.0,1
8908,720575941574148859,,1.0,1
8909,720575941574151163,,1.0,1
8910,720575941574155003,,1.0,1
8911,720575941574161147,,1.0,1
8912,720575941574163451,,1.0,1
8913,720575941574171899,,1.0,1
8914,720575941574174971,,1.0,1
8915,720575941574183163,,1.0,1
8916,720575941574183675,,1.0,1
8917,720575941574184699,,1.0,1
8918,720575941574185467,,1.0,1
8919,720575941574186491,,1.0,1
8920,720575941574194427,,1.0,1
8921,720575941574195963,,1.0,1
8922,720575941574224379,,1.0,1
8923,720575941574226427,,1.0,1
8924,720575941574229243,,1.0,1
8925,720575941574229755,,1.0,1
8926,720575941574230267,,1.0,1
8927,720575941574240507,,1.0,1
8928,720575941574245115,,1.0,1
8929,720575941574248187,,1.0,1
8930,720575941574249979,,1.0,1
8931,720575941574250235,,1.0,1
8932,720575941574252283,,1.0,1
8933,720575941574253051,,1.0,1
8934,720575941574300680,,1.0,1
8935,720575941574338461,,1.0,1
8936,720575941574338717,,1.0,1
8937,720575941574352797,,1.0,1
8938,720575941574399631,,1.0,1
8939,720575941574402447,,1.0,1
8940,720575941574412943,,1.0,1
8941,720575941574414223,,1.0,1
8942,720575941574448635,,1.0,1
8943,720575941574451343,,1.0,1
8944,720575941574452623,,1.0,1
8945,720575941574503055,,1.0,1
8946,720575941574533128,,1.0,1
8947,720575941574534031,,1.0,1
8948,720575941574548219,,1.0,1
8949,720575941574548488,,1.0,1
8950,720575941574549000,,1.0,1
8951,720575941574549256,,1.0,1
8952,720575941574556680,,1.0,1
8953,720575941574563848,,1.0,1
8954,720575941574568968,,1.0,1
8955,720575941574569224,,1.0,1
8956,720575941574591133,,1.0,1
8957,720575941574604808,,1.0,1
8958,720575941574612637,,1.0,1
8959,720575941574641309,,1.0,1
8960,720575941574644125,,1.0,1
8961,720575941574648477,,1.0,1
8962,720575941574652317,,1.0,1
8963,720575941574653853,,1.0,1
8964,720575941574672029,,1.0,1
8965,720575941574676893,,1.0,1
8966,720575941574683145,,1.0,1
8967,720575941574683549,,1.0,1
8968,720575941574684061,,1.0,1
8969,720575941574688925,,1.0,1
8970,720575941574691593,,1.0,1
8971,720575941574694409,,1.0,1
8972,720575941574698249,,1.0,1
8973,720575941574704649,,1.0,1
8974,720575941574705673,,1.0,1
8975,720575941574723081,,1.0,1
8976,720575941574723337,,1.0,1
8977,720575941574723593,,1.0,1
8978,720575941574724617,,1.0,1
8979,720575941574727945,,1.0,1
8980,720575941574728201,,1.0,1
8981,720575941574728713,,1.0,1
8982,720575941574734089,,1.0,1
8983,720575941574745865,,1.0,1
8984,720575941574746377,,1.0,1
8985,720575941574752009,,1.0,1
8986,720575941574752521,,1.0,1
8987,720575941574754569,,1.0,1
8988,720575941574809339,,1.0,1
8989,720575941574996918,,1.0,1
8990,720575941575062024,,1.0,1
8991,720575941575144886,,1.0,1
8992,720575941575211446,,1.0,1
8993,720575941575234408,,1.0,1
8994,720575941575270031,,1.0,1
8995,720575941575360911,,1.0,1
8996,720575941575362447,,1.0,1
8997,720575941575396105,,1.0,1
8998,720575941575397263,,1.0,1
8999,720575941575397775,,1.0,1
9000,720575941575414671,,1.0,1
9001,720575941575416975,,1.0,1
9002,720575941575418767,,1.0,1
9003,720575941575419279,,1.0,1
9004,720575941575420559,,1.0,1
9005,720575941575421327,,1.0,1
9006,720575941575422351,,1.0,1
9007,720575941575500136,,1.0,1
9008,720575941575509096,,1.0,1
9009,720575941575512424,,1.0,1
9010,720575941575516264,,1.0,1
9011,720575941575517288,,1.0,1
9012,720575941575520872,,1.0,1
9013,720575941575526760,,1.0,1
9014,720575941575530344,,1.0,1
9015,720575941575575400,,1.0,1
9016,720575941575581785,,1.0,1
9017,720575941575588456,,1.0,1
9018,720575941575588953,,1.0,1
9019,720575941575595112,,1.0,1
9020,720575941575664729,,1.0,1
9021,720575941575681718,,1.0,1
9022,720575941575682998,,1.0,1
9023,720575941575683161,,1.0,1
9024,720575941575684953,,1.0,1
9025,720575941575688808,,1.0,1
9026,720575941575690841,,1.0,1
9027,720575941575691624,,1.0,1
9028,720575941575696217,,1.0,1
9029,720575941575714152,,1.0,1
9030,720575941575721817,,1.0,1
9031,720575941575753910,,1.0,1
9032,720575941575782233,,1.0,1
9033,720575941575791705,,1.0,1
9034,720575941575797337,,1.0,1
9035,720575941575800153,,1.0,1
9036,720575941575800665,,1.0,1
9037,720575941575815016,,1.0,1
9038,720575941575820889,,1.0,1
9039,720575941575823449,,1.0,1
9040,720575941575824217,,1.0,1
9041,720575941575840089,,1.0,1
9042,720575941575840857,,1.0,1
9043,720575941575860569,,1.0,1
9044,720575941575864921,,1.0,1
9045,720575941575865433,,1.0,1
9046,720575941575903321,,1.0,1
9047,720575941575918425,,1.0,1
9048,720575941575925849,,1.0,1
9049,720575941575938137,,1.0,1
9050,720575941575948377,,1.0,1
9051,720575941575965273,,1.0,1
9052,720575941575991222,,1.0,1
9053,720575941576014774,,1.0,1
9054,720575941576043190,,1.0,1
9055,720575941576043702,,1.0,1
9056,720575941576044982,,1.0,1
9057,720575941576058294,,1.0,1
9058,720575941576070070,,1.0,1
9059,720575941576075446,,1.0,1
9060,720575941576080310,,1.0,1
9061,720575941576086710,,1.0,1
9062,720575941576087222,,1.0,1
9063,720575941576088758,,1.0,1
9064,720575941576140889,,1.0,1
9065,720575941576223592,,1.0,1
9066,720575941576368744,,1.0,1
9067,720575941576405608,,1.0,1
9068,720575941576493657,,1.0,1
9069,720575941576497753,,1.0,1
9070,720575941576507737,,1.0,1
9071,720575941576514649,,1.0,1
9072,720575941576517465,,1.0,1
9073,720575941576547176,,1.0,1
9074,720575941576551528,,1.0,1
9075,720575941576568424,,1.0,1
9076,720575941576568680,,1.0,1
9077,720575941576571752,,1.0,1
9078,720575941576572776,,1.0,1
9079,720575941576580456,,1.0,1
9080,720575941576589928,,1.0,1
9081,720575941576590184,,1.0,1
9082,720575941576683624,,1.0,1
9083,720575941576784209,,1.0,1
9084,720575941576807669,,1.0,1
9085,720575941576828753,,1.0,1
9086,720575941576836853,,1.0,1
9087,720575941576837969,,1.0,1
9088,720575941576862545,,1.0,1
9089,720575941576863989,,1.0,1
9090,720575941576905461,,1.0,1
9091,720575941576907857,,1.0,1
9092,720575941576927057,,1.0,1
9093,720575941576932433,,1.0,1
9094,720575941576933109,,1.0,1
9095,720575941576934133,,1.0,1
9096,720575941576934645,,1.0,1
9097,720575941576941045,,1.0,1
9098,720575941576942417,,1.0,1
9099,720575941576945233,,1.0,1
9100,720575941576947957,,1.0,1
9101,720575941576952565,,1.0,1
9102,720575941576954357,,1.0,1
9103,720575941576954961,,1.0,1
9104,720575941576958197,,1.0,1
9105,720575941576962897,,1.0,1
9106,720575941576969717,,1.0,1
9107,720575941576978933,,1.0,1
9108,720575941576979701,,1.0,1
9109,720575941576979793,,1.0,1
9110,720575941576983121,,1.0,1
9111,720575941576983285,,1.0,1
9112,720575941576984821,,1.0,1
9113,720575941576985681,,1.0,1
9114,720575941576985845,,1.0,1
9115,720575941576986705,,1.0,1
9116,720575941576988497,,1.0,1
9117,720575941576989685,,1.0,1
9118,720575941576990289,,1.0,1
9119,720575941576992757,,1.0,1
9120,720575941576997457,,1.0,1
9121,720575941577000949,,1.0,1
9122,720575941577019729,,1.0,1
9123,720575941577027829,,1.0,1
9124,720575941577030901,,1.0,1
9125,720575941577039697,,1.0,1
9126,720575941577041233,,1.0,1
9127,720575941577042769,,1.0,1
9128,720575941577044469,,1.0,1
9129,720575941577049169,,1.0,1
9130,720575941577078097,,1.0,1
9131,720575941577084149,,1.0,1
9132,720575941577093224,,1.0,1
9133,720575941577097320,,1.0,1
9134,720575941577209945,,1.0,1
9135,720575941577217113,,1.0,1
9136,720575941577221465,,1.0,1
9137,720575941577424473,,1.0,1
9138,720575941577425753,,1.0,1
9139,720575941577432409,,1.0,1
9140,720575941577437017,,1.0,1
9141,720575941577465945,,1.0,1
9142,720575941577498713,,1.0,1
9143,720575941577529177,,1.0,1
9144,720575941577540441,,1.0,1
9145,720575941577574745,,1.0,1
9146,720575941577605109,,1.0,1
9147,720575941577660241,,1.0,1
9148,720575941577662545,,1.0,1
9149,720575941577669457,,1.0,1
9150,720575941577677657,,1.0,1
9151,720575941577739609,,1.0,1
9152,720575941578112757,,1.0,1
9153,720575941578154577,,1.0,1
9154,720575941578319185,,1.0,1
9155,720575941578339061,,1.0,1
9156,720575941578344437,,1.0,1
9157,720575941578352885,,1.0,1
9158,720575941578442841,,1.0,1
9159,720575941578474329,,1.0,1
9160,720575941578484057,,1.0,1
9161,720575941578486105,,1.0,1
9162,720575941578497113,,1.0,1
9163,720575941578502745,,1.0,1
9164,720575941578634577,,1.0,1
9165,720575941578638929,,1.0,1
9166,720575941578639441,,1.0,1
9167,720575941578640209,,1.0,1
9168,720575941578676305,,1.0,1
9169,720575941578705909,,1.0,1
9170,720575941578709493,,1.0,1
9171,720575941578722641,,1.0,1
9172,720575941578734069,,1.0,1
9173,720575941578735349,,1.0,1
9174,720575941578736209,,1.0,1
9175,720575941578736465,,1.0,1
9176,720575941578762485,,1.0,1
9177,720575941578793809,,1.0,1
9178,720575941578832885,,1.0,1
9179,720575941579009657,,1.0,1
9180,720575941579017337,,1.0,1
9181,720575941579027321,,1.0,1
9182,720575941579072889,,1.0,1
9183,720575941579073913,,1.0,1
9184,720575941579099001,,1.0,1
9185,720575941579160953,,1.0,1
9186,720575941579161465,,1.0,1
9187,720575941579168633,,1.0,1
9188,720575941579186297,,1.0,1
9189,720575941579195769,,1.0,1
9190,720575941579198585,,1.0,1
9191,720575941579203153,,1.0,1
9192,720575941579219321,,1.0,1
9193,720575941579232889,,1.0,1
9194,720575941579234169,,1.0,1
9195,720575941579262841,,1.0,1
9196,720575941579460433,,1.0,1
9197,720575941579617873,,1.0,1
9198,720575941579624529,,1.0,1
9199,720575941579639121,,1.0,1
9200,720575941579640401,,1.0,1
9201,720575941579738357,,1.0,1
9202,720575941579749497,,1.0,1
9203,720575941579753337,,1.0,1
9204,720575941579753973,,1.0,1
9205,720575941579754065,,1.0,1
9206,720575941579761785,,1.0,1
9207,720575941579762421,,1.0,1
9208,720575941579762933,,1.0,1
9209,720575941579766773,,1.0,1
9210,720575941579768565,,1.0,1
9211,720575941579772661,,1.0,1
9212,720575941579779961,,1.0,1
9213,720575941579781241,,1.0,1
9214,720575941579783157,,1.0,1
9215,720575941579791093,,1.0,1
9216,720575941579792117,,1.0,1
9217,720575941579799029,,1.0,1
9218,720575941579802613,,1.0,1
9219,720575941579804661,,1.0,1
9220,720575941579809013,,1.0,1
9221,720575941579815669,,1.0,1
9222,720575941579817205,,1.0,1
9223,720575941579820533,,1.0,1
9224,720575941579832053,,1.0,1
9225,720575941579837173,,1.0,1
9226,720575941579841781,,1.0,1
9227,720575941579847925,,1.0,1
9228,720575941579850229,,1.0,1
9229,720575941579859189,,1.0,1
9230,720575941579866869,,1.0,1
9231,720575941579867125,,1.0,1
9232,720575941579867637,,1.0,1
9233,720575941579868917,,1.0,1
9234,720575941579877365,,1.0,1
9235,720575941579879157,,1.0,1
9236,720575941579889653,,1.0,1
9237,720575941579900149,,1.0,1
9238,720575941579926517,,1.0,1
9239,720575941580266065,,1.0,1
9240,720575941580347985,,1.0,1
9241,720575941580348753,,1.0,1
9242,720575941580603381,,1.0,1
9243,720575941580604661,,1.0,1
9244,720575941580607353,,1.0,1
9245,720575941580612473,,1.0,1
9246,720575941580623225,,1.0,1
9247,720575941580625529,,1.0,1
9248,720575941580626041,,1.0,1
9249,720575941580640889,,1.0,1
9250,720575941580641913,,1.0,1
9251,720575941580644729,,1.0,1
9252,720575941580644985,,1.0,1
9253,720575941580671097,,1.0,1
9254,720575941580752761,,1.0,1
9255,720575941580762489,,1.0,1
9256,720575941580774521,,1.0,1
9257,720575941580806777,,1.0,1
9258,720575941580809593,,1.0,1
9259,720575941580810873,,1.0,1
9260,720575941580883065,,1.0,1
9261,720575941581228153,,1.0,1
9262,720575941581459039,,1.0,1
9263,720575941581491039,,1.0,1
9264,720575941581492319,,1.0,1
9265,720575941581506143,,1.0,1
9266,720575941581570655,,1.0,1
9267,720575941581583711,,1.0,1
9268,720575941581608031,,1.0,1
9269,720575941581608799,,1.0,1
9270,720575941581637215,,1.0,1
9271,720575941581640569,,1.0,1
9272,720575941581641311,,1.0,1
9273,720575941581644409,,1.0,1
9274,720575941581653113,,1.0,1
9275,720575941581657695,,1.0,1
9276,720575941581661535,,1.0,1
9277,720575941581663865,,1.0,1
9278,720575941581672569,,1.0,1
9279,720575941581673337,,1.0,1
9280,720575941581678175,,1.0,1
9281,720575941581678713,,1.0,1
9282,720575941581682015,,1.0,1
9283,720575941581682041,,1.0,1
9284,720575941581683039,,1.0,1
9285,720575941581684857,,1.0,1
9286,720575941581685113,,1.0,1
9287,720575941581685369,,1.0,1
9288,720575941581719903,,1.0,1
9289,720575941581720159,,1.0,1
9290,720575941581738847,,1.0,1
9291,720575941582981471,,1.0,1
9292,720575941583042399,,1.0,1
9293,720575941583112582,,1.0,1
9294,720575941583120774,,1.0,1
9295,720575941583122527,,1.0,1
9296,720575941583128454,,1.0,1
9297,720575941583153798,,1.0,1
9298,720575941583169158,,1.0,1
9299,720575941583186566,,1.0,1
9300,720575941583203462,,1.0,1
9301,720575941583206790,,1.0,1
9302,720575941583208582,,1.0,1
9303,720575941583236998,,1.0,1
9304,720575941583238278,,1.0,1
9305,720575941583254918,,1.0,1
9306,720575941583260038,,1.0,1
9307,720575941583270790,,1.0,1
9308,720575941583290758,,1.0,1
9309,720575941583296902,,1.0,1
9310,720575941583297158,,1.0,1
9311,720575941583307654,,1.0,1
9312,720575941583315334,,1.0,1
9313,720575941583315846,,1.0,1
9314,720575941583317894,,1.0,1
9315,720575941583361887,,1.0,1
9316,720575941583378271,,1.0,1
9317,720575941583410015,,1.0,1
9318,720575941583423839,,1.0,1
9319,720575941583441503,,1.0,1
9320,720575941583453406,,1.0,1
9321,720575941583458911,,1.0,1
9322,720575941583478750,,1.0,1
9323,720575941583506142,,1.0,1
9324,720575941583511518,,1.0,1
9325,720575941583514078,,1.0,1
9326,720575941583544286,,1.0,1
9327,720575941583559390,,1.0,1
9328,720575941583574238,,1.0,1
9329,720575941583588830,,1.0,1
9330,720575941583595486,,1.0,1
9331,720575941583601886,,1.0,1
9332,720575941583608286,,1.0,1
9333,720575941583613918,,1.0,1
9334,720575941583630558,,1.0,1
9335,720575941583636702,,1.0,1
9336,720575941583637214,,1.0,1
9337,720575941583637726,,1.0,1
9338,720575941583638494,,1.0,1
9339,720575941583646430,,1.0,1
9340,720575941583654878,,1.0,1
9341,720575941583658462,,1.0,1
9342,720575941583659742,,1.0,1
9343,720575941583663070,,1.0,1
9344,720575941583665630,,1.0,1
9345,720575941583678942,,1.0,1
9346,720575941583716574,,1.0,1
9347,720575941583827166,,1.0,1
9348,720575941583836638,,1.0,1
9349,720575941583911302,,1.0,1
9350,720575941583916422,,1.0,1
9351,720575941583986910,,1.0,1
9352,720575941584191710,,1.0,1
9353,720575941584194270,,1.0,1
9354,720575941584423007,,1.0,1
9355,720575941584447839,,1.0,1
9356,720575941584460639,,1.0,1
9357,720575941584463711,,1.0,1
9358,720575941584464991,,1.0,1
9359,720575941584465503,,1.0,1
9360,720575941584466527,,1.0,1
9361,720575941584468319,,1.0,1
9362,720575941584591494,,1.0,1
9363,720575941584765918,,1.0,1
9364,720575941584789726,,1.0,1
9365,720575941584808158,,1.0,1
9366,720575941584854111,,1.0,1
9367,720575941584854662,,1.0,1
9368,720575941584889734,,1.0,1
9369,720575941584891782,,1.0,1
9370,720575941584928390,,1.0,1
9371,720575941584951518,,1.0,1
9372,720575941584964062,,1.0,1
9373,720575941584969950,,1.0,1
9374,720575941585215198,,1.0,1
9375,720575941585225438,,1.0,1
9376,720575941585233118,,1.0,1
9377,720575941585238750,,1.0,1
9378,720575941585245150,,1.0,1
9379,720575941585289950,,1.0,1
9380,720575941585360350,,1.0,1
9381,720575941585376222,,1.0,1
9382,720575941585396358,,1.0,1
9383,720575941585403614,,1.0,1
9384,720575941585437662,,1.0,1
9385,720575941585492958,,1.0,1
9386,720575941585558238,,1.0,1
9387,720575941585859718,,1.0,1
9388,720575941585860998,,1.0,1
9389,720575941585902470,,1.0,1
9390,720575941585907334,,1.0,1
9391,720575941585922182,,1.0,1
9392,720575941585922694,,1.0,1
9393,720575941585924486,,1.0,1
9394,720575941586073734,,1.0,1
9395,720575941586308574,,1.0,1
9396,720575941586314308,,1.0,1
9397,720575941586329924,,1.0,1
9398,720575941586335044,,1.0,1
9399,720575941586363716,,1.0,1
9400,720575941586373444,,1.0,1
9401,720575941586374980,,1.0,1
9402,720575941586375390,,1.0,1
9403,720575941586378820,,1.0,1
9404,720575941586378974,,1.0,1
9405,720575941586381534,,1.0,1
9406,720575941586381892,,1.0,1
9407,720575941586391876,,1.0,1
9408,720575941586402014,,1.0,1
9409,720575941586402628,,1.0,1
9410,720575941586408670,,1.0,1
9411,720575941586409540,,1.0,1
9412,720575941586414046,,1.0,1
9413,720575941586417118,,1.0,1
9414,720575941586418398,,1.0,1
9415,720575941586427460,,1.0,1
9416,720575941586427972,,1.0,1
9417,720575941586428382,,1.0,1
9418,720575941586429150,,1.0,1
9419,720575941586429918,,1.0,1
9420,720575941586432068,,1.0,1
9421,720575941586439902,,1.0,1
9422,720575941586440926,,1.0,1
9423,720575941586441284,,1.0,1
9424,720575941586441950,,1.0,1
9425,720575941586442462,,1.0,1
9426,720575941586448708,,1.0,1
9427,720575941586449118,,1.0,1
9428,720575941586453726,,1.0,1
9429,720575941586457310,,1.0,1
9430,720575941586457822,,1.0,1
9431,720575941586461150,,1.0,1
9432,720575941586470110,,1.0,1
9433,720575941586471646,,1.0,1
9434,720575941586475076,,1.0,1
9435,720575941586475998,,1.0,1
9436,720575941586479070,,1.0,1
9437,720575941586479838,,1.0,1
9438,720575941586480606,,1.0,1
9439,720575941587023671,,1.0,1
9440,720575941587113527,,1.0,1
9441,720575941587178295,,1.0,1
9442,720575941587181879,,1.0,1
9443,720575941587190583,,1.0,1
9444,720575941587201847,,1.0,1
9445,720575941587204062,,1.0,1
9446,720575941587239479,,1.0,1
9447,720575941587247415,,1.0,1
9448,720575941587269175,,1.0,1
9449,720575941587269687,,1.0,1
9450,720575941587284535,,1.0,1
9451,720575941587302967,,1.0,1
9452,720575941587304759,,1.0,1
9453,720575941587315767,,1.0,1
9454,720575941587318327,,1.0,1
9455,720575941587344695,,1.0,1
9456,720575941587355191,,1.0,1
9457,720575941587361335,,1.0,1
9458,720575941587362103,,1.0,1
9459,720575941587363127,,1.0,1
9460,720575941587367991,,1.0,1
9461,720575941587385143,,1.0,1
9462,720575941587386423,,1.0,1
9463,720575941587394615,,1.0,1
9464,720575941587396151,,1.0,1
9465,720575941587404087,,1.0,1
9466,720575941587430199,,1.0,1
9467,720575941587528772,,1.0,1
9468,720575941587601220,,1.0,1
9469,720575941587602244,,1.0,1
9470,720575941587968823,,1.0,1
9471,720575941587969079,,1.0,1
9472,720575941587989502,,1.0,1
9473,720575941588002628,,1.0,1
9474,720575941588003908,,1.0,1
9475,720575941588006212,,1.0,1
9476,720575941588006980,,1.0,1
9477,720575941588007492,,1.0,1
9478,720575941588018942,,1.0,1
9479,720575941588045566,,1.0,1
9480,720575941588058692,,1.0,1
9481,720575941588059390,,1.0,1
9482,720575941588061438,,1.0,1
9483,720575941588066558,,1.0,1
9484,720575941588068676,,1.0,1
9485,720575941588068862,,1.0,1
9486,720575941588072516,,1.0,1
9487,720575941588080638,,1.0,1
9488,720575941588091204,,1.0,1
9489,720575941588156414,,1.0,1
9490,720575941588445580,,1.0,1
9491,720575941588447116,,1.0,1
9492,720575941588460684,,1.0,1
9493,720575941588484236,,1.0,1
9494,720575941588506764,,1.0,1
9495,720575941588569996,,1.0,1
9496,720575941588576140,,1.0,1
9497,720575941588599180,,1.0,1
9498,720575941588600972,,1.0,1
9499,720575941588615052,,1.0,1
9500,720575941588628620,,1.0,1
9501,720575941588629758,,1.0,1
9502,720575941588630270,,1.0,1
9503,720575941588630782,,1.0,1
9504,720575941588631038,,1.0,1
9505,720575941588632204,,1.0,1
9506,720575941588646284,,1.0,1
9507,720575941588652940,,1.0,1
9508,720575941588653964,,1.0,1
9509,720575941588661388,,1.0,1
9510,720575941588669324,,1.0,1
9511,720575941588675980,,1.0,1
9512,720575941588689292,,1.0,1
9513,720575941588886340,,1.0,1
9514,720575941588919607,,1.0,1
9515,720575941588919863,,1.0,1
9516,720575941588924215,,1.0,1
9517,720575941588926519,,1.0,1
9518,720575941588956484,,1.0,1
9519,720575941588970308,,1.0,1
9520,720575941588988484,,1.0,1
9521,720575941589023300,,1.0,1
9522,720575941589029687,,1.0,1
9523,720575941589077815,,1.0,1
9524,720575941589087543,,1.0,1
9525,720575941589260100,,1.0,1
9526,720575941589337740,,1.0,1
9527,720575941589487500,,1.0,1
9528,720575941589563134,,1.0,1
9529,720575941589566206,,1.0,1
9530,720575941589589502,,1.0,1
9531,720575941589590270,,1.0,1
9532,720575941589592574,,1.0,1
9533,720575941589606142,,1.0,1
9534,720575941589664254,,1.0,1
9535,720575941589665278,,1.0,1
9536,720575941589742476,,1.0,1
9537,720575941589816318,,1.0,1
9538,720575941589844535,,1.0,1
9539,720575941589854604,,1.0,1
9540,720575941589857790,,1.0,1
9541,720575941589863735,,1.0,1
9542,720575941589878327,,1.0,1
9543,720575941589944631,,1.0,1
9544,720575941589950263,,1.0,1
9545,720575941589952055,,1.0,1
9546,720575941589953591,,1.0,1
9547,720575941589954871,,1.0,1
9548,720575941589962380,,1.0,1
9549,720575941589966078,,1.0,1
9550,720575941589967159,,1.0,1
9551,720575941589980215,,1.0,1
9552,720575941589981495,,1.0,1
9553,720575941589981751,,1.0,1
9554,720575941589986615,,1.0,1
9555,720575941589993726,,1.0,1
9556,720575941589994039,,1.0,1
9557,720575941589994551,,1.0,1
9558,720575941589995319,,1.0,1
9559,720575941589997623,,1.0,1
9560,720575941590127912,,1.0,1
9561,720575941590130572,,1.0,1
9562,720575941590136360,,1.0,1
9563,720575941590231080,,1.0,1
9564,720575941590250536,,1.0,1
9565,720575941590259240,,1.0,1
9566,720575941590273064,,1.0,1
9567,720575941590279208,,1.0,1
9568,720575941590285096,,1.0,1
9569,720575941590291084,,1.0,1
9570,720575941590294824,,1.0,1
9571,720575941590309416,,1.0,1
9572,720575941590314536,,1.0,1
9573,720575941590315560,,1.0,1
9574,720575941590317352,,1.0,1
9575,720575941590325800,,1.0,1
9576,720575941590338088,,1.0,1
9577,720575941590342028,,1.0,1
9578,720575941590342440,,1.0,1
9579,720575941590358668,,1.0,1
9580,720575941590503678,,1.0,1
9581,720575941590549047,,1.0,1
9582,720575941590551294,,1.0,1
9583,720575941590596492,,1.0,1
9584,720575941590687339,,1.0,1
9585,720575941590711915,,1.0,1
9586,720575941590734443,,1.0,1
9587,720575941590820971,,1.0,1
9588,720575941590823208,,1.0,1
9589,720575941590830888,,1.0,1
9590,720575941590835752,,1.0,1
9591,720575941590837246,,1.0,1
9592,720575941590840062,,1.0,1
9593,720575941590852094,,1.0,1
9594,720575941590862955,,1.0,1
9595,720575941590867819,,1.0,1
9596,720575941590870379,,1.0,1
9597,720575941590870782,,1.0,1
9598,720575941590871550,,1.0,1
9599,720575941590873707,,1.0,1
9600,720575941590876011,,1.0,1
9601,720575941590878462,,1.0,1
9602,720575941590889323,,1.0,1
9603,720575941590898027,,1.0,1
9604,720575941590899563,,1.0,1
9605,720575941590941291,,1.0,1
9606,720575941591255436,,1.0,1
9607,720575941591264652,,1.0,1
9608,720575941591270440,,1.0,1
9609,720575941591271308,,1.0,1
9610,720575941591277708,,1.0,1
9611,720575941591285388,,1.0,1
9612,720575941591285900,,1.0,1
9613,720575941591287692,,1.0,1
9614,720575941591287948,,1.0,1
9615,720575941591298814,,1.0,1
9616,720575941591299468,,1.0,1
9617,720575941591307916,,1.0,1
9618,720575941591482920,,1.0,1
9619,720575941591499627,,1.0,1
9620,720575941591505515,,1.0,1
9621,720575941591506795,,1.0,1
9622,720575941591532072,,1.0,1
9623,720575941591746600,,1.0,1
9624,720575941591754536,,1.0,1
9625,720575941591762984,,1.0,1
9626,720575941591764520,,1.0,1
9627,720575941591765544,,1.0,1
9628,720575941591772456,,1.0,1
9629,720575941591776552,,1.0,1
9630,720575941591779880,,1.0,1
9631,720575941591780648,,1.0,1
9632,720575941591808040,,1.0,1
9633,720575941591831180,,1.0,1
9634,720575941591873064,,1.0,1
9635,720575941591910696,,1.0,1
9636,720575941592041067,,1.0,1
9637,720575941592046699,,1.0,1
9638,720575941592053288,,1.0,1
9639,720575941592094422,,1.0,1
9640,720575941592149718,,1.0,1
9641,720575941592154582,,1.0,1
9642,720575941592172758,,1.0,1
9643,720575941592185814,,1.0,1
9644,720575941592196054,,1.0,1
9645,720575941592202198,,1.0,1
9646,720575941592242646,,1.0,1
9647,720575941592242902,,1.0,1
9648,720575941592267478,,1.0,1
9649,720575941592282582,,1.0,1
9650,720575941592333782,,1.0,1
9651,720575941592380199,,1.0,1
9652,720575941592388971,,1.0,1
9653,720575941592408615,,1.0,1
9654,720575941592411173,,1.0,1
9655,720575941592428907,,1.0,1
9656,720575941592430443,,1.0,1
9657,720575941592452901,,1.0,1
9658,720575941592458789,,1.0,1
9659,720575941592467749,,1.0,1
9660,720575941592472171,,1.0,1
9661,720575941592475685,,1.0,1
9662,720575941592477733,,1.0,1
9663,720575941592480363,,1.0,1
9664,720575941592493863,,1.0,1
9665,720575941592495397,,1.0,1
9666,720575941592497703,,1.0,1
9667,720575941592503333,,1.0,1
9668,720575941592505639,,1.0,1
9669,720575941592508523,,1.0,1
9670,720575941592510759,,1.0,1
9671,720575941592511527,,1.0,1
9672,720575941592511783,,1.0,1
9673,720575941592517925,,1.0,1
9674,720575941592525863,,1.0,1
9675,720575941592527143,,1.0,1
9676,720575941592530471,,1.0,1
9677,720575941592541223,,1.0,1
9678,720575941592547879,,1.0,1
9679,720575941592555045,,1.0,1
9680,720575941592557861,,1.0,1
9681,720575941592559397,,1.0,1
9682,720575941592568357,,1.0,1
9683,720575941592568869,,1.0,1
9684,720575941592573223,,1.0,1
9685,720575941592580647,,1.0,1
9686,720575941592586279,,1.0,1
9687,720575941592588325,,1.0,1
9688,720575941592589349,,1.0,1
9689,720575941592593191,,1.0,1
9690,720575941592598309,,1.0,1
9691,720575941592602149,,1.0,1
9692,720575941592616487,,1.0,1
9693,720575941592617253,,1.0,1
9694,720575941592621861,,1.0,1
9695,720575941592623911,,1.0,1
9696,720575941592626469,,1.0,1
9697,720575941592627493,,1.0,1
9698,720575941592636199,,1.0,1
9699,720575941592638245,,1.0,1
9700,720575941592758891,,1.0,1
9701,720575941592805928,,1.0,1
9702,720575941592810454,,1.0,1
9703,720575941592816086,,1.0,1
9704,720575941592816854,,1.0,1
9705,720575941592838184,,1.0,1
9706,720575941592847830,,1.0,1
9707,720575941592848168,,1.0,1
9708,720575941592855080,,1.0,1
9709,720575941592865576,,1.0,1
9710,720575941592867880,,1.0,1
9711,720575941592869928,,1.0,1
9712,720575941592883496,,1.0,1
9713,720575941592889128,,1.0,1
9714,720575941592895272,,1.0,1
9715,720575941592895784,,1.0,1
9716,720575941592901416,,1.0,1
9717,720575941592907560,,1.0,1
9718,720575941592910376,,1.0,1
9719,720575941592911144,,1.0,1
9720,720575941592911400,,1.0,1
9721,720575941592913192,,1.0,1
9722,720575941592914984,,1.0,1
9723,720575941592919080,,1.0,1
9724,720575941592927528,,1.0,1
9725,720575941592931112,,1.0,1
9726,720575941592931368,,1.0,1
9727,720575941592931624,,1.0,1
9728,720575941593097329,,1.0,1
9729,720575941593110385,,1.0,1
9730,720575941593160043,,1.0,1
9731,720575941593176433,,1.0,1
9732,720575941593188465,,1.0,1
9733,720575941593200935,,1.0,1
9734,720575941593206897,,1.0,1
9735,720575941593215601,,1.0,1
9736,720575941593229425,,1.0,1
9737,720575941593245297,,1.0,1
9738,720575941593250161,,1.0,1
9739,720575941593264753,,1.0,1
9740,720575941593275249,,1.0,1
9741,720575941593288049,,1.0,1
9742,720575941593291377,,1.0,1
9743,720575941593354791,,1.0,1
9744,720575941593433046,,1.0,1
9745,720575941593438321,,1.0,1
9746,720575941593469803,,1.0,1
9747,720575941593491563,,1.0,1
9748,720575941593507179,,1.0,1
9749,720575941593516651,,1.0,1
9750,720575941593516907,,1.0,1
9751,720575941593517419,,1.0,1
9752,720575941593519211,,1.0,1
9753,720575941593520235,,1.0,1
9754,720575941593615211,,1.0,1
9755,720575941593713009,,1.0,1
9756,720575941593737585,,1.0,1
9757,720575941593739889,,1.0,1
9758,720575941593742449,,1.0,1
9759,720575941593793238,,1.0,1
9760,720575941593798870,,1.0,1
9761,720575941593808854,,1.0,1
9762,720575941593816534,,1.0,1
9763,720575941593817302,,1.0,1
9764,720575941593836933,,1.0,1
9765,720575941593841541,,1.0,1
9766,720575941593845125,,1.0,1
9767,720575941593847766,,1.0,1
9768,720575941593847921,,1.0,1
9769,720575941593875589,,1.0,1
9770,720575941593877543,,1.0,1
9771,720575941593890774,,1.0,1
9772,720575941593900677,,1.0,1
9773,720575941593904342,,1.0,1
9774,720575941593919365,,1.0,1
9775,720575941593923461,,1.0,1
9776,720575941593929174,,1.0,1
9777,720575941593948805,,1.0,1
9778,720575941593961686,,1.0,1
9779,720575941593963734,,1.0,1
9780,720575941593965957,,1.0,1
9781,720575941593968773,,1.0,1
9782,720575941593980293,,1.0,1
9783,720575941594153509,,1.0,1
9784,720575941594186789,,1.0,1
9785,720575941594189605,,1.0,1
9786,720575941594200613,,1.0,1
9787,720575941594209061,,1.0,1
9788,720575941594213927,,1.0,1
9789,720575941594215207,,1.0,1
9790,720575941594215463,,1.0,1
9791,720575941594225191,,1.0,1
9792,720575941594232359,,1.0,1
9793,720575941594264869,,1.0,1
9794,720575941594268455,,1.0,1
9795,720575941594308721,,1.0,1
9796,720575941594311025,,1.0,1
9797,720575941594317095,,1.0,1
9798,720575941594333735,,1.0,1
9799,720575941594415217,,1.0,1
9800,720575941594417777,,1.0,1
9801,720575941594515158,,1.0,1
9802,720575941594626929,,1.0,1
9803,720575941594726513,,1.0,1
9804,720575941594754599,,1.0,1
9805,720575941594764401,,1.0,1
9806,720575941594764913,,1.0,1
9807,720575941594795633,,1.0,1
9808,720575941594801777,,1.0,1
9809,720575941594807766,,1.0,1
9810,720575941594821334,,1.0,1
9811,720575941594848726,,1.0,1
9812,720575941594853590,,1.0,1
9813,720575941594855281,,1.0,1
9814,720575941594856662,,1.0,1
9815,720575941594865777,,1.0,1
9816,720575941594868438,,1.0,1
9817,720575941594870230,,1.0,1
9818,720575941594873814,,1.0,1
9819,720575941594897622,,1.0,1
9820,720575941594967847,,1.0,1
9821,720575941594975783,,1.0,1
9822,720575941594976726,,1.0,1
9823,720575941595021681,,1.0,1
9824,720575941595084071,,1.0,1
9825,720575941595131175,,1.0,1
9826,720575941595142102,,1.0,1
9827,720575941595150885,,1.0,1
9828,720575941595152677,,1.0,1
9829,720575941595154981,,1.0,1
9830,720575941595157541,,1.0,1
9831,720575941595167013,,1.0,1
9832,720575941595175205,,1.0,1
9833,720575941595189797,,1.0,1
9834,720575941595194149,,1.0,1
9835,720575941595197733,,1.0,1
9836,720575941595198501,,1.0,1
9837,720575941595198757,,1.0,1
9838,720575941595202085,,1.0,1
9839,720575941595205413,,1.0,1
9840,720575941595208325,,1.0,1
9841,720575941595266343,,1.0,1
9842,720575941595285799,,1.0,1
9843,720575941595288871,,1.0,1
9844,720575941595299367,,1.0,1
9845,720575941595302183,,1.0,1
9846,720575941595306023,,1.0,1
9847,720575941595307303,,1.0,1
9848,720575941595307559,,1.0,1
9849,720575941595308327,,1.0,1
9850,720575941595309607,,1.0,1
9851,720575941595310887,,1.0,1
9852,720575941595311143,,1.0,1
9853,720575941595368662,,1.0,1
9854,720575941595426437,,1.0,1
9855,720575941595437701,,1.0,1
9856,720575941595441285,,1.0,1
9857,720575941595449969,,1.0,1
9858,720575941595453317,,1.0,1
9859,720575941595456389,,1.0,1
9860,720575941595475845,,1.0,1
9861,720575941595494001,,1.0,1
9862,720575941595512965,,1.0,1
9863,720575941595529861,,1.0,1
9864,720575941595535749,,1.0,1
9865,720575941595544197,,1.0,1
9866,720575941595547269,,1.0,1
9867,720575941595562885,,1.0,1
9868,720575941595653020,,1.0,1
9869,720575941595664165,,1.0,1
9870,720575941595723456,,1.0,1
9871,720575941595725212,,1.0,1
9872,720575941595744668,,1.0,1
9873,720575941595745472,,1.0,1
9874,720575941595749056,,1.0,1
9875,720575941595757724,,1.0,1
9876,720575941595766428,,1.0,1
9877,720575941595768476,,1.0,1
9878,720575941595771548,,1.0,1
9879,720575941595779264,,1.0,1
9880,720575941595779484,,1.0,1
9881,720575941595780508,,1.0,1
9882,720575941595782556,,1.0,1
9883,720575941595783580,,1.0,1
9884,720575941595793308,,1.0,1
9885,720575941595795612,,1.0,1
9886,720575941595802012,,1.0,1
9887,720575941595804572,,1.0,1
9888,720575941595804828,,1.0,1
9889,720575941595805084,,1.0,1
9890,720575941595814336,,1.0,1
9891,720575941595814592,,1.0,1
9892,720575941595823260,,1.0,1
9893,720575941595825052,,1.0,1
9894,720575941595829916,,1.0,1
9895,720575941595832732,,1.0,1
9896,720575941595840668,,1.0,1
9897,720575941595849116,,1.0,1
9898,720575941595850688,,1.0,1
9899,720575941595866048,,1.0,1
9900,720575941595871424,,1.0,1
9901,720575941595873984,,1.0,1
9902,720575941595876800,,1.0,1
9903,720575941595878848,,1.0,1
9904,720575941595880640,,1.0,1
9905,720575941595887772,,1.0,1
9906,720575941595895708,,1.0,1
9907,720575941595897792,,1.0,1
9908,720575941595898048,,1.0,1
9909,720575941595902577,,1.0,1
9910,720575941595908032,,1.0,1
9911,720575941595908544,,1.0,1
9912,720575941595910513,,1.0,1
9913,720575941595913920,,1.0,1
9914,720575941595919217,,1.0,1
9915,720575941595927409,,1.0,1
9916,720575941595934577,,1.0,1
9917,720575941595940288,,1.0,1
9918,720575941595940465,,1.0,1
9919,720575941595942769,,1.0,1
9920,720575941595944305,,1.0,1
9921,720575941595952241,,1.0,1
9922,720575941595958385,,1.0,1
9923,720575941595960689,,1.0,1
9924,720575941595964273,,1.0,1
9925,720575941595965809,,1.0,1
9926,720575941595966321,,1.0,1
9927,720575941595967857,,1.0,1
9928,720575941595969393,,1.0,1
9929,720575941595969984,,1.0,1
9930,720575941595970161,,1.0,1
9931,720575941595972465,,1.0,1
9932,720575941595989361,,1.0,1
9933,720575941595999857,,1.0,1
9934,720575941596032295,,1.0,1
9935,720575941596078961,,1.0,1
9936,720575941596229253,,1.0,1
9937,720575941596400028,,1.0,1
9938,720575941596404101,,1.0,1
9939,720575941596408197,,1.0,1
9940,720575941596430213,,1.0,1
9941,720575941596492480,,1.0,1
9942,720575941597268124,,1.0,1
9943,720575941597271196,,1.0,1
9944,720575941597285788,,1.0,1
9945,720575941597314716,,1.0,1
9946,720575941597315484,,1.0,1
9947,720575941597383068,,1.0,1
9948,720575941597421980,,1.0,1
9949,720575941597504924,,1.0,1
9950,720575941597505216,,1.0,1
9951,720575941597512640,,1.0,1
9952,720575941597520064,,1.0,1
9953,720575941597521600,,1.0,1
9954,720575941597544128,,1.0,1
9955,720575941597545664,,1.0,1
9956,720575941597558428,,1.0,1
9957,720575941597565632,,1.0,1
9958,720575941597611968,,1.0,1
9959,720575941597645248,,1.0,1
9960,720575941597652416,,1.0,1
9961,720575941597661376,,1.0,1
9962,720575941597664448,,1.0,1
9963,720575941597665472,,1.0,1
9964,720575941597667264,,1.0,1
9965,720575941597672489,,1.0,1
9966,720575941597678889,,1.0,1
9967,720575941597703721,,1.0,1
9968,720575941597742784,,1.0,1
9969,720575941597814313,,1.0,1
9970,720575941597835817,,1.0,1
9971,720575941597846057,,1.0,1
9972,720575941597855273,,1.0,1
9973,720575941597885737,,1.0,1
9974,720575941597897513,,1.0,1
9975,720575941597905193,,1.0,1
9976,720575941597912617,,1.0,1
9977,720575941597919273,,1.0,1
9978,720575941598046505,,1.0,1
9979,720575941598299804,,1.0,1
9980,720575941598302108,,1.0,1
9981,720575941598317468,,1.0,1
9982,720575941598321308,,1.0,1
9983,720575941598321564,,1.0,1
9984,720575941598321820,,1.0,1
9985,720575941598357404,,1.0,1
9986,720575941598386076,,1.0,1
9987,720575941598621481,,1.0,1
9988,720575941598633769,,1.0,1
9989,720575941598634537,,1.0,1
9990,720575941598641193,,1.0,1
9991,720575941598660032,,1.0,1
9992,720575941598665664,,1.0,1
9993,720575941598689728,,1.0,1
9994,720575941598915008,,1.0,1
9995,720575941598960028,,1.0,1
9996,720575941599226048,,1.0,1
9997,720575941599351849,,1.0,1
9998,720575941599407552,,1.0,1
9999,720575941599433664,,1.0,1
10000,720575941599444777,,1.0,1
10001,720575941599450921,,1.0,1
10002,720575941599457065,,1.0,1
10003,720575941599459881,,1.0,1
10004,720575941599461161,,1.0,1
10005,720575941599463977,,1.0,1
10006,720575941599466537,,1.0,1
10007,720575941599567401,,1.0,1
10008,720575941600109353,,1.0,1
10009,720575941600259369,,1.0,1
10010,720575941600370985,,1.0,1
10011,720575941600501545,,1.0,1
10012,720575941600513577,,1.0,1
10013,720575941600519977,,1.0,1
10014,720575941600522793,,1.0,1
10015,720575941600523305,,1.0,1
10016,720575941600532265,,1.0,1
10017,720575941600532521,,1.0,1
10018,720575941600535593,,1.0,1
10019,720575941600536361,,1.0,1
10020,720575941600540201,,1.0,1
10021,720575941600540969,,1.0,1
10022,720575941600543785,,1.0,1
10023,720575941600548393,,1.0,1
10024,720575941600782633,,1.0,1
10025,720575941601088441,,1.0,1
10026,720575941601092537,,1.0,1
10027,720575941601097401,,1.0,1
10028,720575941601119929,,1.0,1
10029,720575941601150966,,1.0,1
10030,720575941601153270,,1.0,1
10031,720575941601166265,,1.0,1
10032,720575941601188537,,1.0,1
10033,720575941601204409,,1.0,1
10034,720575941601209590,,1.0,1
10035,720575941601211577,,1.0,1
10036,720575941601223158,,1.0,1
10037,720575941601224121,,1.0,1
10038,720575941601243321,,1.0,1
10039,720575941601255353,,1.0,1
10040,720575941601256633,,1.0,1
10041,720575941601284086,,1.0,1
10042,720575941601298617,,1.0,1
10043,720575941601313782,,1.0,1
10044,720575941601314038,,1.0,1
10045,720575941601315062,,1.0,1
10046,720575941601315769,,1.0,1
10047,720575941601325046,,1.0,1
10048,720575941601330166,,1.0,1
10049,720575941601333750,,1.0,1
10050,720575941601348086,,1.0,1
10051,720575941601348342,,1.0,1
10052,720575941601373174,,1.0,1
10053,720575941601407161,,1.0,1
10054,720575941601470454,,1.0,1
10055,720575941601787894,,1.0,1
10056,720575941602224574,,1.0,1
10057,720575941602226366,,1.0,1
10058,720575941602260158,,1.0,1
10059,720575941602261182,,1.0,1
10060,720575941602273470,,1.0,1
10061,720575941602295998,,1.0,1
10062,720575941602315454,,1.0,1
10063,720575941602318782,,1.0,1
10064,720575941602321598,,1.0,1
10065,720575941602343870,,1.0,1
10066,720575941602370494,,1.0,1
10067,720575941602407158,,1.0,1
10068,720575941602466745,,1.0,1
10069,720575941602711737,,1.0,1
10070,720575941602717881,,1.0,1
10071,720575941602718649,,1.0,1
10072,720575941602800569,,1.0,1
10073,720575941602811577,,1.0,1
10074,720575941602827961,,1.0,1
10075,720575941602833337,,1.0,1
10076,720575941602870262,,1.0,1
10077,720575941602872054,,1.0,1
10078,720575941602898422,,1.0,1
10079,720575941602940406,,1.0,1
10080,720575941602956790,,1.0,1
10081,720575941602969846,,1.0,1
10082,720575941602984638,,1.0,1
10083,720575941602987510,,1.0,1
10084,720575941603125689,,1.0,1
10085,720575941603190006,,1.0,1
10086,720575941603323326,,1.0,1
10087,720575941603364537,,1.0,1
10088,720575941603589566,,1.0,1
10089,720575941603690937,,1.0,1
10090,720575941603694777,,1.0,1
10091,720575941603710649,,1.0,1
10092,720575941603713465,,1.0,1
10093,720575941603733689,,1.0,1
10094,720575941603734457,,1.0,1
10095,720575941603735481,,1.0,1
10096,720575941603739833,,1.0,1
10097,720575941603744441,,1.0,1
10098,720575941603749817,,1.0,1
10099,720575941603750073,,1.0,1
10100,720575941603750329,,1.0,1
10101,720575941603750585,,1.0,1
10102,720575941603753401,,1.0,1
10103,720575941603753913,,1.0,1
10104,720575941603755961,,1.0,1
10105,720575941603759033,,1.0,1
10106,720575941603759801,,1.0,1
10107,720575941603764921,,1.0,1
10108,720575941603767993,,1.0,1
10109,720575941603813054,,1.0,1
10110,720575941603845878,,1.0,1
10111,720575941603878646,,1.0,1
10112,720575941603884790,,1.0,1
10113,720575941603886014,,1.0,1
10114,720575941603886582,,1.0,1
10115,720575941603894774,,1.0,1
10116,720575941603896254,,1.0,1
10117,720575941603899070,,1.0,1
10118,720575941603902710,,1.0,1
10119,720575941603903222,,1.0,1
10120,720575941603904190,,1.0,1
10121,720575941603905014,,1.0,1
10122,720575941603906038,,1.0,1
10123,720575941603909054,,1.0,1
10124,720575941603910078,,1.0,1
10125,720575941603916222,,1.0,1
10126,720575941603919038,,1.0,1
10127,720575941603927742,,1.0,1
10128,720575941603939006,,1.0,1
10129,720575941603953398,,1.0,1
10130,720575941603980734,,1.0,1
10131,720575941603997374,,1.0,1
10132,720575941604082361,,1.0,1
10133,720575941604090046,,1.0,1
10134,720575941604148670,,1.0,1
10135,720575941604725438,,1.0,1
10136,720575941604728766,,1.0,1
10137,720575941604872557,,1.0,1
10138,720575941604875373,,1.0,1
10139,720575941604904045,,1.0,1
10140,720575941604907117,,1.0,1
10141,720575941604912749,,1.0,1
10142,720575941604922221,,1.0,1
10143,720575941604943469,,1.0,1
10144,720575941604943725,,1.0,1
10145,720575941604946797,,1.0,1
10146,720575941604950893,,1.0,1
10147,720575941604952429,,1.0,1
10148,720575941604952685,,1.0,1
10149,720575941604953453,,1.0,1
10150,720575941604967789,,1.0,1
10151,720575941604969325,,1.0,1
10152,720575941604969837,,1.0,1
10153,720575941604976493,,1.0,1
10154,720575941604984173,,1.0,1
10155,720575941604987838,,1.0,1
10156,720575941604989293,,1.0,1
10157,720575941604992702,,1.0,1
10158,720575941604997997,,1.0,1
10159,720575941605006189,,1.0,1
10160,720575941605006782,,1.0,1
10161,720575941605013950,,1.0,1
10162,720575941605016941,,1.0,1
10163,720575941605017534,,1.0,1
10164,720575941605018046,,1.0,1
10165,720575941605018477,,1.0,1
10166,720575941605018814,,1.0,1
10167,720575941605020350,,1.0,1
10168,720575941605021293,,1.0,1
10169,720575941605024109,,1.0,1
10170,720575941605025133,,1.0,1
10171,720575941605063021,,1.0,1
10172,720575941605070189,,1.0,1
10173,720575941605079405,,1.0,1
10174,720575941605081453,,1.0,1
10175,720575941605086061,,1.0,1
10176,720575941605268333,,1.0,1
10177,720575941605399742,,1.0,1
10178,720575941606079853,,1.0,1
10179,720575941606544493,,1.0,1
10180,720575941606545261,,1.0,1
10181,720575941606553709,,1.0,1
10182,720575941606598509,,1.0,1
10183,720575941606622317,,1.0,1
10184,720575941606636909,,1.0,1
10185,720575941606642285,,1.0,1
10186,720575941606676589,,1.0,1
10187,720575941606676845,,1.0,1
10188,720575941606687341,,1.0,1
10189,720575941606849389,,1.0,1
10190,720575941607558765,,1.0,1
10191,720575941607559277,,1.0,1
10192,720575941607559533,,1.0,1
10193,720575941607560557,,1.0,1
10194,720575941607569261,,1.0,1
10195,720575941607578989,,1.0,1
10196,720575941607582317,,1.0,1
10197,720575941607586157,,1.0,1
10198,720575941607587181,,1.0,1
10199,720575941607589229,,1.0,1
10200,720575941607603053,,1.0,1
10201,720575941607604077,,1.0,1
10202,720575941607605101,,1.0,1
10203,720575941607889261,,1.0,1
10204,720575941608136522,,1.0,1
10205,720575941608183626,,1.0,1
10206,720575941608287818,,1.0,1
10207,720575941608298826,,1.0,1
10208,720575941608309322,,1.0,1
10209,720575941608310346,,1.0,1
10210,720575941608324717,,1.0,1
10211,720575941608336493,,1.0,1
10212,720575941608350794,,1.0,1
10213,720575941608360522,,1.0,1
10214,720575941608373834,,1.0,1
10215,720575941608378698,,1.0,1
10216,720575941608387658,,1.0,1
10217,720575941608389194,,1.0,1
10218,720575941608410698,,1.0,1
10219,720575941608423754,,1.0,1
10220,720575941608429386,,1.0,1
10221,720575941608442442,,1.0,1
10222,720575941608467530,,1.0,1
10223,720575941608485194,,1.0,1
10224,720575941608720617,,1.0,1
10225,720575941608786506,,1.0,1
10226,720575941608801257,,1.0,1
10227,720575941608817897,,1.0,1
10228,720575941608840937,,1.0,1
10229,720575941608855785,,1.0,1
10230,720575941608857321,,1.0,1
10231,720575941608866281,,1.0,1
10232,720575941608880873,,1.0,1
10233,720575941608881129,,1.0,1
10234,720575941608899049,,1.0,1
10235,720575941608899305,,1.0,1
10236,720575941608899561,,1.0,1
10237,720575941608900585,,1.0,1
10238,720575941608905193,,1.0,1
10239,720575941608918249,,1.0,1
10240,720575941608926441,,1.0,1
10241,720575941608942569,,1.0,1
10242,720575941608991050,,1.0,1
10243,720575941609001034,,1.0,1
10244,720575941609006410,,1.0,1
10245,720575941609184429,,1.0,1
10246,720575941609192877,,1.0,1
10247,720575941609226157,,1.0,1
10248,720575941609260134,,1.0,1
10249,720575941609298662,,1.0,1
10250,720575941609303469,,1.0,1
10251,720575941609306797,,1.0,1
10252,720575941609335213,,1.0,1
10253,720575941609339309,,1.0,1
10254,720575941609346534,,1.0,1
10255,720575941609348525,,1.0,1
10256,720575941609348710,,1.0,1
10257,720575941609358182,,1.0,1
10258,720575941609358310,,1.0,1
10259,720575941609371053,,1.0,1
10260,720575941609380070,,1.0,1
10261,720575941609390182,,1.0,1
10262,720575941609395686,,1.0,1
10263,720575941609399782,,1.0,1
10264,720575941609400806,,1.0,1
10265,720575941609401517,,1.0,1
10266,720575941609404077,,1.0,1
10267,720575941609405869,,1.0,1
10268,720575941609407917,,1.0,1
10269,720575941609408998,,1.0,1
10270,720575941609410406,,1.0,1
10271,720575941609411245,,1.0,1
10272,720575941609413862,,1.0,1
10273,720575941609416934,,1.0,1
10274,720575941609419878,,1.0,1
10275,720575941609422822,,1.0,1
10276,720575941609426918,,1.0,1
10277,720575941609429350,,1.0,1
10278,720575941609432237,,1.0,1
10279,720575941609438438,,1.0,1
10280,720575941609446630,,1.0,1
10281,720575941609453670,,1.0,1
10282,720575941609459046,,1.0,1
10283,720575941609460141,,1.0,1
10284,720575941609469670,,1.0,1
10285,720575941609479526,,1.0,1
10286,720575941609479910,,1.0,1
10287,720575941609481062,,1.0,1
10288,720575941609482854,,1.0,1
10289,720575941609489385,,1.0,1
10290,720575941609503590,,1.0,1
10291,720575941609508710,,1.0,1
10292,720575941609520742,,1.0,1
10293,720575941609538150,,1.0,1
10294,720575941609540454,,1.0,1
10295,720575941609561190,,1.0,1
10296,720575941609567818,,1.0,1
10297,720575941609625674,,1.0,1
10298,720575941609673802,,1.0,1
10299,720575941609928038,,1.0,1
10300,720575941609964009,,1.0,1
10301,720575941609997386,,1.0,1
10302,720575941610008138,,1.0,1
10303,720575941610015306,,1.0,1
10304,720575941610018378,,1.0,1
10305,720575941610025034,,1.0,1
10306,720575941610031434,,1.0,1
10307,720575941610039981,,1.0,1
10308,720575941610042029,,1.0,1
10309,720575941610056934,,1.0,1
10310,720575941610063590,,1.0,1
10311,720575941610069066,,1.0,1
10312,720575941610069094,,1.0,1
10313,720575941610080102,,1.0,1
10314,720575941610088522,,1.0,1
10315,720575941610095849,,1.0,1
10316,720575941610099433,,1.0,1
10317,720575941610103114,,1.0,1
10318,720575941610111818,,1.0,1
10319,720575941610122058,,1.0,1
10320,720575941610129738,,1.0,1
10321,720575941610174950,,1.0,1
10322,720575941610338793,,1.0,1
10323,720575941610346985,,1.0,1
10324,720575941610351337,,1.0,1
10325,720575941610354153,,1.0,1
10326,720575941610363881,,1.0,1
10327,720575941610393065,,1.0,1
10328,720575941610408169,,1.0,1
10329,720575941610446569,,1.0,1
10330,720575941610455273,,1.0,1
10331,720575941610455785,,1.0,1
10332,720575941610471388,,1.0,1
10333,720575941610482140,,1.0,1
10334,720575941610492636,,1.0,1
10335,720575941610493404,,1.0,1
10336,720575941610512557,,1.0,1
10337,720575941610537692,,1.0,1
10338,720575941610550236,,1.0,1
10339,720575941610561756,,1.0,1
10340,720575941610566876,,1.0,1
10341,720575941610567644,,1.0,1
10342,720575941610576604,,1.0,1
10343,720575941610577628,,1.0,1
10344,720575941610583260,,1.0,1
10345,720575941610587612,,1.0,1
10346,720575941610597340,,1.0,1
10347,720575941610613212,,1.0,1
10348,720575941610613724,,1.0,1
10349,720575941610618982,,1.0,1
10350,720575941610683053,,1.0,1
10351,720575941610686054,,1.0,1
10352,720575941610767718,,1.0,1
10353,720575941610817709,,1.0,1
10354,720575941610830253,,1.0,1
10355,720575941610843565,,1.0,1
10356,720575941610871782,,1.0,1
10357,720575941610872038,,1.0,1
10358,720575941610876390,,1.0,1
10359,720575941610895277,,1.0,1
10360,720575941610909101,,1.0,1
10361,720575941610927846,,1.0,1
10362,720575941610941670,,1.0,1
10363,720575941610953446,,1.0,1
10364,720575941611006282,,1.0,1
10365,720575941611012682,,1.0,1
10366,720575941611022154,,1.0,1
10367,720575941611027530,,1.0,1
10368,720575941611038794,,1.0,1
10369,720575941611039306,,1.0,1
10370,720575941611043402,,1.0,1
10371,720575941611044938,,1.0,1
10372,720575941611054410,,1.0,1
10373,720575941611056714,,1.0,1
10374,720575941611060042,,1.0,1
10375,720575941611063370,,1.0,1
10376,720575941611065418,,1.0,1
10377,720575941611077450,,1.0,1
10378,720575941611080010,,1.0,1
10379,720575941611083338,,1.0,1
10380,720575941611089482,,1.0,1
10381,720575941611112934,,1.0,1
10382,720575941611116902,,1.0,1
10383,720575941611144266,,1.0,1
10384,720575941611153510,,1.0,1
10385,720575941611187302,,1.0,1
10386,720575941611234662,,1.0,1
10387,720575941611250396,,1.0,1
10388,720575941611258844,,1.0,1
10389,720575941611260262,,1.0,1
10390,720575941611273948,,1.0,1
10391,720575941611339753,,1.0,1
10392,720575941611342438,,1.0,1
10393,720575941611343337,,1.0,1
10394,720575941611369193,,1.0,1
10395,720575941611374313,,1.0,1
10396,720575941611375337,,1.0,1
10397,720575941611458634,,1.0,1
10398,720575941611529133,,1.0,1
10399,720575941611546899,,1.0,1
10400,720575941611552275,,1.0,1
10401,720575941611560723,,1.0,1
10402,720575941611587603,,1.0,1
10403,720575941611615507,,1.0,1
10404,720575941611623443,,1.0,1
10405,720575941611626003,,1.0,1
10406,720575941611645203,,1.0,1
10407,720575941611652371,,1.0,1
10408,720575941611655443,,1.0,1
10409,720575941611660051,,1.0,1
10410,720575941611661075,,1.0,1
10411,720575941611675411,,1.0,1
10412,720575941611685139,,1.0,1
10413,720575941611695379,,1.0,1
10414,720575941611698963,,1.0,1
10415,720575941611705619,,1.0,1
10416,720575941611712275,,1.0,1
10417,720575941611712531,,1.0,1
10418,720575941611716883,,1.0,1
10419,720575941611733350,,1.0,1
10420,720575941611815142,,1.0,1
10421,720575941611818515,,1.0,1
10422,720575941611829990,,1.0,1
10423,720575941611834854,,1.0,1
10424,720575941611837660,,1.0,1
10425,720575941611846630,,1.0,1
10426,720575941611878573,,1.0,1
10427,720575941611914669,,1.0,1
10428,720575941611918765,,1.0,1
10429,720575941611945901,,1.0,1
10430,720575941611946669,,1.0,1
10431,720575941611951789,,1.0,1
10432,720575941611957165,,1.0,1
10433,720575941611959725,,1.0,1
10434,720575941611960237,,1.0,1
10435,720575941611961517,,1.0,1
10436,720575941611963053,,1.0,1
10437,720575941611969453,,1.0,1
10438,720575941611970477,,1.0,1
10439,720575941611970989,,1.0,1
10440,720575941611977645,,1.0,1
10441,720575941611978925,,1.0,1
10442,720575941611981229,,1.0,1
10443,720575941611984813,,1.0,1
10444,720575941611988141,,1.0,1
10445,720575941611988582,,1.0,1
10446,720575941611989165,,1.0,1
10447,720575941612004710,,1.0,1
10448,720575941612009062,,1.0,1
10449,720575941612009133,,1.0,1
10450,720575941612016230,,1.0,1
10451,720575941612027238,,1.0,1
10452,720575941612040806,,1.0,1
10453,720575941612050022,,1.0,1
10454,720575941612053094,,1.0,1
10455,720575941612054374,,1.0,1
10456,720575941612060006,,1.0,1
10457,720575941612065894,,1.0,1
10458,720575941612068710,,1.0,1
10459,720575941612073574,,1.0,1
10460,720575941612076646,,1.0,1
10461,720575941612097811,,1.0,1
10462,720575941612109532,,1.0,1
10463,720575941612197734,,1.0,1
10464,720575941612203996,,1.0,1
10465,720575941612251868,,1.0,1
10466,720575941612284892,,1.0,1
10467,720575941612316435,,1.0,1
10468,720575941612317916,,1.0,1
10469,720575941612326675,,1.0,1
10470,720575941612345564,,1.0,1
10471,720575941612367789,,1.0,1
10472,720575941612374236,,1.0,1
10473,720575941612417043,,1.0,1
10474,720575941612474086,,1.0,1
10475,720575941612489369,,1.0,1
10476,720575941612500889,,1.0,1
10477,720575941612517529,,1.0,1
10478,720575941612530073,,1.0,1
10479,720575941612568985,,1.0,1
10480,720575941612574361,,1.0,1
10481,720575941612579993,,1.0,1
10482,720575941612590745,,1.0,1
10483,720575941612592025,,1.0,1
10484,720575941612595353,,1.0,1
10485,720575941612599449,,1.0,1
10486,720575941612609689,,1.0,1
10487,720575941612610457,,1.0,1
10488,720575941612617881,,1.0,1
10489,720575941612619417,,1.0,1
10490,720575941612636313,,1.0,1
10491,720575941612638054,,1.0,1
10492,720575941612643174,,1.0,1
10493,720575941612672870,,1.0,1
10494,720575941612695213,,1.0,1
10495,720575941612696934,,1.0,1
10496,720575941612790035,,1.0,1
10497,720575941612799251,,1.0,1
10498,720575941613215507,,1.0,1
10499,720575941613232659,,1.0,1
10500,720575941613233171,,1.0,1
10501,720575941613245459,,1.0,1
10502,720575941613252627,,1.0,1
10503,720575941613256211,,1.0,1
10504,720575941613257491,,1.0,1
10505,720575941613367260,,1.0,1
10506,720575941613369363,,1.0,1
10507,720575941613397267,,1.0,1
10508,720575941613406483,,1.0,1
10509,720575941613411548,,1.0,1
10510,720575941613412316,,1.0,1
10511,720575941613433308,,1.0,1
10512,720575941613433564,,1.0,1
10513,720575941613435868,,1.0,1
10514,720575941613437916,,1.0,1
10515,720575941613448668,,1.0,1
10516,720575941613455068,,1.0,1
10517,720575941613457628,,1.0,1
10518,720575941613458396,,1.0,1
10519,720575941613458652,,1.0,1
10520,720575941613461468,,1.0,1
10521,720575941613848473,,1.0,1
10522,720575941613990108,,1.0,1
10523,720575941614247443,,1.0,1
10524,720575941614254867,,1.0,1
10525,720575941614257171,,1.0,1
10526,720575941614257939,,1.0,1
10527,720575941614260755,,1.0,1
10528,720575941614264083,,1.0,1
10529,720575941614265363,,1.0,1
10530,720575941614265753,,1.0,1
10531,720575941614266899,,1.0,1
10532,720575941614268947,,1.0,1
10533,720575941614272153,,1.0,1
10534,720575941614273689,,1.0,1
10535,720575941614275481,,1.0,1
10536,720575941614280723,,1.0,1
10537,720575941614282393,,1.0,1
10538,720575941614290073,,1.0,1
10539,720575941614291987,,1.0,1
10540,720575941614296339,,1.0,1
10541,720575941614301593,,1.0,1
10542,720575941614309139,,1.0,1
10543,720575941614314003,,1.0,1
10544,720575941614314515,,1.0,1
10545,720575941614316819,,1.0,1
10546,720575941614317075,,1.0,1
10547,720575941614320025,,1.0,1
10548,720575941614323865,,1.0,1
10549,720575941614364057,,1.0,1
10550,720575941614383769,,1.0,1
10551,720575941614385817,,1.0,1
10552,720575941614478489,,1.0,1
10553,720575941614608915,,1.0,1
10554,720575941614698709,,1.0,1
10555,720575941614736341,,1.0,1
10556,720575941614737877,,1.0,1
10557,720575941614756821,,1.0,1
10558,720575941614774997,,1.0,1
10559,720575941614779605,,1.0,1
10560,720575941614794197,,1.0,1
10561,720575941614802389,,1.0,1
10562,720575941614841045,,1.0,1
10563,720575941614842069,,1.0,1
10564,720575941614846165,,1.0,1
10565,720575941614850517,,1.0,1
10566,720575941614874325,,1.0,1
10567,720575941614877397,,1.0,1
10568,720575941614878421,,1.0,1
10569,720575941614889941,,1.0,1
10570,720575941614891221,,1.0,1
10571,720575941614920917,,1.0,1
10572,720575941615250073,,1.0,1
10573,720575941615255193,,1.0,1
10574,720575941615255705,,1.0,1
10575,720575941615255961,,1.0,1
10576,720575941615262873,,1.0,1
10577,720575941615267225,,1.0,1
10578,720575941615272601,,1.0,1
10579,720575941615284889,,1.0,1
10580,720575941615292825,,1.0,1
10581,720575941615294105,,1.0,1
10582,720575941615297945,,1.0,1
10583,720575941615299481,,1.0,1
10584,720575941615300249,,1.0,1
10585,720575941615528661,,1.0,1
10586,720575941616329685,,1.0,1
10587,720575941616402133,,1.0,1
10588,720575941616403925,,1.0,1
10589,720575941616410325,,1.0,1
10590,720575941616418261,,1.0,1
10591,720575941616420053,,1.0,1
10592,720575941616430549,,1.0,1
10593,720575941616442837,,1.0,1
10594,720575941616467669,,1.0,1
10595,720575941616469461,,1.0,1
10596,720575941616497621,,1.0,1
10597,720575941616528085,,1.0,1
10598,720575941616531157,,1.0,1
10599,720575941616532437,,1.0,1
10600,720575941616539093,,1.0,1
10601,720575941616556245,,1.0,1
10602,720575941616557781,,1.0,1
10603,720575941616572629,,1.0,1
10604,720575941616577493,,1.0,1
10605,720575941616580053,,1.0,1
10606,720575941616698837,,1.0,1
10607,720575941617069695,,1.0,1
10608,720575941617078399,,1.0,1
10609,720575941617169023,,1.0,1
10610,720575941617170047,,1.0,1
10611,720575941617190527,,1.0,1
10612,720575941617206997,,1.0,1
10613,720575941617239423,,1.0,1
10614,720575941617250431,,1.0,1
10615,720575941617257343,,1.0,1
10616,720575941617266047,,1.0,1
10617,720575941617268351,,1.0,1
10618,720575941617281151,,1.0,1
10619,720575941617286271,,1.0,1
10620,720575941617289855,,1.0,1
10621,720575941617316991,,1.0,1
10622,720575941617317503,,1.0,1
10623,720575941617325695,,1.0,1
10624,720575941617470079,,1.0,1
10625,720575941617573589,,1.0,1
10626,720575941617573845,,1.0,1
10627,720575941617579477,,1.0,1
10628,720575941617586389,,1.0,1
10629,720575941617597653,,1.0,1
10630,720575941617748476,,1.0,1
10631,720575941617959893,,1.0,1
10632,720575941618373759,,1.0,1
10633,720575941618406015,,1.0,1
10634,720575941618456703,,1.0,1
10635,720575941618569343,,1.0,1
10636,720575941618822527,,1.0,1
10637,720575941618863487,,1.0,1
10638,720575941618917759,,1.0,1
10639,720575941618919551,,1.0,1
10640,720575941619071871,,1.0,1
10641,720575941619598463,,1.0,1
10642,720575941619865727,,1.0,1
10643,720575941619869823,,1.0,1
10644,720575941619873663,,1.0,1
10645,720575941619878271,,1.0,1
10646,720575941619888767,,1.0,1
10647,720575941619890047,,1.0,1
10648,720575941619899263,,1.0,1
10649,720575941619902591,,1.0,1
10650,720575941619903359,,1.0,1
10651,720575941619903615,,1.0,1
10652,720575941619905151,,1.0,1
10653,720575941619906175,,1.0,1
10654,720575941619906431,,1.0,1
10655,720575941619924863,,1.0,1
10656,720575941619926143,,1.0,1
10657,720575941619962239,,1.0,1
10658,720575941620242815,,1.0,1
10659,720575941621559548,,1.0,1
10660,720575941621616380,,1.0,1
10661,720575941621618684,,1.0,1
10662,720575941621629692,,1.0,1
10663,720575941621630716,,1.0,1
10664,720575941621634044,,1.0,1
10665,720575941621643772,,1.0,1
10666,720575941621652220,,1.0,1
10667,720575941621675516,,1.0,1
10668,720575941621685244,,1.0,1
10669,720575941621698300,,1.0,1
10670,720575941621704700,,1.0,1
10671,720575941621707516,,1.0,1
10672,720575941621725180,,1.0,1
10673,720575941621725692,,1.0,1
10674,720575941621730300,,1.0,1
10675,720575941621747964,,1.0,1
10676,720575941621760508,,1.0,1
10677,720575941621761276,,1.0,1
10678,720575941621780732,,1.0,1
10679,720575941622228732,,1.0,1
10680,720575941622232828,,1.0,1
10681,720575941622236924,,1.0,1
10682,720575941622793212,,1.0,1
10683,720575941622802428,,1.0,1
10684,720575941622999498,,1.0,1
10685,720575941623031242,,1.0,1
10686,720575941623034058,,1.0,1
10687,720575941623051978,,1.0,1
10688,720575941623060938,,1.0,1
10689,720575941623067338,,1.0,1
10690,720575941623069386,,1.0,1
10691,720575941623072970,,1.0,1
10692,720575941623097290,,1.0,1
10693,720575941623100618,,1.0,1
10694,720575941623101898,,1.0,1
10695,720575941623104458,,1.0,1
10696,720575941623108298,,1.0,1
10697,720575941623124426,,1.0,1
10698,720575941623126474,,1.0,1
10699,720575941623130314,,1.0,1
10700,720575941623134154,,1.0,1
10701,720575941623139018,,1.0,1
10702,720575941623146186,,1.0,1
10703,720575941623154634,,1.0,1
10704,720575941623219914,,1.0,1
10705,720575941623229386,,1.0,1
10706,720575941623230666,,1.0,1
10707,720575941623231740,,1.0,1
10708,720575941623284332,,1.0,1
10709,720575941623284362,,1.0,1
10710,720575941623301628,,1.0,1
10711,720575941623303323,,1.0,1
10712,720575941623307628,,1.0,1
10713,720575941623311259,,1.0,1
10714,720575941623314843,,1.0,1
10715,720575941623317659,,1.0,1
10716,720575941623320731,,1.0,1
10717,720575941623326572,,1.0,1
10718,720575941623331739,,1.0,1
10719,720575941623332507,,1.0,1
10720,720575941623338139,,1.0,1
10721,720575941623347099,,1.0,1
10722,720575941623353499,,1.0,1
10723,720575941623354267,,1.0,1
10724,720575941623356268,,1.0,1
10725,720575941623356810,,1.0,1
10726,720575941623362186,,1.0,1
10727,720575941623365996,,1.0,1
10728,720575941623369610,,1.0,1
10729,720575941623372699,,1.0,1
10730,720575941623380635,,1.0,1
10731,720575941623383195,,1.0,1
10732,720575941623385755,,1.0,1
10733,720575941623388524,,1.0,1
10734,720575941623388827,,1.0,1
10735,720575941623392108,,1.0,1
10736,720575941623398508,,1.0,1
10737,720575941623399788,,1.0,1
10738,720575941623400300,,1.0,1
10739,720575941623402860,,1.0,1
10740,720575941623407212,,1.0,1
10741,720575941623408010,,1.0,1
10742,720575941623411611,,1.0,1
10743,720575941623412844,,1.0,1
10744,720575941623434604,,1.0,1
10745,720575941623441290,,1.0,1
10746,720575941623442796,,1.0,1
10747,720575941623446154,,1.0,1
10748,720575941623455340,,1.0,1
10749,720575941623475594,,1.0,1
10750,720575941623476618,,1.0,1
10751,720575941623496586,,1.0,1
10752,720575941623524490,,1.0,1
10753,720575941623557484,,1.0,1
10754,720575941623817468,,1.0,1
10755,720575941623945980,,1.0,1
10756,720575941623967740,,1.0,1
10757,720575941623968411,,1.0,1
10758,720575941623970971,,1.0,1
10759,720575941623972251,,1.0,1
10760,720575941624090732,,1.0,1
10761,720575941624093548,,1.0,1
10762,720575941624130698,,1.0,1
10763,720575941624131068,,1.0,1
10764,720575941624133628,,1.0,1
10765,720575941624168444,,1.0,1
10766,720575941624178172,,1.0,1
10767,720575941624179708,,1.0,1
10768,720575941624187900,,1.0,1
10769,720575941624192764,,1.0,1
10770,720575941624198140,,1.0,1
10771,720575941624205564,,1.0,1
10772,720575941624207356,,1.0,1
10773,720575941624207868,,1.0,1
10774,720575941624221180,,1.0,1
10775,720575941624222460,,1.0,1
10776,720575941624229628,,1.0,1
10777,720575941624450506,,1.0,1
10778,720575941624561772,,1.0,1
10779,720575941624678538,,1.0,1
10780,720575941624764268,,1.0,1
10781,720575941624825290,,1.0,1
10782,720575941624839882,,1.0,1
10783,720575941624840091,,1.0,1
10784,720575941624840906,,1.0,1
10785,720575941624841418,,1.0,1
10786,720575941624865482,,1.0,1
10787,720575941624869019,,1.0,1
10788,720575941624877770,,1.0,1
10789,720575941624881866,,1.0,1
10790,720575941624915402,,1.0,1
10791,720575941624924315,,1.0,1
10792,720575941624975306,,1.0,1
10793,720575941624981962,,1.0,1
10794,720575941624982218,,1.0,1
10795,720575941624983242,,1.0,1
10796,720575941625028716,,1.0,1
10797,720575941625029484,,1.0,1
10798,720575941625088364,,1.0,1
10799,720575941625095067,,1.0,1
10800,720575941625121674,,1.0,1
10801,720575941625147244,,1.0,1
10802,720575941625168010,,1.0,1
10803,720575941625169802,,1.0,1
10804,720575941625175660,,1.0,1
10805,720575941625182572,,1.0,1
10806,720575941625193354,,1.0,1
10807,720575941625202796,,1.0,1
10808,720575941625232778,,1.0,1
10809,720575941625307961,,1.0,1
10810,720575941625319225,,1.0,1
10811,720575941625321866,,1.0,1
10812,720575941625322634,,1.0,1
10813,720575941625326986,,1.0,1
10814,720575941625328522,,1.0,1
10815,720575941625333561,,1.0,1
10816,720575941625340554,,1.0,1
10817,720575941625342777,,1.0,1
10818,720575941625347722,,1.0,1
10819,720575941625369401,,1.0,1
10820,720575941625372985,,1.0,1
10821,720575941625384761,,1.0,1
10822,720575941625387065,,1.0,1
10823,720575941625387321,,1.0,1
10824,720575941625389625,,1.0,1
10825,720575941625404985,,1.0,1
10826,720575941625411385,,1.0,1
10827,720575941625430329,,1.0,1
10828,720575941625708187,,1.0,1
10829,720575941625868746,,1.0,1
10830,720575941625871562,,1.0,1
10831,720575941625877962,,1.0,1
10832,720575941625878730,,1.0,1
10833,720575941625881482,,1.0,1
10834,720575941625884362,,1.0,1
10835,720575941625885386,,1.0,1
10836,720575941625889418,,1.0,1
10837,720575941625896091,,1.0,1
10838,720575941625907769,,1.0,1
10839,720575941625916362,,1.0,1
10840,720575941625932682,,1.0,1
10841,720575941625940891,,1.0,1
10842,720575941625941147,,1.0,1
10843,720575941625942427,,1.0,1
10844,720575941625957019,,1.0,1
10845,720575941625958299,,1.0,1
10846,720575941625962139,,1.0,1
10847,720575941625963419,,1.0,1
10848,720575941625968539,,1.0,1
10849,720575941626033516,,1.0,1
10850,720575941626040428,,1.0,1
10851,720575941626041196,,1.0,1
10852,720575941626043244,,1.0,1
10853,720575941626053740,,1.0,1
10854,720575941626059628,,1.0,1
10855,720575941626062956,,1.0,1
10856,720575941626065772,,1.0,1
10857,720575941626158794,,1.0,1
10858,720575941626196618,,1.0,1
10859,720575941626223242,,1.0,1
10860,720575941626225802,,1.0,1
10861,720575941626235530,,1.0,1
10862,720575941626237322,,1.0,1
10863,720575941626241418,,1.0,1
10864,720575941626243978,,1.0,1
10865,720575941626254986,,1.0,1
10866,720575941626260874,,1.0,1
10867,720575941626264202,,1.0,1
10868,720575941626267786,,1.0,1
10869,720575941626271626,,1.0,1
10870,720575941626275466,,1.0,1
10871,720575941626280330,,1.0,1
10872,720575941626281866,,1.0,1
10873,720575941626286474,,1.0,1
10874,720575941626287242,,1.0,1
10875,720575941626476652,,1.0,1
10876,720575941626611513,,1.0,1
10877,720575941626624569,,1.0,1
10878,720575941626692646,,1.0,1
10879,720575941626734630,,1.0,1
10880,720575941626753318,,1.0,1
10881,720575941626759532,,1.0,1
10882,720575941626772006,,1.0,1
10883,720575941626775334,,1.0,1
10884,720575941626801190,,1.0,1
10885,720575941626855462,,1.0,1
10886,720575941626858278,,1.0,1
10887,720575941626863654,,1.0,1
10888,720575941626897958,,1.0,1
10889,720575941626898726,,1.0,1
10890,720575941626911882,,1.0,1
10891,720575941626932774,,1.0,1
10892,720575941626940710,,1.0,1
10893,720575941626940966,,1.0,1
10894,720575941626945830,,1.0,1
10895,720575941626946342,,1.0,1
10896,720575941626973990,,1.0,1
10897,720575941626975782,,1.0,1
10898,720575941626990118,,1.0,1
10899,720575941626991910,,1.0,1
10900,720575941627008806,,1.0,1
10901,720575941627020582,,1.0,1
10902,720575941627032358,,1.0,1
10903,720575941627053350,,1.0,1
10904,720575941627095353,,1.0,1
10905,720575941627125817,,1.0,1
10906,720575941627163449,,1.0,1
10907,720575941627611174,,1.0,1
10908,720575941627612710,,1.0,1
10909,720575941627640889,,1.0,1
10910,720575941627735846,,1.0,1
10911,720575941627754041,,1.0,1
10912,720575941627973433,,1.0,1
10913,720575941627983161,,1.0,1
10914,720575941627984697,,1.0,1
10915,720575941627995705,,1.0,1
10916,720575941627997753,,1.0,1
10917,720575941627999033,,1.0,1
10918,720575941628010553,,1.0,1
10919,720575941628185894,,1.0,1
10920,720575941628190502,,1.0,1
10921,720575941628237350,,1.0,1
10922,720575941628282918,,1.0,1
10923,720575941628376290,,1.0,1
10924,720575941628378338,,1.0,1
10925,720575941628388153,,1.0,1
10926,720575941628426978,,1.0,1
10927,720575941628442082,,1.0,1
10928,720575941628471010,,1.0,1
10929,720575941628483042,,1.0,1
10930,720575941628501218,,1.0,1
10931,720575941628578086,,1.0,1
10932,720575941628583206,,1.0,1
10933,720575941628587490,,1.0,1
10934,720575941628591330,,1.0,1
10935,720575941628592866,,1.0,1
10936,720575941628601058,,1.0,1
10937,720575941628602594,,1.0,1
10938,720575941628603942,,1.0,1
10939,720575941628604386,,1.0,1
10940,720575941628607202,,1.0,1
10941,720575941628617186,,1.0,1
10942,720575941628620582,,1.0,1
10943,720575941628622118,,1.0,1
10944,720575941628624166,,1.0,1
10945,720575941628626146,,1.0,1
10946,720575941628629218,,1.0,1
10947,720575941628630054,,1.0,1
10948,720575941628642274,,1.0,1
10949,720575941628645346,,1.0,1
10950,720575941628647138,,1.0,1
10951,720575941628692706,,1.0,1
10952,720575941628697570,,1.0,1
10953,720575941628707042,,1.0,1
10954,720575941628730150,,1.0,1
10955,720575941629110310,,1.0,1
10956,720575941629128674,,1.0,1
10957,720575941629131490,,1.0,1
10958,720575941629301740,,1.0,1
10959,720575941629304812,,1.0,1
10960,720575941629314540,,1.0,1
10961,720575941629322988,,1.0,1
10962,720575941629325292,,1.0,1
10963,720575941629338860,,1.0,1
10964,720575941629348844,,1.0,1
10965,720575941629353196,,1.0,1
10966,720575941629354220,,1.0,1
10967,720575941629354476,,1.0,1
10968,720575941629358316,,1.0,1
10969,720575941629370604,,1.0,1
10970,720575941629371116,,1.0,1
10971,720575941629378028,,1.0,1
10972,720575941629389804,,1.0,1
10973,720575941629395948,,1.0,1
10974,720575941629396716,,1.0,1
10975,720575941629405164,,1.0,1
10976,720575941629413356,,1.0,1
10977,720575941629416428,,1.0,1
10978,720575941629416684,,1.0,1
10979,720575941629419756,,1.0,1
10980,720575941629421292,,1.0,1
10981,720575941629422572,,1.0,1
10982,720575941629425132,,1.0,1
10983,720575941629428460,,1.0,1
10984,720575941629446892,,1.0,1
10985,720575941629492460,,1.0,1
10986,720575941629647654,,1.0,1
10987,720575941629706790,,1.0,1
10988,720575941629713958,,1.0,1
10989,720575941629715170,,1.0,1
10990,720575941629721894,,1.0,1
10991,720575941629727270,,1.0,1
10992,720575941629729062,,1.0,1
10993,720575941629731110,,1.0,1
10994,720575941629771234,,1.0,1
10995,720575941629775586,,1.0,1
10996,720575941629935654,,1.0,1
10997,720575941629967852,,1.0,1
10998,720575941629970156,,1.0,1
10999,720575941630003426,,1.0,1
11000,720575941630010338,,1.0,1
11001,720575941630017506,,1.0,1
11002,720575941630017762,,1.0,1
11003,720575941630020646,,1.0,1
11004,720575941630026210,,1.0,1
11005,720575941630066402,,1.0,1
11006,720575941630111941,,1.0,1
11007,720575941630128069,,1.0,1
11008,720575941630131909,,1.0,1
11009,720575941630133798,,1.0,1
11010,720575941630149346,,1.0,1
11011,720575941630174917,,1.0,1
11012,720575941630175685,,1.0,1
11013,720575941630180805,,1.0,1
11014,720575941630254021,,1.0,1
11015,720575941630289093,,1.0,1
11016,720575941630292933,,1.0,1
11017,720575941630296517,,1.0,1
11018,720575941630301125,,1.0,1
11019,720575941630302405,,1.0,1
11020,720575941630319045,,1.0,1
11021,720575941630326213,,1.0,1
11022,720575941630330309,,1.0,1
11023,720575941630514080,,1.0,1
11024,720575941630549920,,1.0,1
11025,720575941630556320,,1.0,1
11026,720575941630577056,,1.0,1
11027,720575941630605472,,1.0,1
11028,720575941630615712,,1.0,1
11029,720575941630622624,,1.0,1
11030,720575941630658018,,1.0,1
11031,720575941630661536,,1.0,1
11032,720575941630677152,,1.0,1
11033,720575941630684832,,1.0,1
11034,720575941630715362,,1.0,1
11035,720575941630748859,,1.0,1
11036,720575941630809531,,1.0,1
11037,720575941630812091,,1.0,1
11038,720575941630828987,,1.0,1
11039,720575941630831008,,1.0,1
11040,720575941630894523,,1.0,1
11041,720575941630911419,,1.0,1
11042,720575941630933947,,1.0,1
11043,720575941630936251,,1.0,1
11044,720575941630945733,,1.0,1
11045,720575941630950331,,1.0,1
11046,720575941630953403,,1.0,1
11047,720575941630953659,,1.0,1
11048,720575941630959035,,1.0,1
11049,720575941630959803,,1.0,1
11050,720575941630964962,,1.0,1
11051,720575941630972140,,1.0,1
11052,720575941630973883,,1.0,1
11053,720575941630974651,,1.0,1
11054,720575941630984418,,1.0,1
11055,720575941630984674,,1.0,1
11056,720575941630987963,,1.0,1
11057,720575941630989794,,1.0,1
11058,720575941630991074,,1.0,1
11059,720575941630997474,,1.0,1
11060,720575941630999010,,1.0,1
11061,720575941631001836,,1.0,1
11062,720575941631004908,,1.0,1
11063,720575941631005666,,1.0,1
11064,720575941631010491,,1.0,1
11065,720575941631017698,,1.0,1
11066,720575941631066348,,1.0,1
11067,720575941631082988,,1.0,1
11068,720575941631137506,,1.0,1
11069,720575941631157408,,1.0,1
11070,720575941631291845,,1.0,1
11071,720575941631436524,,1.0,1
11072,720575941631436780,,1.0,1
11073,720575941631437036,,1.0,1
11074,720575941631581154,,1.0,1
11075,720575941631664610,,1.0,1
11076,720575941631665122,,1.0,1
11077,720575941631665634,,1.0,1
11078,720575941631676642,,1.0,1
11079,720575941631677932,,1.0,1
11080,720575941631683042,,1.0,1
11081,720575941631695340,,1.0,1
11082,720575941631706053,,1.0,1
11083,720575941631750597,,1.0,1
11084,720575941631828165,,1.0,1
11085,720575941631829701,,1.0,1
11086,720575941631830469,,1.0,1
11087,720575941631834053,,1.0,1
11088,720575941631841477,,1.0,1
11089,720575941631859397,,1.0,1
11090,720575941631875525,,1.0,1
11091,720575941631876037,,1.0,1
11092,720575941631971525,,1.0,1
11093,720575941631975621,,1.0,1
11094,720575941632010988,,1.0,1
11095,720575941632012485,,1.0,1
11096,720575941632014060,,1.0,1
11097,720575941632020204,,1.0,1
11098,720575941632025580,,1.0,1
11099,720575941632036076,,1.0,1
11100,720575941632044524,,1.0,1
11101,720575941632048108,,1.0,1
11102,720575941632049132,,1.0,1
11103,720575941632058784,,1.0,1
11104,720575941632063904,,1.0,1
11105,720575941632068256,,1.0,1
11106,720575941632088992,,1.0,1
11107,720575941632126661,,1.0,1
11108,720575941632145312,,1.0,1
11109,720575941632150176,,1.0,1
11110,720575941632317627,,1.0,1
11111,720575941632339131,,1.0,1
11112,720575941632561339,,1.0,1
11113,720575941632571579,,1.0,1
11114,720575941632572347,,1.0,1
11115,720575941632578491,,1.0,1
11116,720575941632582075,,1.0,1
11117,720575941632582331,,1.0,1
11118,720575941632614587,,1.0,1
11119,720575941632671980,,1.0,1
11120,720575941632675771,,1.0,1
11121,720575941632684731,,1.0,1
11122,720575941632695739,,1.0,1
11123,720575941632714427,,1.0,1
11124,720575941632764064,,1.0,1
11125,720575941632825760,,1.0,1
11126,720575941632862917,,1.0,1
11127,720575941632873669,,1.0,1
11128,720575941632874437,,1.0,1
11129,720575941632890053,,1.0,1
11130,720575941632890821,,1.0,1
11131,720575941632892613,,1.0,1
11132,720575941632895173,,1.0,1
11133,720575941632895685,,1.0,1
11134,720575941632896453,,1.0,1
11135,720575941632897477,,1.0,1
11136,720575941632897733,,1.0,1
11137,720575941632901829,,1.0,1
11138,720575941632918213,,1.0,1
11139,720575941633034912,,1.0,1
11140,720575941633054368,,1.0,1
11141,720575941633067424,,1.0,1
11142,720575941633071008,,1.0,1
11143,720575941633087648,,1.0,1
11144,720575941633088928,,1.0,1
11145,720575941633092512,,1.0,1
11146,720575941633104544,,1.0,1
11147,720575941633105824,,1.0,1
11148,720575941633107104,,1.0,1
11149,720575941633108640,,1.0,1
11150,720575941633195205,,1.0,1
11151,720575941633493691,,1.0,1
11152,720575941633520315,,1.0,1
11153,720575941633535675,,1.0,1
11154,720575941633537979,,1.0,1
11155,720575941633542075,,1.0,1
11156,720575941633542587,,1.0,1
11157,720575941633556155,,1.0,1
11158,720575941633557179,,1.0,1
11159,720575941633557947,,1.0,1
11160,720575941633562043,,1.0,1
11161,720575941633562811,,1.0,1
11162,720575941633566395,,1.0,1
11163,720575941633567419,,1.0,1
11164,720575941633569467,,1.0,1
11165,720575941633569979,,1.0,1
11166,720575941633570235,,1.0,1
11167,720575941633571259,,1.0,1
11168,720575941633586363,,1.0,1
11169,720575941633590715,,1.0,1
11170,720575941633610427,,1.0,1
11171,720575941633618885,,1.0,1
11172,720575941633660832,,1.0,1
11173,720575941636263285,,1.0,1
11174,720575941636281205,,1.0,1
11175,720575941636363637,,1.0,1
11176,720575941636364917,,1.0,1
11177,720575941636372085,,1.0,1
11178,720575941636401013,,1.0,1
11179,720575941636471413,,1.0,1
11180,720575941636474229,,1.0,1
11181,720575941636488565,,1.0,1
11182,720575941636491893,,1.0,1
11183,720575941636500341,,1.0,1
11184,720575941636525685,,1.0,1
11185,720575941637721205,,1.0,1
11186,720575941637780255,,1.0,1
11187,720575941637795957,,1.0,1
11188,720575941637800565,,1.0,1
11189,720575941637812085,,1.0,1
11190,720575941637812511,,1.0,1
11191,720575941637873439,,1.0,1
11192,720575941637874975,,1.0,1
11193,720575941637882143,,1.0,1
11194,720575941637914911,,1.0,1
11195,720575941637927711,,1.0,1
11196,720575941637950239,,1.0,1
11197,720575941637954591,,1.0,1
11198,720575941637957407,,1.0,1
11199,720575941637979423,,1.0,1
11200,720575941638054943,,1.0,1
11201,720575941638172533,,1.0,1
11202,720575941638178421,,1.0,1
11203,720575941638189173,,1.0,1
11204,720575941638223989,,1.0,1
11205,720575941638230901,,1.0,1
11206,720575941638266229,,1.0,1
11207,720575941638307957,,1.0,1
11208,720575941638321269,,1.0,1
11209,720575941638323061,,1.0,1
11210,720575941638329461,,1.0,1
11211,720575941638329973,,1.0,1
11212,720575941638343797,,1.0,1
11213,720575941638346357,,1.0,1
11214,720575941638347125,,1.0,1
11215,720575941638360181,,1.0,1
11216,720575941638366837,,1.0,1
11217,720575941638367605,,1.0,1
11218,720575941638551327,,1.0,1
11219,720575941638556703,,1.0,1
11220,720575941638680437,,1.0,1
11221,720575941639039519,,1.0,1
11222,720575941639286303,,1.0,1
11223,720575941639294581,,1.0,1
11224,720575941639303285,,1.0,1
11225,720575941639326837,,1.0,1
11226,720575941639327605,,1.0,1
11227,720575941639329397,,1.0,1
11228,720575941639332981,,1.0,1
11229,720575941639340405,,1.0,1
11230,720575941639341173,,1.0,1
11231,720575941639347829,,1.0,1
11232,720575941639348341,,1.0,1
11233,720575941639350389,,1.0,1
11234,720575941639358837,,1.0,1
11235,720575941639365749,,1.0,1
11236,720575941639371125,,1.0,1
11237,720575941639376245,,1.0,1
11238,720575941639451167,,1.0,1
11239,720575941639451935,,1.0,1
11240,720575941639469343,,1.0,1
11241,720575941639478303,,1.0,1
11242,720575941639492383,,1.0,1
11243,720575941639651957,,1.0,1
11244,720575941639889781,,1.0,1
11245,720575941640119839,,1.0,1
11246,720575941640145439,,1.0,1
11247,720575941640422175,,1.0,1
11248,720575941640424223,,1.0,1
11249,720575941640435999,,1.0,1
11250,720575941640440607,,1.0,1
11251,720575941640443935,,1.0,1
11252,720575941640448799,,1.0,1
11253,720575941640451359,,1.0,1
11254,720575941640466463,,1.0,1
11255,720575941640765029,,1.0,1
11256,720575941640866661,,1.0,1
11257,720575941640877157,,1.0,1
11258,720575941640887909,,1.0,1
11259,720575941640891493,,1.0,1
11260,720575941640892517,,1.0,1
11261,720575941640895589,,1.0,1
11262,720575941640899173,,1.0,1
11263,720575941640900453,,1.0,1
11264,720575941640900965,,1.0,1
11265,720575941640909157,,1.0,1
11266,720575941640923237,,1.0,1
11267,720575941640957029,,1.0,1
11268,720575941640982629,,1.0,1
11269,720575941641423442,,1.0,1
11270,720575941641473874,,1.0,1
11271,720575941641492818,,1.0,1
11272,720575941641494866,,1.0,1
11273,720575941641506386,,1.0,1
11274,720575941641522514,,1.0,1
11275,720575941641534565,,1.0,1
11276,720575941641539941,,1.0,1
11277,720575941641545554,,1.0,1
11278,720575941641548626,,1.0,1
11279,720575941641549394,,1.0,1
11280,720575941641574994,,1.0,1
11281,720575941641581650,,1.0,1
11282,720575941641971794,,1.0,1
11283,720575941642157650,,1.0,1
11284,720575941642158418,,1.0,1
11285,720575941642158930,,1.0,1
11286,720575941642159186,,1.0,1
11287,720575941642160466,,1.0,1
11288,720575941642161746,,1.0,1
11289,720575941642166354,,1.0,1
11290,720575941642221176,,1.0,1
11291,720575941642229112,,1.0,1
11292,720575941642249592,,1.0,1
11293,720575941642302840,,1.0,1
11294,720575941642305656,,1.0,1
11295,720575941642332536,,1.0,1
11296,720575941642336120,,1.0,1
11297,720575941642353784,,1.0,1
11298,720575941642365816,,1.0,1
11299,720575941642367864,,1.0,1
11300,720575941642368712,,1.0,1
11301,720575941642369656,,1.0,1
11302,720575941642369912,,1.0,1
11303,720575941642370424,,1.0,1
11304,720575941642371704,,1.0,1
11305,720575941642372040,,1.0,1
11306,720575941642396792,,1.0,1
11307,720575941642406776,,1.0,1
11308,720575941642411877,,1.0,1
11309,720575941642416485,,1.0,1
11310,720575941642425189,,1.0,1
11311,720575941642429029,,1.0,1
11312,720575941642429640,,1.0,1
11313,720575941642434504,,1.0,1
11314,720575941642442085,,1.0,1
11315,720575941642442913,,1.0,1
11316,720575941642445925,,1.0,1
11317,720575941642447521,,1.0,1
11318,720575941642447973,,1.0,1
11319,720575941642454885,,1.0,1
11320,720575941642464613,,1.0,1
11321,720575941642470264,,1.0,1
11322,720575941642472865,,1.0,1
11323,720575941642474952,,1.0,1
11324,720575941642476961,,1.0,1
11325,720575941642478241,,1.0,1
11326,720575941642487752,,1.0,1
11327,720575941642488993,,1.0,1
11328,720575941642499429,,1.0,1
11329,720575941642500296,,1.0,1
11330,720575941642506952,,1.0,1
11331,720575941642516385,,1.0,1
11332,720575941642528417,,1.0,1
11333,720575941642536609,,1.0,1
11334,720575941642542241,,1.0,1
11335,720575941642544584,,1.0,1
11336,720575941642545825,,1.0,1
11337,720575941642554273,,1.0,1
11338,720575941642558881,,1.0,1
11339,720575941642560161,,1.0,1
11340,720575941642567841,,1.0,1
11341,720575941642568353,,1.0,1
11342,720575941642569633,,1.0,1
11343,720575941642573000,,1.0,1
11344,720575941642597064,,1.0,1
11345,720575941642597970,,1.0,1
11346,720575941642605000,,1.0,1
11347,720575941642606241,,1.0,1
11348,720575941642608072,,1.0,1
11349,720575941642623137,,1.0,1
11350,720575941642624968,,1.0,1
11351,720575941642625697,,1.0,1
11352,720575941642625953,,1.0,1
11353,720575941642632648,,1.0,1
11354,720575941642634440,,1.0,1
11355,720575941642634696,,1.0,1
11356,720575941642638792,,1.0,1
11357,720575941642639560,,1.0,1
11358,720575941642641825,,1.0,1
11359,720575941642650056,,1.0,1
11360,720575941642659272,,1.0,1
11361,720575941642664865,,1.0,1
11362,720575941642671265,,1.0,1
11363,720575941642681761,,1.0,1
11364,720575941642688200,,1.0,1
11365,720575941642700488,,1.0,1
11366,720575941642832504,,1.0,1
11367,720575941642854245,,1.0,1
11368,720575941642854501,,1.0,1
11369,720575941642936696,,1.0,1
11370,720575941642956664,,1.0,1
11371,720575941642997586,,1.0,1
11372,720575941643002962,,1.0,1
11373,720575941643005778,,1.0,1
11374,720575941643014994,,1.0,1
11375,720575941643053394,,1.0,1
11376,720575941643086162,,1.0,1
11377,720575941643098706,,1.0,1
11378,720575941643197601,,1.0,1
11379,720575941643200673,,1.0,1
11380,720575941643247560,,1.0,1
11381,720575941643390408,,1.0,1
11382,720575941643427429,,1.0,1
11383,720575941643429221,,1.0,1
11384,720575941643430501,,1.0,1
11385,720575941643446117,,1.0,1
11386,720575941643446629,,1.0,1
11387,720575941643465080,,1.0,1
11388,720575941643468133,,1.0,1
11389,720575941643468645,,1.0,1
11390,720575941643469413,,1.0,1
11391,720575941643474277,,1.0,1
11392,720575941643474789,,1.0,1
11393,720575941643778248,,1.0,1
11394,720575941643791224,,1.0,1
11395,720575941643902072,,1.0,1
11396,720575941643958904,,1.0,1
11397,720575941643977848,,1.0,1
11398,720575941644023160,,1.0,1
11399,720575941644060242,,1.0,1
11400,720575941644069970,,1.0,1
11401,720575941644070226,,1.0,1
11402,720575941644079698,,1.0,1
11403,720575941644081490,,1.0,1
11404,720575941644083026,,1.0,1
11405,720575941644085330,,1.0,1
11406,720575941644090273,,1.0,1
11407,720575941644093266,,1.0,1
11408,720575941644094625,,1.0,1
11409,720575941644107425,,1.0,1
11410,720575941644119201,,1.0,1
11411,720575941644129953,,1.0,1
11412,720575941644131489,,1.0,1
11413,720575941644138401,,1.0,1
11414,720575941644166049,,1.0,1
11415,720575941644177569,,1.0,1
11416,720575941644193992,,1.0,1
11417,720575941644216008,,1.0,1
11418,720575941644226248,,1.0,1
11419,720575941644226760,,1.0,1
11420,720575941644234696,,1.0,1
11421,720575941644235208,,1.0,1
11422,720575941644254625,,1.0,1
11423,720575941644284360,,1.0,1
11424,720575941644288456,,1.0,1
11425,720575941644299464,,1.0,1
11426,720575941644324296,,1.0,1
11427,720575941644347848,,1.0,1
11428,720575941644353656,,1.0,1
11429,720575941644392786,,1.0,1
11430,720575941644491640,,1.0,1
11431,720575941644772178,,1.0,1
11432,720575941644774305,,1.0,1
11433,720575941644797266,,1.0,1
11434,720575941644889208,,1.0,1
11435,720575941644890232,,1.0,1
11436,720575941644894328,,1.0,1
11437,720575941644897144,,1.0,1
11438,720575941644897912,,1.0,1
11439,720575941644899192,,1.0,1
11440,720575941644900472,,1.0,1
11441,720575941644907384,,1.0,1
11442,720575941644908408,,1.0,1
11443,720575941644912504,,1.0,1
11444,720575941644939976,,1.0,1
11445,720575941645048993,,1.0,1
11446,720575941645055393,,1.0,1
11447,720575941645063329,,1.0,1
11448,720575941645073057,,1.0,1
11449,720575941645076385,,1.0,1
11450,720575941645086625,,1.0,1
11451,720575941645090209,,1.0,1
11452,720575941645092769,,1.0,1
11453,720575941645093281,,1.0,1
11454,720575941645095585,,1.0,1
11455,720575941645096865,,1.0,1
11456,720575941645098401,,1.0,1
11457,720575941645099425,,1.0,1
11458,720575941645100664,,1.0,1
11459,720575941645114273,,1.0,1
11460,720575941645114785,,1.0,1
11461,720575941645147848,,1.0,1
11462,720575941645207496,,1.0,1
11463,720575941645236936,,1.0,1
11464,720575941645238728,,1.0,1
11465,720575941645242312,,1.0,1
11466,720575941645255880,,1.0,1
11467,720575941645259464,,1.0,1
11468,720575941645261000,,1.0,1
11469,720575941645261768,,1.0,1
11470,720575941645263816,,1.0,1
11471,720575941645265784,,1.0,1
11472,720575941645269704,,1.0,1
11473,720575941645277384,,1.0,1
11474,720575941645283784,,1.0,1
11475,720575941645310152,,1.0,1
11476,720575941645315528,,1.0,1
11477,720575941645317832,,1.0,1
11478,720575941645321672,,1.0,1
11479,720575941645322440,,1.0,1
11480,720575941645326280,,1.0,1
11481,720575941645353336,,1.0,1
11482,720575941645792968,,1.0,1
11483,720575941649131285,,1.0,1
11484,720575941649136661,,1.0,1
11485,720575941649159189,,1.0,1
11486,720575941649191189,,1.0,1
11487,720575941649201685,,1.0,1
11488,720575941649209365,,1.0,1
11489,720575941649214997,,1.0,1
11490,720575941649232405,,1.0,1
11491,720575941649233173,,1.0,1
11492,720575941649242133,,1.0,1
11493,720575941649244437,,1.0,1
11494,720575941649244949,,1.0,1
11495,720575941649246741,,1.0,1
11496,720575941649267733,,1.0,1
11497,720575941649726705,,1.0,1
11498,720575941649738993,,1.0,1
11499,720575941649741809,,1.0,1
11500,720575941649760241,,1.0,1
11501,720575941649801457,,1.0,1
11502,720575941649830641,,1.0,1
11503,720575941649854705,,1.0,1
11504,720575941649855985,,1.0,1
11505,720575941649856497,,1.0,1
11506,720575941649866261,,1.0,1
11507,720575941649882389,,1.0,1
11508,720575941649885937,,1.0,1
11509,720575941649894897,,1.0,1
11510,720575941649926129,,1.0,1
11511,720575941649928177,,1.0,1
11512,720575941649938417,,1.0,1
11513,720575941649966577,,1.0,1
11514,720575941650403861,,1.0,1
11515,720575941650449941,,1.0,1
11516,720575941650578193,,1.0,1
11517,720575941650593553,,1.0,1
11518,720575941650601745,,1.0,1
11519,720575941650613233,,1.0,1
11520,720575941650638609,,1.0,1
11521,720575941650640913,,1.0,1
11522,720575941650693905,,1.0,1
11523,720575941650696977,,1.0,1
11524,720575941650706449,,1.0,1
11525,720575941650729233,,1.0,1
11526,720575941650731025,,1.0,1
11527,720575941650742289,,1.0,1
11528,720575941650747669,,1.0,1
11529,720575941650749201,,1.0,1
11530,720575941650753297,,1.0,1
11531,720575941650755601,,1.0,1
11532,720575941650775313,,1.0,1
11533,720575941650783249,,1.0,1
11534,720575941650798609,,1.0,1
11535,720575941650799377,,1.0,1
11536,720575941650802449,,1.0,1
11537,720575941650806033,,1.0,1
11538,720575941650820629,,1.0,1
11539,720575941650821141,,1.0,1
11540,720575941650822161,,1.0,1
11541,720575941650844437,,1.0,1
11542,720575941650848529,,1.0,1
11543,720575941650904085,,1.0,1
11544,720575941651035633,,1.0,1
11545,720575941651217393,,1.0,1
11546,720575941651402993,,1.0,1
11547,720575941651500561,,1.0,1
11548,720575941651507217,,1.0,1
11549,720575941651523825,,1.0,1
11550,720575941651527409,,1.0,1
11551,720575941651536113,,1.0,1
11552,720575941651554033,,1.0,1
11553,720575941651596561,,1.0,1
11554,720575941651598321,,1.0,1
11555,720575941651598577,,1.0,1
11556,720575941651618545,,1.0,1
11557,720575941651625457,,1.0,1
11558,720575941651642645,,1.0,1
11559,720575941651649009,,1.0,1
11560,720575941651777777,,1.0,1
11561,720575941651811093,,1.0,1
11562,720575941651824405,,1.0,1
11563,720575941651826709,,1.0,1
11564,720575941651840789,,1.0,1
11565,720575941651847189,,1.0,1
11566,720575941651848725,,1.0,1
11567,720575941651851797,,1.0,1
11568,720575941651861269,,1.0,1
11569,720575941651864085,,1.0,1
11570,720575941651867669,,1.0,1
11571,720575941652030481,,1.0,1
11572,720575941652034521,,1.0,1
11573,720575941652038421,,1.0,1
11574,720575941652059353,,1.0,1
11575,720575941652151569,,1.0,1
11576,720575941652162833,,1.0,1
11577,720575941652174297,,1.0,1
11578,720575941652194777,,1.0,1
11579,720575941652200921,,1.0,1
11580,720575941652216597,,1.0,1
11581,720575941652225497,,1.0,1
11582,720575941652252889,,1.0,1
11583,720575941652253169,,1.0,1
11584,720575941652254425,,1.0,1
11585,720575941652311513,,1.0,1
11586,720575941652315865,,1.0,1
11587,720575941652323289,,1.0,1
11588,720575941652324825,,1.0,1
11589,720575941652326361,,1.0,1
11590,720575941652506353,,1.0,1
11591,720575941652511473,,1.0,1
11592,720575941652516113,,1.0,1
11593,720575941652537361,,1.0,1
11594,720575941652542961,,1.0,1
11595,720575941652545521,,1.0,1
11596,720575941652546033,,1.0,1
11597,720575941652558577,,1.0,1
11598,720575941652566769,,1.0,1
11599,720575941652567793,,1.0,1
11600,720575941652569585,,1.0,1
11601,720575941652574193,,1.0,1
11602,720575941652590609,,1.0,1
11603,720575941652626193,,1.0,1
11604,720575941652640273,,1.0,1
11605,720575941652647185,,1.0,1
11606,720575941652652561,,1.0,1
11607,720575941652675345,,1.0,1
11608,720575941652733681,,1.0,1
11609,720575941652738516,,1.0,1
11610,720575941652746196,,1.0,1
11611,720575941652751572,,1.0,1
11612,720575941652771540,,1.0,1
11613,720575941652774100,,1.0,1
11614,720575941652781524,,1.0,1
11615,720575941652789204,,1.0,1
11616,720575941652795092,,1.0,1
11617,720575941652830481,,1.0,1
11618,720575941652841940,,1.0,1
11619,720575941652850900,,1.0,1
11620,720575941652863956,,1.0,1
11621,720575941652872404,,1.0,1
11622,720575941652877012,,1.0,1
11623,720575941652880084,,1.0,1
11624,720575941652885972,,1.0,1
11625,720575941652888276,,1.0,1
11626,720575941652894169,,1.0,1
11627,720575941652897236,,1.0,1
11628,720575941652900564,,1.0,1
11629,720575941652912340,,1.0,1
11630,720575941652915924,,1.0,1
11631,720575941652995033,,1.0,1
11632,720575941653191153,,1.0,1
11633,720575941653220881,,1.0,1
11634,720575941653228049,,1.0,1
11635,720575941653472785,,1.0,1
11636,720575941653507801,,1.0,1
11637,720575941653521169,,1.0,1
11638,720575941653542673,,1.0,1
11639,720575941653562385,,1.0,1
11640,720575941653563153,,1.0,1
11641,720575941653565201,,1.0,1
11642,720575941653577745,,1.0,1
11643,720575941653578769,,1.0,1
11644,720575941653904657,,1.0,1
11645,720575941653910489,,1.0,1
11646,720575941653928465,,1.0,1
11647,720575941653961689,,1.0,1
11648,720575941653990361,,1.0,1
11649,720575941653995481,,1.0,1
11650,720575941653997780,,1.0,1
11651,720575941654036185,,1.0,1
11652,720575941654054105,,1.0,1
11653,720575941654083284,,1.0,1
11654,720575941654248721,,1.0,1
11655,720575941654362836,,1.0,1
11656,720575941654367444,,1.0,1
11657,720575941654374100,,1.0,1
11658,720575941654384596,,1.0,1
11659,720575941654397140,,1.0,1
11660,720575941654407636,,1.0,1
11661,720575941654408404,,1.0,1
11662,720575941654539732,,1.0,1
11663,720575941654541780,,1.0,1
11664,720575941654572761,,1.0,1
11665,720575941654585044,,1.0,1
11666,720575941654592985,,1.0,1
11667,720575941654938585,,1.0,1
11668,720575941654939865,,1.0,1
11669,720575941654951385,,1.0,1
11670,720575941654951897,,1.0,1
11671,720575941654960601,,1.0,1
11672,720575941654964697,,1.0,1
11673,720575941654967257,,1.0,1
11674,720575941654976985,,1.0,1
11675,720575941654978777,,1.0,1
11676,720575941654985945,,1.0,1
11677,720575941654986201,,1.0,1
11678,720575941654986969,,1.0,1
11679,720575941654987225,,1.0,1
11680,720575941654989017,,1.0,1
11681,720575941654993625,,1.0,1
11682,720575941654995673,,1.0,1
11683,720575941655255513,,1.0,1
11684,720575941655469012,,1.0,1
11685,720575941655469780,,1.0,1
11686,720575941655470036,,1.0,1
11687,720575941655476692,,1.0,1
11688,720575941655477716,,1.0,1
11689,720575941655495124,,1.0,1
11690,720575941655496148,,1.0,1
11691,720575941655503828,,1.0,1
11692,720575941655506644,,1.0,1
11693,720575941655508436,,1.0,1
11694,720575941655512020,,1.0,1
11695,720575941655519444,,1.0,1
11696,720575941655526868,,1.0,1
11697,720575941655530964,,1.0,1
11698,720575941655800088,,1.0,1
11699,720575941655807188,,1.0,1
11700,720575941655819476,,1.0,1
11701,720575941655827480,,1.0,1
11702,720575941655827736,,1.0,1
11703,720575941655831576,,1.0,1
11704,720575941655844888,,1.0,1
11705,720575941655856152,,1.0,1
11706,720575941655858968,,1.0,1
11707,720575941655860504,,1.0,1
11708,720575941655864088,,1.0,1
11709,720575941655866392,,1.0,1
11710,720575941655866648,,1.0,1
11711,720575941655868440,,1.0,1
11712,720575941655868696,,1.0,1
11713,720575941655874328,,1.0,1
11714,720575941655876632,,1.0,1
11715,720575941655877400,,1.0,1
11716,720575941655880728,,1.0,1
11717,720575941655882776,,1.0,1
11718,720575941655883288,,1.0,1
11719,720575941655891992,,1.0,1
11720,720575941655896344,,1.0,1
11721,720575941656068688,,1.0,1
11722,720575941656100176,,1.0,1
11723,720575941656124752,,1.0,1
11724,720575941656137808,,1.0,1
11725,720575941656140880,,1.0,1
11726,720575941656148560,,1.0,1
11727,720575941656190288,,1.0,1
11728,720575941656205904,,1.0,1
11729,720575941656219216,,1.0,1
11730,720575941656224848,,1.0,1
11731,720575941656239440,,1.0,1
11732,720575941656251984,,1.0,1
11733,720575941656256336,,1.0,1
11734,720575941656270672,,1.0,1
11735,720575941656277072,,1.0,1
11736,720575941656289360,,1.0,1
11737,720575941656297808,,1.0,1
11738,720575941656304976,,1.0,1
11739,720575941656324944,,1.0,1
11740,720575941656327504,,1.0,1
11741,720575941656332112,,1.0,1
11742,720575941656527128,,1.0,1
11743,720575941656535576,,1.0,1
11744,720575941656978256,,1.0,1
11745,720575941657165592,,1.0,1
11746,720575941657329488,,1.0,1
11747,720575941657349144,,1.0,1
11748,720575941657356624,,1.0,1
11749,720575941657502288,,1.0,1
11750,720575941657552464,,1.0,1
11751,720575941657556816,,1.0,1
11752,720575941657558352,,1.0,1
11753,720575941657604632,,1.0,1
11754,720575941657606168,,1.0,1
11755,720575941657607960,,1.0,1
11756,720575941657621272,,1.0,1
11757,720575941657623576,,1.0,1
11758,720575941657653528,,1.0,1
11759,720575941657700120,,1.0,1
11760,720575941657702936,,1.0,1
11761,720575941657718552,,1.0,1
11762,720575941657720600,,1.0,1
11763,720575941657730328,,1.0,1
11764,720575941657879632,,1.0,1
11765,720575941657911632,,1.0,1
11766,720575941657931088,,1.0,1
11767,720575941657954072,,1.0,1
11768,720575941657975064,,1.0,1
11769,720575941657998416,,1.0,1
11770,720575941658005840,,1.0,1
11771,720575941658018384,,1.0,1
11772,720575941658602520,,1.0,1
11773,720575941658602776,,1.0,1
11774,720575941658612760,,1.0,1
11775,720575941658619928,,1.0,1
11776,720575941658633752,,1.0,1
11777,720575941658642968,,1.0,1
11778,720575941658884176,,1.0,1
11779,720575941658890064,,1.0,1
11780,720575941658900304,,1.0,1
11781,720575941658910032,,1.0,1
11782,720575941658918736,,1.0,1
11783,720575941658919760,,1.0,1
11784,720575941658925392,,1.0,1
11785,720575941658928976,,1.0,1
11786,720575941658930000,,1.0,1
11787,720575941658932816,,1.0,1
11788,720575941658933584,,1.0,1
11789,720575941658935120,,1.0,1
11790,720575941658937424,,1.0,1
11791,720575941658938704,,1.0,1
11792,720575941658940240,,1.0,1
11793,720575941658941008,,1.0,1
11794,720575941658944336,,1.0,1
11795,720575941659042328,,1.0,1
11796,720575941659328848,,1.0,1
11797,720575941659414096,,1.0,1
11798,720575941659665232,,1.0,1
11799,720575941659675704,,1.0,1
11800,720575941659678264,,1.0,1
11801,720575941659731512,,1.0,1
11802,720575941659735096,,1.0,1
11803,720575941659762744,,1.0,1
11804,720575941659770680,,1.0,1
11805,720575941659795000,,1.0,1
11806,720575941659805240,,1.0,1
11807,720575941659821880,,1.0,1
11808,720575941659827512,,1.0,1
11809,720575941660282168,,1.0,1
11810,720575941660742268,,1.0,1
11811,720575941660753276,,1.0,1
11812,720575941660767100,,1.0,1
11813,720575941660771708,,1.0,1
11814,720575941660806268,,1.0,1
11815,720575941660807292,,1.0,1
11816,720575941660807548,,1.0,1
11817,720575941660817020,,1.0,1
11818,720575941660829052,,1.0,1
11819,720575941660831356,,1.0,1
11820,720575941660837244,,1.0,1
11821,720575941660843900,,1.0,1
11822,720575941660856956,,1.0,1
11823,720575941660857212,,1.0,1
11824,720575941660859004,,1.0,1
11825,720575941660889724,,1.0,1
11826,720575941660893308,,1.0,1
11827,720575941660911740,,1.0,1
11828,720575941660916092,,1.0,1
11829,720575941660922236,,1.0,1
11830,720575941661289016,,1.0,1
11831,720575941661294648,,1.0,1
11832,720575941661306168,,1.0,1
11833,720575941661308472,,1.0,1
11834,720575941661314616,,1.0,1
11835,720575941661380476,,1.0,1
11836,720575941661384248,,1.0,1
11837,720575941661390972,,1.0,1
11838,720575941661416060,,1.0,1
11839,720575941661420412,,1.0,1
11840,720575941661452344,,1.0,1
11841,720575941661454904,,1.0,1
11842,720575941661455160,,1.0,1
11843,720575941661456952,,1.0,1
11844,720575941661467192,,1.0,1
11845,720575941661487928,,1.0,1
11846,720575941661507708,,1.0,1
11847,720575941661957244,,1.0,1
11848,720575941662017660,,1.0,1
11849,720575941662037816,,1.0,1
11850,720575941662295352,,1.0,1
11851,720575941662345528,,1.0,1
11852,720575941662348344,,1.0,1
11853,720575941662349112,,1.0,1
11854,720575941662357048,,1.0,1
11855,720575941662369592,,1.0,1
11856,720575941662374968,,1.0,1
11857,720575941662376248,,1.0,1
11858,720575941662382392,,1.0,1
11859,720575941662385976,,1.0,1
11860,720575941662388280,,1.0,1
11861,720575941662391352,,1.0,1
11862,720575941662391608,,1.0,1
11863,720575941662392888,,1.0,1
11864,720575941662394936,,1.0,1
11865,720575941662404664,,1.0,1
11866,720575941662483068,,1.0,1
11867,720575941662541692,,1.0,1
11868,720575941662648120,,1.0,1
11869,720575941662694712,,1.0,1
11870,720575941662694968,,1.0,1
11871,720575941663099516,,1.0,1
11872,720575941663099960,,1.0,1
11873,720575941663119996,,1.0,1
11874,720575941663137404,,1.0,1
11875,720575941663455868,,1.0,1
11876,720575941663467900,,1.0,1
11877,720575941663471228,,1.0,1
11878,720575941663471996,,1.0,1
11879,720575941663483516,,1.0,1
11880,720575941663489404,,1.0,1
11881,720575941663489660,,1.0,1
11882,720575941663490940,,1.0,1
11883,720575941663492476,,1.0,1
11884,720575941663495548,,1.0,1
11885,720575941663495804,,1.0,1
11886,720575941663497340,,1.0,1
11887,720575941663497852,,1.0,1
11888,720575941663500924,,1.0,1
11889,720575941665246707,,1.0,1
11890,720575941665341427,,1.0,1
11891,720575941665356787,,1.0,1
11892,720575941665387763,,1.0,1
11893,720575941665418483,,1.0,1
11894,720575941665441523,,1.0,1
11895,720575941665455347,,1.0,1
11896,720575941665474803,,1.0,1
11897,720575941665485299,,1.0,1
11898,720575941665486067,,1.0,1
11899,720575941665489139,,1.0,1
11900,720575941665495539,,1.0,1
11901,720575941665510899,,1.0,1
11902,720575941665521907,,1.0,1
11903,720575941665522419,,1.0,1
11904,720575941665546739,,1.0,1
11905,720575941665583347,,1.0,1
11906,720575941665587187,,1.0,1
11907,720575941665603059,,1.0,1
11908,720575941665605363,,1.0,1
11909,720575941665606387,,1.0,1
11910,720575941666130675,,1.0,1
11911,720575941666237683,,1.0,1
11912,720575941666786291,,1.0,1
11913,720575941666790899,,1.0,1
11914,720575941666793459,,1.0,1
11915,720575941666793715,,1.0,1
11916,720575941666985905,,1.0,1
11917,720575941666996145,,1.0,1
11918,720575941667012529,,1.0,1
11919,720575941667079857,,1.0,1
11920,720575941667086001,,1.0,1
11921,720575941667119025,,1.0,1
11922,720575941667123121,,1.0,1
11923,720575941667129521,,1.0,1
11924,720575941667142833,,1.0,1
11925,720575941667145649,,1.0,1
11926,720575941667159473,,1.0,1
11927,720575941667159985,,1.0,1
11928,720575941667164081,,1.0,1
11929,720575941667167409,,1.0,1
11930,720575941667167921,,1.0,1
11931,720575941667177393,,1.0,1
11932,720575941667189169,,1.0,1
11933,720575941667196593,,1.0,1
11934,720575941667214257,,1.0,1
11935,720575941667224753,,1.0,1
11936,720575941667236273,,1.0,1
11937,720575941667236785,,1.0,1
11938,720575941667238131,,1.0,1
11939,720575941667247025,,1.0,1
11940,720575941667249585,,1.0,1
11941,720575941667250609,,1.0,1
11942,720575941667251699,,1.0,1
11943,720575941667254259,,1.0,1
11944,720575941667257009,,1.0,1
11945,720575941667258545,,1.0,1
11946,720575941667258801,,1.0,1
11947,720575941667262897,,1.0,1
11948,720575941667311603,,1.0,1
11949,720575941667320051,,1.0,1
11950,720575941667358963,,1.0,1
11951,720575941667371507,,1.0,1
11952,720575941667381235,,1.0,1
11953,720575941667445235,,1.0,1
11954,720575941667446259,,1.0,1
11955,720575941667647219,,1.0,1
11956,720575941667985907,,1.0,1
11957,720575941668251313,,1.0,1
11958,720575941668263411,,1.0,1
11959,720575941668275121,,1.0,1
11960,720575941668280051,,1.0,1
11961,720575941668283635,,1.0,1
11962,720575941668285171,,1.0,1
11963,720575941668287987,,1.0,1
11964,720575941668293619,,1.0,1
11965,720575941668297203,,1.0,1
11966,720575941668311539,,1.0,1
11967,720575941668315891,,1.0,1
11968,720575941668318963,,1.0,1
11969,720575941668319475,,1.0,1
11970,720575941668340467,,1.0,1
11971,720575941668446385,,1.0,1
11972,720575941668490151,,1.0,1
11973,720575941668555687,,1.0,1
11974,720575941668567207,,1.0,1
11975,720575941668583335,,1.0,1
11976,720575941668597415,,1.0,1
11977,720575941668600487,,1.0,1
11978,720575941668602535,,1.0,1
11979,720575941668606119,,1.0,1
11980,720575941668606375,,1.0,1
11981,720575941668666023,,1.0,1
11982,720575941668670631,,1.0,1
11983,720575941668675495,,1.0,1
11984,720575941668676007,,1.0,1
11985,720575941668682407,,1.0,1
11986,720575941668688039,,1.0,1
11987,720575941668690855,,1.0,1
11988,720575941668691367,,1.0,1
11989,720575941668693927,,1.0,1
11990,720575941668716465,,1.0,1
11991,720575941668725169,,1.0,1
11992,720575941668731815,,1.0,1
11993,720575941668738471,,1.0,1
11994,720575941668742567,,1.0,1
11995,720575941668772785,,1.0,1
11996,720575941668848817,,1.0,1
11997,720575941668869363,,1.0,1
11998,720575941668869553,,1.0,1
11999,720575941668891057,,1.0,1
12000,720575941669049587,,1.0,1
12001,720575941669069043,,1.0,1
12002,720575941669104883,,1.0,1
12003,720575941669107187,,1.0,1
12004,720575941669254311,,1.0,1
12005,720575941669260711,,1.0,1
12006,720575941669778353,,1.0,1
12007,720575941669779121,,1.0,1
12008,720575941669792689,,1.0,1
12009,720575941669803953,,1.0,1
12010,720575941669813937,,1.0,1
12011,720575941669817009,,1.0,1
12012,720575941669822129,,1.0,1
12013,720575941669827505,,1.0,1
12014,720575941669828017,,1.0,1
12015,720575941669828273,,1.0,1
12016,720575941669830065,,1.0,1
12017,720575941669833905,,1.0,1
12018,720575941669841073,,1.0,1
12019,720575941669856689,,1.0,1
12020,720575941669857457,,1.0,1
12021,720575941669866161,,1.0,1
12022,720575941669866417,,1.0,1
12023,720575941669866929,,1.0,1
12024,720575941669867185,,1.0,1
12025,720575941669877425,,1.0,1
12026,720575941669893041,,1.0,1
12027,720575941670439591,,1.0,1
12028,720575941670445479,,1.0,1
12029,720575941670447527,,1.0,1
12030,720575941670496679,,1.0,1
12031,720575941670499495,,1.0,1
12032,720575941670504103,,1.0,1
12033,720575941670543783,,1.0,1
12034,720575941670568871,,1.0,1
12035,720575941670572465,,1.0,1
12036,720575941670593703,,1.0,1
12037,720575941670647719,,1.0,1
12038,720575941670676135,,1.0,1
12039,720575941670835623,,1.0,1
12040,720575941671081639,,1.0,1
12041,720575941671084967,,1.0,1
12042,720575941671138727,,1.0,1
12043,720575941671415719,,1.0,1
12044,720575941671416231,,1.0,1
12045,720575941671416487,,1.0,1
12046,720575941671417511,,1.0,1
12047,720575941671430311,,1.0,1
12048,720575941671435687,,1.0,1
12049,720575941671437223,,1.0,1
12050,720575941671438759,,1.0,1
12051,720575941671443623,,1.0,1
12052,720575941672023207,,1.0,1
12053,720575941673784472,,1.0,1
12054,720575941678341309,,1.0,1
12055,720575941678358973,,1.0,1
12056,720575941678420925,,1.0,1
12057,720575941678424253,,1.0,1
12058,720575941678510525,,1.0,1
12059,720575941678517181,,1.0,1
12060,720575941678519997,,1.0,1
12061,720575941678521021,,1.0,1
12062,720575941678523069,,1.0,1
12063,720575941678533309,,1.0,1
12064,720575941678538173,,1.0,1
12065,720575941678541245,,1.0,1
12066,720575941678543805,,1.0,1
12067,720575941678544829,,1.0,1
12068,720575941678559677,,1.0,1
12069,720575941678564541,,1.0,1
12070,720575941678577341,,1.0,1
12071,720575941678583229,,1.0,1
12072,720575941679002301,,1.0,1
12073,720575941679003069,,1.0,1
12074,720575941679003581,,1.0,1
12075,720575941679006653,,1.0,1
12076,720575941679007677,,1.0,1
12077,720575941679016893,,1.0,1
12078,720575941679017405,,1.0,1
12079,720575941679218109,,1.0,1
12080,720575941679685309,,1.0,1
12081,720575941679685565,,1.0,1
12082,720575941680033213,,1.0,1
12083,720575941680035261,,1.0,1
12084,720575941680040381,,1.0,1
12085,720575941680066749,,1.0,1
12086,720575941680083389,,1.0,1
12087,720575941680083901,,1.0,1
12088,720575941680101053,,1.0,1
12089,720575941680154045,,1.0,1
12090,720575941680340157,,1.0,1
12091,720575941680809917,,1.0,1
12092,720575941681002685,,1.0,1
12093,720575941681003453,,1.0,1
12094,720575941681003965,,1.0,1
12095,720575941681017789,,1.0,1
12096,720575941681019581,,1.0,1
12097,720575941681021885,,1.0,1
12098,720575941681038525,,1.0,1
12099,720575941681330877,,1.0,1
12100,720575941684686319,,1.0,1
12101,720575941684706543,,1.0,1
12102,720575941684748271,,1.0,1
12103,720575941684766703,,1.0,1
12104,720575941684783599,,1.0,1
12105,720575941684842479,,1.0,1
12106,720575941684863727,,1.0,1
12107,720575941684876527,,1.0,1
12108,720575941684900335,,1.0,1
12109,720575941684913391,,1.0,1
12110,720575941684919535,,1.0,1
12111,720575941684921583,,1.0,1
12112,720575941684929007,,1.0,1
12113,720575941684940271,,1.0,1
12114,720575941684940783,,1.0,1
12115,720575941684942575,,1.0,1
12116,720575941684960239,,1.0,1
12117,720575941684990447,,1.0,1
12118,720575941684992751,,1.0,1
12119,720575941685049071,,1.0,1
12120,720575941685621004,,1.0,1
12121,720575941685689839,,1.0,1
12122,720575941685690124,,1.0,1
12123,720575941685690380,,1.0,1
12124,720575941685702924,,1.0,1
12125,720575941685705740,,1.0,1
12126,720575941685707276,,1.0,1
12127,720575941685707788,,1.0,1
12128,720575941685711116,,1.0,1
12129,720575941685711372,,1.0,1
12130,720575941685747212,,1.0,1
12131,720575941685772044,,1.0,1
12132,720575941685775116,,1.0,1
12133,720575941685776652,,1.0,1
12134,720575941685783564,,1.0,1
12135,720575941685789196,,1.0,1
12136,720575941685796726,,1.0,1
12137,720575941685803126,,1.0,1
12138,720575941685950326,,1.0,1
12139,720575941685958774,,1.0,1
12140,720575941685972086,,1.0,1
12141,720575941685980278,,1.0,1
12142,720575941685991542,,1.0,1
12143,720575941685998454,,1.0,1
12144,720575941686043254,,1.0,1
12145,720575941686059638,,1.0,1
12146,720575941686060662,,1.0,1
12147,720575941686077814,,1.0,1
12148,720575941686090614,,1.0,1
12149,720575941686091894,,1.0,1
12150,720575941686473996,,1.0,1
12151,720575941686545903,,1.0,1
12152,720575941686672246,,1.0,1
12153,720575941686808950,,1.0,1
12154,720575941686831087,,1.0,1
12155,720575941686853871,,1.0,1
12156,720575941686858735,,1.0,1
12157,720575941686869743,,1.0,1
12158,720575941686910191,,1.0,1
12159,720575941686965999,,1.0,1
12160,720575941686980847,,1.0,1
12161,720575941686985199,,1.0,1
12162,720575941687006703,,1.0,1
12163,720575941687026415,,1.0,1
12164,720575941687104012,,1.0,1
12165,720575941687328495,,1.0,1
12166,720575941687349878,,1.0,1
12167,720575941687355766,,1.0,1
12168,720575941687440140,,1.0,1
12169,720575941687454988,,1.0,1
12170,720575941687455244,,1.0,1
12171,720575941687468812,,1.0,1
12172,720575941687524079,,1.0,1
12173,720575941687525388,,1.0,1
12174,720575941687527436,,1.0,1
12175,720575941687535372,,1.0,1
12176,720575941687552268,,1.0,1
12177,720575941687554799,,1.0,1
12178,720575941687559030,,1.0,1
12179,720575941687565942,,1.0,1
12180,720575941687566710,,1.0,1
12181,720575941687572492,,1.0,1
12182,720575941687578607,,1.0,1
12183,720575941687599478,,1.0,1
12184,720575941687599990,,1.0,1
12185,720575941687601782,,1.0,1
12186,720575941687647862,,1.0,1
12187,720575941687658252,,1.0,1
12188,720575941687660556,,1.0,1
12189,720575941687690614,,1.0,1
12190,720575941687691020,,1.0,1
12191,720575941687691638,,1.0,1
12192,720575941687696758,,1.0,1
12193,720575941687698550,,1.0,1
12194,720575941687832539,,1.0,1
12195,720575941687834331,,1.0,1
12196,720575941687853019,,1.0,1
12197,720575941687863515,,1.0,1
12198,720575941687869915,,1.0,1
12199,720575941687875035,,1.0,1
12200,720575941687877359,,1.0,1
12201,720575941687879919,,1.0,1
12202,720575941687886831,,1.0,1
12203,720575941687889391,,1.0,1
12204,720575941687896047,,1.0,1
12205,720575941687899611,,1.0,1
12206,720575941687910619,,1.0,1
12207,720575941687911151,,1.0,1
12208,720575941687911663,,1.0,1
12209,720575941687913199,,1.0,1
12210,720575941687916015,,1.0,1
12211,720575941687916783,,1.0,1
12212,720575941687917531,,1.0,1
12213,720575941687923951,,1.0,1
12214,720575941687927003,,1.0,1
12215,720575941687927259,,1.0,1
12216,720575941687929051,,1.0,1
12217,720575941687929071,,1.0,1
12218,720575941687929307,,1.0,1
12219,720575941687933403,,1.0,1
12220,720575941687946459,,1.0,1
12221,720575941687952859,,1.0,1
12222,720575941687961307,,1.0,1
12223,720575941687965814,,1.0,1
12224,720575941687975643,,1.0,1
12225,720575941688019062,,1.0,1
12226,720575941688042203,,1.0,1
12227,720575941688135064,,1.0,1
12228,720575941688138904,,1.0,1
12229,720575941688167832,,1.0,1
12230,720575941688187032,,1.0,1
12231,720575941688200088,,1.0,1
12232,720575941688214255,,1.0,1
12233,720575941688219288,,1.0,1
12234,720575941688230296,,1.0,1
12235,720575941688243864,,1.0,1
12236,720575941688253080,,1.0,1
12237,720575941688267928,,1.0,1
12238,720575941688291224,,1.0,1
12239,720575941688291311,,1.0,1
12240,720575941688361334,,1.0,1
12241,720575941688448268,,1.0,1
12242,720575941688483084,,1.0,1
12243,720575941688486156,,1.0,1
12244,720575941688487948,,1.0,1
12245,720575941688488972,,1.0,1
12246,720575941688491532,,1.0,1
12247,720575941688496908,,1.0,1
12248,720575941688497676,,1.0,1
12249,720575941688508635,,1.0,1
12250,720575941688512524,,1.0,1
12251,720575941688519692,,1.0,1
12252,720575941688628342,,1.0,1
12253,720575941688630134,,1.0,1
12254,720575941688630390,,1.0,1
12255,720575941688641654,,1.0,1
12256,720575941688644470,,1.0,1
12257,720575941688644726,,1.0,1
12258,720575941688648088,,1.0,1
12259,720575941688650614,,1.0,1
12260,720575941688651382,,1.0,1
12261,720575941688651894,,1.0,1
12262,720575941688652662,,1.0,1
12263,720575941688671606,,1.0,1
12264,720575941689107163,,1.0,1
12265,720575941689109878,,1.0,1
12266,720575941689199323,,1.0,1
12267,720575941689318040,,1.0,1
12268,720575941689377944,,1.0,1
12269,720575941689385624,,1.0,1
12270,720575941689434075,,1.0,1
12271,720575941689458840,,1.0,1
12272,720575941689667803,,1.0,1
12273,720575941689668059,,1.0,1
12274,720575941689669083,,1.0,1
12275,720575941689741208,,1.0,1
12276,720575941689777627,,1.0,1
12277,720575941689784283,,1.0,1
12278,720575941689784539,,1.0,1
12279,720575941689787800,,1.0,1
12280,720575941689789848,,1.0,1
12281,720575941689803227,,1.0,1
12282,720575941689824920,,1.0,1
12283,720575941689855707,,1.0,1
12284,720575941689865880,,1.0,1
12285,720575941689866136,,1.0,1
12286,720575941689867416,,1.0,1
12287,720575941689874072,,1.0,1
12288,720575941689928344,,1.0,1
12289,720575941689974680,,1.0,1
12290,720575941689977496,,1.0,1
12291,720575941690031000,,1.0,1
12292,720575941690032792,,1.0,1
12293,720575941690065371,,1.0,1
12294,720575941690193816,,1.0,1
12295,720575941690290072,,1.0,1
12296,720575941690625176,,1.0,1
12297,720575941690778331,,1.0,1
12298,720575941690780123,,1.0,1
12299,720575941690784731,,1.0,1
12300,720575941690789851,,1.0,1
12301,720575941690790619,,1.0,1
12302,720575941690792155,,1.0,1
12303,720575941690941080,,1.0,1
12304,720575941690942616,,1.0,1
12305,720575941690954392,,1.0,1
12306,720575941690972056,,1.0,1
12307,720575941690986136,,1.0,1
12308,720575941690998680,,1.0,1
12309,720575941691002520,,1.0,1
12310,720575941691009688,,1.0,1
12311,720575941691012248,,1.0,1
12312,720575941691013016,,1.0,1
12313,720575941691026072,,1.0,1
12314,720575941691313115,,1.0,1
12315,720575941700434394,,1.0,1
12316,720575941700445914,,1.0,1
12317,720575941700457946,,1.0,1
12318,720575941700494042,,1.0,1
12319,720575941700500698,,1.0,1
12320,720575941700504794,,1.0,1
12321,720575941700554458,,1.0,1
12322,720575941700563162,,1.0,1
12323,720575941700563930,,1.0,1
12324,720575941700583386,,1.0,1
12325,720575941700592858,,1.0,1
12326,720575941700599258,,1.0,1
12327,720575941700609242,,1.0,1
12328,720575941700611290,,1.0,1
12329,720575941700612314,,1.0,1
12330,720575941700618970,,1.0,1
12331,720575941700619226,,1.0,1
12332,720575941700624346,,1.0,1
12333,720575941700629722,,1.0,1
12334,720575941700639194,,1.0,1
12335,720575941701807834,,1.0,1
12336,720575941702063066,,1.0,1
12337,720575941702064858,,1.0,1
12338,720575941702068954,,1.0,1
12339,720575941702070746,,1.0,1
12340,720575941702076634,,1.0,1
12341,720575941702096602,,1.0,1
12342,720575941702164954,,1.0,1
12343,720575941702223066,,1.0,1
12344,720575941702513626,,1.0,1
12345,720575941702828506,,1.0,1
12346,720575941703116506,,1.0,1
12347,720575941703124698,,1.0,1
12348,720575941703131610,,1.0,1
12349,720575941703155162,,1.0,1
12350,720575941703160282,,1.0,1
12351,720575941703171802,,1.0,1
12352,720575941703181786,,1.0,1
12353,720575941703182810,,1.0,1
12354,720575941703183834,,1.0,1
12355,720575941703184090,,1.0,1
12356,720575941703186906,,1.0,1
12357,720575941703189210,,1.0,1
12358,720575941703189466,,1.0,1
12359,720575941703197402,,1.0,1
12360,720575941703743450,,1.0,1
12361,720575941703820762,,1.0,1
12362,720575941720387642,,1.0,1
12363,720575941720432186,,1.0,1
12364,720575941720436538,,1.0,1
12365,720575941720437306,,1.0,1
12366,720575941720467514,,1.0,1
12367,720575941720470842,,1.0,1
12368,720575941720483898,,1.0,1
12369,720575941720498234,,1.0,1
12370,720575941720518458,,1.0,1
12371,720575941720629050,,1.0,1
12372,720575941720679226,,1.0,1
12373,720575941721156922,,1.0,1
12374,720575941721163834,,1.0,1
12375,720575941721193018,,1.0,1
12376,720575941722019386,,1.0,1
12377,720575941722024506,,1.0,1
12378,720575941722030394,,1.0,1
12379,720575941722031674,,1.0,1
12380,720575941722041402,,1.0,1
12381,720575941722043706,,1.0,1
12382,720575941722049850,,1.0,1
12383,720575941722053178,,1.0,1
12384,720575941722082874,,1.0,1
12385,720575941722096186,,1.0,1
12386,720575941722153530,,1.0,1
12387,720575941722163002,,1.0,1
12388,720575941722189370,,1.0,1
12389,720575941722194234,,1.0,1
12390,720575941722198842,,1.0,1
12391,720575941722212922,,1.0,1
12392,720575941722869562,,1.0,1
12393,720575941723152698,,1.0,1
12394,720575941723160122,,1.0,1
12395,720575941723161402,,1.0,1
12396,720575941723165754,,1.0,1
12397,720575941723167546,,1.0,1
12398,720575941723178298,,1.0,1
12399,720575941723187770,,1.0,1
12400,720575941723190074,,1.0,1
12401,720575941723196986,,1.0,1
12402,720575941723203898,,1.0,1
12403,720575941723204666,,1.0,1
12404,720575941723218234,,1.0,1
12405,720575941723242042,,1.0,1
12406,720575941723589946,,1.0,1
12407,720575941723679802,,1.0,1
12408,720575941723926586,,1.0,1
12409,720575941729855787,,1.0,1
12410,720575941729937195,,1.0,1
12411,720575941729943083,,1.0,1
12412,720575941729954347,,1.0,1
12413,720575941729957931,,1.0,1
12414,720575941729958699,,1.0,1
12415,720575941729974827,,1.0,1
12416,720575941729983787,,1.0,1
12417,720575941729985579,,1.0,1
12418,720575941729985835,,1.0,1
12419,720575941730003755,,1.0,1
12420,720575941730006571,,1.0,1
12421,720575941730009643,,1.0,1
12422,720575941730011947,,1.0,1
12423,720575941730016811,,1.0,1
12424,720575941730021931,,1.0,1
12425,720575941730040107,,1.0,1
12426,720575941730041643,,1.0,1
12427,720575941730539307,,1.0,1
12428,720575941730543915,,1.0,1
12429,720575941730545451,,1.0,1
12430,720575941730557227,,1.0,1
12431,720575941731208491,,1.0,1
12432,720575941731571243,,1.0,1
12433,720575941731613483,,1.0,1
12434,720575941731736875,,1.0,1
12435,720575941731769899,,1.0,1
12436,720575941731770923,,1.0,1
12437,720575941732139307,,1.0,1
12438,720575941732169259,,1.0,1
12439,720575941732512555,,1.0,1
12440,720575941732524587,,1.0,1
12441,720575941732524843,,1.0,1
12442,720575941732536619,,1.0,1
12443,720575941732537387,,1.0,1
12444,720575941732543531,,1.0,1
12445,720575941732546603,,1.0,1
12446,720575941732549675,,1.0,1
