dn_group,muscle,indirect_fraction
DNg27,DVM3A,0.03658988271293118
DNg27,DVM2A,0.03570539679125896
DNg27,DVM1A,0.026394070249350424
DNxn124,hg3,0.01877167094889135
DNxn124,i2,0.01587246018358311
DNg27,DLM1,0.014245118328415183
DNg02,DVM2A,0.014063117499439342
DNb07,hg2,0.013496860174866754
DNa10,i2,0.013356230994801585
DNg27,DLM5,0.013299384394726844
DNg02,DLM1,0.0131916925669744
DNg02,DVM3A,0.012978807380680536
DNg02,DVM1A,0.011942751030749427
DNb07,hg3,0.011770154690800954
DNxn124,ps1,0.010796851912282414
DNg02,DLM5,0.010741318627657792
DNp31,DLM5,0.010602238436865703
DNxn124,DLM1,0.010163890115370212
DNp31,DLM1,0.009970853467311512
DNg02,i2,0.009703170530407684
DNp49,iii1,0.00952240378318386
DNa16,iii3,0.009503505871075534
DNxn124,hg2,0.009272164847549844
DNxn124,DLM5,0.009177380777841911
DNb07,ps1,0.00825949613767685
DNp31,DVM2A,0.007869885893412256
DNa10,DLM5,0.007630824124708855
DNut040,hg3,0.007557972541884688
DNb07,hg1,0.007355891802963992
DNg02,ps1,0.007326587964441829
DNp31,DVM3A,0.007222012659394626
DNa05,iii3,0.0071041193766059555
DNut040,hg2,0.007057846212653001
DNg06,hg2,0.006893433521450327
DNg02,hg1,0.00683442870235851
DNxn124,DVM3A,0.006755548249813798
DNg02,hg3,0.006731096606447928
DNa04,iii3,0.006709472005728365
DNp31,DVM1A,0.006622162174250828
DNp33,hg4,0.006527150842373235
DNa10,i1,0.006524716857567699
DNxn124,b3,0.006512720087850468
DNp31,hg2,0.006410829967012393
DNa10,DLM1,0.00632714723405474
DNxn124,hg4,0.006168832275152856
DNa15,b3,0.006133148571316669
DNae002,iii3,0.006117729759222112
DNp31,ps1,0.006022198552713819
DNxn124,DVM1A,0.005961027981390938
DNp33,iii3,0.005938233710732715
DNa08,DLM1,0.005906605829977229
DNxn124,iii3,0.005869478586368756
DNg04,iii3,0.005864196235282296
DNa05,b3,0.005830054000996318
DNa10,b3,0.0057088545010185
DNa10,ps1,0.005629881432649133
DNg02,hg2,0.005547037948915457
DNp19,b1,0.005529072793609315
DNp22,b1,0.005514631088620751
DNa04,b3,0.005489656522537454
DNxn124,i1,0.005481476291299081
DNa10,iii3,0.005384688657958613
DNg79,hg3,0.005355388884303521
DNa15,i1,0.005350439872770304
DNg17,DVM3A,0.005315390032841197
DNa05,hg4,0.0052101459117099925
DNxn124,iii4,0.005197201428043545
DNg41,hg4,0.005179814785153374
DNp08,iii1,0.005167332848971182
DNa05,i1,0.005021161961496285
DNa08,DLM5,0.005004455569781901
DNa08,DVM2A,0.004979405553222536
DNp33,hg1,0.004951719370506392
DNpe005,ps1,0.0049261125563828875
DNa04,i1,0.004925115664215559
DNg17,DVM2A,0.004912647952438755
DNb02,iii3,0.004870753545999739
DNa15,hg1,0.004818899990132091
DNa10,hg3,0.004782530552642816
DNg36,hg2,0.004730865896721264
DNg08,iii3,0.004730727127132586
DNa15,iii3,0.004730451472964834
DNxn124,hg1,0.0047026973360563325
DNb03,iii3,0.004582757999581391
DNxn125,b2,0.00455087429329951
DNa04,hg2,0.0044977508005846255
DNxn125,hg2,0.004436076824022784
DNa08,DVM3A,0.004390825458023494
DNxn183,DVM3A,0.0043366312032199926
DNp22,hg1,0.004299105381579808
DNbe005,hg3,0.004291038729575511
DNp49,i2,0.0042905315949094015
DNa08,DVM1A,0.004266720077152814
DNg08,hg4,0.004255494104729732
DNg17,DVM1A,0.004180270213555408
DNxn007,hg3,0.004115375283938583
DNxn183,DVM1A,0.0040108830592115625
DNb07,iii3,0.003919856187580194
DNxn125,b1,0.003917004397920681
DNg99,hg1,0.0038642303111417445
DNp53,b1,0.003863233765087789
DNp53,b2,0.0038464050926932196
DNa04,hg1,0.0038077358925590003
DNa09,hg3,0.0037965013766209964
DNae003,b1,0.003786589880006442
DNa05,iii4,0.0037766469605362354
DNa05,hg1,0.003742215559034991
DNb07,DVM1A,0.0036984995814716296
DNg32,hg4,0.003697815143051533
DNg04,hg2,0.003685841469329729
DNge084,hg1,0.003655926968849898
DNp19,hg1,0.0036364054641204575
DNg51,b1,0.0036107052426343073
DNg32,hg3,0.003579361773988977
DNp73,b1,0.0035662555194527273
DNa16,hg4,0.003562498824268555
DNg82,hg2,0.0035540149111836362
DNut058,hg2,0.003549659263057827
DNg08,hg1,0.0034854815765537547
DNpe005,DLM1,0.003459404059225049
DNp19,i1,0.0034510494434278325
DNa04,b1,0.003445586728057557
DNa09,b1,0.0034162220318280623
DNp31,i2,0.0034009788672058052
DNxn163,iii1,0.003399208316722068
DNa16,hg2,0.0033778046335927606
DNg99,b1,0.003376790715596973
DNxn124,DVM2A,0.0033743908161908867
DNb07,i2,0.0033685229417889143
DNxn007,hg2,0.003368407932347728
DNp13,hg3,0.003347691072097802
DNb07,hg4,0.00332596852602275
DNg91,b1,0.0033205531347286913
DNp22,b3,0.0033177706035150694
DNbe005,hg2,0.0032869515701149624
DNp22,b2,0.0032431771159145742
DNp33,i1,0.0031720036113588737
DNut040,iii3,0.0031548213714408177
DNp19,b2,0.0031369962158891602
DNp22,iii3,0.0031246041515729556
DNp26,iii3,0.003124334582521133
DNp31,hg1,0.003099509418478612
DNa05,hg3,0.003084663525470312
DNa10,hg1,0.0030845822269819022
DNa04,hg3,0.0030711634526626877
DNb07,DLM1,0.003019441815704159
DNut058,hg3,0.0030101242026896167
DNp13,hg4,0.002999614010154028
DNpe005,hg2,0.0029762689104035804
DNb07,DVM3A,0.002967672055965375
DNg99,hg3,0.0029471549528448677
DNa15,hg4,0.002946498069082636
DNa05,b1,0.0028978956737686023
DNa10,hg4,0.0028917142335465537
DNp22,i1,0.0028658771806949297
DNxn125,i1,0.002861187929242576
DNp63,hg3,0.0028492076423681204
DNb07,iii4,0.002837681259329256
DNg41,iii4,0.002794773319147903
DNp08,b2,0.0027765344787335487
DNp63,ps1,0.0027640932701129117
DNxn125,hg1,0.0027586773154867623
DNa09,hg4,0.002749113682026094
DNg99,hg4,0.0027390252522476173
DNp31,iii4,0.0027316997976413434
DNa16,hg1,0.0027270701522925525
DNg32,iii4,0.002720933940956564
DNp18,iii3,0.0027007207839039402
DNpe005,DVM3A,0.002700010812485231
DNg99,iii4,0.002687474523283664
DNae002,b3,0.0026663869077422466
DNp22,hg4,0.0026653632764659604
DNg06,b2,0.0026323872776216934
DNp33,iii4,0.002624476907990944
DNg79,iii4,0.0026044223852783157
DNp13,iii4,0.002589860462707862
DNb07,i1,0.0025741357078669378
DNp31,iii3,0.0025603022153373404
DNxn125,b3,0.002558850991707381
DNg79,hg4,0.002553449575016117
DNg06,hg3,0.0025472601146645717
DNg15,iii1,0.0025470489762503754
DNa04,hg4,0.0025424296492765805
DNpe005,i2,0.0025228589433108546
DNxn163,i2,0.002492655236448661
DNp33,ps1,0.0024877879479378276
DNg01,hg2,0.0024680062645112007
DNa10,iii4,0.002456872977591615
DNxn122,b3,0.0024509081841275846
DNp59,iii1,0.0024508754324161614
DNg06,DVM3A,0.0024486877656723694
DNp60,hg3,0.002443383897412007
DNp31,hg3,0.002432899513926484
DNb03,hg4,0.0023868421595879836
DNp28,b3,0.002376439797192705
DNa09,hg1,0.0023686028565945184
DNp15,iii3,0.0023672618303130703
DNb01,iii3,0.0023431222256661732
DNb07,DVM2A,0.002320148462748163
DNg99,iii3,0.002302745507933796
DNa05,ps1,0.0023011086087650705
DNpe005,hg3,0.0022995342992896154
DNp73,hg1,0.002299188452449171
DNp54,hg3,0.002298004438449141
DNa15,iii4,0.0022963881962133046
DNp18,hg2,0.002289818268680587
DNg06,hg1,0.0022836367265751355
DNae002,i1,0.002282169612558232
DNa04,i2,0.002263279194793969
DNa09,b2,0.0022507387223888098
DNg99,b2,0.00224341848099659
DNp13,iii1,0.0022328558922329626
DNxn183,DVM2A,0.0022323755234801624
DNg27,ps1,0.0022171021171763644
DNae003,hg3,0.0022143246471476325
DNa10,hg2,0.002206085491835894
DNxn155,iii1,0.002192150850939376
DNa09,iii4,0.0021906190823788537
DNa15,b1,0.0021836417258711085
DNa04,b2,0.0021770197220873522
DNa04,iii4,0.0021720332671674196
DNpe053,DVM2A,0.0021698796883207775
DNa15,hg2,0.0021690720992532213
DNp48,DVM3A,0.0021658273385495182
DNg06,i2,0.002163155391527974
DNxn163,hg3,0.0021566682442352215
DNp18,b1,0.002147901702981501
DNg99,ps1,0.002143798626844527
DNp54,hg2,0.002128429285140114
DNxn125,iii4,0.002123528426535862
DNp08,iii4,0.0021216714691536047
DNb04,ps1,0.0021211506182917655
DNg06,iii3,0.002117365904424866
DNut040,hg1,0.0021166268512555577
DNp22,iii4,0.0021162737861591054
DNxn181,iii3,0.002113933737947473
DNp48,DVM2A,0.0021000139744366763
DNb07,b2,0.0020972936546421847
DNb02,hg4,0.002094344085673029
DNge091,hg1,0.0020886236815408424
DNp48,DVM1A,0.0020873966261716493
DNp33,b3,0.0020871907442104555
DNp07,i2,0.0020808891985550446
DNg79,hg1,0.0020797022609396294
DNg07,b2,0.0020781693363689105
DNp07,hg3,0.002073916804643902
DNp53,hg1,0.0020726705006552846
DNxn163,iii4,0.0020673870819192795
DNp13,b1,0.0020654599985213662
DNut042,b1,0.0020650561795637562
DNxn183,ps1,0.002057921785074829
DNxn125,i2,0.002048916439279908
DNg41,hg3,0.0020484351896386463
DNb05,hg2,0.002038634198190512
DNa15,hg3,0.00203200827915266
DNg106,hg2,0.002024194838226319
DNxn140,DVM2A,0.0020171574310224897
DNae003,b2,0.002016092867180372
DNb04,i2,0.0019981798466729424
DNa05,b2,0.001997508501053417
DNge084,hg4,0.0019932102163846945
DNp06,iii1,0.0019905500066809967
DNg42,b1,0.0019790898816096536
DNpe005,DLM5,0.001977898020572964
DNg41,iii3,0.0019758011145710156
DNg82,iii3,0.0019753245292991463
DNp31,b2,0.0019689720458849593
DNg06,DVM1A,0.0019629536895811378
DNp19,hg4,0.001961788502409895
DNge084,iii4,0.0019610985170054906
DNut053,DVM2A,0.001960740445059963
DNp13,hg1,0.001959640906080172
DNp19,b3,0.0019585339526709674
DNp49,iii4,0.0019568784301855803
DNxl130,DVM2A,0.0019478593811623536
DNp18,b2,0.0019444958158532596
DNa10,DVM1A,0.001936869656814697
DNxn102,hg2,0.0019312719176358835
DNg02,hg4,0.001930430659193253
DNb07,b3,0.001928863502519177
DNxn163,i1,0.001920722901369358
DNxn102,hg1,0.0019175543898847585
DNg07,hg1,0.0019149558590148014
DNg91,hg1,0.0019125482302726462
DNg108,iii1,0.001912355464710702
DNut037,b1,0.0019070122202047865
DNut042,hg1,0.0018945200436135603
DNxn142,hg2,0.0018938506409626314
DNxn151,iii1,0.0018928527538284385
DNg79,iii3,0.0018926873196260289
DNa05,hg2,0.0018918038227287728
DNut053,DLM1,0.0018847607116026326
DNg110,DLM5,0.0018845977755318202
DNg08,b2,0.0018760011600148486
DNp54,DVM3A,0.0018726301767456159
DNp31,i1,0.0018715919926117358
DNp07,hg2,0.0018681774171325706
DNut037,b3,0.0018622340619222919
DNae002,b1,0.001858755982181466
DNg110,DLM1,0.0018224408943715048
DNxn183,hg3,0.001821935395505579
DNp18,hg1,0.0018208745858887148
DNut040,hg4,0.0018183495580629684
DNp31,hg4,0.0018178026681703178
DNp19,iii4,0.0018177307895159806
DNp03,ps1,0.001815244789405125
DNpe005,DVM1A,0.0018063488341564713
DNnt017,hg4,0.0018009872249397866
DNp28,b1,0.0017986857828531776
DNb02,hg2,0.0017974895095105201
DNp18,b3,0.0017923899148003049
DNxl130,DVM3A,0.00178982226968116
DNpe053,DVM3A,0.0017873600022755719
DNa15,b2,0.001785593070969304
DNge091,hg2,0.0017829584289174862
DNp54,DVM2A,0.0017817034750969678
DNut042,b3,0.0017814440680557213
DNxn142,iii3,0.0017728395645536018
DNxn125,hg3,0.0017702211351286051
DNp07,iii3,0.001766757732266079
DNp45,iii1,0.0017645580350469296
DNp18,i1,0.0017643723350663294
DNg32,iii3,0.001761631141372092
DNp33,b2,0.0017558860426160243
DNp53,hg4,0.0017491869790960026
DNg99,i1,0.0017439027320542899
DNp63,hg2,0.0017335644921023196
DNp69,ps1,0.0017255066417116356
DNg71,hg1,0.0017242203486596372
DNp60,ps1,0.0017238293093548088
DNae003,hg1,0.001723574248993066
DNp33,hg3,0.001721887096581778
DNg02,i1,0.0017113782151414163
DNp31,b3,0.0017066829882025206
DNge091,b2,0.0017021927564507579
DNxn102,DLM1,0.0016975087052488935
DNxn142,hg1,0.0016971643528299627
DNut053,DVM3A,0.0016928156934893053
DNp73,b2,0.001692755699776803
DNge175,hg2,0.0016898725831664483
DNp73,hg4,0.001689085984719428
DNb05,hg3,0.0016827338019465947
DNpe005,DVM2A,0.001680999866692466
DNxn151,hg1,0.0016744452403471186
DNg74,iii1,0.0016738787349071444
DNp60,DVM3A,0.0016723373919981107
DNg08,iii4,0.00167167262684454
DNxn125,iii3,0.0016646427519345253
DNg07,b1,0.0016537087995365895
DNxn183,hg2,0.0016412266729120045
DNut053,DVM1A,0.0016329964990632155
DNxn102,DVM2A,0.0016316273580030253
DNae003,hg4,0.0016274301028144347
DNge175,hg3,0.0016250776031432963
DNge053,DVM2A,0.0016218408437652235
DNge016,hg2,0.0016215588328192087
DNg07,hg2,0.0016195086525317786
DNg06,DLM5,0.0016192367396032745
DNa09,iii3,0.001613350008488124
DNxn122,i1,0.0016070880135919273
DNxn102,DLM5,0.0016040265938120943
DNb04,hg3,0.0015995457185909582
DNp28,i1,0.0015995197189374944
DNxn142,b2,0.0015981350006977549
DNut040,i2,0.0015946986150694503
DNg04,hg1,0.0015943905553993517
DNg51,b2,0.001593406023994463
DNxn177,DVM2A,0.0015920568919327695
DNb01,hg2,0.0015914250196586675
DNxl130,DVM1A,0.0015902260424719764
DNae002,hg1,0.001582438703052083
DNg08,b3,0.0015781739520180872
DNp33,DVM1A,0.00157569475067205
DNge091,iii4,0.0015720032176437086
DNg08,i1,0.0015713502476935402
DNg15,hg1,0.001568651264163217
DNp13,b2,0.0015668870954634593
DNp07,i1,0.0015648657008091667
DNxn122,hg1,0.001563432383322184
DNg06,b1,0.0015587933984478196
DNxn122,hg2,0.0015539647572865806
DNg32,b3,0.0015498543756702326
DNg02,iii4,0.0015487391457521572
DNg41,hg2,0.0015481739367969052
DNg08,b1,0.001548118218707273
DNxn122,iii3,0.0015422916791129563
DNxn124,b2,0.001540277226122468
DNb01,b1,0.001539899438707262
DNut040,iii4,0.0015378429134991025
DNb05,b2,0.0015290301301790783
DNp10,iii4,0.0015233920334368817
DNb05,iii3,0.0015228943878264835
DNg05,DLM1,0.0015187988882561076
DNge016,hg3,0.0015165617776718046
DNxn151,iii4,0.0015153451213668662
DNa10,iii1,0.0015133444023798688
DNp49,b1,0.0015109074569728703
DNp60,DVM1A,0.0015068979807091164
DNxn163,hg2,0.00150520222831435
DNpe005,hg1,0.0015051564529781523
DNp45,ps1,0.001502543615355818
DNp54,i2,0.0015018263119821124
DNg71,hg4,0.0015013073010157522
DNg92,hg2,0.0014989420822186998
DNxn007,i2,0.0014986343511734313
DNp03,DLM1,0.001492590794879981
DNp26,b3,0.0014860191965273227
DNg106,hg1,0.0014853029453552064
DNb07,DLM5,0.0014844709281834748
DNg110,hg2,0.0014841715573846873
DNp49,b2,0.0014820764309572275
DNg71,b3,0.0014789236531047541
DNa10,DVM3A,0.001477422092994679
DNb05,i1,0.001476660283458971
DNg07,i1,0.0014756795308942922
DNp28,hg1,0.0014755730843795424
DNut042,iii3,0.0014717982415494602
DNut058,i2,0.0014710691750869304
DNut042,b2,0.0014689209010036654
DNp51,b3,0.001466885404877417
DNg92,hg3,0.001465162320735698
DNg71,iii4,0.0014650685188462554
DNut037,i1,0.0014640907677234808
DNxn142,b1,0.0014639911268553814
DNa10,b2,0.0014615730707708732
DNg91,hg4,0.0014608440973834912
DNp53,iii4,0.0014571205647214258
DNg08,ps1,0.0014555619547830928
DNg71,hg3,0.0014505944348071717
DNg06,DLM1,0.0014476296025609406
DNut047,hg3,0.0014338818617612016
DNp18,i2,0.0014326837024210245
DNg91,b2,0.0014305564972484776
DNp51,hg1,0.0014257413002592984
DNp73,iii4,0.0014250719626827607
DNxl130,DLM1,0.0014110889546123046
DNg91,b3,0.001408311315319957
DNg92,ps1,0.0014071500406349928
DNg110,DVM3A,0.0014054209332897668
DNut047,DVM2A,0.0014049634652534854
DNut053,DLM5,0.0014024762631790438
DNxn114,hg4,0.0014000799532775945
DNae003,iii3,0.0013935466135524721
DNa05,i2,0.0013898120652314468
DNp10,b1,0.0013884422804667804
DNp05,hg3,0.0013863082254697776
DNxn163,b3,0.0013831178923761312
DNg32,i1,0.0013795455315947205
DNut040,i1,0.001378149050925777
DNg05,DVM2A,0.0013766374504562357
DNg15,b2,0.001372096500099458
DNg106,iii1,0.0013710846145214117
DNp59,hg2,0.0013707860309233467
DNp69,i2,0.001368886561257409
DNa06,hg4,0.0013667570895726903
DNbe005,i2,0.0013611323631295123
DNg07,iii4,0.0013529563203607408
DNp18,hg3,0.0013501090046459938
DNg27,i2,0.0013427539647670155
DNp33,hg2,0.001338103736749815
DNp51,i1,0.001337373091076302
DNxn179,ps1,0.001332134325493992
DNg36,hg4,0.0013321229283056186
DNg32,hg1,0.0013310470560238161
DNg42,b3,0.0013244290371099189
DNxl080,hg3,0.0013222588120011224
DNp51,hg2,0.0013215883846313748
DNxn117,hg1,0.0013187834170026722
DNg07,hg4,0.0013172649081321657
DNg17,DLM1,0.0013149297998407607
DNp69,iii1,0.001313335710800581
DNge049,DVM3A,0.0013124826799879009
DNp10,b2,0.0013123803068395335
DNxn142,i1,0.0013123246983492095
DNp51,iii3,0.001310878669159749
DNg106,b3,0.0013107126896844661
DNxn125,hg4,0.0013069924137921176
DNp73,i1,0.0013064300664067867
DNut062,hg3,0.0012948248003118205
DNp19,i2,0.0012938653913833428
DNp17,hg4,0.0012888698514994584
DNg06,iii4,0.0012880797239602283
DNge053,iii1,0.0012779695173915197
DNut047,DLM1,0.0012779209697205167
DNg15,iii4,0.0012765128690476293
DNxn142,b3,0.0012756653944878986
DNb01,b3,0.0012737066834798425
DNge049,DVM2A,0.0012714842034857693
DNp05,hg2,0.001269698684756761
DNxn177,DVM3A,0.0012687067714669063
DNa16,iii4,0.0012669372828255853
DNg74,b1,0.0012666903421301241
DNg71,b1,0.0012592900638578584
DNut054,iii3,0.001259038312191674
DNb05,i2,0.001258129222437744
DNut047,hg2,0.0012559168643171085
DNg05,DVM3A,0.0012514303466708088
DNut058,b2,0.0012457464697044377
DNp49,hg3,0.0012416527038192318
DNp15,b1,0.0012410276541434623
DNp63,DVM1A,0.0012396457161408109
DNa02,iii3,0.0012383492939282547
DNge084,b2,0.0012377351803889132
DNxn151,hg3,0.0012360515358129055
DNg108,b1,0.0012359244163554256
DNut051,DVM2A,0.0012342018285843794
DNg79,DLM1,0.001231466738746177
DNb04,b3,0.0012278786933559984
DNut051,DVM3A,0.0012261746531284255
DNut051,hg3,0.0012259170050527158
DNg06,hg4,0.0012252358888182344
DNge148,DVM3A,0.0012247141341808208
DNae003,b3,0.0012221871731517033
DNg32,hg2,0.001222168475681237
DNa08,ps1,0.0012177072111407726
DNge140,iii1,0.0012162148638059334
DNg91,i1,0.0012150018454325177
DNge084,iii3,0.0012099241853335252
DNg05,DVM1A,0.0012082893858961516
DNut047,DVM1A,0.001208274262556082
DNg74,b2,0.001206174323614924
DNut042,hg4,0.0012044685525350173
DNxn117,hg2,0.0011986820455416884
DNpe055,hg2,0.001195754513933778
DNp26,i1,0.0011950919198957751
DNge053,DVM3A,0.001195078845623146
DNge148,DVM2A,0.0011949859339176895
DNg05,DLM5,0.00119347515745491
DNp49,hg1,0.001188813711823184
DNa09,b3,0.0011881478550296379
DNxn118,iii3,0.0011877314444653031
DNut047,DVM3A,0.0011783547295572316
DNae002,hg4,0.0011762638889698488
DNp10,hg1,0.0011754660634299293
DNa09,DLM1,0.0011741135788147174
DNp03,DLM5,0.0011739239510614374
DNut051,DLM1,0.0011729915028355197
DNg45,b2,0.0011723754665911915
DNae003,iii4,0.0011695548837990766
DNg108,DLM5,0.0011693283079667863
DNg106,i1,0.0011674326168900982
DNg07,iii3,0.0011633298338438241
DNpe005,iii4,0.0011620989978097303
DNp42,ps1,0.0011610071872115908
DNge016,b2,0.0011600260907297692
DNg110,DVM1A,0.0011593809876491116
DNp28,iii4,0.001157074698515861
DNut062,hg4,0.0011549399212119897
DNp54,DVM1A,0.0011544747770778402
DNge084,DLM5,0.001152976636647868
DNpe005,b3,0.001152847041637273
DNge091,b1,0.001152359214476014
DNg79,ps1,0.001147803816069787
DNxn183,i2,0.001147113717359557
DNxn151,b2,0.0011415195090233154
DNpe053,DVM1A,0.0011403187917204869
DNg17,ps1,0.0011382103865688615
DNge084,DLM1,0.0011368749457549114
DNit007,hg3,0.0011335039576047302
DNxl130,DLM5,0.0011333381562209349
DNge049,DVM1A,0.001133255043744015
DNp42,iii1,0.0011318312475768531
DNp63,DVM3A,0.0011305790192919873
DNg108,DLM1,0.001129818274232786
DNb05,iii4,0.0011292051651625476
DNp49,hg4,0.0011280124645457468
DNa16,hg3,0.0011170750010220424
DNxn163,hg1,0.0011150628921888072
DNut037,b2,0.0011138439912452302
DNg27,hg3,0.0011098435142120773
DNge006,iii3,0.0011061895930383559
DNxn183,b2,0.0011033840915577252
DNg99,b3,0.0011030576319419896
DNg15,b1,0.0011027971123122888
DNb01,b2,0.001098759087459192
DNp03,DVM2A,0.0010939413649574874
DNp03,DVM1A,0.0010939219788865377
DNxn163,hg4,0.0010898289044692685
DNut051,i2,0.0010886764801804113
DNge091,hg4,0.0010875695763954585
DNg98,DLM5,0.0010868367038443004
DNg04,hg3,0.001084040673324963
DNut051,DVM1A,0.0010825878362712472
DNxn140,DVM1A,0.0010800880221266628
DNae002,b2,0.001079828079615479
DNp13,DLM5,0.0010796851761343713
DNpe054,b3,0.0010795939504946157
DNg21,ps1,0.001078765801963348
DNut040,b2,0.0010774813780536434
DNg110,DVM2A,0.001076921035935461
DNg32,i2,0.001074511147195313
DNp47,iii3,0.001071356055380527
DNg108,b2,0.00107062971468549
DNd03,DLM5,0.001070175983194193
DNg27,hg1,0.0010684500653488896
DNg70,DVM1A,0.0010683961286160823
DNxn102,DVM1A,0.0010674116518943424
DNp28,b2,0.00106606024932351
DNp03,b3,0.0010621211414604261
DNxn117,b2,0.001059329709207319
DNp103,iii1,0.0010591458390708124
DNp11,hg3,0.0010581421452113583
DNpe055,DLM1,0.0010579992901758165
DNg27,i1,0.001053961267598981
DNpe055,DLM5,0.0010507583406697996
DNp49,b3,0.0010504899598481339
DNg108,hg1,0.0010486820140285108
DNg05,ps1,0.001044310255372527
DNp48,DLM1,0.0010416096071809884
DNge084,b1,0.0010408102899310723
DNxn114,iii3,0.0010382759923318612
DNxn151,hg4,0.0010362257480948614
DNp03,i1,0.001034792698422527
DNb06,b2,0.0010304035946072205
DNg71,i1,0.0010233187198512013
DNa10,DVM2A,0.0010229310710049109
DNg15,hg2,0.0010229005872737767
DNp73,i2,0.0010206782404063935
DNg71,iii3,0.0010196108310434081
DNxn183,iii4,0.0010193984734667787
DNxn114,hg1,0.001018008980517026
DNa03,b3,0.0010178956263308008
DNut040,b3,0.001017450787581469
DNp69,i1,0.0010161410017940208
DNae003,i1,0.001012850496709153
DNut051,hg2,0.0010123142118390433
DNg01,iii3,0.0010110056170061026
DNg71,b2,0.001009360762915094
DNp19,iii3,0.0010045814083325217
DNg08,hg2,0.0010045673223986645
DNxn151,iii3,0.0010034338704134967
DNg111,iii1,0.001000987415629929
DNg98,iii1,0.001000627078394977
DNg36,iii4,0.000999135004310225
DNp06,hg3,0.000998237980653223
DNp26,ps1,0.0009930899011994256
DNg07,b3,0.0009928552931179144
DNxn181,hg2,0.000991728511063972
DNp18,iii4,0.0009893535041579685
DNut042,i1,0.0009886577752320858
DNp47,ps1,0.0009863996881986567
DNg98,DLM1,0.0009846975493780284
pIP9,DVM1A,0.0009836300143477627
DNp08,hg2,0.000979953084376448
DNg82,b2,0.0009774469164111703
DNg42,b2,0.0009767667254082142
DNp13,ps1,0.0009756700024459548
DNg106,b2,0.0009753072970058398
DNg99,DLM1,0.0009741866020885565
DNge148,DVM1A,0.0009727424178695894
DNg05,hg3,0.0009721553801276488
DNa04,ps1,0.0009719086474549807
DNp19,hg3,0.0009707722540254317
DNxn151,hg2,0.0009634987576793852
DNg04,hg4,0.0009619036932213448
DNg17,DLM5,0.000961830765294248
DNb05,hg1,0.0009610700099320611
DNxn140,DVM3A,0.0009584937954642703
DNp31,iii1,0.00095840320415314
DNg07,i2,0.0009581795755774802
DNge091,i1,0.0009579622048246573
DNa09,i1,0.0009578288629189552
DNxn183,DLM1,0.0009573108446283806
DNp13,DVM1A,0.0009549149535583825
DNp13,DLM1,0.0009540063340312754
DNg08,i2,0.0009501624532355454
DNpe005,b2,0.0009495103304380186
DNp49,ps1,0.0009482759416825562
DNut047,DLM5,0.0009474252360371861
DNut046,b3,0.000946036372393205
DNp73,iii3,0.000945784231343446
DNbe005,hg1,0.0009435365399087401
DNpe045,hg3,0.0009430816045091489
DNxn007,hg1,0.0009414558922478597
DNut040,ps1,0.0009414104499621451
DNg36,hg3,0.0009368657282569181
DNb04,iii3,0.0009358647028939507
DNg04,iii4,0.0009334473512579951
DNxn163,b2,0.0009314519777518748
DNp28,hg4,0.0009312440235794492
DNge083,i1,0.0009296562840645097
DNg32,b1,0.000928280153287265
DNpe010,DLM5,0.0009277918251163987
DNp59,DLM1,0.0009269794406830256
DNp33,b1,0.0009226297803999478
DNut053,hg3,0.0009208072902636494
DNb07,b1,0.0009192117386562889
DNb02,hg1,0.0009174496509196995
DNg91,iii3,0.0009155907732904536
DNxn155,iii4,0.0009150275701749952
DNg91,iii4,0.0009147675520647239
DNpe045,DLM5,0.0009128254762461392
DNa16,b2,0.0009121476422455678
DNxn183,hg4,0.0009088328699632665
DNp69,iii4,0.0009051323571196961
DNb05,hg4,0.0009051197737483887
DNd03,DLM1,0.0008972066270198799
DNpe014,hg1,0.0008944949722230749
DNb06,iii3,0.0008940430077759275
DNbe005,hg4,0.0008898813013487817
DNp31,b1,0.0008898483767354162
DNg108,iii4,0.0008896240192516107
DNp15,hg4,0.0008874510474796675
DNp73,hg2,0.0008873513898192862
DNg32,b2,0.000884583707813075
DNxn117,iii4,0.0008805340076335882
DNg05,hg2,0.0008793699658651851
DNp53,b3,0.0008771849989833341
DNp42,iii3,0.0008765035572537444
DNge083,i2,0.0008744449965728148
DNg82,DLM5,0.0008713694129144223
DNb06,b1,0.0008693058567645391
DNg106,iii4,0.0008691804542765228
DNut051,DLM5,0.0008686562626377777
DNut037,hg1,0.0008684615283993557
DNp60,iii4,0.0008683230552461042
DNp59,DLM5,0.0008670721096435425
DNge175,i2,0.0008668567643189203
DNp73,hg3,0.0008660117479306636
DNg70,DLM1,0.0008649956199093178
DNp19,DLM5,0.0008645781189541685
DNp63,DVM2A,0.0008635578679245854
DNp03,DVM3A,0.0008629584978797826
DNp72,b3,0.0008612498114447494
DNpe055,DVM2A,0.0008594120862613751
DNp72,b2,0.0008591638736302531
DNp07,b3,0.0008546916790350077
DNp03,i2,0.0008540608192542111
DNg05,hg4,0.0008539354744040316
DNg92,DVM1A,0.0008513723756667544
DNp11,iii4,0.0008495137387041729
DNp05,iii4,0.0008487542492039869
DNg99,DLM5,0.0008477057846391217
DNp33,i2,0.0008452715770844987
DNp06,hg2,0.0008450780036229522
DNp33,DVM2A,0.000844624842801458
DNut054,b2,0.0008439236868468228
DNp17,iii4,0.0008430668589315824
DNb04,hg2,0.0008429956036144657
DNpe055,hg1,0.0008425034699060295
DNge014,hg2,0.000842229083816386
DNb06,i1,0.0008408948011375673
DNp59,DVM2A,0.0008380852837471649
DNp53,DVM1A,0.0008376488957449191
DNxn151,b1,0.0008367433344162176
DNg03,hg1,0.0008363468062413746
DNxn176,b1,0.0008360662946512584
DNp22,i2,0.0008355172684760998
DNge175,b2,0.0008344937197508126
DNut042,iii4,0.0008337329653520949
DNp49,i1,0.0008327890817672269
DNg01,hg3,0.0008314629796354264
DNut058,hg1,0.0008309005804314103
DNut054,hg1,0.0008290460300350097
DNg17,i2,0.0008287531803567866
DNge053,DVM1A,0.0008281120957312558
DNg91,hg3,0.0008275790711451826
DNp69,hg4,0.0008272644007114701
DNp03,b2,0.0008271333508764734
DNb05,ps1,0.0008254410442443058
DNp72,b1,0.0008240073904980985
DNg17,hg3,0.0008239052399186577
DNpe005,iii3,0.000822769871429428
DNg106,b1,0.0008227637209783805
DNg99,DVM1A,0.0008214059117338269
DNg27,hg2,0.0008207475122747788
DNxn151,ps1,0.0008179788627960583
DNit007,hg2,0.0008146953541575847
DNa08,hg3,0.0008077389380085209
DNxn177,DVM1A,0.0008051515345719611
DNg04,b3,0.0008050362855369626
DNut046,iii3,0.000803645970062247
DNxn007,hg4,0.0008027548988517687
DNa09,hg2,0.0007949694296296982
DNg106,hg3,0.0007946374682008196
DNb06,b3,0.0007939947839430557
DNpe005,i1,0.000793650148309105
DNut050,hg2,0.0007927630005529283
DNxn142,iii4,0.0007920099490990904
DNge016,i2,0.0007917964490110524
DNut047,i2,0.0007915456093943912
DNb01,hg1,0.0007877553814863709
DNp17,hg3,0.0007861329453359524
DNg15,hg3,0.0007860775471695024
DNg82,hg1,0.0007856509408941038
DNg06,i1,0.00078265679858685
DNge090,hg1,0.0007816555298253913
DNp53,i1,0.0007798619630722491
DNb03,hg3,0.0007795933293045154
DNg42,i1,0.0007783135847867116
DNge091,b3,0.0007777661651017965
DNg02,b2,0.0007775180130155301
DNg110,i2,0.0007758204911373939
DNg15,ps1,0.0007755072537008053
DNge090,b2,0.000771985297967891
DNa03,i1,0.0007713633173717089
DNg37,hg2,0.0007710255278211375
DNp60,DVM2A,0.0007708662624792491
DNb01,i1,0.00077058514686949
DNg82,ps1,0.0007697262491284536
DNg79,hg2,0.0007685934576795337
DNut040,DVM1A,0.0007667588351142125
DNp19,DLM1,0.0007649583120380136
DNb03,iii4,0.0007634745112278848
DNg27,hg4,0.0007606454636097527
DNpe010,DLM1,0.0007592978192291519
DNut058,iii4,0.000755378568580945
DNa03,hg1,0.0007548999436099108
DNxn102,DVM3A,0.0007517264283602255
DNb05,b3,0.0007510563748978271
DNp05,iii1,0.0007462414275151382
DNp10,hg4,0.0007447828981953298
DNut058,b1,0.0007447563384315047
DNg36,hg1,0.0007413430917504005
DNge014,hg3,0.0007387182715776684
DNa15,i2,0.0007353879507797184
DNut053,ps1,0.0007350135015916709
DNxn122,hg4,0.0007340513824521722
DNp51,hg4,0.0007322337041098869
DNut037,iii3,0.0007309905095257763
DNp73,b3,0.0007301274009409541
DNg17,b3,0.0007257258883508673
DNp69,hg3,0.0007241856499209145
DNp12,iii4,0.0007238841888647484
DNxn114,ps1,0.0007236030738095794
DNp48,DLM5,0.0007214512554325777
DNut053,hg4,0.0007195810435414129
DNbe005,ps1,0.0007176983547737976
DNpe005,b1,0.0007155305215672605
DNbe005,iii4,0.0007154918520934317
DNp33,DLM5,0.0007087619831063292
DNp13,DVM3A,0.0007075236760348485
DNa03,hg3,0.0007070769118744012
DNpe045,DLM1,0.0007065615842285651
DNp45,i2,0.0007064327733900509
DNd03,iii1,0.000706062270245708
DNp47,i2,0.000704166980739754
DNg04,b2,0.0007037759640016105
DNp66,i2,0.0007034805807060087
DNg06,iii1,0.0007031058310834839
DNut058,hg4,0.0007017960552070031
DNxn102,b2,0.0007009272296248828
DNg99,i2,0.0007003779750776952
DNg17,i1,0.0007003633614943028
DNxn163,DLM1,0.0007000655453425726
DNxn122,hg3,0.0006990751157186967
DNg17,hg2,0.0006986073092384603
DNp11,hg2,0.0006985648842741034
DNg08,DLM5,0.0006985323122817438
DNut040,DVM3A,0.0006980998872956281
pIP9,hg4,0.000696229975171398
DNp57,hg4,0.0006946404100528595
DNg79,DLM5,0.0006931795705733576
DNa06,iii3,0.0006922234100125923
DNge016,b1,0.0006895566028246429
DNpe005,hg4,0.0006895485974437644
DNpe020,iii1,0.0006876257708380654
DNut047,b3,0.0006862375354125496
DNp03,b1,0.0006861828958877422
DNb04,DVM3A,0.0006839702481579731
DNae002,iii4,0.0006835153866830251
DNg08,hg3,0.000683349473402599
DNxl112,ps1,0.0006823293752445129
DNp12,i2,0.0006821139641022379
DNg92,DVM3A,0.0006819307099884392
DNg05,b2,0.0006813367452809332
DNge118,iii3,0.0006812146076839243
DNge095,b2,0.0006795054256640772
DNxn113,DVM3A,0.0006777902641058942
DNp26,hg1,0.0006761728676745559
DNg79,b2,0.0006746324069882431
DNp60,hg4,0.0006713799128554972
DNp03,iii3,0.0006709471802034275
DNae002,hg3,0.0006706994910702121
DNpe014,hg3,0.000669322812546428
DNxn007,iii4,0.0006679587735187093
DNg27,iii3,0.0006679163264888631
DNg42,hg1,0.0006663415030748378
DNb05,b1,0.0006658259233057722
DNg12,b3,0.0006641822584925633
DNp69,b3,0.0006639202614852622
DNb05,iii1,0.0006637578451770483
DNnt008,b3,0.0006617292731492141
DNp26,hg2,0.0006584090797292895
DNxn178,iii1,0.0006576516373827437
DNg94,hg1,0.0006549606577724217
DNg32,DLM1,0.0006537781395418693
DNut050,hg3,0.000653452056496813
DNg82,DLM1,0.000653012221548249
DNp06,iii4,0.0006520698831421704
DNb01,DVM2A,0.0006514627348101471
DNpe045,ps1,0.0006501696815305888
DNp63,hg4,0.0006494633153156851
DNp11,i1,0.0006484621382678208
DNp18,ps1,0.0006481918349794265
DNp08,hg1,0.0006475082833634719
DNge016,DLM1,0.0006472209810247272
DNge016,DVM2A,0.0006465913956623333
DNb04,i1,0.0006465503449722193
DNp02,hg2,0.0006454286453365507
DNg82,hg3,0.0006444528485768263
DNxn007,i1,0.0006424558375978024
DNg04,i1,0.0006422706504392496
DNg03,i2,0.0006422582635093961
DNpe014,iii4,0.0006404321690078401
DNp16,iii3,0.0006378311317310263
DNxn124,iii1,0.0006366100326515575
pIP9,hg1,0.0006327139252987698
DNg32,DVM3A,0.0006300614171470774
DNge118,b2,0.0006295392295784743
DNp59,b2,0.0006285347938004101
DNg36,b2,0.0006285068866510009
DNa02,hg1,0.0006282142313911954
DNa08,iii3,0.0006278834823853572
DNxn007,b3,0.0006258972624083039
DNa02,hg4,0.0006256059222191964
DNg92,i2,0.0006249465599808418
DNp18,hg4,0.000624751624253738
DNpe004,hg1,0.0006246218905723269
DNge091,hg3,0.0006222191623649175
DNb06,hg2,0.000621737978855186
DNg108,hg4,0.000621310606739483
DNge148,DLM1,0.0006191727536987905
DNpe055,DVM1A,0.0006187203983446592
DNp45,b2,0.0006168721002859439
DNb06,hg1,0.0006135046064796991
DNg05,b3,0.0006131735141912409
DNpe004,b1,0.0006123312894498799
DNa10,b1,0.0006118704287487912
DNxn102,b3,0.0006105717183537444
DNb07,iii1,0.000610482226454805
DNa12,hg3,0.0006094158506912278
DNp47,b2,0.0006090717556111482
DNp19,hg2,0.0006086782411147547
DNp17,b3,0.0006068354865814983
DNg110,hg1,0.0006063741669665791
DNp08,hg4,0.0006057521300390078
DNp16,hg1,0.000604414266286705
DNg32,iii1,0.0006040487968767801
DNp26,b2,0.0006039759017968337
DNge049,DLM1,0.0006032619508788256
DNg71,hg2,0.0006030817701797452
DNxn179,hg3,0.0006027231422151561
DNxl080,iii4,0.0006024984209993819
DNge148,DLM5,0.0005994940120917262
DNg10,hg4,0.0005991357287593632
DNpe014,hg4,0.0005991128021238668
DNge090,iii4,0.0005990773897680341
DNut062,b3,0.0005966823106716158
DNge091,iii3,0.0005966670747400738
DNp16,hg4,0.0005962282309531474
DNp60,i2,0.000595941388922779
DNp59,b3,0.0005955296107459184
DNp63,hg1,0.0005952315161217646
DNg79,DVM1A,0.0005942912141507507
DNb01,DLM1,0.0005934527809046836
DNp55,iii3,0.0005925027712378158
DNg05,iii3,0.0005920321869774955
DNg02,b1,0.000591631989838767
DNg02,b3,0.0005900894664708964
DNb05,DLM1,0.0005879273804632854
DNxn122,b2,0.0005876336432206809
DNg73,hg4,0.0005872980013554876
DNp49,DLM5,0.0005860682440362582
DNp05,i2,0.0005856816093152812
DNxl112,i1,0.0005854597163938665
DNp49,hg2,0.0005839265480032871
DNp01,DVM2A,0.0005822835964639786
DNg89,hg4,0.0005813733580597514
DNxn179,hg2,0.0005798883573177439
DNp02,i2,0.0005791458073274137
DNge016,hg1,0.000577038313323019
DNp17,b2,0.0005764376020910877
DNp07,ps1,0.0005759105631274995
DNb04,DLM1,0.0005748350507172662
DNxn142,i2,0.0005736494879645523
DNxl106,iii1,0.0005734902820757387
DNp17,iii3,0.0005728166459841551
DNxl080,i2,0.0005720413402785255
DNp59,i2,0.0005705390464402353
DNg99,hg2,0.0005698732840493388
DNp10,hg3,0.0005694280447032152
DNg108,hg3,0.000568922364993565
DNp13,DVM2A,0.0005688579486942339
DNp11,i2,0.0005674089331206798
DNxn163,DLM5,0.0005648493374377665
DNp03,hg1,0.0005645509633885336
DNut050,DVM2A,0.0005628527968728547
DNp57,iii3,0.0005623882263062054
DNxn176,b2,0.0005610428463797464
DNg27,iii4,0.0005594482722896237
DNp63,i1,0.0005590290062587387
DNxn176,hg1,0.0005590264911504173
DNxn155,DLM1,0.0005589567467177635
DNg99,DVM2A,0.0005573534837661017
DNg21,iii1,0.0005573332953436063
DNg74,iii4,0.0005552689418956457
DNp42,b2,0.0005551422206240345
DNg36,iii1,0.0005546555388508753
DNg59,hg3,0.0005546373413271731
DNp54,DLM1,0.0005529815582591975
DNge084,hg2,0.0005524468566189402
DNp02,iii4,0.0005521770325476289
DNge016,iii4,0.0005516935745781793
DNg33,DVM2A,0.0005501338448243155
DNp03,iii4,0.0005489087615706863
DNxn187,iii1,0.0005477866440326873
DNp05,b2,0.0005475297543774787
DNge016,DVM1A,0.0005467775474949499
DNge016,DVM3A,0.0005463404443616948
DNp02,hg3,0.0005448316338784564
DNge090,hg4,0.0005444765357099689
DNg45,DVM2A,0.0005419814637931944
DNp43,b2,0.0005419779788000107
DNg108,DVM2A,0.0005414075634797561
DNp07,hg4,0.000541229204602091
DNxn181,hg3,0.0005396798277833316
DNxn117,b1,0.0005391937704224283
DNp16,hg3,0.0005381011577691849
DNg02,iii3,0.0005379999260837764
DNp69,hg2,0.000535791694728821
DNde006,iii1,0.0005353922957351138
DNg36,b3,0.0005346071888349988
DNg15,hg4,0.0005343470788028071
DNp47,b1,0.0005342769505021638
DNxn163,ps1,0.0005341528754364265
DNxn146,hg4,0.0005336770029252943
DNp37,DLM1,0.0005333898127958222
DNp59,iii4,0.0005323799268724218
DNg94,i1,0.0005321937199192183
DNg106,hg4,0.0005321875761913788
DNg106,i2,0.0005310840033202206
DNp51,DLM5,0.0005302733470786277
DNp63,i2,0.0005296831166938685
DNb03,ps1,0.0005291984323726873
DNxn136,hg1,0.0005289416906053372
DNp03,hg4,0.0005284945957517523
DNxn187,ps1,0.0005278145764583005
DNg04,b1,0.0005274909796778883
DNp02,iii1,0.000526862782854892
DNp57,b3,0.0005264114642312633
DNpe045,DVM3A,0.0005263187994584428
DNp37,DLM5,0.0005239831711937814
DNp45,iii4,0.0005236486759653918
DNp103,i2,0.000523245260580329
DNg94,b1,0.0005230003389160401
DNut050,DLM1,0.0005192387647203196
DNxn113,DVM1A,0.000519048876302008
DNge016,iii3,0.0005187232478475408
DNg94,b2,0.0005177735400916989
DNp01,DLM1,0.0005174972102739142
DNxn109,hg1,0.0005169767423479156
DNut047,hg4,0.0005156750499131133
DNb06,iii4,0.0005154157199956808
DNg108,DVM3A,0.000515303515566729
DNpe042,iii4,0.000515210826832744
DNp08,DVM3A,0.000514714090248382
DNxn168,hg2,0.0005145972553045829
DNut047,ps1,0.0005141264549300034
DNxn151,i1,0.0005138817219862673
DNp10,iii1,0.000513810849176796
DNp08,DVM1A,0.0005137946805431701
DNp42,iii4,0.0005137692509151193
DNg108,DVM1A,0.0005133624182860359
DNp63,iii3,0.0005130735335898944
DNa04,DLM1,0.0005113115143300863
DNge016,DLM5,0.0005111997426680499
DNg45,DLM1,0.0005071919239853415
DNg53,DLM5,0.0005068974556416599
DNxn155,DLM5,0.0005059303677623084
DNge093,iii3,0.0005056741558298408
DNxn007,b2,0.0005047862801441099
DNg03,ps1,0.0005046781434032109
DNxn176,iii4,0.0005035557450654983
DNut053,hg2,0.0005021691412919233
DNxn136,i1,0.0005012122267372598
DNae002,hg2,0.0005003300413356625
DNp03,hg3,0.0004979523821893935
DNp33,DLM1,0.0004979428486313679
DNp12,iii1,0.0004978233670498285
DNp54,DLM5,0.0004967272347593654
DNg111,hg2,0.000496426611840058
DNp42,b1,0.0004955052062856701
DNp07,DVM1A,0.0004953874452962089
DNa16,b3,0.0004946487081181565
DNit007,iii3,0.0004941203187743526
DNxn122,b1,0.000494048263841344
DNxn122,iii4,0.0004933636617856281
DNnt015,hg4,0.0004929630870424159
DNpe055,DVM3A,0.0004923093152768048
DNge091,i2,0.0004917390609210687
DNxn114,iii4,0.0004893690798412913
DNge049,DLM5,0.0004891104679853519
DNut037,iii4,0.00048688435725755333
DNp05,hg1,0.0004866803025889477
DNpe045,DVM1A,0.00048571101225017077
DNbe005,b2,0.0004855792031295404
DNg79,DVM3A,0.00048343862504899313
DNb01,DLM5,0.00048210968706946067
DNp11,b2,0.00048206258026233884
DNut050,DVM3A,0.00048182657456396843
DNxn163,b1,0.0004816425945727865
DNxn183,hg1,0.0004814560124520238
DNp53,i2,0.0004813083541885041
DNpe053,DLM5,0.0004812217955882161
DNp08,ps1,0.0004805041840286171
DNp22,hg2,0.0004781571610825313
DNp49,DLM1,0.00047801053974268844
DNa15,DLM5,0.0004774146054772768
DNpe031,iii1,0.00047686127985505967
DNg06,b3,0.0004768368121096829
DNxn125,DLM1,0.00047666635045224843
DNxl112,i2,0.00047536120370757353
DNut054,b3,0.0004749293279595669
DNa02,hg3,0.00047449213864311356
DNg92,DVM2A,0.00047384509474403
DNp22,hg3,0.0004704704743445458
DNxn140,DLM1,0.00047026974018525504
DNp11,hg1,0.0004697745961870698
DNut050,DVM1A,0.00046845675364074905
DNp47,DLM1,0.00046765911106071254
DNg74,hg4,0.00046734923188110914
DNpe031,ps1,0.0004672851490081372
DNge175,b1,0.00046627978645225743
DNa05,DLM1,0.00046405771300414203
DNxn179,iii1,0.00046317178372008147
DNp11,b1,0.0004621404275548202
DNg99,DVM3A,0.00046151544510160115
DNxn102,ps1,0.0004610736622550686
DNp59,hg3,0.0004609801312866936
DNge049,iii1,0.00045958770137747115
DNpe054,iii4,0.00045929526960041597
DNp51,b1,0.0004587043040060123
DNut054,iii4,0.00045844435698943597
DNge110,iii3,0.00045823327363762845
DNp07,iii4,0.0004577595744230017
DNg15,i2,0.0004564049842586932
DNp06,hg1,0.0004548420077842705
DNge053,i2,0.00045474226743048884
DNp51,b2,0.00045407989711113085
DNp47,i1,0.0004536120031838043
DNp01,DLM5,0.0004535703864384395
DNg74,hg3,0.0004528518136662922
DNut047,b2,0.00045243782405812635
DNg82,hg4,0.0004520589836610023
DNp10,hg2,0.00045104622188172483
DNut037,hg4,0.0004486652644092873
DNpe055,ps1,0.00044857007224614903
DNp43,ps1,0.00044841485200085524
DNp22,DLM5,0.0004484062276729428
DNa16,DVM1A,0.00044820975588185584
DNp37,ps1,0.00044778518646831434
DNp70,iii1,0.00044778161521904407
DNa04,DLM5,0.00044723549969755843
DNut042,hg2,0.00044678151939615997
DNge084,b3,0.0004461946315328974
DNut054,hg4,0.0004461293633442964
DNpe042,iii1,0.00044599542969428306
DNut040,DLM5,0.00044595431207015133
DNut040,DLM1,0.00044586514552376767
DNxl080,iii1,0.00044563414624961624
DNxn183,i1,0.00044480417310530443
DNg08,DLM1,0.00044476661534779017
DNa15,DLM1,0.00044452348317166197
DNp63,iii4,0.0004438466623263344
DNut062,iii4,0.0004436493276187902
DNb04,DVM1A,0.0004435258129817777
DNpe004,hg4,0.0004434501166975906
DNge048,DVM2A,0.0004429083398958211
DNg06,ps1,0.00044262400483955136
DNp05,b3,0.00044239348854219603
DNxn102,iii1,0.00044108352828273385
DNa04,DVM1A,0.00044077848084179413
DNge175,hg1,0.0004390869809436621
DNut040,b1,0.00043905785449908864
DNge140,DVM3A,0.00043818727382524106
DNp57,hg2,0.0004365262813010809
DNpe055,b2,0.0004354188633040903
DNg44,hg3,0.00043508582787219613
DNp34,iii4,0.0004350486764437922
DNxn125,DLM5,0.00043462223604157817
DNg36,b1,0.0004346192204965951
DNp07,b2,0.00043447707388355233
DNb01,iii4,0.00043395606406837614
DNut050,b2,0.00043346950135387825
DNp03,hg2,0.0004332332217631076
DNxn122,ps1,0.0004331323029077115
DNp06,i2,0.00043301473865842047
DNp59,ps1,0.0004329920883597375
DNg03,hg4,0.00043294089557695817
DNpe031,hg3,0.0004326184575995133
DNxn181,hg4,0.00043237042756925567
DNg94,iii4,0.0004323653310549354
DNb03,hg2,0.00043157993935371924
DNp47,iii4,0.000430606280839569
DNge140,ps1,0.0004297687780149966
DNxn183,iii1,0.0004293597465539981
DNge006,hg4,0.00042823736961058095
DNg45,DLM5,0.00042782525175337065
DNut054,i1,0.0004277606639746499
DNp05,DLM1,0.0004268585686313666
DNd03,b1,0.0004250341221067341
DNg82,b1,0.0004244180816875879
DNge175,iii4,0.0004231707724713061
DNxl080,ps1,0.00042261132273462574
DNp51,DLM1,0.00042197527311315546
DNb01,ps1,0.0004212384166128885
DNge175,DLM1,0.00041952069410408047
DNp59,hg1,0.0004194628145251935
DNg92,hg4,0.00041944916436985303
DNa16,b1,0.00041836061879264375
DNp13,hg2,0.00041751350695173504
DNp16,b3,0.00041604406952472654
DNp67,ps1,0.0004154834038434512
DNg91,hg2,0.0004143116609051809
DNg53,DLM1,0.0004137040857415507
DNg74,DVM1A,0.0004135984959432552
DNge016,hg4,0.0004135387046230069
DNb04,hg4,0.0004133740040838417
DNp72,iii3,0.0004133405782742848
DNp103,hg1,0.00041173384790460293
DNxn153,iii1,0.0004113880134358255
DNp06,b2,0.00041048009089121064
DNge118,hg1,0.0004103629391516432
DNg49,hg4,0.0004091621992625934
DNg74,DVM2A,0.00040907285932588976
DNge140,iii4,0.00040785969049346487
DNp22,DLM1,0.0004077746915709291
DNge090,iii3,0.0004075739781367766
DNge085,b3,0.0004074997923373663
DNp103,hg2,0.000407372863412786
DNb06,hg4,0.000407242120910771
DNxn118,b3,0.00040722537752868474
DNge175,DVM2A,0.00040660079700314346
DNge084,ps1,0.00040643052276535753
DNp07,hg1,0.00040626524401867696
DNbe005,i1,0.0004058908395206466
DNg89,hg1,0.00040507609222609583
DNnt020,hg4,0.00040485687744521305
DNg82,iii1,0.0004047955961778888
DNp08,i2,0.00040421780223590846
DNg07,hg3,0.0004038197273989573
DNg92,hg1,0.00040351102965775884
DNge048,DVM3A,0.00040316718863426723
DNa09,i2,0.0004022444830844708
DNp60,DLM1,0.0004021598304753195
DNxn152,i2,0.0004017286221648694
DNg94,hg4,0.00040139681360920246
DNae003,hg2,0.0004011982516867286
DNpe039,iii1,0.0004011653586456026
DNp28,hg2,0.0003999505984677854
DNut037,i2,0.00039973515736636594
DNg05,hg1,0.0003987804909006845
DNa09,DLM5,0.0003986891155568141
DNxn117,i1,0.0003986738804512072
DNp66,iii1,0.00039865181874883644
DNg70,DVM3A,0.0003986315408077319
DNg74,DLM1,0.00039792609003550504
DNut043,DLM1,0.00039741851428374566
DNg41,i2,0.0003973681019227475
DNa03,hg2,0.00039673694630048217
DNp16,i1,0.00039663423301976704
DNpe031,DVM1A,0.0003959273861188382
DNge088,b2,0.0003955193767036877
DNg74,DVM3A,0.0003955158273728259
DNp63,DLM1,0.0003934938629909286
DNb01,DVM1A,0.0003930667045313229
DNut050,DLM5,0.0003930208430761977
DNg01,b2,0.0003926131996704371
DNp05,i1,0.00039238163475958585
DNg71,ps1,0.0003923195977250003
DNut054,b1,0.0003917185514721416
DNp42,i2,0.0003913620010724782
DNa05,DVM1A,0.0003912127920042202
DNp02,i1,0.0003909190920281607
DNg52,DVM3A,0.00038917766226842596
DNge084,hg3,0.00038889764053455695
DNb01,hg3,0.00038755648197222824
DNg01,hg1,0.0003857608960837086
DNg06,DVM2A,0.0003847842330413499
DNnt015,hg1,0.0003847286396686817
DNae003,DLM1,0.0003841182610330876
DNb04,hg1,0.00038342496286155524
DNut050,hg4,0.00038302468177136846
DNge140,hg2,0.0003829829977110801
DNxn142,hg4,0.0003824205676508631
DNpe004,b2,0.00038221973744719385
DNp53,hg3,0.000382178256861554
DNp06,hg4,0.00038176925678953745
DNge049,i2,0.0003811472338525731
DNxn155,i2,0.00038013034899390057
DNge035,iii1,0.00037862115205766826
DNpe008,hg4,0.00037856573254413
DNxn117,hg4,0.0003782724353367854
DNpe053,DLM1,0.00037717887547030735
DNxn151,i2,0.00037570869740038873
DNa02,hg2,0.0003746607841126369
DNg98,DVM1A,0.00037424098121085093
DNxn181,iii1,0.00037413128037648775
DNit007,ps1,0.0003737151447791357
DNg93,iii1,0.0003737048339461962
DNg03,DLM1,0.00037361847192373635
DNut053,b3,0.00037306692606338615
DNg111,iii4,0.00037220048208926526
DNp69,DLM5,0.00037153040014784814
DNg27,b3,0.0003702362669630216
DNg38,iii1,0.00037005603844981604
DNp51,ps1,0.0003698753847846222
DNxn187,hg3,0.0003698182203843225
DNpe045,DVM2A,0.00036936864248460525
DNp45,hg2,0.0003688171645360343
DNg110,ps1,0.00036808986614306097
DNp17,hg2,0.00036747489842473913
DNge094,b3,0.00036744297809915814
DNp10,i2,0.000366740185327638
DNp72,hg4,0.00036671764422160674
DNut043,hg3,0.0003653766815748527
DNge084,DVM3A,0.0003650340473608501
DNge140,DVM1A,0.0003636629824623084
DNp47,b3,0.0003633457974426716
DNb02,hg3,0.0003632857220654793
DNut040,DVM2A,0.0003620017103088864
DNxl068,ps1,0.0003617493218343588
DNg93,DLM1,0.00036159873365033073
DNxn183,DLM5,0.000361385768919893
DNa12,DVM1A,0.00036133157610127964
DNge004,hg4,0.0003598462471397561
DNg108,i2,0.00035983574658801106
DNg32,DVM1A,0.0003594790089572439
DNg82,i1,0.0003593739129373808
DNxn132,DVM2A,0.0003591381571833417
DNge175,DVM1A,0.00035911891145445327
DNpe055,hg3,0.00035872884715432423
DNp33,DVM3A,0.0003585955692476694
DNg74,hg1,0.00035796142641226396
DNxn155,hg3,0.00035757312975273967
DNg51,hg4,0.0003573762854746502
DNge003,DVM3A,0.0003571379177797481
DNp26,b1,0.00035703876387978
DNg93,DLM5,0.0003562736555311486
DNxn181,hg1,0.0003562734734923293
DNp42,hg1,0.0003557818303866032
DNbe002,iii1,0.0003549320345995927
DNxn179,DLM5,0.0003539735435675713
DNut047,iii4,0.00035342929674376947
DNut042,DLM5,0.0003528888444123333
DNg04,iii1,0.00035284428406996574
DNp41,iii4,0.0003527803666454303
DNpe054,hg4,0.0003524558037583953
DNa03,hg4,0.000352206041371446
DNp103,b3,0.00035177524992873106
DNg04,i2,0.00035171125656377494
DNp57,hg1,0.0003510071175348686
DNp22,ps1,0.00035037214888698987
DNxn187,i2,0.0003493950927594884
untyped_720575941434874912,DVM3A,0.0003493384404780526
DNa08,i2,0.00034931893804045124
DNxn109,hg4,0.00034915285757034105
DNp07,DVM3A,0.0003487016065120389
DNge094,b1,0.00034776033704294284
DNit007,hg1,0.00034666902108498643
DNa16,i2,0.00034657743567970654
DNg07,ps1,0.0003464892542269582
DNd03,DVM3A,0.0003460473170958749
DNg17,hg4,0.00034573189226026746
DNge175,hg4,0.0003455944586986753
DNxn119,hg1,0.00034524533550458727
DNp12,b2,0.00034430972565966994
DNg106,iii3,0.0003438777385237976
DNg82,iii4,0.0003434978336325824
DNg03,DLM5,0.0003426368018247791
DNxn124,b1,0.00034220378865481297
DNut050,iii3,0.00034172786806626156
DNut047,b1,0.0003412389715211869
DNge083,b3,0.0003407759583537506
DNut043,DVM2A,0.0003403609020326499
DNxn168,DVM1A,0.0003402600954381244
DNp43,iii1,0.0003398854581624252
DNp19,ps1,0.0003388340009050439
DNut037,ps1,0.00033839224379685247
DNg98,iii4,0.000337865608443838
DNut046,i2,0.0003374812034847122
DNg98,hg3,0.00033721135963202004
DNxn136,b3,0.00033689904972781745
DNae002,ps1,0.0003364654912035862
DNpe005,iii1,0.00033638016269731325
DNge053,hg2,0.0003363518709697561
DNbe005,DVM1A,0.00033622614399555394
DNg108,ps1,0.0003361159252772085
DNpe054,b2,0.00033610869651073613
DNut058,i1,0.00033598940893447816
DNp16,iii4,0.0003356166944617484
DNp06,ps1,0.0003354778961139422
DNpe014,DVM3A,0.00033487430044741183
DNge175,DLM5,0.00033463353300483204
DNxn114,hg2,0.00033408646930611696
DNg01,i2,0.0003340542915049211
DNg05,b1,0.00033259687307955006
DNut043,hg2,0.0003325319113987464
DNxl130,iii1,0.00033248323150501227
DNge095,hg1,0.00033200044296562516
DNxn179,b2,0.00033171177987127796
DNp47,DLM5,0.0003311587093868062
DNa05,DLM5,0.00033112298724893114
DNp103,iii4,0.00033095765916673524
DNg55,hg2,0.0003307715741146864
DNxn132,DVM3A,0.0003307482834244317
DNxn127,i1,0.0003298103751164271
DNd03,DVM2A,0.00032944856951379694
DNxn177,iii1,0.00032924232008248823
DNxn109,hg2,0.000329085272544164
DNd03,i2,0.000329018947564097
DNa07,i1,0.00032875646946719665
DNg70,DLM5,0.0003287502243884397
DNp17,hg1,0.00032866761381710065
DNb02,DVM1A,0.00032843391523179323
DNut043,DLM5,0.00032763314716323415
DNge175,DVM3A,0.00032760145163122277
DNa02,iii4,0.00032741618303925804
DNge014,i2,0.0003270346173934448
DNpe001,hg2,0.0003265453328801514
DNg41,hg1,0.00032640992528939724
DNg03,DVM3A,0.0003250418005962981
DNxn176,hg4,0.00032496091630773477
DNxn154,DVM3A,0.00032431471855702164
DNge099,DVM3A,0.00032431471855702164
DNg44,ps1,0.00032393493303032076
DNge048,DVM1A,0.0003228471940830727
DNit007,i2,0.0003224632561150589
DNpe042,b3,0.00032244588145220336
DNg52,DVM1A,0.0003222723185371038
DNg07,iii1,0.00032140632240816906
DNxn179,iii4,0.0003210344865153252
DNxn142,ps1,0.00032098441894498245
DNg32,ps1,0.0003208733161681471
DNxl130,iii4,0.00032066861833252285
DNae002,i2,0.00032025300056222285
DNp54,hg4,0.0003200980030524988
DNg37,iii4,0.00031978177410642793
DNnt011,i2,0.00031940904160134514
DNp05,ps1,0.00031906975628157714
DNp26,iii4,0.0003188016851905149
DNg110,hg3,0.00031809899762247725
DNg91,ps1,0.0003180194493010652
DNd03,b2,0.00031751083993659745
DNxn113,DLM1,0.0003173256173528348
DNxn122,DLM1,0.0003172538275673568
DNut047,i1,0.0003169995415113341
DNxn007,ps1,0.00031634189093416275
DNp49,iii3,0.000315466606540462
DNg04,DVM1A,0.00031409019113456515
DNge088,hg4,0.0003118681177094451
DNxn163,DVM3A,0.0003114429284503754
DNg51,hg1,0.0003112162395725713
DNxn102,i1,0.0003108513192806955
DNg82,DVM1A,0.0003108266499956901
DNa15,ps1,0.0003106940150092701
DNp38,iii4,0.0003103421570831872
DNp66,i1,0.0003101202449139341
DNp68,ps1,0.0003094259912881979
DNp08,hg3,0.00030916446120867586
DNa15,DVM1A,0.00030820156927469935
DNxn102,iii4,0.0003081380114905586
DNp103,b2,0.0003081220320049661
DNp02,b2,0.0003078290779817486
DNxl130,i2,0.000307344722036527
DNxl119,DVM3A,0.0003073212317800928
DNg27,b2,0.0003071670556142467
DNb02,b3,0.00030697870202984123
DNg74,DLM5,0.00030650642146954054
DNpe031,DLM1,0.000305954156057913
DNp18,DLM1,0.00030558341073491966
DNge140,b2,0.00030542279392667095
DNut062,hg2,0.0003052872583502089
DNxn113,DVM2A,0.0003052698683165031
DNnt010,hg4,0.00030474165340891094
DNg05,iii4,0.00030445559596146374
DNb03,DVM1A,0.00030436233860315677
DNp07,DVM2A,0.00030423565086139286
DNxn127,iii1,0.0003042047526551131
DNge084,i1,0.00030403009048982966
DNut048,hg4,0.0003036685455226064
DNut048,iii3,0.0003034485309199739
DNxn145,hg3,0.00030324752058690917
DNp57,iii4,0.00030197175707655303
DNxn102,hg4,0.0003017745567675359
DNp18,DVM1A,0.0003012892826946244
DNxn112,hg1,0.0003012441858363941
DNa09,ps1,0.0003011002627205719
DNxn187,iii4,0.0003010527979419785
DNge148,ps1,0.00030087444328016997
DNg51,iii4,0.00030077130879718067
DNxn140,DLM5,0.00030064104429121445
DNg18,hg1,0.000300185260341212
DNut037,hg2,0.00029970195532025
DNg44,hg4,0.0002992660618082757
DNxn132,DLM1,0.0002992144359098238
DNxl112,DVM1A,0.0002990951537662111
DNa03,iii4,0.0002983569512172225
DNg03,iii3,0.0002980062640211313
DNg82,DVM2A,0.0002977452777318096
DNut062,hg1,0.00029773091983020794
DNb05,DLM5,0.000297675346996252
DNp28,DLM1,0.00029733203309188484
DNut058,DVM2A,0.00029712586076488984
DNp10,i1,0.0002966555772773586
DNxn168,iii4,0.0002966337740516302
DNb01,hg4,0.0002962533901775045
DNd03,DVM1A,0.0002959649695954358
DNut043,DVM1A,0.00029591639636267274
DNut058,DLM1,0.0002950872129735003
DNg33,DVM1A,0.000294569460579999
DNut043,iii3,0.00029427854809714897
DNxn159,i2,0.00029414350377336663
DNut058,iii3,0.00029396368800403775
DNxn187,DVM1A,0.00029391445974216203
DNb04,DVM2A,0.00029387024037737307
DNpe020,DLM5,0.0002937807183336612
DNb02,b2,0.00029348731905401497
DNpe004,b3,0.0002932584632161758
DNp59,DVM1A,0.00029325561947186554
DNg92,iii3,0.0002931749989794647
DNxn178,DLM5,0.0002926102253125693
DNge140,DLM1,0.000291740373534391
DNxl080,hg4,0.0002912331370009863
DNp60,hg2,0.0002911517762174738
DNut037,DLM1,0.0002906301715939235
DNut042,i2,0.00029040490962090667
DNge085,i1,0.0002900497136522741
DNp51,iii4,0.00028989190898998156
DNxn152,ps1,0.0002895638143813618
DNut053,hg1,0.000289450655095249
DNxn168,hg4,0.00028907740504504167
DNp28,hg3,0.0002889669210517346
DNut058,DVM1A,0.00028895976448585936
DNg15,DLM1,0.0002889116042322938
DNp26,hg4,0.00028890414539212866
DNa16,iii1,0.00028872194221303804
DNxn179,i2,0.0002879611546814537
DNp12,hg4,0.00028779286658257364
DNbe002,iii4,0.0002876775328815865
DNpe031,iii4,0.0002868707778918649
DNxn155,hg4,0.0002859453658956906
DNxn122,DLM5,0.0002857277953344202
DNb04,iii4,0.000285724133491433
DNut062,b1,0.0002856249202509594
DNxl119,DVM2A,0.0002853861847321579
DNxn181,iii4,0.00028535813732075756
DNxn136,hg2,0.00028528256457239533
untyped_720575941434874912,DVM2A,0.00028524140097854306
DNg111,iii3,0.0002846342281870722
DNp05,hg4,0.0002846059140895221
DNut046,i1,0.0002843753620718792
DNg27,b1,0.00028425356915010464
DNge016,b3,0.00028378608399472026
DNxn114,i1,0.0002837252487065861
untyped_720575941434874912,DLM1,0.00028305372505535453
DNxn109,iii4,0.0002829847175468205
DNut042,DLM1,0.00028200925835647977
DNp10,DVM1A,0.00028154581849347885
DNut040,iii1,0.0002814758691698479
DNp11,DLM1,0.0002808594395435946
DNpe055,iii1,0.00028079767962981965
DNxn155,b2,0.0002805162073707943
DNg98,DVM3A,0.0002802577212673518
DNg08,DVM1A,0.0002800344873087481
DNxn007,iii3,0.00027972456625123846
DNut062,i1,0.0002796516017582883
DNp02,ps1,0.0002795042845084893
DNg79,i2,0.0002791189576743313
DNxn109,b3,0.00027901699822070286
DNut047,hg1,0.00027863136232619373
DNp18,iii1,0.00027855618222391473
DNp57,hg3,0.00027822741352767947
DNg37,hg4,0.0002776604618771255
DNxn152,iii4,0.0002772077061341345
DNge014,b2,0.000277202352099838
DNge053,ps1,0.0002770075534394152
DNp43,iii4,0.00027672681040576965
DNg32,DLM5,0.00027621586163312136
DNa07,hg2,0.0002761327456106535
DNxn118,i1,0.0002759214212482198
DNa08,hg4,0.0002751678859106112
untyped_720575941434874912,DVM1A,0.000274945919052694
DNxn117,b3,0.0002748674547124426
DNge092,hg4,0.00027475002670651
DNg74,ps1,0.00027459220487320276
DNxn114,b3,0.0002745054686684726
DNg111,hg1,0.000274357742625889
DNxn179,DLM1,0.0002742885492048834
DNg01,hg4,0.00027411294191305886
DNg92,DLM1,0.0002740577347149214
DNp06,b3,0.0002740090387939214
DNpe054,i1,0.0002739883036884651
DNp18,DLM5,0.0002736077353432354
DNg21,DLM5,0.0002736020816350874
DNg110,hg4,0.0002735342729871613
DNb02,iii4,0.00027345153440836036
DNg15,i1,0.00027343425094496514
DNge090,b1,0.0002734312407541433
DNxn113,DLM5,0.0002726265649015444
DNg03,iii4,0.00027260095633963445
DNxn102,b1,0.0002724693621465048
DNge133,iii1,0.00027222441690977363
DNge090,i1,0.0002717564081863865
DNxl134,iii1,0.0002715723388191915
DNxn125,DVM1A,0.0002713989347939166
DNge088,iii4,0.0002708588711700945
DNge088,hg2,0.00027073554214095293
DNxn163,iii3,0.0002704146761795041
DNut050,iii4,0.0002702718486191955
DNp66,b3,0.0002700266722283436
DNp34,hg3,0.0002699948655107532
untyped_720575941606629485,b2,0.00026980468592096787
DNp37,iii1,0.000269777061092735
DNp57,ps1,0.0002694108416406233
DNge118,b3,0.00026936556066607084
DNg03,hg3,0.0002693609534464589
DNp42,DLM1,0.00026926800614714884
DNut058,b3,0.00026917503928001606
DNg41,DVM1A,0.0002691672854465749
DNxn114,b2,0.0002688868519089244
DNp69,DLM1,0.000268631639765225
DNp11,hg4,0.0002685623778119685
DNxn154,DVM1A,0.0002685602654475865
DNge099,DVM1A,0.0002685602654475865
DNxn163,DVM2A,0.00026826511137701596
DNit003,b3,0.0002676133568176314
DNp26,hg3,0.0002672362075785975
DNxl129,iii1,0.00026700634739613993
DNg44,iii4,0.00026682858321118837
DNxn187,b2,0.0002666176707073844
DNpe055,b3,0.00026627054435586153
DNxn132,DVM1A,0.0002659202610142863
DNut037,DLM5,0.0002656761205489182
DNp53,ps1,0.00026525114529381847
DNp59,b1,0.00026476404747465123
DNg51,hg3,0.00026319555035300804
DNit007,DVM3A,0.0002629165452365099
DNg45,DVM1A,0.0002628148923242857
DNbe005,iii3,0.00026275506389263103
DNge004,iii1,0.00026216181892247683
DNxn127,i2,0.00026191649122913295
DNpe004,i1,0.00026177309900020374
DNxn136,hg4,0.00026151946733665694
DNxn151,DLM1,0.00026150781560675164
DNg33,DVM3A,0.0002614073987629828
DNp06,i1,0.00026111200461002685
DNg91,i2,0.00026060555997653207
DNge092,hg1,0.00025979339658052495
DNg37,ps1,0.00025955568011531445
DNg92,iii4,0.00025889484649760207
DNp59,iii3,0.00025833183906260227
DNa02,i1,0.0002583182645815545
DNut047,iii3,0.00025827160355708275
DNxn112,hg3,0.00025680463162862556
DNge091,iii1,0.00025664932234244203
DNg11,hg1,0.0002565246653951709
DNg41,b3,0.00025649596048822794
DNa06,hg3,0.0002563770684090677
DNge140,b1,0.0002559954997905386
DNge088,hg3,0.0002559341054065239
DNnt015,iii4,0.00025584012807036233
DNge175,iii3,0.0002553377503383072
DNge095,iii3,0.00025510469909425235
DNp70,ps1,0.0002551007586514148
DNp01,hg2,0.00025487954029718103
DNpe008,hg3,0.00025464374782790733
DNxl130,ps1,0.0002542218503674287
DNae003,ps1,0.00025407097738216957
DNit007,hg4,0.00025360757770972277
DNg42,iii4,0.0002534223686528966
DNg05,i2,0.0002530826592985502
DNxn181,b2,0.00025205196116686213
DNb06,i2,0.00025130780280852987
DNp60,hg1,0.0002512953767910096
DNp16,hg2,0.0002512906187464023
DNut043,DVM3A,0.0002512408450330092
DNnt015,hg2,0.0002511845934127262
DNxn187,hg4,0.0002507956092973955
DNa07,hg1,0.0002501635307073382
DNg01,iii1,0.00025010554400665253
DNg44,b2,0.00024986570275871016
DNg89,iii4,0.0002497003220107586
DNpe004,iii4,0.0002496161869631626
DNxn114,hg3,0.00024922703943229443
DNpe054,b1,0.0002490742098871389
DNge049,iii4,0.00024846232596678917
DNg15,iii3,0.00024787078996934707
DNg42,iii3,0.00024708044657839606
aSP22,iii3,0.00024698761768743326
DNp05,b1,0.000246639245399222
DNp103,b1,0.0002463443209860309
DNa02,b3,0.0002462090901827811
DNxn112,iii3,0.00024612979931493194
DNut043,i2,0.0002449725543184484
DNut058,DVM3A,0.0002448732580177922
DNxn132,hg2,0.00024482088641827643
DNpe053,iii1,0.00024478391889300546
DNg98,ps1,0.00024447593952770793
DNp11,DVM3A,0.00024428615257510313
DNge088,b1,0.00024409215567466105
DNg03,DVM1A,0.00024356043657237106
DNb01,DVM3A,0.0002433900930255634
DNge175,b3,0.00024305256317513018
DNp04,iii1,0.0002423522934019826
DNg01,b3,0.00024190392950503204
DNp11,ps1,0.00024183242257359313
DNp54,iii4,0.0002413020535671867
DNxn114,b1,0.00024117690682462557
DNxn118,b2,0.00024093182577237152
DNg11,b3,0.00024085544919235125
DNp28,i2,0.0002404744824175721
DNa07,DLM5,0.00024044405440467895
DNa08,hg2,0.0002403112797160145
DNge053,DLM1,0.00024013601537212692
DNg79,i1,0.0002398895098307033
DNg07,DLM1,0.00023952736451114814
DNp13,i2,0.00023942842256581215
DNa03,iii3,0.00023940890848898557
DNpe008,b3,0.00023938236920225338
DNxn144,hg4,0.00023911976068832574
DNg03,b3,0.00023910004306293314
DNit007,DVM1A,0.00023890885381200154
DNg51,i1,0.00023874133969596672
DNp47,DVM1A,0.00023805097888825215
DNp57,i1,0.000238015246452716
DNg07,DVM1A,0.00023777270348601288
DNpe054,hg3,0.00023706685896085342
DNut046,hg1,0.00023702364054153572
DNp17,i1,0.00023695351661846164
DNp37,DVM3A,0.00023674821678333738
DNut042,hg3,0.00023658844327093152
DNp12,hg1,0.0002363001649811228
DNut058,DLM5,0.00023609326332988382
DNpe042,hg2,0.00023601934734859842
DNp10,b3,0.00023573170606634968
DNg03,DVM2A,0.00023483050404217155
DNxn187,DLM1,0.00023479471987456645
DNxn109,iii3,0.0002343767229945489
DNp53,DVM3A,0.00023402385682888977
DNut053,iii3,0.00023350803657779605
DNp28,iii3,0.00023336595614159393
DNxn132,DLM5,0.00023280247573883057
DNg48,b2,0.00023277277571170699
DNge073,hg4,0.00023269112104690916
DNp08,b1,0.00023257989198020095
DNit007,DLM1,0.00023207828727851682
DNg37,hg3,0.00023192922246541487
DNp08,i1,0.00023170188567232824
DNpe045,hg4,0.00023169475656623147
DNa07,hg3,0.00023147624951061905
DNxn122,DVM1A,0.0002313598177215342
DNxn155,i1,0.00023119844518754346
DNp37,DVM1A,0.0002308510340658887
DNxl100,ps1,0.00023037903127328912
DNp23,hg2,0.00023002488799412913
DNge071,hg4,0.000229839971707636
untyped_720575941434874912,hg2,0.0002292141385085511
DNpe042,b2,0.00022918031820078847
DNa07,i2,0.00022905683217338302
DNg29,i1,0.00022897570067973474
DNut050,i2,0.00022841716004145596
DNut043,b3,0.0002282020801687738
DNp59,i1,0.000227970093946145
DNge140,DVM2A,0.000227121950529796
DNg05,i1,0.0002267162551121311
DNa12,iii3,0.00022659329816331753
DNp45,DVM1A,0.0002264674055572141
DNxn168,iii1,0.00022623918412777706
DNpe014,DLM1,0.00022614067550733713
DNb09,b1,0.00022605507633666183
DNg93,DVM2A,0.00022587713682992053
DNg105,b3,0.00022585761314200973
DNp13,iii3,0.00022579562731844655
DNxn155,DVM1A,0.0002254657483112826
DNa12,DVM3A,0.0002252702235518106
DNp69,DVM1A,0.0002252524423073792
DNge003,DVM1A,0.0002250114669252683
DNxl106,iii4,0.0002243955949221714
DNp28,DLM5,0.0002236488946504004
DNp17,b1,0.00022351004305066024
DNg17,hg1,0.000223359280756253
DNp47,DVM3A,0.00022301165765692814
DNp41,hg4,0.0002227946784516126
aSP22,DVM1A,0.00022261597436804852
untyped_720575941606629485,b3,0.00022227118925318562
DNxn118,b1,0.00022120113476811884
DNpe054,hg1,0.0002210369017975836
DNg89,hg2,0.00022059089985610142
DNge014,iii3,0.00021938016924622544
DNge131,iii3,0.0002191939391934419
DNg41,ps1,0.0002191067693384621
DNa07,DLM1,0.0002190571696914886
DNp18,DVM2A,0.0002185044184723147
DNxn007,DVM1A,0.00021824872839600948
DNge116,hg1,0.00021811065792479124
DNp45,DVM3A,0.0002178569553314926
DNg18,b2,0.00021749598661568824
DNxn119,iii4,0.00021676626590923253
DNd04,hg3,0.00021658016829081224
aSP22,hg4,0.00021638922953455872
DNp26,DVM1A,0.0002161238199978363
DNpe008,iii4,0.0002159471421863146
DNg82,i2,0.00021552115964504508
DNut053,iii4,0.00021536011427366364
DNa05,iii1,0.00021513950723238163
DNg105,DVM1A,0.0002141797430071675
DNg37,hg1,0.00021388413505958674
DNp01,DVM1A,0.0002134816021728876
DNg18,b1,0.00021289133646983227
untyped_720575941606629485,b1,0.00021268633594665067
DNg92,DLM5,0.00021265985541651542
DNp41,i2,0.00021263742516086767
DNxn119,hg4,0.0002125779099433457
DNg74,i2,0.00021217296098951778
DNb06,hg3,0.000211724988072937
DNge016,ps1,0.00021169829799282282
DNp10,DVM3A,0.00021163186848548675
DNg18,iii4,0.00021131952947107805
aSP22,hg3,0.0002113020982494662
DNg45,iii1,0.00021095193407565858
DNit007,iii4,0.0002109199989604593
DNb03,b3,0.0002107791356408862
DNp103,hg3,0.00021011459408794755
DNpe001,iii4,0.0002094762032233018
DNg92,i1,0.0002091310640292135
DNge004,iii3,0.00020878162742103917
DNp06,b1,0.00020877643388555718
DNut048,iii4,0.00020874138337665337
DNxn102,i2,0.00020866027639236662
DNge140,DLM5,0.00020815928642204976
DNge110,i1,0.00020804705282452993
DNge073,hg3,0.0002079439752713816
DNp70,i2,0.00020776657247891143
DNxn151,b3,0.0002077357124497693
DNg02,iii1,0.00020763243736647924
DNut051,hg4,0.00020749954312234635
DNp05,DLM5,0.00020737568699394154
DNg78,hg4,0.00020728164753723094
DNnt011,hg1,0.00020724618455401642
DNge016,i1,0.00020709219231871702
DNpe031,hg2,0.00020692795285107677
DNb04,DLM5,0.00020674865546945305
DNxl119,DVM1A,0.0002063639988143857
DNpe055,i2,0.00020623070672276972
DNg11,hg4,0.0002060483106712225
untyped_720575941434874912,DLM5,0.00020592643433514505
DNg17,iii4,0.00020544108112071204
DNp11,DVM2A,0.00020516635894907156
DNxn131,iii1,0.00020513006630216714
DNa07,b2,0.00020512787067465077
DNpe031,hg4,0.00020507349854031627
DNpe045,iii1,0.0002049985076170889
DNbe005,DVM2A,0.000204835886603158
DNa02,b1,0.00020413791535899744
DNpe053,ps1,0.00020376720030642915
DNpe055,hg4,0.00020366522925893926
DNg15,b3,0.0002032935308624546
DNpe012,hg1,0.00020328876979634934
DNp26,i2,0.00020304986031673779
DNpe013,hg1,0.00020292445324124518
DNp47,hg2,0.0002028947567828058
DNg59,hg4,0.00020222915737851092
DNnt017,hg3,0.00020220054794137845
DNxn144,b1,0.00020208012371657558
DNbe005,b3,0.00020204939591974332
DNg110,b1,0.000202010142517335
DNge110,b3,0.00020179088911065292
DNp26,DLM1,0.00020167400768871416
DNut050,hg1,0.00020157725139278982
DNa06,hg1,0.00020128596241085708
DNp69,DVM3A,0.00020102587589435845
DNg93,DVM1A,0.0002007415745905187
DNge053,DLM5,0.00020048717690980325
DNxn102,iii3,0.00020019856879149354
DNxn187,hg2,0.00019971711660493057
DNge049,hg3,0.00019959860472976566
DNpe055,iii4,0.00019940573632860407
DNut053,i1,0.00019915256271117588
DNp37,DVM2A,0.00019905342904248636
DNxn143,b3,0.0001987728435064
DNp60,DLM5,0.00019868695084467692
DNp60,iii1,0.00019865784639195514
pIP9,DVM2A,0.00019865672065081172
DNg21,DLM1,0.00019825003265086668
DNp57,b2,0.00019789851353086614
DNxn112,hg4,0.00019773662544063923
DNa07,b3,0.00019729725252460057
DNge145,hg4,0.0001972498642486077
DNxn132,hg3,0.00019724260645561772
DNge049,b2,0.0001967984727208626
DNg98,i2,0.00019642692348608912
DNa06,hg2,0.00019641189402810923
DNg94,iii3,0.00019581812584521627
DNxn155,DVM3A,0.0001956488420014006
DNb05,DVM1A,0.00019560393191648919
DNxn172,hg1,0.0001954019892778324
DNg105,DVM3A,0.0001950478439405747
DNxn153,hg2,0.00019484948993659512
DNxl130,hg3,0.0001944182842222742
DNge085,i2,0.000194125765501747
DNxn114,i2,0.00019407904316574658
DNp47,iii1,0.00019407837664179225
DNxn172,iii1,0.0001939168610751261
DNge140,hg3,0.00019378745928930508
DNp51,hg3,0.0001935022521167041
DNp07,DLM1,0.00019335941597332077
DNge095,b3,0.00019330196977335423
DNg79,iii1,0.00019313782016781432
DNxn122,DVM2A,0.00019255615698207898
DNge118,b1,0.0001925179267768945
DNp08,DLM5,0.00019227540167325108
DNg03,i1,0.00019197970848790297
DNp16,b1,0.0001919280777632436
DNxn112,i1,0.00019192676508247028
DNge076,hg3,0.00019159014887264162
DNxn177,DLM5,0.0001915901349414129
DNg42,hg4,0.00019129844032940966
DNg110,b2,0.00019123809728582928
DNxn142,DVM1A,0.00019121695208117374
DNg03,hg2,0.0001909151801543256
DNnt013,b3,0.0001906261997382833
DNg01,iii4,0.0001904308804481103
DNge090,hg2,0.0001900905356089736
DNg29,b3,0.000189923471621883
DNb02,i2,0.00018981250765331492
DNg29,i2,0.0001896253696932455
DNp53,DLM5,0.00018962314971266713
DNge116,hg4,0.00018928791570869873
DNp05,iii3,0.00018897848174461907
DNxn119,hg3,0.00018887685637567682
DNut043,ps1,0.0001885342429134991
DNbe005,DVM3A,0.00018818098944722677
DNd03,hg3,0.00018752258852949329
DNxn117,i2,0.00018726761251059527
DNnt011,b3,0.00018703750930454058
DNg82,b3,0.0001869605968056124
DNge053,iii4,0.000186500704883414
DNge090,hg3,0.00018647187122232856
DNut046,iii4,0.00018620406629979712
DNp57,b1,0.00018596071986527548
DNg79,b1,0.0001858740680716656
DNg100,ps1,0.00018553069752656818
DNb02,iii1,0.00018543300406377485
DNb03,hg1,0.00018538681633552246
DNge140,hg1,0.00018506550515298776
DNge175,i1,0.00018497465420421296
DNp11,iii1,0.00018487084088610685
DNpe014,ps1,0.00018476079734360692
DNp08,DLM1,0.00018473094314854042
DNa16,i1,0.00018455303579779534
DNg44,b1,0.00018424250146722665
untyped_720575941606629485,iii3,0.00018416877747649336
DNxn159,hg3,0.0001841524833944028
DNg01,b1,0.00018386409867043367
DNp11,b3,0.00018313684547563504
DNpe001,iii1,0.00018290807839202772
DNg93,DVM3A,0.00018259793337001447
DNp06,DLM5,0.00018258047731620027
DNg105,DVM2A,0.00018164791693172464
DNxl130,b2,0.00018115305344695517
DNut058,ps1,0.00018113265944488168
DNge133,i1,0.00018067827309614475
DNp48,ps1,0.00018064833423810984
DNg52,DVM2A,0.00018054452227919408
DNp08,DVM2A,0.00018054452227919408
DNa12,i2,0.00018011775552132607
DNp66,hg2,0.00018008961481631041
DNb01,iii1,0.00017944043034743526
DNg111,b3,0.00017916564411465146
DNxn136,iii3,0.00017878376879411568
DNp72,hg3,0.00017836285425078892
DNxn112,iii4,0.0001781578363250633
DNxn109,i1,0.00017802080766639723
DNpe014,i1,0.0001775401117476406
DNg45,hg2,0.00017737845266558886
DNp43,iii3,0.00017698488551935894
DNa15,DVM2A,0.00017691968071462645
DNxn172,iii4,0.0001768684230857984
DNae003,i2,0.00017682520749671483
DNpe054,i2,0.0001765729081606298
DNge110,i2,0.00017595500306432125
DNut037,hg3,0.00017593017373889402
DNa09,DVM3A,0.0001757303355780786
DNxn179,hg4,0.0001756805421297237
DNge089,i1,0.00017546096670052432
DNxn179,b1,0.00017544213544228244
DNpe042,hg1,0.00017540265599078837
DNg105,DLM1,0.00017516605380940594
DNge093,hg1,0.00017465193800995292
DNxn122,i2,0.000174502701098791
DNpe039,iii3,0.00017433896583488346
DNp37,iii4,0.00017431901873573408
DNg92,b2,0.0001742382758544241
DNge014,b3,0.0001740511988393046
DNit005,b1,0.00017366019179934457
DNge133,i2,0.00017335864748061462
DNg17,b1,0.00017334598741079312
DNp72,i2,0.00017297202601613382
DNxn159,hg2,0.00017293096468458779
DNxn102,hg3,0.0001725330274840132
DNde006,iii3,0.00017251181117798123
DNut050,b1,0.00017238337091407183
DNge053,b2,0.00017237770648288102
DNp54,iii1,0.00017235680010883284
DNge049,ps1,0.0001714455329655977
DNxn136,b2,0.00017143726786962937
DNpe020,iii3,0.00017130695038451553
DNge048,DLM1,0.0001712646501945111
DNa07,iii4,0.00017086267195770845
DNp06,DLM1,0.00017073198147966986
DNg04,ps1,0.00017050601891684095
DNg68,hg3,0.00017035342514586885
DNpe013,iii4,0.0001702060878692321
DNxn187,b1,0.00017012509992068514
DNp54,hg1,0.00016987614152245772
DNut046,b2,0.00016980178931188955
DNge004,iii4,0.0001695736817021849
DNd03,iii4,0.00016949141599381879
DNp53,iii3,0.00016901931531881632
DNp01,i2,0.00016879141401971573
DNnt012,b3,0.0001684584078269972
DNg44,hg1,0.00016842697165652567
DNge145,hg1,0.0001682171153929215
DNge140,hg4,0.00016796412864746702
DNp42,hg2,0.00016793651414232375
DNp01,iii1,0.00016784173654873103
DNg01,ps1,0.0001675675023118723
DNae001,ps1,0.00016736011594337526
DNp15,hg3,0.00016715190953048748
DNxn176,i1,0.00016687618840491368
DNxn168,DVM2A,0.00016682377940427666
DNg41,i1,0.00016659654212607843
DNp63,DLM5,0.00016652476684760796
DNpe031,i2,0.0001661815674368465
DNp28,ps1,0.00016616955333323083
DNg39,iii4,0.0001658849083279455
DNge118,iii4,0.00016571506845060592
aSP22,DVM3A,0.00016492902433391018
DNit007,DLM5,0.00016481955606392418
DNge090,b3,0.00016479344990592853
DNg98,hg1,0.00016474662888503239
DNge109,b3,0.00016469783806285303
DNge092,iii4,0.00016455989886679376
DNxn144,hg1,0.00016447912006634948
DNut046,hg4,0.000164375956089514
DNp01,b2,0.00016428541736173457
DNp12,b3,0.00016415123433255897
DNg79,DVM2A,0.00016412002386064498
DNut048,hg1,0.0001638279950893807
DNxn127,b3,0.00016366306082693803
DNxl112,DVM3A,0.000162808760231177
DNp41,hg1,0.0001626184701633529
DNp59,hg4,0.00016258405531908263
DNp103,iii3,0.00016256183350277697
DNp35,i2,0.000162536031165639
DNg92,b3,0.00016243999424890115
DNg74,hg2,0.00016157997835708154
DNp19,DVM1A,0.0001614644894863849
DNp72,hg1,0.00016122717121433612
DNp11,DLM5,0.0001611455960776333
DNp02,hg1,0.0001608890798973491
DNp103,i1,0.00016076167461827944
DNg15,DLM5,0.00016045255097387606
DNge084,DVM1A,0.000160176999882557
DNg35,hg3,0.00016015207637870498
DNa07,hg4,0.0001598677240191511
DNge175,ps1,0.0001592854790480208
DNp47,hg1,0.00015836107543169885
DNg37,b3,0.00015828264799439158
DNp67,DVM1A,0.00015820740507410604
DNg42,hg2,0.00015786716928691647
DNxl112,iii1,0.00015779885977083608
DNa12,hg4,0.000157695013155397
DNut048,hg3,0.0001573569861181672
DNg12,hg4,0.00015731495867443064
DNb03,DVM2A,0.000157203221124825
DNxn187,hg1,0.00015720268229809403
DNb02,b1,0.00015659234421911322
DNge015,hg2,0.00015651165559790902
DNp53,hg2,0.0001560508646141462
DNge049,b3,0.00015603966732388264
DNa02,b2,0.00015587064061331924
DNg75,hg4,0.00015578764341325952
DNa04,iii1,0.0001557215151397771
DNut062,b2,0.00015555054326636447
DNae003,DLM5,0.00015536863279169154
DNxn155,hg1,0.0001551973405143553
DNut051,hg1,0.00015513983161124777
DNp69,hg1,0.00015496253477088846
DNg52,hg2,0.0001546980430697552
DNxn176,i2,0.00015467796275878235
DNxn173,b3,0.00015439149238561859
DNht001,b1,0.0001542430478949754
DNge094,hg3,0.00015397831333015445
DNpe054,hg2,0.0001538750080507203
DNut050,ps1,0.00015341337944814345
DNpe045,iii4,0.00015329292109369814
DNut054,i2,0.00015317151517796866
DNp73,DLM1,0.0001528930530222781
DNge004,b1,0.00015253947400344794
DNp59,DVM3A,0.00015242474523112867
DNg94,ps1,0.00015202856553658478
DNg87,iii1,0.00015184228269483134
DNg37,i1,0.00015163287662263734
DNg106,DVM1A,0.00015161999484818758
DNxn132,i2,0.00015140684720199989
DNxn112,b3,0.00015128306918158548
DNa07,DVM1A,0.00015088151987228954
DNpe031,DLM5,0.00015068363876925226
DNp42,DLM5,0.00015064607742810976
DNxn154,DVM2A,0.00015045376856599504
DNge099,DVM2A,0.00015045376856599504
DNg42,hg3,0.00015018923604011932
DNge014,hg4,0.00015013795976260154
untyped_720575941436586784,iii3,0.0001501307277675661
DNge048,DLM5,0.0001497178657299597
DNg108,hg2,0.00014954129433997318
DNg07,DLM5,0.00014932341957370852
DNxn113,iii3,0.0001489532311679671
DNpe055,b1,0.00014858391722320525
DNpe031,i1,0.00014836407344027806
DNg41,DLM1,0.00014822217946104717
DNge145,b1,0.0001482028865462903
untyped_720575941436586784,DLM1,0.0001480148172901768
untyped_720575941436586784,hg4,0.00014766978895753313
DNnt015,hg3,0.00014683800556178087
DNp42,hg4,0.0001467452665257986
DNut054,ps1,0.00014668868923613316
DNg94,iii1,0.00014651099817119084
DNg03,iii1,0.00014645581380693293
DNxn178,iii3,0.00014642005121696104
DNp45,DLM1,0.00014641863288888393
DNut051,iii4,0.00014630973669835936
DNg93,b1,0.00014630060661906176
DNg110,iii3,0.00014560361203086648
DNg82,DVM3A,0.00014553411163762181
DNge088,hg1,0.00014524968814123713
DNxl080,DVM1A,0.00014493349674206795
pIP9,i2,0.0001448099581402098
DNge095,b1,0.0001447990183829093
DNge118,i1,0.00014476686467893165
DNg89,hg3,0.00014468572093650654
DNge003,DVM2A,0.00014443561782335527
DNp38,iii1,0.00014409990714324677
DNg71,DLM1,0.00014407657242732316
DNg09,hg4,0.00014398531615192645
DNp10,DLM1,0.00014365098471033874
DNp22,DVM1A,0.0001428747713910971
DNp43,DVM1A,0.00014280605019843725
DNge014,hg1,0.00014268316149625753
DNge089,hg1,0.00014249389223971418
DNge118,hg4,0.00014224268388704305
DNxn154,hg2,0.00014209318625459756
DNit003,i1,0.00014169372379796804
DNxn151,DLM5,0.00014142578099828835
DNg37,i2,0.0001413012758644884
DNxn187,DLM5,0.00014047563364158488
DNa12,ps1,0.0001404133534337273
DNxl112,iii4,0.00014023907352321671
DNnt011,iii4,0.00014021597919606916
DNg105,DLM5,0.00013975783252085218
DNnt011,i1,0.00013874467471969488
DNxn142,DVM2A,0.00013866398843034617
DNit007,b2,0.0001386578253163335
DNp18,DVM3A,0.00013846541797147012
DNp41,b3,0.0001383475544864783
DNp73,ps1,0.0001381747440453584
DNpe055,i1,0.00013778652356100356
DNp15,hg2,0.00013773568107401177
DNp35,i1,0.0001377092108287344
DNp26,DVM3A,0.00013768823630314213
DNxl113,hg2,0.00013766169988305876
DNg59,DLM5,0.0001376083474999185
DNg68,hg4,0.0001374754890479894
DNpe042,iii3,0.00013746839611644227
DNxl108,b2,0.00013729648726678803
DNxl068,b2,0.00013699736004907847
DNge094,b2,0.0001369240883887626
DNa12,DVM2A,0.00013622331835609215
DNpe011,b3,0.00013598824260205826
DNg55,hg4,0.00013578396777782706
DNge099,hg2,0.00013573654333175593
DNxn113,hg2,0.0001354572398650059
DNp32,hg2,0.00013534109502500778
DNxn136,iii4,0.0001351987279846177
DNge004,hg3,0.000135154208092522
DNge150,iii3,0.00013506228123018568
DNg75,hg1,0.0001348259411915255
DNut051,ps1,0.00013444116081515493
pIP9,b2,0.00013434938329392492
DNge073,iii4,0.00013432581299839625
DNp49,DVM3A,0.00013424372573125779
DNp28,DVM1A,0.00013421782338042263
DNp26,DVM2A,0.0001341923657085743
DNxl080,hg1,0.00013399349159063848
DNge083,b2,0.00013366076583341423
DNxn106,hg1,0.00013346888021522046
DNpe014,DVM1A,0.00013331687408945806
DNb01,i2,0.00013258531639711319
DNg37,b2,0.00013225202398738605
DNa07,ps1,0.00013200686065598078
DNxl114,hg3,0.00013154867953065293
DNge093,b2,0.00013140573435891314
DNp70,DVM3A,0.00013121402565624877
DNxn168,ps1,0.0001309858184289451
DNd03,hg1,0.00013043060611217584
DNd03,hg2,0.0001300679977073515
DNb03,DVM3A,0.00012986659404582015
DNxl080,iii3,0.00012976071698899994
DNnt020,b3,0.00012971012835694137
DNg04,DLM5,0.0001296495390331138
DNxn175,b3,0.00012958349760708616
DNg79,b3,0.00012925240421901547
DNg08,DVM3A,0.0001291358993928652
DNpe042,hg4,0.00012890427669761068
DNge004,b2,0.0001287134798436805
DNp01,ps1,0.0001286421523012936
DNut037,DVM1A,0.00012856304969326258
pIP9,iii4,0.00012828872087760113
DNg33,DLM1,0.00012825538368688773
DNxn113,i2,0.00012812361118563393
DNxn117,iii3,0.00012809225982559665
DNpe032,b3,0.00012804373026686314
DNge154,iii3,0.00012764311246609843
DNp11,DVM1A,0.00012736765733095914
DNp02,DLM1,0.00012728044428088453
untyped_720575941436586784,DLM5,0.0001272228957425768
DNxn159,i1,0.00012701878048685994
DNp51,i2,0.00012689403914622877
DNg01,DLM5,0.0001268672237552073
DNxl121,iii1,0.0001267400453168616
DNxl123,iii1,0.00012652102339197953
DNxn177,ps1,0.00012609228103096273
DNg111,i1,0.00012608420373961372
DNp68,DVM2A,0.00012607974543899015
DNht001,b2,0.00012578955786055304
DNut054,hg3,0.00012570060745022043
DNxn152,hg2,0.00012544802621421343
DNg03,b2,0.00012524986726456357
DNp49,DVM2A,0.00012512648755259122
untyped_720575941436586784,i1,0.00012504373522096343
DNp70,i1,0.0001250095904629157
DNp64,ps1,0.00012496474845470734
DNp28,iii1,0.00012479458742153067
DNa06,iii4,0.00012478986037766656
DNg01,DLM1,0.00012455733053465704
DNg41,DLM5,0.0001244357645031879
DNp69,b2,0.000124409890619708
DNg52,ps1,0.00012439584903920292
DNg48,hg2,0.00012427454732996134
DNge004,ps1,0.00012426449112760372
DNa07,iii3,0.00012423125711091983
DNxn109,b2,0.0001241286328620562
DNg98,hg4,0.00012399729578640417
DNge035,ps1,0.0001237481520444949
DNp02,hg4,0.00012366331014204655
DNp43,DVM2A,0.0001231291214053137
DNxn007,DVM2A,0.0001229911899220504
DNp12,hg3,0.00012290128390938704
DNd03,ps1,0.00012248696138275557
DNp02,b1,0.00012242038839344993
DNxn168,b2,0.00012230335657258416
DNxl130,b1,0.0001222235098977221
DNxn142,DLM1,0.0001220489853238269
DNge133,ps1,0.00012184951493514737
DNxn117,iii1,0.00012176213692755163
DNxn106,b2,0.00012159740098098783
DNxn153,DVM3A,0.00012154307951415445
DNxl108,hg1,0.00012122719861337614
DNge116,iii4,0.00012106255686369932
DNge131,b2,0.00012086875327945324
DNxn142,DVM3A,0.00012076110698647371
DNxn146,hg1,0.00012069347780535682
DNp73,DLM5,0.00012067151706754737
DNxn172,b2,0.00012059208908094508
DNxl096,hg3,0.0001205792400820095
DNg87,hg2,0.0001205164070303892
DNxn142,hg3,0.00012042691583657733
DNg106,DLM5,0.00012039327684338995
DNnt007,hg3,0.00012009716168321613
DNa16,DLM5,0.00011999300296471364
DNge085,hg2,0.00011996510861284428
DNp68,DLM5,0.00011990656927500587
DNp38,hg4,0.00011985702468574812
DNge128,ps1,0.00011953232847121645
DNa16,DLM1,0.00011951386032034713
DNge154,b2,0.00011941770715426133
DNg04,DLM1,0.00011908286910779201
DNb05,DVM3A,0.0001189123191764562
DNg46,b3,0.00011853371505145331
DNp10,iii3,0.00011827400378682571
DNxn118,hg1,0.00011821141412109521
DNxl106,i2,0.00011765410586648846
DNp06,DVM2A,0.00011761186116505314
DNpe016,i2,0.00011743447353745473
DNxn153,b3,0.00011739053949072264
DNde006,i2,0.00011724800511311046
DNp41,b1,0.00011722784742929295
DNut048,b1,0.00011718448992425252
DNg110,iii4,0.00011703947743163455
DNxn155,ps1,0.00011696410048248542
DNp43,DVM3A,0.0001168500309199848
DNa04,DVM3A,0.00011662646580357971
DNp68,DLM1,0.0001163370647844888
DNxn142,DLM5,0.00011620024463342534
DNge114,b1,0.00011613244259898176
DNp103,hg4,0.00011610115828104161
DNp73,DVM1A,0.00011590919411188106
DNpe011,hg1,0.0001158096440037665
DNg56,DVM2A,0.00011566675041105228
DNp72,DLM1,0.00011562164017333564
DNg01,i1,0.00011534977340217094
DNg91,DLM1,0.00011530673345830675
DNge007,hg4,0.0001152813343844537
DNg07,DVM2A,0.00011507380965073211
DNg108,iii3,0.00011502366828814837
DNg07,DVM3A,0.00011486469324679293
DNxn172,iii3,0.0001148539155931028
DNp07,b1,0.0001147049026565667
DNa05,DVM3A,0.00011454868809601131
DNxl102,hg2,0.0001145193880980835
DNut048,b2,0.00011420596440430574
DNg12,hg1,0.00011408769334765184
DNg37,DVM1A,0.0001139624809997773
DNxl112,b3,0.00011388120823406689
DNg108,i1,0.00011371920988995036
DNg97,hg3,0.00011349389208278989
DNp22,DVM3A,0.00011329234181670958
DNxn163,DVM1A,0.0001132418486256748
DNge050,ps1,0.00011319694908765675
MDN,iii4,0.00011309445271709423
DNp69,iii3,0.00011299014756754187
DNp12,i1,0.00011297370713586017
DNpe014,DLM5,0.00011281623451648491
DNp10,ps1,0.00011258903855627783
DNg93,b2,0.00011244689160288668
DNpe031,b3,0.00011236607093636815
DNg98,hg2,0.00011217224689229666
DNg18,i1,0.00011210695777771174
DNg09,hg1,0.00011209169163934162
DNxn171,DLM1,0.00011201997431678365
DNge038,hg4,0.00011196545755340837
DNp69,DVM2A,0.00011163815965052021
DNp42,b3,0.0001116184880874434
DNb05,DVM2A,0.00011144827882232369
DNg72,b2,0.00011114868446422902
DNa05,DVM2A,0.00011084788881737332
DNg20,hg3,0.00011073715662561276
untyped_720575941434874912,hg1,0.00011052290323109107
DNg45,DVM3A,0.00011012835807970044
DNp103,DLM5,0.00010974829394509017
DNp70,b3,0.00010954474995342444
DNge014,iii4,0.00010861138912312262
DNxn131,b3,0.00010859276727304223
DNp06,iii3,0.00010812318727930252
DNpe008,b1,0.00010784748459536626
DNa12,iii4,0.0001077959710910714
DNp54,ps1,0.00010762730183969316
DNge035,hg2,0.00010743808344514715
DNge050,iii4,0.00010733929096485054
DNxn187,i1,0.00010733259641508822
DNxn155,hg2,0.00010709754236443717
DNxn159,DVM3A,0.00010704127041923287
DNa03,i2,0.00010698657393753578
DNp02,DVM2A,0.00010694512721305242
DNxn152,hg4,0.00010687703781512264
DNxn179,hg1,0.00010671734127407016
DNxl125,iii1,0.00010669510539997946
DNxl080,b2,0.00010669100183779028
DNge090,i2,0.00010653014827535071
DNxl111,hg4,0.00010638339172014614
DNg105,i2,0.0001063727992898187
DNge049,iii3,0.00010633516967225813
DNp42,i1,0.00010628750913585898
DNpe025,hg3,0.0001062581509991899
DNge088,iii3,0.00010613904869832602
DNg42,DLM1,0.00010604738519484334
DNg68,DLM5,0.00010601482693079503
DNg56,b2,0.00010595130228235258
DNp72,DLM5,0.0001059495630187533
DNp04,b2,0.00010589435963201958
DNxl108,iii1,0.00010549610865774236
DNxl073,b3,0.00010537163558075126
DNge110,ps1,0.00010491222674794074
DNge099,ps1,0.00010488075204662528
DNpe004,i2,0.00010484594797775348
DNut054,hg2,0.00010456359481696522
DNb06,DLM1,0.00010452237104928788
DNpe042,DVM3A,0.000104420425652955
DNxn154,ps1,0.00010418086824393112
DNg65,hg3,0.00010412508090904435
DNp47,hg4,0.00010405432409020353
DNg55,iii1,0.00010380689831838783
DNp34,iii1,0.00010375871027348023
DNg75,hg2,0.0001034146871546278
DNxl080,hg2,0.00010338434564223688
DNge109,iii4,0.00010317420618209051
DNxn106,iii3,0.00010278053465149368
DNp10,DVM2A,0.00010253719533702605
DNg91,DLM5,0.00010240210216029367
DNpe031,b2,0.00010193749517189537
DNpe012,iii4,0.00010184124179767795
DNg71,DLM5,0.00010177233557465091
DNge035,iii4,0.00010171429936874833
aSP22,iii1,0.00010157646092388893
DNg24,i2,0.00010130683180525674
DNge148,hg4,0.00010123006198586553
DNxn172,DVM1A,0.00010109541831114091
DNp63,b2,0.00010107750178062273
DNxn178,DLM1,0.00010107012824314774
DNp55,i2,0.00010088312168081865
DNxn146,hg2,0.00010076657003594946
DNp04,DVM2A,0.0001007420084225294
DNa07,b1,0.00010065038281426436
DNp19,DVM3A,0.00010057460234067503
DNp07,DLM5,0.00010046646960593358
aSP22,DVM2A,0.00010044115639158868
DNxn176,iii1,0.00010009120737239851
DNp06,DVM3A,9.982068291448399e-05
DNxl080,DVM3A,9.972340139536129e-05
untyped_720575941436586784,hg1,9.968994288265647e-05
DNa07,DVM2A,9.965127288618501e-05
DNp46,hg3,9.961959364146014e-05
DNb03,b2,9.947706611291367e-05
DNg36,iii3,9.936019195383885e-05
DNp16,b2,9.932826079135743e-05
DNp103,DVM3A,9.932819023534783e-05
DNpe020,DLM1,9.92602950045143e-05
DNg32,DVM2A,9.917990868910262e-05
DNp67,DVM3A,9.915112605572162e-05
DNg106,ps1,9.911187321011899e-05
DNut048,b3,9.88584232182649e-05
untyped_720575941436586784,i2,9.883566779238359e-05
DNxn127,hg2,9.856880874403235e-05
DNge090,DLM1,9.851059180670372e-05
DNnt012,i1,9.849882162459077e-05
DNxn007,DVM3A,9.848859137155281e-05
DNxn106,b1,9.842255803995072e-05
DNxn181,DLM5,9.838730579925329e-05
DNxl112,b2,9.822835845142e-05
DNa01,hg3,9.819621933426727e-05
DNge129,iii1,9.814941298583959e-05
DNp41,i1,9.810168382030296e-05
DNpe042,b1,9.789753391450282e-05
DNxl100,iii1,9.778137304741305e-05
DNxn104,hg1,9.775002313916902e-05
DNxn122,DVM3A,9.765603136647614e-05
DNa14,iii4,9.765264649096958e-05
DNp71,hg2,9.764428718782677e-05
aSP22,hg1,9.762581512953894e-05
DNpe031,hg1,9.756472258467945e-05
DNg17,b2,9.731811600353285e-05
DNxn109,b1,9.727711422556984e-05
DNp23,DVM3A,9.715615828357454e-05
DNxl127,DLM5,9.70399455680059e-05
DNxn175,i2,9.693105691349735e-05
DNp04,hg2,9.690123437478472e-05
DNpe042,DLM5,9.684933897984247e-05
DNg106,DVM3A,9.644887954935801e-05
DNxl068,DLM5,9.640251708768864e-05
aSP22,i2,9.62444150820438e-05
DNge154,i2,9.623099089902449e-05
DNxn106,iii4,9.62186916101963e-05
DNa14,iii1,9.606720734018803e-05
DNp17,ps1,9.600141311559904e-05
DNge154,hg1,9.583767736127564e-05
DNxl114,hg4,9.565108344289585e-05
DNb09,b3,9.561225383852152e-05
DNxl134,hg2,9.518625792073716e-05
DNg59,iii4,9.512056570880101e-05
DNp12,DVM1A,9.500190530098348e-05
DNg59,DLM1,9.492829098095024e-05
DNb02,i1,9.491528600268777e-05
DNge032,hg1,9.478880348564506e-05
DNht001,iii4,9.47752773653765e-05
DNut062,iii3,9.46939692000385e-05
DNg111,b2,9.469223699010504e-05
DNut053,b2,9.462159270767409e-05
DNxn113,hg3,9.459393748906508e-05
DNp26,DLM5,9.416618183729303e-05
DNge092,hg2,9.39920004498045e-05
DNg11,i1,9.397528119439423e-05
DNp08,b3,9.390675824393569e-05
DNxn143,i1,9.382121125645034e-05
DNg45,ps1,9.368142064847814e-05
DNge095,iii4,9.362191894156607e-05
DNge154,iii4,9.35923340322848e-05
DNge049,hg2,9.357822890292326e-05
DNg36,i1,9.350378397635488e-05
DNxl108,b1,9.347948611650477e-05
DNg27,iii1,9.32890870115568e-05
DNge006,hg2,9.31244883500807e-05
DNxn181,i2,9.276923434448255e-05
DNa09,DVM1A,9.26237988297819e-05
DNge140,i2,9.260638141889778e-05
DNxn176,b3,9.259140806530683e-05
DNg59,iii1,9.216684349228664e-05
DNge071,hg1,9.215720166641385e-05
DNbe002,b2,9.214957663851647e-05
DNxl130,i1,9.199411891022119e-05
DNge093,i1,9.188082189482243e-05
DNg16,hg2,9.17764540534026e-05
DNg88,hg3,9.170356086525093e-05
DNg44,DLM5,9.16590121704096e-05
DNg30,iii1,9.147323972024033e-05
DNxn177,DLM1,9.145865401842365e-05
DNxn181,b3,9.143939911576315e-05
DNit005,b2,9.142323583255801e-05
DNxn172,DVM2A,9.13863733096898e-05
DNp07,iii1,9.129899271701109e-05
DNxn181,ps1,9.129264393676115e-05
DNp04,iii4,9.092591797549622e-05
DNxl117,hg1,9.088068862013185e-05
DNa01,b3,9.058002995228356e-05
DNut037,DVM2A,9.053591653542839e-05
DNg71,i2,9.053305254702486e-05
DNxl134,DVM2A,9.021742969490836e-05
DNxl129,b2,9.009846759222865e-05
DNge131,b1,9.007454072771599e-05
DNxn176,DLM1,9.003213665443566e-05
DNb09,b2,8.986080322258504e-05
DNg105,i1,8.985407884305662e-05
DNxl105,hg2,8.979868603070776e-05
DNb02,DLM5,8.979198567520806e-05
DNit007,b1,8.97312174881586e-05
DNpe008,b2,8.970801429701567e-05
untyped_720575941436586784,b3,8.962609869819263e-05
DNge093,b1,8.96114101241535e-05
DNd03,hg4,8.954404214809862e-05
DNut043,b2,8.928028863393466e-05
DNxn168,hg1,8.926181436173894e-05
DNxn136,b1,8.922893068847108e-05
DNp42,hg3,8.91837785656386e-05
DNge109,hg1,8.905793612714639e-05
DNpe012,i1,8.886935268232726e-05
DNxn146,iii4,8.855183572347096e-05
DNxl108,iii4,8.836107691643656e-05
DNnt011,b2,8.803681000934955e-05
DNxl130,hg4,8.78443040047818e-05
DNpe031,b1,8.784131337667856e-05
DNg73,hg3,8.781661332893839e-05
DNit003,iii3,8.757714418498903e-05
DNp73,iii1,8.738326709397765e-05
DNg92,iii1,8.729120548465306e-05
DNge071,iii4,8.728208190734318e-05
DNxn144,hg2,8.726158818447518e-05
DNp71,hg3,8.716714443627762e-05
DNg39,ps1,8.710771669614563e-05
DNg18,b3,8.702338302140102e-05
DNpe004,hg2,8.697181358258954e-05
DNp10,DLM5,8.688017146838244e-05
DNp34,hg2,8.680394590983305e-05
DNg96,hg3,8.680072049468401e-05
DNxn153,DVM1A,8.670688037327587e-05
DNge049,i1,8.629870012684796e-05
DNg106,DVM2A,8.62678320747515e-05
DNp55,hg1,8.623102811677801e-05
untyped_720575941606629485,i2,8.610708590319597e-05
DNde001,hg3,8.606893391994789e-05
DNxl049,iii4,8.600348606535991e-05
DNge093,hg4,8.587618800035034e-05
DNa12,iii1,8.55519651299433e-05
DNnt012,hg4,8.536836131741314e-05
DNge048,b1,8.521648341767752e-05
DNxn181,DVM1A,8.520940685910208e-05
DNpe039,b3,8.519635859165702e-05
untyped_720575941606629485,hg4,8.517818917461636e-05
DNxl120,iii1,8.506282458772764e-05
pIP9,DVM3A,8.49033596323144e-05
DNxn126,ps1,8.488864906984228e-05
DNut054,DVM1A,8.476778438804502e-05
DNge111,b3,8.467696738420608e-05
DNpe006,b2,8.446541169756544e-05
DNb06,DVM1A,8.438446503352572e-05
DNge116,hg2,8.41315288452194e-05
DNg70,iii1,8.395695591452536e-05
DNp45,DLM5,8.389810825936919e-05
DNxl111,b1,8.374724369111523e-05
DNxn113,ps1,8.372892980885233e-05
DNge133,b3,8.356838018876385e-05
DNge049,hg4,8.352324690267468e-05
DNpe011,i1,8.34101204556584e-05
DNut058,iii1,8.33757289658398e-05
DNg41,b2,8.336602892529627e-05
DNxn117,hg3,8.333887704213393e-05
DNbe007,hg4,8.321942464655713e-05
DNp41,b2,8.32083312108875e-05
DNp70,DVM2A,8.317673515911402e-05
DNg109,iii1,8.304551865471026e-05
DNxn130,b2,8.273944474840509e-05
DNge014,b1,8.242035092662916e-05
DNge109,b2,8.23861571232207e-05
DNp38,hg1,8.235754529643978e-05
DNg33,DLM5,8.199301207942214e-05
DNxn171,DLM5,8.196791185760929e-05
DNb09,DLM5,8.181186708681413e-05
DNp54,b2,8.172672222904871e-05
DNge109,b1,8.168463589247412e-05
DNp16,ps1,8.159180434239339e-05
DNp47,hg3,8.107044142489987e-05
DNg98,b1,8.086502472159327e-05
DNxn007,b1,8.085438718061055e-05
DNge145,iii4,8.08283923720704e-05
DNp20,hg4,8.060952959781203e-05
DNxl117,hg4,8.054938426552073e-05
DNpe054,iii3,8.052652224245248e-05
aSP22,i1,8.049653914655642e-05
DNg100,DVM3A,8.033286706864135e-05
DNxn177,iii3,7.986548248197875e-05
DNge145,hg2,7.985402726388912e-05
DNnt008,hg1,7.971589103547429e-05
DNxl093,ps1,7.968821898081096e-05
DNbe007,hg1,7.966835474053076e-05
DNpe001,i2,7.9382690278761e-05
DNp37,hg4,7.936687865122648e-05
DNa04,DVM2A,7.935638615222858e-05
DNb09,DVM1A,7.933328349654756e-05
DNpe012,hg4,7.914054344044141e-05
untyped_720575941434874912,ps1,7.899425456364426e-05
DNp23,DVM2A,7.896612864898459e-05
DNp38,hg2,7.879680633913563e-05
DNxn106,b3,7.878909805462577e-05
DNg46,iii4,7.878584453138719e-05
DNp38,b2,7.86651968854484e-05
DNxl121,hg2,7.861307771808003e-05
DNge006,hg3,7.847727550803292e-05
DNge116,b3,7.825525945626107e-05
DNpe013,b3,7.824292269332077e-05
DNxn144,iii4,7.823857981619513e-05
DNg87,iii3,7.822179510638863e-05
DNge049,b1,7.801547658672053e-05
DNge093,DLM5,7.798182552267039e-05
DNd03,b3,7.788880355760586e-05
DNxn159,DLM1,7.787972462490708e-05
DNxn144,b2,7.761652884515778e-05
DNd03,i1,7.756259744685376e-05
DNp70,DLM5,7.748350162202627e-05
DNge142,hg2,7.747707449247246e-05
DNp26,iii1,7.739878683220722e-05
DNxl049,hg2,7.733288376594356e-05
DNg68,hg2,7.729769940535465e-05
DNp72,iii4,7.713886996410696e-05
DNxl121,DVM1A,7.684336271491799e-05
DNge148,hg3,7.67800324824947e-05
DNxn173,i1,7.674933507508704e-05
DNg29,iii1,7.672063314104165e-05
DNbe007,hg2,7.645382410321101e-05
DNg52,hg3,7.643678677733515e-05
DNg97,iii4,7.637798095504409e-05
DNg56,iii4,7.632451250214562e-05
DNnt011,hg4,7.618559407052985e-05
DNg111,hg3,7.614462590497003e-05
DNbe002,hg4,7.611539770873957e-05
DNg30,i2,7.59870122889413e-05
DNg106,DLM1,7.593569801492009e-05
DNg111,ps1,7.591251929486492e-05
DNp47,DVM2A,7.586814255166081e-05
DNfl042,b2,7.584363923410701e-05
DNb04,b2,7.580988578500727e-05
DNge089,iii4,7.571943208039292e-05
DNxn176,hg2,7.571545821724559e-05
DNd04,iii1,7.566452433372585e-05
DNxn152,hg1,7.562688377693077e-05
DNp68,iii4,7.552869018841585e-05
DNxn104,hg4,7.550292382394826e-05
DNxl106,b2,7.547774302092133e-05
DNxn153,DVM2A,7.538010315466778e-05
DNp43,hg2,7.528611374753946e-05
DNge088,i1,7.527982198793405e-05
DNnt020,hg3,7.512723441641144e-05
DNge114,b3,7.509119520566095e-05
DNxn175,hg3,7.491819829203584e-05
DNxl111,b2,7.488804237664692e-05
DNge110,DLM1,7.486410206894103e-05
DNge110,hg1,7.484523441179372e-05
DNp70,iii3,7.48398550465209e-05
DNut050,b3,7.481337291889707e-05
DNxn175,i1,7.480693717071095e-05
DNge131,iii1,7.473277435254621e-05
DNg110,i1,7.471957611023416e-05
DNge089,i2,7.463044019230238e-05
DNg36,DLM1,7.454460141054217e-05
DNge035,DLM5,7.450377127360641e-05
DNg26,ps1,7.449888218999631e-05
DNp09,hg3,7.44022186811132e-05
DNge093,b3,7.431314087788047e-05
DNp41,iii1,7.411015393636818e-05
DNp34,hg4,7.404086723009942e-05
DNxn109,i2,7.374955162850996e-05
DNnt020,b2,7.370187586731314e-05
DNp69,b1,7.357112290507619e-05
DNxl121,hg3,7.356333530713148e-05
DNxn172,hg4,7.35397933482882e-05
DNbe005,DLM1,7.331806914244495e-05
DNge154,i1,7.321172359286512e-05
DNpe013,hg2,7.303808177555074e-05
DNg90,iii4,7.280837519664567e-05
DNxn172,DVM3A,7.268745941136955e-05
DNp103,DLM1,7.257549766119222e-05
DNg98,b2,7.25076339863468e-05
DNxl068,DLM1,7.245018738922657e-05
DNge093,iii4,7.225727395431976e-05
DNge142,iii1,7.224786798045682e-05
DNge050,iii1,7.218039251083514e-05
DNge154,b1,7.211469358519968e-05
DNg20,hg4,7.209205915390236e-05
DNge035,DLM1,7.195291914558499e-05
DNxl129,hg3,7.185868865236204e-05
DNge049,hg1,7.181199048427375e-05
DNpe014,b3,7.178943357787509e-05
DNp34,hg1,7.170333462317729e-05
DNxn179,DVM1A,7.147757045360949e-05
DNb02,DLM1,7.143740484278716e-05
DNge038,hg1,7.13194785104639e-05
DNp67,b2,7.124531364988764e-05
DNge154,hg4,7.117013649916588e-05
DNp15,b2,7.073358815142873e-05
DNae001,DVM1A,7.055219848406744e-05
DNxl134,DLM1,7.035053377679387e-05
DNxn176,DLM5,7.027875656799436e-05
DNg93,b3,7.024775705383417e-05
DNxn168,i2,7.02287836672194e-05
DNpe025,iii4,7.013792141544153e-05
DNge048,iii1,7.013375731229145e-05
DNp55,DVM1A,7.010421359965538e-05
DNp11,iii3,7.006004661057184e-05
DNge139,hg4,6.998184561754329e-05
aSP22,b3,6.997049820548244e-05
DNge092,b3,6.995430560764873e-05
DNnt020,i1,6.986011837516872e-05
DNp09,hg4,6.980563820991458e-05
DNge085,hg1,6.966665855572407e-05
DNxn173,hg2,6.959611217549215e-05
DNg46,hg4,6.95555815325308e-05
DNnt012,hg1,6.927735546807766e-05
DNxn144,b3,6.91866849630766e-05
DNge090,DLM5,6.913844785959052e-05
DNb09,DVM3A,6.904619757646582e-05
DNxl111,hg3,6.902824482177569e-05
DNxn125,DVM2A,6.89319932505878e-05
DNp73,DVM3A,6.888311691249397e-05
DNxl100,iii4,6.82097876502128e-05
DNxl113,iii4,6.816463355939637e-05
DNxn175,hg1,6.807716452155749e-05
DNp28,DVM2A,6.805123792819054e-05
DNp37,hg1,6.802133806580776e-05
DNxn162,iii1,6.798459663282004e-05
DNxn159,DVM2A,6.798414414579498e-05
DNxn159,iii1,6.785416416473045e-05
DNxn104,b3,6.782075562420094e-05
DNge093,i2,6.780847004643073e-05
DNpe025,hg2,6.779283894707807e-05
DNxl130,b3,6.77753786446405e-05
DNxn142,iii1,6.768395223016281e-05
DNg44,DLM1,6.766977582396866e-05
DNxn173,DVM2A,6.743417331162709e-05
DNa08,b1,6.741810336869437e-05
DNge053,i1,6.727589311214538e-05
DNp55,iii1,6.712658556230774e-05
DNxl112,b1,6.70661841571419e-05
DNg94,i2,6.698583689563534e-05
DNxl129,hg2,6.688905795657041e-05
DNp38,i2,6.683621642258911e-05
DNxn143,hg1,6.669466314853323e-05
DNg12,i1,6.652506635635143e-05
DNp67,iii1,6.652198701675873e-05
DNae002,DVM1A,6.648718061951942e-05
DNpe001,hg1,6.625321282411356e-05
DNge099,hg3,6.612666842678766e-05
DNxl120,iii3,6.59562218816484e-05
DNge099,iii1,6.589645334929294e-05
DNxn172,DLM5,6.581719737159644e-05
DNpe001,hg4,6.577932717782636e-05
untyped_720575941436586784,iii4,6.574234534072778e-05
DNg93,ps1,6.570395370887517e-05
DNxn172,DLM1,6.568949863580025e-05
DNge109,hg4,6.558515446653481e-05
DNp15,DVM1A,6.55047710952927e-05
DNge038,hg3,6.549263689516705e-05
DNp72,DVM1A,6.546788167381602e-05
DNge092,b2,6.543473489231913e-05
DNp63,b3,6.539571593645283e-05
DNge145,b2,6.53731576776583e-05
DNxl117,hg2,6.530505624397969e-05
DNge116,b1,6.530472332248936e-05
DNg100,DVM1A,6.526551288507623e-05
DNb06,DLM5,6.525706099411857e-05
DNxl115,iii1,6.52015113150811e-05
DNxl106,hg4,6.518419690129321e-05
DNxl022,iii3,6.518178324742071e-05
aSP22,iii4,6.5146708902432e-05
DNg51,iii3,6.513403740457289e-05
DNxn187,b3,6.512594431695705e-05
DNg20,ps1,6.499908873468218e-05
DNit003,hg4,6.478303989960109e-05
DNge094,i1,6.471900633119799e-05
DNge095,i1,6.470178293031982e-05
DNpe032,i1,6.469187263178658e-05
DNp103,DVM1A,6.464090655222658e-05
DNxn189,hg2,6.459033383181738e-05
DNd04,hg2,6.451564782167466e-05
DNpe039,hg2,6.446076481773939e-05
DNht001,b3,6.441227604290795e-05
DNxn106,i1,6.43955457136638e-05
DNxn152,iii1,6.428511192600802e-05
DNxn127,iii3,6.422820522382494e-05
DNae002,DLM5,6.42121107963983e-05
DNp04,i2,6.415158237698354e-05
DNut051,iii1,6.414283352620267e-05
DNxn125,ps1,6.403002909850312e-05
DNxl134,ps1,6.400632747841148e-05
DNnt020,hg2,6.396570585404047e-05
DNut051,b3,6.391708894035087e-05
DNp35,b3,6.388102041649242e-05
DNpe045,i2,6.380151320012521e-05
DNa12,hg2,6.378656337549589e-05
DNxl113,i2,6.374248148575302e-05
DNxn154,hg3,6.369732231444595e-05
DNxl125,hg2,6.365478386171975e-05
DNa13,hg4,6.36358732805311e-05
DNxl134,DLM5,6.361877737532813e-05
DNge133,iii4,6.352204516719784e-05
DNpe001,b2,6.348393516938636e-05
DNut051,i1,6.345651413733263e-05
DNp15,hg1,6.318396766724663e-05
DNxl108,hg3,6.31796951052889e-05
DNg53,hg4,6.305900589169197e-05
DNp44,DVM2A,6.303987271949508e-05
DNge035,DVM2A,6.303987271949508e-05
DNa12,i1,6.30122032474165e-05
DNxl108,hg4,6.299085670763222e-05
DNxl125,iii4,6.288145540470828e-05
DNxn175,hg4,6.286744233247926e-05
DNxn178,b2,6.285132584146867e-05
DNg87,i2,6.25151705827812e-05
DNg72,b1,6.24762184764994e-05
DNge129,DVM1A,6.245988121038052e-05
DNg16,iii3,6.242406001627484e-05
DNxn125,iii1,6.230217138125636e-05
DNxn152,b2,6.217879960104731e-05
DNxn174,i2,6.217119187277015e-05
DNxn131,hg2,6.213776953268252e-05
DNxl129,hg1,6.212330218859332e-05
DNa13,hg3,6.20857143501732e-05
DNpe042,hg3,6.202991552567635e-05
DNxl121,iii4,6.200516020874712e-05
DNp66,hg4,6.188679324969383e-05
DNp70,iii4,6.180806806813957e-05
DNxn153,iii4,6.178545417832263e-05
DNxn110,iii3,6.174690442185832e-05
DNp49,DVM1A,6.163408889249604e-05
DNxn105,b3,6.157864240263091e-05
DNge110,DLM5,6.150801701281182e-05
DNut046,hg2,6.138877507515984e-05
DNxl108,hg2,6.13865872931385e-05
untyped_720575941606629485,DLM1,6.128635389700627e-05
aSP22,b2,6.122864717944937e-05
DNpe003,i2,6.111296771690282e-05
DNxn175,iii4,6.109372849555708e-05
DNg37,iii1,6.098064936933213e-05
DNxn148,hg4,6.089898495695596e-05
DNp70,hg1,6.0694013406165025e-05
DNg84,hg2,6.0669850774480926e-05
DNg52,DLM1,6.0627321540470824e-05
DNxn104,i1,6.0467979130151986e-05
DNp16,i2,6.0288657087805556e-05
DNge148,iii3,6.0268596810388754e-05
DNp33,iii1,6.026014535324494e-05
DNge037,hg4,6.003288721215072e-05
DNpe022,hg3,5.996503396164746e-05
MDN,ps1,5.994911025822727e-05
DNge154,b3,5.993921744586489e-05
DNa08,iii4,5.95755079700558e-05
DNge035,DVM1A,5.953375623974357e-05
DNp15,ps1,5.947066817570131e-05
DNp02,DLM5,5.9406312011360874e-05
DNge133,iii3,5.9368972318233054e-05
DNa12,b3,5.930873793395792e-05
DNxl130,hg1,5.9290516276814685e-05
DNg91,DVM1A,5.913548586751634e-05
DNxn136,DLM5,5.8987698512684566e-05
DNg41,DVM3A,5.891315060785428e-05
DNit005,hg1,5.8900051027349726e-05
DNg54,b2,5.8892249587914285e-05
DNp43,i2,5.886036514819356e-05
DNut051,iii3,5.882553465559524e-05
DNg46,hg1,5.867479450920745e-05
DNit003,b2,5.863039781288818e-05
DNnt010,hg3,5.858608137309613e-05
DNg18,hg4,5.852639342231758e-05
DNxn119,DVM3A,5.8489793531028846e-05
DNpe032,DVM3A,5.8489793531028846e-05
DNa15,DVM3A,5.83912746326565e-05
DNut048,DLM1,5.8383050091041734e-05
DNxn131,hg1,5.8347820526211994e-05
DNfl025,hg3,5.831004530906483e-05
DNp12,DVM3A,5.8214832281055044e-05
DNxl127,DLM1,5.81580733737064e-05
DNg03,b1,5.8092873428452474e-05
DNp68,hg2,5.806287290582296e-05
DNxl113,hg4,5.803912574655833e-05
DNxl129,iii4,5.8014500542249146e-05
DNp51,DVM1A,5.799585198727139e-05
DNg01,DVM1A,5.795768886379676e-05
DNxl134,iii4,5.795559243658754e-05
DNxn172,hg3,5.790154308384339e-05
DNge109,i1,5.7874338314355157e-05
DNg111,b1,5.772807834070646e-05
DNxn153,i1,5.7652519356213807e-05
DNg26,iii1,5.7618188660636656e-05
DNxn146,hg3,5.7507259375907244e-05
DNxn109,hg3,5.74104608322156e-05
DNut043,hg4,5.7199810229765976e-05
DNpe032,DLM1,5.713604384645159e-05
DNit005,hg4,5.713261218860162e-05
DNb06,ps1,5.693813476844238e-05
DNge048,b2,5.6889458695542165e-05
DNge111,i1,5.685867208466635e-05
DNxn159,DLM5,5.6746526398154085e-05
DNp19,DVM2A,5.672983282328404e-05
DNg100,hg2,5.667549667281089e-05
DNp68,b2,5.666616493619365e-05
DNpe001,i1,5.663465679506322e-05
DNd04,b2,5.659428705058441e-05
DNb06,DVM2A,5.658208010057926e-05
DNp66,b2,5.656517078352198e-05
DNa11,hg4,5.652624418271117e-05
DNge142,iii4,5.641417406123288e-05
DNxn157,i2,5.641369392564629e-05
DNge053,b3,5.6336509025387505e-05
DNxl102,b2,5.6154518409007e-05
DNut043,i1,5.613044111910379e-05
DNnt013,hg4,5.611658972017492e-05
DNge006,DVM1A,5.608708987241746e-05
DNge032,iii4,5.5991034776253966e-05
DNp32,hg3,5.584952555036655e-05
DNp09,iii1,5.581444192737183e-05
DNge110,b2,5.572555638971297e-05
DNxn176,hg3,5.565944779514207e-05
DNpe031,DVM3A,5.555330548824972e-05
DNg29,DVM3A,5.5533342218668095e-05
DNb09,DVM2A,5.545115677274268e-05
DNb03,b1,5.537023241875405e-05
DNb09,i1,5.5326830956360603e-05
DNxl117,iii4,5.530801378552244e-05
DNxl113,iii1,5.530027676392973e-05
DNbe002,DVM1A,5.522816268046614e-05
DNxn168,hg3,5.5207401709612143e-05
DNa12,b2,5.51748518911618e-05
DNpe013,hg4,5.514139257662865e-05
DNg105,ps1,5.5134314624137565e-05
DNpe004,hg3,5.509376232687519e-05
DNxn176,DVM1A,5.498698652605201e-05
DNnt018,hg4,5.496442631081633e-05
DNa11,hg1,5.492908715210298e-05
DNge148,iii1,5.491094891524336e-05
DNp01,DVM3A,5.483027367820782e-05
DNg87,b2,5.4787624151927864e-05
untyped_720575941434874912,i2,5.4685298831628316e-05
DNp34,i2,5.467688963137732e-05
DNxl096,hg4,5.464094409294615e-05
DNnt008,i1,5.463394435717619e-05
DNp35,iii1,5.462974243230592e-05
DNa11,hg2,5.4559169198348505e-05
DNg41,iii1,5.4556282509922164e-05
DNnt007,iii4,5.449816122588225e-05
DNxn109,DVM1A,5.4487903308386616e-05
DNxn007,DLM1,5.441211699426979e-05
DNge110,DVM1A,5.436467648984261e-05
DNxl134,DVM1A,5.428572924448995e-05
DNp02,b3,5.4236376400238764e-05
DNpe039,i2,5.422090408621748e-05
DNge154,DLM1,5.416877446033299e-05
DNxn136,DLM1,5.406103458232932e-05
DNp06,DVM1A,5.4001054560196774e-05
DNxl073,i1,5.391244730583397e-05
DNpe022,hg2,5.3896409726849305e-05
DNge084,i2,5.3887401536963694e-05
DNxl120,hg2,5.3880453016458465e-05
DNpe011,iii4,5.383547730978148e-05
DNge088,b3,5.3767721123334104e-05
DNg89,b3,5.374514571612967e-05
DNge115,hg1,5.36669317147296e-05
DNp43,DLM1,5.3644154237692974e-05
DNg111,hg4,5.3608536986386515e-05
DNp63,b1,5.351244685904255e-05
DNa12,hg1,5.349943122501339e-05
DNge090,DVM1A,5.346488473837777e-05
DNge118,DVM1A,5.340824943984298e-05
DNxl082,hg2,5.3406819827856064e-05
untyped_720575941606629485,hg3,5.3386870069833164e-05
DNp68,iii1,5.3326215772238534e-05
DNg75,iii4,5.332262030266563e-05
DNxn154,i2,5.3269525653223715e-05
DNpe010,DVM1A,5.326367371136647e-05
DNpe053,iii3,5.3243654987985824e-05
DNxn176,iii3,5.319397288252764e-05
DNge133,hg2,5.317907282992635e-05
DNxn119,b3,5.3003841123266903e-05
DNge015,hg1,5.297982214110938e-05
untyped_720575941606629485,DLM5,5.291088599443286e-05
DNp48,i2,5.28839704600335e-05
DNut042,ps1,5.286674995201993e-05
DNxl106,i1,5.285280259749903e-05
DNp54,b3,5.2700370473134145e-05
DNg11,iii4,5.26869412556399e-05
DNpe042,ps1,5.2655400254482806e-05
DNxn165,i2,5.2615636625522654e-05
DNpe039,hg1,5.261507430197767e-05
DNxn144,hg3,5.2564852240603006e-05
DNa07,DVM3A,5.248226529819957e-05
DNge063,hg3,5.2397490080183995e-05
DNxn152,hg3,5.235377410976242e-05
DNg49,hg3,5.2260453705434656e-05
DNxn173,DLM1,5.2229833969726127e-05
DNp44,DLM1,5.2229833969726127e-05
DNxn171,b2,5.213637008480942e-05
DNp09,iii4,5.2055639856907613e-05
DNxl101,hg2,5.205426731731068e-05
DNp16,DVM1A,5.205042908786772e-05
DNge006,hg1,5.203748715501055e-05
DNp43,hg3,5.2016569466458836e-05
DNxn173,DLM5,5.190069051963226e-05
DNxl022,b1,5.1880611493913534e-05
DNg10,DVM1A,5.186580224170073e-05
DNa15,iii1,5.186313139407505e-05
DNpe014,iii3,5.176024583354361e-05
DNxn181,DVM2A,5.175212728481102e-05
DNp70,DLM1,5.157576952830137e-05
DNpe014,DVM2A,5.154714300726953e-05
DNp103,ps1,5.151535134910991e-05
DNxn173,hg1,5.143616295203628e-05
DNxl113,hg3,5.14051221822101e-05
DNge099,DLM1,5.127292852226275e-05
DNg105,iii1,5.115638584367155e-05
DNp12,hg2,5.11506667735309e-05
pIP9,ps1,5.1076153626063134e-05
DNxn136,ps1,5.106210989652046e-05
DNge032,hg3,5.098538125368979e-05
DNge115,hg4,5.078398361554183e-05
DNge004,i2,5.075845744000773e-05
DNg68,iii4,5.074370543838549e-05
DNae002,iii1,5.073804636812946e-05
DNxn178,i2,5.069158597696727e-05
DNa01,hg2,5.066885272235838e-05
DNg09,iii4,5.063719993693909e-05
DNa09,iii1,5.059104687711923e-05
DNxn110,i1,5.054287664835598e-05
DNxn165,i1,5.05327498546039e-05
DNxn154,DLM1,5.0522767950392346e-05
DNxn116,hg4,5.047674318576203e-05
DNge092,b1,5.037584088988903e-05
DNut053,b1,5.0270830560285835e-05
DNg49,b3,5.02382205074243e-05
DNge089,iii3,5.0232513712426116e-05
DNg39,hg4,5.00883086340869e-05
DNxl108,iii3,5.00725681635482e-05
DNxn114,DLM5,5.004243513621708e-05
DNxn168,DLM1,4.984853676014744e-05
DNp55,b3,4.9749062349936325e-05
DNa16,ps1,4.974788591785083e-05
DNxl115,b2,4.967279398862444e-05
DNut053,i2,4.9561138324539074e-05
DNb03,i1,4.9440194265441e-05
DNge129,DVM3A,4.9422211892798455e-05
DNa08,iii1,4.941343100868509e-05
DNg97,iii3,4.939752353748666e-05
DNg41,DVM2A,4.9318657607788235e-05
DNg26,hg4,4.9300135879695495e-05
DNge050,DVM3A,4.922672050017983e-05
DNp32,hg1,4.898717392067015e-05
DNxn116,hg1,4.888373757682792e-05
DNnt017,hg2,4.888181493483701e-05
DNnt007,hg4,4.88545868583831e-05
DNp57,DVM1A,4.876873965981652e-05
DNg42,DLM5,4.8723149624000914e-05
DNit005,iii4,4.8600656583967814e-05
DNut050,i1,4.856259885602838e-05
DNpe039,b2,4.8532223793615464e-05
DNxl125,hg3,4.846703265353185e-05
DNge114,i1,4.8457824664543833e-05
DNpe054,DVM1A,4.82853169661394e-05
DNpe055,iii3,4.827368304679066e-05
DNg36,DLM5,4.8225969495738796e-05
aSP22,hg2,4.817530560193664e-05
DNg88,hg4,4.8073638132522097e-05
DNxn131,iii3,4.800483673907508e-05
DNxl130,iii3,4.79583328210866e-05
DNut046,DVM1A,4.789655165340538e-05
DNxn131,i2,4.7813069151863216e-05
DNxn183,b3,4.780730202372583e-05
DNp44,i2,4.765973878315713e-05
DNge114,b2,4.754078816775608e-05
DNp04,i1,4.74780982494514e-05
DNp22,iii1,4.744257042471414e-05
DNa14,hg2,4.74413413072857e-05
DNg37,DVM2A,4.739864643819833e-05
DNa01,DVM2A,4.7279904539621304e-05
DNp45,DVM2A,4.7279904539621304e-05
DNxl102,hg3,4.725729085031016e-05
DNg09,hg2,4.7251976476331446e-05
DNge010,iii4,4.719153698016204e-05
DNg72,hg3,4.7101432418577306e-05
DNge063,DVM1A,4.706616303085176e-05
DNb09,DLM1,4.7035823214881516e-05
DNp37,i2,4.7009645836628944e-05
DNxn152,i1,4.6972919920718875e-05
DNpe032,hg2,4.692314590763954e-05
DNae003,DVM3A,4.680283873040212e-05
DNxl100,DLM5,4.6762720244168116e-05
DNxn159,DVM1A,4.673056396023674e-05
DNxn127,ps1,4.660688498154275e-05
DNnt012,hg2,4.65747863075283e-05
DNge035,b2,4.648900895554472e-05
untyped_720575941434874912,hg3,4.646610239267084e-05
DNge115,b1,4.6452977039592706e-05
DNpe003,hg2,4.64489251322169e-05
DNge004,hg1,4.643795936847008e-05
DNge010,hg4,4.6346806757144426e-05
DNa06,b3,4.630476761165963e-05
DNp54,iii3,4.6231227090321765e-05
DNp44,DLM5,4.614444340854878e-05
DNge046,b2,4.608958663401988e-05
DNpe014,hg2,4.604871357718529e-05
DNpe045,i1,4.59030702762448e-05
DNpe003,i1,4.59030702762448e-05
DNpe022,iii4,4.588964530374997e-05
DNfl027,hg3,4.5815035599979515e-05
DNp32,iii4,4.579576379684159e-05
DNp53,DLM1,4.5655357433328604e-05
DNxl129,hg4,4.559323304985887e-05
DNxl080,i1,4.558304025854799e-05
DNbe005,b1,4.5566603391166754e-05
DNb09,hg1,4.5377969177843024e-05
DNg12,hg3,4.533499757846345e-05
DNge110,iii4,4.530119787736759e-05
DNg37,DVM3A,4.529906360695242e-05
DNxn168,i1,4.529309283607065e-05
DNge015,i2,4.524615037650535e-05
DNut048,i2,4.5184071861660373e-05
DNge050,hg3,4.502265958188581e-05
DNxl120,iii4,4.5018460051327825e-05
DNxn119,DLM1,4.501541009823711e-05
DNge032,b2,4.493336861414226e-05
DNpe016,iii1,4.48880439374736e-05
DNge116,b2,4.4717270450806524e-05
DNd04,DVM1A,4.4688479671218445e-05
DNxn136,DVM1A,4.467938464568717e-05
DNg45,iii4,4.464944087002587e-05
DNg96,hg4,4.45895186854063e-05
DNg29,iii4,4.447293655082584e-05
DNit003,i2,4.437560602293739e-05
DNxn171,DVM1A,4.436454276537164e-05
DNp64,i2,4.431754022065531e-05
DNg108,b3,4.429367338219156e-05
DNge154,DLM5,4.428721384166275e-05
DNg26,iii3,4.4238601284083605e-05
aSP22,ps1,4.394463446840339e-05
DNpe012,b3,4.390813056887261e-05
DNxn111,b2,4.388555193986805e-05
DNxn116,b3,4.388277068010291e-05
DNa01,i1,4.382235408747136e-05
DNg18,i2,4.377872784925829e-05
DNp48,hg3,4.375452210421623e-05
DNg10,b2,4.363286679232089e-05
DNae003,DVM1A,4.3535564192984224e-05
DNxn131,iii4,4.3495834250615776e-05
DNg94,hg2,4.340831971703589e-05
DNp70,b2,4.3398656288271456e-05
DNge095,hg4,4.331865920809499e-05
DNpe032,hg1,4.318451795826414e-05
DNfl042,iii4,4.317481262570531e-05
DNde006,i1,4.315398334179864e-05
DNge133,DLM1,4.314954005301348e-05
DNnt008,hg4,4.313447519691354e-05
DNpe039,iii4,4.30614833919025e-05
DNg20,iii4,4.3032845328849485e-05
DNge073,hg2,4.298773981756517e-05
DNg10,hg3,4.295953420025627e-05
DNp70,hg4,4.295536570761709e-05
DNae002,DLM1,4.295023082823036e-05
DNge118,ps1,4.292125097522749e-05
DNxn113,i1,4.286386522503677e-05
DNp68,DVM1A,4.24750818298788e-05
DNge110,hg2,4.240948800099902e-05
DNxl121,i1,4.209360637312838e-05
DNxn131,b2,4.2070752487996686e-05
DNge148,hg2,4.206222886480093e-05
DNxn132,hg4,4.203182296896802e-05
DNxn157,ps1,4.1993670154606886e-05
DNg22,iii1,4.197847795726268e-05
DNxn172,ps1,4.18900247971561e-05
DNge092,i1,4.185171655843618e-05
DNge007,hg1,4.180450812037988e-05
DNg72,hg4,4.179686857972831e-05
DNp23,hg3,4.1780660461477084e-05
DNp43,i1,4.1592863256655366e-05
DNxl114,iii4,4.1592572170291016e-05
DNg75,DVM1A,4.156401349141986e-05
DNxn126,iii1,4.1561476548639984e-05
DNbe002,i2,4.145020847866181e-05
DNg68,DLM1,4.137974774596392e-05
DNge133,b2,4.1371134758598344e-05
DNg88,hg2,4.1368804210392834e-05
DNnt011,hg2,4.136426888772077e-05
DNge053,hg1,4.1364032331080507e-05
DNxn151,DVM2A,4.131125032435992e-05
DNge038,iii4,4.1301274182595895e-05
DNb03,DLM5,4.12800466334144e-05
DNxn118,hg2,4.1237968615011697e-05
DNg68,iii1,4.1213087748369775e-05
DNxl120,DVM1A,4.108478210252482e-05
DNg90,hg4,4.10781681228021e-05
DNge089,DVM1A,4.1046285864531095e-05
DNge032,b1,4.094682481188728e-05
DNge053,hg3,4.0931906761797e-05
DNp09,i2,4.085996397733727e-05
DNxn172,hg2,4.0693086278345855e-05
DNpe032,i2,4.0678852642530954e-05
DNbe007,iii4,4.0670425117190936e-05
DNge102,i2,4.064649895969686e-05
DNg75,hg3,4.0609171826258534e-05
DNge053,hg4,4.0609033218098476e-05
DNxl102,hg1,4.056844229212487e-05
DNb09,iii4,4.053769838327164e-05
DNp32,hg4,4.047980138850464e-05
DNxn136,i2,4.043043225452546e-05
DNp23,hg4,4.0409016336418436e-05
DNa14,hg4,4.03258479575914e-05
DNp57,DVM2A,4.029463495918302e-05
DNp01,i1,4.02740087132118e-05
DNp53,DVM2A,4.007140930632794e-05
DNge131,DVM1A,4.0053867835166235e-05
DNg111,DLM5,4.001988328239445e-05
DNxn155,iii3,3.9932741240989375e-05
DNxn183,iii3,3.9932741240989375e-05
DNxn113,hg4,3.99180300966275e-05
DNge090,ps1,3.9904592502330276e-05
DNit013,hg2,3.9895158275442364e-05
DNpe042,i1,3.985959703413149e-05
DNxl111,hg2,3.985034088153284e-05
DNge060,hg3,3.982040186099429e-05
DNut048,i1,3.9812678241256226e-05
DNg42,i2,3.978259029009414e-05
DNxn132,iii4,3.9668740299502174e-05
DNp32,b2,3.963266067723165e-05
DNge085,iii4,3.958522021299992e-05
DNge006,b1,3.95636269848667e-05
DNpe012,iii3,3.941984490712381e-05
DNge133,hg1,3.939583860971215e-05
DNb03,DLM1,3.937938912664118e-05
DNg11,hg2,3.931691979422459e-05
DNut043,b1,3.9227559771982655e-05
DNg53,hg1,3.920166199033361e-05
DNge089,b3,3.9179435323260064e-05
DNa01,DLM1,3.917237547729459e-05
DNxn154,iii1,3.914903939220855e-05
DNxl115,iii3,3.9110897553194315e-05
DNxl106,DVM1A,3.902877524357956e-05
DNp48,iii1,3.902421819234238e-05
DNg105,hg3,3.901108934279526e-05
DNg93,iii4,3.897800965546147e-05
DNbe005,DLM5,3.891281183626811e-05
DNxn111,hg2,3.888764681148501e-05
DNp55,i1,3.8880440472492255e-05
DNge010,hg1,3.8821798719478055e-05
DNp64,iii1,3.879890701095017e-05
DNht001,hg1,3.874513111812143e-05
DNp17,DVM3A,3.874262569340495e-05
DNa01,b1,3.8710814199660594e-05
DNg04,DVM2A,3.866035725545215e-05
DNg31,hg3,3.858148569484247e-05
DNg98,DVM2A,3.855331565522314e-05
DNge083,iii4,3.8527266503004674e-05
DNge117,b2,3.85222818000546e-05
DNg93,hg3,3.8502468481096396e-05
DNg35,hg1,3.8502203873699185e-05
DNut054,DLM1,3.848740168119517e-05
DNpe006,i2,3.845758691566402e-05
DNut062,iii1,3.841212577375777e-05
DNge010,iii1,3.841212577375777e-05
DNut046,hg3,3.8388502638722215e-05
DNge094,hg2,3.832257952547659e-05
DNde005,hg1,3.826555310321342e-05
DNxl014,hg4,3.8265311799132615e-05
DNxn173,iii1,3.821209335216525e-05
DNp70,b1,3.8185260318403336e-05
DNpe008,hg1,3.81574608162312e-05
DNxn111,hg4,3.8140515796882816e-05
DNpe022,ps1,3.8123882956750636e-05
DNg15,DVM2A,3.8080812393590606e-05
DNa01,DLM5,3.8062080823061665e-05
DNg56,i1,3.7966803715298784e-05
DNxn168,b1,3.795805229586441e-05
DNge076,hg2,3.793675147417279e-05
DNxn007,DLM5,3.786613315622951e-05
DNit003,iii1,3.78317091587223e-05
DNxn127,b2,3.781971321883664e-05
DNp44,hg4,3.7815103481245535e-05
DNp08,iii3,3.770092549402072e-05
DNxn176,ps1,3.76985865170935e-05
DNg72,iii4,3.766263998214601e-05
DNge006,b3,3.756298699059331e-05
DNnt013,hg1,3.740755728693525e-05
DNge081,b2,3.7379569822317914e-05
DNp22,DVM2A,3.730807264514409e-05
DNp03,iii1,3.725939320368679e-05
DNnt007,hg1,3.725609933711451e-05
DNa08,b2,3.719292573977875e-05
DNb02,ps1,3.715151696533509e-05
DNg109,iii3,3.704814265311499e-05
DNxn175,iii3,3.704814265311499e-05
DNbe002,DVM3A,3.7013948414244525e-05
DNp15,DVM2A,3.698899320584118e-05
DNp54,i1,3.692819745472798e-05
DNnt011,DVM1A,3.6922395278856396e-05
DNge145,hg3,3.690807970964422e-05
DNge048,ps1,3.6844896671512466e-05
DNg93,hg1,3.681056704161865e-05
DNg38,hg2,3.671917484456882e-05
DNa14,b2,3.6673325480994925e-05
DNa01,hg4,3.665349185483562e-05
pIP9,hg2,3.656597744128196e-05
DNxl082,hg4,3.648618896684246e-05
DNg51,ps1,3.643881480550549e-05
DNxl114,iii1,3.6434637195093466e-05
DNge089,b2,3.6384201410582896e-05
DNxn189,iii4,3.63444392644844e-05
DNxn111,b1,3.6319669026784814e-05
DNge116,hg3,3.628287411878997e-05
DNg70,iii3,3.621049887204296e-05
DNge109,iii3,3.620632625913231e-05
DNit007,i1,3.617192252828681e-05
DNge038,b1,3.61561474699946e-05
DNp60,i1,3.6151293405785765e-05
DNb03,i2,3.6109395709404876e-05
DNd03,iii3,3.6062234678344785e-05
DNpe039,DLM5,3.596520850136129e-05
DNg93,i1,3.5941631537222644e-05
DNut048,DLM5,3.578611460807624e-05
DNxl130,hg2,3.572344829459539e-05
DNa11,iii3,3.567089143787134e-05
DNxl080,DLM1,3.564064974620788e-05
DNge088,DVM3A,3.559427250865332e-05
DNxl100,DLM1,3.5546655321572535e-05
DNg36,i2,3.553560576864451e-05
DNge020,hg4,3.548627033384413e-05
DNp38,hg3,3.5419383666396634e-05
DNxn131,i1,3.541276166974352e-05
DNpe010,DVM3A,3.534041926588311e-05
DNut043,hg1,3.5314234359901014e-05
DNp55,hg4,3.5297194266376576e-05
DNge071,i2,3.52043712920748e-05
DNge089,hg4,3.5140469082011473e-05
DNxl117,hg3,3.5113135790353355e-05
DNxn181,i1,3.509068326494024e-05
DNxl087,hg2,3.496503065715502e-05
DNge091,DLM1,3.4960414262331365e-05
DNge020,hg1,3.4954873642247356e-05
MDN,hg3,3.484252074023382e-05
DNp15,DLM1,3.482744090581969e-05
DNxl049,ps1,3.481553291232873e-05
pIP9,DLM1,3.480034823207435e-05
DNht001,hg2,3.475122984602425e-05
DNxn172,i2,3.4749680265131025e-05
DNut043,iii4,3.473513231960995e-05
DNxn119,i1,3.4705415593859376e-05
DNg56,i2,3.4689211763545324e-05
DNge093,DLM1,3.466965141468199e-05
DNxn152,DVM3A,3.464334015096502e-05
DNge050,hg2,3.4632157232780354e-05
DNa06,b2,3.4596585991040026e-05
DNxn153,i2,3.458166040323054e-05
DNxn178,hg1,3.4540751129463096e-05
DNut054,DLM5,3.4520302407402696e-05
DNxn146,b3,3.4509640668274174e-05
DNut062,i2,3.446990496727363e-05
DNge014,i1,3.439082233657842e-05
DNge102,i1,3.436483474898568e-05
DNge038,b2,3.434421337071324e-05
DNg51,hg2,3.4326229269340366e-05
DNxn127,iii4,3.429774056839238e-05
DNp16,DLM1,3.426230433208261e-05
DNg18,iii3,3.426017821716456e-05
DNg10,i2,3.4214591452372546e-05
DNa08,b3,3.420387118756334e-05
DNge110,hg4,3.4202045958847475e-05
DNxn131,b1,3.4186440414588283e-05
DNpe020,i2,3.408812878335021e-05
DNp42,DVM2A,3.4051914138360335e-05
DNxl123,DVM1A,3.395806609291883e-05
DNxn110,i2,3.395546731723135e-05
DNg87,DVM1A,3.3928687553543706e-05
DNde005,hg4,3.391553021706137e-05
DNg110,b3,3.387352462890147e-05
untyped_720575941434874912,hg4,3.375164526268844e-05
untyped_720575941434874912,b2,3.37480199528466e-05
DNg24,i1,3.3726128749099905e-05
DNpe016,iii4,3.372281125159779e-05
DNp41,hg3,3.360725968275249e-05
DNg59,DVM3A,3.360254969648146e-05
DNge035,hg1,3.360213017174837e-05
DNxl115,hg2,3.359264014290083e-05
DNnt012,b2,3.35157795184768e-05
DNbe007,i1,3.349400181890373e-05
DNge091,ps1,3.344736135510218e-05
DNpe012,ps1,3.3445567858265946e-05
DNge095,hg2,3.340211023453273e-05
DNpe039,i1,3.3374890956705436e-05
DNxn153,hg1,3.336609579685263e-05
DNpe011,hg2,3.3313735244021676e-05
DNxl118,iii4,3.329669811525551e-05
DNxl096,iii4,3.3287395716238215e-05
DNpe011,hg4,3.314926358135973e-05
DNfl021,DVM1A,3.30314626496944e-05
DNxl080,DLM5,3.3004658472024435e-05
DNge133,hg3,3.2962859902227705e-05
DNxl120,DVM3A,3.295482081510125e-05
DNxl068,hg3,3.288252755446035e-05
DNxl134,hg4,3.2866459357459385e-05
DNge089,b1,3.284138500640713e-05
DNit005,hg2,3.2792983316814794e-05
DNg74,iii3,3.272989027774075e-05
DNp48,hg2,3.272688610665221e-05
DNxn136,hg3,3.261508409470278e-05
DNxn152,b1,3.258921297050676e-05
DNpe053,i2,3.257361867012624e-05
DNg04,DVM3A,3.255569162700033e-05
DNp41,ps1,3.253479337110434e-05
DNxl106,hg1,3.252155520687523e-05
DNp02,DVM3A,3.2476331727042786e-05
DNg35,b3,3.241818394396437e-05
DNge111,hg4,3.23829035669714e-05
DNg53,iii4,3.230735163368967e-05
DNge032,hg2,3.228799055376441e-05
DNge035,DVM3A,3.22234293827614e-05
DNpe020,b1,3.217885624084842e-05
DNge091,DLM5,3.2173807631945376e-05
DNp34,b2,3.212534691247212e-05
DNpe014,b2,3.2012378065009506e-05
DNxn106,hg4,3.197845477698645e-05
DNpe032,DLM5,3.19385003371482e-05
DNge109,hg2,3.193274501543458e-05
DNnt011,b1,3.1905088270744216e-05
DNnt020,hg1,3.179866578855239e-05
untyped_720575941436586784,b2,3.179098818357545e-05
DNge094,hg1,3.1722089767219264e-05
DNxn175,iii1,3.168567807351078e-05
untyped_720575941436586784,ps1,3.1667626145454164e-05
DNxn178,hg2,3.162756087152379e-05
DNge092,iii3,3.162477989276729e-05
untyped_720575941606629485,DVM1A,3.1600533053108465e-05
DNxl127,hg3,3.159937183439924e-05
DNge133,b1,3.1587856859155265e-05
DNbe002,i1,3.158101676263718e-05
DNxl102,hg4,3.1535317902100114e-05
DNxn118,i2,3.151955266152346e-05
DNg70,i2,3.148057285956109e-05
DNg98,iii3,3.1437873950333635e-05
DNg54,iii4,3.141808247246649e-05
DNa08,hg1,3.1357072042339106e-05
DNg38,hg3,3.132693706436519e-05
DNp04,hg1,3.1257892499862984e-05
DNpe031,DVM2A,3.1238538326081216e-05
DNxl087,b2,3.1224354986335565e-05
DNxn165,iii4,3.1188585729155316e-05
DNpe039,b1,3.116977989862428e-05
DNg110,iii1,3.1079517275582745e-05
DNxl129,i1,3.106483780252021e-05
DNxl082,hg1,3.103833413498059e-05
DNxl105,i1,3.102830897565331e-05
DNg35,iii4,3.100635214940169e-05
DNg78,hg3,3.099409882197826e-05
DNg12,iii4,3.0988810878100345e-05
DNge128,DLM5,3.097382056246272e-05
DNp41,hg2,3.093397401030617e-05
DNpe003,iii1,3.0869228261026825e-05
DNp66,hg1,3.08367768193765e-05
DNxl084,iii1,3.079729457612262e-05
DNge129,DVM2A,3.076010414492403e-05
DNxl067,DVM1A,3.075024417486638e-05
DNxn178,b1,3.069332540875242e-05
DNg39,hg3,3.060745141107182e-05
DNxl127,b2,3.054576921721253e-05
DNp55,DLM5,3.0514260216317592e-05
DNge142,b2,3.045516770899478e-05
DNbe007,hg3,3.0453382193098954e-05
DNg70,hg3,3.0444322545255074e-05
DNxn143,hg2,3.0442447252920765e-05
DNxl022,hg1,3.0426579864178365e-05
DNxl022,hg4,3.0416803143294967e-05
DNae001,hg4,3.0416803143294967e-05
DNa01,hg1,3.0392504725913882e-05
DNp70,DVM1A,3.0249570316856093e-05
DNit003,b1,3.0235328413360804e-05
DNae001,hg1,3.0129828274643183e-05
DNg12,hg2,3.0111712291338024e-05
DNae001,i1,3.0096968319295557e-05
DNge048,hg2,3.009690117035136e-05
DNg100,hg4,3.0064442576495446e-05
DNxl105,i2,3.0035185012983923e-05
DNpe016,b3,3.0006139609177446e-05
DNg59,DVM1A,2.9975106171907868e-05
DNge111,hg1,2.9961320264783443e-05
DNge006,b2,2.9924511146802856e-05
DNg92,b1,2.9761007994499812e-05
DNpe042,DLM1,2.9748898239473037e-05
DNxn173,DVM1A,2.9727057438169108e-05
untyped_720575941434874912,iii4,2.966750359527893e-05
DNge010,iii3,2.9492400856055738e-05
DNp23,iii1,2.9459566744642973e-05
DNg90,hg2,2.943934386128374e-05
DNxl114,iii3,2.9333173164895738e-05
DNg68,iii3,2.9333173164895738e-05
DNd04,iii3,2.9333173164895738e-05
DNxn106,i2,2.924861420892871e-05
DNd05,hg2,2.91779642320858e-05
DNge037,hg2,2.9113268080795143e-05
DNg53,DVM1A,2.9052912933472616e-05
pIP9,iii1,2.9002283097063666e-05
DNxn151,DVM1A,2.898921053480046e-05
DNp01,iii4,2.8962322479520428e-05
DNpe016,DLM1,2.8960013444868483e-05
DNa03,b2,2.8930464088095518e-05
DNpe025,iii1,2.8897423389010237e-05
DNa01,b2,2.8882225602599863e-05
DNp103,DVM2A,2.884209465279982e-05
DNg100,iii1,2.8809094330318328e-05
DNxn170,hg4,2.8789117713504297e-05
DNg100,i1,2.8713629402756508e-05
DNb06,iii1,2.8660484086988397e-05
DNp23,DVM1A,2.864932745703795e-05
DNxn113,iii4,2.8642214546220136e-05
DNp67,DVM2A,2.86419397500089e-05
DNut062,ps1,2.86193820319073e-05
DNge115,hg2,2.851247372849288e-05
DNxl111,hg1,2.8497007814179508e-05
DNa11,iii4,2.8419195559884384e-05
DNpe052,iii1,2.8380047536579625e-05
DNxl022,b2,2.8360938485361482e-05
DNp42,DVM1A,2.8329694950461424e-05
DNit003,hg1,2.826262003061545e-05
DNxl014,hg2,2.8261650729779116e-05
DNxl049,DVM3A,2.823318255744607e-05
DNge032,i1,2.8219861280299374e-05
DNxl121,iii3,2.821494389607367e-05
DNge006,i2,2.8197069492310433e-05
untyped_720575941606629485,DVM3A,2.813496485088653e-05
DNxn175,b2,2.8125230234915947e-05
DNge099,i2,2.8112330956115172e-05
DNge046,i2,2.8108005947634315e-05
DNg13,hg2,2.8084786584418887e-05
DNg94,DLM1,2.7974113731524175e-05
DNpe012,DVM1A,2.7962252642953132e-05
DNge073,hg1,2.7948238968922257e-05
DNp57,DVM3A,2.786000348250044e-05
DNpe014,i2,2.780841324689803e-05
DNxn127,hg1,2.7803640540990547e-05
DNp60,b2,2.7761269122773096e-05
DNp66,DVM3A,2.7748338770334213e-05
DNg26,DVM1A,2.769929643787048e-05
DNg11,b2,2.7698458533031973e-05
DNxl106,hg2,2.767245090224037e-05
DNp13,i1,2.7652640309692308e-05
DNut054,DVM2A,2.764101235207739e-05
DNa06,ps1,2.7601788107838513e-05
DNxn159,hg1,2.7581964782150514e-05
DNxl123,DVM3A,2.7573343065101472e-05
DNpe013,i1,2.7507227758798515e-05
DNp66,iii4,2.7497470071097086e-05
DNde005,hg2,2.7496865786938818e-05
DNxl021,iii4,2.7492983561486912e-05
DNxl113,b2,2.74910585163609e-05
DNg90,iii1,2.7460533236351868e-05
DNpe004,ps1,2.7382561720643517e-05
DNge115,iii4,2.7340247879157642e-05
DNxl134,DVM3A,2.7339755538022147e-05
DNg53,b2,2.7336222187929253e-05
DNp70,hg2,2.7252316383716866e-05
DNp37,b2,2.723090952284498e-05
DNb09,iii3,2.7227425748594923e-05
DNg59,ps1,2.7221719370684317e-05
DNge063,DLM5,2.7207461374207264e-05
DNg91,DVM3A,2.7117390567462213e-05
DNxn127,hg3,2.7099574734367766e-05
DNp57,i2,2.706213958564558e-05
DNit003,hg2,2.7007117512498065e-05
DNxl068,iii4,2.6868542292229847e-05
DNp72,DVM3A,2.681649853147746e-05
DNnt015,iii3,2.6778312533834336e-05
DNxl049,iii3,2.67531685784035e-05
DNxl105,iii3,2.67531685784035e-05
DNg93,hg4,2.6736213721814134e-05
DNxn173,iii4,2.6675255725402867e-05
DNge006,iii4,2.6656920342497203e-05
DNpe016,hg2,2.655827084901927e-05
untyped_720575941436586784,b1,2.6533205295949547e-05
DNa11,DVM1A,2.6426987896183525e-05
DNg84,iii4,2.6410777746239386e-05
DNg11,hg3,2.6410489586435906e-05
DNb09,i2,2.64032784690561e-05
DNge038,hg2,2.63827461061705e-05
DNge154,DVM1A,2.635573089915093e-05
DNpe011,iii3,2.635398324397274e-05
DNxn104,iii3,2.635398324397274e-05
DNnt020,b1,2.630095835379445e-05
DNp55,iii4,2.6288443838651507e-05
DNp51,DVM3A,2.6249587097777494e-05
DNp16,DVM2A,2.624043171574542e-05
DNge046,i1,2.622294473804583e-05
DNp13,b3,2.6196020238105508e-05
DNge152,hg4,2.617530859731203e-05
untyped_720575941434874912,iii3,2.606681545439424e-05
DNg71,DVM3A,2.6021738423322326e-05
DNp57,DLM1,2.5922610303334657e-05
DNxn131,hg4,2.5842983640578773e-05
DNxn176,DVM3A,2.5824704687413154e-05
DNxn127,hg4,2.5794229341651844e-05
DNge154,hg2,2.5777414141567262e-05
DNa01,DVM1A,2.577216739001075e-05
DNg53,hg3,2.5743458802035545e-05
DNit003,iii4,2.5737031102345306e-05
DNp34,ps1,2.5722854852118477e-05
DNxn136,DVM2A,2.571300365143309e-05
DNxl134,b2,2.570686194594088e-05
DNge015,b1,2.563723864646527e-05
MDN,iii1,2.555342984888353e-05
DNxl049,DVM1A,2.5510167627552658e-05
DNg01,DVM2A,2.5492399815407702e-05
DNxl092,iii4,2.548742425278718e-05
DNpe053,hg2,2.5477892642074688e-05
DNp04,DVM3A,2.546518879116275e-05
DNxn111,hg1,2.5455795529464812e-05
DNp60,b1,2.5437351850745795e-05
DNge048,i2,2.5391142260556282e-05
DNpe032,iii4,2.5118336192399185e-05
DNxn112,b2,2.5096172694347034e-05
DNxn116,hg2,2.5075365505125528e-05
DNge046,iii4,2.5071299025349103e-05
DNg75,DVM3A,2.506230828073542e-05
DNp15,DVM3A,2.5030221147692528e-05
DNxl112,hg4,2.5026796249968447e-05
DNxl134,hg1,2.5000658278724642e-05
DNxl104,hg3,2.49644907437216e-05
DNxl127,DVM1A,2.4932479730512183e-05
DNxl121,i2,2.4921874075408333e-05
DNxl082,i2,2.4897706949285593e-05
DNg97,hg4,2.485819951249895e-05
DNxn181,DLM1,2.4843022264544665e-05
DNpe001,b3,2.4842619050858166e-05
DNge117,hg4,2.4803901049647062e-05
DNp15,b3,2.4765824407018293e-05
untyped_720575941434874912,b1,2.4715090178869807e-05
DNge010,hg3,2.4706680489895793e-05
DNpe054,DVM3A,2.465439816853042e-05
DNg100,i2,2.4617171563054794e-05
DNg08,DVM2A,2.4605679759856933e-05
DNxn159,iii4,2.4595781895956182e-05
DNp27,hg2,2.458674178861927e-05
DNp44,hg2,2.458674178861927e-05
DNge118,i2,2.4579032946535084e-05
DNxl106,DVM3A,2.4546092106288476e-05
DNde006,hg3,2.4521111769043823e-05
DNxl120,hg4,2.4509934326252277e-05
DNxl113,ps1,2.4499294276998095e-05
DNnt017,b1,2.445315895727174e-05
DNxn171,ps1,2.4443349278932836e-05
DNxn116,iii4,2.4429299785182778e-05
DNp55,hg2,2.441122825658594e-05
DNxl021,hg3,2.4323212406042906e-05
DNge035,hg3,2.4263220859241358e-05
DNp01,b3,2.4251465940848217e-05
DNxn181,b1,2.4247126715484216e-05
DNge032,hg4,2.421545837629364e-05
DNxn165,hg1,2.420201950799465e-05
DNut042,DVM1A,2.4151893616874094e-05
DNge014,ps1,2.4130317285354888e-05
DNg94,hg3,2.4107985917112505e-05
DNg43,DVM3A,2.4102655400501225e-05
DNxl082,hg3,2.408388409725073e-05
DNp43,b1,2.407420637166276e-05
DNxl087,hg4,2.4067292282325474e-05
DNnt015,b3,2.400517691217027e-05
DNp15,DLM5,2.3970308392179187e-05
DNp45,hg3,2.3926139245019853e-05
DNxn179,DVM3A,2.386828169424876e-05
DNg91,iii1,2.385641526131747e-05
DNge012,b2,2.3786998977838672e-05
DNxn174,iii1,2.3764258555133082e-05
DNp17,i2,2.373869797166253e-05
DNxn110,b3,2.3737636979308692e-05
DNxn119,DLM5,2.3700387956024484e-05
DNge089,hg2,2.361680506845569e-05
DNp09,hg1,2.3603571664865464e-05
DNxl082,iii4,2.3603446624323975e-05
DNge092,DVM1A,2.3596260890085206e-05
DNge133,hg4,2.35864279010985e-05
DNp04,DLM5,2.3526533391326904e-05
DNxn171,DVM2A,2.3515763400065846e-05
DNxl102,iii4,2.3501061278084702e-05
DNg56,DVM1A,2.3500123565165843e-05
DNge081,hg4,2.3454697129068894e-05
DNg72,hg1,2.3439463775838714e-05
DNg17,iii3,2.343497126321112e-05
DNge048,iii4,2.3412948692983443e-05
DNxl082,iii1,2.3412513577649045e-05
DNbe007,iii1,2.3412513577649045e-05
DNg20,DLM1,2.3326288750387092e-05
DNb08,hg3,2.3293756769964777e-05
DNde005,iii4,2.3287584751798922e-05
DNge131,hg2,2.323140308274089e-05
DNg09,hg3,2.3218972781102433e-05
DNut062,DLM1,2.32154031550434e-05
DNp70,hg3,2.314679931520594e-05
DNg71,DVM1A,2.313069297438985e-05
DNp62,iii1,2.3097970932091965e-05
DNxl102,iii1,2.3097970932091965e-05
DNg10,hg2,2.309119074466444e-05
DNxl105,iii1,2.3082465724076054e-05
DNp64,hg3,2.3048279771691518e-05
DNxn112,i2,2.3031416965002866e-05
DNnt019,hg4,2.303129417080344e-05
DNp02,DVM1A,2.2992482705344086e-05
DNp35,hg2,2.2989592215234635e-05
DNge085,b2,2.297437928349237e-05
DNa03,b1,2.2957443459096393e-05
DNp64,i1,2.29515351381224e-05
DNg24,b3,2.29463320061663e-05
DNg35,hg4,2.2895398764167218e-05
DNit013,b3,2.2891016594393355e-05
DNge102,iii4,2.287379457398054e-05
DNg36,ps1,2.2803233501990365e-05
DNg90,b2,2.279963775194947e-05
DNut048,hg2,2.276220120279479e-05
DNa13,hg2,2.2756608427405883e-05
DNge140,iii3,2.274093560127198e-05
DNge032,i2,2.273291960942788e-05
DNxn125,DVM3A,2.270407425143686e-05
DNg53,i1,2.2665162768845647e-05
DNxl123,iii4,2.2658025089375414e-05
DNpe042,i2,2.2651053254845392e-05
DNxl075,hg2,2.2649601607102937e-05
DNge083,b1,2.2642541524403503e-05
DNge035,b1,2.2642541524403503e-05
DNge102,b1,2.2642541524403503e-05
DNp48,hg4,2.2625582606365035e-05
DNxn179,DVM2A,2.2613297661371204e-05
DNg30,b2,2.2562973485635417e-05
DNg59,DVM2A,2.2551528584615214e-05
DNxl112,hg2,2.2543071163959827e-05
untyped_720575941606629485,hg1,2.251869840121745e-05
DNge110,b1,2.2500705153195612e-05
DNxn168,DLM5,2.248426021484032e-05
DNxl129,b1,2.2459387220380475e-05
DNge128,DLM1,2.244339992273962e-05
DNxl115,iii4,2.2438639840803703e-05
DNg46,b2,2.2429809159849355e-05
DNge092,i2,2.234908562800609e-05
DNp43,hg1,2.2337595205828055e-05
DNge122,iii1,2.2335079369299902e-05
DNa06,DVM1A,2.221482690556127e-05
DNde006,ps1,2.2211261158473388e-05
DNut046,b1,2.2193278354383972e-05
DNge010,hg2,2.2145496971748377e-05
DNg100,iii3,2.2119300642041802e-05
DNxl105,b3,2.2092345033278747e-05
DNp64,DLM5,2.207607032276154e-05
DNg10,i1,2.207164325644291e-05
DNg70,b1,2.2054097651343618e-05
DNp48,b1,2.2054097651343618e-05
DNg30,hg2,2.2045744670827287e-05
DNb06,DVM3A,2.197945387361e-05
DNg60,DVM1A,2.1797517780830667e-05
DNnt017,iii4,2.1771294138454247e-05
DNge048,hg3,2.1748481572567518e-05
DNge010,b1,2.1693688481996762e-05
DNg35,b1,2.1693688481996762e-05
DNg10,hg1,2.1682868428834846e-05
DNg70,iii4,2.166485943181335e-05
DNxn157,DVM1A,2.1664253105062633e-05
DNg53,b3,2.1631206547629318e-05
DNge085,DVM1A,2.1538063912666225e-05
DNxn109,iii1,2.1537419505761943e-05
DNxl101,hg3,2.148058675014098e-05
DNge050,DVM1A,2.1419990643863324e-05
DNge006,ps1,2.1409348532101235e-05
DNxn131,hg3,2.1378245788607045e-05
DNge140,i1,2.1368180365200808e-05
DNg59,hg2,2.1367449772182918e-05
DNae003,iii1,2.1353573262599405e-05
DNg111,i2,2.13286773447681e-05
DNge035,hg4,2.131430859929576e-05
DNpe003,b3,2.129367347216414e-05
DNpe045,b3,2.129367347216414e-05
DNp44,DVM1A,2.12375409149394e-05
DNxn153,b2,2.1215407546346706e-05
DNg39,hg2,2.1187989547689797e-05
DNp04,ps1,2.11394758392339e-05
DNxn145,hg4,2.1016665752338685e-05
DNxn128,hg4,2.1016665752338685e-05
DNge133,DLM5,2.0987189908880648e-05
DNnt010,hg2,2.092421537799956e-05
DNxn157,DVM3A,2.0917379133720583e-05
DNxl127,hg2,2.090333594482512e-05
DNg56,b3,2.0862698668307864e-05
DNxn187,iii3,2.0846070074307217e-05
DNg38,hg4,2.084170632500215e-05
DNp65,DVM1A,2.077447232840286e-05
DNge015,b2,2.075155468357384e-05
DNxn189,i2,2.0723730624256717e-05
DNxn118,hg4,2.0670813452483175e-05
DNxl093,DLM5,2.0649213708308477e-05
DNxn175,hg2,2.0644276536097573e-05
DNp68,hg4,2.0643000804216904e-05
DNg56,ps1,2.0610729909053864e-05
DNg35,b2,2.060652802242794e-05
DNge010,b2,2.060652802242794e-05
DNge076,DVM1A,2.0571753203237366e-05
DNxn174,ps1,2.0544867438835197e-05
DNp04,DVM1A,2.0467849556757346e-05
DNp15,iii4,2.0445564524353857e-05
DNpe016,b1,2.0418395357290583e-05
DNpe004,iii3,2.0385547873532805e-05
DNxn159,hg4,2.0347019379366222e-05
DNa11,i1,2.0335721859875444e-05
DNxl086,i2,2.0318074620547864e-05
DNge003,i2,2.0318074620547864e-05
DNge007,hg3,2.0317524642757415e-05
DNg49,iii4,2.028481953715452e-05
DNg74,i1,2.0214895598413437e-05
DNxn115,b3,2.01288955449519e-05
DNg49,hg2,2.0051907690894956e-05
DNxn112,hg2,2.0028562105314015e-05
DNp37,i1,2.0026986239721137e-05
DNg105,b2,2.0023541361033605e-05
DNg26,iii4,2.0015741955476584e-05
DNge142,ps1,1.9983914151438752e-05
DNnt017,hg1,1.9974213509855628e-05
DNg13,iii4,1.9957844597134278e-05
DNpe054,ps1,1.9956031669132733e-05
DNxl086,hg2,1.992641459752201e-05
DNpe039,hg3,1.984936337765884e-05
DNxn189,hg1,1.982968960320495e-05
DNxn132,ps1,1.979490019846695e-05
DNxl049,hg1,1.9792191284259035e-05
DNxn113,b1,1.9761544035307295e-05
DNxl096,hg2,1.9699868906894548e-05
DNg51,i2,1.968377388194243e-05
DNge099,i1,1.96550245859883e-05
DNpe028,iii1,1.962988259716792e-05
DNde006,iii4,1.961713131761863e-05
DNge037,iii1,1.960125376579774e-05
DNg97,b2,1.9567560120395413e-05
DNg65,hg2,1.9512548441852763e-05
DNp12,ps1,1.9429462708874356e-05
DNg30,b3,1.9415737394173642e-05
DNxn104,iii4,1.9355614923085745e-05
DNg105,hg4,1.9351673521057965e-05
DNp51,DVM2A,1.9350088331896735e-05
DNp38,iii3,1.932500471961413e-05
DNg53,DVM3A,1.927659232684533e-05
DNpe003,hg4,1.924362584820748e-05
DNpe020,b3,1.9232265493507578e-05
DNxn173,b2,1.9214285282590465e-05
DNxn157,iii4,1.9213718460147435e-05
DNp01,hg1,1.9205979248437218e-05
DNpe016,hg1,1.913277655160671e-05
DNa06,b1,1.912327257534708e-05
DNxl014,iii1,1.9083718384738235e-05
SA_DMT_DMetaN_6,iii4,1.9069360713303058e-05
DNg44,DVM1A,1.9024449256464776e-05
DNge115,b2,1.901631526710243e-05
DNge089,DVM2A,1.900319599205321e-05
DNp23,ps1,1.8953927710318674e-05
DNge092,DLM5,1.8952854773750296e-05
DNp05,DVM3A,1.8889187095854558e-05
DNxl119,hg3,1.887924667151622e-05
DNge118,hg3,1.8811389425446825e-05
DNxl112,hg3,1.8792836926203215e-05
DNge118,hg2,1.876522298560532e-05
DNxl120,hg1,1.8749604439253616e-05
DNge004,hg2,1.874448170950175e-05
untyped_720575941436586784,hg3,1.8693586243886073e-05
pIP9,DLM5,1.8659959747185637e-05
DNxn177,hg3,1.8543537578182637e-05
DNbe007,i2,1.8506684679835575e-05
DNxl101,hg1,1.844020104187494e-05
DNg46,hg2,1.8361536403432183e-05
DNp48,i1,1.8359098083603907e-05
DNg08,iii1,1.8307624976370524e-05
DNp71,iii4,1.8302291763328892e-05
DNge148,iii4,1.8297031116875713e-05
DNp01,hg3,1.8295440938219968e-05
DNnt009,b3,1.8268443820881564e-05
DNxl129,ps1,1.8262533690375217e-05
DNut048,DVM1A,1.8243870006370414e-05
DNxl080,b1,1.8226974768001943e-05
DNpe025,DVM1A,1.819182112120652e-05
DNg93,i2,1.818849221738181e-05
DNg22,iii3,1.810524943602148e-05
DNpe010,hg1,1.8099623281582363e-05
DNxn119,hg2,1.80968423891223e-05
DNg37,b1,1.8084039775837902e-05
DNge131,iii4,1.8033935481384232e-05
DNge127,DVM1A,1.7980437284234753e-05
DNut051,b2,1.7965837969557088e-05
DNge083,iii1,1.791965779152926e-05
DNd02,b2,1.7905590201780198e-05
DNxl107,hg4,1.784285195924827e-05
DNp27,iii4,1.7799616957849246e-05
DNxn113,b3,1.7764683546501314e-05
DNg89,iii3,1.77264885787354e-05
DNg44,DVM3A,1.7660198038207605e-05
DNxl120,DVM2A,1.757720236852802e-05
DNxl123,DVM2A,1.757720236852802e-05
DNbe002,hg2,1.7510819497597078e-05
DNg105,iii4,1.7482063401312364e-05
DNxl056,iii4,1.7382206073021193e-05
DNpe014,b1,1.7380100480154243e-05
DNxl106,hg3,1.737046292515302e-05
DNp64,DLM1,1.7302064256295134e-05
DNge118,DVM2A,1.727563272004837e-05
DNge062,hg4,1.727347062810258e-05
DNpe039,hg4,1.72688143199895e-05
DNg55,hg1,1.72540245184042e-05
DNg13,DVM1A,1.7247029199220433e-05
DNg51,b3,1.7238565414986397e-05
DNxl014,hg3,1.7187461360992057e-05
DNxn159,b3,1.7175855186312194e-05
DNp45,i1,1.715010608474852e-05
DNut037,DVM3A,1.7137068163681248e-05
DNg43,DVM2A,1.7126383193309293e-05
DNnt008,iii4,1.7096267373432517e-05
DNge032,b3,1.7093561561189548e-05
DNa02,i2,1.7081795832795254e-05
DNp14,hg3,1.7065886511854695e-05
DNnt012,iii4,1.7063974470723463e-05
untyped_720575941606629485,iii4,1.706196666358307e-05
DNa01,iii1,1.7036163582403226e-05
DNg21,iii4,1.7025862735741195e-05
DNge044,b2,1.699071355559905e-05
DNxl115,DVM1A,1.6964343776771853e-05
DNpe016,hg4,1.6957765108530684e-05
DNp38,i1,1.6938349000174808e-05
DNxn127,DLM1,1.6902057277263128e-05
DNde006,hg2,1.684442732635082e-05
DNg100,hg3,1.6799606567824522e-05
DNg97,hg1,1.6791084874232536e-05
DNg30,ps1,1.6771700602234975e-05
DNp45,hg4,1.677013147853641e-05
DNxn154,i1,1.6769169808077618e-05
DNge095,hg3,1.676182731130363e-05
DNxn131,DLM5,1.6756206283914656e-05
DNxn111,iii4,1.675215737083275e-05
DNge054,hg3,1.6642993829147735e-05
DNa06,i2,1.660764903093682e-05
DNge102,b2,1.658273957913007e-05
DNpe012,DVM2A,1.6575342401882383e-05
DNg100,iii4,1.651998071024358e-05
DNp09,hg2,1.649819105893062e-05
DNg43,DVM1A,1.647541586089305e-05
DNxl120,b2,1.6450130648937632e-05
DNxl021,hg4,1.6355947629310913e-05
DNxl127,hg4,1.6347051285121645e-05
DNge063,DLM1,1.630600188047843e-05
DNnt011,DLM1,1.6304559509679627e-05
DNut046,DLM1,1.6304559509679627e-05
DNxn174,DVM1A,1.6302263137706175e-05
DNge104,hg2,1.6299630677534896e-05
DNxl100,DVM1A,1.6264535097479925e-05
DNa13,DVM1A,1.6236350862622422e-05
DNxn151,DVM3A,1.621581267342744e-05
DNp67,hg4,1.6132059976065886e-05
DNp55,b2,1.6116409632596726e-05
DNp09,ps1,1.6079270787854646e-05
DNp37,hg3,1.60680490282607e-05
DNge088,ps1,1.6046303836571346e-05
DNg10,b1,1.6030126029055722e-05
DNp68,DVM3A,1.5968679989022887e-05
DNxl107,iii1,1.5928168510921038e-05
DNp04,b3,1.5921311267954675e-05
DNxn112,b1,1.5890741330027112e-05
DNg87,b3,1.5885603322505705e-05
DNxn174,b3,1.5885603322505705e-05
DNb09,hg2,1.58705084920445e-05
DNa03,DVM1A,1.58624409124076e-05
DNg70,hg2,1.5859799373537926e-05
DNxl082,b2,1.5858158231678143e-05
DNpe022,iii1,1.585493662195919e-05
DNg35,hg2,1.5829647663702302e-05
DNp09,i1,1.5818803726879724e-05
DNg11,iii3,1.5812389946383645e-05
DNg62,i2,1.57646911487543e-05
DNxn110,hg4,1.5762499314254015e-05
DNxl072,hg4,1.5762499314254015e-05
DNg26,DLM1,1.57495531429887e-05
DNge099,b3,1.5744166647697222e-05
DNge063,i1,1.5702766079632466e-05
DNxl120,hg3,1.5686666484750685e-05
DNxn174,DLM5,1.5662428597751982e-05
DNut048,ps1,1.565215605024856e-05
DNg16,DVM1A,1.5645488388863422e-05
DNxn179,i1,1.5628687243034955e-05
DNxn119,DVM1A,1.5578330720689162e-05
DNnt012,hg3,1.5557026026059743e-05
DNae002,DVM2A,1.5548069448043535e-05
DNxl022,i2,1.5517247628062103e-05
DNxl118,i2,1.5517124254981393e-05
DNxn187,DVM3A,1.551090646270697e-05
DNxn177,b1,1.5433109163525485e-05
DNp04,DLM1,1.53620341778878e-05
DNa16,DVM3A,1.5323713446558547e-05
DNp16,DVM3A,1.5299566921425078e-05
DNfl030,b2,1.5291642200039146e-05
DNxl124,iii1,1.527595779061913e-05
DNxn187,DVM2A,1.5274382944339674e-05
DNge122,hg2,1.5263398214651923e-05
DNpe012,hg3,1.5237833591114612e-05
DNp16,DLM5,1.5236548913151333e-05
DNpe032,b2,1.5234301553377587e-05
DNpe025,i2,1.5218408669557835e-05
DNb08,hg4,1.5208401571647484e-05
DNfl041,hg3,1.5129994390134303e-05
DNge102,hg1,1.5117091989056856e-05
DNp44,iii1,1.5114122420073283e-05
DNut050,iii1,1.5097932855703298e-05
DNp05,DVM2A,1.509064580111563e-05
DNg42,DVM3A,1.5060063769957525e-05
DNg73,iii4,1.50522123616294e-05
DNg109,DVM1A,1.4999470050269517e-05
DNb08,hg1,1.4980660132391722e-05
DNxl093,DLM1,1.4962266615159746e-05
DNpe025,i1,1.4942036305086728e-05
DNge083,hg2,1.4940965485267096e-05
DNp09,DVM1A,1.4923817988585254e-05
DNpe016,DLM5,1.4922777868612078e-05
DNxn159,ps1,1.4854859905828826e-05
DNxl080,b3,1.4848099965914857e-05
DNde001,hg2,1.48295368158081e-05
DNpe039,DLM1,1.4827043783913167e-05
DNxl049,b2,1.4808235947490227e-05
DNg29,b2,1.4808235947490227e-05
DNxn152,DLM1,1.480293811329477e-05
DNg88,iii1,1.479858410966228e-05
DNae005,iii4,1.478382895703111e-05
DNpe025,DVM3A,1.477143378487579e-05
DNxl113,hg1,1.4752160833499952e-05
DNp63,iii1,1.4732858867342833e-05
DNge073,iii1,1.4727146146843035e-05
DNxn155,b1,1.4644771173343897e-05
DNge095,DVM1A,1.4632208499398642e-05
DNg49,hg1,1.451809042356477e-05
DNg87,iii4,1.4516827423697564e-05
DNge014,DLM5,1.4507408438306532e-05
DNg89,i1,1.448485925058394e-05
DNd05,hg3,1.4416923358228899e-05
DNxn110,b2,1.4398782086363541e-05
DNxl125,b2,1.4389313124644102e-05
untyped_720575941436586784,iii1,1.435169123519427e-05
DNb04,b1,1.4345293830741182e-05
DNxl101,hg4,1.4334235410045505e-05
DNp43,DLM5,1.431010773108182e-05
DNit003,hg3,1.4276781024263537e-05
DNnt013,iii4,1.4267095169715049e-05
DNpe003,iii4,1.4266336453891832e-05
DNpe016,i1,1.4247000096174477e-05
DNg35,DVM1A,1.4244517125604207e-05
DNpe025,hg4,1.4212358264498999e-05
DNxl105,ps1,1.4138655898411707e-05
DNnt017,DLM5,1.4131154357233666e-05
DNp12,DVM2A,1.3963942105677933e-05
DNge148,i2,1.3955592533384767e-05
DNg88,DVM1A,1.3923090396168824e-05
untyped_720575941436586784,DVM3A,1.3912630753126314e-05
DNg97,DVM3A,1.391003921174844e-05
DNpe032,hg3,1.3903796187935594e-05
DNp48,iii4,1.3886822397460694e-05
DNut042,iii1,1.3881537334746376e-05
DNp64,DVM3A,1.3866299606617797e-05
DNa13,b3,1.3865431017729117e-05
DNxl107,b2,1.3843258049543083e-05
DNde005,hg3,1.3828899634456088e-05
DNge020,iii4,1.3824383041431832e-05
DNpe054,DVM2A,1.3820506176038695e-05
DNp09,b2,1.379783133163974e-05
DNg15,DVM1A,1.3779695292653985e-05
DNge139,hg3,1.3745555187893737e-05
DNg94,b3,1.3714501573174351e-05
DNp15,i2,1.3712499990981984e-05
DNge094,DLM1,1.3707558380327955e-05
DNxn172,i1,1.3706560019396166e-05
DNg56,hg1,1.3684686766839228e-05
DNxn117,DLM1,1.3667164229778302e-05
DNp44,b2,1.366119680228163e-05
DNa12,DLM1,1.365463112416556e-05
DNge131,i2,1.363907746171494e-05
DNxn126,iii4,1.3621774411983105e-05
DNxl073,hg3,1.3616994951120873e-05
DNfl012,hg3,1.3616994951120873e-05
DNxl111,iii4,1.3613132529763932e-05
DNxn165,hg2,1.3611491763494166e-05
DNg109,i1,1.3583258046419714e-05
DNg87,i1,1.354155983744401e-05
DNg36,DVM1A,1.3498510101947498e-05
DNa01,ps1,1.3420285455321448e-05
DNxl111,i2,1.3407910667293703e-05
DNxl049,hg3,1.3378028394251163e-05
DNnt017,ps1,1.337777627120335e-05
DNge063,b2,1.3374206796849824e-05
DNpe001,DLM5,1.3322429020691743e-05
DNge117,iii4,1.3263482899018407e-05
DNge088,DLM5,1.3260692170710354e-05
DNpe032,iii1,1.3202365863962824e-05
DNg75,DVM2A,1.3182901776396015e-05
DNpe001,hg3,1.317346716419618e-05
DNxn126,hg2,1.3128755083073924e-05
DNpe045,hg2,1.3128755083073924e-05
DNge139,hg2,1.3128755083073924e-05
DNxn104,hg3,1.3085183921784708e-05
DNge050,b2,1.3082257470957894e-05
DNpe012,b2,1.3065401636971229e-05
DNxl112,DVM2A,1.3041966148852305e-05
DNg96,hg2,1.3011391349955368e-05
DNxl049,hg4,1.3010490115797022e-05
DNg55,ps1,1.2993283852676731e-05
DNxn178,hg4,1.298332759628625e-05
DNge095,i2,1.2977037006801318e-05
DNge115,hg3,1.2970599325495058e-05
DNp44,ps1,1.2926996237464017e-05
DNxn173,ps1,1.2926996237464017e-05
DNp66,hg3,1.2888352050084588e-05
DNg87,hg3,1.2888352050084588e-05
DNxl087,hg3,1.2888352050084588e-05
DNut042,DVM3A,1.2851061551230222e-05
DNge059,b2,1.280266295389441e-05
DNxl104,b2,1.280266295389441e-05
DNp01,b1,1.2777577755676361e-05
DNge015,hg3,1.2775550731156496e-05
DNb08,DVM1A,1.2765088048936629e-05
DNxl101,iii4,1.276166917615329e-05
DNge059,iii3,1.2735808921678025e-05
DNxl114,DVM1A,1.272325783257889e-05
DNg68,DVM1A,1.272325783257889e-05
DNg74,b3,1.2627078294940067e-05
DNge054,iii4,1.2600950799014834e-05
DNg29,DLM5,1.2586329634966234e-05
DNg90,hg3,1.2563906270467244e-05
DNut043,iii1,1.256282679813057e-05
DNp57,DLM5,1.2482665297415447e-05
DNg111,DLM1,1.2463824311931975e-05
DNge131,hg3,1.2452449205182517e-05
DNxl067,i1,1.2431356479709035e-05
DNfl021,i1,1.2431356479709035e-05
DNb09,hg4,1.2427796172611864e-05
DNxl101,b2,1.239559334749482e-05
DNg87,hg4,1.238734512827746e-05
DNxl106,b3,1.2355469250837771e-05
DNnt015,i1,1.2328256183853302e-05
DNxl080,DVM2A,1.232233884730043e-05
DNnt008,DVM1A,1.2311708329298335e-05
DNxl092,i1,1.2283905626847705e-05
DNg70,b2,1.2242455961478385e-05
DNp71,DVM3A,1.221733528810698e-05
DNnt015,b2,1.2193656788011484e-05
DNfl025,i2,1.2181806796764688e-05
DNht001,hg3,1.2168823316081051e-05
DNg56,hg2,1.2145597346335863e-05
DNge148,b2,1.2127635456297328e-05
DNa16,DVM2A,1.209294290403386e-05
DNut051,b1,1.2060547861795249e-05
DNp20,hg3,1.2053260652991544e-05
DNxl125,ps1,1.203498876427269e-05
DNnt008,hg3,1.2000481515226963e-05
DNfl036,DVM1A,1.1986958189489835e-05
DNfl027,hg2,1.1974958549688063e-05
DNxn127,DVM2A,1.1974769411345899e-05
DNg57,iii1,1.1935412368497332e-05
DNa02,iii1,1.1924807334243525e-05
DNpe003,b2,1.1893499488919336e-05
DNxn133,hg2,1.1860335326821425e-05
DNxn113,hg1,1.185991707033123e-05
DNa13,iii1,1.185928991730486e-05
DNxn105,b1,1.1850244900123667e-05
DNxl022,iii4,1.184947117837014e-05
DNge111,iii4,1.184947117837014e-05
DNae001,iii4,1.184947117837014e-05
DNge109,ps1,1.1837986418516707e-05
DNp72,i1,1.1831469739508225e-05
DNg10,DVM3A,1.1817147027900631e-05
DNxl131,hg3,1.1815703267036316e-05
DNfl040,iii4,1.1732255905396861e-05
DNge142,DVM3A,1.1729929883269969e-05
DNge068,hg3,1.1725745652354086e-05
DNg11,DLM5,1.169609692177822e-05
DNge116,iii3,1.1670985979143759e-05
DNnt010,b1,1.1670270589308421e-05
DNpe022,DLM1,1.1663144375193546e-05
DNge059,iii4,1.16533182499474e-05
DNxn114,DLM1,1.164761373718793e-05
DNpe054,DLM1,1.1632431622364424e-05
DNut062,DVM1A,1.1614610725515508e-05
DNge091,DVM1A,1.1611547849055583e-05
DNpe013,b2,1.157939395274579e-05
DNp09,DVM3A,1.1560680538727713e-05
DNxl132,iii1,1.1555571573972909e-05
DNg16,hg4,1.1555027448004781e-05
DNg87,hg1,1.1545308559901177e-05
DNp65,DLM1,1.1534987345576969e-05
DNpe042,DVM1A,1.148909730622029e-05
DNge148,b1,1.1476235064592946e-05
DNxl086,DVM1A,1.1454893127980634e-05
DNge088,DLM1,1.1405608334756345e-05
DNge046,DVM1A,1.140004957624972e-05
DNg56,DVM3A,1.138486822474097e-05
DNge092,hg3,1.1367653939945605e-05
DNge007,iii4,1.1361169501584537e-05
DNge091,DVM3A,1.1354648084644488e-05
DNp19,iii1,1.1344962492866425e-05
DNxn109,DLM5,1.1332397163078652e-05
DNpe016,b2,1.1331911693502695e-05
DNge076,DLM5,1.1327696671469608e-05
DNg111,DVM1A,1.1327675489067894e-05
DNa02,ps1,1.1297380595494326e-05
DNxn162,DLM5,1.1295869171243258e-05
DNxl127,iii4,1.1290147721612054e-05
DNxl086,hg3,1.1279379385743119e-05
DNge032,DLM1,1.1275883648011553e-05
DNge050,hg1,1.1266289943031502e-05
DNg59,i2,1.1265646731571627e-05
DNg20,DLM5,1.124213010742016e-05
DNxn116,hg3,1.1241986871188047e-05
DNg70,hg4,1.1234953187695052e-05
DNge118,DLM5,1.120392145214277e-05
DNxn153,iii3,1.1179252023583305e-05
DNge093,DVM1A,1.1154784379241148e-05
DNge093,hg2,1.1146475306007958e-05
DNg13,hg3,1.1133530475392425e-05
DNge088,DVM1A,1.112806972655059e-05
DNpe025,hg1,1.1096045931558914e-05
DNge015,hg4,1.1075561412583522e-05
DNxn146,i1,1.1069552846994111e-05
DNxl087,hg1,1.1064120625124965e-05
DNnt008,hg2,1.1045754143604273e-05
DNge020,hg2,1.1045754143604273e-05
DNnt013,hg2,1.1045754143604273e-05
DNxl103,iii1,1.1045359610132276e-05
DNpe032,DVM1A,1.1038349987443877e-05
DNg38,ps1,1.1004885874788105e-05
DNpe001,DLM1,1.0992083586122864e-05
DNxl108,i2,1.0988944471927996e-05
DNge090,DVM3A,1.0956521441398876e-05
DNfl025,hg2,1.0927027127437546e-05
DNge089,iii1,1.0917578506775618e-05
DNg97,i2,1.0911921314182678e-05
DNp01,iii3,1.091019016797161e-05
DNg09,b3,1.0871969322985447e-05
DNp12,iii3,1.0849328860516688e-05
untyped_720575941436586784,hg2,1.0832637310476427e-05
DNit005,i1,1.083121808350418e-05
DNg94,DLM5,1.0812900104752993e-05
DNpe003,DVM1A,1.0800662220257483e-05
DNxn131,ps1,1.0797217436616345e-05
DNxn168,DVM3A,1.0795128698174948e-05
DNge083,hg3,1.0759820411359694e-05
DNxl100,hg3,1.0752567216779034e-05
DNg26,DVM3A,1.0701386721362644e-05
DNde006,DVM1A,1.0655073946213185e-05
DNg52,i2,1.0647430309241305e-05
DNge046,b3,1.064683673608207e-05
DNp64,b3,1.064683673608207e-05
DNge118,DLM1,1.0611162664914857e-05
DNge093,ps1,1.0593028203998576e-05
DNp38,b3,1.0590402215003804e-05
DNxn178,b3,1.0590402215003804e-05
DNg13,ps1,1.0579254751451872e-05
DNxn143,DVM1A,1.0578358587266745e-05
DNg46,b1,1.0577574640656105e-05
DNge129,hg4,1.0569894119831573e-05
DNxl056,hg4,1.0490152369463166e-05
DNxn144,i1,1.0464877081879325e-05
DNg89,b1,1.0463001218000655e-05
DNxl115,i2,1.0403552196778056e-05
DNp66,DVM2A,1.0397203559901402e-05
DNg44,hg2,1.0374620876285657e-05
DNp72,hg2,1.0311324670102057e-05
DNpe053,b1,1.0288739442350323e-05
DNae005,DVM1A,1.028000478210984e-05
DNxn105,hg3,1.0253202844238468e-05
DNfl040,b2,1.0242130363115527e-05
DNg45,hg3,1.0237735486788472e-05
DNge071,i1,1.0236588022373086e-05
DNp04,hg3,1.0218831292114319e-05
DNxl100,hg4,1.0218091722969248e-05
DNxn173,DVM3A,1.0217389449742357e-05
DNb02,DVM3A,1.0215808964372367e-05
DNxn119,iii3,1.0212661657923494e-05
DNg46,hg3,1.0210711885856818e-05
DNnt012,b1,1.0198877607155888e-05
DNp56,b2,1.019442813335943e-05
DNxn128,iii1,1.017642215499616e-05
DNae001,i2,1.015779136347289e-05
DNxn126,i2,1.0156399028855172e-05
DNg60,DLM5,1.0134512622074812e-05
DNg41,b1,1.0075834424076102e-05
DNge073,DVM1A,1.007041787353799e-05
DNg80,DLM1,1.0062549928416137e-05
DNxn165,hg3,1.0021803317393755e-05
DNp64,DVM1A,1.002003950308448e-05
DNpe054,DLM5,1.0014675089189377e-05
DNxn153,hg4,1.0009771464349058e-05
DNg16,hg3,1.0009508344029031e-05
DNg70,ps1,9.987031839156855e-06
DNg68,b2,9.919521934324974e-06
DNxn159,b2,9.916474677995859e-06
DNbe007,b2,9.916474677995859e-06
DNp27,hg1,9.914844801602475e-06
DNut062,DLM5,9.870630073218658e-06
DNxn117,DLM5,9.838842782557942e-06
DNxl105,hg4,9.834974151366858e-06
DNxn132,b2,9.811764692786841e-06
DNge148,i1,9.791518977922082e-06
DNxl087,iii4,9.788180800376833e-06
DNpe006,iii4,9.764094747303199e-06
DNp67,i2,9.761335874020935e-06
DNxl121,hg4,9.756098493394909e-06
DNxl124,ps1,9.74266829415621e-06
DNb08,iii4,9.739917255515679e-06
DNg35,iii1,9.707482305032006e-06
DNge010,ps1,9.696594126843187e-06
DNge058,b2,9.666144694853145e-06
DNg45,hg4,9.664339686188057e-06
DNxn118,iii4,9.653438407284448e-06
DNp46,DVM1A,9.63184331898622e-06
DNg95,i2,9.622836144912213e-06
DNxn134,i2,9.622836144912213e-06
DNxl105,DVM1A,9.618870915371145e-06
DNg98,b3,9.605589973084836e-06
DNge154,DVM3A,9.579247975524076e-06
SA_DMT_DMetaN_6,b2,9.574538162577192e-06
DNxn153,DLM5,9.559509623045652e-06
DNge081,iii4,9.526798991691937e-06
DNp44,iii4,9.515643817557354e-06
DNge085,DLM1,9.510993047313114e-06
DNxl127,iii1,9.500952945580441e-06
DNxn105,b2,9.49520657549499e-06
DNae001,hg2,9.467789265946518e-06
DNxl022,hg2,9.467789265946518e-06
DNge111,hg2,9.467789265946518e-06
DNg75,i2,9.458814689252581e-06
untyped_720575941434874912,i1,9.434139377047523e-06
DNpe025,DVM2A,9.416358411711438e-06
DNa13,iii4,9.403620079722035e-06
DNge109,hg3,9.402315980523238e-06
DNxl134,hg3,9.398441077571366e-06
DNxn111,hg3,9.39338147221119e-06
untyped_720575941436586784,DVM1A,9.38564162111707e-06
DNge032,DVM1A,9.375882560183442e-06
DNnt012,iii3,9.33741354363104e-06
DNxn115,i1,9.30211296167051e-06
DNp23,DLM1,9.27758752736127e-06
DNg34,iii4,9.27610177695131e-06
DNp66,DVM1A,9.266210621057246e-06
DNpe052,i1,9.254604896562744e-06
DNp73,DVM2A,9.247248301460295e-06
DNge015,DVM3A,9.237657593967245e-06
DNge133,DVM2A,9.232991220335845e-06
DNxn157,hg2,9.22470525419444e-06
DNg30,i1,9.218647121054071e-06
DNge076,i1,9.21292922013578e-06
DNxn127,DLM5,9.197411722705607e-06
DNpe012,b1,9.18297738363856e-06
DNg40,b3,9.127430667384691e-06
DNxn127,b1,9.116489642766193e-06
DNge046,iii1,9.104957072050987e-06
DNge056,hg1,9.049811640791181e-06
DNxl070,hg1,9.049811640791181e-06
DNp12,b1,9.044484074999124e-06
DNge085,b1,9.043849733961276e-06
DNg105,hg2,9.038264875132795e-06
DNg43,ps1,9.033517910485558e-06
DNg53,hg2,9.024871761437145e-06
DNge129,iii4,9.018889398517288e-06
DNg84,i1,9.000331623647481e-06
DNxn132,hg1,8.993080359769706e-06
DNp34,DLM5,8.990383493463031e-06
MDN,DVM1A,8.990218642117376e-06
DNxl107,hg2,8.957928640244659e-06
DNpe013,DLM5,8.949959198715417e-06
DNge110,DVM3A,8.93883284382582e-06
DNxn176,DVM2A,8.93800070236204e-06
DNp15,i1,8.933129147524246e-06
DNge032,DLM5,8.929419372072636e-06
DNge060,hg4,8.921425979624135e-06
DNxl121,DVM3A,8.862860270925474e-06
DNxl124,hg3,8.860270419339592e-06
DNge015,i1,8.83756562619442e-06
DNp15,iii1,8.824754794854149e-06
DNg97,DVM1A,8.819129134268045e-06
DNfl038,iii4,8.819029290654064e-06
DNge023,hg3,8.811002022740917e-06
DNge048,hg4,8.797927169664006e-06
DNfl042,iii1,8.75636099108535e-06
DNxn114,DVM1A,8.748545800163405e-06
DNa13,i1,8.746473758068851e-06
DNpe012,i2,8.745853718017336e-06
DNg109,b2,8.639269251818125e-06
DNnt013,i1,8.626412266922556e-06
DNp38,DVM1A,8.616822979665217e-06
DNb08,DVM3A,8.595243802578857e-06
DNut054,DVM3A,8.56561791468666e-06
DNxn143,iii4,8.544744979632586e-06
DNp17,DLM5,8.517186710795169e-06
DNnt012,DLM5,8.500742128597182e-06
DNp64,DVM2A,8.498944714364633e-06
DNxl128,i2,8.494144970567023e-06
DNp68,hg1,8.491069852456488e-06
DNg63,DVM3A,8.490708152449295e-06
DNge089,hg3,8.4200546424892e-06
DNge004,DVM3A,8.404563590637602e-06
DNxl111,i1,8.400630184979122e-06
DNxn179,iii3,8.387776214130607e-06
DNa12,DLM5,8.385475286696778e-06
DNge094,DLM5,8.342676448857407e-06
DNge104,hg1,8.332322496023724e-06
DNg85,iii4,8.331207139844518e-06
DNg29,hg4,8.316174460572827e-06
DNit013,i1,8.302164635245582e-06
DNge088,DVM2A,8.292894999384315e-06
DNpe011,b2,8.265846882313005e-06
DNxn104,b2,8.265846882313005e-06
DNp53,iii1,8.250881812993763e-06
DNp42,DVM3A,8.243286318111644e-06
DNge145,i1,8.228829963447371e-06
DNpe039,ps1,8.217600146546785e-06
DNxl021,hg2,8.211434586890937e-06
DNxn172,b1,8.175028366348586e-06
DNge050,hg4,8.16116812119542e-06
DNpe022,hg4,8.149697568729116e-06
DNxn157,DLM1,8.149039658664115e-06
DNa08,i1,8.10663697596137e-06
DNge076,DLM1,8.099069671436941e-06
DNxn126,DVM3A,8.09634652363121e-06
DNge139,DVM3A,8.09634652363121e-06
DNp35,DVM3A,8.09634652363121e-06
DNge014,DVM1A,8.09246122497204e-06
DNxl095,hg4,8.088519213603348e-06
DNp35,hg3,8.048787643212848e-06
DNxn106,hg2,8.043779083553691e-06
DNpe004,DLM1,8.030009307934378e-06
DNp65,DVM3A,8.026040041021982e-06
DNp66,b1,7.963574565250807e-06
DNge116,i1,7.948409523254398e-06
DNge014,DLM1,7.936008446534735e-06
DNfl036,hg2,7.929899686768963e-06
DNfl040,hg2,7.929899686768963e-06
DNxn189,iii1,7.921419518377694e-06
DNpe006,iii1,7.921419518377694e-06
DNxn146,b1,7.918331920986879e-06
DNge127,i1,7.851383039816233e-06
DNxn119,b2,7.849210207851704e-06
DNxl131,iii4,7.84399667825229e-06
DNd04,hg4,7.823364478013588e-06
DNxn152,DVM1A,7.817297671286744e-06
DNxl119,hg2,7.814583583710334e-06
DNnt020,DLM5,7.784110451018544e-06
DNxl082,ps1,7.766651903861886e-06
DNxn183,b1,7.716554581762742e-06
DNxl103,DVM1A,7.71003674482742e-06
DNfl017,b2,7.681597772336647e-06
DNxl121,hg1,7.67130239361164e-06
DNa11,hg3,7.671146769403099e-06
DNnt007,iii3,7.65949624344262e-06
DNpe032,ps1,7.652541511069715e-06
DNa11,i2,7.624043625108472e-06
DNfl041,DVM1A,7.604061582760072e-06
DNg87,ps1,7.600285759804998e-06
DNg22,hg1,7.590222444119096e-06
DNxn143,DLM5,7.579058696259916e-06
DNxn189,ps1,7.577894346099596e-06
DNg42,ps1,7.553444410276543e-06
DNxn174,i1,7.542529462680604e-06
DNg10,DVM2A,7.533086729369151e-06
DNit005,hg3,7.51383796746554e-06
DNg40,i1,7.471948171721026e-06
DNa14,DVM1A,7.467913249043188e-06
DNg68,hg1,7.46608796996046e-06
DNp64,hg4,7.438365157689627e-06
DNge073,b2,7.437356008496893e-06
DNxn155,b3,7.43000477160696e-06
DNp04,b1,7.407924165272923e-06
DNnt020,ps1,7.36911404769676e-06
DNxl119,DLM1,7.364619875145146e-06
DNxn177,hg4,7.357082839596034e-06
DNp48,b2,7.355202842152427e-06
DNxn145,b2,7.344902646065826e-06
DNg65,DVM1A,7.33628042198285e-06
DNge085,hg4,7.335586509945135e-06
DNxn165,hg4,7.330705618746293e-06
DNge102,hg2,7.314151256533296e-06
DNxn153,DLM1,7.310424273439913e-06
DNge093,DVM3A,7.299208770465958e-06
DNg37,DLM5,7.2943599627945705e-06
DNp46,hg1,7.280958433008305e-06
DNp45,hg1,7.256085732966168e-06
DNg46,i1,7.23970901634267e-06
DNp04,hg4,7.23649852680855e-06
DNpe025,iii3,7.232885907011126e-06
DNpe052,iii3,7.232885907011126e-06
DNxn168,iii3,7.232885907011126e-06
DNg12,i2,7.231398129124671e-06
DNg71,iii1,7.219521586369544e-06
DNxl117,iii3,7.166027297786652e-06
DNg96,iii1,7.1606052143527165e-06
DNnt008,b2,7.155758370192791e-06
DNb09,ps1,7.151148739395356e-06
DNg30,DVM1A,7.133084274731628e-06
DNut037,iii1,7.11836441526187e-06
DNg84,hg1,7.118241031763131e-06
DNxn105,i1,7.1137506185502425e-06
DNd02,iii4,7.112870829521939e-06
DNxl115,hg4,7.090331902733537e-06
DNge131,DLM5,7.082375228391337e-06
DNge091,DVM2A,7.081870049500456e-06
DNp32,DVM2A,7.081870049500456e-06
DNxl111,b3,7.065550646119373e-06
DNxn126,DLM1,7.062225999206858e-06
DNpe053,b3,7.060268143335869e-06
DNp71,b3,7.0278603551369495e-06
DNpe012,DLM1,7.012725125073851e-06
DNg109,hg4,7.00679569618762e-06
DNge004,DVM2A,6.998029434865301e-06
DNpe012,DVM3A,6.96500087062511e-06
DNxl073,hg4,6.960677338006046e-06
DNnt010,DLM5,6.945821633216547e-06
DNd02,i2,6.934290661689827e-06
DNde006,b2,6.921629024771541e-06
DNge076,hg4,6.920668576704327e-06
DNpe016,hg3,6.914449817228044e-06
DNge095,DVM2A,6.910253088019348e-06
DNge110,DVM2A,6.910253088019348e-06
DNp46,iii4,6.8957954323974995e-06
DNge014,DVM3A,6.860828101951905e-06
DNde006,hg4,6.858512718988928e-06
DNxn104,hg2,6.853589597712573e-06
DNp68,i1,6.842321087565549e-06
DNp16,iii1,6.840750074144312e-06
DNxl104,iii4,6.8300179287970636e-06
DNp66,DLM5,6.8210348681793764e-06
DNfl035,b2,6.79628542223962e-06
DNxl084,iii3,6.774366447701078e-06
DNut054,iii1,6.773659087439474e-06
DNnt011,hg3,6.757203959097778e-06
DNxn115,hg1,6.753889939091973e-06
SA_DMT_DMetaN_6,i1,6.747320184078849e-06
DNg30,DLM5,6.741360945947768e-06
DNp55,DLM1,6.73909784534033e-06
DNge154,hg3,6.736252772316175e-06
DNa02,DVM1A,6.728945090455235e-06
DNa12,b1,6.687975299077896e-06
DNg72,iii1,6.68077318639287e-06
DNxl075,hg4,6.671435032090244e-06
DNxl075,DVM1A,6.666648398428209e-06
DNg10,b3,6.6595827285930406e-06
DNg96,DVM1A,6.657291435820591e-06
DNge154,ps1,6.652471087785544e-06
DNp46,i2,6.64375128517327e-06
DNge099,iii4,6.620968950985104e-06
DNge099,hg1,6.617935762789644e-06
DNxn131,DLM1,6.601413032459598e-06
DNxn152,iii3,6.597734997575332e-06
DNfl035,iii1,6.59654211849028e-06
DNge129,hg2,6.589075181567458e-06
DNp01,hg4,6.5863006049953205e-06
DNg53,i2,6.5818280362805355e-06
DNp09,DVM2A,6.580510720748715e-06
DNge139,DVM2A,6.580510720748715e-06
DNp35,DVM2A,6.580510720748715e-06
DNxn126,DVM2A,6.580510720748715e-06
DNxl112,hg1,6.580242529442216e-06
DNnt010,ps1,6.5755171502524935e-06
DNpe011,b1,6.559269559741827e-06
DNxn104,b1,6.559269559741827e-06
DNxn173,i2,6.541114427863433e-06
DNa14,hg1,6.539768748196388e-06
DNp17,DLM1,6.511518151460612e-06
DNxn189,b3,6.490274774830441e-06
DNpe012,hg2,6.480868082576684e-06
DNge093,hg3,6.4684345591363345e-06
DNp34,DVM1A,6.440879646887848e-06
DNg49,b1,6.433674095294312e-06
DNxn146,i2,6.414407566629959e-06
DNpe020,hg1,6.411712362171267e-06
DNg20,b2,6.4097252755257475e-06
DNxl105,iii4,6.4045728200491446e-06
DNg61,b2,6.401331476947205e-06
DNge122,ps1,6.386874773344006e-06
DNa13,hg1,6.37973614446225e-06
DNnt012,i2,6.376768279774535e-06
DNxl115,i1,6.376622950008721e-06
DNp71,hg1,6.370838628882268e-06
DNg96,ps1,6.367586397334207e-06
DNg88,ps1,6.367586397334207e-06
DNxn155,DVM2A,6.340225141531941e-06
DNg05,iii1,6.325616458637607e-06
DNpe013,hg3,6.320586942181105e-06
DNfl042,b3,6.317095188372154e-06
DNge142,DVM1A,6.309244413958417e-06
DNfl026,i2,6.305876459501721e-06
DNge095,ps1,6.282765607252104e-06
DNfl036,iii4,6.26824156235921e-06
DNxl100,DVM3A,6.262474888344661e-06
DNg100,b3,6.2356288241942395e-06
DNg89,DLM5,6.227288360814836e-06
DNnt013,hg3,6.221336008012376e-06
DNxl103,DVM3A,6.212028369148451e-06
DNxl103,iii4,6.203105171063548e-06
DNpe001,ps1,6.200867337740962e-06
DNfl042,DVM1A,6.187984454046074e-06
DNpe003,hg3,6.164166053626428e-06
DNp66,ps1,6.124307467986384e-06
DNg44,i2,6.120109144359164e-06
DNxl100,hg1,6.1190038270693845e-06
DNg38,DVM1A,6.090291520442709e-06
DNxn118,DVM1A,6.063940373735506e-06
DNa01,DVM3A,6.053659810401558e-06
DNbe007,ps1,6.048371523076594e-06
DNnt015,DLM1,6.0401300991500485e-06
DNxl125,DVM1A,6.0356866940036845e-06
DNa13,ps1,6.034485407325037e-06
DNb08,i2,6.019245711342551e-06
DNxl082,DVM1A,5.993479094744917e-06
DNxl102,DVM2A,5.992351580346539e-06
DNb08,hg2,5.989583541382879e-06
DNg75,b3,5.9825402885312704e-06
aSP22,DLM5,5.9796242244891676e-06
DNg63,iii3,5.961442473976949e-06
DNpe022,hg1,5.958930624638001e-06
DNge145,b3,5.954542681159845e-06
DNpe010,hg2,5.901059299154791e-06
DNg89,ps1,5.895291238157408e-06
DNge102,hg3,5.895178421996325e-06
DNnt007,b2,5.886907655888778e-06
DNg68,ps1,5.8783122523867265e-06
DNp38,DVM3A,5.844307644354399e-06
DNg01,DVM3A,5.833242188924131e-06
DNpe011,hg3,5.804723303351937e-06
DNxl103,hg2,5.785838302406013e-06
DNxn177,hg2,5.785838302406013e-06
DNg13,hg4,5.777513724002391e-06
DNxl056,ps1,5.7719169305715354e-06
DNge063,i2,5.749495860611026e-06
DNge006,DLM5,5.7482661792136945e-06
DNg109,i2,5.726684140433855e-06
DNge048,i1,5.72646215001284e-06
DNxl075,iii4,5.722772499495913e-06
DNxn177,iii4,5.686912707785574e-06
DNxn174,iii4,5.672238991543599e-06
DNp38,ps1,5.658957192584227e-06
DNxn144,iii3,5.6573899719368315e-06
DNge006,iii1,5.6568940992654795e-06
DNxl121,DVM2A,5.649815047026863e-06
DNpe032,b1,5.633923732769584e-06
DNxn162,DLM1,5.624575587914171e-06
DNpe022,DLM5,5.62106505371008e-06
DNd02,iii1,5.597153357299074e-06
DNp67,iii4,5.590933499191046e-06
DNg30,DVM3A,5.582274132600481e-06
DNxn177,i2,5.578900881135864e-06
DNge016,iii1,5.574387770591205e-06
DNpe020,iii4,5.532375769817187e-06
DNd02,hg2,5.523264825496549e-06
DNut046,iii1,5.483095490320597e-06
DNge099,iii3,5.455095083985805e-06
DNxn118,hg3,5.42232577624602e-06
DNxn154,hg4,5.409719831785939e-06
DNge122,hg4,5.409719831785939e-06
DNg20,b1,5.3968191148137295e-06
DNa01,iii4,5.3938173588136975e-06
DNp34,i1,5.391880910694152e-06
DNa02,DLM5,5.386718485005214e-06
DNxl114,b2,5.373809643387576e-06
DNxl105,hg3,5.360387806189819e-06
DNg97,hg2,5.353940004617705e-06
DNxl092,hg2,5.336677860740883e-06
DNge073,ps1,5.332202023211206e-06
DNg84,i2,5.324877303616656e-06
DNg78,iii4,5.3125455393986125e-06
DNge150,DLM5,5.311781421293503e-06
DNpe006,b3,5.295201107501902e-06
DNxn154,b3,5.295201107501902e-06
DNxl073,i2,5.29061231715593e-06
DNg65,DLM5,5.286258446685818e-06
DNxl082,i1,5.283007519922898e-06
DNxl086,DVM3A,5.2786614822669964e-06
DNpe003,ps1,5.268522021504089e-06
DNpe013,i2,5.247293096298243e-06
DNxl049,i1,5.234255359877488e-06
DNfl036,i1,5.234255359877488e-06
DNg10,iii4,5.230844443711555e-06
DNpe053,hg3,5.224971326423292e-06
DNge071,b3,5.222734801990099e-06
DNge083,DVM1A,5.214180095836197e-06
DNxl108,DVM1A,5.212530794083137e-06
DNge104,b2,5.207549134924201e-06
DNge149,iii4,5.207004462402824e-06
DNxn114,DVM2A,5.2023063558177455e-06
DNge090,DVM2A,5.182689816014511e-06
DNut046,DVM2A,5.182689816014511e-06
DNge037,DVM1A,5.172250744231606e-06
DNg99,iii1,5.156801133121103e-06
DNp35,DLM1,5.15212420988735e-06
DNg62,b2,5.121065181557763e-06
DNge015,iii4,5.10951959037944e-06
DNp71,i2,5.10021518050714e-06
DNfl026,b2,5.097214066679715e-06
DNpe013,DVM1A,5.085376201601748e-06
DNp35,b2,5.078100517792528e-06
DNxl129,i2,5.077814603343277e-06
DNxn118,ps1,5.066319343410726e-06
DNa14,DVM3A,5.065066625107146e-06
DNp05,DVM1A,5.060736933014607e-06
DNxn118,DLM1,5.036524077368432e-06
DNxn178,i1,5.028352975120403e-06
DNg54,DVM1A,4.993812015545954e-06
DNxl123,hg3,4.99142557366102e-06
DNxn114,iii1,4.978066807353622e-06
DNg72,hg2,4.977236057171184e-06
DNge053,iii3,4.976867736578519e-06
DNg97,i1,4.9606880065737874e-06
DNge131,b3,4.9587505560192756e-06
DNp48,iii3,4.948301248181499e-06
DNbe002,hg1,4.9434455947620704e-06
DNxn118,DVM3A,4.923811261625263e-06
DNpe003,DVM3A,4.923811261625263e-06
DNxl022,hg3,4.921624505099528e-06
DNfl038,hg3,4.917248176793648e-06
untyped_720575941434874912,iii1,4.91426726767987e-06
DNge145,iii3,4.903071309011921e-06
DNxn133,hg4,4.868747848607344e-06
DNae005,hg2,4.865794520087275e-06
DNg52,iii1,4.8513956858963855e-06
DNg80,b2,4.834922889779018e-06
DNg26,DVM2A,4.832123960086656e-06
DNge102,hg4,4.828711536141147e-06
DNxl120,b1,4.824219144718099e-06
DNge131,ps1,4.809988424314004e-06
DNxn113,b2,4.807625987072987e-06
DNg16,ps1,4.796597203387053e-06
DNg19,hg2,4.792169594881963e-06
DNg10,DLM5,4.790221816011412e-06
DNht001,hg4,4.7899768568240155e-06
DNge099,b2,4.780767328181442e-06
DNpe020,b2,4.780767328181442e-06
DNxl108,b3,4.772164916475183e-06
DNxl127,ps1,4.763156203478364e-06
DNg10,ps1,4.7419036984720455e-06
DNg11,b1,4.740407983383609e-06
DNpe010,ps1,4.739180970436343e-06
DNge050,i2,4.729407344626291e-06
DNxl125,DVM3A,4.723462727585022e-06
DNge032,iii3,4.699700761106535e-06
DNge063,iii4,4.693455899661576e-06
DNxl087,iii1,4.670565450978126e-06
DNge088,i2,4.667654608252611e-06
DNge118,DVM3A,4.656521612594522e-06
DNxl129,DVM1A,4.652550763404131e-06
DNg38,iii4,4.652234034309345e-06
DNxn119,b1,4.634693461374465e-06
DNge015,iii1,4.628864275086791e-06
DNge089,DLM5,4.62434219725082e-06
DNge023,hg4,4.622010979201913e-06
DNge062,iii3,4.606569184436733e-06
DNbe003,i2,4.586091970546706e-06
DNg60,i1,4.5799734398928025e-06
DNg12,DVM1A,4.557051347286429e-06
DNg37,DLM1,4.511618754604816e-06
DNxl056,DVM1A,4.495109321058688e-06
DNxl070,DVM1A,4.495109321058688e-06
DNp02,iii3,4.490086607185192e-06
DNxn153,ps1,4.483152892159037e-06
DNxl092,hg3,4.482076891348871e-06
DNge140,b3,4.481526252482018e-06
DNge060,hg2,4.478964320122329e-06
DNa13,b2,4.462402460701216e-06
DNxl068,i2,4.451405319322488e-06
DNxl063,iii1,4.447112712071687e-06
DNxn134,hg2,4.444694664292212e-06
DNpe020,DVM3A,4.442667377493447e-06
DNxn145,b3,4.428713653547045e-06
DNg11,DVM1A,4.427192168474142e-06
DNd02,hg3,4.419179071617088e-06
DNxn118,DLM5,4.418077301456797e-06
DNge083,DLM1,4.415763971551321e-06
DNxn112,ps1,4.4152322986922645e-06
DNge109,i2,4.409727411314842e-06
DNpe032,hg4,4.404227749570975e-06
DNxn174,DVM3A,4.394638540980004e-06
DNut048,DVM3A,4.382608576559549e-06
DNge083,ps1,4.376359550644615e-06
DNxl119,ps1,4.362424618601499e-06
DNxl119,i2,4.357430218867496e-06
DNg11,DLM1,4.356341166006208e-06
DNxn117,ps1,4.355667245527779e-06
DNge037,hg3,4.354986392451954e-06
DNpe011,DLM5,4.344885583495055e-06
DNnt017,DLM1,4.330064631963588e-06
DNxn170,hg3,4.30473594749698e-06
DNnt018,hg3,4.30473594749698e-06
DNg44,iii1,4.3029933186249196e-06
DNxn153,b1,4.298674532553568e-06
DNxl097,iii1,4.29636312861163e-06
DNxl102,i2,4.294197353845009e-06
DNxl128,i1,4.265573556392989e-06
DNge104,b1,4.24244566891752e-06
DNge114,hg4,4.233414606074157e-06
DNge114,hg1,4.221181211932483e-06
DNxn122,iii1,4.213221916205506e-06
DNxl125,hg1,4.197381074994394e-06
DNxn112,DVM1A,4.193903000315026e-06
DNfl021,hg3,4.160748457286934e-06
DNnt012,ps1,4.159848586874179e-06
DNxl103,i2,4.1561458483079526e-06
DNp71,iii1,4.150345031147169e-06
untyped_720575941606629485,i1,4.1341613014440006e-06
DNxl107,ps1,4.110461488557826e-06
DNge071,DVM1A,4.102488364317376e-06
DNp68,i2,4.10006785169044e-06
DNfl017,iii4,4.098010757278238e-06
DNge037,iii4,4.0879649834431255e-06
DNg54,hg4,4.081555763470704e-06
DNp51,iii1,4.072963751471146e-06
DNxl113,DVM2A,4.06230862065012e-06
DNxl021,iii1,4.057676288133207e-06
DNxl084,i2,4.04392277840603e-06
DNxn128,hg3,4.040419405041113e-06
DNg96,iii4,4.009393436050175e-06
DNp09,DLM1,3.9959165953418366e-06
DNp35,hg4,3.979978292342506e-06
DNxl123,i1,3.974204761627199e-06
DNae008,hg2,3.953445108940474e-06
DNxn146,DLM5,3.951932998209415e-06
DNge076,DVM3A,3.939049009300211e-06
MDN,i1,3.9256915199081165e-06
DNxn157,i1,3.9256915199081165e-06
DNg30,hg3,3.923361893798336e-06
DNxn136,DVM3A,3.89576057768564e-06
DNpe052,i2,3.89288204213514e-06
DNge099,b1,3.884822774385033e-06
DNfl021,i2,3.870936196105702e-06
DNxl067,i2,3.870936196105702e-06
DNp64,iii4,3.868749992440988e-06
DNge053,b1,3.862291141398444e-06
DNge144,iii4,3.856831357790987e-06
DNfl042,hg1,3.8470274173027605e-06
DNge051,b2,3.840798886168323e-06
DNfl024,b2,3.840798886168323e-06
DNge028,b2,3.840798886168323e-06
DNxl068,iii1,3.831013973623469e-06
DNxl072,hg3,3.825693508106728e-06
aSP22,b1,3.823019675807931e-06
DNg111,DVM2A,3.813314642038707e-06
DNxl117,DVM1A,3.802030791380036e-06
DNg39,DVM1A,3.802030791380036e-06
DNg51,DVM1A,3.7914309849991943e-06
DNp27,ps1,3.788947173049798e-06
DNxn157,hg4,3.7868038822501566e-06
DNg60,hg3,3.782498597533576e-06
DNp23,hg1,3.7807623446702433e-06
DNg65,DLM1,3.779565846670573e-06
DNp46,DLM1,3.777393058026324e-06
DNpe011,DLM1,3.777393058026324e-06
DNp41,DLM1,3.777393058026324e-06
DNpe031,iii3,3.771672750035561e-06
DNpe052,iii4,3.768122313250289e-06
DNg18,ps1,3.7652634127706806e-06
DNge050,DLM1,3.7631108749262084e-06
DNg65,hg4,3.7612329221219167e-06
DNxn175,DLM5,3.741560622204263e-06
DNxn146,ps1,3.7412425165229708e-06
DNnt007,hg2,3.7393988043895556e-06
DNge150,b3,3.7190629170144565e-06
DNp14,DVM3A,3.717936429096338e-06
DNxn071,hg4,3.713745244722158e-06
DNg31,ps1,3.7114926834880792e-06
DNxn119,i2,3.679616190013893e-06
DNxl119,i1,3.6718196167207816e-06
DNxn178,iii4,3.666335232364338e-06
DNpe011,i2,3.6615499122689e-06
DNxn127,DVM1A,3.6547847408514594e-06
DNge020,hg3,3.638494439514188e-06
DNxl113,DVM1A,3.6383642242413036e-06
DNg89,DVM1A,3.632411572572677e-06
DNge094,iii4,3.6294219795778892e-06
DNp65,DVM2A,3.624092970064992e-06
DNxl068,DVM1A,3.6232619212563735e-06
DNxl102,i1,3.6127431343866775e-06
DNae005,hg3,3.606306429485968e-06
pIP9,hg3,3.6043922260253798e-06
DNxn174,DLM1,3.5994579639771894e-06
DNge080,hg3,3.587292130240851e-06
DNge062,ps1,3.5868435118013653e-06
DNge133,DVM1A,3.5826006584858334e-06
DNxl120,ps1,3.5813677031131026e-06
DNge089,ps1,3.5813677031131026e-06
DNxn111,i2,3.574311336204391e-06
DNut046,ps1,3.570824143459541e-06
DNg53,b1,3.562260305549771e-06
DNb09,hg3,3.5604125389361978e-06
DNg90,ps1,3.554767887399612e-06
DNp55,hg3,3.5371070531977954e-06
DNg53,ps1,3.517930385942898e-06
DNp32,ps1,3.5053411422267364e-06
DNxn175,b1,3.493512907927865e-06
DNge010,DVM1A,3.4930692049054043e-06
DNg09,i1,3.4882923606264414e-06
DNge015,DLM5,3.4832488819641904e-06
DNnt007,b1,3.4760200960308484e-06
DNfl024,DVM1A,3.4698035731680072e-06
DNge004,DLM1,3.4697112225280016e-06
DNxl105,DVM3A,3.464334015096502e-06
DNit013,i2,3.4468911626880926e-06
DNnt019,hg3,3.4437887579975843e-06
aSP22,DLM1,3.4380917437325937e-06
DNxl103,ps1,3.4375678763620675e-06
DNxl108,i1,3.437042921028211e-06
DNg61,iii4,3.4150089643985318e-06
DNxn126,hg3,3.4141889139009836e-06
DNxn130,DLM1,3.4133250806718046e-06
DNxn175,ps1,3.4107462432793662e-06
DNge110,iii1,3.4094402543824553e-06
DNpe045,iii3,3.4076213723740724e-06
DNp41,iii3,3.394433983162099e-06
DNxn146,iii3,3.394433983162099e-06
DNp67,hg2,3.389437235272847e-06
DNxl125,hg4,3.374315804746903e-06
DNxl124,DVM1A,3.3677901441880494e-06
DNxl129,DVM3A,3.36098567824691e-06
DNpe053,i1,3.3522353167469353e-06
DNxn132,i1,3.338513427728926e-06
DNg63,DVM1A,3.338310646820302e-06
DNp55,DVM3A,3.3320005331200853e-06
DNxn162,i2,3.3250980546388696e-06
DNge054,i2,3.3250980546388696e-06
DNp44,DVM3A,3.324053683466988e-06
DNp32,b1,3.318027866329419e-06
DNg94,DVM2A,3.30033596506322e-06
DNg100,DLM1,3.2927220155604327e-06
DNa13,iii3,3.273057050391483e-06
DNp04,iii3,3.273057050391483e-06
DNfl042,iii3,3.273057050391483e-06
DNxl100,i1,3.27140959992343e-06
DNae005,i1,3.27140959992343e-06
DNg75,ps1,3.238476668405021e-06
DNg49,DLM5,3.233399725807703e-06
DNxl115,ps1,3.2144991914730912e-06
DNp35,iii4,3.208128399279383e-06
DNg30,DLM1,3.195812724397271e-06
DNxl014,iii4,3.186924354967056e-06
DNxn106,ps1,3.175300211852778e-06
DNge085,DLM5,3.165935911095914e-06
DNfl033,DVM1A,3.1441201808497926e-06
DNxl103,DVM2A,3.1387861372371463e-06
DNxn118,DVM2A,3.1387861372371463e-06
DNpe003,DVM2A,3.1387861372371463e-06
DNpe001,b1,3.1299576293164354e-06
DNge111,hg3,3.11870951958359e-06
DNae001,hg3,3.11870951958359e-06
DNge080,hg2,3.118646278895061e-06
DNge015,DVM1A,3.1131346486327224e-06
DNnt020,iii4,3.1103961207277794e-06
DNxn118,iii1,3.1033410569703883e-06
DNxl072,iii4,3.101552585531774e-06
DNge109,iii1,3.0940806798726617e-06
DNxn157,DLM5,3.0931652553587576e-06
DNit005,i2,3.0894072143042336e-06
DNxn115,hg2,3.0827794686502045e-06
DNxl084,i1,3.0810748061109443e-06
DNg20,DVM2A,3.071669734070193e-06
DNp54,b1,3.0627949535348483e-06
DNg49,ps1,3.061016604427885e-06
DNxn167,hg4,3.0583784368300126e-06
DNxl129,DLM1,3.058207484653874e-06
DNfl042,hg4,3.0494694201539396e-06
DNit005,b3,3.0417973268700804e-06
DNge003,DLM1,3.0386770384660805e-06
DNp62,i2,3.0329420838045226e-06
DNxn110,hg3,3.0303145537808345e-06
DNbe003,hg3,3.0259988780268606e-06
DNge142,hg3,3.0179706875371818e-06
DNde005,iii3,3.0172746516996432e-06
DNde006,hg1,3.015375021466939e-06
DNit013,hg1,3.013933846735436e-06
DNp43,hg4,3.008757400979252e-06
DNxl104,iii3,2.9807212369884744e-06
DNge073,i1,2.9722014153396905e-06
DNnt009,iii4,2.9664905230516092e-06
DNxl102,ps1,2.9660578895764693e-06
DNge094,hg4,2.962950617335391e-06
DNp46,DVM3A,2.9542867569751577e-06
DNxl075,DVM3A,2.9542867569751577e-06
DNxl113,DVM3A,2.9542867569751577e-06
DNge056,hg2,2.9505296495773955e-06
DNxl070,hg2,2.9505296495773955e-06
DNg84,hg3,2.9475892109981627e-06
DNg18,hg3,2.944424864019099e-06
DNpe052,hg2,2.936542905634064e-06
DNg89,b2,2.9207177021195065e-06
DNxl049,i2,2.9197062387607675e-06
DNge004,DVM1A,2.912981748094407e-06
DNge129,b2,2.9099866306899935e-06
DNnt013,DVM1A,2.905929258058142e-06
DNxl081,DVM1A,2.9027877129142953e-06
DNge144,DVM1A,2.9027877129142953e-06
DNxn130,iii4,2.9012327130566867e-06
DNge083,DLM5,2.9008795002504043e-06
DNut053,iii1,2.9004108785638996e-06
DNge104,iii4,2.898933903635948e-06
DNbe007,b3,2.880482361144686e-06
DNpe001,DVM1A,2.8768699654775603e-06
DNxl097,hg3,2.873508903471089e-06
DNpe020,hg2,2.8680623313528133e-06
DNde001,hg4,2.858537020812657e-06
DNg10,DLM1,2.8265318117829924e-06
DNge131,i1,2.8219783196812297e-06
DNge073,DVM3A,2.813198055508246e-06
DNge099,hg4,2.8075877184521264e-06
DNxl102,b1,2.8075620407402775e-06
DNxn132,iii3,2.795925404710202e-06
DNde001,DVM3A,2.7884523218222536e-06
DNa02,DVM3A,2.7884523218222536e-06
DNxl094,DVM3A,2.7884523218222536e-06
DNge060,DVM3A,2.7884523218222536e-06
DNge149,DVM3A,2.7884523218222536e-06
DNg34,DVM3A,2.7884523218222536e-06
DNfl036,i2,2.7763908646811827e-06
DNge007,DVM1A,2.7756615727130335e-06
DNnt012,DLM1,2.769763487601293e-06
DNp71,DLM5,2.768992519692571e-06
DNnt020,i2,2.7686124040350085e-06
DNg30,iii4,2.7324196122150086e-06
DNge063,hg4,2.7322244668515217e-06
DNg62,iii4,2.732007171518825e-06
DNge085,ps1,2.7288623461008454e-06
DNxl101,DVM2A,2.7237961728847905e-06
DNxl119,hg4,2.7169980528029336e-06
DNg21,b2,2.7069460234962915e-06
DNpe022,b1,2.6984095574068648e-06
DNge032,iii1,2.670532990386935e-06
DNg84,ps1,2.6678245736736294e-06
DNg21,hg3,2.663630020821515e-06
DNxn144,DLM5,2.659770247666802e-06
DNxn127,DVM3A,2.6587396835361237e-06
DNxl070,hg3,2.647749018273503e-06
DNge003,iii1,2.645065300049595e-06
DNxl086,iii1,2.645065300049595e-06
DNpe014,iii1,2.645065300049595e-06
DNp46,i1,2.617127679938744e-06
DNg72,ps1,2.5931642076853266e-06
DNxl097,DVM1A,2.590607803221576e-06
DNg83,iii1,2.586879262153051e-06
DNxn148,hg3,2.5828415684981884e-06
DNge062,hg3,2.5828415684981884e-06
DNge048,hg1,2.5797278382414302e-06
DNxl095,i2,2.5796767334325224e-06
DNg19,i2,2.5796767334325224e-06
DNge081,iii1,2.5792496935680613e-06
DNg24,DVM1A,2.5663425204973777e-06
DNxn104,i2,2.5632585267714456e-06
DNp67,DLM1,2.5599938105038536e-06
DNge110,hg3,2.556384766045721e-06
DNxn130,iii1,2.5540093157489788e-06
DNp35,ps1,2.550847170356571e-06
DNb04,iii1,2.535922002513499e-06
DNxn105,hg1,2.5327087271594903e-06
DNpe006,i1,2.5141764875602017e-06
DNxn189,i1,2.5141764875602017e-06
DNb08,DVM2A,2.511028909789717e-06
DNge076,DVM2A,2.511028909789717e-06
DNpe053,hg4,2.510879054668763e-06
DNxn154,iii4,2.508148288199439e-06
DNge015,DLM1,2.5037866236390795e-06
DNxl120,DLM1,2.4967441564505544e-06
DNge089,DLM1,2.4967441564505544e-06
DNxl103,hg3,2.496149114912942e-06
DNd02,ps1,2.48490250888803e-06
DNb08,ps1,2.4801461145065977e-06
DNp32,DLM5,2.4684977907324544e-06
DNg09,DLM5,2.465994647034792e-06
DNge048,iii3,2.464260217993387e-06
DNge007,i1,2.463769730510725e-06
DNxl021,DVM1A,2.4610774130604974e-06
DNxn112,DLM1,2.4474710629096754e-06
DNpe004,DVM1A,2.4455093662959334e-06
DNge127,i2,2.4448018080667594e-06
DNa11,b3,2.437331228660888e-06
DNpe020,hg3,2.4293461123417098e-06
DNpe022,b2,2.419392885613927e-06
DNxn130,DVM1A,2.415507947504249e-06
DNxn104,DVM1A,2.4148320918949867e-06
DNxl049,DLM1,2.4115873451135067e-06
DNxl114,ps1,2.410874393604818e-06
DNd04,ps1,2.410874393604818e-06
DNxn173,hg4,2.408091991789744e-06
DNpe006,hg4,2.4036441381707233e-06
DNxl125,b1,2.399291942289031e-06
DNp55,ps1,2.3932338492613678e-06
DNpe012,DLM5,2.3889117452153038e-06
DNxn126,DVM1A,2.387443954753162e-06
DNge139,DVM1A,2.387443954753162e-06
DNp35,DVM1A,2.387443954753162e-06
DNnt020,DLM1,2.385205093878247e-06
DNxl075,hg3,2.375755340761315e-06
DNge015,b3,2.372250096160852e-06
untyped_720575941434874912,b3,2.372250096160852e-06
DNnt017,b3,2.3625401494832773e-06
DNg26,DLM5,2.358038502726398e-06
DNge145,i2,2.355275848095578e-06
DNg56,hg4,2.3411816623547805e-06
DNnt013,b2,2.3365741616956055e-06
DNa13,b1,2.3308936646310195e-06
DNfl042,b1,2.3308936646310195e-06
DNg60,DLM1,2.3290610355146518e-06
DNxn130,DLM5,2.3207036002003233e-06
DNp62,i1,2.310806104583208e-06
DNxl129,DLM5,2.3101810364731168e-06
DNxl073,iii4,2.309738075702215e-06
DNg20,iii1,2.3065212743285808e-06
DNge037,i2,2.293045985273353e-06
DNpe020,hg4,2.2769497820699214e-06
DNxl095,hg3,2.2694991585201453e-06
DNfl033,DLM5,2.265539334293922e-06
DNfl024,DLM5,2.265539334293922e-06
DNxn152,DLM5,2.264920503555246e-06
DNge115,iii3,2.2629559887747325e-06
DNg09,iii3,2.2629559887747325e-06
DNxn007,iii1,2.2526768321672766e-06
DNg26,hg3,2.2466062204781903e-06
DNg18,hg2,2.2346738247738623e-06
DNg49,iii3,2.2343001714796542e-06
DNg56,DLM1,2.223732624637982e-06
DNxn105,hg4,2.222212963001543e-06
DNxl086,i1,2.2194109683290057e-06
DNge003,i1,2.2194109683290057e-06
DNg24,iii4,2.20171285921404e-06
DNxl105,hg1,2.2017011328623866e-06
DNxn104,DLM5,2.196736796225647e-06
DNa13,DVM3A,2.191150490954657e-06
DNxn165,b3,2.1810087141425806e-06
DNxn145,DVM1A,2.1794469435436062e-06
DNbe007,DVM2A,2.1790369383078327e-06
DNg80,hg2,2.1754133693291736e-06
DNg35,i1,2.175274954754281e-06
DNxn153,hg3,2.1584760901053133e-06
DNg84,hg4,2.1560898878665565e-06
DNp17,DVM1A,2.153345782543084e-06
DNnt010,DLM1,2.1283368529990515e-06
DNxn189,hg4,2.126623734184185e-06
DNxl114,i1,2.1164837397609223e-06
DNd04,i1,2.1164837397609223e-06
DNg68,i1,2.1164837397609223e-06
DNfl025,hg4,2.1062904363882732e-06
DNge102,b3,2.1003035882362027e-06
DNp09,b1,2.0961077447567188e-06
DNg22,iii4,2.0960680383685254e-06
DNxl120,DLM5,2.0952303129540756e-06
DNxl102,DLM5,2.0887288998505383e-06
DNg29,hg1,2.085302423590609e-06
DNge037,ps1,2.0827293779722174e-06
DNp20,iii4,2.065989931988349e-06
DNg51,DLM1,2.0659129459827245e-06
DNge145,DLM5,2.0584267460803325e-06
DNfl024,iii4,2.049005378639119e-06
DNge051,iii4,2.049005378639119e-06
DNge028,iii4,2.049005378639119e-06
DNg62,hg2,2.0336623411637084e-06
DNge059,DVM1A,2.0257648912167803e-06
DNg31,DVM1A,2.007721047496722e-06
DNxn139,i2,2.006415237114184e-06
DNp66,DLM1,2.0042241993281275e-06
DNg38,b2,1.992427579740438e-06
DNxn104,DLM1,1.990549188413601e-06
DNpe010,b3,1.988683891486469e-06
DNxl073,DVM1A,1.9805826905167132e-06
DNg11,i2,1.9700008274003475e-06
DNxl056,i1,1.9628457599540583e-06
DNp67,i1,1.9628457599540583e-06
DNxl070,i1,1.9628457599540583e-06
DNg44,i1,1.9628457599540583e-06
DNxl108,ps1,1.9595517269448854e-06
DNxn119,ps1,1.9585346870202815e-06
DNp41,DLM5,1.946449287210271e-06
DNp46,DLM5,1.946449287210271e-06
DNxn144,ps1,1.9442286939401707e-06
DNge035,b3,1.9419947094088746e-06
DNge114,hg2,1.9267371679063777e-06
DNxn114,DVM3A,1.920200882553867e-06
DNge117,ps1,1.916813343454919e-06
DNnt011,ps1,1.916813343454919e-06
DNp35,DLM5,1.9160887264045647e-06
DNxl068,hg4,1.910636396257789e-06
DNg89,DLM1,1.908164075102598e-06
DNge080,iii4,1.9075908331653043e-06
DNge099,DLM5,1.9041143504448474e-06
DNxn157,b2,1.9012346391975335e-06
DNxl014,ps1,1.9004905573996486e-06
DNxl086,iii3,1.8968226053563018e-06
DNg105,iii3,1.8968226053563018e-06
DNxn116,iii3,1.8857966573122772e-06
DNxl075,DVM2A,1.8832716823422877e-06
DNp46,DVM2A,1.8832716823422877e-06
DNg97,DVM2A,1.8832716823422877e-06
DNg100,DVM2A,1.8832716823422877e-06
DNp35,b1,1.877974577589861e-06
DNg51,DLM5,1.8737579244536097e-06
DNxl123,ps1,1.867477201571541e-06
DNa14,ps1,1.8635785605432761e-06
DNfl042,i2,1.8630998630345992e-06
DNxl104,DVM1A,1.8460174660033884e-06
DNp57,iii1,1.8386273543623272e-06
DNge109,DLM5,1.8228115851764356e-06
DNxn178,DVM1A,1.8116309606281868e-06
DNge071,DLM1,1.811617723297736e-06
DNa06,iii1,1.8102061117649536e-06
DNp17,iii1,1.8102061117649536e-06
DNg93,hg2,1.8087750914788003e-06
DNge058,i2,1.8036578180550157e-06
DNd05,iii4,1.7769043305823895e-06
DNge139,iii4,1.7708485131328708e-06
DNp65,DLM5,1.7685288770447982e-06
DNge006,DLM1,1.761382223171629e-06
DNp71,hg4,1.7476448210457214e-06
DNp67,DLM5,1.7405277001502425e-06
DNg109,hg3,1.7403794403975412e-06
DNg64,hg3,1.7367759397869702e-06
DNp35,hg1,1.73129568362393e-06
DNxl123,hg2,1.7265722490632267e-06
DNpe006,DVM1A,1.7233645959330433e-06
DNfl042,hg2,1.7208373988116882e-06
DNg13,i2,1.7197844889550147e-06
DNxn073,iii4,1.718311472592932e-06
DNge083,DVM3A,1.7176228100309172e-06
DNxl086,iii4,1.7168137572282534e-06
DNxl100,i2,1.705379360849728e-06
DNg94,DVM1A,1.6889605059623832e-06
DNxl073,ps1,1.6756683815454256e-06
DNg26,i1,1.6706111652512879e-06
DNht001,i1,1.6638692534709897e-06
DNfl027,hg4,1.6549424857336435e-06
DNp28,DVM3A,1.643478216209831e-06
DNxn179,b3,1.6432262925767402e-06
DNxl129,DVM2A,1.6342777037308743e-06
DNxl082,DVM2A,1.6342777037308743e-06
DNge073,DVM2A,1.6342777037308743e-06
DNxl087,DVM2A,1.6342777037308743e-06
DNg87,DVM2A,1.6342777037308743e-06
DNnt011,DLM5,1.6309366814736529e-06
DNae008,hg4,1.6229159495357813e-06
DNg30,hg4,1.6229159495357813e-06
DNxl103,hg4,1.6229159495357813e-06
DNfl033,DLM1,1.6198139342873884e-06
DNfl024,DLM1,1.6198139342873884e-06
DNge142,DLM1,1.6097593182403916e-06
DNg12,b2,1.6063947361657285e-06
DNge006,i1,1.6045615760132165e-06
DNit007,iii1,1.5839303477943346e-06
DNge116,DLM5,1.5794045644791912e-06
DNxn109,DLM1,1.5769804880513425e-06
DNpe004,DLM5,1.5714227347155567e-06
DNge081,hg2,1.5696111355120245e-06
DNge034,hg4,1.5591109058694214e-06
DNge007,hg2,1.5531420763117725e-06
DNg48,iii1,1.5521275572918306e-06
DNge020,b3,1.5510289636932924e-06
DNg19,hg4,1.539561930482364e-06
DNp32,i1,1.5386528534040999e-06
DNpe022,DVM2A,1.5358348670350965e-06
DNge063,ps1,1.5258278133366537e-06
DNge038,i1,1.5246174904118502e-06
DNxl106,ps1,1.5228680102280878e-06
DNxl100,b2,1.5228495194724485e-06
DNge080,DVM1A,1.5208123165520142e-06
DNxl097,hg2,1.5145783849217663e-06
DNg19,DVM1A,1.5141420870934529e-06
DNit003,DVM1A,1.5141420870934529e-06
DNxl067,hg3,1.5129994390134303e-06
DNge128,hg3,1.5129994390134303e-06
DNp56,hg3,1.5129994390134303e-06
DNp32,DLM1,1.5127928982333047e-06
DNpe016,iii3,1.5086373258498216e-06
DNxl134,b3,1.4938420841606728e-06
DNa11,ps1,1.4909415053328182e-06
DNp32,i2,1.4905744100478475e-06
DNge059,ps1,1.4869576264364777e-06
DNxn146,b2,1.4857738743432215e-06
DNge104,hg4,1.4836806042943825e-06
DNg97,ps1,1.469175935911901e-06
DNnt007,ps1,1.468901015265211e-06
DNfl042,hg3,1.457607667405026e-06
DNxn128,hg2,1.4430493364137627e-06
DNxn145,hg2,1.4430493364137627e-06
DNa06,DLM5,1.4370665448034236e-06
DNxl086,hg4,1.4361914571139837e-06
DNxl127,i2,1.4331537407958457e-06
DNp56,i2,1.4331537407958457e-06
DNg31,iii1,1.4321210428705433e-06
DNg88,iii4,1.4306931248739783e-06
DNa13,DLM5,1.4302809658210826e-06
DNae001,b1,1.4270787173407428e-06
DNge148,hg1,1.4270300270535622e-06
DNg60,i2,1.426134388038943e-06
DNa13,i2,1.426134388038943e-06
DNg97,DLM5,1.4247206122879303e-06
DNge069,hg2,1.4233153283944293e-06
DNge023,hg2,1.4233153283944293e-06
DNfl030,iii1,1.422783594184178e-06
DNbe005,iii1,1.4227432624214378e-06
DNge131,hg4,1.4181518113787182e-06
DNxl105,DLM1,1.4111665780973284e-06
DNnt017,b2,1.40957347061458e-06
DNxn189,hg3,1.4017368454005744e-06
DNd05,ps1,1.3918097563080297e-06
DNg64,ps1,1.3918097563080297e-06
DNxn143,ps1,1.3918097563080297e-06
DNg35,ps1,1.3918097563080297e-06
DNxl111,ps1,1.3918097563080297e-06
DNg53,iii3,1.37852772136536e-06
DNg38,DVM3A,1.3694690568466604e-06
DNge003,b3,1.355571483520487e-06
DNxl086,b3,1.355571483520487e-06
DNp43,b3,1.3509099584739926e-06
DNp45,b3,1.3509099584739926e-06
DNxl101,ps1,1.3482081316256677e-06
DNge038,iii1,1.3459403075473602e-06
DNp34,b3,1.3444578757446055e-06
DNge129,ps1,1.33488340917142e-06
DNpe039,DVM1A,1.3345321244760054e-06
DNge150,DVM1A,1.3345321244760054e-06
DNxl128,iii4,1.3326782479367921e-06
DNxl022,b3,1.3294533974513934e-06
DNae001,b3,1.3294533974513934e-06
DNge133,DVM3A,1.3293698417680618e-06
DNa01,i2,1.3277773224146128e-06
DNge007,DLM1,1.327032792275734e-06
DNxn152,b3,1.3257892609909793e-06
DNg09,b2,1.3218333829020852e-06
DNxl091,iii1,1.3210791113397389e-06
DNg43,iii4,1.3198503289726944e-06
DNpe053,b2,1.314322965953778e-06
DNfl038,hg4,1.3107336157842912e-06
DNxl106,b1,1.3071766320971702e-06
DNxl091,hg4,1.2992590882245178e-06
DNp23,iii4,1.2964518004879518e-06
DNxn111,i1,1.2922425473787808e-06
DNnt007,DVM1A,1.2920074695258505e-06
DNp34,DVM3A,1.2882171075231878e-06
DNxl102,DLM1,1.2800555292743347e-06
DNp66,iii3,1.2778580146402773e-06
DNxl101,b1,1.2761645639728534e-06
DNd02,hg4,1.270175144450668e-06
DNge023,DVM1A,1.2673435971266786e-06
DNbe002,ps1,1.262203310880017e-06
DNg12,DLM1,1.2604930544631837e-06
DNxn178,ps1,1.2423857070288507e-06
DNxn145,b1,1.230963040469897e-06
DNg21,i2,1.2279169371494808e-06
DNa02,DLM1,1.2248522767013954e-06
MDN,i2,1.2224009040333797e-06
DNp12,DLM5,1.214308260600095e-06
DNxn146,DLM1,1.210950278430495e-06
DNg16,iii1,1.210596349850239e-06
DNxl078,iii4,1.2080862041991868e-06
DNxl049,DLM5,1.2014946686023404e-06
DNxn110,DVM2A,1.2005322359579412e-06
DNge131,DLM1,1.1973404524203284e-06
DNge117,DLM5,1.1786601227456651e-06
DNxl096,b2,1.1782046282234207e-06
DNxn106,hg3,1.1777699456076395e-06
DNxn113,iii1,1.171915971281027e-06
DNp34,DLM1,1.1704948225857884e-06
DNg20,DVM1A,1.1701388587067359e-06
DNpe006,DVM3A,1.1688615288708796e-06
DNg84,iii1,1.164095667968873e-06
DNge081,hg3,1.163324654672893e-06
DNge073,i2,1.158912646033295e-06
DNxn105,hg2,1.1560423007438266e-06
DNxl100,b3,1.1545560281794798e-06
DNg43,i2,1.1465229926366765e-06
DNae001,b2,1.1434249903597448e-06
DNfl042,DLM5,1.1424686102669085e-06
DNg63,ps1,1.1386113503317234e-06
DNg105,b1,1.1363114478170274e-06
DNg19,hg3,1.1347495792600727e-06
DNae008,hg3,1.1347495792600727e-06
DNfl020,hg3,1.1347495792600727e-06
DNfl032,hg3,1.1347495792600727e-06
DNpe013,iii3,1.1314779943873663e-06
DNxn112,iii1,1.1313788198530962e-06
DNpe020,i1,1.1303465959160127e-06
DNg46,i2,1.1266773408912518e-06
DNxn157,hg1,1.1218267589315803e-06
DNge115,b3,1.1078778312094945e-06
DNge004,DLM5,1.1060488999354068e-06
DNae001,iii3,1.102822177092288e-06
DNg21,hg4,1.102114301323823e-06
DNae002,DVM3A,1.0956521441398873e-06
DNge089,DVM3A,1.0956521441398873e-06
DNg69,iii3,1.0838986316321726e-06
DNxn110,hg2,1.082287002310322e-06
DNxl072,hg2,1.082287002310322e-06
DNit003,DLM5,1.0777999086025678e-06
DNge050,DLM5,1.0748404683822367e-06
DNxl075,iii1,1.0694449948940742e-06
DNg34,DVM1A,1.0687523496455205e-06
DNge084,iii1,1.0670574468160783e-06
DNge150,hg4,1.0636138585340385e-06
DNp27,hg4,1.0633118670920926e-06
DNpe020,ps1,1.062246300577578e-06
DNxl049,b3,1.045689458912471e-06
DNge092,ps1,1.0394807576966951e-06
DNae008,iii1,1.0347517048612205e-06
DNg85,iii1,1.0347517048612205e-06
DNp64,b2,1.0260253661673984e-06
DNbe007,b1,1.0209316511782828e-06
DNxn159,b1,1.0209316511782828e-06
DNxl113,b1,1.0209316511782828e-06
DNit003,ps1,1.0203388681426284e-06
DNae005,i2,1.0186674200278164e-06
DNfl012,DVM1A,1.0138748777013428e-06
DNnt017,i2,1.0103070461365752e-06
DNge028,DLM1,1.0082515305258231e-06
DNg09,b1,1.0060578094231397e-06
DNge056,b3,9.943419457432345e-07
DNxl070,b3,9.943419457432345e-07
DNpe053,iii4,9.936071317145486e-07
DNge104,ps1,9.924307414065903e-07
DNg49,DLM1,9.907775005340412e-07
DNg109,iii4,9.89887746729521e-07
DNxn126,b2,9.86022344449552e-07
DNxl112,DLM1,9.691995346251753e-07
DNxn109,ps1,9.6552772110248e-07
DNxl087,ps1,9.65129582323317e-07
DNxl121,b3,9.649356846242806e-07
DNg90,i2,9.613967171506764e-07
DNg90,DVM1A,9.610364786351936e-07
DNg64,iii1,9.547473619136956e-07
DNxl101,DLM5,9.4942222720479e-07
DNge154,iii1,9.484955082809585e-07
DNp56,hg4,9.418974838778546e-07
DNxn189,DLM5,9.417233348683424e-07
DNg17,iii1,9.375327770248217e-07
DNa03,ps1,9.261123251771639e-07
DNg94,DVM3A,9.246512010191711e-07
DNge095,DLM5,9.196770488351797e-07
DNge131,hg1,9.101198041260381e-07
DNxl056,iii1,9.054077417535678e-07
DNxn134,DLM1,9.041971021085675e-07
DNge150,DLM1,8.980053393152462e-07
DNxn126,hg4,8.879631051329817e-07
DNxl082,b3,8.863022649675955e-07
DNde001,DLM1,8.83976154308814e-07
DNge058,iii1,8.807194075598259e-07
DNge083,hg1,8.806099255305926e-07
DNfl040,DVM1A,8.68489046181905e-07
DNge032,ps1,8.66317864195862e-07
DNxl014,i2,8.598922444775074e-07
DNxn112,DLM5,8.249081851411558e-07
DNge007,DLM5,8.249081851411558e-07
DNxl119,DLM5,8.247103970532862e-07
DNpe004,DVM3A,8.217391081049155e-07
DNnt012,DVM3A,8.217391081049155e-07
DNg16,DVM3A,8.216814341079964e-07
DNd05,iii3,8.129239737241293e-07
DNxl127,iii3,8.129239737241293e-07
DNg43,iii3,8.129239737241293e-07
DNxl049,iii1,8.070642332334926e-07
DNxn128,b1,8.048462475385118e-07
DNge015,ps1,7.963572344788554e-07
DNxn157,iii1,7.812773141873514e-07
DNge054,hg4,7.795554529347107e-07
DNge139,DLM1,7.731322939467724e-07
DNpe025,b3,7.719485476994244e-07
DNxn115,DLM5,7.674996148111308e-07
DNge073,b1,7.656987383837121e-07
DNxl087,b1,7.656987383837121e-07
DNg87,b1,7.656987383837121e-07
DNxl082,b1,7.656987383837121e-07
DNge128,DVM1A,7.604061582760071e-07
DNbe007,DLM5,7.595377817638321e-07
DNxl113,DLM5,7.595377817638321e-07
DNxn111,DLM1,7.537928498579155e-07
DNnt018,iii4,7.378535471386961e-07
DNxn170,iii4,7.378535471386961e-07
DNxn126,i1,7.343639233441564e-07
DNxl125,i2,7.286021686438771e-07
DNxl120,i2,7.286021686438771e-07
DNnt017,DVM1A,7.264823145145355e-07
DNxn111,DLM5,7.185332724017118e-07
DNxl111,iii1,7.160605214352717e-07
DNge069,hg3,7.032645540599463e-07
DNp27,hg3,7.008684227002872e-07
DNge037,b2,6.907677252941095e-07
DNut046,DLM5,6.897577866263848e-07
DNxn154,hg1,6.874113353945897e-07
DNge122,hg1,6.874113353945897e-07
DNxn115,iii4,6.853509518025514e-07
DNxn111,ps1,6.802259120950856e-07
DNg42,iii1,6.788272919118576e-07
DNa03,iii1,6.788272919118576e-07
DNge093,iii1,6.788272919118576e-07
DNfl042,i1,6.782079575496076e-07
DNa03,DLM5,6.715621629597395e-07
DNb08,b3,6.647266987256967e-07
DNge145,ps1,6.62338724570258e-07
DNfl017,DVM1A,6.513667846364288e-07
DNg49,b2,6.481670322453376e-07
DNg23,iii1,6.467198155382627e-07
DNxl120,i1,6.449330672339498e-07
DNg55,hg3,6.445903080690459e-07
DNge149,iii1,6.396660057686222e-07
DNfl042,ps1,6.373477803465468e-07
DNa03,DLM1,6.367904403320989e-07
DNxn157,hg3,6.340110404146533e-07
DNxn133,hg1,6.186702018551307e-07
DNxn143,i2,6.112004520166899e-07
DNxl070,i2,6.112004520166899e-07
DNxl056,i2,6.112004520166899e-07
DNxn145,i2,6.061842276819451e-07
DNnt012,DVM1A,6.057843683886209e-07
DNxn110,b1,6.036346856538839e-07
DNxl072,b1,6.036346856538839e-07
DNp27,b3,5.975368336642692e-07
DNge050,b3,5.975368336642692e-07
DNxl101,i1,5.917895590015769e-07
DNnt019,iii4,5.902828377109569e-07
DNpe022,DVM1A,5.850694293533679e-07
DNxl101,DLM1,5.818434223974248e-07
DNxl128,b3,5.789614107745683e-07
DNxn105,DLM1,5.781100925881854e-07
DNxl101,i2,5.732978500184029e-07
DNg16,i2,5.732614963183382e-07
DNge024,i2,5.732614963183382e-07
DNge025,i2,5.732614963183382e-07
DNxl092,i2,5.732614963183382e-07
DNg55,i2,5.720178665694781e-07
DNge073,DLM5,5.696533363228741e-07
DNxl087,DLM5,5.696533363228741e-07
DNxl082,DLM5,5.696533363228741e-07
DNg87,DLM5,5.696533363228741e-07
DNg11,ps1,5.671998189221081e-07
DNg09,ps1,5.668549267459046e-07
DNxl111,DVM1A,5.519174993721938e-07
DNxn144,DLM1,5.50431944741134e-07
DNbe007,DLM1,5.449988022974415e-07
DNg61,DVM1A,5.428056538636907e-07
DNg100,DLM5,5.284814508295573e-07
DNxl086,ps1,5.272301379793553e-07
DNd05,iii1,5.173758524306102e-07
DNge083,hg4,5.165317604080343e-07
DNxl082,DLM1,5.081541821974581e-07
DNg62,DLM1,5.041257652629116e-07
DNge129,hg1,4.998144759529391e-07
DNg100,hg1,4.982746410097303e-07
DNge073,DLM1,4.982136741500203e-07
DNg89,i2,4.885786595355897e-07
DNnt015,i2,4.885786595355897e-07
DNge094,ps1,4.873278274049134e-07
DNxn110,DLM5,4.848059846265297e-07
DNxl115,b3,4.824678423121403e-07
DNge114,DLM5,4.796872592569567e-07
DNxn110,DVM1A,4.79115361396717e-07
DNxn128,DLM5,4.790221816011412e-07
DNxn145,DLM5,4.790221816011412e-07
DNge175,iii1,4.7424775414047926e-07
DNxl113,i1,4.734316472012615e-07
DNg84,b3,4.71190383343533e-07
DNp27,DLM5,4.708616674341712e-07
DNxn133,ps1,4.6589464013581903e-07
DNxl113,DLM1,4.654747379179399e-07
DNp23,b2,4.5565497440813835e-07
DNge003,ps1,4.550612768450602e-07
DNxn145,ps1,4.5348394139672367e-07
DNxn128,ps1,4.5348394139672367e-07
DNa13,DLM1,4.5009634312224534e-07
DNfl042,DLM1,4.5009634312224534e-07
DNxn110,DVM3A,4.43123280589354e-07
DNge062,iii4,4.427121282832177e-07
DNxn148,iii4,4.427121282832177e-07
DNa06,DLM1,4.4034555579290724e-07
DNp72,ps1,4.35910863847307e-07
DNg62,DVM1A,4.342445230909525e-07
DNge109,DLM1,4.33582569441139e-07
DNge056,i2,4.299461222387537e-07
DNge076,i2,4.299461222387537e-07
DNge114,iii4,4.283443448765947e-07
DNge056,DLM1,4.201643514877279e-07
DNxl070,DLM1,4.201643514877279e-07
DNp38,DLM5,4.1835892853258094e-07
DNge074,DVM1A,4.178460371063995e-07
DNge150,i2,4.14757629466594e-07
DNp14,DVM1A,4.111282551593512e-07
DNxl125,DLM1,4.1004595695680486e-07
DNxl087,DLM1,4.087491017230811e-07
DNg72,i2,3.896462336903286e-07
DNg24,iii1,3.8803188932295766e-07
DNxn165,DLM1,3.868305173538086e-07
DNg53,iii1,3.805373234574384e-07
DNg24,DLM1,3.7775704087497394e-07
DNxl072,DLM5,3.592666362008559e-07
DNxl087,i1,3.5507373540094613e-07
DNg87,DLM1,3.491060534384549e-07
DNp12,DLM1,3.491060534384549e-07
DNxl087,i2,3.4397871001104173e-07
DNg45,i2,3.432107199416869e-07
DNge074,ps1,3.420395218116465e-07
DNxn110,ps1,3.401129560475428e-07
DNxl072,ps1,3.401129560475428e-07
DNit003,DLM1,3.302591668446804e-07
DNge028,DVM1A,3.256833923182144e-07
DNge051,DVM1A,3.256833923182144e-07
DNg64,DVM1A,3.23825975402697e-07
DNg13,iii1,3.145426455570807e-07
DNg95,DVM1A,3.133845278297996e-07
DNpe025,ps1,3.1059642675721267e-07
DNde001,DVM1A,3.0834619136951344e-07
DNge149,DVM1A,3.0834619136951344e-07
DNxl094,DVM1A,3.0834619136951344e-07
DNge060,DVM1A,3.0834619136951344e-07
DNg90,DLM1,2.9821524142313084e-07
DNxn105,DLM5,2.8781235555417406e-07
DNp14,DLM1,2.824112897221313e-07
DNg45,hg1,2.7496453415783586e-07
DNge046,hg4,2.70656545114311e-07
DNg46,DLM1,2.668100359807309e-07
DNit005,DLM1,2.668100359807309e-07
DNxl119,iii4,2.6464228550370603e-07
DNg16,iii4,2.6193898807948405e-07
DNxl086,DLM1,2.618531511162718e-07
DNg54,DLM1,2.5845320923338006e-07
DNxn105,iii4,2.570066069259568e-07
DNg95,ps1,2.5652964135873487e-07
DNg12,ps1,2.392650276023314e-07
DNge081,DLM1,2.3857219313850467e-07
DNxn110,DLM1,2.383121702717229e-07
DNge102,DLM1,2.2754736314929918e-07
DNp09,DLM5,2.2649205035552457e-07
DNxl105,DLM5,2.2649205035552457e-07
DNge060,DLM1,2.1180846729159846e-07
DNxl094,DLM1,2.1180846729159846e-07
DNg34,DLM1,2.1180846729159846e-07
DNge149,DLM1,2.1180846729159846e-07
DNxl121,ps1,2.0706428450480845e-07
DNae008,hg1,2.0622340061837688e-07
DNxl103,hg1,2.0622340061837688e-07
DNxn177,hg1,2.0622340061837688e-07
DNg30,hg1,2.0622340061837688e-07
DNpe053,hg1,2.0622340061837688e-07
DNge058,DVM1A,1.942955852416182e-07
DNxl022,DVM1A,1.942955852416182e-07
DNxn104,ps1,1.895264625423074e-07
DNpe011,ps1,1.895264625423074e-07
DNge007,iii1,1.887255873342484e-07
DNg97,iii1,1.887255873342484e-07
DNg09,DLM1,1.8347731491371132e-07
DNg49,i2,1.7986687153503338e-07
DNpe006,hg1,1.5610880825564431e-07
DNae008,ps1,1.5529821337860633e-07
DNxn128,DLM1,1.4678185193096905e-07
DNge145,DLM1,1.4678185193096905e-07
DNxn145,DLM1,1.4678185193096905e-07
DNit005,ps1,1.3923652211568954e-07
DNg84,DLM1,1.1377368157464959e-07
DNxl103,DLM1,1.1183071553367406e-07
DNxl072,DLM1,1.1008638894822681e-07
DNg75,DLM1,7.952406437950157e-08
DNg43,hg4,7.37792273847506e-08
DNg109,ps1,7.21688611342952e-08
DNp56,DLM1,5.964304828462617e-08
DNxl108,DLM1,5.964304828462617e-08
