source,target,weight,neuropil,nt_type,muscle,muscle_type
720575941350890544,720575941475745898,3,VNC_IntTct_R,,i2,steering
720575941350890544,720575941580669817,4,VNC_WTct_R,,hg1,steering
720575941350890544,720575941655597785,8,VNC_IntTct_R,,b2,steering
720575941390285462,720575941468288375,5,VNC_unassigned_R,,hg3,steering
720575941390285462,720575941483845954,3,VNC_HTct_R,,hg3,steering
720575941390285462,720575941483845954,3,VNC_NTct_R,,hg3,steering
720575941390285462,720575941483845954,8,VNC_WTct_R,,hg3,steering
720575941390285462,720575941483845954,5,VNC_unassigned_R,,hg3,steering
720575941390285462,720575941513173763,4,VNC_HTct_R,,hg4,steering
720575941390285462,720575941513173763,5,VNC_unassigned_R,,hg4,steering
720575941390285462,720575941580669817,3,VNC_WTct_R,,hg1,steering
720575941390285462,720575941732789547,15,VNC_unassigned_R,,hg2,steering
720575941390619140,720575941630940642,3,VNC_unassigned_L,,hg4,steering
720575941392812548,720575941456201887,11,VNC_HTct_L,,hg1,steering
720575941392812548,720575941479658831,4,VNC_WTct_L,,hg2,steering
720575941392812548,720575941542412805,3,VNC_WTct_L,,b3,steering
720575941392812548,720575941547315060,15,VNC_IntTct_L,,i1,steering
720575941392812548,720575941547315060,4,VNC_WTct_L,,i1,steering
720575941392812548,720575941645403000,4,VNC_IntTct_L,,DLM1,power
720575941392812548,720575941732789547,7,VNC_HTct_L,,hg2,steering
720575941392812548,720575941732789547,5,VNC_IntTct_L,,hg2,steering
720575941392812548,720575941732789547,4,VNC_WTct_L,,hg2,steering
720575941394131094,720575941643100754,5,VNC_HTct_R,,ps1,steering
720575941394131094,720575941643100754,12,VNC_WTct_R,,ps1,steering
720575941401766435,720575941569529458,6,VNC_IntTct_L,,unknown,unknown
720575941401766435,720575941569529458,6,VNC_T2_MesoNm_L,,unknown,unknown
720575941401766435,720575941732789547,3,VNC_WTct_L,,hg2,steering
720575941405473327,720575941519783640,10,VNC_WTct_L,,DLM1,power
720575941405473327,720575941533190337,5,VNC_WTct_L,,DLM1,power
720575941405473327,720575941534583786,3,VNC_WTct_L,,DLM5,power
720575941405473327,720575941555120612,3,VNC_WTct_L,,unknown,unknown
720575941405473327,720575941643100754,4,VNC_WTct_L,,ps1,steering
720575941405473327,720575941645041313,5,VNC_NTct_L,,ps1,steering
720575941405473327,720575941645041313,6,VNC_WTct_L,,ps1,steering
720575941405473327,720575941645403000,3,VNC_WTct_L,,DLM1,power
720575941407841071,720575941475745898,3,VNC_IntTct_R,,i2,steering
720575941407841071,720575941547394081,3,VNC_IntTct_L,,i2,steering
720575941408639535,720575941476080948,3,VNC_WTct_L,,unknown,unknown
720575941408639535,720575941542328837,5,VNC_WTct_L,,DVM2A,power
720575941408639535,720575941560383347,3,VNC_WTct_L,,DVM1A,power
720575941408639535,720575941565105206,6,VNC_T2_MesoNm_L,,DVM1A,power
720575941408639535,720575941565105206,6,VNC_WTct_L,,DVM1A,power
720575941408639535,720575941565105206,3,VNC_unassigned_L,,DVM1A,power
720575941408639535,720575941566847847,7,VNC_NTct_L,,DVM1A,power
720575941408639535,720575941566847847,10,VNC_WTct_L,,DVM1A,power
720575941408639535,720575941590220684,3,VNC_NTct_L,,DVM3A,power
720575941408639535,720575941590220684,14,VNC_WTct_L,,DVM3A,power
720575941408639535,720575941614289683,4,VNC_NTct_L,,DVM3A,power
720575941408639535,720575941614289683,8,VNC_WTct_L,,DVM3A,power
720575941411212715,720575941624155644,3,VNC_HTct_L,,b2,steering
720575941411212715,720575941624155644,5,VNC_WTct_L,,b2,steering
720575941411441323,720575941475745898,6,VNC_HTct_R,,i2,steering
720575941411441323,720575941475745898,11,VNC_IntTct_R,,i2,steering
720575941411441323,720575941475745898,6,VNC_WTct_L,,i2,steering
720575941411441323,720575941475745898,13,VNC_WTct_R,,i2,steering
720575941411441323,720575941475745898,3,VNC_unassigned_R,,i2,steering
720575941411441323,720575941547394081,6,VNC_HTct_L,,i2,steering
720575941411441323,720575941547394081,24,VNC_IntTct_L,,i2,steering
720575941411441323,720575941547394081,17,VNC_WTct_L,,i2,steering
720575941414262161,720575941629172716,10,VNC_LTct_R,,iii1,steering
720575941414341521,720575941463144336,8,VNC_WTct_R,,DLM1,power
720575941414341521,720575941479034563,3,VNC_IntTct_R,,DLM1,power
720575941414341521,720575941479034563,11,VNC_WTct_R,,DLM1,power
720575941414341521,720575941499558369,3,VNC_WTct_R,,DVM3A,power
720575941414341521,720575941533190337,6,VNC_WTct_R,,DLM1,power
720575941414341521,720575941603635190,3,VNC_WTct_R,,DVM1A,power
720575941414341521,720575941645403000,4,VNC_WTct_R,,DLM1,power
720575941414353436,720575941513173763,7,VNC_NTct_R,,hg4,steering
720575941414424977,720575941479658831,3,VNC_HTct_L,,hg2,steering
720575941414424977,720575941479658831,4,VNC_IntTct_L,,hg2,steering
720575941414424977,720575941479658831,3,VNC_NTct_L,,hg2,steering
720575941414424977,720575941732789547,4,VNC_HTct_L,,hg2,steering
720575941425381716,720575941459347411,3,VNC_IntTct_L,,iii4,steering
720575941426612564,720575941732789547,3,VNC_HTct_R,,hg2,steering
720575941429113775,720575941630940642,11,VNC_NTct_L,,hg4,steering
720575941430250377,720575941459347411,3,VNC_HTct_L,,iii4,steering
720575941430250377,720575941542412805,7,VNC_HTct_L,,b3,steering
720575941430250377,720575941542412805,4,VNC_NTct_L,,b3,steering
720575941430250377,720575941542412805,5,VNC_WTct_L,,b3,steering
720575941430250377,720575941547315060,4,VNC_IntTct_L,,i1,steering
720575941430250377,720575941547394081,4,VNC_HTct_L,,i2,steering
720575941430250377,720575941547394081,8,VNC_WTct_L,,i2,steering
720575941430250377,720575941645041313,5,VNC_HTct_L,,ps1,steering
720575941431097737,720575941472734048,7,VNC_WTct_R,,DVM1A,power
720575941431097737,720575941479034563,5,VNC_WTct_R,,DLM1,power
720575941431097737,720575941487139138,9,VNC_WTct_R,,DVM3A,power
720575941431097737,720575941499558369,3,VNC_WTct_R,,DVM3A,power
720575941431097737,720575941533190337,4,VNC_WTct_R,,DLM1,power
720575941431097737,720575941555120612,7,VNC_WTct_R,,unknown,unknown
720575941431097737,720575941597489344,3,VNC_NTct_R,,DVM1A,power
720575941431097737,720575941597489344,7,VNC_WTct_R,,DVM1A,power
720575941431097737,720575941603635190,10,VNC_WTct_R,,DVM1A,power
720575941431577007,720575941555120612,3,VNC_unassigned_R,,unknown,unknown
720575941431577007,720575941569529458,3,VNC_NTct_R,,unknown,unknown
720575941431577007,720575941669019635,3,VNC_unassigned_R,,unknown,unknown
720575941432295639,720575941476080948,9,VNC_HTct_L,,unknown,unknown
720575941432295639,720575941476080948,6,VNC_WTct_R,,unknown,unknown
720575941432295639,720575941513173763,3,VNC_WTct_R,,hg4,steering
720575941432295639,720575941645041313,3,VNC_WTct_R,,ps1,steering
720575941432905943,720575941479034563,4,VNC_WTct_L,,DLM1,power
720575941432905943,720575941507955269,7,VNC_WTct_L,,DLM1,power
720575941432905943,720575941566847847,5,VNC_WTct_L,,DVM1A,power
720575941432905943,720575941569529458,5,VNC_NTct_L,,unknown,unknown
720575941432905943,720575941583644382,4,VNC_WTct_L,,DLM1,power
720575941432905943,720575941614289683,3,VNC_WTct_L,,DVM3A,power
720575941432905943,720575941643100754,3,VNC_NTct_R,,ps1,steering
720575941432905943,720575941643100754,6,VNC_WTct_L,,ps1,steering
720575941432905943,720575941645041313,8,VNC_NTct_L,,ps1,steering
720575941432905943,720575941645041313,10,VNC_WTct_L,,ps1,steering
720575941432905943,720575941645403000,4,VNC_WTct_L,,DLM1,power
720575941433415200,720575941468288375,20,VNC_WTct_R,,hg3,steering
720575941433415200,720575941629172716,4,VNC_T2_MesoNm_R,,iii1,steering
720575941433415200,720575941688499212,11,VNC_WTct_R,,unknown,unknown
720575941433654048,720575941463144336,3,VNC_WTct_R,,DLM1,power
720575941433654048,720575941479034563,5,VNC_WTct_R,,DLM1,power
720575941433654048,720575941533190337,3,VNC_WTct_R,,DLM1,power
720575941433654048,720575941549822781,8,VNC_WTct_R,,b1,steering
720575941433654048,720575941583644382,6,VNC_WTct_R,,DLM1,power
720575941433654048,720575941596050112,6,VNC_WTct_R,,DLM5,power
720575941433654048,720575941655597785,6,VNC_IntTct_R,,b2,steering
720575941433654048,720575941655597785,7,VNC_WTct_R,,b2,steering
720575941434224526,720575941547394081,4,VNC_IntTct_L,,i2,steering
720575941434224526,720575941624155644,4,VNC_IntTct_L,,b2,steering
720575941434874912,720575941476080948,3,VNC_NTct_L,,unknown,unknown
720575941434874912,720575941519783640,4,VNC_WTct_L,,DLM1,power
720575941434874912,720575941533190337,3,VNC_WTct_R,,DLM1,power
720575941434874912,720575941569529458,3,VNC_HTct_L,,unknown,unknown
720575941434874912,720575941643100754,4,VNC_WTct_L,,ps1,steering
720575941434874912,720575941643100754,5,VNC_unassigned_L,,ps1,steering
720575941434874912,720575941645041313,4,VNC_HTct_L,,ps1,steering
720575941434874912,720575941645041313,5,VNC_NTct_L,,ps1,steering
720575941434874912,720575941645403000,3,VNC_WTct_L,,DLM1,power
720575941435430542,720575941542412805,8,VNC_IntTct_L,,b3,steering
720575941436095788,720575941456201887,6,VNC_WTct_L,,hg1,steering
720575941436095788,720575941580669817,3,VNC_WTct_R,,hg1,steering
720575941436095788,720575941630940642,3,VNC_NTct_L,,hg4,steering
720575941436259602,720575941542412805,3,VNC_HTct_L,,b3,steering
720575941436259602,720575941542412805,12,VNC_NTct_L,,b3,steering
720575941438410514,720575941456201887,7,VNC_HTct_L,,hg1,steering
720575941438410514,720575941456201887,4,VNC_WTct_L,,hg1,steering
720575941438410514,720575941468288375,4,VNC_HTct_L,,hg3,steering
720575941438410514,720575941468288375,6,VNC_WTct_R,,hg3,steering
720575941438410514,720575941479658831,3,VNC_HTct_L,,hg2,steering
720575941438410514,720575941479658831,3,VNC_IntTct_R,,hg2,steering
720575941438410514,720575941479658831,3,VNC_WTct_L,,hg2,steering
720575941438410514,720575941479658831,7,VNC_WTct_R,,hg2,steering
720575941438410514,720575941483845954,3,VNC_HTct_R,,hg3,steering
720575941438410514,720575941483845954,6,VNC_WTct_L,,hg3,steering
720575941438410514,720575941483845954,3,VNC_WTct_R,,hg3,steering
720575941438410514,720575941580669817,3,VNC_HTct_R,,hg1,steering
720575941438410514,720575941732789547,8,VNC_HTct_R,,hg2,steering
720575941438410514,720575941732789547,5,VNC_WTct_R,,hg2,steering
720575941438690834,720575941474574132,8,VNC_IntTct_R,,b3,steering
720575941438690834,720575941580669817,5,VNC_IntTct_R,,hg1,steering
720575941438773548,720575941542412805,3,VNC_HTct_L,,b3,steering
720575941438773548,720575941542412805,7,VNC_IntTct_L,,b3,steering
720575941438773548,720575941547315060,3,VNC_WTct_L,,i1,steering
720575941439029951,720575941476080948,8,VNC_HTct_L,,unknown,unknown
720575941439029951,720575941542328837,3,VNC_HTct_R,,DVM2A,power
720575941439029951,720575941643100754,3,VNC_HTct_L,,ps1,steering
720575941439029951,720575941643100754,3,VNC_HTct_R,,ps1,steering
720575941439029951,720575941643100754,4,VNC_WTct_R,,ps1,steering
720575941439029951,720575941645041313,13,VNC_HTct_L,,ps1,steering
720575941439029951,720575941645041313,7,VNC_HTct_R,,ps1,steering
720575941439029951,720575941645041313,3,VNC_NTct_L,,ps1,steering
720575941439029951,720575941669019635,3,VNC_HTct_R,,unknown,unknown
720575941439029951,720575941669019635,3,VNC_IntTct_R,,unknown,unknown
720575941439143954,720575941547394081,6,VNC_IntTct_L,,i2,steering
720575941439143954,720575941624155644,8,VNC_IntTct_L,,b2,steering
720575941439285036,720575941475745898,14,VNC_IntTct_R,,i2,steering
720575941440280767,720575941468897856,15,VNC_HTct_R,,i1,steering
720575941440280767,720575941468897856,16,VNC_IntTct_R,,i1,steering
720575941440280767,720575941468897856,6,VNC_WTct_R,,i1,steering
720575941440280767,720575941474574132,11,VNC_HTct_R,,b3,steering
720575941440280767,720575941474574132,14,VNC_IntTct_R,,b3,steering
720575941440280767,720575941474574132,20,VNC_WTct_R,,b3,steering
720575941440280767,720575941580669817,14,VNC_HTct_R,,hg1,steering
720575941440280767,720575941580669817,13,VNC_IntTct_R,,hg1,steering
720575941440280767,720575941580669817,9,VNC_WTct_R,,hg1,steering
720575941441243839,720575941688499212,3,VNC_unassigned_R,,unknown,unknown
720575941441633883,720575941501027819,3,VNC_WTct_L,,unknown,unknown
720575941441633883,720575941542328837,3,VNC_WTct_L,,DVM2A,power
720575941441633883,720575941560383347,3,VNC_WTct_L,,DVM1A,power
720575941441633883,720575941565105206,3,VNC_T2_MesoNm_L,,DVM1A,power
720575941441633883,720575941565105206,3,VNC_WTct_L,,DVM1A,power
720575941441633883,720575941566847847,3,VNC_NTct_L,,DVM1A,power
720575941441633883,720575941566847847,4,VNC_WTct_L,,DVM1A,power
720575941441633883,720575941569529458,11,VNC_WTct_L,,unknown,unknown
720575941441633883,720575941614289683,4,VNC_NTct_L,,DVM3A,power
720575941441633883,720575941614289683,9,VNC_WTct_L,,DVM3A,power
720575941441633883,720575941645041313,4,VNC_WTct_L,,ps1,steering
720575941441633883,720575941645403000,3,VNC_NTct_L,,DLM1,power
720575941441643867,720575941476080948,3,VNC_WTct_R,,unknown,unknown
720575941441643867,720575941533190337,4,VNC_IntTct_R,,DLM1,power
720575941441643867,720575941533190337,3,VNC_WTct_R,,DLM1,power
720575941441643867,720575941542328837,3,VNC_HTct_R,,DVM2A,power
720575941441643867,720575941560383347,3,VNC_WTct_R,,DVM1A,power
720575941441643867,720575941643100754,3,VNC_HTct_R,,ps1,steering
720575941441643867,720575941643100754,4,VNC_IntTct_R,,ps1,steering
720575941441643867,720575941643100754,7,VNC_WTct_L,,ps1,steering
720575941441643867,720575941643100754,12,VNC_WTct_R,,ps1,steering
720575941441643867,720575941645041313,3,VNC_HTct_L,,ps1,steering
720575941441643867,720575941645041313,3,VNC_NTct_R,,ps1,steering
720575941441643867,720575941645041313,4,VNC_WTct_R,,ps1,steering
720575941441643867,720575941645041313,4,VNC_unassigned_L,,ps1,steering
720575941441643867,720575941645403000,3,VNC_NTct_L,,DLM1,power
720575941441643867,720575941669019635,3,VNC_WTct_R,,unknown,unknown
720575941441643867,720575941669019635,3,VNC_unassigned_R,,unknown,unknown
720575941441974479,720575941507955269,4,VNC_WTct_L,,DLM1,power
720575941441974479,720575941519783640,4,VNC_WTct_L,,DLM1,power
720575941441974479,720575941534583786,4,VNC_WTct_L,,DLM5,power
720575941441974479,720575941555120612,3,VNC_WTct_L,,unknown,unknown
720575941441974479,720575941569529458,4,VNC_HTct_L,,unknown,unknown
720575941441974479,720575941569529458,7,VNC_WTct_L,,unknown,unknown
720575941441974479,720575941596050112,3,VNC_WTct_L,,DLM5,power
720575941441974479,720575941643100754,4,VNC_HTct_L,,ps1,steering
720575941441974479,720575941643100754,3,VNC_HTct_R,,ps1,steering
720575941441974479,720575941643100754,7,VNC_WTct_L,,ps1,steering
720575941441974479,720575941645041313,16,VNC_HTct_L,,ps1,steering
720575941441974479,720575941645041313,5,VNC_WTct_L,,ps1,steering
720575941441974479,720575941645041313,3,VNC_unassigned_L,,ps1,steering
720575941442418639,720575941479658831,4,VNC_IntTct_R,,hg2,steering
720575941442418639,720575941580669817,3,VNC_IntTct_R,,hg1,steering
720575941442418639,720575941655597785,8,VNC_IntTct_R,,b2,steering
720575941442861482,720575941474574132,4,VNC_NTct_R,,b3,steering
720575941445707284,720575941542412805,9,VNC_HTct_L,,b3,steering
720575941445707284,720575941542412805,3,VNC_WTct_L,,b3,steering
720575941445707284,720575941547315060,7,VNC_HTct_L,,i1,steering
720575941445707284,720575941547315060,4,VNC_IntTct_L,,i1,steering
720575941445707284,720575941547394081,3,VNC_IntTct_L,,i2,steering
720575941447838996,720575941474574132,5,VNC_IntTct_R,,b3,steering
720575941447863316,720575941516770670,4,VNC_WTct_R,,iii4,steering
720575941447863316,720575941549822781,7,VNC_IntTct_R,,b1,steering
720575941447863316,720575941549822781,7,VNC_WTct_R,,b1,steering
720575941447863316,720575941580669817,13,VNC_IntTct_R,,hg1,steering
720575941447863316,720575941643100754,8,VNC_IntTct_R,,ps1,steering
720575941447863316,720575941655597785,25,VNC_IntTct_R,,b2,steering
720575941447863316,720575941655597785,4,VNC_T2_MesoNm_R,,b2,steering
720575941449384885,720575941645041313,3,VNC_WTct_L,,ps1,steering
720575941449983581,720575941547394081,4,VNC_IntTct_L,,i2,steering
720575941450506830,720575941468288375,3,VNC_WTct_R,,hg3,steering
720575941450506830,720575941468897856,5,VNC_HTct_R,,i1,steering
720575941450506830,720575941468897856,3,VNC_IntTct_R,,i1,steering
720575941450506830,720575941474574132,4,VNC_WTct_R,,b3,steering
720575941450506830,720575941580669817,6,VNC_IntTct_R,,hg1,steering
720575941450506830,720575941580669817,4,VNC_WTct_R,,hg1,steering
720575941450506830,720575941655597785,15,VNC_WTct_R,,b2,steering
720575941451941498,720575941468897856,16,VNC_IntTct_R,,i1,steering
720575941451941498,720575941472734048,6,VNC_WTct_R,,DVM1A,power
720575941451941498,720575941475745898,22,VNC_IntTct_R,,i2,steering
720575941451941498,720575941475745898,8,VNC_WTct_R,,i2,steering
720575941451941498,720575941513173763,3,VNC_HTct_R,,hg4,steering
720575941451941498,720575941513173763,6,VNC_NTct_R,,hg4,steering
720575941451941498,720575941513173763,4,VNC_WTct_R,,hg4,steering
720575941451941498,720575941516770670,9,VNC_HTct_R,,iii4,steering
720575941451941498,720575941516770670,4,VNC_IntTct_R,,iii4,steering
720575941451941498,720575941516770670,4,VNC_WTct_R,,iii4,steering
720575941451941498,720575941580669817,9,VNC_HTct_R,,hg1,steering
720575941451941498,720575941580669817,6,VNC_IntTct_R,,hg1,steering
720575941451941498,720575941580669817,6,VNC_NTct_R,,hg1,steering
720575941451941498,720575941580669817,4,VNC_WTct_R,,hg1,steering
720575941451941498,720575941580669817,3,VNC_unassigned_R,,hg1,steering
720575941451941498,720575941597489344,6,VNC_WTct_R,,DVM1A,power
720575941451941498,720575941603635190,4,VNC_NTct_R,,DVM1A,power
720575941451941498,720575941603635190,5,VNC_WTct_R,,DVM1A,power
720575941453030983,720575941456201887,3,VNC_IntTct_L,,hg1,steering
720575941453030983,720575941463144336,11,VNC_WTct_R,,DLM1,power
720575941453030983,720575941468288375,5,VNC_WTct_R,,hg3,steering
720575941453030983,720575941483845954,3,VNC_HTct_R,,hg3,steering
720575941453030983,720575941596050112,4,VNC_WTct_R,,DLM5,power
720575941453030983,720575941640465439,4,VNC_WTct_R,,DLM1,power
720575941456897005,720575941468897856,3,VNC_WTct_R,,i1,steering
720575941456897005,720575941474574132,5,VNC_WTct_R,,b3,steering
720575941456897005,720575941513173763,4,VNC_WTct_R,,hg4,steering
720575941456897005,720575941516770670,5,VNC_WTct_R,,iii4,steering
720575941456897005,720575941580669817,11,VNC_HTct_R,,hg1,steering
720575941456897005,720575941580669817,5,VNC_WTct_R,,hg1,steering
720575941459103391,720575941597489344,3,VNC_IntTct_R,,DVM1A,power
720575941461674436,720575941513173763,6,VNC_IntTct_R,,hg4,steering
720575941461674436,720575941513173763,4,VNC_T2_MesoNm_R,,hg4,steering
720575941461674436,720575941655597785,5,VNC_IntTct_R,,b2,steering
720575941461875908,720575941499558369,3,VNC_WTct_R,,DVM3A,power
720575941461875908,720575941603635190,3,VNC_WTct_R,,DVM1A,power
720575941467559702,720575941569529458,3,VNC_WTct_R,,unknown,unknown
720575941467559702,720575941643100754,3,VNC_HTct_R,,ps1,steering
720575941469370688,720575941630940642,6,VNC_NTct_L,,hg4,steering
720575941469678557,720575941542412805,4,VNC_IntTct_L,,b3,steering
720575941470003677,720575941516770670,4,VNC_IntTct_R,,iii4,steering
720575941470254400,720575941463144336,5,VNC_WTct_R,,DLM1,power
720575941470254400,720575941463144336,4,VNC_unassigned_L,,DLM1,power
720575941470254400,720575941475745898,4,VNC_IntTct_L,,i2,steering
720575941470254400,720575941479034563,6,VNC_WTct_L,,DLM1,power
720575941470254400,720575941499558369,3,VNC_WTct_R,,DVM3A,power
720575941470254400,720575941507955269,17,VNC_WTct_L,,DLM1,power
720575941470254400,720575941507955269,3,VNC_WTct_R,,DLM1,power
720575941470254400,720575941507955269,5,VNC_unassigned_L,,DLM1,power
720575941470254400,720575941519783640,3,VNC_NTct_L,,DLM1,power
720575941470254400,720575941519783640,8,VNC_WTct_L,,DLM1,power
720575941470254400,720575941519783640,3,VNC_unassigned_L,,DLM1,power
720575941470254400,720575941533190337,5,VNC_WTct_L,,DLM1,power
720575941470254400,720575941534583786,5,VNC_WTct_L,,DLM5,power
720575941470254400,720575941542412805,9,VNC_HTct_L,,b3,steering
720575941470254400,720575941542412805,34,VNC_WTct_L,,b3,steering
720575941470254400,720575941560383347,9,VNC_WTct_L,,DVM1A,power
720575941470254400,720575941565105206,5,VNC_WTct_L,,DVM1A,power
720575941470254400,720575941573368719,4,VNC_WTct_L,,DVM2A,power
720575941470254400,720575941573368719,3,VNC_WTct_R,,DVM2A,power
720575941470254400,720575941583644382,5,VNC_WTct_R,,DLM1,power
720575941470254400,720575941583644382,5,VNC_unassigned_L,,DLM1,power
720575941470254400,720575941583644382,6,VNC_unassigned_R,,DLM1,power
720575941470254400,720575941590220684,3,VNC_WTct_L,,DVM3A,power
720575941470254400,720575941596050112,3,VNC_unassigned_L,,DLM5,power
720575941470254400,720575941603635190,4,VNC_WTct_R,,DVM1A,power
720575941470254400,720575941624985226,3,VNC_WTct_R,,DVM2A,power
720575941470533131,720575941501027819,4,VNC_T2_MesoNm_L,,unknown,unknown
720575941471238263,720575941479034563,3,VNC_WTct_L,,DLM1,power
720575941471238263,720575941645403000,4,VNC_NTct_L,,DLM1,power
720575941471238263,720575941645403000,6,VNC_WTct_L,,DLM1,power
720575941471627639,720575941513173763,3,VNC_NTct_R,,hg4,steering
720575941471805963,720575941542412805,8,VNC_IntTct_L,,b3,steering
720575941471808375,720575941468288375,4,VNC_HTct_R,,hg3,steering
720575941471808375,720575941468288375,3,VNC_WTct_R,,hg3,steering
720575941471808375,720575941483845954,9,VNC_HTct_R,,hg3,steering
720575941471808375,720575941521196211,15,VNC_WTct_L,,b1,steering
720575941471808375,720575941549822781,14,VNC_IntTct_R,,b1,steering
720575941471808375,720575941549822781,44,VNC_WTct_R,,b1,steering
720575941471808375,720575941580669817,5,VNC_IntTct_R,,hg1,steering
720575941471808375,720575941624155644,7,VNC_HTct_L,,b2,steering
720575941471808375,720575941624155644,4,VNC_IntTct_L,,b2,steering
720575941471808375,720575941624155644,12,VNC_WTct_L,,b2,steering
720575941471808375,720575941655597785,30,VNC_IntTct_R,,b2,steering
720575941471808375,720575941655597785,16,VNC_WTct_R,,b2,steering
720575941471808375,720575941732789547,3,VNC_HTct_R,,hg2,steering
720575941471808375,720575941732789547,3,VNC_WTct_L,,hg2,steering
720575941471955264,720575941456201887,5,VNC_HTct_L,,hg1,steering
720575941471955264,720575941456201887,9,VNC_WTct_L,,hg1,steering
720575941471955264,720575941468288375,3,VNC_HTct_L,,hg3,steering
720575941471955264,720575941468288375,9,VNC_HTct_R,,hg3,steering
720575941471955264,720575941468288375,5,VNC_NTct_R,,hg3,steering
720575941471955264,720575941468288375,5,VNC_WTct_L,,hg3,steering
720575941471955264,720575941468288375,11,VNC_WTct_R,,hg3,steering
720575941471955264,720575941483845954,5,VNC_HTct_R,,hg3,steering
720575941471955264,720575941483845954,11,VNC_WTct_R,,hg3,steering
720575941471955264,720575941483845954,3,VNC_unassigned_R,,hg3,steering
720575941471955264,720575941507955269,3,VNC_WTct_R,,DLM1,power
720575941471955264,720575941513173763,6,VNC_HTct_R,,hg4,steering
720575941471955264,720575941513173763,4,VNC_NTct_R,,hg4,steering
720575941471955264,720575941513173763,6,VNC_WTct_R,,hg4,steering
720575941471955264,720575941521196211,3,VNC_WTct_L,,b1,steering
720575941471955264,720575941521196211,4,VNC_WTct_R,,b1,steering
720575941471955264,720575941533190337,4,VNC_IntTct_R,,DLM1,power
720575941471955264,720575941533190337,7,VNC_WTct_R,,DLM1,power
720575941471955264,720575941549822781,11,VNC_WTct_R,,b1,steering
720575941471955264,720575941580669817,8,VNC_HTct_R,,hg1,steering
720575941471955264,720575941580669817,3,VNC_IntTct_R,,hg1,steering
720575941471955264,720575941580669817,16,VNC_WTct_R,,hg1,steering
720575941471955264,720575941583644382,6,VNC_WTct_R,,DLM1,power
720575941471955264,720575941596050112,6,VNC_WTct_R,,DLM5,power
720575941471955264,720575941624155644,9,VNC_HTct_L,,b2,steering
720575941471955264,720575941624155644,11,VNC_WTct_L,,b2,steering
720575941471955264,720575941630940642,9,VNC_NTct_L,,hg4,steering
720575941471955264,720575941640465439,9,VNC_WTct_R,,DLM1,power
720575941471955264,720575941655597785,8,VNC_HTct_R,,b2,steering
720575941471955264,720575941655597785,6,VNC_IntTct_R,,b2,steering
720575941471955264,720575941655597785,18,VNC_WTct_R,,b2,steering
720575941471955264,720575941732789547,6,VNC_WTct_R,,hg2,steering
720575941472044352,720575941456201887,7,VNC_WTct_L,,hg1,steering
720575941472044352,720575941463144336,5,VNC_WTct_L,,DLM1,power
720575941472044352,720575941463144336,4,VNC_WTct_R,,DLM1,power
720575941472044352,720575941479034563,11,VNC_WTct_L,,DLM1,power
720575941472044352,720575941479658831,6,VNC_HTct_L,,hg2,steering
720575941472044352,720575941479658831,6,VNC_WTct_L,,hg2,steering
720575941472044352,720575941507955269,9,VNC_WTct_L,,DLM1,power
720575941472044352,720575941519783640,5,VNC_WTct_L,,DLM1,power
720575941472044352,720575941534583786,3,VNC_HTct_L,,DLM5,power
720575941472044352,720575941534583786,7,VNC_WTct_L,,DLM5,power
720575941472044352,720575941547315060,6,VNC_WTct_L,,i1,steering
720575941472044352,720575941547394081,4,VNC_WTct_L,,i2,steering
720575941472044352,720575941583644382,8,VNC_WTct_L,,DLM1,power
720575941472044352,720575941583644382,4,VNC_WTct_R,,DLM1,power
720575941472044352,720575941596050112,3,VNC_WTct_L,,DLM5,power
720575941472044352,720575941624155644,5,VNC_WTct_L,,b2,steering
720575941472044352,720575941640465439,9,VNC_WTct_L,,DLM1,power
720575941472044352,720575941645403000,7,VNC_WTct_L,,DLM1,power
720575941472044352,720575941645403000,3,VNC_WTct_R,,DLM1,power
720575941472044352,720575941732789547,10,VNC_HTct_L,,hg2,steering
720575941472044352,720575941732789547,7,VNC_WTct_L,,hg2,steering
720575941472160011,720575941468897856,3,VNC_HTct_R,,i1,steering
720575941472160011,720575941468897856,5,VNC_IntTct_R,,i1,steering
720575941472160011,720575941468897856,7,VNC_WTct_R,,i1,steering
720575941472160011,720575941475745898,4,VNC_IntTct_R,,i2,steering
720575941472160011,720575941475745898,3,VNC_WTct_R,,i2,steering
720575941473793322,720575941643100754,4,VNC_HTct_R,,ps1,steering
720575941473793322,720575941643100754,3,VNC_WTct_R,,ps1,steering
720575941474063968,720575941489673420,4,VNC_LTct_L,,iii1,steering
720575941474063968,720575941569529458,3,VNC_IntTct_L,,unknown,unknown
720575941476378164,720575941513173763,18,VNC_NTct_R,,hg4,steering
720575941476398897,720575941630940642,6,VNC_NTct_L,,hg4,steering
720575941476477492,720575941456201887,5,VNC_HTct_L,,hg1,steering
720575941476477492,720575941456201887,10,VNC_IntTct_L,,hg1,steering
720575941476477492,720575941456201887,3,VNC_WTct_L,,hg1,steering
720575941476477492,720575941479658831,9,VNC_IntTct_L,,hg2,steering
720575941476477492,720575941732789547,6,VNC_WTct_L,,hg2,steering
720575941477013825,720575941456201887,16,VNC_HTct_L,,hg1,steering
720575941477013825,720575941456201887,4,VNC_NTct_L,,hg1,steering
720575941477013825,720575941456201887,4,VNC_WTct_L,,hg1,steering
720575941477013825,720575941534583786,3,VNC_WTct_L,,DLM5,power
720575941477013825,720575941624155644,3,VNC_WTct_L,,b2,steering
720575941477013825,720575941630940642,25,VNC_HTct_L,,hg4,steering
720575941477013825,720575941630940642,7,VNC_NTct_L,,hg4,steering
720575941477013825,720575941630940642,4,VNC_WTct_L,,hg4,steering
720575941477736066,720575941732789547,3,VNC_WTct_L,,hg2,steering
720575941477915700,720575941501027819,5,VNC_WTct_L,,unknown,unknown
720575941477915700,720575941501027819,3,VNC_unassigned_L,,unknown,unknown
720575941477915700,720575941560383347,3,VNC_WTct_L,,DVM1A,power
720575941477915700,720575941566847847,3,VNC_WTct_L,,DVM1A,power
720575941478195265,720575941474574132,15,VNC_IntTct_R,,b3,steering
720575941478195265,720575941474574132,3,VNC_NTct_R,,b3,steering
720575941478585450,720575941542412805,5,VNC_HTct_L,,b3,steering
720575941478585450,720575941547315060,7,VNC_HTct_L,,i1,steering
720575941478585450,720575941547315060,14,VNC_IntTct_L,,i1,steering
720575941478585450,720575941547394081,3,VNC_WTct_L,,i2,steering
720575941478705770,720575941732789547,3,VNC_T2_MesoNm_L,,hg2,steering
720575941480759971,720575941688499212,3,VNC_unassigned_R,,unknown,unknown
720575941480780451,720575941463144336,9,VNC_WTct_R,,DLM1,power
720575941480780451,720575941479034563,4,VNC_WTct_R,,DLM1,power
720575941480780451,720575941533190337,7,VNC_WTct_R,,DLM1,power
720575941480780451,720575941596050112,20,VNC_WTct_R,,DLM5,power
720575941481045155,720575941474574132,3,VNC_unassigned_R,,b3,steering
720575941481103523,720575941542412805,5,VNC_IntTct_L,,b3,steering
720575941481103523,720575941542412805,7,VNC_NTct_L,,b3,steering
720575941481122690,720575941475745898,6,VNC_IntTct_R,,i2,steering
720575941481407427,720575941513173763,10,VNC_NTct_R,,hg4,steering
720575941481407427,720575941580669817,3,VNC_NTct_R,,hg1,steering
720575941482535366,720575941580669817,3,VNC_HTct_R,,hg1,steering
720575941483554189,720575941624155644,3,VNC_HTct_L,,b2,steering
720575941483701178,720575941569529458,6,VNC_WTct_L,,unknown,unknown
720575941485358733,720575941547315060,3,VNC_IntTct_L,,i1,steering
720575941485430992,720575941513173763,3,VNC_WTct_R,,hg4,steering
720575941486437954,720575941629172716,4,VNC_WTct_R,,iii1,steering
720575941486574598,720575941476080948,8,VNC_HTct_L,,unknown,unknown
720575941486574598,720575941643100754,4,VNC_HTct_L,,ps1,steering
720575941486574598,720575941643100754,5,VNC_WTct_R,,ps1,steering
720575941486574598,720575941645041313,9,VNC_HTct_L,,ps1,steering
720575941486574598,720575941645041313,6,VNC_IntTct_L,,ps1,steering
720575941486574598,720575941669019635,4,VNC_HTct_R,,unknown,unknown
720575941486574598,720575941669019635,10,VNC_WTct_R,,unknown,unknown
720575941486612034,720575941468897856,6,VNC_IntTct_R,,i1,steering
720575941486692493,720575941501027819,3,VNC_WTct_L,,unknown,unknown
720575941486700098,720575941468897856,27,VNC_HTct_R,,i1,steering
720575941486700098,720575941468897856,14,VNC_IntTct_R,,i1,steering
720575941486700098,720575941468897856,15,VNC_WTct_R,,i1,steering
720575941486700098,720575941474574132,7,VNC_HTct_R,,b3,steering
720575941486700098,720575941474574132,6,VNC_IntTct_R,,b3,steering
720575941486700098,720575941474574132,5,VNC_WTct_R,,b3,steering
720575941486700098,720575941580669817,6,VNC_HTct_R,,hg1,steering
720575941486700098,720575941580669817,6,VNC_IntTct_R,,hg1,steering
720575941486700098,720575941580669817,4,VNC_WTct_R,,hg1,steering
720575941487659984,720575941479034563,3,VNC_WTct_R,,DLM1,power
720575941487659984,720575941549822781,3,VNC_WTct_L,,b1,steering
720575941487659984,720575941549822781,4,VNC_WTct_R,,b1,steering
720575941487659984,720575941596050112,3,VNC_WTct_R,,DLM5,power
720575941489083596,720575941472734048,3,VNC_WTct_R,,DVM1A,power
720575941489083596,720575941479034563,6,VNC_WTct_R,,DLM1,power
720575941489083596,720575941507955269,5,VNC_WTct_L,,DLM1,power
720575941489083596,720575941519783640,3,VNC_HTct_L,,DLM1,power
720575941489083596,720575941533190337,5,VNC_WTct_R,,DLM1,power
720575941489083596,720575941534583786,5,VNC_WTct_R,,DLM5,power
720575941489083596,720575941555120612,5,VNC_HTct_L,,unknown,unknown
720575941489083596,720575941555120612,5,VNC_HTct_R,,unknown,unknown
720575941489083596,720575941555120612,10,VNC_WTct_R,,unknown,unknown
720575941489083596,720575941569529458,5,VNC_HTct_R,,unknown,unknown
720575941489083596,720575941569529458,5,VNC_NTct_R,,unknown,unknown
720575941489083596,720575941569529458,24,VNC_WTct_R,,unknown,unknown
720575941489083596,720575941583644382,6,VNC_WTct_R,,DLM1,power
720575941489083596,720575941590220684,3,VNC_WTct_R,,DVM3A,power
720575941489083596,720575941603635190,5,VNC_WTct_R,,DVM1A,power
720575941489083596,720575941640465439,4,VNC_HTct_L,,DLM1,power
720575941489083596,720575941640465439,6,VNC_WTct_R,,DLM1,power
720575941489083596,720575941643100754,7,VNC_HTct_R,,ps1,steering
720575941489083596,720575941643100754,11,VNC_WTct_R,,ps1,steering
720575941489083596,720575941645041313,7,VNC_HTct_L,,ps1,steering
720575941489083596,720575941645041313,7,VNC_HTct_R,,ps1,steering
720575941489083596,720575941645041313,13,VNC_WTct_R,,ps1,steering
720575941489083596,720575941645403000,4,VNC_HTct_L,,DLM1,power
720575941489083596,720575941645403000,3,VNC_WTct_L,,DLM1,power
720575941490416181,720575941476080948,3,VNC_unassigned_L,,unknown,unknown
720575941490416181,720575941565105206,3,VNC_unassigned_L,,DVM1A,power
720575941490416181,720575941566847847,3,VNC_NTct_L,,DVM1A,power
720575941490416181,720575941569529458,13,VNC_unassigned_L,,unknown,unknown
720575941490416181,720575941614289683,4,VNC_NTct_L,,DVM3A,power
720575941490416181,720575941645041313,10,VNC_NTct_L,,ps1,steering
720575941490416181,720575941645041313,7,VNC_WTct_L,,ps1,steering
720575941490416181,720575941645041313,15,VNC_unassigned_L,,ps1,steering
720575941490416181,720575941645403000,6,VNC_NTct_L,,DLM1,power
720575941490717390,720575941474574132,4,VNC_HTct_R,,b3,steering
720575941490717390,720575941474574132,3,VNC_IntTct_R,,b3,steering
720575941491761895,720575941547315060,5,VNC_WTct_L,,i1,steering
720575941491992807,720575941565105206,3,VNC_T2_MesoNm_L,,DVM1A,power
720575941491992807,720575941565105206,3,VNC_WTct_L,,DVM1A,power
720575941492697264,720575941468897856,6,VNC_HTct_R,,i1,steering
720575941492697264,720575941468897856,17,VNC_IntTct_R,,i1,steering
720575941492697264,720575941468897856,5,VNC_WTct_R,,i1,steering
720575941492697264,720575941474574132,4,VNC_IntTct_R,,b3,steering
720575941492697264,720575941474574132,7,VNC_WTct_R,,b3,steering
720575941494960254,720575941516770670,3,VNC_HTct_R,,iii4,steering
720575941494960254,720575941580669817,3,VNC_IntTct_R,,hg1,steering
720575941494986951,720575941472734048,7,VNC_WTct_R,,DVM1A,power
720575941494986951,720575941487139138,4,VNC_WTct_R,,DVM3A,power
720575941494986951,720575941499558369,3,VNC_WTct_R,,DVM3A,power
720575941494986951,720575941555120612,5,VNC_WTct_L,,unknown,unknown
720575941494986951,720575941555120612,17,VNC_WTct_R,,unknown,unknown
720575941494986951,720575941565105206,3,VNC_WTct_L,,DVM1A,power
720575941494986951,720575941569529458,14,VNC_WTct_R,,unknown,unknown
720575941494986951,720575941603635190,5,VNC_WTct_R,,DVM1A,power
720575941494986951,720575941643100754,6,VNC_WTct_L,,ps1,steering
720575941494986951,720575941643100754,13,VNC_WTct_R,,ps1,steering
720575941494986951,720575941645041313,4,VNC_HTct_L,,ps1,steering
720575941494986951,720575941645041313,9,VNC_WTct_L,,ps1,steering
720575941494986951,720575941645041313,12,VNC_WTct_R,,ps1,steering
720575941495055486,720575941479658831,3,VNC_IntTct_R,,hg2,steering
720575941495998843,720575941456201887,3,VNC_WTct_L,,hg1,steering
720575941496011719,720575941456201887,6,VNC_HTct_L,,hg1,steering
720575941496011719,720575941456201887,3,VNC_IntTct_L,,hg1,steering
720575941496011719,720575941456201887,6,VNC_WTct_L,,hg1,steering
720575941496011719,720575941459347411,5,VNC_HTct_L,,iii4,steering
720575941496011719,720575941459347411,5,VNC_WTct_L,,iii4,steering
720575941496011719,720575941630940642,29,VNC_HTct_L,,hg4,steering
720575941496011719,720575941630940642,17,VNC_NTct_L,,hg4,steering
720575941496011719,720575941630940642,6,VNC_WTct_L,,hg4,steering
720575941496011719,720575941630940642,5,VNC_unassigned_L,,hg4,steering
720575941496426695,720575941463144336,11,VNC_WTct_L,,DLM1,power
720575941496426695,720575941479034563,5,VNC_WTct_L,,DLM1,power
720575941496426695,720575941499558369,3,VNC_WTct_L,,DVM3A,power
720575941496426695,720575941507955269,15,VNC_WTct_L,,DLM1,power
720575941496426695,720575941519783640,3,VNC_WTct_L,,DLM1,power
720575941496426695,720575941533190337,8,VNC_WTct_L,,DLM1,power
720575941496426695,720575941534583786,12,VNC_WTct_L,,DLM5,power
720575941496426695,720575941555120612,3,VNC_HTct_R,,unknown,unknown
720575941496426695,720575941555120612,9,VNC_WTct_L,,unknown,unknown
720575941496426695,720575941560383347,3,VNC_WTct_L,,DVM1A,power
720575941496426695,720575941565105206,8,VNC_WTct_L,,DVM1A,power
720575941496426695,720575941566847847,3,VNC_WTct_L,,DVM1A,power
720575941496426695,720575941569529458,6,VNC_HTct_L,,unknown,unknown
720575941496426695,720575941569529458,3,VNC_HTct_R,,unknown,unknown
720575941496426695,720575941569529458,39,VNC_WTct_L,,unknown,unknown
720575941496426695,720575941569529458,3,VNC_WTct_R,,unknown,unknown
720575941496426695,720575941583644382,4,VNC_WTct_L,,DLM1,power
720575941496426695,720575941603635190,4,VNC_WTct_R,,DVM1A,power
720575941496426695,720575941640465439,3,VNC_HTct_L,,DLM1,power
720575941496426695,720575941640465439,5,VNC_WTct_L,,DLM1,power
720575941496426695,720575941643100754,6,VNC_HTct_L,,ps1,steering
720575941496426695,720575941643100754,16,VNC_WTct_L,,ps1,steering
720575941496426695,720575941645041313,4,VNC_HTct_L,,ps1,steering
720575941496426695,720575941645041313,9,VNC_WTct_L,,ps1,steering
720575941496426695,720575941645041313,3,VNC_unassigned_L,,ps1,steering
720575941496426695,720575941645403000,6,VNC_WTct_L,,DLM1,power
720575941496919168,720575941468897856,5,VNC_HTct_R,,i1,steering
720575941496919168,720575941479658831,18,VNC_IntTct_R,,hg2,steering
720575941496919168,720575941732789547,3,VNC_IntTct_R,,hg2,steering
720575941498444155,720575941645041313,5,VNC_HTct_L,,ps1,steering
720575941498998395,720575941643100754,3,VNC_unassigned_R,,ps1,steering
720575941498998395,720575941669019635,6,VNC_unassigned_R,,unknown,unknown
720575941501552983,720575941476080948,3,VNC_HTct_L,,unknown,unknown
720575941501552983,720575941476080948,8,VNC_HTct_R,,unknown,unknown
720575941501552983,720575941476080948,5,VNC_IntTct_L,,unknown,unknown
720575941501552983,720575941643100754,5,VNC_HTct_R,,ps1,steering
720575941501552983,720575941643100754,5,VNC_WTct_R,,ps1,steering
720575941501552983,720575941645041313,7,VNC_HTct_R,,ps1,steering
720575941501552983,720575941645041313,5,VNC_IntTct_L,,ps1,steering
720575941501552983,720575941669019635,6,VNC_WTct_R,,unknown,unknown
720575941501552983,720575941669019635,3,VNC_unassigned_R,,unknown,unknown
720575941501635927,720575941610087498,4,VNC_unassigned_L,,unknown,unknown
720575941502004107,720575941630940642,5,VNC_T1_ProNm_L,,hg4,steering
720575941502628695,720575941580669817,3,VNC_HTct_R,,hg1,steering
720575941503461867,720575941569529458,6,VNC_IntTct_L,,unknown,unknown
720575941503461867,720575941569529458,8,VNC_T2_MesoNm_L,,unknown,unknown
720575941503461867,720575941569529458,3,VNC_WTct_L,,unknown,unknown
720575941503507435,720575941547315060,7,VNC_LTct_L,,i1,steering
720575941503528171,720575941463144336,5,VNC_WTct_R,,DLM1,power
720575941503528171,720575941479034563,3,VNC_NTct_R,,DLM1,power
720575941503528171,720575941479034563,5,VNC_WTct_R,,DLM1,power
720575941503528171,720575941507955269,6,VNC_WTct_R,,DLM1,power
720575941503528171,720575941533190337,7,VNC_WTct_R,,DLM1,power
720575941503528171,720575941555120612,3,VNC_HTct_R,,unknown,unknown
720575941503528171,720575941555120612,7,VNC_WTct_R,,unknown,unknown
720575941503528171,720575941560383347,3,VNC_WTct_L,,DVM1A,power
720575941503528171,720575941569529458,10,VNC_WTct_R,,unknown,unknown
720575941503528171,720575941583644382,3,VNC_WTct_R,,DLM1,power
720575941503528171,720575941596050112,6,VNC_WTct_R,,DLM5,power
720575941503528171,720575941597489344,4,VNC_WTct_R,,DVM1A,power
720575941503528171,720575941640465439,4,VNC_WTct_R,,DLM1,power
720575941503528171,720575941643100754,7,VNC_HTct_L,,ps1,steering
720575941503528171,720575941643100754,5,VNC_HTct_R,,ps1,steering
720575941503528171,720575941643100754,19,VNC_WTct_R,,ps1,steering
720575941503528171,720575941645041313,3,VNC_HTct_L,,ps1,steering
720575941503528171,720575941645041313,3,VNC_HTct_R,,ps1,steering
720575941503528171,720575941645041313,3,VNC_WTct_L,,ps1,steering
720575941503528171,720575941645041313,15,VNC_WTct_R,,ps1,steering
720575941503528171,720575941645403000,4,VNC_WTct_R,,DLM1,power
720575941503529522,720575941513173763,5,VNC_NTct_R,,hg4,steering
720575941503767127,720575941555120612,4,VNC_T2_MesoNm_R,,unknown,unknown
720575941504328791,720575941456201887,3,VNC_IntTct_L,,hg1,steering
720575941504328791,720575941468288375,3,VNC_HTct_L,,hg3,steering
720575941504328791,720575941472734048,4,VNC_WTct_R,,DVM1A,power
720575941504328791,720575941479658831,3,VNC_HTct_R,,hg2,steering
720575941504328791,720575941479658831,10,VNC_IntTct_L,,hg2,steering
720575941504328791,720575941479658831,6,VNC_IntTct_R,,hg2,steering
720575941504328791,720575941479658831,3,VNC_LTct_R,,hg2,steering
720575941504328791,720575941479658831,3,VNC_WTct_L,,hg2,steering
720575941504328791,720575941479658831,4,VNC_WTct_R,,hg2,steering
720575941504328791,720575941603635190,3,VNC_IntTct_R,,DVM1A,power
720575941504328791,720575941732789547,3,VNC_HTct_L,,hg2,steering
720575941504328791,720575941732789547,3,VNC_HTct_R,,hg2,steering
720575941504328791,720575941732789547,3,VNC_IntTct_R,,hg2,steering
720575941504328791,720575941732789547,3,VNC_WTct_L,,hg2,steering
720575941504331607,720575941499558369,3,VNC_WTct_L,,DVM3A,power
720575941504331607,720575941569529458,4,VNC_NTct_L,,unknown,unknown
720575941504331607,720575941569529458,5,VNC_NTct_R,,unknown,unknown
720575941504331607,720575941583644382,5,VNC_WTct_R,,DLM1,power
720575941504331607,720575941643100754,3,VNC_NTct_R,,ps1,steering
720575941504331607,720575941643100754,3,VNC_WTct_R,,ps1,steering
720575941504331607,720575941645041313,3,VNC_NTct_L,,ps1,steering
720575941504331607,720575941645041313,4,VNC_unassigned_R,,ps1,steering
720575941504652482,720575941475745898,6,VNC_HTct_R,,i2,steering
720575941504652482,720575941475745898,12,VNC_IntTct_R,,i2,steering
720575941504652482,720575941475745898,4,VNC_LTct_R,,i2,steering
720575941504652482,720575941475745898,22,VNC_WTct_R,,i2,steering
720575941504652482,720575941547394081,7,VNC_HTct_L,,i2,steering
720575941504652482,720575941547394081,16,VNC_IntTct_L,,i2,steering
720575941504652482,720575941547394081,15,VNC_WTct_L,,i2,steering
720575941504687810,720575941487139138,5,VNC_WTct_R,,DVM3A,power
720575941504687810,720575941499558369,3,VNC_WTct_R,,DVM3A,power
720575941505673566,720575941463144336,14,VNC_WTct_R,,DLM1,power
720575941505673566,720575941479034563,18,VNC_WTct_R,,DLM1,power
720575941505673566,720575941479658831,3,VNC_WTct_R,,hg2,steering
720575941505673566,720575941507955269,9,VNC_WTct_R,,DLM1,power
720575941505673566,720575941519783640,3,VNC_WTct_R,,DLM1,power
720575941505673566,720575941533190337,8,VNC_WTct_R,,DLM1,power
720575941505673566,720575941534583786,10,VNC_WTct_R,,DLM5,power
720575941505673566,720575941580669817,3,VNC_HTct_R,,hg1,steering
720575941505673566,720575941580669817,5,VNC_WTct_R,,hg1,steering
720575941505673566,720575941583644382,10,VNC_HTct_R,,DLM1,power
720575941505673566,720575941583644382,6,VNC_WTct_R,,DLM1,power
720575941505673566,720575941596050112,24,VNC_WTct_R,,DLM5,power
720575941505673566,720575941597489344,3,VNC_WTct_R,,DVM1A,power
720575941505673566,720575941640465439,8,VNC_WTct_R,,DLM1,power
720575941505673566,720575941645403000,17,VNC_WTct_R,,DLM1,power
720575941505673566,720575941655597785,8,VNC_WTct_R,,b2,steering
720575941505673566,720575941732789547,8,VNC_HTct_R,,hg2,steering
720575941505673566,720575941732789547,7,VNC_WTct_R,,hg2,steering
720575941505929506,720575941533190337,3,VNC_WTct_R,,DLM1,power
720575941505929506,720575941555120612,3,VNC_HTct_L,,unknown,unknown
720575941505929506,720575941569529458,3,VNC_HTct_L,,unknown,unknown
720575941505929506,720575941569529458,5,VNC_WTct_L,,unknown,unknown
720575941505929506,720575941569529458,5,VNC_WTct_R,,unknown,unknown
720575941505929506,720575941643100754,4,VNC_HTct_L,,ps1,steering
720575941505929506,720575941643100754,6,VNC_WTct_R,,ps1,steering
720575941505929506,720575941645041313,3,VNC_HTct_L,,ps1,steering
720575941506310821,720575941624155644,3,VNC_HTct_L,,b2,steering
720575941506310821,720575941624155644,3,VNC_WTct_L,,b2,steering
720575941506310821,720575941640465439,4,VNC_WTct_L,,DLM1,power
720575941506628225,720575941655597785,7,VNC_IntTct_R,,b2,steering
720575941507073303,720575941468897856,7,VNC_LTct_R,,i1,steering
720575941507568709,720575941474574132,4,VNC_IntTct_R,,b3,steering
720575941507568709,720575941474574132,4,VNC_NTct_R,,b3,steering
720575941507568709,720575941513173763,25,VNC_HTct_R,,hg4,steering
720575941507568709,720575941513173763,5,VNC_IntTct_R,,hg4,steering
720575941507568709,720575941513173763,15,VNC_NTct_R,,hg4,steering
720575941507568709,720575941513173763,7,VNC_WTct_R,,hg4,steering
720575941507568709,720575941516770670,3,VNC_HTct_R,,iii4,steering
720575941507568709,720575941516770670,4,VNC_IntTct_R,,iii4,steering
720575941507568709,720575941580669817,9,VNC_HTct_R,,hg1,steering
720575941507568709,720575941580669817,5,VNC_IntTct_R,,hg1,steering
720575941507568709,720575941580669817,3,VNC_WTct_R,,hg1,steering
720575941507724929,720575941513173763,5,VNC_NTct_R,,hg4,steering
720575941508261922,720575941645041313,8,VNC_NTct_R,,ps1,steering
720575941508375390,720575941479658831,4,VNC_IntTct_L,,hg2,steering
720575941508375390,720575941479658831,6,VNC_IntTct_R,,hg2,steering
720575941508375390,720575941479658831,5,VNC_LTct_R,,hg2,steering
720575941508375390,720575941479658831,3,VNC_WTct_R,,hg2,steering
720575941508375390,720575941479658831,3,VNC_unassigned_L,,hg2,steering
720575941508375390,720575941732789547,3,VNC_HTct_L,,hg2,steering
720575941508375390,720575941732789547,3,VNC_HTct_R,,hg2,steering
720575941508375390,720575941732789547,8,VNC_IntTct_R,,hg2,steering
720575941508375390,720575941732789547,4,VNC_WTct_L,,hg2,steering
720575941508492417,720575941468897856,8,VNC_IntTct_R,,i1,steering
720575941508492417,720575941474574132,6,VNC_IntTct_R,,b3,steering
720575941509010305,720575941475745898,10,VNC_IntTct_R,,i2,steering
720575941509010305,720575941655597785,10,VNC_IntTct_R,,b2,steering
720575941510475536,720575941456201887,11,VNC_HTct_L,,hg1,steering
720575941510475536,720575941456201887,4,VNC_WTct_L,,hg1,steering
720575941510475536,720575941459347411,3,VNC_WTct_L,,iii4,steering
720575941510475536,720575941630940642,3,VNC_HTct_L,,hg4,steering
720575941510642192,720575941468897856,10,VNC_HTct_R,,i1,steering
720575941510642192,720575941468897856,5,VNC_IntTct_R,,i1,steering
720575941510642192,720575941468897856,3,VNC_WTct_R,,i1,steering
720575941510642192,720575941474574132,8,VNC_HTct_R,,b3,steering
720575941510642192,720575941474574132,5,VNC_WTct_R,,b3,steering
720575941510642192,720575941475745898,11,VNC_HTct_R,,i2,steering
720575941510642192,720575941475745898,8,VNC_IntTct_L,,i2,steering
720575941510642192,720575941475745898,20,VNC_IntTct_R,,i2,steering
720575941510642192,720575941475745898,3,VNC_LTct_L,,i2,steering
720575941510642192,720575941475745898,9,VNC_WTct_L,,i2,steering
720575941510642192,720575941475745898,33,VNC_WTct_R,,i2,steering
720575941510642192,720575941475745898,3,VNC_unassigned_R,,i2,steering
720575941510642192,720575941542412805,11,VNC_HTct_L,,b3,steering
720575941510642192,720575941542412805,21,VNC_WTct_L,,b3,steering
720575941510642192,720575941547315060,10,VNC_IntTct_L,,i1,steering
720575941510642192,720575941547315060,3,VNC_WTct_L,,i1,steering
720575941510642192,720575941547394081,25,VNC_HTct_L,,i2,steering
720575941510642192,720575941547394081,3,VNC_HTct_R,,i2,steering
720575941510642192,720575941547394081,18,VNC_IntTct_L,,i2,steering
720575941510642192,720575941547394081,6,VNC_IntTct_R,,i2,steering
720575941510642192,720575941547394081,3,VNC_LTct_L,,i2,steering
720575941510642192,720575941547394081,7,VNC_NTct_L,,i2,steering
720575941510642192,720575941547394081,65,VNC_WTct_L,,i2,steering
720575941510642192,720575941547394081,5,VNC_WTct_R,,i2,steering
720575941511336402,720575941513173763,19,VNC_HTct_R,,hg4,steering
720575941511336402,720575941513173763,5,VNC_IntTct_R,,hg4,steering
720575941511336402,720575941513173763,9,VNC_NTct_R,,hg4,steering
720575941511336402,720575941513173763,8,VNC_WTct_R,,hg4,steering
720575941511336402,720575941516770670,8,VNC_WTct_R,,iii4,steering
720575941511336402,720575941580669817,24,VNC_HTct_R,,hg1,steering
720575941511336402,720575941580669817,9,VNC_IntTct_R,,hg1,steering
720575941511336402,720575941580669817,26,VNC_WTct_R,,hg1,steering
720575941511336402,720575941655597785,4,VNC_IntTct_R,,b2,steering
720575941511336402,720575941655597785,7,VNC_WTct_R,,b2,steering
720575941511473996,720575941547394081,5,VNC_IntTct_L,,i2,steering
720575941511473996,720575941624155644,12,VNC_IntTct_L,,b2,steering
720575941513419619,720575941655597785,4,VNC_IntTct_R,,b2,steering
720575941513419619,720575941655597785,4,VNC_WTct_R,,b2,steering
720575941513808849,720575941476080948,4,VNC_WTct_L,,unknown,unknown
720575941513808849,720575941507955269,4,VNC_WTct_L,,DLM1,power
720575941513808849,720575941519783640,4,VNC_WTct_L,,DLM1,power
720575941513808849,720575941534583786,4,VNC_WTct_L,,DLM5,power
720575941513808849,720575941565105206,3,VNC_unassigned_L,,DVM1A,power
720575941513808849,720575941614289683,6,VNC_unassigned_L,,DVM3A,power
720575941513808849,720575941640465439,3,VNC_NTct_L,,DLM1,power
720575941513808849,720575941640465439,3,VNC_unassigned_L,,DLM1,power
720575941513808849,720575941645403000,7,VNC_NTct_L,,DLM1,power
720575941513942106,720575941468897856,4,VNC_IntTct_R,,i1,steering
720575941513981433,720575941476080948,5,VNC_WTct_L,,unknown,unknown
720575941513981433,720575941645041313,3,VNC_NTct_L,,ps1,steering
720575941513981433,720575941645041313,6,VNC_WTct_L,,ps1,steering
720575941514358675,720575941542412805,3,VNC_IntTct_L,,b3,steering
720575941514530892,720575941597489344,6,VNC_WTct_R,,DVM1A,power
720575941514530892,720575941688499212,6,VNC_WTct_R,,unknown,unknown
720575941514949881,720575941630940642,4,VNC_NTct_L,,hg4,steering
720575941515619427,720575941479034563,7,VNC_WTct_R,,DLM1,power
720575941515619427,720575941533190337,5,VNC_WTct_R,,DLM1,power
720575941515619427,720575941597489344,3,VNC_IntTct_R,,DVM1A,power
720575941515619427,720575941603635190,3,VNC_IntTct_R,,DVM1A,power
720575941515619427,720575941603635190,3,VNC_WTct_R,,DVM1A,power
720575941515619427,720575941643100754,3,VNC_WTct_R,,ps1,steering
720575941515944803,720575941489673420,8,VNC_WTct_L,,iii1,steering
720575941515972698,720575941547315060,5,VNC_IntTct_L,,i1,steering
720575941515972698,720575941547394081,6,VNC_IntTct_L,,i2,steering
720575941515972698,720575941547394081,4,VNC_WTct_L,,i2,steering
720575941516764819,720575941476080948,11,VNC_HTct_L,,unknown,unknown
720575941516764819,720575941643100754,3,VNC_HTct_L,,ps1,steering
720575941516764819,720575941643100754,4,VNC_WTct_R,,ps1,steering
720575941516764819,720575941645041313,6,VNC_HTct_L,,ps1,steering
720575941516764819,720575941669019635,6,VNC_HTct_L,,unknown,unknown
720575941516764819,720575941669019635,4,VNC_WTct_L,,unknown,unknown
720575941519866840,720575941513173763,5,VNC_NTct_R,,hg4,steering
720575941519866840,720575941630940642,4,VNC_NTct_L,,hg4,steering
720575941521274551,720575941459347411,5,VNC_WTct_L,,iii4,steering
720575941521274551,720575941501027819,5,VNC_T2_MesoNm_L,,unknown,unknown
720575941521282739,720575941474595370,4,VNC_NTct_L,,unknown,unknown
720575941521340087,720575941456201887,3,VNC_NTct_L,,hg1,steering
720575941521340087,720575941479658831,4,VNC_IntTct_L,,hg2,steering
720575941521340087,720575941542412805,5,VNC_IntTct_L,,b3,steering
720575941521369523,720575941630940642,5,VNC_NTct_L,,hg4,steering
720575941522739275,720575941474574132,9,VNC_NTct_R,,b3,steering
720575941523074295,720575941474574132,4,VNC_HTct_R,,b3,steering
720575941523074295,720575941474574132,5,VNC_NTct_R,,b3,steering
720575941523099127,720575941463144336,21,VNC_WTct_R,,DLM1,power
720575941523099127,720575941468288375,4,VNC_HTct_R,,hg3,steering
720575941523099127,720575941468288375,7,VNC_NTct_R,,hg3,steering
720575941523099127,720575941479034563,15,VNC_WTct_R,,DLM1,power
720575941523099127,720575941483845954,5,VNC_HTct_R,,hg3,steering
720575941523099127,720575941483845954,7,VNC_NTct_R,,hg3,steering
720575941523099127,720575941483845954,3,VNC_WTct_R,,hg3,steering
720575941523099127,720575941483845954,3,VNC_unassigned_R,,hg3,steering
720575941523099127,720575941507955269,19,VNC_WTct_R,,DLM1,power
720575941523099127,720575941519783640,11,VNC_WTct_R,,DLM1,power
720575941523099127,720575941533190337,33,VNC_WTct_R,,DLM1,power
720575941523099127,720575941534583786,24,VNC_WTct_R,,DLM5,power
720575941523099127,720575941583644382,6,VNC_HTct_R,,DLM1,power
720575941523099127,720575941583644382,34,VNC_WTct_R,,DLM1,power
720575941523099127,720575941596050112,3,VNC_HTct_R,,DLM5,power
720575941523099127,720575941596050112,33,VNC_WTct_R,,DLM5,power
720575941523099127,720575941640465439,11,VNC_WTct_R,,DLM1,power
720575941523099127,720575941645403000,7,VNC_WTct_R,,DLM1,power
720575941523099127,720575941732789547,7,VNC_HTct_R,,hg2,steering
720575941526676045,720575941507955269,3,VNC_unassigned_L,,DLM1,power
720575941526676045,720575941534583786,13,VNC_unassigned_L,,DLM5,power
720575941526676301,720575941474574132,3,VNC_IntTct_R,,b3,steering
720575941526954498,720575941463144336,5,VNC_WTct_R,,DLM1,power
720575941526954498,720575941479034563,9,VNC_WTct_R,,DLM1,power
720575941526954498,720575941507955269,4,VNC_WTct_R,,DLM1,power
720575941526954498,720575941533190337,7,VNC_WTct_R,,DLM1,power
720575941526954498,720575941534583786,4,VNC_WTct_R,,DLM5,power
720575941526954498,720575941583644382,4,VNC_WTct_R,,DLM1,power
720575941526954498,720575941596050112,10,VNC_WTct_R,,DLM5,power
720575941526954498,720575941645403000,3,VNC_IntTct_R,,DLM1,power
720575941526954498,720575941645403000,4,VNC_WTct_L,,DLM1,power
720575941526954498,720575941645403000,9,VNC_WTct_R,,DLM1,power
720575941527162905,720575941456201887,3,VNC_IntTct_L,,hg1,steering
720575941527162905,720575941521196211,6,VNC_IntTct_L,,b1,steering
720575941527162905,720575941569529458,3,VNC_T2_MesoNm_L,,unknown,unknown
720575941527162905,720575941624155644,21,VNC_IntTct_L,,b2,steering
720575941527162905,720575941624155644,13,VNC_WTct_L,,b2,steering
720575941527162905,720575941645041313,5,VNC_T2_MesoNm_L,,ps1,steering
720575941527162905,720575941645041313,3,VNC_WTct_L,,ps1,steering
720575941528109222,720575941688499212,3,VNC_T2_MesoNm_R,,unknown,unknown
720575941528320952,720575941501027819,13,VNC_T2_MesoNm_L,,unknown,unknown
720575941528849848,720575941475745898,21,VNC_IntTct_R,,i2,steering
720575941530466488,720575941547394081,6,VNC_IntTct_L,,i2,steering
720575941531918565,720575941630940642,7,VNC_HTct_L,,hg4,steering
720575941531918565,720575941630940642,8,VNC_NTct_L,,hg4,steering
720575941532728195,720575941456201887,4,VNC_HTct_L,,hg1,steering
720575941532728195,720575941456201887,6,VNC_WTct_L,,hg1,steering
720575941532728195,720575941459347411,3,VNC_WTct_L,,iii4,steering
720575941532728195,720575941468288375,5,VNC_HTct_R,,hg3,steering
720575941532728195,720575941468288375,3,VNC_NTct_R,,hg3,steering
720575941532728195,720575941468288375,7,VNC_WTct_L,,hg3,steering
720575941532728195,720575941468288375,9,VNC_WTct_R,,hg3,steering
720575941532728195,720575941479658831,5,VNC_HTct_R,,hg2,steering
720575941532728195,720575941479658831,4,VNC_WTct_L,,hg2,steering
720575941532728195,720575941479658831,4,VNC_WTct_R,,hg2,steering
720575941532728195,720575941483845954,5,VNC_HTct_L,,hg3,steering
720575941532728195,720575941483845954,3,VNC_HTct_R,,hg3,steering
720575941532728195,720575941483845954,9,VNC_WTct_L,,hg3,steering
720575941532728195,720575941483845954,3,VNC_WTct_R,,hg3,steering
720575941532728195,720575941507955269,5,VNC_WTct_R,,DLM1,power
720575941532728195,720575941513173763,3,VNC_WTct_R,,hg4,steering
720575941532728195,720575941519783640,3,VNC_IntTct_R,,DLM1,power
720575941532728195,720575941519783640,3,VNC_WTct_L,,DLM1,power
720575941532728195,720575941519783640,4,VNC_WTct_R,,DLM1,power
720575941532728195,720575941521196211,4,VNC_WTct_R,,b1,steering
720575941532728195,720575941533190337,3,VNC_IntTct_R,,DLM1,power
720575941532728195,720575941533190337,4,VNC_WTct_R,,DLM1,power
720575941532728195,720575941549822781,7,VNC_WTct_R,,b1,steering
720575941532728195,720575941580669817,11,VNC_HTct_R,,hg1,steering
720575941532728195,720575941580669817,13,VNC_WTct_R,,hg1,steering
720575941532728195,720575941596050112,5,VNC_WTct_R,,DLM5,power
720575941532728195,720575941624155644,3,VNC_HTct_L,,b2,steering
720575941532728195,720575941624155644,7,VNC_WTct_L,,b2,steering
720575941532728195,720575941630940642,10,VNC_HTct_L,,hg4,steering
720575941532728195,720575941630940642,3,VNC_NTct_L,,hg4,steering
720575941532728195,720575941630940642,3,VNC_WTct_L,,hg4,steering
720575941532728195,720575941640465439,3,VNC_WTct_L,,DLM1,power
720575941532728195,720575941645041313,4,VNC_HTct_L,,ps1,steering
720575941532728195,720575941655597785,3,VNC_HTct_R,,b2,steering
720575941532728195,720575941655597785,4,VNC_IntTct_R,,b2,steering
720575941532728195,720575941655597785,12,VNC_WTct_R,,b2,steering
720575941532728195,720575941732789547,4,VNC_HTct_L,,hg2,steering
720575941532728195,720575941732789547,9,VNC_WTct_R,,hg2,steering
720575941532728195,720575941732789547,4,VNC_unassigned_R,,hg2,steering
720575941533704067,720575941459347411,5,VNC_HTct_L,,iii4,steering
720575941533704067,720575941459347411,4,VNC_WTct_L,,iii4,steering
720575941533704067,720575941463144336,4,VNC_NTct_R,,DLM1,power
720575941533704067,720575941463144336,6,VNC_WTct_L,,DLM1,power
720575941533704067,720575941463144336,24,VNC_WTct_R,,DLM1,power
720575941533704067,720575941468288375,3,VNC_WTct_R,,hg3,steering
720575941533704067,720575941472734048,19,VNC_WTct_R,,DVM1A,power
720575941533704067,720575941479034563,7,VNC_WTct_L,,DLM1,power
720575941533704067,720575941479034563,30,VNC_WTct_R,,DLM1,power
720575941533704067,720575941487139138,12,VNC_WTct_R,,DVM3A,power
720575941533704067,720575941499558369,7,VNC_WTct_R,,DVM3A,power
720575941533704067,720575941507955269,18,VNC_WTct_L,,DLM1,power
720575941533704067,720575941507955269,17,VNC_WTct_R,,DLM1,power
720575941533704067,720575941507955269,5,VNC_unassigned_L,,DLM1,power
720575941533704067,720575941513173763,3,VNC_HTct_R,,hg4,steering
720575941533704067,720575941519783640,14,VNC_WTct_L,,DLM1,power
720575941533704067,720575941519783640,5,VNC_unassigned_L,,DLM1,power
720575941533704067,720575941530190027,10,VNC_WTct_R,,DVM2A,power
720575941533704067,720575941533190337,3,VNC_HTct_L,,DLM1,power
720575941533704067,720575941533190337,7,VNC_WTct_L,,DLM1,power
720575941533704067,720575941533190337,35,VNC_WTct_R,,DLM1,power
720575941533704067,720575941533190337,3,VNC_unassigned_R,,DLM1,power
720575941533704067,720575941534583786,4,VNC_IntTct_R,,DLM5,power
720575941533704067,720575941534583786,23,VNC_WTct_L,,DLM5,power
720575941533704067,720575941534583786,3,VNC_WTct_R,,DLM5,power
720575941533704067,720575941542328837,3,VNC_HTct_L,,DVM2A,power
720575941533704067,720575941542328837,3,VNC_WTct_L,,DVM2A,power
720575941533704067,720575941555120612,8,VNC_HTct_L,,unknown,unknown
720575941533704067,720575941555120612,20,VNC_HTct_R,,unknown,unknown
720575941533704067,720575941555120612,5,VNC_WTct_L,,unknown,unknown
720575941533704067,720575941555120612,11,VNC_WTct_R,,unknown,unknown
720575941533704067,720575941560383347,15,VNC_WTct_L,,DVM1A,power
720575941533704067,720575941565105206,6,VNC_WTct_L,,DVM1A,power
720575941533704067,720575941566847847,6,VNC_WTct_L,,DVM1A,power
720575941533704067,720575941569529458,16,VNC_HTct_L,,unknown,unknown
720575941533704067,720575941569529458,11,VNC_HTct_R,,unknown,unknown
720575941533704067,720575941569529458,14,VNC_WTct_L,,unknown,unknown
720575941533704067,720575941569529458,27,VNC_WTct_R,,unknown,unknown
720575941533704067,720575941569529458,5,VNC_unassigned_L,,unknown,unknown
720575941533704067,720575941573368719,9,VNC_WTct_L,,DVM2A,power
720575941533704067,720575941583644382,6,VNC_WTct_L,,DLM1,power
720575941533704067,720575941583644382,42,VNC_WTct_R,,DLM1,power
720575941533704067,720575941590220684,6,VNC_WTct_L,,DVM3A,power
720575941533704067,720575941596050112,7,VNC_WTct_L,,DLM5,power
720575941533704067,720575941596050112,24,VNC_WTct_R,,DLM5,power
720575941533704067,720575941597489344,17,VNC_WTct_R,,DVM1A,power
720575941533704067,720575941603635190,22,VNC_WTct_R,,DVM1A,power
720575941533704067,720575941614289683,6,VNC_WTct_L,,DVM3A,power
720575941533704067,720575941624155644,3,VNC_WTct_L,,b2,steering
720575941533704067,720575941624985226,3,VNC_HTct_R,,DVM2A,power
720575941533704067,720575941624985226,8,VNC_WTct_R,,DVM2A,power
720575941533704067,720575941630940642,3,VNC_HTct_L,,hg4,steering
720575941533704067,720575941640465439,3,VNC_HTct_L,,DLM1,power
720575941533704067,720575941640465439,13,VNC_WTct_L,,DLM1,power
720575941533704067,720575941640465439,10,VNC_WTct_R,,DLM1,power
720575941533704067,720575941643100754,22,VNC_HTct_L,,ps1,steering
720575941533704067,720575941643100754,30,VNC_HTct_R,,ps1,steering
720575941533704067,720575941643100754,8,VNC_WTct_L,,ps1,steering
720575941533704067,720575941643100754,34,VNC_WTct_R,,ps1,steering
720575941533704067,720575941643100754,5,VNC_unassigned_R,,ps1,steering
720575941533704067,720575941645041313,13,VNC_HTct_L,,ps1,steering
720575941533704067,720575941645041313,19,VNC_HTct_R,,ps1,steering
720575941533704067,720575941645041313,28,VNC_WTct_L,,ps1,steering
720575941533704067,720575941645041313,12,VNC_WTct_R,,ps1,steering
720575941533704067,720575941645403000,3,VNC_HTct_L,,DLM1,power
720575941533704067,720575941645403000,31,VNC_WTct_L,,DLM1,power
720575941533704067,720575941645403000,21,VNC_WTct_R,,DLM1,power
720575941533704067,720575941645403000,4,VNC_unassigned_L,,DLM1,power
720575941533704067,720575941655597785,5,VNC_WTct_R,,b2,steering
720575941533704067,720575941688499212,4,VNC_WTct_R,,unknown,unknown
720575941534222770,720575941474595370,3,VNC_HTct_L,,unknown,unknown
720575941534222770,720575941483845954,3,VNC_WTct_L,,hg3,steering
720575941534435338,720575941542412805,13,VNC_HTct_L,,b3,steering
720575941534435338,720575941542412805,9,VNC_IntTct_L,,b3,steering
720575941534435338,720575941542412805,4,VNC_WTct_L,,b3,steering
720575941534435338,720575941547394081,5,VNC_WTct_L,,i2,steering
720575941534800618,720575941474574132,6,VNC_NTct_R,,b3,steering
720575941535140362,720575941475745898,4,VNC_IntTct_R,,i2,steering
720575941535245034,720575941456201887,3,VNC_HTct_L,,hg1,steering
720575941535245034,720575941468288375,4,VNC_WTct_L,,hg3,steering
720575941535245034,720575941483845954,3,VNC_HTct_L,,hg3,steering
720575941535245034,720575941483845954,3,VNC_HTct_R,,hg3,steering
720575941535245034,720575941732789547,3,VNC_IntTct_R,,hg2,steering
720575941536778389,720575941463144336,6,VNC_WTct_L,,DLM1,power
720575941536778389,720575941519783640,3,VNC_WTct_L,,DLM1,power
720575941536778389,720575941534583786,8,VNC_WTct_L,,DLM5,power
720575941536778389,720575941732789547,7,VNC_HTct_L,,hg2,steering
720575941536972018,720575941458961604,3,VNC_WTct_R,,iii3,steering
720575941537583336,720575941476080948,10,VNC_IntTct_L,,unknown,unknown
720575941537583336,720575941476080948,3,VNC_unassigned_L,,unknown,unknown
720575941537703144,720575941456201887,18,VNC_HTct_L,,hg1,steering
720575941537703144,720575941456201887,4,VNC_IntTct_L,,hg1,steering
720575941537703144,720575941456201887,6,VNC_NTct_L,,hg1,steering
720575941537703144,720575941456201887,5,VNC_WTct_L,,hg1,steering
720575941537703144,720575941459347411,6,VNC_HTct_L,,iii4,steering
720575941537703144,720575941459347411,6,VNC_IntTct_L,,iii4,steering
720575941537703144,720575941630940642,24,VNC_HTct_L,,hg4,steering
720575941537703144,720575941630940642,12,VNC_NTct_L,,hg4,steering
720575941538209229,720575941513173763,5,VNC_NTct_R,,hg4,steering
720575941538221288,720575941555120612,4,VNC_WTct_R,,unknown,unknown
720575941538221288,720575941643100754,3,VNC_NTct_R,,ps1,steering
720575941538221288,720575941643100754,8,VNC_WTct_R,,ps1,steering
720575941538221288,720575941643100754,7,VNC_unassigned_R,,ps1,steering
720575941538221288,720575941669019635,3,VNC_NTct_R,,unknown,unknown
720575941538221288,720575941669019635,6,VNC_WTct_R,,unknown,unknown
720575941538255587,720575941479034563,3,VNC_WTct_R,,DLM1,power
720575941538255587,720575941519783640,3,VNC_WTct_L,,DLM1,power
720575941538255587,720575941533190337,9,VNC_WTct_R,,DLM1,power
720575941538255587,720575941555120612,3,VNC_WTct_R,,unknown,unknown
720575941538255587,720575941566847847,3,VNC_WTct_L,,DVM1A,power
720575941538255587,720575941566847847,3,VNC_WTct_R,,DVM1A,power
720575941538255587,720575941569529458,4,VNC_NTct_L,,unknown,unknown
720575941538255587,720575941583644382,6,VNC_WTct_R,,DLM1,power
720575941538255587,720575941624985226,4,VNC_WTct_R,,DVM2A,power
720575941538255587,720575941643100754,3,VNC_NTct_L,,ps1,steering
720575941538255587,720575941643100754,7,VNC_NTct_R,,ps1,steering
720575941538255587,720575941643100754,3,VNC_WTct_R,,ps1,steering
720575941538255587,720575941645041313,4,VNC_NTct_L,,ps1,steering
720575941539226866,720575941456201887,6,VNC_WTct_L,,hg1,steering
720575941539226866,720575941479658831,9,VNC_HTct_L,,hg2,steering
720575941539226866,720575941479658831,4,VNC_HTct_R,,hg2,steering
720575941539226866,720575941479658831,7,VNC_IntTct_L,,hg2,steering
720575941539226866,720575941479658831,11,VNC_IntTct_R,,hg2,steering
720575941539226866,720575941479658831,3,VNC_LTct_R,,hg2,steering
720575941539226866,720575941479658831,10,VNC_unassigned_R,,hg2,steering
720575941539226866,720575941580669817,4,VNC_HTct_R,,hg1,steering
720575941539226866,720575941732789547,9,VNC_HTct_R,,hg2,steering
720575941539226866,720575941732789547,8,VNC_IntTct_L,,hg2,steering
720575941539226866,720575941732789547,7,VNC_IntTct_R,,hg2,steering
720575941539226866,720575941732789547,4,VNC_NTct_R,,hg2,steering
720575941539226866,720575941732789547,3,VNC_unassigned_L,,hg2,steering
720575941539809997,720575941463144336,7,VNC_WTct_R,,DLM1,power
720575941539809997,720575941468897856,6,VNC_HTct_R,,i1,steering
720575941539809997,720575941468897856,6,VNC_WTct_R,,i1,steering
720575941539809997,720575941474574132,6,VNC_HTct_R,,b3,steering
720575941539809997,720575941474574132,6,VNC_IntTct_R,,b3,steering
720575941539809997,720575941474574132,15,VNC_WTct_R,,b3,steering
720575941539809997,720575941479034563,8,VNC_WTct_R,,DLM1,power
720575941539809997,720575941479658831,5,VNC_IntTct_R,,hg2,steering
720575941539809997,720575941519783640,3,VNC_WTct_R,,DLM1,power
720575941539809997,720575941534583786,4,VNC_WTct_R,,DLM5,power
720575941539809997,720575941555120612,9,VNC_HTct_R,,unknown,unknown
720575941539809997,720575941555120612,5,VNC_WTct_R,,unknown,unknown
720575941539809997,720575941569529458,18,VNC_HTct_R,,unknown,unknown
720575941539809997,720575941569529458,11,VNC_WTct_R,,unknown,unknown
720575941539809997,720575941580669817,3,VNC_WTct_R,,hg1,steering
720575941539809997,720575941596050112,7,VNC_WTct_R,,DLM5,power
720575941539809997,720575941603635190,7,VNC_WTct_R,,DVM1A,power
720575941539809997,720575941640465439,5,VNC_WTct_R,,DLM1,power
720575941539809997,720575941643100754,6,VNC_HTct_R,,ps1,steering
720575941539809997,720575941643100754,7,VNC_WTct_R,,ps1,steering
720575941539809997,720575941645041313,5,VNC_HTct_R,,ps1,steering
720575941539809997,720575941645403000,8,VNC_WTct_R,,DLM1,power
720575941540246364,720575941456201887,3,VNC_WTct_L,,hg1,steering
720575941540246364,720575941468288375,3,VNC_WTct_L,,hg3,steering
720575941540246364,720575941479658831,5,VNC_WTct_L,,hg2,steering
720575941540246364,720575941479658831,3,VNC_WTct_R,,hg2,steering
720575941540246364,720575941521196211,17,VNC_WTct_L,,b1,steering
720575941540246364,720575941521196211,4,VNC_WTct_R,,b1,steering
720575941540246364,720575941521196211,4,VNC_unassigned_L,,b1,steering
720575941540246364,720575941549822781,12,VNC_WTct_L,,b1,steering
720575941540246364,720575941549822781,36,VNC_WTct_R,,b1,steering
720575941540246364,720575941580669817,3,VNC_IntTct_R,,hg1,steering
720575941540246364,720575941624155644,4,VNC_HTct_L,,b2,steering
720575941540246364,720575941624155644,9,VNC_IntTct_L,,b2,steering
720575941540246364,720575941624155644,26,VNC_WTct_L,,b2,steering
720575941540246364,720575941655597785,9,VNC_IntTct_R,,b2,steering
720575941540246364,720575941655597785,14,VNC_WTct_R,,b2,steering
720575941540246364,720575941732789547,4,VNC_HTct_L,,hg2,steering
720575941540246364,720575941732789547,3,VNC_WTct_R,,hg2,steering
720575941542534236,720575941516770670,14,VNC_HTct_R,,iii4,steering
720575941542534236,720575941516770670,5,VNC_unassigned_R,,iii4,steering
720575941542534236,720575941555120612,3,VNC_HTct_R,,unknown,unknown
720575941542534236,720575941569529458,4,VNC_HTct_R,,unknown,unknown
720575941542534236,720575941580669817,3,VNC_HTct_R,,hg1,steering
720575941542534236,720575941597267356,3,VNC_WTct_R,,unknown,unknown
720575941542534236,720575941688499212,3,VNC_WTct_R,,unknown,unknown
720575941543045149,720575941542412805,3,VNC_HTct_L,,b3,steering
720575941543045149,720575941542412805,3,VNC_IntTct_L,,b3,steering
720575941543045149,720575941542412805,3,VNC_NTct_L,,b3,steering
720575941543045149,720575941547315060,3,VNC_WTct_L,,i1,steering
720575941543962629,720575941468288375,4,VNC_NTct_R,,hg3,steering
720575941543962629,720575941468288375,4,VNC_WTct_R,,hg3,steering
720575941543962629,720575941483845954,4,VNC_HTct_R,,hg3,steering
720575941543962629,720575941483845954,3,VNC_NTct_R,,hg3,steering
720575941543962629,720575941483845954,7,VNC_unassigned_R,,hg3,steering
720575941543962629,720575941513173763,4,VNC_NTct_R,,hg4,steering
720575941543962629,720575941580669817,3,VNC_HTct_R,,hg1,steering
720575941543962629,720575941580669817,3,VNC_WTct_R,,hg1,steering
720575941543962629,720575941732789547,4,VNC_NTct_R,,hg2,steering
720575941543962629,720575941732789547,13,VNC_unassigned_R,,hg2,steering
720575941545312005,720575941468897856,7,VNC_HTct_R,,i1,steering
720575941545312005,720575941474574132,13,VNC_HTct_R,,b3,steering
720575941545312005,720575941474574132,6,VNC_IntTct_R,,b3,steering
720575941545312005,720575941474574132,3,VNC_WTct_R,,b3,steering
720575941546194364,720575941542412805,3,VNC_IntTct_L,,b3,steering
720575941546446697,720575941474574132,4,VNC_HTct_R,,b3,steering
720575941546446697,720575941474574132,5,VNC_IntTct_R,,b3,steering
720575941546446697,720575941474574132,3,VNC_WTct_R,,b3,steering
720575941546446697,720575941475745898,3,VNC_IntTct_R,,i2,steering
720575941546446697,720575941475745898,9,VNC_WTct_R,,i2,steering
720575941546446697,720575941643100754,5,VNC_HTct_R,,ps1,steering
720575941546667452,720575941501027819,5,VNC_WTct_L,,unknown,unknown
720575941546668988,720575941472734048,4,VNC_WTct_R,,DVM1A,power
720575941546668988,720575941542328837,4,VNC_unassigned_L,,DVM2A,power
720575941546668988,720575941560383347,3,VNC_unassigned_L,,DVM1A,power
720575941546668988,720575941565105206,6,VNC_WTct_L,,DVM1A,power
720575941546668988,720575941566847847,12,VNC_WTct_L,,DVM1A,power
720575941546668988,720575941566847847,5,VNC_WTct_R,,DVM1A,power
720575941546668988,720575941590220684,3,VNC_unassigned_L,,DVM3A,power
720575941546668988,720575941597489344,12,VNC_WTct_R,,DVM1A,power
720575941547317940,720575941655597785,5,VNC_WTct_R,,b2,steering
720575941547452084,720575941489673420,7,VNC_IntTct_L,,iii1,steering
720575941547452084,720575941489673420,22,VNC_LTct_L,,iii1,steering
720575941547452084,720575941489673420,6,VNC_LTct_R,,iii1,steering
720575941547452084,720575941489673420,8,VNC_unassigned_R,,iii1,steering
720575941547452084,720575941629172716,3,VNC_IntTct_L,,iii1,steering
720575941547452084,720575941629172716,15,VNC_IntTct_R,,iii1,steering
720575941547452084,720575941629172716,8,VNC_LTct_L,,iii1,steering
720575941547452084,720575941629172716,29,VNC_LTct_R,,iii1,steering
720575941547452084,720575941629172716,5,VNC_unassigned_R,,iii1,steering
720575941548169608,720575941474574132,5,VNC_HTct_R,,b3,steering
720575941548169608,720575941474574132,20,VNC_IntTct_R,,b3,steering
720575941548169608,720575941580669817,3,VNC_HTct_R,,hg1,steering
720575941548169608,720575941580669817,5,VNC_IntTct_R,,hg1,steering
720575941549156980,720575941476080948,4,VNC_IntTct_L,,unknown,unknown
720575941549156980,720575941476080948,3,VNC_WTct_R,,unknown,unknown
720575941549156980,720575941630940642,5,VNC_NTct_L,,hg4,steering
720575941549156980,720575941643100754,3,VNC_WTct_R,,ps1,steering
720575941549156980,720575941669019635,3,VNC_HTct_R,,unknown,unknown
720575941549156980,720575941669019635,4,VNC_WTct_R,,unknown,unknown
720575941549490209,720575941476080948,5,VNC_WTct_R,,unknown,unknown
720575941549490209,720575941499558369,3,VNC_WTct_R,,DVM3A,power
720575941550165054,720575941630940642,10,VNC_NTct_L,,hg4,steering
720575941550196797,720575941516770670,20,VNC_IntTct_R,,iii4,steering
720575941550196797,720575941516770670,3,VNC_T2_MesoNm_R,,iii4,steering
720575941551948543,720575941456201887,4,VNC_HTct_L,,hg1,steering
720575941551948543,720575941456201887,4,VNC_WTct_L,,hg1,steering
720575941551948543,720575941468288375,3,VNC_HTct_R,,hg3,steering
720575941551948543,720575941479658831,3,VNC_HTct_L,,hg2,steering
720575941551948543,720575941479658831,4,VNC_HTct_R,,hg2,steering
720575941551948543,720575941479658831,7,VNC_IntTct_L,,hg2,steering
720575941551948543,720575941479658831,3,VNC_IntTct_R,,hg2,steering
720575941551948543,720575941479658831,4,VNC_LTct_L,,hg2,steering
720575941551948543,720575941479658831,5,VNC_NTct_L,,hg2,steering
720575941551948543,720575941479658831,3,VNC_WTct_R,,hg2,steering
720575941551948543,720575941479658831,4,VNC_unassigned_R,,hg2,steering
720575941551948543,720575941580669817,5,VNC_HTct_R,,hg1,steering
720575941551948543,720575941580669817,3,VNC_LTct_R,,hg1,steering
720575941551948543,720575941580669817,3,VNC_WTct_R,,hg1,steering
720575941551948543,720575941732789547,11,VNC_HTct_R,,hg2,steering
720575941551948543,720575941732789547,3,VNC_IntTct_L,,hg2,steering
720575941551948543,720575941732789547,7,VNC_IntTct_R,,hg2,steering
720575941551948543,720575941732789547,7,VNC_WTct_L,,hg2,steering
720575941551948543,720575941732789547,3,VNC_WTct_R,,hg2,steering
720575941552603966,720575941475745898,7,VNC_IntTct_R,,i2,steering
720575941552603966,720575941542412805,4,VNC_IntTct_L,,b3,steering
720575941552603966,720575941547394081,3,VNC_IntTct_L,,i2,steering
720575941552726407,720575941468897856,10,VNC_HTct_R,,i1,steering
720575941552726407,720575941468897856,12,VNC_IntTct_R,,i1,steering
720575941552726407,720575941468897856,6,VNC_WTct_R,,i1,steering
720575941552726407,720575941475745898,6,VNC_IntTct_R,,i2,steering
720575941552726407,720575941475745898,9,VNC_WTct_R,,i2,steering
720575941552863489,720575941630940642,3,VNC_NTct_L,,hg4,steering
720575941553786503,720575941547315060,5,VNC_IntTct_L,,i1,steering
720575941553985875,720575941533190337,3,VNC_NTct_R,,DLM1,power
720575941553985875,720575941566847847,4,VNC_WTct_L,,DVM1A,power
720575941553985875,720575941643100754,3,VNC_HTct_R,,ps1,steering
720575941553985875,720575941643100754,5,VNC_IntTct_R,,ps1,steering
720575941553985875,720575941643100754,14,VNC_WTct_L,,ps1,steering
720575941553985875,720575941643100754,3,VNC_WTct_R,,ps1,steering
720575941553985875,720575941643100754,3,VNC_unassigned_L,,ps1,steering
720575941553985875,720575941645041313,3,VNC_HTct_L,,ps1,steering
720575941553985875,720575941645041313,5,VNC_HTct_R,,ps1,steering
720575941553985875,720575941645041313,3,VNC_IntTct_L,,ps1,steering
720575941553985875,720575941645041313,3,VNC_NTct_R,,ps1,steering
720575941553985875,720575941645041313,7,VNC_WTct_L,,ps1,steering
720575941553985875,720575941645041313,6,VNC_unassigned_L,,ps1,steering
720575941553985875,720575941645041313,3,VNC_unassigned_R,,ps1,steering
720575941553985875,720575941645403000,3,VNC_IntTct_L,,DLM1,power
720575941556283876,720575941474595370,4,VNC_NTct_L,,unknown,unknown
720575941556870884,720575941583644382,4,VNC_WTct_R,,DLM1,power
720575941556870884,720575941596050112,3,VNC_NTct_R,,DLM5,power
720575941556870884,720575941596050112,3,VNC_WTct_R,,DLM5,power
720575941556870884,720575941643100754,6,VNC_WTct_R,,ps1,steering
720575941556870884,720575941645041313,3,VNC_IntTct_R,,ps1,steering
720575941556870884,720575941645041313,3,VNC_NTct_R,,ps1,steering
720575941556870884,720575941645041313,3,VNC_WTct_R,,ps1,steering
720575941557388708,720575941542412805,6,VNC_IntTct_L,,b3,steering
720575941557413284,720575941463144336,5,VNC_WTct_L,,DLM1,power
720575941557413284,720575941479034563,7,VNC_WTct_R,,DLM1,power
720575941557413284,720575941507955269,4,VNC_WTct_L,,DLM1,power
720575941557413284,720575941519783640,5,VNC_WTct_L,,DLM1,power
720575941557413284,720575941533190337,5,VNC_WTct_R,,DLM1,power
720575941557413284,720575941534583786,7,VNC_WTct_L,,DLM5,power
720575941557413284,720575941583644382,10,VNC_WTct_R,,DLM1,power
720575941557413284,720575941596050112,4,VNC_WTct_L,,DLM5,power
720575941557413284,720575941596050112,5,VNC_WTct_R,,DLM5,power
720575941557413284,720575941640465439,5,VNC_WTct_L,,DLM1,power
720575941557413284,720575941645403000,3,VNC_NTct_L,,DLM1,power
720575941557413284,720575941645403000,13,VNC_WTct_L,,DLM1,power
720575941558599972,720575941472734048,4,VNC_IntTct_R,,DVM1A,power
720575941558599972,720575941472734048,6,VNC_WTct_R,,DVM1A,power
720575941558599972,720575941507955269,3,VNC_WTct_R,,DLM1,power
720575941558599972,720575941597489344,4,VNC_WTct_R,,DVM1A,power
720575941558599972,720575941603635190,7,VNC_WTct_R,,DVM1A,power
720575941558607396,720575941463144336,10,VNC_WTct_L,,DLM1,power
720575941558607396,720575941479034563,11,VNC_WTct_L,,DLM1,power
720575941558607396,720575941479034563,9,VNC_WTct_R,,DLM1,power
720575941558607396,720575941479658831,4,VNC_IntTct_L,,hg2,steering
720575941558607396,720575941479658831,4,VNC_WTct_L,,hg2,steering
720575941558607396,720575941487139138,4,VNC_WTct_L,,DVM3A,power
720575941558607396,720575941507955269,5,VNC_WTct_L,,DLM1,power
720575941558607396,720575941519783640,4,VNC_WTct_L,,DLM1,power
720575941558607396,720575941533190337,3,VNC_WTct_L,,DLM1,power
720575941558607396,720575941534583786,11,VNC_WTct_L,,DLM5,power
720575941558607396,720575941534583786,3,VNC_WTct_R,,DLM5,power
720575941558607396,720575941542412805,3,VNC_HTct_L,,b3,steering
720575941558607396,720575941542412805,12,VNC_WTct_L,,b3,steering
720575941558607396,720575941547315060,4,VNC_IntTct_L,,i1,steering
720575941558607396,720575941547315060,5,VNC_WTct_L,,i1,steering
720575941558607396,720575941555120612,8,VNC_HTct_L,,unknown,unknown
720575941558607396,720575941555120612,8,VNC_WTct_L,,unknown,unknown
720575941558607396,720575941569529458,8,VNC_HTct_L,,unknown,unknown
720575941558607396,720575941569529458,15,VNC_WTct_L,,unknown,unknown
720575941558607396,720575941569529458,4,VNC_WTct_R,,unknown,unknown
720575941558607396,720575941583644382,3,VNC_WTct_L,,DLM1,power
720575941558607396,720575941596050112,9,VNC_WTct_L,,DLM5,power
720575941558607396,720575941603635190,4,VNC_WTct_R,,DVM1A,power
720575941558607396,720575941640465439,9,VNC_WTct_L,,DLM1,power
720575941558607396,720575941640465439,3,VNC_WTct_R,,DLM1,power
720575941558607396,720575941643100754,5,VNC_HTct_L,,ps1,steering
720575941558607396,720575941643100754,4,VNC_WTct_L,,ps1,steering
720575941558607396,720575941645041313,10,VNC_HTct_L,,ps1,steering
720575941558607396,720575941645041313,10,VNC_WTct_L,,ps1,steering
720575941558607396,720575941645403000,20,VNC_WTct_L,,DLM1,power
720575941558607396,720575941645403000,5,VNC_WTct_R,,DLM1,power
720575941559022381,720575941624155644,3,VNC_IntTct_L,,b2,steering
720575941559104813,720575941487139138,3,VNC_WTct_L,,DVM3A,power
720575941559104813,720575941519783640,3,VNC_WTct_L,,DLM1,power
720575941559104813,720575941643100754,3,VNC_HTct_L,,ps1,steering
720575941559104813,720575941645041313,4,VNC_NTct_L,,ps1,steering
720575941559205933,720575941456201887,6,VNC_HTct_L,,hg1,steering
720575941559205933,720575941456201887,5,VNC_NTct_L,,hg1,steering
720575941559205933,720575941456201887,4,VNC_WTct_L,,hg1,steering
720575941559205933,720575941459347411,3,VNC_WTct_L,,iii4,steering
720575941559205933,720575941468288375,8,VNC_NTct_L,,hg3,steering
720575941559205933,720575941479658831,3,VNC_HTct_L,,hg2,steering
720575941559205933,720575941479658831,3,VNC_NTct_L,,hg2,steering
720575941559205933,720575941479658831,3,VNC_WTct_L,,hg2,steering
720575941559205933,720575941483845954,3,VNC_NTct_L,,hg3,steering
720575941559205933,720575941630940642,9,VNC_NTct_L,,hg4,steering
720575941560503155,720575941547315060,7,VNC_IntTct_L,,i1,steering
720575941560503155,720575941547394081,4,VNC_IntTct_L,,i2,steering
720575941560503155,720575941547394081,5,VNC_WTct_L,,i2,steering
720575941560597775,720575941569529458,4,VNC_WTct_L,,unknown,unknown
720575941560597775,720575941643100754,4,VNC_HTct_L,,ps1,steering
720575941560597775,720575941643100754,4,VNC_WTct_L,,ps1,steering
720575941560597775,720575941645041313,3,VNC_HTct_L,,ps1,steering
720575941561743872,720575941630940642,3,VNC_T2_MesoNm_L,,hg4,steering
720575941562059176,720575941463144336,4,VNC_WTct_R,,DLM1,power
720575941562059176,720575941468897856,6,VNC_WTct_R,,i1,steering
720575941562059176,720575941479658831,7,VNC_IntTct_R,,hg2,steering
720575941562059176,720575941479658831,5,VNC_WTct_R,,hg2,steering
720575941562059176,720575941519783640,3,VNC_WTct_R,,DLM1,power
720575941562059176,720575941533190337,8,VNC_WTct_R,,DLM1,power
720575941562059176,720575941534583786,4,VNC_WTct_R,,DLM5,power
720575941562059176,720575941580669817,3,VNC_HTct_R,,hg1,steering
720575941562059176,720575941580669817,3,VNC_WTct_R,,hg1,steering
720575941562059176,720575941596050112,5,VNC_WTct_R,,DLM5,power
720575941562059176,720575941640465439,7,VNC_WTct_R,,DLM1,power
720575941562059176,720575941655597785,3,VNC_IntTct_R,,b2,steering
720575941562059176,720575941655597785,9,VNC_WTct_R,,b2,steering
720575941562059176,720575941732789547,4,VNC_HTct_R,,hg2,steering
720575941562059176,720575941732789547,9,VNC_IntTct_R,,hg2,steering
720575941562059176,720575941732789547,7,VNC_WTct_R,,hg2,steering
720575941562192429,720575941475745898,7,VNC_IntTct_R,,i2,steering
720575941562192429,720575941655597785,8,VNC_IntTct_R,,b2,steering
720575941562981522,720575941547394081,4,VNC_IntTct_L,,i2,steering
720575941563183016,720575941476080948,6,VNC_unassigned_L,,unknown,unknown
720575941563183016,720575941489673420,3,VNC_unassigned_L,,iii1,steering
720575941563183016,720575941519783640,10,VNC_WTct_L,,DLM1,power
720575941563183016,720575941569529458,3,VNC_T2_MesoNm_L,,unknown,unknown
720575941563183016,720575941569529458,26,VNC_WTct_L,,unknown,unknown
720575941563183016,720575941569529458,22,VNC_unassigned_L,,unknown,unknown
720575941563183016,720575941614289683,3,VNC_NTct_L,,DVM3A,power
720575941563183016,720575941614289683,6,VNC_WTct_L,,DVM3A,power
720575941563183016,720575941640465439,8,VNC_WTct_L,,DLM1,power
720575941563183016,720575941645041313,4,VNC_NTct_L,,ps1,steering
720575941563183016,720575941645041313,15,VNC_T2_MesoNm_L,,ps1,steering
720575941563183016,720575941645041313,25,VNC_WTct_L,,ps1,steering
720575941563183016,720575941645041313,45,VNC_unassigned_L,,ps1,steering
720575941563183016,720575941645403000,4,VNC_unassigned_L,,DLM1,power
720575941563218944,720575941479658831,12,VNC_IntTct_R,,hg2,steering
720575941563218944,720575941479658831,3,VNC_WTct_R,,hg2,steering
720575941563218944,720575941479658831,3,VNC_unassigned_R,,hg2,steering
720575941563218944,720575941580669817,7,VNC_HTct_R,,hg1,steering
720575941563218944,720575941580669817,8,VNC_IntTct_R,,hg1,steering
720575941563218944,720575941580669817,4,VNC_WTct_R,,hg1,steering
720575941563218944,720575941732789547,3,VNC_IntTct_R,,hg2,steering
720575941563218944,720575941732789547,12,VNC_NTct_R,,hg2,steering
720575941563391383,720575941479658831,5,VNC_IntTct_L,,hg2,steering
720575941563391383,720575941479658831,7,VNC_WTct_L,,hg2,steering
720575941563391383,720575941507955269,6,VNC_WTct_L,,DLM1,power
720575941563391383,720575941519783640,4,VNC_WTct_L,,DLM1,power
720575941563391383,720575941534583786,8,VNC_WTct_L,,DLM5,power
720575941563391383,720575941547315060,5,VNC_WTct_L,,i1,steering
720575941563391383,720575941624155644,5,VNC_WTct_L,,b2,steering
720575941563391383,720575941640465439,4,VNC_WTct_L,,DLM1,power
720575941563391383,720575941645403000,4,VNC_WTct_L,,DLM1,power
720575941563391383,720575941732789547,9,VNC_HTct_L,,hg2,steering
720575941563391383,720575941732789547,6,VNC_IntTct_L,,hg2,steering
720575941565245794,720575941547394081,4,VNC_IntTct_L,,i2,steering
720575941566309174,720575941468897856,11,VNC_IntTct_R,,i1,steering
720575941566309174,720575941468897856,3,VNC_WTct_R,,i1,steering
720575941566309174,720575941474574132,3,VNC_IntTct_R,,b3,steering
720575941566309174,720575941479658831,6,VNC_HTct_R,,hg2,steering
720575941566309174,720575941479658831,7,VNC_IntTct_R,,hg2,steering
720575941566309174,720575941580669817,8,VNC_HTct_R,,hg1,steering
720575941566309174,720575941580669817,5,VNC_WTct_R,,hg1,steering
720575941566309174,720575941732789547,5,VNC_IntTct_R,,hg2,steering
720575941567187962,720575941513173763,3,VNC_WTct_R,,hg4,steering
720575941568870770,720575941456201887,3,VNC_WTct_L,,hg1,steering
720575941568870770,720575941468897856,3,VNC_HTct_R,,i1,steering
720575941568870770,720575941468897856,11,VNC_WTct_R,,i1,steering
720575941568870770,720575941474574132,3,VNC_HTct_R,,b3,steering
720575941568870770,720575941474574132,8,VNC_WTct_R,,b3,steering
720575941568870770,720575941475745898,11,VNC_HTct_R,,i2,steering
720575941568870770,720575941475745898,9,VNC_IntTct_L,,i2,steering
720575941568870770,720575941475745898,17,VNC_IntTct_R,,i2,steering
720575941568870770,720575941475745898,6,VNC_LTct_L,,i2,steering
720575941568870770,720575941475745898,10,VNC_WTct_L,,i2,steering
720575941568870770,720575941475745898,46,VNC_WTct_R,,i2,steering
720575941568870770,720575941489673420,3,VNC_IntTct_R,,iii1,steering
720575941568870770,720575941489673420,3,VNC_LTct_R,,iii1,steering
720575941568870770,720575941542412805,6,VNC_HTct_L,,b3,steering
720575941568870770,720575941542412805,18,VNC_WTct_L,,b3,steering
720575941568870770,720575941547394081,12,VNC_HTct_L,,i2,steering
720575941568870770,720575941547394081,3,VNC_HTct_R,,i2,steering
720575941568870770,720575941547394081,14,VNC_IntTct_L,,i2,steering
720575941568870770,720575941547394081,6,VNC_IntTct_R,,i2,steering
720575941568870770,720575941547394081,6,VNC_LTct_L,,i2,steering
720575941568870770,720575941547394081,9,VNC_NTct_L,,i2,steering
720575941568870770,720575941547394081,33,VNC_WTct_L,,i2,steering
720575941568870770,720575941547394081,11,VNC_WTct_R,,i2,steering
720575941572471454,720575941499558369,4,VNC_unassigned_R,,DVM3A,power
720575941572471454,720575941533190337,10,VNC_unassigned_R,,DLM1,power
720575941572471454,720575941555120612,38,VNC_WTct_R,,unknown,unknown
720575941572471454,720575941555120612,13,VNC_unassigned_R,,unknown,unknown
720575941572471454,720575941569548402,3,VNC_unassigned_R,,unknown,unknown
720575941572471454,720575941629172716,7,VNC_WTct_R,,iii1,steering
720575941572471454,720575941643100754,15,VNC_T2_MesoNm_R,,ps1,steering
720575941572471454,720575941643100754,67,VNC_WTct_R,,ps1,steering
720575941572471454,720575941643100754,29,VNC_unassigned_R,,ps1,steering
720575941572471454,720575941669019635,3,VNC_WTct_R,,unknown,unknown
720575941572669342,720575941456201887,4,VNC_IntTct_L,,hg1,steering
720575941572669342,720575941624155644,8,VNC_IntTct_L,,b2,steering
720575941572669342,720575941624155644,3,VNC_WTct_L,,b2,steering
720575941572669342,720575941630940642,6,VNC_IntTct_L,,hg4,steering
720575941572669342,720575941630940642,4,VNC_T2_MesoNm_L,,hg4,steering
720575941572669342,720575941630940642,7,VNC_WTct_L,,hg4,steering
720575941572669342,720575941732789547,3,VNC_IntTct_L,,hg2,steering
720575941573417117,720575941542412805,5,VNC_NTct_L,,b3,steering
720575941574230523,720575941463144336,5,VNC_WTct_L,,DLM1,power
720575941574230523,720575941463144336,3,VNC_WTct_R,,DLM1,power
720575941574230523,720575941479034563,5,VNC_WTct_L,,DLM1,power
720575941574230523,720575941507955269,6,VNC_WTct_L,,DLM1,power
720575941574230523,720575941534583786,9,VNC_WTct_L,,DLM5,power
720575941574230523,720575941555120612,8,VNC_WTct_L,,unknown,unknown
720575941574230523,720575941565105206,4,VNC_WTct_L,,DVM1A,power
720575941574230523,720575941566847847,3,VNC_WTct_L,,DVM1A,power
720575941574230523,720575941569529458,4,VNC_NTct_L,,unknown,unknown
720575941574230523,720575941569529458,11,VNC_WTct_L,,unknown,unknown
720575941574230523,720575941569529458,5,VNC_WTct_R,,unknown,unknown
720575941574230523,720575941583644382,4,VNC_WTct_L,,DLM1,power
720575941574230523,720575941640465439,8,VNC_WTct_L,,DLM1,power
720575941574230523,720575941643100754,3,VNC_NTct_L,,ps1,steering
720575941574230523,720575941643100754,23,VNC_WTct_L,,ps1,steering
720575941574230523,720575941643100754,3,VNC_WTct_R,,ps1,steering
720575941574230523,720575941645041313,11,VNC_HTct_L,,ps1,steering
720575941574230523,720575941645041313,5,VNC_HTct_R,,ps1,steering
720575941574230523,720575941645041313,3,VNC_NTct_L,,ps1,steering
720575941574230523,720575941645041313,19,VNC_WTct_L,,ps1,steering
720575941574230523,720575941645403000,12,VNC_WTct_L,,DLM1,power
720575941574675869,720575941456201887,4,VNC_HTct_L,,hg1,steering
720575941574675869,720575941468288375,3,VNC_IntTct_R,,hg3,steering
720575941574675869,720575941468288375,5,VNC_WTct_L,,hg3,steering
720575941574675869,720575941468288375,5,VNC_unassigned_R,,hg3,steering
720575941574675869,720575941479658831,3,VNC_HTct_L,,hg2,steering
720575941574675869,720575941479658831,4,VNC_IntTct_R,,hg2,steering
720575941574675869,720575941479658831,4,VNC_NTct_L,,hg2,steering
720575941574675869,720575941580669817,3,VNC_WTct_R,,hg1,steering
720575941574675869,720575941732789547,4,VNC_HTct_R,,hg2,steering
720575941574675869,720575941732789547,3,VNC_IntTct_L,,hg2,steering
720575941574675869,720575941732789547,3,VNC_IntTct_R,,hg2,steering
720575941574675869,720575941732789547,5,VNC_NTct_R,,hg2,steering
720575941574675869,720575941732789547,3,VNC_WTct_R,,hg2,steering
720575941574744329,720575941476080948,3,VNC_HTct_L,,unknown,unknown
720575941574744329,720575941476080948,6,VNC_WTct_L,,unknown,unknown
720575941574744329,720575941487139138,3,VNC_WTct_L,,DVM3A,power
720575941574744329,720575941507955269,3,VNC_WTct_L,,DLM1,power
720575941574744329,720575941643100754,3,VNC_WTct_L,,ps1,steering
720575941574744329,720575941669019635,3,VNC_unassigned_L,,unknown,unknown
720575941574984201,720575941472734048,4,VNC_NTct_R,,DVM1A,power
720575941574984201,720575941472734048,13,VNC_WTct_R,,DVM1A,power
720575941574984201,720575941487139138,7,VNC_NTct_R,,DVM3A,power
720575941574984201,720575941487139138,9,VNC_WTct_R,,DVM3A,power
720575941574984201,720575941499558369,21,VNC_WTct_R,,DVM3A,power
720575941574984201,720575941583644382,3,VNC_WTct_R,,DLM1,power
720575941574984201,720575941597489344,5,VNC_NTct_R,,DVM1A,power
720575941574984201,720575941597489344,19,VNC_WTct_R,,DVM1A,power
720575941574984201,720575941603635190,8,VNC_WTct_R,,DVM1A,power
720575941574984201,720575941624985226,3,VNC_WTct_R,,DVM2A,power
720575941574984201,720575941669019635,5,VNC_WTct_R,,unknown,unknown
720575941574984201,720575941669019635,3,VNC_unassigned_R,,unknown,unknown
720575941575484598,720575941542412805,8,VNC_NTct_L,,b3,steering
720575941578499673,720575941569529458,4,VNC_WTct_L,,unknown,unknown
720575941578692697,720575941597267356,5,VNC_T2_MesoNm_R,,unknown,unknown
720575941578692697,720575941597267356,26,VNC_WTct_R,,unknown,unknown
720575941579793909,720575941555120612,4,VNC_WTct_R,,unknown,unknown
720575941580369489,720575941547394081,4,VNC_IntTct_L,,i2,steering
720575941581684601,720575941597267356,5,VNC_HTct_R,,unknown,unknown
720575941583462110,720575941456201887,3,VNC_IntTct_L,,hg1,steering
720575941583462110,720575941547394081,4,VNC_IntTct_L,,i2,steering
720575941583462110,720575941624155644,5,VNC_IntTct_L,,b2,steering
720575941583462110,720575941624155644,3,VNC_unassigned_L,,b2,steering
720575941586273926,720575941474574132,6,VNC_IntTct_R,,b3,steering
720575941587856951,720575941468288375,4,VNC_WTct_R,,hg3,steering
720575941587856951,720575941555120612,5,VNC_HTct_R,,unknown,unknown
720575941587856951,720575941555120612,5,VNC_WTct_L,,unknown,unknown
720575941587856951,720575941555120612,4,VNC_WTct_R,,unknown,unknown
720575941587856951,720575941569529458,4,VNC_WTct_L,,unknown,unknown
720575941587856951,720575941643100754,7,VNC_WTct_R,,ps1,steering
720575941587856951,720575941645041313,3,VNC_WTct_L,,ps1,steering
720575941589304644,720575941533190337,3,VNC_WTct_R,,DLM1,power
720575941589304644,720575941629172716,4,VNC_WTct_R,,iii1,steering
720575941589304644,720575941643100754,4,VNC_WTct_R,,ps1,steering
720575941589304644,720575941655597785,4,VNC_WTct_R,,b2,steering
720575941589853950,720575941476080948,3,VNC_WTct_L,,unknown,unknown
720575941589853950,720575941645041313,4,VNC_WTct_L,,ps1,steering
720575941589853950,720575941645041313,4,VNC_unassigned_L,,ps1,steering
720575941589853950,720575941669019635,3,VNC_IntTct_R,,unknown,unknown
720575941589986359,720575941688499212,3,VNC_T2_MesoNm_R,,unknown,unknown
720575941590435070,720575941468288375,8,VNC_WTct_R,,hg3,steering
720575941590435070,720575941483845954,3,VNC_WTct_R,,hg3,steering
720575941590435070,720575941513173763,5,VNC_NTct_R,,hg4,steering
720575941590435070,720575941580669817,5,VNC_WTct_R,,hg1,steering
720575941591050494,720575941569548402,5,VNC_WTct_R,,unknown,unknown
720575941591050494,720575941655597785,3,VNC_HTct_R,,b2,steering
720575941591050494,720575941655597785,12,VNC_WTct_R,,b2,steering
720575941591448972,720575941463144336,3,VNC_WTct_L,,DLM1,power
720575941591448972,720575941463144336,5,VNC_WTct_R,,DLM1,power
720575941591448972,720575941468288375,4,VNC_WTct_L,,hg3,steering
720575941591448972,720575941479034563,3,VNC_WTct_L,,DLM1,power
720575941591448972,720575941479034563,10,VNC_WTct_R,,DLM1,power
720575941591448972,720575941479658831,4,VNC_WTct_L,,hg2,steering
720575941591448972,720575941507955269,6,VNC_WTct_L,,DLM1,power
720575941591448972,720575941507955269,17,VNC_WTct_R,,DLM1,power
720575941591448972,720575941519783640,5,VNC_WTct_L,,DLM1,power
720575941591448972,720575941519783640,3,VNC_WTct_R,,DLM1,power
720575941591448972,720575941530190027,5,VNC_WTct_R,,DVM2A,power
720575941591448972,720575941533190337,3,VNC_IntTct_R,,DLM1,power
720575941591448972,720575941533190337,5,VNC_WTct_L,,DLM1,power
720575941591448972,720575941533190337,17,VNC_WTct_R,,DLM1,power
720575941591448972,720575941534583786,4,VNC_WTct_L,,DLM5,power
720575941591448972,720575941534583786,4,VNC_WTct_R,,DLM5,power
720575941591448972,720575941542412805,8,VNC_HTct_L,,b3,steering
720575941591448972,720575941573368719,3,VNC_WTct_L,,DVM2A,power
720575941591448972,720575941583644382,3,VNC_HTct_R,,DLM1,power
720575941591448972,720575941583644382,9,VNC_WTct_L,,DLM1,power
720575941591448972,720575941583644382,17,VNC_WTct_R,,DLM1,power
720575941591448972,720575941596050112,4,VNC_WTct_L,,DLM5,power
720575941591448972,720575941596050112,5,VNC_WTct_R,,DLM5,power
720575941591448972,720575941603635190,6,VNC_WTct_R,,DVM1A,power
720575941592893992,720575941489673420,20,VNC_IntTct_L,,iii1,steering
720575941592893992,720575941489673420,32,VNC_LTct_L,,iii1,steering
720575941592893992,720575941489673420,5,VNC_LTct_R,,iii1,steering
720575941592893992,720575941629172716,5,VNC_IntTct_R,,iii1,steering
720575941592893992,720575941629172716,16,VNC_LTct_L,,iii1,steering
720575941592893992,720575941629172716,23,VNC_LTct_R,,iii1,steering
720575941592893992,720575941629172716,4,VNC_unassigned_R,,iii1,steering
720575941594823537,720575941489673420,4,VNC_IntTct_L,,iii1,steering
720575941594823537,720575941489673420,9,VNC_LTct_L,,iii1,steering
720575941594823537,720575941629172716,17,VNC_LTct_L,,iii1,steering
720575941595189029,720575941456201887,7,VNC_HTct_L,,hg1,steering
720575941595189029,720575941456201887,3,VNC_IntTct_L,,hg1,steering
720575941595189029,720575941456201887,3,VNC_NTct_L,,hg1,steering
720575941595189029,720575941456201887,8,VNC_WTct_L,,hg1,steering
720575941595189029,720575941542412805,10,VNC_WTct_L,,b3,steering
720575941595189029,720575941547315060,5,VNC_HTct_L,,i1,steering
720575941595189029,720575941547315060,3,VNC_IntTct_L,,i1,steering
720575941595189029,720575941547394081,3,VNC_IntTct_L,,i2,steering
720575941595189029,720575941624155644,5,VNC_IntTct_L,,b2,steering
720575941595189029,720575941624155644,11,VNC_WTct_L,,b2,steering
720575941595542823,720575941489673420,3,VNC_LTct_L,,iii1,steering
720575941595542823,720575941629172716,5,VNC_LTct_L,,iii1,steering
720575941595542823,720575941629172716,4,VNC_LTct_R,,iii1,steering
720575941595605029,720575941513173763,6,VNC_NTct_R,,hg4,steering
720575941595955569,720575941459347411,7,VNC_HTct_L,,iii4,steering
720575941595955569,720575941501027819,3,VNC_HTct_L,,unknown,unknown
720575941595955569,720575941569529458,3,VNC_HTct_L,,unknown,unknown
720575941596602048,720575941468897856,5,VNC_IntTct_R,,i1,steering
720575941596602048,720575941468897856,5,VNC_unassigned_R,,i1,steering
720575941596602048,720575941580669817,7,VNC_IntTct_R,,hg1,steering
720575941598492457,720575941456201887,4,VNC_NTct_L,,hg1,steering
720575941598492457,720575941468288375,3,VNC_NTct_L,,hg3,steering
720575941598492457,720575941483845954,6,VNC_HTct_L,,hg3,steering
720575941598492457,720575941732789547,6,VNC_NTct_L,,hg2,steering
720575941598950556,720575941463144336,3,VNC_WTct_R,,DLM1,power
720575941598950556,720575941479034563,3,VNC_WTct_L,,DLM1,power
720575941598950556,720575941479034563,4,VNC_WTct_R,,DLM1,power
720575941598950556,720575941479034563,3,VNC_unassigned_L,,DLM1,power
720575941598950556,720575941507955269,7,VNC_WTct_L,,DLM1,power
720575941598950556,720575941507955269,3,VNC_WTct_R,,DLM1,power
720575941598950556,720575941507955269,4,VNC_unassigned_L,,DLM1,power
720575941598950556,720575941519783640,7,VNC_WTct_L,,DLM1,power
720575941598950556,720575941519783640,3,VNC_unassigned_L,,DLM1,power
720575941598950556,720575941533190337,3,VNC_WTct_L,,DLM1,power
720575941598950556,720575941533190337,3,VNC_WTct_R,,DLM1,power
720575941598950556,720575941534583786,21,VNC_WTct_L,,DLM5,power
720575941598950556,720575941534583786,3,VNC_WTct_R,,DLM5,power
720575941598950556,720575941534583786,7,VNC_unassigned_L,,DLM5,power
720575941598950556,720575941534583786,3,VNC_unassigned_R,,DLM5,power
720575941598950556,720575941583644382,6,VNC_WTct_R,,DLM1,power
720575941598950556,720575941583644382,3,VNC_unassigned_L,,DLM1,power
720575941598950556,720575941596050112,3,VNC_HTct_R,,DLM5,power
720575941598950556,720575941596050112,5,VNC_WTct_L,,DLM5,power
720575941598950556,720575941596050112,15,VNC_WTct_R,,DLM5,power
720575941598950556,720575941640465439,4,VNC_unassigned_L,,DLM1,power
720575941598950556,720575941645403000,9,VNC_WTct_L,,DLM1,power
720575941598950556,720575941645403000,3,VNC_unassigned_L,,DLM1,power
720575941598950556,720575941688499212,3,VNC_unassigned_R,,unknown,unknown
720575941600878377,720575941456201887,7,VNC_HTct_L,,hg1,steering
720575941600878377,720575941456201887,7,VNC_WTct_L,,hg1,steering
720575941600878377,720575941542412805,6,VNC_WTct_L,,b3,steering
720575941600878377,720575941547315060,15,VNC_HTct_L,,i1,steering
720575941600878377,720575941547315060,7,VNC_IntTct_L,,i1,steering
720575941600878377,720575941547315060,22,VNC_WTct_L,,i1,steering
720575941601297705,720575941569548402,3,VNC_AMNp_R,,unknown,unknown
720575941601731769,720575941456201887,7,VNC_IntTct_L,,hg1,steering
720575941601731769,720575941479658831,4,VNC_IntTct_L,,hg2,steering
720575941601731769,720575941547315060,3,VNC_IntTct_L,,i1,steering
720575941602323897,720575941468288375,3,VNC_WTct_R,,hg3,steering
720575941602323897,720575941468897856,24,VNC_HTct_R,,i1,steering
720575941602323897,720575941468897856,8,VNC_IntTct_R,,i1,steering
720575941602323897,720575941468897856,11,VNC_WTct_R,,i1,steering
720575941602323897,720575941474574132,8,VNC_HTct_R,,b3,steering
720575941602323897,720575941474574132,7,VNC_IntTct_R,,b3,steering
720575941602323897,720575941474574132,4,VNC_NTct_R,,b3,steering
720575941602323897,720575941474574132,24,VNC_WTct_R,,b3,steering
720575941602323897,720575941513173763,8,VNC_HTct_R,,hg4,steering
720575941602323897,720575941513173763,3,VNC_IntTct_R,,hg4,steering
720575941602323897,720575941513173763,6,VNC_WTct_R,,hg4,steering
720575941602323897,720575941516770670,3,VNC_HTct_R,,iii4,steering
720575941602323897,720575941580669817,66,VNC_HTct_R,,hg1,steering
720575941602323897,720575941580669817,13,VNC_IntTct_R,,hg1,steering
720575941602323897,720575941580669817,43,VNC_WTct_R,,hg1,steering
720575941602323897,720575941655597785,4,VNC_WTct_R,,b2,steering
720575941603438777,720575941624155644,3,VNC_IntTct_L,,b2,steering
720575941603791350,720575941483845954,3,VNC_WTct_L,,hg3,steering
720575941603791350,720575941630940642,7,VNC_NTct_L,,hg4,steering
720575941604343737,720575941476080948,4,VNC_WTct_L,,unknown,unknown
720575941604343737,720575941533190337,3,VNC_WTct_R,,DLM1,power
720575941604343737,720575941614289683,4,VNC_WTct_L,,DVM3A,power
720575941604343737,720575941643100754,4,VNC_WTct_L,,ps1,steering
720575941604343737,720575941643100754,3,VNC_WTct_R,,ps1,steering
720575941604343737,720575941643100754,3,VNC_unassigned_R,,ps1,steering
720575941604343737,720575941645041313,4,VNC_NTct_L,,ps1,steering
720575941604343737,720575941645041313,5,VNC_WTct_L,,ps1,steering
720575941604343737,720575941645041313,5,VNC_WTct_R,,ps1,steering
720575941604343737,720575941669019635,4,VNC_unassigned_R,,unknown,unknown
720575941609235302,720575941655597785,5,VNC_IntTct_R,,b2,steering
720575941609747430,720575941463144336,5,VNC_WTct_R,,DLM1,power
720575941609747430,720575941596050112,4,VNC_WTct_R,,DLM5,power
720575941609747430,720575941640465439,3,VNC_WTct_R,,DLM1,power
720575941611992493,720575941456201887,9,VNC_HTct_L,,hg1,steering
720575941611992493,720575941456201887,8,VNC_WTct_L,,hg1,steering
720575941611992493,720575941468288375,3,VNC_WTct_L,,hg3,steering
720575941611992493,720575941479658831,4,VNC_HTct_R,,hg2,steering
720575941611992493,720575941479658831,3,VNC_WTct_R,,hg2,steering
720575941611992493,720575941483845954,3,VNC_NTct_R,,hg3,steering
720575941611992493,720575941580669817,18,VNC_HTct_R,,hg1,steering
720575941611992493,720575941580669817,5,VNC_IntTct_R,,hg1,steering
720575941611992493,720575941580669817,5,VNC_WTct_R,,hg1,steering
720575941611992493,720575941732789547,4,VNC_HTct_L,,hg2,steering
720575941611992493,720575941732789547,3,VNC_NTct_L,,hg2,steering
720575941611992493,720575941732789547,3,VNC_WTct_L,,hg2,steering
720575941612039142,720575941456201887,16,VNC_HTct_L,,hg1,steering
720575941612039142,720575941456201887,6,VNC_NTct_L,,hg1,steering
720575941612039142,720575941479658831,4,VNC_IntTct_R,,hg2,steering
720575941612039142,720575941483845954,5,VNC_unassigned_R,,hg3,steering
720575941612039142,720575941580669817,22,VNC_HTct_R,,hg1,steering
720575941612039142,720575941580669817,13,VNC_IntTct_R,,hg1,steering
720575941612039142,720575941580669817,3,VNC_NTct_R,,hg1,steering
720575941612039142,720575941580669817,9,VNC_WTct_R,,hg1,steering
720575941612039142,720575941630940642,3,VNC_NTct_L,,hg4,steering
720575941612039142,720575941732789547,3,VNC_WTct_L,,hg2,steering
720575941612044518,720575941456201887,54,VNC_HTct_L,,hg1,steering
720575941612044518,720575941456201887,12,VNC_IntTct_L,,hg1,steering
720575941612044518,720575941456201887,8,VNC_NTct_L,,hg1,steering
720575941612044518,720575941456201887,35,VNC_WTct_L,,hg1,steering
720575941612044518,720575941459347411,10,VNC_HTct_L,,iii4,steering
720575941612044518,720575941459347411,8,VNC_WTct_L,,iii4,steering
720575941612044518,720575941542412805,8,VNC_HTct_L,,b3,steering
720575941612044518,720575941542412805,16,VNC_IntTct_L,,b3,steering
720575941612044518,720575941542412805,4,VNC_NTct_L,,b3,steering
720575941612044518,720575941542412805,20,VNC_WTct_L,,b3,steering
720575941612044518,720575941547315060,15,VNC_HTct_L,,i1,steering
720575941612044518,720575941547315060,15,VNC_IntTct_L,,i1,steering
720575941612044518,720575941547315060,22,VNC_WTct_L,,i1,steering
720575941612044518,720575941630940642,14,VNC_HTct_L,,hg4,steering
720575941612044518,720575941630940642,9,VNC_NTct_L,,hg4,steering
720575941612044518,720575941630940642,8,VNC_WTct_L,,hg4,steering
720575941612058982,720575941688499212,3,VNC_HTct_R,,unknown,unknown
720575941612058982,720575941688499212,7,VNC_unassigned_R,,unknown,unknown
720575941612195501,720575941507955269,7,VNC_WTct_L,,DLM1,power
720575941612195501,720575941519783640,6,VNC_WTct_L,,DLM1,power
720575941612195501,720575941624155644,42,VNC_WTct_L,,b2,steering
720575941612195501,720575941640465439,5,VNC_WTct_L,,DLM1,power
720575941612286428,720575941655597785,3,VNC_IntTct_R,,b2,steering
720575941612321382,720575941456201887,13,VNC_WTct_L,,hg1,steering
720575941612321382,720575941459347411,6,VNC_WTct_L,,iii4,steering
720575941612321382,720575941547315060,3,VNC_IntTct_L,,i1,steering
720575941612321382,720575941547315060,3,VNC_WTct_L,,i1,steering
720575941612321382,720575941580669817,6,VNC_IntTct_R,,hg1,steering
720575941612321382,720575941580669817,6,VNC_WTct_R,,hg1,steering
720575941612321382,720575941624155644,5,VNC_WTct_L,,b2,steering
720575941612321382,720575941655597785,4,VNC_IntTct_R,,b2,steering
720575941612321382,720575941655597785,4,VNC_WTct_R,,b2,steering
720575941615534489,720575941688499212,5,VNC_WTct_R,,unknown,unknown
720575941618366079,720575941463144336,3,VNC_HTct_R,,DLM1,power
720575941618366079,720575941463144336,18,VNC_WTct_L,,DLM1,power
720575941618366079,720575941463144336,21,VNC_WTct_R,,DLM1,power
720575941618366079,720575941472734048,8,VNC_WTct_R,,DVM1A,power
720575941618366079,720575941479034563,9,VNC_HTct_R,,DLM1,power
720575941618366079,720575941479034563,15,VNC_WTct_L,,DLM1,power
720575941618366079,720575941479034563,26,VNC_WTct_R,,DLM1,power
720575941618366079,720575941487139138,3,VNC_WTct_R,,DVM3A,power
720575941618366079,720575941499558369,7,VNC_WTct_R,,DVM3A,power
720575941618366079,720575941501027819,4,VNC_WTct_L,,unknown,unknown
720575941618366079,720575941507955269,37,VNC_WTct_L,,DLM1,power
720575941618366079,720575941507955269,9,VNC_WTct_R,,DLM1,power
720575941618366079,720575941516770670,3,VNC_HTct_R,,iii4,steering
720575941618366079,720575941519783640,40,VNC_WTct_L,,DLM1,power
720575941618366079,720575941519783640,6,VNC_WTct_R,,DLM1,power
720575941618366079,720575941530190027,5,VNC_HTct_R,,DVM2A,power
720575941618366079,720575941530190027,9,VNC_WTct_R,,DVM2A,power
720575941618366079,720575941533190337,13,VNC_WTct_L,,DLM1,power
720575941618366079,720575941533190337,16,VNC_WTct_R,,DLM1,power
720575941618366079,720575941533190337,6,VNC_unassigned_R,,DLM1,power
720575941618366079,720575941534583786,33,VNC_WTct_L,,DLM5,power
720575941618366079,720575941534583786,8,VNC_WTct_R,,DLM5,power
720575941618366079,720575941534583786,3,VNC_unassigned_L,,DLM5,power
720575941618366079,720575941542328837,4,VNC_WTct_L,,DVM2A,power
720575941618366079,720575941555120612,10,VNC_HTct_L,,unknown,unknown
720575941618366079,720575941555120612,15,VNC_HTct_R,,unknown,unknown
720575941618366079,720575941555120612,7,VNC_WTct_L,,unknown,unknown
720575941618366079,720575941555120612,7,VNC_WTct_R,,unknown,unknown
720575941618366079,720575941555120612,3,VNC_unassigned_R,,unknown,unknown
720575941618366079,720575941560383347,10,VNC_WTct_L,,DVM1A,power
720575941618366079,720575941565105206,10,VNC_WTct_L,,DVM1A,power
720575941618366079,720575941566847847,5,VNC_HTct_L,,DVM1A,power
720575941618366079,720575941566847847,13,VNC_WTct_L,,DVM1A,power
720575941618366079,720575941569529458,17,VNC_HTct_L,,unknown,unknown
720575941618366079,720575941569529458,7,VNC_HTct_R,,unknown,unknown
720575941618366079,720575941569529458,3,VNC_NTct_L,,unknown,unknown
720575941618366079,720575941569529458,39,VNC_WTct_L,,unknown,unknown
720575941618366079,720575941569529458,21,VNC_WTct_R,,unknown,unknown
720575941618366079,720575941569529458,3,VNC_unassigned_L,,unknown,unknown
720575941618366079,720575941573368719,5,VNC_WTct_L,,DVM2A,power
720575941618366079,720575941583644382,7,VNC_HTct_R,,DLM1,power
720575941618366079,720575941583644382,12,VNC_WTct_L,,DLM1,power
720575941618366079,720575941583644382,24,VNC_WTct_R,,DLM1,power
720575941618366079,720575941590220684,5,VNC_WTct_L,,DVM3A,power
720575941618366079,720575941596050112,8,VNC_HTct_R,,DLM5,power
720575941618366079,720575941596050112,5,VNC_WTct_L,,DLM5,power
720575941618366079,720575941596050112,26,VNC_WTct_R,,DLM5,power
720575941618366079,720575941596050112,3,VNC_unassigned_R,,DLM5,power
720575941618366079,720575941597489344,11,VNC_WTct_R,,DVM1A,power
720575941618366079,720575941603635190,14,VNC_WTct_R,,DVM1A,power
720575941618366079,720575941614289683,7,VNC_WTct_L,,DVM3A,power
720575941618366079,720575941624155644,6,VNC_WTct_L,,b2,steering
720575941618366079,720575941624985226,4,VNC_WTct_R,,DVM2A,power
720575941618366079,720575941630940642,4,VNC_HTct_L,,hg4,steering
720575941618366079,720575941640465439,30,VNC_WTct_L,,DLM1,power
720575941618366079,720575941640465439,11,VNC_WTct_R,,DLM1,power
720575941618366079,720575941643100754,8,VNC_HTct_L,,ps1,steering
720575941618366079,720575941643100754,19,VNC_HTct_R,,ps1,steering
720575941618366079,720575941643100754,27,VNC_WTct_L,,ps1,steering
720575941618366079,720575941643100754,33,VNC_WTct_R,,ps1,steering
720575941618366079,720575941643100754,4,VNC_unassigned_R,,ps1,steering
720575941618366079,720575941645041313,23,VNC_HTct_L,,ps1,steering
720575941618366079,720575941645041313,10,VNC_HTct_R,,ps1,steering
720575941618366079,720575941645041313,28,VNC_WTct_L,,ps1,steering
720575941618366079,720575941645041313,18,VNC_WTct_R,,ps1,steering
720575941618366079,720575941645041313,4,VNC_unassigned_L,,ps1,steering
720575941618366079,720575941645403000,4,VNC_IntTct_L,,DLM1,power
720575941618366079,720575941645403000,3,VNC_NTct_L,,DLM1,power
720575941618366079,720575941645403000,71,VNC_WTct_L,,DLM1,power
720575941618366079,720575941645403000,4,VNC_WTct_R,,DLM1,power
720575941618366079,720575941645403000,4,VNC_unassigned_L,,DLM1,power
720575941618366079,720575941655597785,3,VNC_WTct_R,,b2,steering
720575941618895231,720575941456201887,4,VNC_HTct_L,,hg1,steering
720575941618895231,720575941456201887,8,VNC_IntTct_L,,hg1,steering
720575941618895231,720575941456201887,8,VNC_WTct_L,,hg1,steering
720575941618895231,720575941479658831,5,VNC_WTct_L,,hg2,steering
720575941618895231,720575941542412805,4,VNC_IntTct_L,,b3,steering
720575941618895231,720575941542412805,4,VNC_WTct_L,,b3,steering
720575941618895231,720575941547315060,6,VNC_HTct_L,,i1,steering
720575941618895231,720575941547315060,15,VNC_IntTct_L,,i1,steering
720575941618895231,720575941547315060,11,VNC_WTct_L,,i1,steering
720575941618895231,720575941732789547,7,VNC_HTct_L,,hg2,steering
720575941618895231,720575941732789547,4,VNC_IntTct_L,,hg2,steering
720575941623634122,720575941555120612,4,VNC_unassigned_R,,unknown,unknown
720575941624816124,720575941547394081,4,VNC_IntTct_L,,i2,steering
720575941624831228,720575941487139138,4,VNC_WTct_R,,DVM3A,power
720575941624831228,720575941583644382,5,VNC_WTct_R,,DLM1,power
720575941624831228,720575941596050112,6,VNC_WTct_R,,DLM5,power
720575941624831228,720575941624985226,3,VNC_WTct_R,,DVM2A,power
720575941624831228,720575941624985226,3,VNC_unassigned_R,,DVM2A,power
720575941624831228,720575941655597785,7,VNC_NTct_R,,b2,steering
720575941624831228,720575941655597785,58,VNC_WTct_R,,b2,steering
720575941624831228,720575941655597785,3,VNC_unassigned_R,,b2,steering
720575941625972123,720575941474574132,5,VNC_HTct_R,,b3,steering
720575941625972123,720575941474574132,10,VNC_IntTct_R,,b3,steering
720575941625972123,720575941474574132,5,VNC_NTct_R,,b3,steering
720575941625972123,720575941474574132,4,VNC_WTct_R,,b3,steering
720575941625993371,720575941501027819,3,VNC_HTct_L,,unknown,unknown
720575941626299530,720575941630940642,13,VNC_NTct_L,,hg4,steering
720575941628167225,720575941476080948,9,VNC_WTct_L,,unknown,unknown
720575941628167225,720575941476080948,4,VNC_unassigned_L,,unknown,unknown
720575941628167225,720575941630940642,3,VNC_NTct_L,,hg4,steering
720575941628867042,720575941513173763,17,VNC_HTct_R,,hg4,steering
720575941628867042,720575941513173763,8,VNC_WTct_R,,hg4,steering
720575941628867042,720575941580669817,8,VNC_HTct_R,,hg1,steering
720575941628867042,720575941580669817,6,VNC_IntTct_R,,hg1,steering
720575941628867042,720575941580669817,20,VNC_WTct_R,,hg1,steering
720575941628867042,720575941655597785,7,VNC_WTct_R,,b2,steering
720575941629726246,720575941547394081,7,VNC_IntTct_L,,i2,steering
720575941629872422,720575941468897856,12,VNC_HTct_R,,i1,steering
720575941629872422,720575941468897856,16,VNC_IntTct_R,,i1,steering
720575941629872422,720575941468897856,3,VNC_WTct_R,,i1,steering
720575941629872422,720575941580669817,3,VNC_WTct_R,,hg1,steering
720575941630049762,720575941458961604,3,VNC_IntTct_R,,iii3,steering
720575941630049762,720575941458961604,3,VNC_WTct_R,,iii3,steering
720575941630049762,720575941655597785,5,VNC_IntTct_R,,b2,steering
720575941631315616,720575941501027819,5,VNC_T2_MesoNm_L,,unknown,unknown
720575941631642860,720575941456201887,5,VNC_HTct_L,,hg1,steering
720575941631642860,720575941456201887,3,VNC_IntTct_L,,hg1,steering
720575941631642860,720575941547315060,17,VNC_HTct_L,,i1,steering
720575941631642860,720575941547315060,14,VNC_IntTct_L,,i1,steering
720575941631642860,720575941547315060,16,VNC_WTct_L,,i1,steering
720575941632002720,720575941643100754,3,VNC_WTct_L,,ps1,steering
720575941632002720,720575941643100754,5,VNC_unassigned_R,,ps1,steering
720575941632002720,720575941645041313,4,VNC_unassigned_R,,ps1,steering
720575941632594592,720575941516770670,4,VNC_WTct_R,,iii4,steering
720575941632594592,720575941580669817,7,VNC_IntTct_R,,hg1,steering
720575941632594592,720575941580669817,22,VNC_WTct_R,,hg1,steering
720575941632594592,720575941655597785,4,VNC_WTct_R,,b2,steering
720575941632978629,720575941499558369,3,VNC_WTct_R,,DVM3A,power
720575941632978629,720575941533190337,3,VNC_WTct_R,,DLM1,power
720575941632978629,720575941645041313,3,VNC_NTct_L,,ps1,steering
720575941632978629,720575941645041313,4,VNC_NTct_R,,ps1,steering
720575941632978629,720575941669019635,5,VNC_unassigned_R,,unknown,unknown
720575941633779387,720575941474595370,5,VNC_WTct_L,,unknown,unknown
720575941638407199,720575941456201887,15,VNC_HTct_L,,hg1,steering
720575941638407199,720575941456201887,11,VNC_IntTct_L,,hg1,steering
720575941638407199,720575941456201887,11,VNC_WTct_L,,hg1,steering
720575941638407199,720575941542412805,17,VNC_HTct_L,,b3,steering
720575941638407199,720575941542412805,17,VNC_IntTct_L,,b3,steering
720575941638407199,720575941542412805,8,VNC_NTct_L,,b3,steering
720575941638407199,720575941542412805,20,VNC_WTct_L,,b3,steering
720575941638407199,720575941547315060,13,VNC_HTct_L,,i1,steering
720575941638407199,720575941547315060,10,VNC_IntTct_L,,i1,steering
720575941638407199,720575941547315060,12,VNC_WTct_L,,i1,steering
720575941639588127,720575941456201887,7,VNC_HTct_L,,hg1,steering
720575941639588127,720575941456201887,5,VNC_IntTct_L,,hg1,steering
720575941639588127,720575941456201887,8,VNC_WTct_L,,hg1,steering
720575941639588127,720575941459347411,3,VNC_HTct_L,,iii4,steering
720575941639588127,720575941459347411,13,VNC_IntTct_L,,iii4,steering
720575941639588127,720575941459347411,19,VNC_WTct_L,,iii4,steering
720575941639588127,720575941519783640,3,VNC_NTct_L,,DLM1,power
720575941639588127,720575941547315060,4,VNC_IntTct_L,,i1,steering
720575941639588127,720575941547315060,4,VNC_WTct_L,,i1,steering
720575941639588127,720575941547394081,19,VNC_IntTct_L,,i2,steering
720575941639588127,720575941547394081,12,VNC_WTct_L,,i2,steering
720575941639588127,720575941560383347,8,VNC_WTct_L,,DVM1A,power
720575941639588127,720575941565105206,5,VNC_WTct_L,,DVM1A,power
720575941639588127,720575941566847847,6,VNC_NTct_L,,DVM1A,power
720575941639588127,720575941566847847,6,VNC_WTct_L,,DVM1A,power
720575941640075551,720575941555120612,9,VNC_WTct_R,,unknown,unknown
720575941640075551,720575941669019635,3,VNC_unassigned_R,,unknown,unknown
720575941642966629,720575941475745898,10,VNC_IntTct_R,,i2,steering
720575941643030945,720575941501027819,3,VNC_HTct_L,,unknown,unknown
720575941643030945,720575941688499212,3,VNC_HTct_R,,unknown,unknown
720575941643577445,720575941560383347,3,VNC_WTct_L,,DVM1A,power
720575941645080481,720575941645041313,4,VNC_IntTct_L,,ps1,steering
720575941645080481,720575941645403000,5,VNC_IntTct_L,,DLM1,power
720575941645444808,720575941468897856,16,VNC_HTct_R,,i1,steering
720575941645444808,720575941468897856,16,VNC_IntTct_R,,i1,steering
720575941645444808,720575941474574132,3,VNC_HTct_R,,b3,steering
720575941645444808,720575941474574132,4,VNC_IntTct_R,,b3,steering
720575941645444808,720575941475745898,7,VNC_IntTct_R,,i2,steering
720575941645444808,720575941475745898,6,VNC_WTct_R,,i2,steering
720575941645731272,720575941456201887,4,VNC_NTct_L,,hg1,steering
720575941645731272,720575941630940642,6,VNC_NTct_L,,hg4,steering
720575941650178289,720575941569529458,4,VNC_WTct_L,,unknown,unknown
720575941651139349,720575941732789547,3,VNC_WTct_L,,hg2,steering
720575941652278033,720575941513173763,10,VNC_NTct_R,,hg4,steering
720575941652614129,720575941456201887,7,VNC_HTct_L,,hg1,steering
720575941652614129,720575941456201887,4,VNC_WTct_L,,hg1,steering
720575941652614129,720575941542412805,11,VNC_HTct_L,,b3,steering
720575941652614129,720575941542412805,6,VNC_IntTct_L,,b3,steering
720575941652614129,720575941542412805,20,VNC_WTct_L,,b3,steering
720575941652614129,720575941547315060,3,VNC_HTct_L,,i1,steering
720575941652614129,720575941547315060,4,VNC_WTct_L,,i1,steering
720575941652633585,720575941468897856,6,VNC_IntTct_R,,i1,steering
720575941652633585,720575941474574132,13,VNC_HTct_R,,b3,steering
720575941652633585,720575941474574132,9,VNC_IntTct_R,,b3,steering
720575941652633585,720575941474574132,21,VNC_WTct_R,,b3,steering
720575941652633585,720575941569529458,3,VNC_IntTct_R,,unknown,unknown
720575941652633585,720575941580669817,9,VNC_HTct_R,,hg1,steering
720575941652633585,720575941580669817,5,VNC_IntTct_R,,hg1,steering
720575941652633585,720575941580669817,5,VNC_WTct_R,,hg1,steering
720575941653841681,720575941513173763,6,VNC_unassigned_R,,hg4,steering
720575941661415224,720575941643100754,4,VNC_WTct_R,,ps1,steering
720575941661415224,720575941645041313,3,VNC_WTct_R,,ps1,steering
720575941661415224,720575941669019635,3,VNC_WTct_R,,unknown,unknown
720575941662506040,720575941479034563,9,VNC_WTct_R,,DLM1,power
720575941662506040,720575941479034563,3,VNC_unassigned_R,,DLM1,power
720575941662506040,720575941499558369,4,VNC_WTct_R,,DVM3A,power
720575941662506040,720575941507955269,7,VNC_WTct_R,,DLM1,power
720575941662506040,720575941507955269,3,VNC_unassigned_L,,DLM1,power
720575941662506040,720575941519783640,3,VNC_WTct_L,,DLM1,power
720575941662506040,720575941533190337,7,VNC_WTct_R,,DLM1,power
720575941662506040,720575941534583786,12,VNC_WTct_L,,DLM5,power
720575941662506040,720575941534583786,4,VNC_unassigned_L,,DLM5,power
720575941662506040,720575941583644382,10,VNC_WTct_R,,DLM1,power
720575941662506040,720575941583644382,3,VNC_unassigned_R,,DLM1,power
720575941662506040,720575941596050112,13,VNC_WTct_R,,DLM5,power
720575941662506040,720575941596050112,6,VNC_unassigned_R,,DLM5,power
720575941662506040,720575941640465439,5,VNC_WTct_R,,DLM1,power
720575941668513011,720575941547315060,4,VNC_IntTct_L,,i1,steering
720575941668513011,720575941629172716,3,VNC_LTct_L,,iii1,steering
720575941681032125,720575941463144336,3,VNC_WTct_L,,DLM1,power
720575941681032125,720575941463144336,4,VNC_WTct_R,,DLM1,power
720575941681032125,720575941472734048,4,VNC_WTct_R,,DVM1A,power
720575941681032125,720575941479034563,6,VNC_WTct_R,,DLM1,power
720575941681032125,720575941487139138,7,VNC_WTct_R,,DVM3A,power
720575941681032125,720575941507955269,5,VNC_WTct_R,,DLM1,power
720575941681032125,720575941533190337,4,VNC_WTct_R,,DLM1,power
720575941681032125,720575941555120612,16,VNC_WTct_R,,unknown,unknown
720575941681032125,720575941569529458,12,VNC_WTct_R,,unknown,unknown
720575941681032125,720575941583644382,12,VNC_WTct_R,,DLM1,power
720575941681032125,720575941596050112,4,VNC_WTct_R,,DLM5,power
720575941681032125,720575941597489344,3,VNC_WTct_R,,DVM1A,power
720575941681032125,720575941603635190,4,VNC_WTct_R,,DVM1A,power
720575941681032125,720575941624985226,4,VNC_WTct_R,,DVM2A,power
720575941681032125,720575941640465439,6,VNC_WTct_R,,DLM1,power
720575941681032125,720575941643100754,6,VNC_HTct_R,,ps1,steering
720575941681032125,720575941643100754,6,VNC_WTct_L,,ps1,steering
720575941681032125,720575941643100754,27,VNC_WTct_R,,ps1,steering
720575941681032125,720575941645041313,5,VNC_WTct_L,,ps1,steering
720575941681032125,720575941645041313,13,VNC_WTct_R,,ps1,steering
720575941681032125,720575941645403000,6,VNC_WTct_R,,DLM1,power
720575941681384637,720575941513173763,5,VNC_HTct_R,,hg4,steering
720575941688189935,720575941468288375,3,VNC_IntTct_R,,hg3,steering
720575941688189935,720575941468897856,5,VNC_IntTct_R,,i1,steering
720575941688189935,720575941468897856,6,VNC_unassigned_R,,i1,steering
720575941688189935,720575941474574132,3,VNC_IntTct_R,,b3,steering
720575941688189935,720575941479658831,6,VNC_IntTct_R,,hg2,steering
720575941688189935,720575941483845954,3,VNC_NTct_R,,hg3,steering
720575941688189935,720575941483845954,3,VNC_unassigned_R,,hg3,steering
720575941688189935,720575941580669817,3,VNC_HTct_R,,hg1,steering
720575941688189935,720575941580669817,3,VNC_IntTct_R,,hg1,steering
720575941688189935,720575941732789547,6,VNC_IntTct_R,,hg2,steering
720575941688517388,720575941474574132,3,VNC_WTct_R,,b3,steering
720575941688517388,720575941499558369,5,VNC_WTct_R,,DVM3A,power
720575941688517388,720575941533190337,4,VNC_WTct_R,,DLM1,power
720575941688517388,720575941555120612,17,VNC_WTct_R,,unknown,unknown
720575941688517388,720575941555120612,6,VNC_unassigned_R,,unknown,unknown
720575941688517388,720575941643100754,10,VNC_T2_MesoNm_R,,ps1,steering
720575941688517388,720575941643100754,40,VNC_WTct_R,,ps1,steering
720575941688517388,720575941643100754,20,VNC_unassigned_R,,ps1,steering
720575941688517388,720575941669019635,5,VNC_unassigned_R,,unknown,unknown
720575941688574360,720575941624155644,3,VNC_IntTct_L,,b2,steering
720575941688582518,720575941513173763,3,VNC_HTct_R,,hg4,steering
720575941688582518,720575941513173763,4,VNC_NTct_R,,hg4,steering
720575941689709019,720575941516770670,3,VNC_WTct_R,,iii4,steering
720575941700293082,720575941513173763,4,VNC_HTct_R,,hg4,steering
720575941700293082,720575941569529458,4,VNC_WTct_R,,unknown,unknown
720575941700316378,720575941476080948,3,VNC_WTct_L,,unknown,unknown
720575941700316378,720575941555120612,4,VNC_HTct_L,,unknown,unknown
720575941700316378,720575941555120612,7,VNC_WTct_L,,unknown,unknown
720575941700316378,720575941555120612,3,VNC_WTct_R,,unknown,unknown
720575941700316378,720575941565105206,8,VNC_WTct_L,,DVM1A,power
720575941700316378,720575941569529458,7,VNC_HTct_L,,unknown,unknown
720575941700316378,720575941569529458,3,VNC_NTct_L,,unknown,unknown
720575941700316378,720575941569529458,11,VNC_WTct_L,,unknown,unknown
720575941700316378,720575941569529458,3,VNC_WTct_R,,unknown,unknown
720575941700316378,720575941643100754,10,VNC_WTct_L,,ps1,steering
720575941700316378,720575941645041313,5,VNC_HTct_L,,ps1,steering
720575941700316378,720575941645041313,10,VNC_WTct_L,,ps1,steering
720575941700316378,720575941645041313,7,VNC_WTct_R,,ps1,steering
720575941700316378,720575941669019635,3,VNC_WTct_R,,unknown,unknown
720575941701235930,720575941456201887,5,VNC_IntTct_L,,hg1,steering
720575941701235930,720575941521196211,3,VNC_WTct_L,,b1,steering
720575941701235930,720575941547315060,3,VNC_HTct_L,,i1,steering
720575941701235930,720575941547315060,4,VNC_WTct_L,,i1,steering
720575941701235930,720575941547394081,3,VNC_IntTct_L,,i2,steering
720575941701235930,720575941624155644,4,VNC_IntTct_L,,b2,steering
720575941701672666,720575941542412805,3,VNC_NTct_L,,b3,steering
720575941722108218,720575941630940642,8,VNC_IntTct_L,,hg4,steering
720575941730332715,720575941501027819,5,VNC_HTct_L,,unknown,unknown
720575941730332715,720575941688499212,4,VNC_HTct_R,,unknown,unknown
720575941732586539,720575941463144336,4,VNC_WTct_L,,DLM1,power
720575941732586539,720575941468288375,4,VNC_HTct_L,,hg3,steering
720575941732586539,720575941468288375,4,VNC_NTct_L,,hg3,steering
720575941732586539,720575941479034563,3,VNC_WTct_L,,DLM1,power
720575941732586539,720575941479658831,4,VNC_HTct_L,,hg2,steering
720575941732586539,720575941479658831,3,VNC_NTct_L,,hg2,steering
720575941732586539,720575941479658831,5,VNC_WTct_L,,hg2,steering
720575941732586539,720575941483845954,11,VNC_HTct_L,,hg3,steering
720575941732586539,720575941483845954,7,VNC_NTct_L,,hg3,steering
720575941732586539,720575941507955269,11,VNC_WTct_L,,DLM1,power
720575941732586539,720575941519783640,10,VNC_WTct_L,,DLM1,power
720575941732586539,720575941519783640,3,VNC_unassigned_L,,DLM1,power
720575941732586539,720575941534583786,5,VNC_WTct_L,,DLM5,power
720575941732586539,720575941573368719,3,VNC_WTct_L,,DVM2A,power
720575941732586539,720575941583644382,4,VNC_WTct_L,,DLM1,power
720575941732586539,720575941640465439,3,VNC_WTct_L,,DLM1,power
720575941732586539,720575941645403000,6,VNC_NTct_L,,DLM1,power
720575941732586539,720575941645403000,5,VNC_WTct_L,,DLM1,power
720575941732586539,720575941732789547,7,VNC_HTct_L,,hg2,steering
720575941733034283,720575941468897856,3,VNC_WTct_R,,i1,steering
720575941733034283,720575941542412805,4,VNC_WTct_L,,b3,steering
720575941733034283,720575941547394081,5,VNC_IntTct_L,,i2,steering
720575941733034283,720575941547394081,6,VNC_WTct_L,,i2,steering
720575941733215019,720575941630940642,4,VNC_NTct_L,,hg4,steering
