source,target,weight,neuropil,nt_type
720575941350890544,720575941436996882,3,VNC_IntTct_R,
720575941350890544,720575941458334163,4,VNC_IntTct_R,
720575941350890544,720575941489038311,3,VNC_WTct_R,
720575941350890544,720575941503451301,5,VNC_HTct_R,
720575941350890544,720575941503451301,6,VNC_IntTct_R,
720575941350890544,720575941507664144,4,VNC_NTct_R,
720575941350890544,720575941561304978,3,VNC_IntTct_R,
720575941350890544,720575941563316022,3,VNC_unassigned_R,
720575941350890544,720575941579017337,3,VNC_IntTct_R,
720575941350890544,720575941583601886,3,VNC_HTct_R,
720575941350890544,720575941583601886,5,VNC_IntTct_R,
720575941350890544,720575941608991050,5,VNC_IntTct_R,
720575941350890544,720575941614737877,3,VNC_IntTct_R,
720575941350890544,720575941626940710,3,VNC_IntTct_R,
720575941350890544,720575941633071008,4,VNC_NTct_R,
720575941352918576,720575941449942877,7,VNC_T2_MesoNm_L,
720575941352918576,720575941477858434,3,VNC_AMNp_R,
720575941352918576,720575941483537338,3,VNC_T1_ProNm_R,
720575941352918576,720575941487815632,4,VNC_AMNp_L,
720575941352918576,720575941489092327,3,VNC_T2_MesoNm_L,
720575941352918576,720575941506220348,3,VNC_AMNp_R,
720575941352918576,720575941533786906,7,VNC_T2_MesoNm_R,
720575941352918576,720575941555249665,6,VNC_AMNp_R,
720575941352918576,720575941555938899,3,VNC_WTct_R,
720575941352918576,720575941578793809,4,VNC_AMNp_L,
720575941352918576,720575941626286474,5,VNC_AMNp_R,
720575941352918576,720575941723152698,3,VNC_ANm_L,
720575941352918576,720575941723152698,5,VNC_ANm_R,
720575941353080624,720575941540201933,11,VNC_T1_ProNm_L,
720575941353080624,720575941703131610,5,VNC_NTct_L,
720575941353080624,720575941703131610,4,VNC_T1_ProNm_L,
720575941390285462,720575941451814215,3,VNC_HTct_R,
720575941390285462,720575941507664144,4,VNC_IntTct_R,
720575941390285462,720575941507664144,3,VNC_WTct_R,
720575941390285462,720575941551321371,5,VNC_WTct_R,
720575941390285462,720575941551321371,6,VNC_unassigned_R,
720575941390285462,720575941557612915,3,VNC_unassigned_R,
720575941390285462,720575941640895589,4,VNC_unassigned_R,
720575941390285462,720575941650696977,3,VNC_HTct_R,
720575941390285462,720575941652647185,3,VNC_NTct_R,
720575941390285462,720575941652647185,4,VNC_unassigned_R,
720575941390308246,720575941460225936,4,VNC_IntTct_R,
720575941390308246,720575941491651559,5,VNC_NTct_R,
720575941390308246,720575941503420581,3,VNC_NTct_R,
720575941390308246,720575941523983618,3,VNC_NTct_R,
720575941390308246,720575941535073770,3,VNC_HTct_R,
720575941390308246,720575941546335676,3,VNC_WTct_R,
720575941390619140,720575941536657123,5,VNC_NTct_L,
720575941390623382,720575941686037878,3,VNC_NTct_R,
720575941390722710,720575941461251027,4,VNC_T1_ProNm_R,
720575941392812548,720575941411791764,4,VNC_HTct_L,
720575941392812548,720575941411791764,4,VNC_IntTct_L,
720575941392812548,720575941414508948,22,VNC_IntTct_L,
720575941392812548,720575941439050703,4,VNC_IntTct_L,
720575941392812548,720575941447013813,4,VNC_HTct_L,
720575941392812548,720575941447305053,3,VNC_IntTct_L,
720575941392812548,720575941459514512,5,VNC_HTct_L,
720575941392812548,720575941464073558,6,VNC_IntTct_L,
720575941392812548,720575941465484566,22,VNC_HTct_L,
720575941392812548,720575941465484566,19,VNC_IntTct_L,
720575941392812548,720575941469724125,19,VNC_IntTct_L,
720575941392812548,720575941472042282,3,VNC_IntTct_L,
720575941392812548,720575941473850720,4,VNC_IntTct_L,
720575941392812548,720575941477166622,3,VNC_IntTct_L,
720575941392812548,720575941478488143,11,VNC_HTct_L,
720575941392812548,720575941495495547,5,VNC_HTct_L,
720575941392812548,720575941496803234,4,VNC_HTct_L,
720575941392812548,720575941496957346,3,VNC_IntTct_L,
720575941392812548,720575941501041643,6,VNC_IntTct_L,
720575941392812548,720575941501135191,6,VNC_IntTct_L,
720575941392812548,720575941501786930,3,VNC_HTct_L,
720575941392812548,720575941515936505,4,VNC_IntTct_L,
720575941392812548,720575941518936792,4,VNC_IntTct_L,
720575941392812548,720575941520333047,9,VNC_HTct_L,
720575941392812548,720575941520333047,9,VNC_IntTct_L,
720575941392812548,720575941534709482,7,VNC_HTct_L,
720575941392812548,720575941542900997,4,VNC_IntTct_L,
720575941392812548,720575941542900997,3,VNC_NTct_L,
720575941392812548,720575941543669765,11,VNC_HTct_L,
720575941392812548,720575941543669765,3,VNC_IntTct_L,
720575941392812548,720575941550878087,3,VNC_HTct_L,
720575941392812548,720575941553338778,7,VNC_IntTct_L,
720575941392812548,720575941561320493,12,VNC_HTct_L,
720575941392812548,720575941572251144,45,VNC_HTct_L,
720575941392812548,720575941572251144,17,VNC_IntTct_L,
720575941392812548,720575941579868917,10,VNC_IntTct_L,
720575941392812548,720575941579868917,3,VNC_NTct_L,
720575941392812548,720575941583128454,51,VNC_HTct_L,
720575941392812548,720575941583128454,19,VNC_IntTct_L,
720575941392812548,720575941595768476,5,VNC_HTct_L,
720575941392812548,720575941600259369,5,VNC_IntTct_L,
720575941392812548,720575941601088441,21,VNC_HTct_L,
720575941392812548,720575941601092537,5,VNC_HTct_L,
720575941392812548,720575941601209590,8,VNC_IntTct_L,
720575941392812548,720575941601209590,4,VNC_NTct_L,
720575941392812548,720575941601243321,4,VNC_IntTct_L,
720575941392812548,720575941611080010,13,VNC_HTct_L,
720575941392812548,720575941611080010,4,VNC_IntTct_L,
720575941392812548,720575941621630716,4,VNC_HTct_L,
720575941392812548,720575941630748859,28,VNC_HTct_L,
720575941392812548,720575941632614587,13,VNC_IntTct_L,
720575941392812548,720575941653563153,3,VNC_HTct_L,
720575941392812548,720575941678358973,8,VNC_HTct_L,
720575941393196950,720575941431092911,6,VNC_HTct_R,
720575941394119830,720575941392667286,8,VNC_LTct_R,
720575941394119830,720575941436996882,4,VNC_LTct_R,
720575941394119830,720575941449617230,3,VNC_LTct_R,
720575941394119830,720575941457431280,4,VNC_IntTct_R,
720575941394119830,720575941457935263,5,VNC_T2_MesoNm_R,
720575941394119830,720575941485217744,4,VNC_LTct_R,
720575941394119830,720575941490693577,5,VNC_T2_MesoNm_R,
720575941394119830,720575941511393233,9,VNC_IntTct_R,
720575941394119830,720575941511393233,8,VNC_LTct_R,
720575941394119830,720575941513160697,16,VNC_IntTct_R,
720575941394119830,720575941513160697,4,VNC_LTct_R,
720575941394119830,720575941516848750,4,VNC_AMNp_R,
720575941394119830,720575941524114276,3,VNC_LTct_R,
720575941394119830,720575941529753476,4,VNC_IntTct_R,
720575941394119830,720575941529753476,3,VNC_LTct_R,
720575941394119830,720575941529753476,3,VNC_T2_MesoNm_R,
720575941394119830,720575941543613033,5,VNC_LTct_R,
720575941394119830,720575941551947263,17,VNC_IntTct_R,
720575941394119830,720575941551947263,19,VNC_LTct_R,
720575941394119830,720575941551947263,20,VNC_T1_ProNm_R,
720575941394119830,720575941558343725,3,VNC_IntTct_R,
720575941394119830,720575941563161512,3,VNC_AMNp_R,
720575941394119830,720575941575691624,3,VNC_AMNp_R,
720575941394119830,720575941580604661,8,VNC_AMNp_R,
720575941394119830,720575941580604661,3,VNC_IntTct_R,
720575941394119830,720575941580604661,10,VNC_LTct_R,
720575941394119830,720575941608350794,3,VNC_LTct_R,
720575941394119830,720575941625907769,3,VNC_IntTct_R,
720575941394119830,720575941625907769,6,VNC_T2_MesoNm_R,
720575941394119830,720575941685950326,17,VNC_IntTct_R,
720575941399042851,720575941461251027,29,VNC_T1_ProNm_R,
720575941399042851,720575941560088814,8,VNC_T1_ProNm_R,
720575941399099427,720575941447898132,3,VNC_T1_ProNm_L,
720575941400285475,720575941483803458,5,VNC_NTct_L,
720575941400285475,720575941540201933,4,VNC_NTct_L,
720575941400285475,720575941547226248,6,VNC_NTct_L,
720575941400285475,720575941579868917,45,VNC_NTct_L,
720575941400290851,720575941555186074,8,VNC_NTct_L,
720575941401753635,720575941410037419,3,VNC_HTct_L,
720575941401753635,720575941429543127,4,VNC_IntTct_L,
720575941401753635,720575941430842209,6,VNC_HTct_L,
720575941401753635,720575941473850720,6,VNC_IntTct_L,
720575941401753635,720575941473850720,3,VNC_LTct_L,
720575941401753635,720575941474437681,4,VNC_HTct_L,
720575941401753635,720575941490813872,4,VNC_HTct_R,
720575941401753635,720575941490813872,4,VNC_IntTct_L,
720575941401753635,720575941496284489,3,VNC_HTct_R,
720575941401753635,720575941515936505,3,VNC_LTct_R,
720575941401753635,720575941549329663,3,VNC_LTct_R,
720575941401753635,720575941552622398,5,VNC_HTct_R,
720575941401753635,720575941565376046,3,VNC_HTct_L,
720575941401753635,720575941595972465,5,VNC_HTct_L,
720575941401753635,720575941628630054,3,VNC_IntTct_L,
720575941401753635,720575941649244437,3,VNC_HTct_R,
720575941401753635,720575941668725169,6,VNC_HTct_L,
720575941401753635,720575941668725169,3,VNC_IntTct_L,
720575941401753635,720575941684876527,3,VNC_HTct_L,
720575941401766435,720575941480631170,6,VNC_T1_ProNm_L,
720575941401766435,720575941497092169,9,VNC_T2_MesoNm_L,
720575941401766435,720575941523112439,13,VNC_T1_ProNm_L,
720575941401766435,720575941551385371,4,VNC_T2_MesoNm_L,
720575941401766435,720575941572737679,4,VNC_T1_ProNm_L,
720575941401766435,720575941619873663,4,VNC_T1_ProNm_L,
720575941401766435,720575941642411877,3,VNC_T2_MesoNm_L,
720575941401766435,720575941703131610,6,VNC_T1_ProNm_L,
720575941401786403,720575941400710435,4,VNC_HTct_R,
720575941401786403,720575941429556655,6,VNC_IntTct_R,
720575941401786403,720575941429556655,3,VNC_NTct_R,
720575941401786403,720575941452315443,4,VNC_HTct_R,
720575941401786403,720575941459114451,3,VNC_HTct_R,
720575941401786403,720575941464768790,7,VNC_IntTct_R,
720575941401786403,720575941464768790,5,VNC_NTct_R,
720575941401786403,720575941473703722,3,VNC_HTct_R,
720575941401786403,720575941475780202,8,VNC_HTct_R,
720575941401786403,720575941501892546,4,VNC_HTct_R,
720575941401786403,720575941504134981,5,VNC_IntTct_R,
720575941401786403,720575941532509016,3,VNC_HTct_R,
720575941401786403,720575941537528050,7,VNC_HTct_R,
720575941401786403,720575941553313434,5,VNC_HTct_R,
720575941401786403,720575941557294095,3,VNC_IntTct_R,
720575941401786403,720575941561304978,5,VNC_IntTct_R,
720575941401786403,720575941564066567,6,VNC_HTct_R,
720575941401786403,720575941564125026,5,VNC_HTct_R,
720575941401786403,720575941564417024,3,VNC_HTct_R,
720575941401786403,720575941601298617,8,VNC_HTct_R,
720575941401786403,720575941601298617,3,VNC_IntTct_R,
720575941401786403,720575941608378698,4,VNC_HTct_R,
720575941401786403,720575941616420053,3,VNC_HTct_R,
720575941401786403,720575941626940710,3,VNC_HTct_R,
720575941401786403,720575941650753297,3,VNC_NTct_R,
720575941401786403,720575941652324825,7,VNC_HTct_R,
720575941401786403,720575941652324825,9,VNC_IntTct_R,
720575941401814307,720575941461251027,5,VNC_T1_ProNm_R,
720575941401814307,720575941461251027,4,VNC_unassigned_R,
720575941401814307,720575941474259754,3,VNC_T2_MesoNm_R,
720575941401814307,720575941498482043,3,VNC_NTct_R,
720575941401814307,720575941498482043,3,VNC_T1_ProNm_R,
720575941401814307,720575941501352535,23,VNC_T2_MesoNm_R,
720575941401814307,720575941536318869,3,VNC_T2_MesoNm_R,
720575941401814307,720575941540185213,13,VNC_T2_MesoNm_R,
720575941401814307,720575941542469212,3,VNC_WTct_R,
720575941401814307,720575941547164084,4,VNC_T2_MesoNm_R,
720575941401814307,720575941553520211,5,VNC_T1_ProNm_R,
720575941401814307,720575941569585266,3,VNC_T1_ProNm_R,
720575941401814307,720575941595919217,16,VNC_T2_MesoNm_R,
720575941401814307,720575941595919217,3,VNC_WTct_R,
720575941401814307,720575941613448668,80,VNC_T2_MesoNm_R,
720575941401814307,720575941625963419,6,VNC_T2_MesoNm_R,
720575941401814307,720575941627995705,3,VNC_T2_MesoNm_R,
720575941401814307,720575941642221176,3,VNC_T2_MesoNm_R,
720575941401814307,720575941731613483,3,VNC_T2_MesoNm_R,
720575941402468899,720575941599444777,3,VNC_NTct_R,
720575941404711792,720575941429556655,4,VNC_IntTct_R,
720575941404711792,720575941450628218,7,VNC_IntTct_R,
720575941404711792,720575941473703722,3,VNC_HTct_R,
720575941404711792,720575941485217744,3,VNC_IntTct_R,
720575941404711792,720575941501892546,3,VNC_HTct_R,
720575941404711792,720575941501984651,20,VNC_IntTct_R,
720575941404711792,720575941501984651,7,VNC_T2_MesoNm_R,
720575941404711792,720575941640892517,5,VNC_IntTct_R,
720575941404711792,720575941640892517,3,VNC_T2_MesoNm_R,
720575941404711792,720575941655866648,6,VNC_IntTct_R,
720575941404711792,720575941655866648,4,VNC_T3_MetaNm_R,
720575941404748144,720575941501135191,3,VNC_NTct_L,
720575941404748144,720575941501135191,4,VNC_T1_ProNm_L,
720575941404748144,720575941512450371,30,VNC_T2_MesoNm_L,
720575941404748144,720575941512450371,9,VNC_WTct_L,
720575941404813680,720575941492308606,3,VNC_IntTct_R,
720575941404813680,720575941535066339,4,VNC_IntTct_R,
720575941404813680,720575941535066339,5,VNC_NTct_R,
720575941404981360,720575941581648479,3,VNC_HTct_L,
720575941404981360,720575941595202085,11,VNC_HTct_L,
720575941404981360,720575941611080010,4,VNC_IntTct_L,
720575941405473327,720575941440464219,3,VNC_NTct_L,
720575941405473327,720575941456678893,4,VNC_WTct_L,
720575941405473327,720575941498935777,5,VNC_NTct_L,
720575941405473327,720575941498935777,6,VNC_WTct_L,
720575941405473327,720575941498935777,6,VNC_unassigned_L,
720575941405473327,720575941653563153,3,VNC_WTct_L,
720575941407841071,720575941393490838,3,VNC_IntTct_L,
720575941407841071,720575941400818723,4,VNC_IntTct_L,
720575941407841071,720575941414508948,6,VNC_IntTct_L,
720575941407841071,720575941414508948,11,VNC_IntTct_R,
720575941407841071,720575941414508948,4,VNC_T1_ProNm_L,
720575941407841071,720575941414508948,8,VNC_T1_ProNm_R,
720575941407841071,720575941429556655,10,VNC_IntTct_R,
720575941407841071,720575941433060622,5,VNC_LTct_L,
720575941407841071,720575941457802480,3,VNC_IntTct_L,
720575941407841071,720575941457802480,6,VNC_IntTct_R,
720575941407841071,720575941457802480,9,VNC_LTct_L,
720575941407841071,720575941457802480,8,VNC_LTct_R,
720575941407841071,720575941469724125,7,VNC_IntTct_L,
720575941407841071,720575941469724125,8,VNC_IntTct_R,
720575941407841071,720575941469724125,13,VNC_T1_ProNm_R,
720575941407841071,720575941474437681,4,VNC_IntTct_R,
720575941407841071,720575941474437681,3,VNC_LTct_L,
720575941407841071,720575941474437681,6,VNC_LTct_R,
720575941407841071,720575941474741819,5,VNC_IntTct_L,
720575941407841071,720575941474741819,4,VNC_LTct_L,
720575941407841071,720575941488475598,3,VNC_IntTct_R,
720575941407841071,720575941488475598,6,VNC_LTct_R,
720575941407841071,720575941488475598,3,VNC_T2_MesoNm_R,
720575941407841071,720575941490833072,3,VNC_LTct_L,
720575941407841071,720575941492303998,3,VNC_IntTct_R,
720575941407841071,720575941515936505,14,VNC_IntTct_R,
720575941407841071,720575941515936505,5,VNC_LTct_L,
720575941407841071,720575941515936505,16,VNC_LTct_R,
720575941407841071,720575941515936505,4,VNC_T2_MesoNm_L,
720575941407841071,720575941515936505,11,VNC_T2_MesoNm_R,
720575941407841071,720575941521031927,3,VNC_IntTct_R,
720575941407841071,720575941521031927,3,VNC_LTct_L,
720575941407841071,720575941522089463,5,VNC_LTct_L,
720575941407841071,720575941522089463,8,VNC_LTct_R,
720575941407841071,720575941523100491,4,VNC_LTct_R,
720575941407841071,720575941545471593,4,VNC_IntTct_R,
720575941407841071,720575941576941045,4,VNC_IntTct_R,
720575941407841071,720575941576941045,4,VNC_LTct_L,
720575941407841071,720575941576941045,8,VNC_LTct_R,
720575941407841071,720575941595021681,4,VNC_IntTct_L,
720575941407841071,720575941595021681,3,VNC_IntTct_R,
720575941407841071,720575941600259369,5,VNC_IntTct_R,
720575941407841071,720575941600259369,5,VNC_LTct_R,
720575941407841071,720575941600259369,8,VNC_T2_MesoNm_R,
720575941407841071,720575941611343337,3,VNC_T3_MetaNm_L,
720575941407841071,720575941630933947,3,VNC_IntTct_R,
720575941407841071,720575941630933947,6,VNC_LTct_L,
720575941407841071,720575941630933947,4,VNC_LTct_R,
720575941407841071,720575941636281205,6,VNC_LTct_L,
720575941407841071,720575941640957029,6,VNC_IntTct_L,
720575941407841071,720575941663099516,4,VNC_LTct_R,
720575941408170799,720575941482212605,4,VNC_T3_MetaNm_L,
720575941408170799,720575941580604661,3,VNC_AMNp_L,
720575941408508078,720575941392667286,4,VNC_IntTct_R,
720575941408508078,720575941408456110,3,VNC_T1_ProNm_R,
720575941408508078,720575941433448224,12,VNC_IntTct_R,
720575941408508078,720575941433448224,3,VNC_LTct_R,
720575941408508078,720575941438659551,4,VNC_ANm_R,
720575941408508078,720575941438659551,14,VNC_T3_MetaNm_R,
720575941408508078,720575941449134202,4,VNC_LTct_R,
720575941408508078,720575941450586958,3,VNC_IntTct_R,
720575941408508078,720575941450586958,3,VNC_T1_ProNm_R,
720575941408508078,720575941457431280,3,VNC_T1_ProNm_R,
720575941408508078,720575941477447530,6,VNC_IntTct_R,
720575941408508078,720575941478598735,3,VNC_ANm_R,
720575941408508078,720575941481086205,5,VNC_T3_MetaNm_R,
720575941408508078,720575941499441291,5,VNC_IntTct_R,
720575941408508078,720575941499441291,7,VNC_WTct_R,
720575941408508078,720575941499725986,7,VNC_IntTct_R,
720575941408508078,720575941499725986,6,VNC_LTct_R,
720575941408508078,720575941499725986,3,VNC_WTct_R,
720575941408508078,720575941504386327,3,VNC_IntTct_R,
720575941408508078,720575941504389655,8,VNC_IntTct_R,
720575941408508078,720575941504389655,5,VNC_WTct_R,
720575941408508078,720575941505536290,4,VNC_ANm_R,
720575941408508078,720575941505536290,8,VNC_IntTct_R,
720575941408508078,720575941505536290,9,VNC_LTct_R,
720575941408508078,720575941505536290,34,VNC_T3_MetaNm_R,
720575941408508078,720575941507442305,7,VNC_IntTct_R,
720575941408508078,720575941516848750,3,VNC_AMNp_R,
720575941408508078,720575941516848750,4,VNC_IntTct_R,
720575941408508078,720575941516848750,10,VNC_LTct_R,
720575941408508078,720575941516848750,5,VNC_T2_MesoNm_R,
720575941408508078,720575941518439347,4,VNC_IntTct_R,
720575941408508078,720575941527241912,3,VNC_ANm_R,
720575941408508078,720575941528573643,3,VNC_WTct_R,
720575941408508078,720575941537501160,12,VNC_IntTct_R,
720575941408508078,720575941537501160,4,VNC_WTct_R,
720575941408508078,720575941543613033,4,VNC_IntTct_R,
720575941408508078,720575941545471593,3,VNC_LTct_R,
720575941408508078,720575941551947263,3,VNC_IntTct_R,
720575941408508078,720575941553520211,4,VNC_IntTct_R,
720575941408508078,720575941558648109,3,VNC_IntTct_R,
720575941408508078,720575941563920999,28,VNC_IntTct_R,
720575941408508078,720575941563920999,6,VNC_LTct_R,
720575941408508078,720575941563920999,13,VNC_T2_MesoNm_R,
720575941408508078,720575941564656791,3,VNC_T3_MetaNm_R,
720575941408508078,720575941566431286,5,VNC_T3_MetaNm_R,
720575941408508078,720575941566802170,11,VNC_IntTct_R,
720575941408508078,720575941566802170,10,VNC_LTct_R,
720575941408508078,720575941566802170,3,VNC_T2_MesoNm_R,
720575941408508078,720575941571420667,12,VNC_IntTct_R,
720575941408508078,720575941571420667,3,VNC_LTct_R,
720575941408508078,720575941571971229,5,VNC_IntTct_R,
720575941408508078,720575941575512424,6,VNC_IntTct_R,
720575941408508078,720575941575753910,3,VNC_LTct_R,
720575941408508078,720575941579804661,19,VNC_IntTct_R,
720575941408508078,720575941579804661,11,VNC_LTct_R,
720575941408508078,720575941579804661,3,VNC_T2_MesoNm_R,
720575941408508078,720575941583637726,3,VNC_IntTct_R,
720575941408508078,720575941588646284,4,VNC_LTct_R,
720575941408508078,720575941589954871,3,VNC_LTct_R,
720575941408508078,720575941595779264,3,VNC_IntTct_R,
720575941408508078,720575941623067338,17,VNC_LTct_R,
720575941408508078,720575941623439754,3,VNC_T3_MetaNm_R,
720575941408508078,720575941625963419,36,VNC_IntTct_R,
720575941408508078,720575941625963419,12,VNC_LTct_R,
720575941408508078,720575941642936696,8,VNC_IntTct_R,
720575941408508078,720575941645261768,11,VNC_ANm_R,
720575941408508078,720575941645261768,19,VNC_T3_MetaNm_R,
720575941408508078,720575941658910032,5,VNC_ANm_R,
720575941408508078,720575941662295352,3,VNC_ANm_R,
720575941408508078,720575941662295352,7,VNC_T3_MetaNm_R,
720575941408508078,720575941669866161,3,VNC_IntTct_R,
720575941408508078,720575941669866161,6,VNC_LTct_R,
720575941408508078,720575941678420925,14,VNC_IntTct_R,
720575941408535343,720575941450559566,4,VNC_T2_MesoNm_L,
720575941408535343,720575941501002731,4,VNC_T2_MesoNm_L,
720575941408535343,720575941501135191,6,VNC_IntTct_L,
720575941408535343,720575941501135191,13,VNC_T1_ProNm_L,
720575941408535343,720575941600259369,4,VNC_T2_MesoNm_L,
720575941408535343,720575941703131610,11,VNC_T1_ProNm_L,
720575941408568238,720575941461251027,5,VNC_T1_ProNm_R,
720575941408568238,720575941491175399,3,VNC_T2_MesoNm_R,
720575941408568238,720575941586471646,10,VNC_T1_ProNm_R,
720575941408568238,720575941623130314,5,VNC_T1_ProNm_R,
720575941408577327,720575941461251027,53,VNC_T1_ProNm_R,
720575941408639535,720575941428209912,3,VNC_NTct_L,
720575941408639535,720575941450559566,6,VNC_T2_MesoNm_L,
720575941408639535,720575941498948425,3,VNC_WTct_L,
720575941408639535,720575941504456386,3,VNC_WTct_L,
720575941408639535,720575941521485643,3,VNC_WTct_L,
720575941408639535,720575941553418724,3,VNC_WTct_L,
720575941408639535,720575941571427323,4,VNC_WTct_L,
720575941408639535,720575941590291084,3,VNC_T2_MesoNm_L,
720575941408661934,720575941429439959,50,VNC_IntTct_L,
720575941408661934,720575941429439959,5,VNC_IntTct_R,
720575941408661934,720575941429439959,15,VNC_LTct_L,
720575941408661934,720575941429439959,5,VNC_T2_MesoNm_L,
720575941408661934,720575941479084227,3,VNC_IntTct_L,
720575941408661934,720575941485196752,16,VNC_IntTct_L,
720575941408661934,720575941485196752,8,VNC_LTct_L,
720575941408661934,720575941485196752,3,VNC_T1_ProNm_L,
720575941408661934,720575941499725986,3,VNC_IntTct_R,
720575941408661934,720575941505536290,3,VNC_ANm_L,
720575941408661934,720575941508255266,11,VNC_IntTct_L,
720575941408661934,720575941508255266,10,VNC_LTct_L,
720575941408661934,720575941512896099,4,VNC_IntTct_R,
720575941408661934,720575941519213016,12,VNC_IntTct_L,
720575941408661934,720575941519213016,5,VNC_LTct_L,
720575941408661934,720575941535047690,13,VNC_IntTct_L,
720575941408661934,720575941535047690,3,VNC_IntTct_R,
720575941408661934,720575941537501160,9,VNC_IntTct_L,
720575941408661934,720575941539355517,5,VNC_LTct_R,
720575941408661934,720575941559947279,7,VNC_IntTct_L,
720575941408661934,720575941559947279,6,VNC_LTct_L,
720575941408661934,720575941559947279,5,VNC_T2_MesoNm_L,
720575941408661934,720575941615272601,17,VNC_LTct_L,
720575941408661934,720575941631975621,12,VNC_IntTct_L,
720575941408661934,720575941631975621,7,VNC_LTct_L,
720575941408661934,720575941631975621,4,VNC_T2_MesoNm_L,
720575941408661934,720575941640900453,5,VNC_ANm_L,
720575941408661934,720575941640900453,5,VNC_IntTct_L,
720575941408661934,720575941640900453,3,VNC_IntTct_R,
720575941408661934,720575941640900453,5,VNC_LTct_L,
720575941408661934,720575941640900453,3,VNC_T3_MetaNm_L,
720575941408661934,720575941640900453,5,VNC_T3_MetaNm_R,
720575941409225902,720575941401776931,3,VNC_IntTct_L,
720575941409225902,720575941401776931,3,VNC_LTct_L,
720575941409225902,720575941518316471,3,VNC_T2_MesoNm_L,
720575941409225902,720575941542907933,3,VNC_LTct_L,
720575941409225902,720575941552643390,19,VNC_AMNp_L,
720575941409225902,720575941575691624,4,VNC_AMNp_L,
720575941409225902,720575941614874325,3,VNC_LTct_L,
720575941409225902,720575941619873663,9,VNC_IntTct_L,
720575941409225902,720575941619873663,11,VNC_T1_ProNm_L,
720575941409225902,720575941642411877,3,VNC_T2_MesoNm_L,
720575941411212715,720575941439017423,6,VNC_HTct_L,
720575941411212715,720575941439083983,7,VNC_HTct_L,
720575941411212715,720575941447423837,7,VNC_WTct_L,
720575941411212715,720575941450576297,3,VNC_HTct_L,
720575941411212715,720575941456678893,22,VNC_NTct_L,
720575941411212715,720575941456678893,3,VNC_WTct_L,
720575941411212715,720575941472385083,5,VNC_HTct_L,
720575941411212715,720575941474394673,3,VNC_HTct_L,
720575941411212715,720575941478289376,3,VNC_HTct_L,
720575941411212715,720575941485422221,4,VNC_WTct_L,
720575941411212715,720575941492318128,5,VNC_WTct_L,
720575941411212715,720575941500845035,3,VNC_WTct_L,
720575941411212715,720575941500995051,6,VNC_WTct_L,
720575941411212715,720575941501041643,4,VNC_NTct_L,
720575941411212715,720575941503499755,13,VNC_HTct_L,
720575941411212715,720575941503499755,7,VNC_WTct_L,
720575941411212715,720575941504492357,6,VNC_HTct_L,
720575941411212715,720575941508509569,6,VNC_HTct_L,
720575941411212715,720575941513033219,9,VNC_HTct_L,
720575941411212715,720575941513033219,4,VNC_IntTct_L,
720575941411212715,720575941513033219,6,VNC_WTct_L,
720575941411212715,720575941526406532,7,VNC_WTct_L,
720575941411212715,720575941533201857,3,VNC_WTct_L,
720575941411212715,720575941534118322,3,VNC_HTct_L,
720575941411212715,720575941538289379,6,VNC_HTct_L,
720575941411212715,720575941552329729,7,VNC_HTct_L,
720575941411212715,720575941553338778,4,VNC_WTct_L,
720575941411212715,720575941559096302,5,VNC_WTct_L,
720575941411212715,720575941559331443,5,VNC_HTct_L,
720575941411212715,720575941566756602,3,VNC_HTct_L,
720575941411212715,720575941569574046,9,VNC_NTct_L,
720575941411212715,720575941569574046,8,VNC_WTct_L,
720575941411212715,720575941576986705,5,VNC_unassigned_L,
720575941411212715,720575941579809013,3,VNC_IntTct_L,
720575941411212715,720575941579809013,6,VNC_NTct_L,
720575941411212715,720575941579809013,29,VNC_WTct_L,
720575941411212715,720575941579868917,13,VNC_NTct_L,
720575941411212715,720575941602315454,9,VNC_HTct_L,
720575941411212715,720575941641423442,3,VNC_HTct_L,
720575941411212715,720575941641495634,3,VNC_WTct_L,
720575941411212715,720575941656239440,8,VNC_HTct_L,
720575941411212715,720575941688253080,10,VNC_NTct_L,
720575941411441323,720575941399264291,3,VNC_WTct_L,
720575941411441323,720575941409904495,3,VNC_HTct_R,
720575941411441323,720575941409904495,3,VNC_WTct_R,
720575941411441323,720575941410021231,3,VNC_IntTct_R,
720575941411441323,720575941411829396,3,VNC_NTct_R,
720575941411441323,720575941412443540,4,VNC_IntTct_L,
720575941411441323,720575941412445332,5,VNC_WTct_R,
720575941411441323,720575941413920540,4,VNC_HTct_R,
720575941411441323,720575941414326161,3,VNC_IntTct_L,
720575941411441323,720575941429324641,3,VNC_HTct_L,
720575941411441323,720575941432002574,8,VNC_HTct_R,
720575941411441323,720575941432778638,10,VNC_IntTct_R,
720575941411441323,720575941432778638,4,VNC_WTct_R,
720575941411441323,720575941440620379,4,VNC_IntTct_L,
720575941411441323,720575941442374058,3,VNC_LTct_R,
720575941411441323,720575941442374058,4,VNC_unassigned_R,
720575941411441323,720575941442926762,7,VNC_HTct_L,
720575941411441323,720575941447048117,3,VNC_HTct_R,
720575941411441323,720575941456244127,3,VNC_WTct_R,
720575941411441323,720575941457140550,4,VNC_unassigned_R,
720575941411441323,720575941458656467,8,VNC_HTct_R,
720575941411441323,720575941458656467,3,VNC_IntTct_L,
720575941411441323,720575941458656467,5,VNC_WTct_L,
720575941411441323,720575941458656467,4,VNC_WTct_R,
720575941411441323,720575941470474763,3,VNC_HTct_L,
720575941411441323,720575941470474763,3,VNC_WTct_R,
720575941411441323,720575941471188599,3,VNC_HTct_L,
720575941411441323,720575941474437681,5,VNC_IntTct_R,
720575941411441323,720575941474437681,3,VNC_unassigned_R,
720575941411441323,720575941475749994,4,VNC_HTct_R,
720575941411441323,720575941475749994,10,VNC_IntTct_L,
720575941411441323,720575941477927042,10,VNC_NTct_L,
720575941411441323,720575941481020925,7,VNC_HTct_R,
720575941411441323,720575941481020925,4,VNC_IntTct_L,
720575941411441323,720575941485138896,6,VNC_IntTct_L,
720575941411441323,720575941485138896,4,VNC_WTct_L,
720575941411441323,720575941485138896,8,VNC_WTct_R,
720575941411441323,720575941488755148,5,VNC_HTct_L,
720575941411441323,720575941488755148,3,VNC_IntTct_L,
720575941411441323,720575941489071335,3,VNC_IntTct_L,
720575941411441323,720575941489071335,5,VNC_IntTct_R,
720575941411441323,720575941490833072,3,VNC_IntTct_L,
720575941411441323,720575941492303998,3,VNC_IntTct_L,
720575941411441323,720575941492303998,3,VNC_unassigned_R,
720575941411441323,720575941492318128,4,VNC_IntTct_L,
720575941411441323,720575941492318128,3,VNC_WTct_L,
720575941411441323,720575941492446078,9,VNC_IntTct_R,
720575941411441323,720575941493701246,3,VNC_WTct_L,
720575941411441323,720575941494144199,5,VNC_IntTct_L,
720575941411441323,720575941494969726,4,VNC_IntTct_L,
720575941411441323,720575941494969726,3,VNC_IntTct_R,
720575941411441323,720575941494969726,3,VNC_WTct_R,
720575941411441323,720575941496949410,6,VNC_WTct_R,
720575941411441323,720575941499426699,5,VNC_IntTct_R,
720575941411441323,720575941501845554,4,VNC_IntTct_R,
720575941411441323,720575941505889409,3,VNC_IntTct_R,
720575941411441323,720575941505889409,5,VNC_NTct_L,
720575941411441323,720575941505889409,6,VNC_WTct_L,
720575941411441323,720575941510611922,6,VNC_HTct_R,
720575941411441323,720575941510611922,3,VNC_IntTct_L,
720575941411441323,720575941512899427,7,VNC_IntTct_R,
720575941411441323,720575941513160697,3,VNC_WTct_L,
720575941411441323,720575941513177091,4,VNC_HTct_L,
720575941411441323,720575941517717420,3,VNC_NTct_R,
720575941411441323,720575941519230168,6,VNC_IntTct_R,
720575941411441323,720575941521986227,3,VNC_IntTct_L,
720575941411441323,720575941524021860,3,VNC_LTct_L,
720575941411441323,720575941524196683,4,VNC_WTct_R,
720575941411441323,720575941524280857,4,VNC_WTct_L,
720575941411441323,720575941525219494,4,VNC_HTct_R,
720575941411441323,720575941526701412,3,VNC_ANm_L,
720575941411441323,720575941526701412,32,VNC_HTct_L,
720575941411441323,720575941526701412,6,VNC_HTct_R,
720575941411441323,720575941526701412,6,VNC_IntTct_L,
720575941411441323,720575941526701412,8,VNC_T3_MetaNm_L,
720575941411441323,720575941526701412,6,VNC_T3_MetaNm_R,
720575941411441323,720575941532423000,4,VNC_HTct_L,
720575941411441323,720575941533073674,5,VNC_IntTct_L,
720575941411441323,720575941533258689,6,VNC_NTct_L,
720575941411441323,720575941535001010,4,VNC_IntTct_L,
720575941411441323,720575941535136739,3,VNC_HTct_R,
720575941411441323,720575941536368370,5,VNC_HTct_R,
720575941411441323,720575941536368370,4,VNC_IntTct_R,
720575941411441323,720575941537881981,3,VNC_IntTct_R,
720575941411441323,720575941540100381,5,VNC_IntTct_L,
720575941411441323,720575941540246909,4,VNC_HTct_R,
720575941411441323,720575941544695732,4,VNC_IntTct_R,
720575941411441323,720575941544982716,4,VNC_HTct_L,
720575941411441323,720575941544982716,3,VNC_IntTct_L,
720575941411441323,720575941545372296,4,VNC_HTct_L,
720575941411441323,720575941547347316,4,VNC_WTct_R,
720575941411441323,720575941549166079,5,VNC_HTct_R,
720575941411441323,720575941551321371,4,VNC_NTct_R,
720575941411441323,720575941552622398,6,VNC_HTct_L,
720575941411441323,720575941552622398,3,VNC_HTct_R,
720575941411441323,720575941555505188,5,VNC_HTct_R,
720575941411441323,720575941555505188,3,VNC_IntTct_L,
720575941411441323,720575941555505188,8,VNC_NTct_R,
720575941411441323,720575941555505188,5,VNC_WTct_R,
720575941411441323,720575941555505188,3,VNC_unassigned_R,
720575941411441323,720575941558343725,3,VNC_WTct_R,
720575941411441323,720575941558646061,5,VNC_IntTct_L,
720575941411441323,720575941562021376,4,VNC_IntTct_L,
720575941411441323,720575941562021376,6,VNC_IntTct_R,
720575941411441323,720575941562021376,6,VNC_WTct_L,
720575941411441323,720575941562021376,6,VNC_WTct_R,
720575941411441323,720575941563450678,3,VNC_HTct_L,
720575941411441323,720575941563450678,7,VNC_IntTct_L,
720575941411441323,720575941563450678,3,VNC_WTct_R,
720575941411441323,720575941565459095,3,VNC_HTct_R,
720575941411441323,720575941565459095,3,VNC_WTct_L,
720575941411441323,720575941565495655,5,VNC_IntTct_L,
720575941411441323,720575941566756602,4,VNC_IntTct_L,
720575941411441323,720575941568697844,3,VNC_IntTct_R,
720575941411441323,720575941569707422,3,VNC_HTct_L,
720575941411441323,720575941569707422,7,VNC_HTct_R,
720575941411441323,720575941571492859,3,VNC_HTct_R,
720575941411441323,720575941571516936,5,VNC_IntTct_L,
720575941411441323,720575941571516936,3,VNC_LTct_L,
720575941411441323,720575941571516936,9,VNC_WTct_L,
720575941411441323,720575941571906717,11,VNC_IntTct_L,
720575941411441323,720575941571997085,8,VNC_NTct_L,
720575941411441323,720575941575397263,14,VNC_HTct_L,
720575941411441323,720575941575397263,26,VNC_HTct_R,
720575941411441323,720575941575800665,4,VNC_LTct_R,
720575941411441323,720575941575800665,4,VNC_unassigned_R,
720575941411441323,720575941579779961,3,VNC_WTct_L,
720575941411441323,720575941588652940,5,VNC_HTct_L,
720575941411441323,720575941588652940,3,VNC_HTct_R,
720575941411441323,720575941590840062,3,VNC_HTct_R,
720575941411441323,720575941590840062,7,VNC_IntTct_L,
720575941411441323,720575941594213927,8,VNC_IntTct_L,
720575941411441323,720575941597512640,3,VNC_IntTct_R,
720575941411441323,720575941608287818,4,VNC_HTct_R,
720575941411441323,720575941608310346,3,VNC_IntTct_R,
720575941411441323,720575941609330605,3,VNC_IntTct_L,
720575941411441323,720575941609481062,3,VNC_HTct_R,
720575941411441323,720575941610587612,3,VNC_T3_MetaNm_R,
720575941411441323,720575941610953446,3,VNC_unassigned_R,
720575941411441323,720575941623108298,6,VNC_HTct_L,
720575941411441323,720575941623108298,29,VNC_HTct_R,
720575941411441323,720575941623108298,27,VNC_IntTct_R,
720575941411441323,720575941623108298,4,VNC_LTct_R,
720575941411441323,720575941623108298,4,VNC_NTct_R,
720575941411441323,720575941623108298,5,VNC_WTct_L,
720575941411441323,720575941623108298,36,VNC_WTct_R,
720575941411441323,720575941623108298,6,VNC_unassigned_R,
720575941411441323,720575941623126474,3,VNC_WTct_R,
720575941411441323,720575941623328108,7,VNC_IntTct_L,
720575941411441323,720575941623328108,4,VNC_IntTct_R,
720575941411441323,720575941623328108,3,VNC_LTct_L,
720575941411441323,720575941623328108,3,VNC_LTct_R,
720575941411441323,720575941625907769,5,VNC_IntTct_L,
720575941411441323,720575941625932682,5,VNC_IntTct_L,
720575941411441323,720575941628591330,4,VNC_HTct_L,
720575941411441323,720575941629354476,4,VNC_HTct_L,
720575941411441323,720575941629354476,6,VNC_HTct_R,
720575941411441323,720575941629354476,8,VNC_WTct_R,
720575941411441323,720575941630933947,3,VNC_IntTct_L,
720575941411441323,720575941630959803,6,VNC_HTct_R,
720575941411441323,720575941652191961,7,VNC_NTct_L,
720575941411441323,720575941655827480,4,VNC_IntTct_R,
720575941411441323,720575941655827480,9,VNC_NTct_R,
720575941411441323,720575941663099516,3,VNC_HTct_R,
720575941411441323,720575941663099516,3,VNC_IntTct_L,
720575941411441323,720575941663099516,3,VNC_IntTct_R,
720575941411441323,720575941671138727,12,VNC_HTct_L,
720575941411441323,720575941671138727,3,VNC_HTct_R,
720575941411441323,720575941671138727,32,VNC_IntTct_L,
720575941411441323,720575941671138727,3,VNC_IntTct_R,
720575941411441323,720575941671138727,4,VNC_LTct_L,
720575941411441323,720575941671138727,11,VNC_NTct_L,
720575941411441323,720575941671138727,31,VNC_WTct_L,
720575941411441323,720575941671138727,4,VNC_WTct_R,
720575941411441323,720575941671138727,8,VNC_unassigned_L,
720575941411441323,720575941671138727,3,VNC_unassigned_R,
720575941411441323,720575941684876527,3,VNC_WTct_R,
720575941411441323,720575941688042203,4,VNC_WTct_R,
720575941411441323,720575941721193018,3,VNC_IntTct_L,
720575941411441323,720575941721193018,9,VNC_IntTct_R,
720575941411441323,720575941721193018,4,VNC_WTct_R,
720575941411441323,720575941721193018,3,VNC_unassigned_L,
720575941411472555,720575941433032718,3,VNC_IntTct_L,
720575941411472555,720575941457147206,3,VNC_IntTct_L,
720575941411472555,720575941474571572,13,VNC_T3_MetaNm_L,
720575941411472555,720575941477166622,22,VNC_IntTct_L,
720575941411472555,720575941477166622,5,VNC_T2_MesoNm_L,
720575941411472555,720575941481012989,12,VNC_IntTct_L,
720575941411472555,720575941501984651,5,VNC_IntTct_L,
720575941411472555,720575941518407607,3,VNC_IntTct_L,
720575941411472555,720575941569659806,9,VNC_IntTct_L,
720575941411472555,720575941572851087,3,VNC_IntTct_L,
720575941411472555,720575941583511518,5,VNC_IntTct_L,
720575941412619631,720575941424930644,3,VNC_IntTct_L,
720575941412619631,720575941429439959,11,VNC_IntTct_L,
720575941412619631,720575941429439959,3,VNC_LTct_L,
720575941412619631,720575941429439959,3,VNC_T2_MesoNm_L,
720575941412619631,720575941473850720,12,VNC_IntTct_L,
720575941412619631,720575941473850720,8,VNC_T1_ProNm_L,
720575941412619631,720575941473850720,3,VNC_T2_MesoNm_L,
720575941412619631,720575941481012989,7,VNC_IntTct_L,
720575941412619631,720575941535047690,20,VNC_IntTct_L,
720575941412619631,720575941535047690,3,VNC_LTct_L,
720575941412619631,720575941535047690,5,VNC_T2_MesoNm_L,
720575941412619631,720575941537501160,7,VNC_IntTct_L,
720575941412619631,720575941559947279,3,VNC_T2_MesoNm_L,
720575941412619631,720575941628592866,4,VNC_IntTct_L,
720575941413189999,720575941479084227,4,VNC_WTct_L,
720575941413189999,720575941485196752,4,VNC_AMNp_L,
720575941413189999,720575941485196752,5,VNC_IntTct_L,
720575941413189999,720575941496047433,3,VNC_IntTct_L,
720575941413189999,720575941501802434,3,VNC_IntTct_L,
720575941413189999,720575941505536290,21,VNC_T3_MetaNm_L,
720575941413189999,720575941508255266,11,VNC_IntTct_L,
720575941413189999,720575941559947279,3,VNC_LTct_L,
720575941413189999,720575941570823752,3,VNC_IntTct_L,
720575941413189999,720575941580604661,3,VNC_T3_MetaNm_L,
720575941413189999,720575941595871424,6,VNC_IntTct_L,
720575941413189999,720575941595871424,7,VNC_LTct_L,
720575941413642268,720575941477297716,3,VNC_NTct_L,
720575941413642268,720575941525725954,7,VNC_NTct_L,
720575941414262161,720575941390682262,6,VNC_LTct_R,
720575941414262161,720575941390688150,5,VNC_IntTct_R,
720575941414262161,720575941390688150,7,VNC_LTct_R,
720575941414262161,720575941392667286,14,VNC_IntTct_R,
720575941414262161,720575941392667286,6,VNC_LTct_R,
720575941414262161,720575941426616148,3,VNC_IntTct_R,
720575941414262161,720575941426616148,5,VNC_LTct_R,
720575941414262161,720575941449134202,5,VNC_LTct_R,
720575941414262161,720575941450586958,3,VNC_AMNp_R,
720575941414262161,720575941450586958,4,VNC_LTct_R,
720575941414262161,720575941450628218,6,VNC_IntTct_R,
720575941414262161,720575941450628218,10,VNC_LTct_R,
720575941414262161,720575941450628218,3,VNC_T2_MesoNm_R,
720575941414262161,720575941457802480,23,VNC_IntTct_R,
720575941414262161,720575941457802480,57,VNC_LTct_R,
720575941414262161,720575941457802480,4,VNC_T1_ProNm_R,
720575941414262161,720575941459912262,4,VNC_IntTct_R,
720575941414262161,720575941468720139,3,VNC_IntTct_R,
720575941414262161,720575941473679402,6,VNC_LTct_R,
720575941414262161,720575941474571572,23,VNC_T3_MetaNm_R,
720575941414262161,720575941474741819,41,VNC_LTct_R,
720575941414262161,720575941478403178,3,VNC_LTct_R,
720575941414262161,720575941483537338,5,VNC_LTct_R,
720575941414262161,720575941485217744,3,VNC_AMNp_R,
720575941414262161,720575941485217744,9,VNC_IntTct_R,
720575941414262161,720575941485217744,19,VNC_LTct_R,
720575941414262161,720575941486968326,4,VNC_IntTct_R,
720575941414262161,720575941488811468,4,VNC_ANm_R,
720575941414262161,720575941504386327,3,VNC_IntTct_R,
720575941414262161,720575941504386327,10,VNC_LTct_R,
720575941414262161,720575941504386327,3,VNC_T2_MesoNm_R,
720575941414262161,720575941505725790,3,VNC_LTct_R,
720575941414262161,720575941507793680,4,VNC_LTct_R,
720575941414262161,720575941511388881,15,VNC_IntTct_R,
720575941414262161,720575941511388881,5,VNC_LTct_R,
720575941414262161,720575941513160697,10,VNC_IntTct_R,
720575941414262161,720575941519453038,6,VNC_IntTct_R,
720575941414262161,720575941519453038,12,VNC_LTct_R,
720575941414262161,720575941521031927,4,VNC_IntTct_R,
720575941414262161,720575941521031927,11,VNC_LTct_R,
720575941414262161,720575941521236915,8,VNC_T3_MetaNm_R,
720575941414262161,720575941522089463,3,VNC_IntTct_R,
720575941414262161,720575941522089463,6,VNC_LTct_R,
720575941414262161,720575941523074379,7,VNC_LTct_R,
720575941414262161,720575941523100491,5,VNC_LTct_R,
720575941414262161,720575941525847396,21,VNC_IntTct_R,
720575941414262161,720575941525847396,3,VNC_LTct_R,
720575941414262161,720575941527241912,3,VNC_T3_MetaNm_R,
720575941414262161,720575941528086660,18,VNC_LTct_R,
720575941414262161,720575941542922781,3,VNC_T3_MetaNm_R,
720575941414262161,720575941543647420,7,VNC_ANm_R,
720575941414262161,720575941545471593,9,VNC_LTct_R,
720575941414262161,720575941551947263,3,VNC_IntTct_R,
720575941414262161,720575941559321971,4,VNC_LTct_R,
720575941414262161,720575941563253814,6,VNC_IntTct_R,
720575941414262161,720575941592380199,9,VNC_IntTct_R,
720575941414262161,720575941592380199,3,VNC_LTct_R,
720575941414262161,720575941595779264,3,VNC_IntTct_R,
720575941414262161,720575941595779264,5,VNC_LTct_R,
720575941414262161,720575941609429350,5,VNC_IntTct_R,
720575941414262161,720575941609429350,10,VNC_LTct_R,
720575941414262161,720575941609479526,10,VNC_IntTct_R,
720575941414262161,720575941609479526,4,VNC_LTct_R,
720575941414262161,720575941625907769,7,VNC_IntTct_R,
720575941414262161,720575941628730150,3,VNC_AMNp_R,
720575941414262161,720575941636281205,11,VNC_IntTct_R,
720575941414262161,720575941636281205,12,VNC_LTct_R,
720575941414262161,720575941645098401,5,VNC_ANm_R,
720575941414262161,720575941645098401,8,VNC_T3_MetaNm_R,
720575941414262161,720575941652323289,4,VNC_IntTct_R,
720575941414262161,720575941652323289,4,VNC_LTct_R,
720575941414262161,720575941678420925,3,VNC_IntTct_R,
720575941414262161,720575941684940271,3,VNC_T3_MetaNm_R,
720575941414262161,720575941685950326,7,VNC_IntTct_R,
720575941414262161,720575941686473996,5,VNC_IntTct_R,
720575941414262161,720575941686473996,8,VNC_LTct_R,
720575941414262161,720575941700504794,4,VNC_LTct_R,
720575941414341521,720575941401776931,5,VNC_IntTct_R,
720575941414341521,720575941401776931,3,VNC_LTct_R,
720575941414341521,720575941408509867,9,VNC_IntTct_R,
720575941414341521,720575941408509867,8,VNC_WTct_R,
720575941414341521,720575941441318591,9,VNC_IntTct_R,
720575941414341521,720575941458139551,3,VNC_IntTct_R,
720575941414341521,720575941472135179,14,VNC_IntTct_R,
720575941414341521,720575941474334779,8,VNC_HTct_R,
720575941414341521,720575941474334779,3,VNC_T3_MetaNm_R,
720575941414341521,720575941477884802,5,VNC_ANm_R,
720575941414341521,720575941477884802,6,VNC_HTct_R,
720575941414341521,720575941477884802,4,VNC_T3_MetaNm_R,
720575941414341521,720575941504389655,7,VNC_WTct_R,
720575941414341521,720575941517770412,16,VNC_IntTct_R,
720575941414341521,720575941517770412,3,VNC_NTct_R,
720575941414341521,720575941517770412,6,VNC_WTct_R,
720575941414341521,720575941526690841,3,VNC_LTct_L,
720575941414341521,720575941532246762,7,VNC_HTct_R,
720575941414341521,720575941532246762,52,VNC_IntTct_R,
720575941414341521,720575941532246762,4,VNC_LTct_R,
720575941414341521,720575941532246762,3,VNC_unassigned_R,
720575941414341521,720575941535047690,3,VNC_IntTct_L,
720575941414341521,720575941537501160,3,VNC_IntTct_R,
720575941414341521,720575941554049307,3,VNC_WTct_R,
720575941414341521,720575941557612915,11,VNC_IntTct_R,
720575941414341521,720575941562134829,6,VNC_IntTct_R,
720575941414341521,720575941562134829,4,VNC_WTct_R,
720575941414341521,720575941566753274,3,VNC_WTct_R,
720575941414341521,720575941594160421,3,VNC_WTct_R,
720575941414341521,720575941607605101,23,VNC_IntTct_R,
720575941414341521,720575941607605101,5,VNC_WTct_R,
720575941414341521,720575941619873663,3,VNC_IntTct_R,
720575941414341521,720575941619873663,4,VNC_LTct_R,
720575941414341521,720575941625907769,5,VNC_IntTct_R,
720575941414341521,720575941631436524,3,VNC_NTct_R,
720575941414341521,720575941631436524,7,VNC_WTct_R,
720575941414341521,720575941656527128,3,VNC_WTct_R,
720575941414424977,720575941400818723,3,VNC_IntTct_L,
720575941414424977,720575941447013813,11,VNC_HTct_L,
720575941414424977,720575941447013813,5,VNC_IntTct_L,
720575941414424977,720575941465484566,12,VNC_HTct_L,
720575941414424977,720575941465484566,5,VNC_IntTct_L,
720575941414424977,720575941473850720,16,VNC_IntTct_L,
720575941414424977,720575941473850720,3,VNC_T1_ProNm_L,
720575941414424977,720575941477166622,10,VNC_IntTct_L,
720575941414424977,720575941501135191,7,VNC_IntTct_L,
720575941414424977,720575941561320493,5,VNC_HTct_L,
720575941414424977,720575941572251144,14,VNC_HTct_L,
720575941414424977,720575941572251144,15,VNC_IntTct_L,
720575941414424977,720575941581648479,5,VNC_HTct_L,
720575941414424977,720575941583128454,23,VNC_HTct_L,
720575941414424977,720575941583128454,36,VNC_IntTct_L,
720575941414424977,720575941591499627,3,VNC_HTct_L,
720575941414424977,720575941593615211,3,VNC_IntTct_L,
720575941414424977,720575941601088441,11,VNC_HTct_L,
720575941414424977,720575941641574994,5,VNC_HTct_L,
720575941414424977,720575941652640273,4,VNC_IntTct_L,
720575941414424977,720575941652781524,5,VNC_IntTct_L,
720575941414424977,720575941671138727,3,VNC_IntTct_L,
720575941414491028,720575941539355517,7,VNC_LTct_R,
720575941414491028,720575941546727713,3,VNC_AMNp_R,
720575941414491028,720575941645095585,10,VNC_T3_MetaNm_R,
720575941414947220,720575941408481195,3,VNC_LTct_L,
720575941414947220,720575941435693356,5,VNC_AMNp_L,
720575941414947220,720575941438822235,3,VNC_AMNp_L,
720575941414947220,720575941457802480,4,VNC_LTct_L,
720575941414947220,720575941470747968,4,VNC_T2_MesoNm_L,
720575941414947220,720575941474741819,4,VNC_LTct_L,
720575941414947220,720575941479369346,3,VNC_AMNp_L,
720575941414947220,720575941505536290,12,VNC_T3_MetaNm_L,
720575941414947220,720575941511393233,3,VNC_IntTct_L,
720575941414947220,720575941511393233,5,VNC_WTct_L,
720575941414947220,720575941523100491,3,VNC_WTct_L,
720575941414947220,720575941524114276,6,VNC_IntTct_L,
720575941414947220,720575941524114276,4,VNC_LTct_L,
720575941414947220,720575941524114276,7,VNC_WTct_L,
720575941414947220,720575941528729784,5,VNC_AMNp_L,
720575941414947220,720575941546807841,5,VNC_T1_ProNm_L,
720575941414947220,720575941549380351,3,VNC_AMNp_L,
720575941414947220,720575941561775784,8,VNC_AMNp_L,
720575941414947220,720575941561775784,4,VNC_IntTct_L,
720575941414947220,720575941595871424,7,VNC_AMNp_L,
720575941414947220,720575941595871424,11,VNC_IntTct_L,
720575941414947220,720575941595871424,13,VNC_LTct_L,
720575941414947220,720575941595871424,4,VNC_T1_ProNm_L,
720575941414947220,720575941595871424,7,VNC_T2_MesoNm_L,
720575941414947220,720575941611914669,4,VNC_AMNp_L,
720575941414947220,720575941642411877,3,VNC_T2_MesoNm_L,
720575941414947220,720575941670447527,5,VNC_T2_MesoNm_L,
720575941414947220,720575941691313115,4,VNC_AMNp_L,
720575941415224348,720575941464768790,6,VNC_IntTct_R,
720575941415224348,720575941464768790,11,VNC_NTct_R,
720575941415224348,720575941650753297,3,VNC_NTct_R,
720575941415707420,720575941570772296,5,VNC_T2_MesoNm_R,
720575941415707420,720575941576983285,3,VNC_T2_MesoNm_R,
720575941425381716,720575941450876794,5,VNC_IntTct_L,
720575941425381716,720575941496957346,3,VNC_HTct_L,
720575941425381716,720575941555186074,3,VNC_IntTct_L,
720575941425381716,720575941588615052,3,VNC_IntTct_L,
720575941425381716,720575941684706543,7,VNC_IntTct_L,
720575941426612564,720575941432722574,7,VNC_unassigned_R,
720575941426612564,720575941453962221,3,VNC_IntTct_R,
720575941426612564,720575941477927042,4,VNC_HTct_R,
720575941426612564,720575941551321371,5,VNC_WTct_R,
720575941426612564,720575941558589229,8,VNC_WTct_R,
720575941426612564,720575941623108298,6,VNC_HTct_R,
720575941426612564,720575941623108298,3,VNC_IntTct_R,
720575941426612564,720575941623108298,4,VNC_WTct_R,
720575941426612564,720575941652647185,3,VNC_HTct_R,
720575941426612564,720575941670676135,3,VNC_WTct_L,
720575941427901012,720575941501135191,3,VNC_T1_ProNm_L,
720575941427934548,720575941433032718,4,VNC_T3_MetaNm_L,
720575941427934548,720575941464168534,4,VNC_T1_ProNm_L,
720575941427934548,720575941527126712,4,VNC_ANm_R,
720575941428164233,720575941586471646,3,VNC_T1_ProNm_R,
720575941428164233,720575941623130314,6,VNC_T1_ProNm_R,
720575941429866593,720575941460225936,3,VNC_IntTct_R,
720575941429866593,720575941460225936,3,VNC_NTct_R,
720575941429866593,720575941505774209,3,VNC_IntTct_R,
720575941429866593,720575941535073770,8,VNC_HTct_R,
720575941429866593,720575941546335676,3,VNC_WTct_R,
720575941429866593,720575941593615211,3,VNC_IntTct_R,
720575941429866593,720575941630933947,4,VNC_IntTct_R,
720575941430069641,720575941413990172,6,VNC_HTct_R,
720575941430069641,720575941474334779,4,VNC_ANm_R,
720575941430069641,720575941474334779,50,VNC_HTct_R,
720575941430069641,720575941535073770,5,VNC_HTct_R,
720575941430069641,720575941540246909,5,VNC_ANm_R,
720575941430069641,720575941540246909,15,VNC_HTct_R,
720575941430069641,720575941540246909,3,VNC_IntTct_R,
720575941430069641,720575941544721844,3,VNC_ANm_R,
720575941430069641,720575941557612915,5,VNC_HTct_R,
720575941430069641,720575941558661165,5,VNC_HTct_R,
720575941430069641,720575941564417024,14,VNC_HTct_R,
720575941430069641,720575941599444777,10,VNC_NTct_R,
720575941430069641,720575941608991050,14,VNC_HTct_R,
720575941430069641,720575941608991050,17,VNC_IntTct_R,
720575941430069641,720575941633071008,3,VNC_NTct_R,
720575941430069641,720575941640895589,8,VNC_NTct_R,
720575941430069641,720575941655866648,3,VNC_HTct_R,
720575941430069641,720575941722082874,4,VNC_HTct_R,
720575941430069641,720575941722082874,9,VNC_IntTct_R,
720575941430120289,720575941474259754,3,VNC_T2_MesoNm_R,
720575941430120289,720575941501352535,4,VNC_T2_MesoNm_R,
720575941430120289,720575941586471646,4,VNC_T1_ProNm_R,
720575941430120289,720575941627995705,4,VNC_T2_MesoNm_R,
720575941430250377,720575941394069654,3,VNC_HTct_L,
720575941430250377,720575941399309603,9,VNC_IntTct_L,
720575941430250377,720575941399309603,11,VNC_WTct_L,
720575941430250377,720575941410007663,10,VNC_HTct_L,
720575941430250377,720575941410007663,3,VNC_IntTct_L,
720575941430250377,720575941412323473,5,VNC_HTct_L,
720575941430250377,720575941412323473,8,VNC_IntTct_L,
720575941430250377,720575941429361249,8,VNC_HTct_L,
720575941430250377,720575941429361249,3,VNC_IntTct_L,
720575941430250377,720575941439063503,3,VNC_IntTct_L,
720575941430250377,720575941447786574,6,VNC_HTct_L,
720575941430250377,720575941447808334,3,VNC_HTct_L,
720575941430250377,720575941450876794,13,VNC_HTct_L,
720575941430250377,720575941450876794,4,VNC_IntTct_L,
720575941430250377,720575941450876794,4,VNC_WTct_L,
720575941430250377,720575941452164915,3,VNC_HTct_L,
720575941430250377,720575941457147206,15,VNC_HTct_L,
720575941430250377,720575941457147206,25,VNC_IntTct_L,
720575941430250377,720575941457147206,8,VNC_NTct_L,
720575941430250377,720575941457147206,8,VNC_WTct_L,
720575941430250377,720575941459514512,7,VNC_HTct_L,
720575941430250377,720575941459926086,4,VNC_IntTct_L,
720575941430250377,720575941459926086,4,VNC_NTct_L,
720575941430250377,720575941464073558,3,VNC_HTct_L,
720575941430250377,720575941464073558,3,VNC_IntTct_L,
720575941430250377,720575941471203447,11,VNC_HTct_L,
720575941430250377,720575941471203447,4,VNC_IntTct_L,
720575941430250377,720575941476130097,4,VNC_NTct_L,
720575941430250377,720575941477166622,4,VNC_HTct_L,
720575941430250377,720575941477166622,6,VNC_IntTct_L,
720575941430250377,720575941477166622,4,VNC_NTct_L,
720575941430250377,720575941477166622,7,VNC_WTct_L,
720575941430250377,720575941478390607,3,VNC_HTct_L,
720575941430250377,720575941501041643,4,VNC_IntTct_L,
720575941430250377,720575941501129047,3,VNC_HTct_L,
720575941430250377,720575941508542674,10,VNC_HTct_L,
720575941430250377,720575941508542674,5,VNC_IntTct_L,
720575941430250377,720575941517764824,3,VNC_HTct_L,
720575941430250377,720575941517764824,3,VNC_IntTct_L,
720575941430250377,720575941518407607,3,VNC_HTct_L,
720575941430250377,720575941520333047,3,VNC_HTct_L,
720575941430250377,720575941520333047,4,VNC_WTct_L,
720575941430250377,720575941521986227,3,VNC_IntTct_L,
720575941430250377,720575941524280857,8,VNC_WTct_L,
720575941430250377,720575941532334424,3,VNC_HTct_L,
720575941430250377,720575941532349362,6,VNC_HTct_L,
720575941430250377,720575941534709482,3,VNC_HTct_L,
720575941430250377,720575941535331338,5,VNC_IntTct_L,
720575941430250377,720575941535331338,5,VNC_WTct_L,
720575941430250377,720575941542900997,4,VNC_NTct_L,
720575941430250377,720575941543669765,4,VNC_HTct_L,
720575941430250377,720575941543669765,6,VNC_IntTct_L,
720575941430250377,720575941547259197,4,VNC_HTct_L,
720575941430250377,720575941549840702,6,VNC_HTct_L,
720575941430250377,720575941549840702,4,VNC_WTct_L,
720575941430250377,720575941560631464,3,VNC_IntTct_L,
720575941430250377,720575941569659806,3,VNC_HTct_L,
720575941430250377,720575941569659806,3,VNC_IntTct_L,
720575941430250377,720575941572251144,5,VNC_HTct_L,
720575941430250377,720575941583128454,3,VNC_HTct_L,
720575941430250377,720575941583511518,7,VNC_IntTct_L,
720575941430250377,720575941583511518,3,VNC_NTct_L,
720575941430250377,720575941588018942,4,VNC_HTct_L,
720575941430250377,720575941588018942,3,VNC_IntTct_L,
720575941430250377,720575941588061438,4,VNC_NTct_L,
720575941430250377,720575941592602149,6,VNC_WTct_L,
720575941430250377,720575941594213927,3,VNC_HTct_L,
720575941430250377,720575941601088441,7,VNC_HTct_L,
720575941430250377,720575941601088441,3,VNC_IntTct_L,
720575941430250377,720575941601092537,5,VNC_IntTct_L,
720575941430250377,720575941601209590,8,VNC_NTct_L,
720575941430250377,720575941601243321,3,VNC_NTct_L,
720575941430250377,720575941608861929,6,VNC_HTct_L,
720575941430250377,720575941608861929,6,VNC_IntTct_L,
720575941430250377,720575941608861929,6,VNC_WTct_L,
720575941430250377,720575941621616380,4,VNC_WTct_L,
720575941430250377,720575941628591330,3,VNC_HTct_L,
720575941430250377,720575941652781524,6,VNC_NTct_L,
720575941430250377,720575941687572492,5,VNC_IntTct_L,
720575941430250377,720575941688253080,4,VNC_NTct_L,
720575941430513289,720575941535066339,6,VNC_IntTct_R,
720575941430513289,720575941535066339,5,VNC_NTct_R,
720575941430607753,720575941466509590,16,VNC_IntTct_L,
720575941430607753,720575941474935105,10,VNC_IntTct_L,
720575941430607753,720575941475996465,6,VNC_IntTct_L,
720575941430607753,720575941496047433,3,VNC_IntTct_L,
720575941430607753,720575941521031927,5,VNC_IntTct_L,
720575941430607753,720575941521031927,3,VNC_T2_MesoNm_L,
720575941430607753,720575941521069751,11,VNC_IntTct_L,
720575941430607753,720575941545471593,15,VNC_IntTct_L,
720575941430610095,720575941657718552,9,VNC_HTct_R,
720575941430610095,720575941657718552,4,VNC_unassigned_R,
720575941430630392,720575941407101614,6,VNC_IntTct_R,
720575941430630392,720575941428277752,4,VNC_IntTct_R,
720575941430630392,720575941459554960,7,VNC_IntTct_R,
720575941430630392,720575941480550018,4,VNC_HTct_R,
720575941430630392,720575941499744162,3,VNC_HTct_R,
720575941430630392,720575941524294169,3,VNC_IntTct_R,
720575941430630392,720575941573956239,3,VNC_HTct_R,
720575941430630392,720575941575684953,5,VNC_HTct_R,
720575941430630392,720575941584808158,3,VNC_HTct_R,
720575941430630392,720575941623399788,10,VNC_IntTct_R,
720575941430630392,720575941626940710,7,VNC_IntTct_R,
720575941430630392,720575941644908408,8,VNC_HTct_R,
720575941430975329,720575941400710435,14,VNC_HTct_R,
720575941430975329,720575941411791764,3,VNC_NTct_R,
720575941430975329,720575941456373151,4,VNC_HTct_R,
720575941430975329,720575941458373587,16,VNC_NTct_R,
720575941430975329,720575941528944568,6,VNC_HTct_R,
720575941430975329,720575941529799608,5,VNC_HTct_R,
720575941430975329,720575941537528050,4,VNC_HTct_R,
720575941430975329,720575941573956239,3,VNC_HTct_R,
720575941430975329,720575941575684953,4,VNC_HTct_R,
720575941430975329,720575941649244949,3,VNC_HTct_R,
720575941431097737,720575941402032240,5,VNC_WTct_R,
720575941431097737,720575941402059632,3,VNC_IntTct_R,
720575941431097737,720575941450628218,3,VNC_IntTct_R,
720575941431097737,720575941450628218,3,VNC_T1_ProNm_R,
720575941431097737,720575941457431280,7,VNC_IntTct_R,
720575941431097737,720575941458373587,3,VNC_IntTct_R,
720575941431097737,720575941458373587,3,VNC_NTct_R,
720575941431097737,720575941460195780,3,VNC_IntTct_R,
720575941431097737,720575941460235152,7,VNC_WTct_R,
720575941431097737,720575941484663558,3,VNC_WTct_R,
720575941431097737,720575941485217744,6,VNC_IntTct_R,
720575941431097737,720575941489819081,3,VNC_NTct_R,
720575941431097737,720575941489819081,5,VNC_WTct_R,
720575941431097737,720575941496949410,3,VNC_IntTct_R,
720575941431097737,720575941498482043,3,VNC_IntTct_R,
720575941431097737,720575941501990283,4,VNC_WTct_R,
720575941431097737,720575941508354770,4,VNC_WTct_R,
720575941431097737,720575941523074379,3,VNC_IntTct_R,
720575941431097737,720575941533234954,5,VNC_WTct_R,
720575941431097737,720575941533819162,3,VNC_LTct_R,
720575941431097737,720575941533819162,3,VNC_WTct_R,
720575941431097737,720575941536309141,3,VNC_IntTct_R,
720575941431097737,720575941536318869,13,VNC_T2_MesoNm_R,
720575941431097737,720575941536318869,4,VNC_WTct_R,
720575941431097737,720575941540185213,6,VNC_T2_MesoNm_R,
720575941431097737,720575941547164084,38,VNC_T2_MesoNm_R,
720575941431097737,720575941551384091,3,VNC_WTct_R,
720575941431097737,720575941559929615,5,VNC_T2_MesoNm_R,
720575941431097737,720575941562051752,4,VNC_T2_MesoNm_R,
720575941431097737,720575941573038843,3,VNC_IntTct_R,
720575941431097737,720575941579027321,3,VNC_IntTct_R,
720575941431097737,720575941594160421,8,VNC_T2_MesoNm_R,
720575941431097737,720575941594160421,6,VNC_WTct_R,
720575941431097737,720575941595919217,4,VNC_T2_MesoNm_R,
720575941431097737,720575941608350794,3,VNC_T2_MesoNm_R,
720575941431097737,720575941613448668,65,VNC_T2_MesoNm_R,
720575941431097737,720575941625962139,17,VNC_T2_MesoNm_R,
720575941431097737,720575941631436524,12,VNC_T1_ProNm_R,
720575941431097737,720575941644081490,3,VNC_T3_MetaNm_R,
720575941431097737,720575941652536593,3,VNC_WTct_R,
720575941431097737,720575941656236112,3,VNC_WTct_R,
720575941431184559,720575941428412809,3,VNC_WTct_L,
720575941431184559,720575941449258106,4,VNC_WTct_L,
720575941431184559,720575941461636804,3,VNC_T1_ProNm_L,
720575941431184559,720575941498482043,4,VNC_T1_ProNm_R,
720575941431184559,720575941521069751,10,VNC_WTct_L,
720575941431184559,720575941602987510,3,VNC_ANm_L,
720575941431184559,720575941602987510,3,VNC_T3_MetaNm_L,
720575941431184559,720575941688644470,4,VNC_ANm_R,
720575941431184559,720575941691313115,10,VNC_WTct_L,
720575941431211951,720575941408421291,10,VNC_LTct_L,
720575941431211951,720575941408421291,5,VNC_T2_MesoNm_L,
720575941431211951,720575941408421291,6,VNC_T3_MetaNm_L,
720575941431211951,720575941456642541,3,VNC_LTct_R,
720575941431211951,720575941485196752,5,VNC_LTct_L,
720575941431211951,720575941513953939,10,VNC_LTct_R,
720575941431211951,720575941588646284,3,VNC_AMNp_R,
720575941431211951,720575941588646284,7,VNC_LTct_R,
720575941431211951,720575941592408615,5,VNC_LTct_L,
720575941431211951,720575941623067338,11,VNC_LTct_R,
720575941431211951,720575941623067338,3,VNC_unassigned_R,
720575941431469304,720575941414508948,3,VNC_IntTct_R,
720575941431469304,720575941498482043,3,VNC_IntTct_R,
720575941431469304,720575941527241912,8,VNC_T3_MetaNm_R,
720575941431469304,720575941542922781,8,VNC_T3_MetaNm_R,
720575941431469304,720575941640892517,3,VNC_T3_MetaNm_R,
720575941431577007,720575941459912262,5,VNC_WTct_R,
720575941431577007,720575941489677001,3,VNC_unassigned_R,
720575941431577007,720575941497887817,3,VNC_WTct_R,
720575941431577007,720575941504389655,6,VNC_WTct_R,
720575941431577007,720575941504389655,3,VNC_unassigned_R,
720575941431577007,720575941524185419,3,VNC_NTct_R,
720575941431577007,720575941644900472,8,VNC_WTct_R,
720575941431577007,720575941669866161,4,VNC_WTct_R,
720575941431747086,720575941597149376,4,VNC_unassigned_R,
720575941432046945,720575941461636804,5,VNC_AMNp_R,
720575941432046945,720575941461636804,5,VNC_T1_ProNm_R,
720575941432046945,720575941486560774,4,VNC_AMNp_R,
720575941432046945,720575941528086660,3,VNC_T1_mVAC_R,
720575941432046945,720575941551947263,14,VNC_T1_ProNm_R,
720575941432046945,720575941551947263,4,VNC_unassigned_R,
720575941432046945,720575941558290980,3,VNC_T1_ProNm_L,
720575941432046945,720575941669866161,3,VNC_AMNp_R,
720575941432255959,720575941501135191,3,VNC_NTct_L,
720575941432269271,720575941414508948,4,VNC_T1_ProNm_R,
720575941432269271,720575941461251027,17,VNC_T1_ProNm_R,
720575941432269271,720575941469724125,4,VNC_T1_ProNm_R,
720575941432269271,720575941498482043,5,VNC_IntTct_R,
720575941432269271,720575941498482043,14,VNC_T1_ProNm_R,
720575941432269271,720575941498482043,3,VNC_T2_MesoNm_R,
720575941432269271,720575941558290980,3,VNC_IntTct_R,
720575941432269271,720575941625907769,4,VNC_T1_ProNm_R,
720575941432295639,720575941458789958,3,VNC_ANm_L,
720575941432295639,720575941532432618,4,VNC_HTct_R,
720575941432295639,720575941594160421,4,VNC_WTct_R,
720575941432295639,720575941625932682,3,VNC_NTct_L,
720575941432481633,720575941486968326,3,VNC_HTct_R,
720575941432481633,720575941494983806,3,VNC_HTct_R,
720575941432905943,720575941456678893,4,VNC_NTct_L,
720575941432905943,720575941456678893,4,VNC_WTct_L,
720575941432905943,720575941498935777,7,VNC_NTct_L,
720575941432905943,720575941498935777,3,VNC_unassigned_R,
720575941432905943,720575941498948425,4,VNC_WTct_L,
720575941432905943,720575941551598746,5,VNC_WTct_L,
720575941432905943,720575941551937598,3,VNC_WTct_L,
720575941432905943,720575941562358023,3,VNC_WTct_L,
720575941432905943,720575941583595486,4,VNC_NTct_L,
720575941432905943,720575941653563153,3,VNC_WTct_L,
720575941433031182,720575941449245818,4,VNC_LTct_R,
720575941433031182,720575941644138401,5,VNC_AMNp_R,
720575941433031182,720575941645095585,6,VNC_T3_MetaNm_R,
720575941433116046,720575941392491268,6,VNC_HTct_R,
720575941433116046,720575941392491268,6,VNC_WTct_R,
720575941433116046,720575941414026524,9,VNC_WTct_R,
720575941433116046,720575941456348575,6,VNC_NTct_R,
720575941433116046,720575941474437681,3,VNC_HTct_R,
720575941433116046,720575941497887817,4,VNC_WTct_R,
720575941433116046,720575941499447691,4,VNC_WTct_R,
720575941433116046,720575941604997997,3,VNC_HTct_R,
720575941433116046,720575941631436524,3,VNC_HTct_R,
720575941433116046,720575941631436524,4,VNC_NTct_R,
720575941433116046,720575941631436524,7,VNC_WTct_R,
720575941433116046,720575941649214997,4,VNC_unassigned_R,
720575941433139598,720575941436378898,3,VNC_LTct_L,
720575941433139598,720575941457686256,3,VNC_LTct_L,
720575941433139598,720575941473850720,5,VNC_IntTct_L,
720575941433139598,720575941473850720,5,VNC_LTct_L,
720575941433139598,720575941490813872,5,VNC_HTct_R,
720575941433139598,720575941490813872,3,VNC_IntTct_L,
720575941433139598,720575941490813872,3,VNC_IntTct_R,
720575941433139598,720575941496284489,3,VNC_HTct_R,
720575941433139598,720575941496957346,3,VNC_HTct_R,
720575941433139598,720575941498935777,3,VNC_WTct_R,
720575941433139598,720575941515936505,5,VNC_IntTct_L,
720575941433139598,720575941515936505,3,VNC_LTct_L,
720575941433139598,720575941566756602,3,VNC_HTct_L,
720575941433139598,720575941574155003,3,VNC_HTct_R,
720575941433139598,720575941614698709,3,VNC_WTct_R,
720575941433139598,720575941614889941,4,VNC_IntTct_L,
720575941433139598,720575941614889941,6,VNC_IntTct_R,
720575941433139598,720575941614889941,4,VNC_LTct_L,
720575941433139598,720575941649244437,4,VNC_HTct_L,
720575941433139598,720575941649244437,3,VNC_HTct_R,
720575941433139598,720575941649244437,4,VNC_IntTct_R,
720575941433139598,720575941668725169,5,VNC_HTct_L,
720575941433415200,720575941440934351,12,VNC_T2_MesoNm_R,
720575941433415200,720575941442379178,6,VNC_WTct_R,
720575941433415200,720575941472050218,3,VNC_WTct_R,
720575941433415200,720575941507848208,5,VNC_WTct_R,
720575941433415200,720575941539054541,4,VNC_WTct_R,
720575941433415200,720575941544606388,3,VNC_AMNp_R,
720575941433415200,720575941554049307,3,VNC_WTct_R,
720575941433415200,720575941567039732,3,VNC_T2_MesoNm_R,
720575941433415200,720575941568855540,4,VNC_HTct_R,
720575941433415200,720575941568855540,3,VNC_T3_MetaNm_R,
720575941433415200,720575941568855540,8,VNC_WTct_R,
720575941433415200,720575941643002962,4,VNC_WTct_R,
720575941433415200,720575941643005778,3,VNC_WTct_R,
720575941433654048,720575941412443540,4,VNC_IntTct_R,
720575941433654048,720575941412443540,4,VNC_WTct_R,
720575941433654048,720575941449255290,6,VNC_IntTct_R,
720575941433654048,720575941450625607,3,VNC_IntTct_R,
720575941433654048,720575941458334163,11,VNC_HTct_R,
720575941433654048,720575941472135179,5,VNC_NTct_R,
720575941433654048,720575941472739168,6,VNC_HTct_R,
720575941433654048,720575941488173001,4,VNC_IntTct_R,
720575941433654048,720575941489038311,3,VNC_IntTct_R,
720575941433654048,720575941490813872,3,VNC_HTct_R,
720575941433654048,720575941490813872,6,VNC_IntTct_R,
720575941433654048,720575941503451301,12,VNC_HTct_R,
720575941433654048,720575941521986227,7,VNC_NTct_R,
720575941433654048,720575941521986227,4,VNC_WTct_R,
720575941433654048,720575941532246762,3,VNC_IntTct_R,
720575941433654048,720575941532246762,4,VNC_NTct_R,
720575941433654048,720575941545372296,3,VNC_HTct_R,
720575941433654048,720575941546731041,6,VNC_HTct_R,
720575941433654048,720575941546731041,7,VNC_IntTct_R,
720575941433654048,720575941557612915,12,VNC_HTct_R,
720575941433654048,720575941557612915,15,VNC_IntTct_R,
720575941433654048,720575941557612915,3,VNC_LTct_R,
720575941433654048,720575941562467682,7,VNC_HTct_R,
720575941433654048,720575941572107017,4,VNC_IntTct_R,
720575941433654048,720575941572107017,4,VNC_NTct_R,
720575941433654048,720575941572251144,3,VNC_HTct_L,
720575941433654048,720575941594160421,4,VNC_NTct_R,
720575941433654048,720575941607605101,5,VNC_IntTct_R,
720575941433654048,720575941607605101,3,VNC_NTct_R,
720575941433654048,720575941608991050,14,VNC_HTct_R,
720575941433654048,720575941608991050,7,VNC_IntTct_R,
720575941433654048,720575941614889941,6,VNC_HTct_R,
720575941433654048,720575941614889941,6,VNC_IntTct_R,
720575941433654048,720575941623108298,8,VNC_NTct_R,
720575941433654048,720575941623284362,11,VNC_IntTct_R,
720575941433654048,720575941625932682,4,VNC_HTct_R,
720575941433654048,720575941625932682,6,VNC_IntTct_R,
720575941433654048,720575941625932682,3,VNC_WTct_R,
720575941433654048,720575941630748859,3,VNC_HTct_L,
720575941433654048,720575941663099516,4,VNC_HTct_R,
720575941433654048,720575941663099516,4,VNC_IntTct_R,
720575941434224526,720575941474725684,4,VNC_IntTct_L,
720575941434224526,720575941501786930,4,VNC_HTct_L,
720575941434224526,720575941553338778,8,VNC_IntTct_L,
720575941434224526,720575941553566180,3,VNC_HTct_L,
720575941434224526,720575941579809013,3,VNC_IntTct_L,
720575941434224526,720575941581683039,3,VNC_IntTct_L,
720575941434224526,720575941621630716,4,VNC_IntTct_L,
720575941434224526,720575941630748859,4,VNC_HTct_L,
720575941434874912,720575941429532119,4,VNC_NTct_L,
720575941434874912,720575941456678893,3,VNC_NTct_L,
720575941434874912,720575941456678893,4,VNC_WTct_L,
720575941434874912,720575941498935777,8,VNC_NTct_L,
720575941434874912,720575941575681718,3,VNC_WTct_L,
720575941434874912,720575941583595486,5,VNC_NTct_L,
720575941435430542,720575941433032718,3,VNC_HTct_L,
720575941435430542,720575941433032718,5,VNC_IntTct_L,
720575941435430542,720575941447013813,4,VNC_HTct_L,
720575941435430542,720575941447808334,4,VNC_HTct_L,
720575941435430542,720575941459514512,3,VNC_HTct_L,
720575941435430542,720575941459926086,3,VNC_NTct_L,
720575941435430542,720575941464073558,6,VNC_IntTct_L,
720575941435430542,720575941477166622,9,VNC_HTct_L,
720575941435430542,720575941477166622,31,VNC_IntTct_L,
720575941435430542,720575941477166622,13,VNC_NTct_L,
720575941435430542,720575941501129047,7,VNC_HTct_L,
720575941435430542,720575941517764824,10,VNC_HTct_L,
720575941435430542,720575941518407607,10,VNC_HTct_L,
720575941435430542,720575941518407607,22,VNC_IntTct_L,
720575941435430542,720575941520333047,5,VNC_HTct_L,
720575941435430542,720575941520333047,9,VNC_IntTct_L,
720575941435430542,720575941523112439,4,VNC_NTct_L,
720575941435430542,720575941524369945,4,VNC_HTct_L,
720575941435430542,720575941526507140,3,VNC_NTct_L,
720575941435430542,720575941532334424,3,VNC_HTct_L,
720575941435430542,720575941546065032,5,VNC_HTct_L,
720575941435430542,720575941560631464,4,VNC_NTct_L,
720575941435430542,720575941569659806,3,VNC_IntTct_L,
720575941435430542,720575941572251144,8,VNC_HTct_L,
720575941435430542,720575941572251144,3,VNC_IntTct_L,
720575941435430542,720575941583128454,7,VNC_HTct_L,
720575941435430542,720575941583511518,25,VNC_IntTct_L,
720575941435430542,720575941588061438,4,VNC_IntTct_L,
720575941435430542,720575941588061438,3,VNC_NTct_L,
720575941435430542,720575941591285388,5,VNC_HTct_L,
720575941435430542,720575941591285388,3,VNC_IntTct_L,
720575941435430542,720575941601088441,5,VNC_HTct_L,
720575941435430542,720575941601088441,7,VNC_IntTct_L,
720575941435430542,720575941601092537,4,VNC_HTct_L,
720575941435430542,720575941601092537,4,VNC_IntTct_L,
720575941435430542,720575941630111941,9,VNC_IntTct_L,
720575941435430542,720575941639451167,3,VNC_IntTct_L,
720575941435430542,720575941644234696,11,VNC_HTct_L,
720575941435430542,720575941652781524,3,VNC_NTct_L,
720575941435949198,720575941452604467,9,VNC_T2_MesoNm_R,
720575941435949198,720575941457134918,3,VNC_T2_MesoNm_L,
720575941435949198,720575941466725206,3,VNC_T2_MesoNm_L,
720575941435949198,720575941466725206,4,VNC_T2_MesoNm_R,
720575941435949198,720575941515071299,3,VNC_T2_MesoNm_R,
720575941435949198,720575941557434862,3,VNC_T2_MesoNm_R,
720575941435997984,720575941450696029,6,VNC_T1_ProNm_R,
720575941436052768,720575941449255290,5,VNC_IntTct_R,
720575941436052768,720575941474640682,4,VNC_WTct_R,
720575941436052768,720575941477927042,5,VNC_HTct_R,
720575941436052768,720575941478390607,5,VNC_NTct_R,
720575941436052768,720575941496284489,4,VNC_HTct_R,
720575941436052768,720575941503451301,8,VNC_HTct_R,
720575941436052768,720575941515619939,4,VNC_NTct_R,
720575941436052768,720575941518936792,3,VNC_NTct_R,
720575941436052768,720575941533234954,4,VNC_WTct_R,
720575941436052768,720575941546731041,8,VNC_HTct_R,
720575941436052768,720575941546731041,7,VNC_IntTct_R,
720575941436052768,720575941551321371,4,VNC_NTct_R,
720575941436052768,720575941551321371,7,VNC_WTct_R,
720575941436052768,720575941557612915,14,VNC_HTct_R,
720575941436052768,720575941607605101,3,VNC_IntTct_R,
720575941436052768,720575941608991050,7,VNC_HTct_R,
720575941436052768,720575941608991050,4,VNC_unassigned_R,
720575941436052768,720575941612599449,5,VNC_NTct_R,
720575941436052768,720575941623108298,5,VNC_HTct_R,
720575941436052768,720575941623108298,3,VNC_unassigned_R,
720575941436052768,720575941625932682,4,VNC_IntTct_R,
720575941436052768,720575941640895589,6,VNC_IntTct_R,
720575941436052768,720575941640895589,3,VNC_NTct_R,
720575941436052768,720575941663099516,3,VNC_HTct_R,
720575941436095788,720575941429543127,3,VNC_IntTct_L,
720575941436095788,720575941436378898,4,VNC_HTct_L,
720575941436095788,720575941472042282,3,VNC_NTct_R,
720575941436095788,720575941474437681,3,VNC_HTct_L,
720575941436095788,720575941490813872,3,VNC_HTct_L,
720575941436095788,720575941532246762,3,VNC_NTct_R,
720575941436095788,720575941546731041,3,VNC_IntTct_R,
720575941436095788,720575941549683006,3,VNC_IntTct_L,
720575941436095788,720575941553338778,4,VNC_HTct_L,
720575941436095788,720575941557612915,6,VNC_HTct_R,
720575941436095788,720575941565376046,4,VNC_HTct_L,
720575941436095788,720575941572251144,6,VNC_HTct_L,
720575941436095788,720575941576368744,9,VNC_HTct_L,
720575941436095788,720575941579868917,3,VNC_NTct_L,
720575941436095788,720575941583128454,8,VNC_HTct_L,
720575941436095788,720575941583601886,3,VNC_LTct_R,
720575941436095788,720575941601092537,3,VNC_HTct_L,
720575941436095788,720575941608991050,3,VNC_unassigned_R,
720575941436095788,720575941614889941,4,VNC_unassigned_R,
720575941436095788,720575941628630054,3,VNC_HTct_R,
720575941436095788,720575941630748859,3,VNC_HTct_L,
720575941436095788,720575941649244437,4,VNC_HTct_L,
720575941436095788,720575941649244437,3,VNC_HTct_R,
720575941436095788,720575941663099516,6,VNC_IntTct_L,
720575941436095788,720575941668725169,3,VNC_HTct_R,
720575941436095788,720575941671138727,3,VNC_LTct_L,
720575941436095788,720575941671138727,3,VNC_WTct_L,
720575941436259602,720575941394069654,3,VNC_IntTct_L,
720575941436259602,720575941455940336,3,VNC_IntTct_L,
720575941436259602,720575941474437681,4,VNC_IntTct_L,
720575941436259602,720575941476130097,3,VNC_IntTct_L,
720575941436259602,720575941477927042,5,VNC_NTct_L,
720575941436259602,720575941479167456,7,VNC_IntTct_L,
720575941436259602,720575941490785712,3,VNC_NTct_L,
720575941436259602,720575941495356286,5,VNC_HTct_L,
720575941436259602,720575941495356286,3,VNC_NTct_L,
720575941436259602,720575941508542674,6,VNC_HTct_L,
720575941436259602,720575941515619939,3,VNC_NTct_L,
720575941436259602,720575941516099500,4,VNC_NTct_L,
720575941436259602,720575941516099500,3,VNC_WTct_L,
720575941436259602,720575941518434227,3,VNC_HTct_L,
720575941436259602,720575941521986227,4,VNC_IntTct_L,
720575941436259602,720575941543669765,3,VNC_IntTct_L,
720575941436259602,720575941560631464,3,VNC_NTct_L,
720575941436259602,720575941562467682,6,VNC_HTct_L,
720575941436259602,720575941566756602,4,VNC_HTct_L,
720575941436259602,720575941571516936,3,VNC_WTct_L,
720575941436259602,720575941572251144,8,VNC_IntTct_L,
720575941436259602,720575941583128454,10,VNC_HTct_L,
720575941436259602,720575941601209590,5,VNC_IntTct_L,
720575941436259602,720575941621616380,4,VNC_IntTct_L,
720575941436259602,720575941625932682,3,VNC_HTct_L,
720575941436259602,720575941640895589,6,VNC_NTct_L,
720575941436259602,720575941650775313,3,VNC_WTct_L,
720575941436259602,720575941659675704,4,VNC_HTct_L,
720575941436259602,720575941671138727,14,VNC_HTct_L,
720575941436259602,720575941671138727,6,VNC_IntTct_L,
720575941436259602,720575941671138727,3,VNC_WTct_L,
720575941436259602,720575941721193018,5,VNC_WTct_L,
720575941436586784,720575941392491268,3,VNC_WTct_R,
720575941436586784,720575941456176799,5,VNC_unassigned_R,
720575941436586784,720575941456348575,11,VNC_NTct_R,
720575941436586784,720575941456348575,3,VNC_WTct_R,
720575941436586784,720575941456348575,7,VNC_unassigned_R,
720575941436586784,720575941485422221,5,VNC_WTct_R,
720575941436586784,720575941499447691,5,VNC_WTct_R,
720575941436586784,720575941631436524,3,VNC_NTct_R,
720575941436586784,720575941644900472,3,VNC_WTct_R,
720575941436586784,720575941649214997,3,VNC_unassigned_R,
720575941436586784,720575941669866161,3,VNC_WTct_R,
720575941438049621,720575941501041643,3,VNC_NTct_L,
720575941438049621,720575941595131175,4,VNC_NTct_L,
720575941438049621,720575941595131175,7,VNC_unassigned_L,
720575941438213951,720575941457147206,3,VNC_IntTct_L,
720575941438213951,720575941470854720,3,VNC_HTct_L,
720575941438213951,720575941535331338,6,VNC_IntTct_L,
720575941438213951,720575941555186074,3,VNC_IntTct_L,
720575941438213951,720575941555186074,6,VNC_NTct_L,
720575941438213951,720575941598634537,6,VNC_HTct_L,
720575941438213951,720575941612053094,4,VNC_HTct_L,
720575941438213951,720575941623307628,7,VNC_HTct_L,
720575941438410514,720575941430389006,4,VNC_HTct_R,
720575941438410514,720575941432002574,3,VNC_HTct_R,
720575941438410514,720575941432002574,3,VNC_IntTct_R,
720575941438410514,720575941432722574,4,VNC_HTct_L,
720575941438410514,720575941432722574,4,VNC_WTct_L,
720575941438410514,720575941436378898,3,VNC_HTct_L,
720575941438410514,720575941436378898,4,VNC_unassigned_R,
720575941438410514,720575941438710719,4,VNC_IntTct_R,
720575941438410514,720575941438710719,3,VNC_WTct_R,
720575941438410514,720575941442926762,5,VNC_HTct_L,
720575941438410514,720575941442926762,8,VNC_HTct_R,
720575941438410514,720575941449065565,6,VNC_HTct_L,
720575941438410514,720575941449065565,3,VNC_WTct_L,
720575941438410514,720575941457686256,5,VNC_HTct_L,
720575941438410514,720575941457686256,4,VNC_HTct_R,
720575941438410514,720575941457686256,3,VNC_WTct_R,
720575941438410514,720575941457686512,3,VNC_HTct_L,
720575941438410514,720575941467216093,6,VNC_WTct_L,
720575941438410514,720575941468312695,12,VNC_HTct_L,
720575941438410514,720575941468312695,8,VNC_HTct_R,
720575941438410514,720575941468312695,5,VNC_IntTct_L,
720575941438410514,720575941468312695,4,VNC_NTct_R,
720575941438410514,720575941468312695,3,VNC_T3_MetaNm_L,
720575941438410514,720575941488755148,3,VNC_HTct_L,
720575941438410514,720575941488755148,8,VNC_HTct_R,
720575941438410514,720575941490813872,6,VNC_HTct_L,
720575941438410514,720575941490813872,3,VNC_IntTct_R,
720575941438410514,720575941490813872,3,VNC_WTct_R,
720575941438410514,720575941492318128,3,VNC_NTct_L,
720575941438410514,720575941492354174,5,VNC_HTct_L,
720575941438410514,720575941496957346,15,VNC_HTct_L,
720575941438410514,720575941496957346,4,VNC_HTct_R,
720575941438410514,720575941510611922,4,VNC_HTct_R,
720575941438410514,720575941512896099,3,VNC_IntTct_R,
720575941438410514,720575941512896099,5,VNC_WTct_L,
720575941438410514,720575941512896099,3,VNC_unassigned_R,
720575941438410514,720575941514952953,6,VNC_HTct_R,
720575941438410514,720575941515936505,3,VNC_IntTct_L,
720575941438410514,720575941515936505,4,VNC_IntTct_R,
720575941438410514,720575941515936505,4,VNC_LTct_L,
720575941438410514,720575941519213016,9,VNC_WTct_R,
720575941438410514,720575941526701412,3,VNC_ANm_R,
720575941438410514,720575941526701412,31,VNC_HTct_L,
720575941438410514,720575941526701412,3,VNC_HTct_R,
720575941438410514,720575941526701412,4,VNC_IntTct_L,
720575941438410514,720575941526701412,5,VNC_T3_MetaNm_L,
720575941438410514,720575941535136739,4,VNC_HTct_L,
720575941438410514,720575941535136739,5,VNC_HTct_R,
720575941438410514,720575941535136739,4,VNC_WTct_R,
720575941438410514,720575941535952577,3,VNC_HTct_R,
720575941438410514,720575941535952577,3,VNC_WTct_R,
720575941438410514,720575941536371442,3,VNC_HTct_L,
720575941438410514,720575941542286085,3,VNC_unassigned_R,
720575941438410514,720575941545372296,6,VNC_HTct_L,
720575941438410514,720575941545372296,6,VNC_HTct_R,
720575941438410514,720575941547347316,3,VNC_WTct_R,
720575941438410514,720575941547347316,3,VNC_unassigned_R,
720575941438410514,720575941552622398,5,VNC_HTct_L,
720575941438410514,720575941552622398,11,VNC_HTct_R,
720575941438410514,720575941552622398,4,VNC_IntTct_R,
720575941438410514,720575941553338778,4,VNC_HTct_L,
720575941438410514,720575941560082158,3,VNC_HTct_R,
720575941438410514,720575941562467682,4,VNC_WTct_R,
720575941438410514,720575941565376046,7,VNC_HTct_L,
720575941438410514,720575941565376046,6,VNC_HTct_R,
720575941438410514,720575941565376046,4,VNC_WTct_L,
720575941438410514,720575941565376046,3,VNC_WTct_R,
720575941438410514,720575941565459095,6,VNC_HTct_L,
720575941438410514,720575941565459095,3,VNC_HTct_R,
720575941438410514,720575941565495655,3,VNC_HTct_R,
720575941438410514,720575941566756602,5,VNC_HTct_L,
720575941438410514,720575941569707422,6,VNC_HTct_R,
720575941438410514,720575941575397263,4,VNC_ANm_R,
720575941438410514,720575941575397263,13,VNC_HTct_L,
720575941438410514,720575941575397263,10,VNC_HTct_R,
720575941438410514,720575941575397263,3,VNC_unassigned_R,
720575941438410514,720575941581506143,4,VNC_WTct_L,
720575941438410514,720575941583601886,7,VNC_HTct_R,
720575941438410514,720575941600259369,5,VNC_IntTct_L,
720575941438410514,720575941600259369,6,VNC_IntTct_R,
720575941438410514,720575941607605101,8,VNC_IntTct_R,
720575941438410514,720575941607605101,3,VNC_NTct_R,
720575941438410514,720575941607605101,4,VNC_WTct_R,
720575941438410514,720575941614698709,5,VNC_WTct_R,
720575941438410514,720575941614889941,3,VNC_IntTct_R,
720575941438410514,720575941623108298,23,VNC_HTct_R,
720575941438410514,720575941623108298,19,VNC_IntTct_R,
720575941438410514,720575941623108298,5,VNC_NTct_R,
720575941438410514,720575941623108298,3,VNC_WTct_L,
720575941438410514,720575941623108298,29,VNC_WTct_R,
720575941438410514,720575941623108298,5,VNC_unassigned_R,
720575941438410514,720575941628630054,12,VNC_HTct_R,
720575941438410514,720575941628630054,4,VNC_IntTct_L,
720575941438410514,720575941628630054,5,VNC_WTct_L,
720575941438410514,720575941631436524,3,VNC_unassigned_R,
720575941438410514,720575941665455347,3,VNC_HTct_R,
720575941438410514,720575941671138727,21,VNC_HTct_L,
720575941438410514,720575941671138727,3,VNC_HTct_R,
720575941438410514,720575941671138727,20,VNC_IntTct_L,
720575941438410514,720575941671138727,4,VNC_NTct_L,
720575941438410514,720575941671138727,28,VNC_WTct_L,
720575941438410514,720575941671138727,8,VNC_WTct_R,
720575941438410514,720575941684876527,5,VNC_HTct_R,
720575941438445330,720575941449255290,3,VNC_IntTct_R,
720575941438445330,720575941457802480,3,VNC_IntTct_L,
720575941438445330,720575941474741819,3,VNC_IntTct_L,
720575941438445330,720575941477166622,27,VNC_IntTct_L,
720575941438445330,720575941485217744,4,VNC_IntTct_R,
720575941438445330,720575941546731041,4,VNC_IntTct_R,
720575941438445330,720575941608310346,9,VNC_IntTct_R,
720575941438445330,720575941608310346,4,VNC_LTct_R,
720575941438445330,720575941609390182,6,VNC_LTct_L,
720575941438445330,720575941609390182,6,VNC_T2_MesoNm_L,
720575941438445330,720575941630296517,3,VNC_T2_MesoNm_L,
720575941438465298,720575941409904495,4,VNC_IntTct_R,
720575941438465298,720575941432002574,3,VNC_HTct_R,
720575941438465298,720575941432002574,3,VNC_WTct_R,
720575941438465298,720575941438710719,4,VNC_WTct_R,
720575941438465298,720575941438710719,4,VNC_unassigned_R,
720575941438465298,720575941447591246,6,VNC_NTct_R,
720575941438465298,720575941492446078,3,VNC_WTct_R,
720575941438465298,720575941510611922,5,VNC_WTct_R,
720575941438465298,720575941519230168,14,VNC_IntTct_R,
720575941438465298,720575941519230168,6,VNC_NTct_R,
720575941438465298,720575941519230168,7,VNC_WTct_R,
720575941438465298,720575941519230168,5,VNC_unassigned_R,
720575941438465298,720575941526701412,5,VNC_HTct_L,
720575941438465298,720575941526701412,3,VNC_unassigned_R,
720575941438465298,720575941537881981,4,VNC_HTct_R,
720575941438465298,720575941537881981,9,VNC_IntTct_R,
720575941438465298,720575941537881981,4,VNC_NTct_R,
720575941438465298,720575941552622398,4,VNC_HTct_R,
720575941438465298,720575941555505188,7,VNC_HTct_R,
720575941438465298,720575941555505188,3,VNC_NTct_R,
720575941438465298,720575941555505188,4,VNC_WTct_R,
720575941438465298,720575941558646061,4,VNC_IntTct_R,
720575941438465298,720575941558646061,7,VNC_NTct_R,
720575941438465298,720575941565459095,3,VNC_WTct_R,
720575941438465298,720575941569707422,4,VNC_WTct_L,
720575941438465298,720575941575397263,5,VNC_HTct_R,
720575941438465298,720575941623108298,3,VNC_IntTct_R,
720575941438465298,720575941623108298,5,VNC_WTct_R,
720575941438465298,720575941671138727,5,VNC_WTct_L,
720575941438465298,720575941684876527,3,VNC_WTct_R,
720575941438469676,720575941401795619,3,VNC_T1_ProNm_L,
720575941438469676,720575941404724080,3,VNC_LTct_L,
720575941438469676,720575941404724080,7,VNC_T1_ProNm_L,
720575941438469676,720575941461636804,3,VNC_T1_ProNm_L,
720575941438469676,720575941478403178,3,VNC_LTct_L,
720575941438469676,720575941691313115,4,VNC_AMNp_L,
720575941438500370,720575941524427289,7,VNC_IntTct_L,
720575941438500370,720575941595131175,5,VNC_IntTct_L,
720575941438500370,720575941595131175,7,VNC_unassigned_L,
720575941438646290,720575941450559566,4,VNC_T2_MesoNm_L,
720575941438646290,720575941453578409,18,VNC_T2_MesoNm_L,
720575941438646290,720575941453578409,4,VNC_WTct_L,
720575941438646290,720575941535047690,4,VNC_T2_MesoNm_L,
720575941438646290,720575941551385371,34,VNC_T2_MesoNm_L,
720575941438646290,720575941552620543,4,VNC_T2_MesoNm_L,
720575941438646290,720575941555462995,3,VNC_IntTct_L,
720575941438646290,720575941555462995,40,VNC_T2_MesoNm_L,
720575941438646290,720575941592919080,3,VNC_T1_ProNm_L,
720575941438646290,720575941592919080,3,VNC_T2_MesoNm_L,
720575941438646290,720575941637874975,11,VNC_T2_MesoNm_L,
720575941438646290,720575941652640273,5,VNC_T2_MesoNm_L,
720575941438655506,720575941450696029,9,VNC_T1_ProNm_R,
720575941438655506,720575941461251027,3,VNC_T1_ProNm_R,
720575941438655506,720575941470237504,23,VNC_T1_ProNm_R,
720575941438690834,720575941432002574,4,VNC_IntTct_R,
720575941438690834,720575941449255290,6,VNC_IntTct_R,
720575941438690834,720575941472135179,5,VNC_IntTct_R,
720575941438690834,720575941472135179,4,VNC_NTct_R,
720575941438690834,720575941472739168,3,VNC_HTct_R,
720575941438690834,720575941472739168,3,VNC_IntTct_R,
720575941438690834,720575941474334779,5,VNC_IntTct_R,
720575941438690834,720575941495591291,4,VNC_IntTct_R,
720575941438690834,720575941496318793,8,VNC_HTct_R,
720575941438690834,720575941503451301,3,VNC_HTct_R,
720575941438690834,720575941503451301,3,VNC_IntTct_R,
720575941438690834,720575941516768472,3,VNC_IntTct_R,
720575941438690834,720575941518866542,5,VNC_IntTct_R,
720575941438690834,720575941525219494,3,VNC_IntTct_R,
720575941438690834,720575941526847910,14,VNC_IntTct_R,
720575941438690834,720575941528944568,4,VNC_IntTct_R,
720575941438690834,720575941546491681,6,VNC_IntTct_R,
720575941438690834,720575941551579034,3,VNC_HTct_R,
720575941438690834,720575941557612915,5,VNC_HTct_R,
720575941438690834,720575941557612915,36,VNC_IntTct_R,
720575941438690834,720575941558661165,3,VNC_IntTct_R,
720575941438690834,720575941566954228,17,VNC_IntTct_R,
720575941438690834,720575941583595486,4,VNC_IntTct_R,
720575941438690834,720575941604997997,3,VNC_HTct_R,
720575941438690834,720575941608310346,3,VNC_HTct_R,
720575941438690834,720575941608310346,22,VNC_IntTct_R,
720575941438690834,720575941608310346,5,VNC_NTct_R,
720575941438690834,720575941608991050,5,VNC_HTct_R,
720575941438690834,720575941608991050,14,VNC_IntTct_R,
720575941438690834,720575941608991050,3,VNC_unassigned_R,
720575941438690834,720575941612599449,5,VNC_IntTct_R,
720575941438690834,720575941613256211,6,VNC_HTct_R,
720575941438690834,720575941613256211,4,VNC_IntTct_R,
720575941438690834,720575941630959035,4,VNC_IntTct_R,
720575941438690834,720575941649244949,4,VNC_HTct_R,
720575941438719967,720575941507664144,3,VNC_IntTct_R,
720575941438719967,720575941563253814,8,VNC_IntTct_R,
720575941438719967,720575941608310346,3,VNC_HTct_R,
720575941438719967,720575941608310346,4,VNC_IntTct_R,
720575941438773548,720575941399309603,3,VNC_HTct_L,
720575941438773548,720575941399309603,6,VNC_IntTct_L,
720575941438773548,720575941399309603,4,VNC_WTct_L,
720575941438773548,720575941410007663,8,VNC_HTct_L,
720575941438773548,720575941412323473,3,VNC_HTct_L,
720575941438773548,720575941412323473,4,VNC_IntTct_L,
720575941438773548,720575941429361249,3,VNC_WTct_L,
720575941438773548,720575941431129815,3,VNC_HTct_L,
720575941438773548,720575941438700479,7,VNC_HTct_L,
720575941438773548,720575941447013813,4,VNC_HTct_L,
720575941438773548,720575941447808334,5,VNC_IntTct_L,
720575941438773548,720575941450008391,8,VNC_HTct_L,
720575941438773548,720575941450876794,10,VNC_HTct_L,
720575941438773548,720575941450876794,4,VNC_IntTct_L,
720575941438773548,720575941452164915,3,VNC_HTct_L,
720575941438773548,720575941452164915,3,VNC_IntTct_L,
720575941438773548,720575941457147206,3,VNC_HTct_L,
720575941438773548,720575941457147206,13,VNC_IntTct_L,
720575941438773548,720575941457147206,6,VNC_NTct_L,
720575941438773548,720575941464073558,9,VNC_HTct_L,
720575941438773548,720575941464073558,14,VNC_IntTct_L,
720575941438773548,720575941467216093,3,VNC_HTct_L,
720575941438773548,720575941472573499,4,VNC_IntTct_L,
720575941438773548,720575941476080177,6,VNC_IntTct_L,
720575941438773548,720575941476080177,3,VNC_WTct_L,
720575941438773548,720575941477166622,5,VNC_HTct_L,
720575941438773548,720575941477166622,14,VNC_IntTct_L,
720575941438773548,720575941477166622,15,VNC_NTct_L,
720575941438773548,720575941499424395,3,VNC_IntTct_L,
720575941438773548,720575941501129047,12,VNC_HTct_L,
720575941438773548,720575941513125881,4,VNC_HTct_L,
720575941438773548,720575941513177091,4,VNC_IntTct_L,
720575941438773548,720575941517764824,3,VNC_HTct_L,
720575941438773548,720575941518334643,8,VNC_HTct_L,
720575941438773548,720575941518407607,8,VNC_HTct_L,
720575941438773548,720575941518407607,16,VNC_IntTct_L,
720575941438773548,720575941520333047,5,VNC_HTct_L,
720575941438773548,720575941520333047,4,VNC_IntTct_L,
720575941438773548,720575941520333047,7,VNC_WTct_L,
720575941438773548,720575941523112439,8,VNC_IntTct_L,
720575941438773548,720575941523112439,13,VNC_NTct_L,
720575941438773548,720575941524962585,7,VNC_HTct_L,
720575941438773548,720575941526764388,3,VNC_IntTct_L,
720575941438773548,720575941532334424,8,VNC_HTct_L,
720575941438773548,720575941547259197,10,VNC_HTct_L,
720575941438773548,720575941552783495,4,VNC_HTct_L,
720575941438773548,720575941564547479,10,VNC_HTct_L,
720575941438773548,720575941569574046,4,VNC_NTct_L,
720575941438773548,720575941569659806,8,VNC_IntTct_L,
720575941438773548,720575941572251144,4,VNC_HTct_L,
720575941438773548,720575941575824217,4,VNC_HTct_L,
720575941438773548,720575941576014774,10,VNC_IntTct_L,
720575941438773548,720575941576014774,24,VNC_NTct_L,
720575941438773548,720575941579868917,8,VNC_NTct_L,
720575941438773548,720575941583511518,23,VNC_IntTct_L,
720575941438773548,720575941583511518,6,VNC_NTct_L,
720575941438773548,720575941588018942,10,VNC_HTct_L,
720575941438773548,720575941588061438,12,VNC_NTct_L,
720575941438773548,720575941591285388,4,VNC_HTct_L,
720575941438773548,720575941591285388,4,VNC_IntTct_L,
720575941438773548,720575941601088441,6,VNC_IntTct_L,
720575941438773548,720575941601092537,9,VNC_HTct_L,
720575941438773548,720575941601092537,6,VNC_IntTct_L,
720575941438773548,720575941601243321,18,VNC_HTct_L,
720575941438773548,720575941601243321,23,VNC_IntTct_L,
720575941438773548,720575941601243321,40,VNC_NTct_L,
720575941438773548,720575941608861929,3,VNC_HTct_L,
720575941438773548,720575941608861929,3,VNC_IntTct_L,
720575941438773548,720575941611080010,10,VNC_HTct_L,
720575941438773548,720575941611080010,4,VNC_IntTct_L,
720575941438773548,720575941630111941,4,VNC_HTct_L,
720575941438773548,720575941630111941,5,VNC_IntTct_L,
720575941438773548,720575941630111941,3,VNC_WTct_L,
720575941438773548,720575941639451167,3,VNC_NTct_L,
720575941438773548,720575941644234696,9,VNC_HTct_L,
720575941438773548,720575941687572492,4,VNC_HTct_L,
720575941438773548,720575941688253080,4,VNC_NTct_L,
720575941438848479,720575941544721844,3,VNC_HTct_R,
720575941439029951,720575941463655693,3,VNC_HTct_R,
720575941439029951,720575941463655693,3,VNC_WTct_R,
720575941439029951,720575941474437681,5,VNC_HTct_L,
720575941439029951,720575941485775110,3,VNC_IntTct_L,
720575941439029951,720575941485775110,4,VNC_WTct_L,
720575941439029951,720575941516099500,3,VNC_IntTct_L,
720575941439029951,720575941518434227,4,VNC_WTct_L,
720575941439029951,720575941521986227,3,VNC_HTct_R,
720575941439029951,720575941532432618,4,VNC_HTct_R,
720575941439029951,720575941533234954,3,VNC_WTct_R,
720575941439029951,720575941551389979,3,VNC_NTct_L,
720575941439143954,720575941452168873,4,VNC_HTct_L,
720575941439143954,720575941457147206,3,VNC_NTct_L,
720575941439143954,720575941465484566,8,VNC_HTct_L,
720575941439143954,720575941465484566,9,VNC_IntTct_L,
720575941439143954,720575941474426929,3,VNC_IntTct_L,
720575941439143954,720575941483838349,7,VNC_HTct_L,
720575941439143954,720575941501786930,6,VNC_HTct_L,
720575941439143954,720575941508509569,9,VNC_HTct_L,
720575941439143954,720575941514637827,5,VNC_NTct_L,
720575941439143954,720575941518125528,5,VNC_HTct_L,
720575941439143954,720575941535331338,11,VNC_IntTct_L,
720575941439143954,720575941540205181,6,VNC_HTct_L,
720575941439143954,720575941540246909,6,VNC_HTct_L,
720575941439143954,720575941555186074,8,VNC_NTct_L,
720575941439143954,720575941559020270,6,VNC_HTct_L,
720575941439143954,720575941559020270,6,VNC_IntTct_L,
720575941439143954,720575941572251144,9,VNC_HTct_L,
720575941439143954,720575941583128454,8,VNC_HTct_L,
720575941439143954,720575941592602149,3,VNC_IntTct_L,
720575941439143954,720575941612053094,4,VNC_HTct_L,
720575941439143954,720575941623307628,3,VNC_HTct_L,
720575941439143954,720575941630748859,9,VNC_HTct_L,
720575941439143954,720575941630748859,11,VNC_IntTct_L,
720575941439143954,720575941632614587,9,VNC_IntTct_L,
720575941439143954,720575941641423442,3,VNC_HTct_L,
720575941439143954,720575941650775313,4,VNC_IntTct_L,
720575941439285036,720575941429556655,6,VNC_NTct_R,
720575941439285036,720575941451814215,3,VNC_HTct_R,
720575941439285036,720575941475988529,5,VNC_IntTct_R,
720575941439285036,720575941477884802,9,VNC_HTct_R,
720575941439285036,720575941477884802,3,VNC_IntTct_R,
720575941439285036,720575941496318793,7,VNC_HTct_R,
720575941439285036,720575941526847910,3,VNC_IntTct_R,
720575941439285036,720575941551443610,4,VNC_IntTct_R,
720575941439285036,720575941563316022,3,VNC_HTct_R,
720575941439285036,720575941564417024,7,VNC_HTct_R,
720575941439285036,720575941568697844,3,VNC_IntTct_R,
720575941439285036,720575941588661388,3,VNC_IntTct_R,
720575941439285036,720575941592505639,3,VNC_IntTct_R,
720575941439285036,720575941608324717,13,VNC_HTct_R,
720575941439285036,720575941614737877,3,VNC_IntTct_R,
720575941439285036,720575941622232828,3,VNC_HTct_R,
720575941439285036,720575941633054368,3,VNC_HTct_R,
720575941439285036,720575941650693905,3,VNC_HTct_R,
720575941439454783,720575941412443540,3,VNC_IntTct_L,
720575941439454783,720575941479167456,4,VNC_NTct_L,
720575941439454783,720575941488193481,3,VNC_IntTct_L,
720575941439454783,720575941576941045,4,VNC_IntTct_L,
720575941439454783,720575941579868917,5,VNC_IntTct_L,
720575941439454783,720575941621616380,3,VNC_IntTct_L,
720575941439563583,720575941424930644,7,VNC_IntTct_L,
720575941439563583,720575941430386446,6,VNC_IntTct_L,
720575941439563583,720575941459559824,3,VNC_T1_ProNm_L,
720575941439563583,720575941475702890,3,VNC_IntTct_L,
720575941439563583,720575941475702890,3,VNC_LTct_L,
720575941439563583,720575941487877328,3,VNC_IntTct_L,
720575941439563583,720575941487877328,4,VNC_LTct_L,
720575941439563583,720575941494983806,3,VNC_T3_MetaNm_L,
720575941439563583,720575941494983806,3,VNC_T3_MetaNm_R,
720575941439563583,720575941516740524,3,VNC_IntTct_L,
720575941439563583,720575941535047690,14,VNC_IntTct_L,
720575941439563583,720575941535047690,5,VNC_IntTct_R,
720575941439563583,720575941535047690,3,VNC_T2_MesoNm_L,
720575941439563583,720575941535047690,3,VNC_WTct_L,
720575941439563583,720575941537501160,14,VNC_IntTct_L,
720575941439563583,720575941563254070,8,VNC_IntTct_L,
720575941439563583,720575941563254070,3,VNC_LTct_L,
720575941439563583,720575941576958197,3,VNC_WTct_L,
720575941439563583,720575941589863735,5,VNC_IntTct_L,
720575941439563583,720575941609429350,3,VNC_IntTct_R,
720575941439577055,720575941518316471,3,VNC_T2_MesoNm_R,
720575941439577055,720575941573489416,3,VNC_T2_MesoNm_R,
720575941439622111,720575941429556655,3,VNC_IntTct_R,
720575941439622111,720575941474704948,5,VNC_HTct_R,
720575941439622111,720575941474704948,4,VNC_NTct_L,
720575941439622111,720575941482029251,5,VNC_HTct_R,
720575941439622111,720575941490813872,3,VNC_LTct_L,
720575941439622111,720575941498935777,7,VNC_HTct_R,
720575941439622111,720575941498935777,13,VNC_IntTct_R,
720575941439622111,720575941498935777,3,VNC_NTct_L,
720575941439622111,720575941528944568,5,VNC_HTct_R,
720575941439622111,720575941547347316,3,VNC_NTct_L,
720575941439622111,720575941552622398,7,VNC_HTct_R,
720575941439622111,720575941560082158,6,VNC_HTct_R,
720575941439622111,720575941560082158,4,VNC_IntTct_R,
720575941439622111,720575941562134829,4,VNC_HTct_R,
720575941439622111,720575941562134829,4,VNC_LTct_R,
720575941439622111,720575941565459095,3,VNC_HTct_R,
720575941439622111,720575941565495655,4,VNC_HTct_R,
720575941439622111,720575941576941045,3,VNC_LTct_L,
720575941439622111,720575941653563153,5,VNC_NTct_L,
720575941439622111,720575941731613483,3,VNC_IntTct_R,
720575941439740895,720575941563253814,3,VNC_IntTct_R,
720575941439740895,720575941566805498,3,VNC_IntTct_R,
720575941439740895,720575941608310346,6,VNC_IntTct_R,
720575941439786719,720575941619873663,5,VNC_unassigned_R,
720575941439786719,720575941626897958,3,VNC_T2_MesoNm_R,
720575941440280767,720575941409904495,3,VNC_IntTct_R,
720575941440280767,720575941409904495,3,VNC_WTct_R,
720575941440280767,720575941413990172,4,VNC_HTct_R,
720575941440280767,720575941429556655,42,VNC_IntTct_R,
720575941440280767,720575941429556655,11,VNC_NTct_R,
720575941440280767,720575941432002574,3,VNC_HTct_R,
720575941440280767,720575941432002574,5,VNC_IntTct_R,
720575941440280767,720575941432002574,3,VNC_unassigned_R,
720575941440280767,720575941439011279,3,VNC_IntTct_R,
720575941440280767,720575941439011279,3,VNC_WTct_R,
720575941440280767,720575941440872655,4,VNC_HTct_R,
720575941440280767,720575941447048117,15,VNC_HTct_R,
720575941440280767,720575941449255290,3,VNC_HTct_R,
720575941440280767,720575941449255290,6,VNC_IntTct_R,
720575941440280767,720575941450625607,4,VNC_IntTct_R,
720575941440280767,720575941456348575,6,VNC_HTct_R,
720575941440280767,720575941456348575,14,VNC_IntTct_R,
720575941440280767,720575941458334163,33,VNC_HTct_R,
720575941440280767,720575941458334163,5,VNC_IntTct_R,
720575941440280767,720575941460885005,5,VNC_HTct_R,
720575941440280767,720575941464768790,6,VNC_IntTct_R,
720575941440280767,720575941464768790,15,VNC_NTct_R,
720575941440280767,720575941468966208,4,VNC_HTct_R,
720575941440280767,720575941472739168,4,VNC_HTct_R,
720575941440280767,720575941474334779,10,VNC_HTct_R,
720575941440280767,720575941475988529,3,VNC_HTct_R,
720575941440280767,720575941477884802,6,VNC_HTct_R,
720575941440280767,720575941478390607,11,VNC_IntTct_R,
720575941440280767,720575941478390607,10,VNC_NTct_R,
720575941440280767,720575941488675276,6,VNC_HTct_R,
720575941440280767,720575941490785712,7,VNC_IntTct_R,
720575941440280767,720575941490785712,5,VNC_NTct_R,
720575941440280767,720575941495559291,6,VNC_IntTct_R,
720575941440280767,720575941495591291,14,VNC_HTct_R,
720575941440280767,720575941495591291,3,VNC_IntTct_R,
720575941440280767,720575941496318793,3,VNC_HTct_R,
720575941440280767,720575941496830370,11,VNC_HTct_R,
720575941440280767,720575941501721138,22,VNC_HTct_R,
720575941440280767,720575941503451301,53,VNC_HTct_R,
720575941440280767,720575941503451301,14,VNC_IntTct_R,
720575941440280767,720575941510611922,3,VNC_WTct_R,
720575941440280767,720575941514065043,6,VNC_HTct_R,
720575941440280767,720575941516768472,6,VNC_IntTct_R,
720575941440280767,720575941517717420,3,VNC_IntTct_R,
720575941440280767,720575941518433719,11,VNC_IntTct_R,
720575941440280767,720575941518433719,3,VNC_NTct_R,
720575941440280767,720575941523692290,9,VNC_HTct_R,
720575941440280767,720575941525219494,3,VNC_HTct_R,
720575941440280767,720575941526355844,3,VNC_WTct_R,
720575941440280767,720575941526701412,4,VNC_HTct_R,
720575941440280767,720575941526847910,10,VNC_HTct_R,
720575941440280767,720575941526847910,7,VNC_IntTct_R,
720575941440280767,720575941528944568,17,VNC_HTct_R,
720575941440280767,720575941528944568,7,VNC_IntTct_R,
720575941440280767,720575941530192843,3,VNC_HTct_R,
720575941440280767,720575941530192843,3,VNC_WTct_R,
720575941440280767,720575941532246762,3,VNC_HTct_R,
720575941440280767,720575941532246762,18,VNC_IntTct_R,
720575941440280767,720575941533138625,3,VNC_WTct_R,
720575941440280767,720575941533221825,5,VNC_IntTct_R,
720575941440280767,720575941533864458,6,VNC_HTct_R,
720575941440280767,720575941546491681,11,VNC_HTct_R,
720575941440280767,720575941546491681,20,VNC_IntTct_R,
720575941440280767,720575941546731041,5,VNC_IntTct_R,
720575941440280767,720575941549166079,3,VNC_HTct_R,
720575941440280767,720575941549701182,6,VNC_HTct_R,
720575941440280767,720575941551321371,3,VNC_NTct_R,
720575941440280767,720575941557294095,7,VNC_IntTct_R,
720575941440280767,720575941557612915,89,VNC_HTct_R,
720575941440280767,720575941557612915,28,VNC_IntTct_R,
720575941440280767,720575941558661165,20,VNC_HTct_R,
720575941440280767,720575941558661165,11,VNC_IntTct_R,
720575941440280767,720575941559370285,4,VNC_NTct_R,
720575941440280767,720575941564125026,3,VNC_HTct_R,
720575941440280767,720575941566954228,5,VNC_HTct_R,
720575941440280767,720575941566954228,3,VNC_NTct_R,
720575941440280767,720575941566956532,6,VNC_IntTct_R,
720575941440280767,720575941567062260,10,VNC_HTct_R,
720575941440280767,720575941569707422,3,VNC_IntTct_R,
720575941440280767,720575941570823752,4,VNC_HTct_R,
720575941440280767,720575941571499515,7,VNC_HTct_R,
720575941440280767,720575941572107017,9,VNC_IntTct_R,
720575941440280767,720575941572107017,6,VNC_NTct_R,
720575941440280767,720575941574672029,5,VNC_HTct_R,
720575941440280767,720575941583169158,5,VNC_HTct_R,
720575941440280767,720575941592149718,7,VNC_HTct_R,
720575941440280767,720575941593615211,5,VNC_HTct_R,
720575941440280767,720575941594515158,4,VNC_HTct_R,
720575941440280767,720575941601153270,25,VNC_HTct_R,
720575941440280767,720575941604997997,4,VNC_HTct_R,
720575941440280767,720575941604997997,4,VNC_IntTct_R,
720575941440280767,720575941607605101,9,VNC_IntTct_R,
720575941440280767,720575941607605101,3,VNC_NTct_R,
720575941440280767,720575941608287818,15,VNC_HTct_R,
720575941440280767,720575941608287818,4,VNC_IntTct_R,
720575941440280767,720575941608310346,35,VNC_IntTct_R,
720575941440280767,720575941608991050,66,VNC_HTct_R,
720575941440280767,720575941608991050,22,VNC_IntTct_R,
720575941440280767,720575941609001034,5,VNC_IntTct_R,
720575941440280767,720575941609001034,3,VNC_NTct_R,
720575941440280767,720575941610354153,6,VNC_IntTct_R,
720575941440280767,720575941612599449,13,VNC_IntTct_R,
720575941440280767,720575941613256211,18,VNC_HTct_R,
720575941440280767,720575941613256211,5,VNC_IntTct_R,
720575941440280767,720575941623284362,4,VNC_IntTct_R,
720575941440280767,720575941623399788,3,VNC_IntTct_R,
720575941440280767,720575941630959035,3,VNC_HTct_R,
720575941440280767,720575941630959035,5,VNC_IntTct_R,
720575941440280767,720575941645100664,3,VNC_HTct_R,
720575941440280767,720575941649244949,6,VNC_HTct_R,
720575941440280767,720575941650753297,8,VNC_IntTct_R,
720575941440280767,720575941650753297,3,VNC_NTct_R,
720575941440280767,720575941652038421,4,VNC_HTct_R,
720575941440280767,720575941659696184,19,VNC_HTct_R,
720575941440280767,720575941659696184,11,VNC_IntTct_R,
720575941440280767,720575941659696184,6,VNC_WTct_R,
720575941440280767,720575941659696184,4,VNC_unassigned_R,
720575941440280767,720575941667143601,5,VNC_HTct_R,
720575941440280767,720575941667143601,3,VNC_IntTct_R,
720575941440350293,720575941527241912,5,VNC_T3_MetaNm_R,
720575941440350293,720575941542922781,7,VNC_T3_MetaNm_R,
720575941440350293,720575941551947263,4,VNC_T1_ProNm_R,
720575941440350293,720575941558290980,6,VNC_IntTct_R,
720575941440350293,720575941558290980,4,VNC_T1_ProNm_R,
720575941440350293,720575941588646284,4,VNC_T1_ProNm_R,
720575941440379733,720575941408481195,4,VNC_LTct_L,
720575941440379733,720575941408481195,3,VNC_LTct_R,
720575941440379733,720575941430386446,7,VNC_LTct_L,
720575941440379733,720575941450628218,3,VNC_LTct_R,
720575941440379733,720575941456642541,4,VNC_LTct_R,
720575941440379733,720575941470786368,8,VNC_LTct_L,
720575941440379733,720575941478403178,9,VNC_LTct_L,
720575941440379733,720575941487877328,3,VNC_AMNp_L,
720575941440379733,720575941487877328,4,VNC_LTct_L,
720575941440379733,720575941513953939,3,VNC_LTct_R,
720575941440379733,720575941516777107,4,VNC_LTct_R,
720575941440379733,720575941521236915,3,VNC_T3_MetaNm_L,
720575941440379733,720575941523100491,6,VNC_LTct_R,
720575941440379733,720575941595021681,3,VNC_LTct_L,
720575941440379733,720575941595871424,9,VNC_LTct_L,
720575941440379733,720575941623067338,5,VNC_LTct_R,
720575941440379733,720575941623067338,4,VNC_T1_ProNm_R,
720575941440379733,720575941625907769,3,VNC_LTct_L,
720575941440379733,720575941625907769,8,VNC_LTct_R,
720575941440379733,720575941625907769,3,VNC_T1_ProNm_L,
720575941440379733,720575941657621272,6,VNC_AMNp_R,
720575941440379733,720575941685980278,16,VNC_LTct_R,
720575941440714959,720575941463655693,3,VNC_IntTct_R,
720575941440714959,720575941494983806,3,VNC_HTct_R,
720575941440714959,720575941494983806,3,VNC_unassigned_R,
720575941440714959,720575941504389655,5,VNC_WTct_R,
720575941440714959,720575941669866161,3,VNC_IntTct_R,
720575941440899023,720575941436378898,3,VNC_IntTct_L,
720575941440899023,720575941457686256,3,VNC_HTct_R,
720575941440899023,720575941457797360,3,VNC_IntTct_L,
720575941440899023,720575941473850720,4,VNC_IntTct_L,
720575941440899023,720575941473850720,8,VNC_LTct_L,
720575941440899023,720575941490813872,5,VNC_HTct_L,
720575941440899023,720575941490813872,3,VNC_HTct_R,
720575941440899023,720575941515936505,5,VNC_LTct_R,
720575941440899023,720575941516099500,3,VNC_HTct_R,
720575941440899023,720575941516099500,4,VNC_NTct_L,
720575941440899023,720575941545372296,3,VNC_IntTct_L,
720575941440899023,720575941547347316,3,VNC_NTct_L,
720575941440899023,720575941562467682,3,VNC_HTct_L,
720575941440899023,720575941579868917,3,VNC_IntTct_L,
720575941440899023,720575941614698709,3,VNC_HTct_R,
720575941440899023,720575941614889941,11,VNC_HTct_R,
720575941440899023,720575941614889941,4,VNC_IntTct_L,
720575941440899023,720575941625193354,3,VNC_IntTct_L,
720575941440899023,720575941630933947,4,VNC_LTct_L,
720575941440899023,720575941649244437,3,VNC_HTct_R,
720575941440899023,720575941649244437,3,VNC_WTct_L,
720575941440899023,720575941653563153,4,VNC_LTct_L,
720575941441162191,720575941464901398,33,VNC_HTct_R,
720575941441162191,720575941464901398,7,VNC_IntTct_R,
720575941441162191,720575941498935777,4,VNC_IntTct_R,
720575941441162191,720575941498935777,4,VNC_NTct_R,
720575941441162191,720575941532526168,3,VNC_HTct_R,
720575941441162191,720575941564034614,3,VNC_HTct_R,
720575941441162191,720575941573388982,4,VNC_HTct_R,
720575941441162191,720575941657718552,6,VNC_IntTct_R,
720575941441226943,720575941400818723,4,VNC_IntTct_L,
720575941441226943,720575941403818864,4,VNC_HTct_L,
720575941441226943,720575941404452720,3,VNC_WTct_L,
720575941441226943,720575941428428681,3,VNC_IntTct_L,
720575941441226943,720575941431129815,3,VNC_IntTct_L,
720575941441226943,720575941433032718,8,VNC_HTct_L,
720575941441226943,720575941433032718,38,VNC_IntTct_L,
720575941441226943,720575941433032718,7,VNC_NTct_L,
720575941441226943,720575941433032718,20,VNC_T1_ProNm_L,
720575941441226943,720575941433032718,6,VNC_unassigned_L,
720575941441226943,720575941439083983,3,VNC_HTct_L,
720575941441226943,720575941450008391,5,VNC_HTct_L,
720575941441226943,720575941450876794,4,VNC_HTct_L,
720575941441226943,720575941457797360,5,VNC_HTct_L,
720575941441226943,720575941460384723,4,VNC_IntTct_L,
720575941441226943,720575941477166622,3,VNC_IntTct_L,
720575941441226943,720575941479474818,5,VNC_HTct_L,
720575941441226943,720575941480096591,6,VNC_HTct_L,
720575941441226943,720575941485288144,4,VNC_HTct_L,
720575941441226943,720575941503659970,10,VNC_HTct_L,
720575941441226943,720575941504505157,5,VNC_NTct_L,
720575941441226943,720575941504563781,6,VNC_HTct_L,
720575941441226943,720575941506644540,7,VNC_HTct_L,
720575941441226943,720575941506644540,24,VNC_IntTct_L,
720575941441226943,720575941506644540,6,VNC_WTct_L,
720575941441226943,720575941513125881,3,VNC_HTct_L,
720575941441226943,720575941513242202,7,VNC_HTct_L,
720575941441226943,720575941518334643,7,VNC_HTct_L,
720575941441226943,720575941532334424,6,VNC_HTct_L,
720575941441226943,720575941545440392,5,VNC_HTct_L,
720575941441226943,720575941547177076,4,VNC_IntTct_L,
720575941441226943,720575941552783495,4,VNC_HTct_L,
720575941441226943,720575941557242148,3,VNC_HTct_L,
720575941441226943,720575941559096302,5,VNC_IntTct_L,
720575941441226943,720575941559096302,3,VNC_WTct_L,
720575941441226943,720575941563318070,3,VNC_HTct_L,
720575941441226943,720575941564547479,7,VNC_IntTct_L,
720575941441226943,720575941579262841,4,VNC_HTct_L,
720575941441226943,720575941579768565,8,VNC_HTct_L,
720575941441226943,720575941588061438,6,VNC_NTct_L,
720575941441226943,720575941591285388,20,VNC_HTct_L,
720575941441226943,720575941591285388,7,VNC_IntTct_L,
720575941441226943,720575941592094422,12,VNC_IntTct_L,
720575941441226943,720575941592428907,4,VNC_HTct_L,
720575941441226943,720575941595202085,3,VNC_HTct_L,
720575941441226943,720575941626975782,14,VNC_IntTct_L,
720575941441226943,720575941628426978,4,VNC_HTct_L,
720575941441226943,720575941639451167,3,VNC_IntTct_L,
720575941441226943,720575941644234696,4,VNC_HTct_L,
720575941441226943,720575941687929307,5,VNC_HTct_L,
720575941441243839,720575941472042282,4,VNC_IntTct_L,
720575941441243839,720575941498482043,4,VNC_unassigned_R,
720575941441243839,720575941521986227,3,VNC_IntTct_L,
720575941441243839,720575941540255357,3,VNC_unassigned_R,
720575941441243839,720575941560427379,6,VNC_unassigned_R,
720575941441243839,720575941602987510,3,VNC_ANm_L,
720575941441243839,720575941603749817,3,VNC_ANm_R,
720575941441243839,720575941613403100,3,VNC_WTct_R,
720575941441243839,720575941625932682,6,VNC_IntTct_L,
720575941441243839,720575941630622624,3,VNC_unassigned_L,
720575941441243839,720575941653565201,3,VNC_ANm_R,
720575941441243839,720575941657510992,3,VNC_unassigned_L,
720575941441243839,720575941669866161,3,VNC_IntTct_R,
720575941441243839,720575941669866161,4,VNC_WTct_R,
720575941441243839,720575941688644470,5,VNC_ANm_R,
720575941441623899,720575941450559566,7,VNC_T2_MesoNm_L,
720575941441623899,720575941453578409,21,VNC_T2_MesoNm_L,
720575941441623899,720575941523112439,3,VNC_NTct_L,
720575941441623899,720575941523112439,12,VNC_T1_ProNm_L,
720575941441623899,720575941552620543,14,VNC_T2_MesoNm_L,
720575941441623899,720575941590291084,12,VNC_T2_MesoNm_L,
720575941441623899,720575941592919080,3,VNC_T1_ProNm_L,
720575941441623899,720575941600259369,17,VNC_T2_MesoNm_L,
720575941441623899,720575941632698555,21,VNC_T2_MesoNm_L,
720575941441623899,720575941649795057,30,VNC_T2_MesoNm_L,
720575941441623899,720575941703131610,50,VNC_T1_ProNm_L,
720575941441633883,720575941390682262,3,VNC_IntTct_L,
720575941441633883,720575941390682262,10,VNC_T1_ProNm_L,
720575941441633883,720575941424930644,6,VNC_IntTct_L,
720575941441633883,720575941424930644,3,VNC_LTct_L,
720575941441633883,720575941428412809,7,VNC_T2_MesoNm_L,
720575941441633883,720575941440736207,4,VNC_T2_MesoNm_L,
720575941441633883,720575941442357674,8,VNC_T2_MesoNm_L,
720575941441633883,720575941450559566,106,VNC_T2_MesoNm_L,
720575941441633883,720575941453578409,9,VNC_T2_MesoNm_L,
720575941441633883,720575941453578409,8,VNC_unassigned_L,
720575941441633883,720575941456678893,14,VNC_NTct_L,
720575941441633883,720575941456678893,5,VNC_T1_ProNm_L,
720575941441633883,720575941459559824,8,VNC_IntTct_L,
720575941441633883,720575941460195780,3,VNC_IntTct_L,
720575941441633883,720575941463655693,3,VNC_NTct_L,
720575941441633883,720575941466509590,9,VNC_IntTct_L,
720575941441633883,720575941466509590,4,VNC_WTct_L,
720575941441633883,720575941470786368,4,VNC_IntTct_L,
720575941441633883,720575941474467633,7,VNC_T2_MesoNm_L,
720575941441633883,720575941477573344,3,VNC_WTct_L,
720575941441633883,720575941481012989,5,VNC_WTct_L,
720575941441633883,720575941489322805,8,VNC_T2_MesoNm_L,
720575941441633883,720575941489801676,5,VNC_WTct_L,
720575941441633883,720575941493955710,15,VNC_T2_MesoNm_L,
720575941441633883,720575941501802434,6,VNC_IntTct_L,
720575941441633883,720575941501845554,5,VNC_IntTct_L,
720575941441633883,720575941516099500,10,VNC_WTct_L,
720575941441633883,720575941516740524,30,VNC_T2_MesoNm_L,
720575941441633883,720575941516740524,3,VNC_WTct_L,
720575941441633883,720575941518434227,3,VNC_WTct_L,
720575941441633883,720575941521236915,3,VNC_T3_MetaNm_L,
720575941441633883,720575941542907933,4,VNC_IntTct_L,
720575941441633883,720575941545471593,4,VNC_IntTct_L,
720575941441633883,720575941555462995,45,VNC_T2_MesoNm_L,
720575941441633883,720575941558648109,4,VNC_IntTct_L,
720575941441633883,720575941571427323,3,VNC_WTct_L,
720575941441633883,720575941572851087,3,VNC_NTct_L,
720575941441633883,720575941589863735,3,VNC_IntTct_L,
720575941441633883,720575941589863735,3,VNC_T2_MesoNm_L,
720575941441633883,720575941590291084,10,VNC_T2_MesoNm_L,
720575941441633883,720575941592919080,10,VNC_T1_ProNm_L,
720575941441633883,720575941611060042,6,VNC_T2_MesoNm_L,
720575941441633883,720575941611060042,4,VNC_unassigned_L,
720575941441633883,720575941614874325,5,VNC_WTct_L,
720575941441633883,720575941630302405,3,VNC_T2_MesoNm_L,
720575941441633883,720575941652640273,5,VNC_T2_MesoNm_L,
720575941441633883,720575941670593703,5,VNC_T2_MesoNm_L,
720575941441643867,720575941458789958,3,VNC_ANm_R,
720575941441643867,720575941463655693,6,VNC_WTct_R,
720575941441643867,720575941474437681,3,VNC_HTct_R,
720575941441643867,720575941474640682,10,VNC_WTct_R,
720575941441643867,720575941485458754,4,VNC_WTct_R,
720575941441643867,720575941485775110,3,VNC_WTct_R,
720575941441643867,720575941494983806,3,VNC_ANm_R,
720575941441643867,720575941516099500,7,VNC_NTct_L,
720575941441643867,720575941518434227,3,VNC_WTct_R,
720575941441643867,720575941526718564,5,VNC_ANm_R,
720575941441643867,720575941526718564,3,VNC_HTct_L,
720575941441643867,720575941554049307,8,VNC_WTct_R,
720575941441643867,720575941595766428,3,VNC_WTct_R,
720575941441974479,720575941402032240,3,VNC_WTct_L,
720575941441974479,720575941463655693,3,VNC_HTct_L,
720575941441974479,720575941463655693,8,VNC_WTct_L,
720575941441974479,720575941477553376,3,VNC_HTct_L,
720575941441974479,720575941477553376,3,VNC_WTct_L,
720575941441974479,720575941485458754,12,VNC_HTct_L,
720575941441974479,720575941485458754,5,VNC_WTct_L,
720575941441974479,720575941501842626,3,VNC_HTct_L,
720575941441974479,720575941516099500,3,VNC_HTct_L,
720575941441974479,720575941527099981,3,VNC_WTct_L,
720575941441974479,720575941530787203,5,VNC_WTct_L,
720575941441974479,720575941535952577,8,VNC_HTct_L,
720575941441974479,720575941535952577,3,VNC_HTct_R,
720575941441974479,720575941535952577,3,VNC_WTct_L,
720575941441974479,720575941544696756,3,VNC_NTct_L,
720575941441974479,720575941563314486,3,VNC_HTct_L,
720575941441974479,720575941569639326,5,VNC_HTct_L,
720575941441974479,720575941595766428,5,VNC_WTct_L,
720575941441974479,720575941644900472,3,VNC_WTct_L,
720575941441974479,720575941663099516,4,VNC_HTct_L,
720575941442418639,720575941412443540,5,VNC_IntTct_R,
720575941442418639,720575941414508948,25,VNC_IntTct_R,
720575941442418639,720575941436996882,11,VNC_IntTct_R,
720575941442418639,720575941439011279,17,VNC_IntTct_R,
720575941442418639,720575941458334163,9,VNC_HTct_R,
720575941442418639,720575941458334163,13,VNC_IntTct_R,
720575941442418639,720575941459554960,13,VNC_IntTct_R,
720575941442418639,720575941461082381,4,VNC_IntTct_R,
720575941442418639,720575941469724125,15,VNC_IntTct_R,
720575941442418639,720575941472135179,6,VNC_NTct_R,
720575941442418639,720575941474334779,7,VNC_HTct_R,
720575941442418639,720575941474334779,4,VNC_IntTct_R,
720575941442418639,720575941477884802,4,VNC_HTct_R,
720575941442418639,720575941478390607,4,VNC_IntTct_R,
720575941442418639,720575941481020925,3,VNC_IntTct_R,
720575941442418639,720575941496227041,3,VNC_HTct_R,
720575941442418639,720575941503451301,14,VNC_HTct_R,
720575941442418639,720575941503451301,30,VNC_IntTct_R,
720575941442418639,720575941516768472,9,VNC_IntTct_R,
720575941442418639,720575941516784494,6,VNC_IntTct_R,
720575941442418639,720575941519453038,5,VNC_IntTct_R,
720575941442418639,720575941524280857,5,VNC_IntTct_R,
720575941442418639,720575941526847910,3,VNC_IntTct_R,
720575941442418639,720575941528944568,4,VNC_IntTct_R,
720575941442418639,720575941532246762,3,VNC_HTct_R,
720575941442418639,720575941532246762,25,VNC_IntTct_R,
720575941442418639,720575941536208789,9,VNC_IntTct_R,
720575941442418639,720575941540246909,3,VNC_HTct_R,
720575941442418639,720575941546731041,4,VNC_IntTct_R,
720575941442418639,720575941551321371,3,VNC_NTct_R,
720575941442418639,720575941551321371,3,VNC_WTct_R,
720575941442418639,720575941551947263,35,VNC_IntTct_R,
720575941442418639,720575941551947263,3,VNC_T1_ProNm_R,
720575941442418639,720575941557612915,21,VNC_HTct_R,
720575941442418639,720575941557612915,81,VNC_IntTct_R,
720575941442418639,720575941557612915,5,VNC_LTct_R,
720575941442418639,720575941558661165,3,VNC_HTct_R,
720575941442418639,720575941559929615,7,VNC_T2_MesoNm_R,
720575941442418639,720575941566954228,4,VNC_HTct_R,
720575941442418639,720575941566954228,15,VNC_IntTct_R,
720575941442418639,720575941566954228,5,VNC_NTct_R,
720575941442418639,720575941583254918,7,VNC_IntTct_R,
720575941442418639,720575941583601886,6,VNC_IntTct_R,
720575941442418639,720575941605016941,5,VNC_IntTct_R,
720575941442418639,720575941607605101,7,VNC_IntTct_R,
720575941442418639,720575941608991050,11,VNC_HTct_R,
720575941442418639,720575941608991050,24,VNC_IntTct_R,
720575941442418639,720575941623108298,4,VNC_IntTct_R,
720575941442418639,720575941623108298,7,VNC_WTct_R,
720575941442418639,720575941623108298,3,VNC_unassigned_R,
720575941442418639,720575941623347099,12,VNC_IntTct_R,
720575941442418639,720575941623399788,3,VNC_IntTct_R,
720575941442418639,720575941625963419,3,VNC_T2_MesoNm_R,
720575941442418639,720575941630959035,4,VNC_HTct_R,
720575941442418639,720575941630959035,6,VNC_IntTct_R,
720575941442418639,720575941652647185,7,VNC_WTct_R,
720575941442861482,720575941429556655,3,VNC_NTct_R,
720575941442861482,720575941464768790,5,VNC_NTct_R,
720575941444536746,720575941474426929,3,VNC_HTct_L,
720575941444536746,720575941477446762,15,VNC_HTct_L,
720575941444536746,720575941617239423,3,VNC_HTct_L,
720575941445707284,720575941399309603,6,VNC_IntTct_L,
720575941445707284,720575941412323473,5,VNC_HTct_L,
720575941445707284,720575941412323473,6,VNC_IntTct_L,
720575941445707284,720575941414326161,6,VNC_IntTct_L,
720575941445707284,720575941429512151,7,VNC_IntTct_L,
720575941445707284,720575941433032718,15,VNC_IntTct_L,
720575941445707284,720575941436750911,6,VNC_IntTct_L,
720575941445707284,720575941439050703,11,VNC_IntTct_L,
720575941445707284,720575941447305053,3,VNC_HTct_L,
720575941445707284,720575941449187450,3,VNC_IntTct_L,
720575941445707284,720575941450876794,33,VNC_HTct_L,
720575941445707284,720575941450876794,69,VNC_IntTct_L,
720575941445707284,720575941450876794,3,VNC_NTct_L,
720575941445707284,720575941450876794,11,VNC_WTct_L,
720575941445707284,720575941452168873,3,VNC_HTct_L,
720575941445707284,720575941457147206,6,VNC_IntTct_L,
720575941445707284,720575941464073558,5,VNC_HTct_L,
720575941445707284,720575941464073558,12,VNC_IntTct_L,
720575941445707284,720575941464790294,5,VNC_HTct_L,
720575941445707284,720575941465484566,7,VNC_HTct_L,
720575941445707284,720575941467216093,4,VNC_HTct_L,
720575941445707284,720575941471203447,3,VNC_HTct_L,
720575941445707284,720575941472573499,5,VNC_IntTct_L,
720575941445707284,720575941478092963,3,VNC_IntTct_L,
720575941445707284,720575941479098819,3,VNC_HTct_L,
720575941445707284,720575941489746663,5,VNC_IntTct_L,
720575941445707284,720575941505478690,6,VNC_IntTct_L,
720575941445707284,720575941506644540,22,VNC_IntTct_L,
720575941445707284,720575941506644540,5,VNC_NTct_L,
720575941445707284,720575941506644540,3,VNC_WTct_L,
720575941445707284,720575941508542674,5,VNC_HTct_L,
720575941445707284,720575941508542674,3,VNC_IntTct_L,
720575941445707284,720575941513177091,4,VNC_IntTct_L,
720575941445707284,720575941517764824,4,VNC_IntTct_L,
720575941445707284,720575941518407607,4,VNC_HTct_L,
720575941445707284,720575941520333047,6,VNC_HTct_L,
720575941445707284,720575941524114532,19,VNC_IntTct_L,
720575941445707284,720575941524280857,3,VNC_HTct_L,
720575941445707284,720575941524280857,3,VNC_NTct_L,
720575941445707284,720575941532349362,3,VNC_HTct_L,
720575941445707284,720575941543669765,9,VNC_IntTct_L,
720575941445707284,720575941549386239,3,VNC_IntTct_L,
720575941445707284,720575941569659806,3,VNC_IntTct_L,
720575941445707284,720575941570823752,4,VNC_IntTct_L,
720575941445707284,720575941572251144,7,VNC_HTct_L,
720575941445707284,720575941572251144,8,VNC_IntTct_L,
720575941445707284,720575941583128454,5,VNC_HTct_L,
720575941445707284,720575941583511518,3,VNC_IntTct_L,
720575941445707284,720575941586427972,5,VNC_IntTct_L,
720575941445707284,720575941591285388,4,VNC_IntTct_L,
720575941445707284,720575941601088441,5,VNC_HTct_L,
720575941445707284,720575941608861929,3,VNC_HTct_L,
720575941445707284,720575941608861929,11,VNC_IntTct_L,
720575941445707284,720575941628591330,3,VNC_IntTct_L,
720575941445707284,720575941630748859,4,VNC_HTct_L,
720575941445707284,720575941632896453,11,VNC_HTct_L,
720575941445707284,720575941632896453,9,VNC_IntTct_L,
720575941445707284,720575941723242042,10,VNC_HTct_L,
720575941445707284,720575941723242042,35,VNC_IntTct_L,
720575941446894612,720575941435625516,3,VNC_NTct_L,
720575941446894612,720575941461227152,3,VNC_unassigned_L,
720575941446894612,720575941501041643,3,VNC_NTct_L,
720575941446894612,720575941518466483,3,VNC_unassigned_L,
720575941447838996,720575941477447530,5,VNC_HTct_R,
720575941447838996,720575941479505315,8,VNC_IntTct_R,
720575941447838996,720575941503451301,6,VNC_IntTct_R,
720575941447838996,720575941514637827,4,VNC_NTct_R,
720575941447838996,720575941559301491,5,VNC_NTct_R,
720575941447838996,720575941559301491,3,VNC_WTct_R,
720575941447838996,720575941567030516,5,VNC_NTct_R,
720575941447838996,720575941579017337,3,VNC_IntTct_R,
720575941447838996,720575941593615211,3,VNC_IntTct_R,
720575941447838996,720575941608991050,3,VNC_HTct_R,
720575941447838996,720575941608991050,14,VNC_IntTct_R,
720575941447838996,720575941626940710,4,VNC_IntTct_R,
720575941447838996,720575941633071008,3,VNC_NTct_R,
720575941447838996,720575941685775116,10,VNC_IntTct_R,
720575941447838996,720575941685775116,5,VNC_NTct_R,
720575941447863316,720575941350409264,3,VNC_IntTct_R,
720575941447863316,720575941401776931,9,VNC_IntTct_R,
720575941447863316,720575941401776931,3,VNC_LTct_R,
720575941447863316,720575941401776931,9,VNC_T1_ProNm_R,
720575941447863316,720575941411765140,3,VNC_LTct_R,
720575941447863316,720575941414508948,3,VNC_IntTct_R,
720575941447863316,720575941414508948,4,VNC_T1_ProNm_R,
720575941447863316,720575941436996882,3,VNC_IntTct_R,
720575941447863316,720575941436996882,4,VNC_LTct_R,
720575941447863316,720575941450696029,10,VNC_IntTct_R,
720575941447863316,720575941450696029,4,VNC_LTct_R,
720575941447863316,720575941450696029,10,VNC_T1_ProNm_R,
720575941447863316,720575941450696029,8,VNC_T2_MesoNm_R,
720575941447863316,720575941456314271,4,VNC_LTct_R,
720575941447863316,720575941456667373,4,VNC_T1_ProNm_R,
720575941447863316,720575941457802480,59,VNC_IntTct_R,
720575941447863316,720575941457802480,43,VNC_LTct_R,
720575941447863316,720575941457802480,3,VNC_T2_MesoNm_R,
720575941447863316,720575941466725206,6,VNC_LTct_R,
720575941447863316,720575941467252189,4,VNC_LTct_R,
720575941447863316,720575941468700381,3,VNC_T2_MesoNm_R,
720575941447863316,720575941474598964,3,VNC_HTct_R,
720575941447863316,720575941474741819,9,VNC_IntTct_R,
720575941447863316,720575941474741819,21,VNC_LTct_R,
720575941447863316,720575941477884802,5,VNC_HTct_R,
720575941447863316,720575941477884802,5,VNC_T3_MetaNm_R,
720575941447863316,720575941485322637,12,VNC_T3_MetaNm_R,
720575941447863316,720575941486560774,3,VNC_IntTct_R,
720575941447863316,720575941488015312,3,VNC_T3_MetaNm_R,
720575941447863316,720575941499426699,6,VNC_IntTct_R,
720575941447863316,720575941501715906,3,VNC_IntTct_R,
720575941447863316,720575941505536290,8,VNC_IntTct_R,
720575941447863316,720575941515071299,5,VNC_LTct_R,
720575941447863316,720575941515936505,5,VNC_LTct_R,
720575941447863316,720575941515936505,14,VNC_T2_MesoNm_R,
720575941447863316,720575941516784494,3,VNC_IntTct_R,
720575941447863316,720575941516784494,9,VNC_LTct_R,
720575941447863316,720575941524114276,9,VNC_IntTct_R,
720575941447863316,720575941524114276,4,VNC_LTct_R,
720575941447863316,720575941525847396,3,VNC_IntTct_R,
720575941447863316,720575941526426756,7,VNC_IntTct_R,
720575941447863316,720575941526426756,4,VNC_LTct_R,
720575941447863316,720575941533819162,6,VNC_IntTct_R,
720575941447863316,720575941540100381,5,VNC_IntTct_R,
720575941447863316,720575941547164084,12,VNC_T2_MesoNm_R,
720575941447863316,720575941547901556,9,VNC_T2_MesoNm_R,
720575941447863316,720575941551947263,17,VNC_IntTct_R,
720575941447863316,720575941551947263,34,VNC_T1_ProNm_R,
720575941447863316,720575941555504723,4,VNC_IntTct_R,
720575941447863316,720575941559321971,3,VNC_IntTct_R,
720575941447863316,720575941567151918,3,VNC_T3_MetaNm_R,
720575941447863316,720575941569376250,3,VNC_IntTct_R,
720575941447863316,720575941569585266,4,VNC_NTct_R,
720575941447863316,720575941569585266,31,VNC_T1_ProNm_R,
720575941447863316,720575941576941045,6,VNC_IntTct_R,
720575941447863316,720575941576941045,7,VNC_LTct_R,
720575941447863316,720575941576941045,6,VNC_T2_MesoNm_R,
720575941447863316,720575941583588830,4,VNC_IntTct_R,
720575941447863316,720575941583588830,6,VNC_LTct_R,
720575941447863316,720575941583601886,9,VNC_IntTct_R,
720575941447863316,720575941583601886,3,VNC_LTct_R,
720575941447863316,720575941595021681,4,VNC_LTct_R,
720575941447863316,720575941600259369,5,VNC_IntTct_R,
720575941447863316,720575941600259369,10,VNC_LTct_R,
720575941447863316,720575941600259369,3,VNC_T2_MesoNm_R,
720575941447863316,720575941607605101,5,VNC_IntTct_R,
720575941447863316,720575941607605101,5,VNC_T1_ProNm_R,
720575941447863316,720575941609429350,3,VNC_IntTct_R,
720575941447863316,720575941609479526,3,VNC_IntTct_R,
720575941447863316,720575941611343337,3,VNC_ANm_R,
720575941447863316,720575941611343337,3,VNC_T3_MetaNm_R,
720575941447863316,720575941619873663,7,VNC_IntTct_R,
720575941447863316,720575941619873663,3,VNC_T1_ProNm_R,
720575941447863316,720575941625907769,4,VNC_LTct_R,
720575941447863316,720575941630933947,10,VNC_IntTct_R,
720575941447863316,720575941630933947,11,VNC_LTct_R,
720575941447863316,720575941636281205,4,VNC_IntTct_R,
720575941447863316,720575941652323289,9,VNC_IntTct_R,
720575941447863316,720575941652323289,5,VNC_LTct_R,
720575941447863316,720575941668869363,4,VNC_IntTct_R,
720575941447863316,720575941722082874,3,VNC_T2_MesoNm_R,
720575941447884820,720575941433032718,10,VNC_IntTct_L,
720575941447884820,720575941433032718,3,VNC_T1_ProNm_L,
720575941447973140,720575941429556655,5,VNC_IntTct_R,
720575941447973140,720575941429556655,5,VNC_NTct_R,
720575941447973140,720575941445324052,3,VNC_HTct_R,
720575941447973140,720575941464768790,4,VNC_NTct_R,
720575941447973140,720575941496830370,5,VNC_HTct_R,
720575941447973140,720575941499744162,3,VNC_HTct_R,
720575941447973140,720575941507863056,7,VNC_HTct_R,
720575941447973140,720575941525971993,3,VNC_HTct_R,
720575941447973140,720575941528944568,12,VNC_HTct_R,
720575941447973140,720575941528944568,5,VNC_IntTct_R,
720575941447973140,720575941535137763,4,VNC_NTct_R,
720575941447973140,720575941546321076,8,VNC_HTct_R,
720575941447973140,720575941549403903,5,VNC_NTct_R,
720575941447973140,720575941549753150,6,VNC_HTct_R,
720575941447973140,720575941574155003,15,VNC_HTct_R,
720575941447973140,720575941574155003,8,VNC_IntTct_R,
720575941447973140,720575941574672029,5,VNC_HTct_R,
720575941447973140,720575941579017337,4,VNC_NTct_R,
720575941447973140,720575941583315334,5,VNC_HTct_R,
720575941447973140,720575941609001034,4,VNC_NTct_R,
720575941447973140,720575941617239423,3,VNC_HTct_R,
720575941447973140,720575941622232828,5,VNC_HTct_R,
720575941447973140,720575941684992751,3,VNC_HTct_R,
720575941447973140,720575941731613483,8,VNC_HTct_R,
720575941447973140,720575941731613483,3,VNC_T3_MetaNm_R,
720575941448018196,720575941483537338,4,VNC_T1_ProNm_L,
720575941448018196,720575941483537338,4,VNC_T1_ProNm_R,
720575941448018196,720575941489322805,9,VNC_T2_MesoNm_L,
720575941448018196,720575941490693577,4,VNC_T2_MesoNm_R,
720575941448018196,720575941542905629,4,VNC_T1_ProNm_L,
720575941448018196,720575941625962139,5,VNC_T2_MesoNm_R,
720575941448124692,720575941523112439,3,VNC_NTct_L,
720575941448124692,720575941569659806,6,VNC_IntTct_L,
720575941448922717,720575941477166622,8,VNC_IntTct_L,
720575941448922717,720575941572251144,3,VNC_IntTct_L,
720575941449384885,720575941552643390,3,VNC_WTct_R,
720575941449527477,720575941393490838,3,VNC_ANm_R,
720575941449527477,720575941516777107,20,VNC_T1_ProNm_R,
720575941449527477,720575941516777107,6,VNC_T2_MesoNm_R,
720575941449527477,720575941536648168,5,VNC_T2_MesoNm_R,
720575941449527477,720575941558290980,4,VNC_T1_ProNm_R,
720575941449527477,720575941562051752,6,VNC_T2_MesoNm_R,
720575941449527477,720575941573489416,4,VNC_T2_MesoNm_R,
720575941449527477,720575941575691624,3,VNC_T2_MesoNm_R,
720575941449527477,720575941580604661,3,VNC_AMNp_R,
720575941449875893,720575941429283681,6,VNC_T2_MesoNm_L,
720575941449875893,720575941429439959,4,VNC_IntTct_R,
720575941449875893,720575941429439959,5,VNC_LTct_L,
720575941449875893,720575941433448224,4,VNC_T1_ProNm_R,
720575941449875893,720575941457134918,4,VNC_T2_MesoNm_L,
720575941449875893,720575941566802170,5,VNC_LTct_R,
720575941449875893,720575941566802170,6,VNC_T1_ProNm_R,
720575941449875893,720575941626897958,6,VNC_T2_MesoNm_R,
720575941449875893,720575941640900453,4,VNC_IntTct_R,
720575941449875893,720575941640900453,5,VNC_LTct_R,
720575941449875893,720575941640900453,5,VNC_T2_MesoNm_R,
720575941449983581,720575941350393904,3,VNC_IntTct_L,
720575941449983581,720575941401795619,6,VNC_IntTct_L,
720575941449983581,720575941401795619,18,VNC_T1_ProNm_L,
720575941449983581,720575941404724080,8,VNC_IntTct_L,
720575941449983581,720575941404724080,20,VNC_T1_ProNm_L,
720575941449983581,720575941411656081,7,VNC_IntTct_L,
720575941449983581,720575941411656081,7,VNC_LTct_L,
720575941449983581,720575941411656081,3,VNC_T2_MesoNm_L,
720575941449983581,720575941411765140,5,VNC_IntTct_L,
720575941449983581,720575941411765140,17,VNC_LTct_L,
720575941449983581,720575941430016905,3,VNC_LTct_L,
720575941449983581,720575941436770783,9,VNC_T2_MesoNm_L,
720575941449983581,720575941437525589,11,VNC_IntTct_L,
720575941449983581,720575941437525589,11,VNC_LTct_L,
720575941449983581,720575941442377130,7,VNC_IntTct_L,
720575941449983581,720575941442637519,7,VNC_T2_MesoNm_L,
720575941449983581,720575941451768391,3,VNC_IntTct_L,
720575941449983581,720575941458873796,3,VNC_IntTct_L,
720575941449983581,720575941461082381,8,VNC_IntTct_L,
720575941449983581,720575941461082381,4,VNC_LTct_L,
720575941449983581,720575941466509590,3,VNC_IntTct_L,
720575941449983581,720575941467252189,4,VNC_LTct_L,
720575941449983581,720575941470067063,4,VNC_IntTct_L,
720575941449983581,720575941474935105,3,VNC_LTct_L,
720575941449983581,720575941478523983,5,VNC_IntTct_L,
720575941449983581,720575941478523983,5,VNC_LTct_L,
720575941449983581,720575941488193481,3,VNC_IntTct_L,
720575941449983581,720575941496047433,3,VNC_LTct_L,
720575941449983581,720575941497092169,4,VNC_IntTct_L,
720575941449983581,720575941497092169,3,VNC_T1_ProNm_L,
720575941449983581,720575941501845554,7,VNC_LTct_L,
720575941449983581,720575941503455467,6,VNC_IntTct_L,
720575941449983581,720575941503455467,5,VNC_LTct_L,
720575941449983581,720575941512450371,8,VNC_T2_MesoNm_L,
720575941449983581,720575941513220601,9,VNC_IntTct_L,
720575941449983581,720575941513220601,4,VNC_LTct_L,
720575941449983581,720575941521031927,3,VNC_LTct_L,
720575941449983581,720575941521069751,3,VNC_IntTct_L,
720575941449983581,720575941521069751,8,VNC_LTct_L,
720575941449983581,720575941526426756,5,VNC_T2_MesoNm_L,
720575941449983581,720575941528086660,5,VNC_IntTct_L,
720575941449983581,720575941540100381,4,VNC_IntTct_L,
720575941449983581,720575941540100381,4,VNC_LTct_L,
720575941449983581,720575941545471593,3,VNC_IntTct_L,
720575941449983581,720575941550948231,4,VNC_IntTct_L,
720575941449983581,720575941550948231,3,VNC_LTct_L,
720575941449983581,720575941550948231,7,VNC_T2_MesoNm_L,
720575941449983581,720575941550948231,3,VNC_WTct_L,
720575941449983581,720575941551385371,3,VNC_T2_MesoNm_L,
720575941449983581,720575941551947263,3,VNC_IntTct_L,
720575941449983581,720575941551947263,22,VNC_LTct_L,
720575941449983581,720575941551947263,7,VNC_LTct_R,
720575941449983581,720575941555462995,37,VNC_T2_MesoNm_L,
720575941449983581,720575941562043392,4,VNC_IntTct_L,
720575941449983581,720575941569616542,3,VNC_IntTct_L,
720575941449983581,720575941569652638,3,VNC_LTct_L,
720575941449983581,720575941571906717,4,VNC_LTct_L,
720575941449983581,720575941575800665,5,VNC_IntTct_L,
720575941449983581,720575941575800665,5,VNC_LTct_L,
720575941449983581,720575941579072889,19,VNC_IntTct_L,
720575941449983581,720575941579072889,7,VNC_LTct_L,
720575941449983581,720575941579072889,5,VNC_WTct_L,
720575941449983581,720575941579161465,5,VNC_LTct_L,
720575941449983581,720575941580604661,10,VNC_LTct_L,
720575941449983581,720575941595871424,5,VNC_IntTct_L,
720575941449983581,720575941615272601,6,VNC_IntTct_L,
720575941449983581,720575941615272601,9,VNC_LTct_L,
720575941449983581,720575941650578193,6,VNC_LTct_L,
720575941450378333,720575941390682262,3,VNC_IntTct_L,
720575941450378333,720575941390682262,9,VNC_LTct_L,
720575941450378333,720575941430016905,3,VNC_LTct_L,
720575941450378333,720575941450532174,3,VNC_LTct_L,
720575941450378333,720575941450532174,4,VNC_LTct_R,
720575941450378333,720575941457932703,5,VNC_IntTct_R,
720575941450378333,720575941460195780,5,VNC_IntTct_R,
720575941450378333,720575941460195780,5,VNC_LTct_L,
720575941450378333,720575941460195780,4,VNC_LTct_R,
720575941450378333,720575941474741819,3,VNC_LTct_R,
720575941450378333,720575941491289033,8,VNC_LTct_R,
720575941450378333,720575941507793680,4,VNC_IntTct_L,
720575941450378333,720575941521031927,5,VNC_LTct_R,
720575941450378333,720575941523074379,6,VNC_LTct_L,
720575941450378333,720575941523074379,8,VNC_LTct_R,
720575941450378333,720575941527110840,5,VNC_LTct_R,
720575941450378333,720575941527150776,4,VNC_LTct_R,
720575941450378333,720575941539355517,3,VNC_IntTct_R,
720575941450378333,720575941539355517,33,VNC_LTct_R,
720575941450378333,720575941545471593,9,VNC_LTct_R,
720575941450378333,720575941563254070,7,VNC_LTct_R,
720575941450378333,720575941569652638,7,VNC_LTct_L,
720575941450378333,720575941580604661,8,VNC_LTct_R,
720575941450378333,720575941588646284,4,VNC_LTct_R,
720575941450378333,720575941615272601,4,VNC_IntTct_L,
720575941450378333,720575941615272601,11,VNC_LTct_L,
720575941450378333,720575941615272601,7,VNC_LTct_R,
720575941450378333,720575941644138401,6,VNC_LTct_R,
720575941450378333,720575941670676135,3,VNC_IntTct_R,
720575941450378333,720575941670676135,8,VNC_LTct_L,
720575941450378333,720575941670676135,8,VNC_LTct_R,
720575941450506830,720575941411765140,11,VNC_IntTct_R,
720575941450506830,720575941411765140,4,VNC_LTct_R,
720575941450506830,720575941411765140,3,VNC_T2_MesoNm_R,
720575941450506830,720575941412443540,3,VNC_IntTct_R,
720575941450506830,720575941414508948,10,VNC_IntTct_R,
720575941450506830,720575941414897041,4,VNC_HTct_R,
720575941450506830,720575941429556655,3,VNC_IntTct_R,
720575941450506830,720575941430389006,4,VNC_HTct_R,
720575941450506830,720575941430389006,4,VNC_IntTct_R,
720575941450506830,720575941430389006,3,VNC_WTct_R,
720575941450506830,720575941432722574,3,VNC_WTct_R,
720575941450506830,720575941436996882,3,VNC_IntTct_R,
720575941450506830,720575941439011279,10,VNC_IntTct_R,
720575941450506830,720575941439011279,4,VNC_WTct_R,
720575941450506830,720575941450101063,5,VNC_WTct_R,
720575941450506830,720575941457802480,3,VNC_IntTct_R,
720575941450506830,720575941458334163,25,VNC_HTct_R,
720575941450506830,720575941458334163,12,VNC_IntTct_R,
720575941450506830,720575941459554960,5,VNC_HTct_R,
720575941450506830,720575941459554960,9,VNC_IntTct_R,
720575941450506830,720575941460232147,4,VNC_T2_MesoNm_R,
720575941450506830,720575941460885005,3,VNC_HTct_R,
720575941450506830,720575941468312695,3,VNC_HTct_R,
720575941450506830,720575941468312695,4,VNC_unassigned_R,
720575941450506830,720575941469724125,4,VNC_IntTct_R,
720575941450506830,720575941474334779,10,VNC_HTct_R,
720575941450506830,720575941474334779,4,VNC_WTct_R,
720575941450506830,720575941476032542,3,VNC_WTct_R,
720575941450506830,720575941481020925,4,VNC_WTct_R,
720575941450506830,720575941492354174,6,VNC_WTct_R,
720575941450506830,720575941496227041,19,VNC_HTct_R,
720575941450506830,720575941496227041,13,VNC_WTct_R,
720575941450506830,720575941496957346,4,VNC_HTct_R,
720575941450506830,720575941503451301,36,VNC_HTct_R,
720575941450506830,720575941503451301,26,VNC_IntTct_R,
720575941450506830,720575941516768472,5,VNC_IntTct_R,
720575941450506830,720575941518433719,7,VNC_NTct_R,
720575941450506830,720575941519453038,5,VNC_IntTct_R,
720575941450506830,720575941524114276,7,VNC_WTct_R,
720575941450506830,720575941524294169,3,VNC_WTct_R,
720575941450506830,720575941528944568,6,VNC_IntTct_R,
720575941450506830,720575941532246762,10,VNC_HTct_R,
720575941450506830,720575941532246762,40,VNC_IntTct_R,
720575941450506830,720575941532246762,9,VNC_NTct_R,
720575941450506830,720575941532246762,7,VNC_WTct_R,
720575941450506830,720575941532423000,4,VNC_LTct_R,
720575941450506830,720575941533819162,4,VNC_WTct_R,
720575941450506830,720575941539741788,3,VNC_WTct_R,
720575941450506830,720575941540100381,3,VNC_unassigned_R,
720575941450506830,720575941540246909,3,VNC_ANm_R,
720575941450506830,720575941540246909,3,VNC_HTct_R,
720575941450506830,720575941546491681,4,VNC_HTct_R,
720575941450506830,720575941546491681,4,VNC_IntTct_R,
720575941450506830,720575941551947263,56,VNC_IntTct_R,
720575941450506830,720575941551947263,3,VNC_T1_ProNm_R,
720575941450506830,720575941551960319,4,VNC_T2_MesoNm_R,
720575941450506830,720575941557612915,43,VNC_HTct_R,
720575941450506830,720575941557612915,64,VNC_IntTct_R,
720575941450506830,720575941557612915,4,VNC_unassigned_R,
720575941450506830,720575941559929615,3,VNC_T2_MesoNm_R,
720575941450506830,720575941565376046,5,VNC_IntTct_R,
720575941450506830,720575941566954228,9,VNC_IntTct_R,
720575941450506830,720575941566954228,6,VNC_NTct_R,
720575941450506830,720575941583254918,3,VNC_HTct_R,
720575941450506830,720575941583254918,4,VNC_IntTct_R,
720575941450506830,720575941590840062,9,VNC_IntTct_R,
720575941450506830,720575941601153270,4,VNC_HTct_R,
720575941450506830,720575941605016941,6,VNC_IntTct_R,
720575941450506830,720575941607605101,5,VNC_IntTct_R,
720575941450506830,720575941608991050,24,VNC_HTct_R,
720575941450506830,720575941608991050,44,VNC_IntTct_R,
720575941450506830,720575941608991050,3,VNC_LTct_R,
720575941450506830,720575941609001034,3,VNC_IntTct_R,
720575941450506830,720575941623108298,3,VNC_IntTct_R,
720575941450506830,720575941623108298,14,VNC_WTct_R,
720575941450506830,720575941623399788,5,VNC_IntTct_R,
720575941450506830,720575941630959035,4,VNC_IntTct_R,
720575941450506830,720575941652323289,8,VNC_IntTct_R,
720575941450506830,720575941652647185,3,VNC_WTct_R,
720575941450506830,720575941655866648,4,VNC_IntTct_R,
720575941450506830,720575941684876527,6,VNC_IntTct_R,
720575941450506830,720575941722082874,5,VNC_HTct_R,
720575941450506830,720575941722082874,3,VNC_IntTct_R,
720575941450587726,720575941430016905,3,VNC_LTct_L,
720575941450587726,720575941430386446,3,VNC_LTct_L,
720575941450587726,720575941466725206,6,VNC_LTct_L,
720575941450587726,720575941529827557,4,VNC_LTct_L,
720575941450587726,720575941552643390,3,VNC_AMNp_L,
720575941450587726,720575941565301550,4,VNC_AMNp_L,
720575941450587726,720575941657621272,3,VNC_LTct_L,
720575941450728314,720575941480223456,11,VNC_T2_MesoNm_L,
720575941450728314,720575941501135191,6,VNC_NTct_L,
720575941450728314,720575941501135191,41,VNC_T1_ProNm_L,
720575941450934350,720575941521069751,3,VNC_IntTct_L,
720575941451941498,720575941402059632,6,VNC_IntTct_R,
720575941451941498,720575941407101614,15,VNC_HTct_R,
720575941451941498,720575941407101614,10,VNC_IntTct_R,
720575941451941498,720575941407101614,6,VNC_WTct_R,
720575941451941498,720575941410019695,10,VNC_HTct_R,
720575941451941498,720575941411572847,4,VNC_HTct_R,
720575941451941498,720575941411791764,4,VNC_IntTct_R,
720575941451941498,720575941411791764,4,VNC_NTct_R,
720575941451941498,720575941411791764,5,VNC_WTct_R,
720575941451941498,720575941413252241,5,VNC_IntTct_R,
720575941451941498,720575941413252241,5,VNC_WTct_R,
720575941451941498,720575941413920540,14,VNC_HTct_R,
720575941451941498,720575941413920540,4,VNC_unassigned_R,
720575941451941498,720575941438723263,26,VNC_HTct_R,
720575941451941498,720575941438723263,3,VNC_IntTct_R,
720575941451941498,720575941438723263,4,VNC_WTct_R,
720575941451941498,720575941439566559,4,VNC_NTct_R,
720575941451941498,720575941439566559,3,VNC_WTct_R,
720575941451941498,720575941442300586,4,VNC_HTct_R,
720575941451941498,720575941442300586,5,VNC_IntTct_R,
720575941451941498,720575941447112373,15,VNC_HTct_R,
720575941451941498,720575941449638493,19,VNC_HTct_R,
720575941451941498,720575941451834281,6,VNC_HTct_R,
720575941451941498,720575941472561979,8,VNC_HTct_R,
720575941451941498,720575941472561979,4,VNC_WTct_R,
720575941451941498,720575941475988529,3,VNC_WTct_R,
720575941451941498,720575941484125702,7,VNC_HTct_R,
720575941451941498,720575941485422221,5,VNC_NTct_R,
720575941451941498,720575941495559291,5,VNC_WTct_R,
720575941451941498,720575941496222945,20,VNC_HTct_R,
720575941451941498,720575941496222945,16,VNC_WTct_R,
720575941451941498,720575941496915618,10,VNC_HTct_R,
720575941451941498,720575941496915618,4,VNC_IntTct_R,
720575941451941498,720575941496915618,5,VNC_WTct_R,
720575941451941498,720575941498935777,4,VNC_IntTct_R,
720575941451941498,720575941498935777,7,VNC_WTct_R,
720575941451941498,720575941499447691,3,VNC_IntTct_R,
720575941451941498,720575941499447691,6,VNC_WTct_R,
720575941451941498,720575941501903154,3,VNC_IntTct_R,
720575941451941498,720575941501903154,9,VNC_WTct_R,
720575941451941498,720575941511275986,7,VNC_HTct_R,
720575941451941498,720575941511275986,12,VNC_IntTct_R,
720575941451941498,720575941511275986,12,VNC_WTct_R,
720575941451941498,720575941512896099,3,VNC_WTct_R,
720575941451941498,720575941513254905,18,VNC_HTct_R,
720575941451941498,720575941518419123,7,VNC_NTct_R,
720575941451941498,720575941520064435,8,VNC_HTct_R,
720575941451941498,720575941520064435,6,VNC_IntTct_R,
720575941451941498,720575941520064435,13,VNC_WTct_R,
720575941451941498,720575941521508939,6,VNC_HTct_R,
720575941451941498,720575941521508939,7,VNC_IntTct_R,
720575941451941498,720575941521508939,6,VNC_NTct_R,
720575941451941498,720575941521508939,7,VNC_WTct_R,
720575941451941498,720575941523692290,4,VNC_HTct_R,
720575941451941498,720575941526355844,11,VNC_HTct_R,
720575941451941498,720575941526355844,3,VNC_NTct_R,
720575941451941498,720575941526355844,5,VNC_WTct_R,
720575941451941498,720575941530867075,3,VNC_IntTct_R,
720575941451941498,720575941537933042,9,VNC_IntTct_R,
720575941451941498,720575941537933042,4,VNC_WTct_R,
720575941451941498,720575941540100381,4,VNC_IntTct_R,
720575941451941498,720575941542297605,10,VNC_HTct_R,
720575941451941498,720575941546321076,17,VNC_HTct_R,
720575941451941498,720575941547178164,4,VNC_HTct_R,
720575941451941498,720575941555550244,7,VNC_HTct_R,
720575941451941498,720575941559309171,14,VNC_HTct_R,
720575941451941498,720575941563316022,11,VNC_HTct_R,
720575941451941498,720575941563316022,6,VNC_IntTct_R,
720575941451941498,720575941563316022,6,VNC_WTct_R,
720575941451941498,720575941565122614,4,VNC_HTct_R,
720575941451941498,720575941566788602,5,VNC_HTct_R,
720575941451941498,720575941567684340,5,VNC_NTct_R,
720575941451941498,720575941568697844,5,VNC_NTct_R,
720575941451941498,720575941571492859,3,VNC_HTct_R,
720575941451941498,720575941571492859,4,VNC_IntTct_R,
720575941451941498,720575941575681718,4,VNC_WTct_R,
720575941451941498,720575941576927057,5,VNC_IntTct_R,
720575941451941498,720575941581637215,3,VNC_HTct_R,
720575941451941498,720575941581637215,4,VNC_IntTct_R,
720575941451941498,720575941581641311,4,VNC_WTct_R,
720575941451941498,720575941608324717,27,VNC_HTct_R,
720575941451941498,720575941623126474,3,VNC_NTct_R,
720575941451941498,720575941629389804,3,VNC_HTct_R,
720575941451941498,720575941630959803,3,VNC_HTct_R,
720575941451941498,720575941633071008,3,VNC_NTct_R,
720575941451941498,720575941645100664,5,VNC_HTct_R,
720575941451941498,720575941653563153,7,VNC_NTct_R,
720575941451941498,720575941657718552,3,VNC_WTct_R,
720575941451941498,720575941659696184,3,VNC_HTct_R,
720575941452016199,720575941433032718,5,VNC_IntTct_L,
720575941452016199,720575941523112439,4,VNC_IntTct_L,
720575941452016199,720575941569659806,5,VNC_IntTct_L,
720575941452165801,720575941440423375,8,VNC_NTct_R,
720575941452165801,720575941461246931,5,VNC_NTct_R,
720575941452165801,720575941464768790,3,VNC_NTct_R,
720575941452165801,720575941549403903,13,VNC_NTct_R,
720575941452165801,720575941549403903,3,VNC_unassigned_R,
720575941452165801,720575941551321371,9,VNC_NTct_R,
720575941452165801,720575941609001034,29,VNC_NTct_R,
720575941452165801,720575941609001034,4,VNC_unassigned_R,
720575941452211834,720575941501002731,3,VNC_T2_MesoNm_L,
720575941452264361,720575941514637827,3,VNC_IntTct_L,
720575941452264361,720575941632614587,3,VNC_NTct_L,
720575941453030983,720575941401776931,3,VNC_LTct_R,
720575941453030983,720575941411791764,5,VNC_IntTct_R,
720575941453030983,720575941411791764,3,VNC_NTct_R,
720575941453030983,720575941411791764,4,VNC_WTct_R,
720575941453030983,720575941436996882,9,VNC_IntTct_R,
720575941453030983,720575941436996882,4,VNC_WTct_R,
720575941453030983,720575941441318591,4,VNC_IntTct_R,
720575941453030983,720575941456678893,3,VNC_NTct_L,
720575941453030983,720575941465484566,10,VNC_HTct_L,
720575941453030983,720575941465484566,9,VNC_IntTct_L,
720575941453030983,720575941468312695,3,VNC_HTct_L,
720575941453030983,720575941468312695,3,VNC_HTct_R,
720575941453030983,720575941468312695,4,VNC_IntTct_L,
720575941453030983,720575941472135179,7,VNC_IntTct_R,
720575941453030983,720575941472739168,3,VNC_IntTct_R,
720575941453030983,720575941473850720,34,VNC_IntTct_L,
720575941453030983,720575941473850720,3,VNC_NTct_L,
720575941453030983,720575941477884802,5,VNC_HTct_R,
720575941453030983,720575941490414901,3,VNC_ANm_R,
720575941453030983,720575941490414901,3,VNC_HTct_R,
720575941453030983,720575941496957346,3,VNC_HTct_R,
720575941453030983,720575941503451301,7,VNC_HTct_R,
720575941453030983,720575941503451301,8,VNC_IntTct_R,
720575941453030983,720575941519213016,4,VNC_IntTct_L,
720575941453030983,720575941524280857,3,VNC_IntTct_L,
720575941453030983,720575941528944568,3,VNC_IntTct_R,
720575941453030983,720575941532246762,9,VNC_HTct_R,
720575941453030983,720575941532246762,51,VNC_IntTct_R,
720575941453030983,720575941532246762,3,VNC_LTct_R,
720575941453030983,720575941532246762,6,VNC_NTct_R,
720575941453030983,720575941532246762,3,VNC_WTct_R,
720575941453030983,720575941535047690,3,VNC_IntTct_R,
720575941453030983,720575941535331338,7,VNC_IntTct_L,
720575941453030983,720575941543813125,3,VNC_IntTct_R,
720575941453030983,720575941547226248,7,VNC_NTct_L,
720575941453030983,720575941553338778,3,VNC_HTct_L,
720575941453030983,720575941553338778,5,VNC_IntTct_L,
720575941453030983,720575941557612915,27,VNC_HTct_R,
720575941453030983,720575941557612915,24,VNC_IntTct_R,
720575941453030983,720575941557612915,3,VNC_LTct_R,
720575941453030983,720575941560082158,5,VNC_HTct_R,
720575941453030983,720575941565495655,3,VNC_WTct_R,
720575941453030983,720575941572251144,11,VNC_HTct_L,
720575941453030983,720575941572251144,17,VNC_IntTct_L,
720575941453030983,720575941575800153,3,VNC_IntTct_L,
720575941453030983,720575941583128454,24,VNC_HTct_L,
720575941453030983,720575941583128454,8,VNC_IntTct_L,
720575941453030983,720575941583128454,3,VNC_unassigned_L,
720575941453030983,720575941583588830,4,VNC_IntTct_R,
720575941453030983,720575941587367991,7,VNC_HTct_R,
720575941453030983,720575941593875589,3,VNC_HTct_R,
720575941453030983,720575941595768476,3,VNC_HTct_R,
720575941453030983,720575941595871424,12,VNC_IntTct_L,
720575941453030983,720575941604989293,4,VNC_IntTct_L,
720575941453030983,720575941607605101,19,VNC_IntTct_R,
720575941453030983,720575941607605101,12,VNC_NTct_R,
720575941453030983,720575941607605101,4,VNC_WTct_R,
720575941453030983,720575941608991050,5,VNC_HTct_R,
720575941453030983,720575941608991050,10,VNC_IntTct_R,
720575941453030983,720575941610354153,3,VNC_IntTct_R,
720575941453030983,720575941612053094,5,VNC_HTct_L,
720575941453030983,720575941612053094,3,VNC_HTct_R,
720575941453030983,720575941612053094,4,VNC_T3_MetaNm_L,
720575941453030983,720575941619873663,5,VNC_IntTct_R,
720575941453030983,720575941623108298,3,VNC_HTct_R,
720575941453030983,720575941625907769,4,VNC_LTct_R,
720575941453030983,720575941625963419,3,VNC_IntTct_R,
720575941453030983,720575941628630054,3,VNC_HTct_L,
720575941453030983,720575941628630054,6,VNC_IntTct_R,
720575941453030983,720575941630748859,12,VNC_HTct_L,
720575941453030983,720575941631841477,6,VNC_HTct_R,
720575941453030983,720575941649244437,6,VNC_HTct_R,
720575941453030983,720575941668725169,8,VNC_HTct_L,
720575941453030983,720575941668725169,13,VNC_HTct_R,
720575941453030983,720575941668725169,3,VNC_IntTct_R,
720575941453030983,720575941671138727,3,VNC_HTct_R,
720575941453538473,720575941450696029,4,VNC_IntTct_R,
720575941453538473,720575941450696029,8,VNC_T2_MesoNm_R,
720575941453538473,720575941497092169,4,VNC_T3_MetaNm_R,
720575941453538473,720575941515936505,3,VNC_IntTct_R,
720575941453538473,720575941525847396,4,VNC_IntTct_R,
720575941453538473,720575941525847396,5,VNC_T1_ProNm_R,
720575941453538473,720575941525847396,12,VNC_T2_MesoNm_R,
720575941453538473,720575941547164084,4,VNC_T2_MesoNm_R,
720575941453830637,720575941586471646,3,VNC_T1_ProNm_R,
720575941453830637,720575941623130314,3,VNC_IntTct_R,
720575941453830637,720575941623130314,5,VNC_NTct_R,
720575941453830637,720575941623130314,12,VNC_T1_ProNm_R,
720575941453869619,720575941503451301,5,VNC_HTct_R,
720575941453869619,720575941623399788,4,VNC_NTct_R,
720575941453869619,720575941658602520,4,VNC_HTct_R,
720575941454124781,720575941501041643,3,VNC_NTct_L,
720575941454260275,720575941411765140,4,VNC_IntTct_R,
720575941454260275,720575941411765140,4,VNC_LTct_R,
720575941454260275,720575941457932703,4,VNC_IntTct_R,
720575941454260275,720575941486560774,4,VNC_LTct_R,
720575941454260275,720575941491289033,5,VNC_IntTct_R,
720575941454260275,720575941515071299,6,VNC_AMNp_R,
720575941454260275,720575941515071299,4,VNC_LTct_L,
720575941454260275,720575941527150776,3,VNC_LTct_L,
720575941454260275,720575941564059399,6,VNC_IntTct_R,
720575941454260275,720575941568726004,5,VNC_LTct_L,
720575941454260275,720575941571906717,3,VNC_IntTct_R,
720575941454260275,720575941571906717,3,VNC_LTct_L,
720575941454260275,720575941575800665,4,VNC_IntTct_R,
720575941454260275,720575941575800665,3,VNC_LTct_R,
720575941454260275,720575941612326675,3,VNC_IntTct_R,
720575941454260275,720575941668869363,7,VNC_IntTct_R,
720575941454569523,720575941530853507,3,VNC_HTct_L,
720575941454569523,720575941530853507,6,VNC_IntTct_L,
720575941454569523,720575941632896453,3,VNC_IntTct_L,
720575941454913075,720575941440934351,9,VNC_T2_MesoNm_R,
720575941454913075,720575941461251027,3,VNC_T1_ProNm_R,
720575941454913075,720575941461636804,6,VNC_T1_ProNm_R,
720575941454913075,720575941483841090,3,VNC_AMNp_R,
720575941454913075,720575941483841090,11,VNC_T2_MesoNm_R,
720575941454913075,720575941504365847,4,VNC_T3_MetaNm_R,
720575941454913075,720575941567039732,6,VNC_T2_MesoNm_R,
720575941454913075,720575941575519336,4,VNC_T3_MetaNm_R,
720575941454913075,720575941645261768,4,VNC_T3_MetaNm_R,
720575941454913075,720575941669866161,3,VNC_AMNp_R,
720575941454969395,720575941449245818,4,VNC_LTct_R,
720575941454969395,720575941449245818,4,VNC_T2_MesoNm_R,
720575941454969395,720575941513953939,4,VNC_T1_mVAC_R,
720575941454969395,720575941642372040,10,VNC_LTct_R,
720575941454969395,720575941642372040,4,VNC_T1_mVAC_R,
720575941454969395,720575941642372040,3,VNC_T2_MesoNm_R,
720575941454975539,720575941477166622,4,VNC_IntTct_L,
720575941454975539,720575941477166622,3,VNC_NTct_L,
720575941455714541,720575941400818723,9,VNC_NTct_L,
720575941455714541,720575941404758384,8,VNC_HTct_L,
720575941455714541,720575941438938175,16,VNC_HTct_L,
720575941455714541,720575941449886791,3,VNC_HTct_L,
720575941455714541,720575941473384234,14,VNC_HTct_L,
720575941455714541,720575941486866640,20,VNC_HTct_L,
720575941455714541,720575941523112439,3,VNC_IntTct_L,
720575941455714541,720575941523112439,7,VNC_NTct_L,
720575941455714541,720575941529746405,5,VNC_HTct_L,
720575941455714541,720575941534118322,4,VNC_HTct_L,
720575941455714541,720575941550878087,6,VNC_HTct_L,
720575941455714541,720575941576986705,3,VNC_HTct_L,
720575941455714541,720575941579868917,10,VNC_IntTct_L,
720575941455714541,720575941579868917,17,VNC_NTct_L,
720575941455714541,720575941581506143,13,VNC_HTct_L,
720575941455714541,720575941595131175,7,VNC_NTct_L,
720575941455714541,720575941611080010,9,VNC_HTct_L,
720575941455714541,720575941628426978,7,VNC_HTct_L,
720575941455714541,720575941700494042,5,VNC_HTct_L,
720575941455929837,720575941569659806,3,VNC_IntTct_L,
720575941456180461,720575941613448668,6,VNC_T2_MesoNm_R,
720575941456504560,720575941424948820,3,VNC_WTct_L,
720575941456504560,720575941440620379,3,VNC_unassigned_L,
720575941456504560,720575941517770412,6,VNC_WTct_L,
720575941456504560,720575941691313115,11,VNC_WTct_L,
720575941456625567,720575941401795619,4,VNC_T1_ProNm_L,
720575941456625567,720575941442637519,7,VNC_IntTct_L,
720575941456625567,720575941442637519,30,VNC_T2_MesoNm_L,
720575941456625567,720575941457134918,3,VNC_IntTct_L,
720575941456625567,720575941512450371,9,VNC_T2_MesoNm_L,
720575941456625567,720575941518793388,4,VNC_T2_MesoNm_L,
720575941456625567,720575941551385371,10,VNC_IntTct_L,
720575941456625567,720575941551385371,32,VNC_T2_MesoNm_L,
720575941456625567,720575941590291084,3,VNC_T2_MesoNm_L,
720575941456625567,720575941632025580,4,VNC_T2_MesoNm_L,
720575941456679149,720575941390682262,4,VNC_T1_ProNm_L,
720575941456679149,720575941464168534,3,VNC_T1_ProNm_L,
720575941456679149,720575941527126712,4,VNC_ANm_R,
720575941456679149,720575941533747434,4,VNC_T2_MesoNm_L,
720575941456679149,720575941545471593,5,VNC_unassigned_L,
720575941456897005,720575941429556655,24,VNC_IntTct_R,
720575941456897005,720575941429556655,18,VNC_NTct_R,
720575941456897005,720575941464768790,4,VNC_NTct_R,
720575941456897005,720575941474259754,12,VNC_T2_MesoNm_R,
720575941456897005,720575941490693577,3,VNC_T2_MesoNm_R,
720575941456897005,720575941496830370,32,VNC_HTct_R,
720575941456897005,720575941501135191,28,VNC_T1_ProNm_R,
720575941456897005,720575941501135191,17,VNC_T2_MesoNm_R,
720575941456897005,720575941501721138,28,VNC_HTct_R,
720575941456897005,720575941524353049,10,VNC_T2_MesoNm_R,
720575941456897005,720575941528944568,7,VNC_HTct_R,
720575941456897005,720575941549701182,3,VNC_HTct_R,
720575941456897005,720575941557612915,9,VNC_HTct_R,
720575941456897005,720575941558661165,3,VNC_HTct_R,
720575941456897005,720575941559929615,10,VNC_T2_MesoNm_R,
720575941456897005,720575941567039732,3,VNC_T2_MesoNm_R,
720575941456897005,720575941574672029,4,VNC_HTct_R,
720575941456897005,720575941586471646,3,VNC_NTct_R,
720575941456897005,720575941586471646,4,VNC_T1_ProNm_R,
720575941456897005,720575941601153270,6,VNC_HTct_R,
720575941456897005,720575941608991050,3,VNC_HTct_R,
720575941456897005,720575941613256211,8,VNC_HTct_R,
720575941456897005,720575941623130314,3,VNC_IntTct_R,
720575941456897005,720575941623130314,7,VNC_NTct_R,
720575941456897005,720575941623130314,3,VNC_T1_ProNm_R,
720575941456897005,720575941649244949,4,VNC_HTct_R,
720575941456897005,720575941651527409,22,VNC_T2_MesoNm_R,
720575941456897005,720575941687863515,4,VNC_HTct_R,
720575941459023088,720575941414508948,6,VNC_IntTct_L,
720575941459023088,720575941461636804,3,VNC_T1_ProNm_L,
720575941459023088,720575941469724125,5,VNC_IntTct_L,
720575941459023088,720575941469724125,4,VNC_T1_ProNm_L,
720575941459023088,720575941519453038,6,VNC_IntTct_L,
720575941459023088,720575941528086660,4,VNC_IntTct_L,
720575941459023088,720575941558290980,7,VNC_T1_ProNm_L,
720575941459023088,720575941615272601,3,VNC_AMNp_L,
720575941459023088,720575941615272601,5,VNC_T2_MesoNm_L,
720575941459023088,720575941642411877,3,VNC_T2_MesoNm_L,
720575941459023088,720575941650578193,3,VNC_AMNp_L,
720575941459097503,720575941390682262,3,VNC_LTct_R,
720575941459097503,720575941450532174,4,VNC_IntTct_R,
720575941459097503,720575941457802480,4,VNC_LTct_R,
720575941459097503,720575941517770412,4,VNC_IntTct_R,
720575941459097503,720575941517770412,8,VNC_LTct_R,
720575941459097503,720575941521031927,4,VNC_LTct_R,
720575941459097503,720575941593245297,3,VNC_IntTct_R,
720575941459103391,720575941410007663,3,VNC_IntTct_L,
720575941459103391,720575941414508948,6,VNC_IntTct_R,
720575941459103391,720575941414508948,11,VNC_T1_ProNm_R,
720575941459103391,720575941429439959,3,VNC_IntTct_R,
720575941459103391,720575941453578409,3,VNC_T2_MesoNm_L,
720575941459103391,720575941456244127,3,VNC_HTct_R,
720575941459103391,720575941456244127,3,VNC_IntTct_R,
720575941459103391,720575941469724125,4,VNC_IntTct_L,
720575941459103391,720575941469724125,7,VNC_IntTct_R,
720575941459103391,720575941469724125,11,VNC_T1_ProNm_R,
720575941459103391,720575941472135179,7,VNC_IntTct_R,
720575941459103391,720575941475702890,3,VNC_IntTct_R,
720575941459103391,720575941512896099,16,VNC_IntTct_R,
720575941459103391,720575941512896099,3,VNC_WTct_R,
720575941459103391,720575941515936505,4,VNC_IntTct_L,
720575941459103391,720575941515936505,3,VNC_LTct_L,
720575941459103391,720575941515936505,4,VNC_LTct_R,
720575941459103391,720575941515936505,6,VNC_T2_MesoNm_R,
720575941459103391,720575941517717420,4,VNC_IntTct_R,
720575941459103391,720575941517717420,3,VNC_WTct_R,
720575941459103391,720575941519213016,4,VNC_IntTct_R,
720575941459103391,720575941523112439,3,VNC_IntTct_L,
720575941459103391,720575941536368370,9,VNC_IntTct_R,
720575941459103391,720575941546731041,3,VNC_IntTct_R,
720575941459103391,720575941547901556,4,VNC_T2_MesoNm_R,
720575941459103391,720575941560082158,6,VNC_IntTct_R,
720575941459103391,720575941569585266,17,VNC_T1_ProNm_R,
720575941459103391,720575941572737679,4,VNC_T1_ProNm_L,
720575941459103391,720575941575800153,3,VNC_HTct_R,
720575941459103391,720575941576941045,14,VNC_IntTct_R,
720575941459103391,720575941600259369,3,VNC_IntTct_L,
720575941459103391,720575941600259369,3,VNC_IntTct_R,
720575941459103391,720575941609481062,4,VNC_HTct_R,
720575941459103391,720575941630933947,3,VNC_IntTct_L,
720575941459103391,720575941630933947,3,VNC_IntTct_R,
720575941459103391,720575941631841477,3,VNC_IntTct_R,
720575941459103391,720575941632698555,3,VNC_T2_MesoNm_L,
720575941459103391,720575941640900453,5,VNC_IntTct_R,
720575941459103391,720575941667143601,10,VNC_IntTct_R,
720575941459216287,720575941592919080,11,VNC_T1_ProNm_L,
720575941459415878,720575941438659551,3,VNC_ANm_R,
720575941459415878,720575941438659551,3,VNC_T3_MetaNm_R,
720575941459415878,720575941529827557,7,VNC_LTct_L,
720575941459415878,720575941529827557,9,VNC_LTct_R,
720575941459415878,720575941545408904,3,VNC_AMNp_R,
720575941459415878,720575941545408904,9,VNC_IntTct_R,
720575941459415878,720575941545408904,5,VNC_LTct_R,
720575941459415878,720575941565301550,5,VNC_AMNp_R,
720575941459415878,720575941565301550,8,VNC_LTct_R,
720575941459415878,720575941565301550,3,VNC_WTct_R,
720575941459415878,720575941565301550,5,VNC_unassigned_R,
720575941460757715,720575941400710435,3,VNC_HTct_R,
720575941460757715,720575941472135179,5,VNC_IntTct_R,
720575941460757715,720575941477955491,4,VNC_HTct_R,
720575941460757715,720575941495591291,6,VNC_HTct_R,
720575941460757715,720575941495591291,3,VNC_IntTct_R,
720575941460757715,720575941528944568,3,VNC_HTct_R,
720575941460757715,720575941533864458,3,VNC_HTct_R,
720575941460757715,720575941546731041,7,VNC_HTct_R,
720575941460757715,720575941557612915,7,VNC_HTct_R,
720575941460757715,720575941558661165,6,VNC_HTct_R,
720575941460757715,720575941604997997,4,VNC_HTct_R,
720575941460757715,720575941607605101,4,VNC_IntTct_R,
720575941460757715,720575941607605101,4,VNC_NTct_R,
720575941460757715,720575941608991050,4,VNC_IntTct_R,
720575941460757715,720575941613256211,8,VNC_HTct_R,
720575941460757715,720575941658602520,3,VNC_HTct_R,
720575941460902157,720575941401776931,5,VNC_IntTct_L,
720575941460902157,720575941414326161,4,VNC_IntTct_L,
720575941460902157,720575941459559824,4,VNC_IntTct_L,
720575941460902157,720575941488755148,4,VNC_IntTct_L,
720575941460902157,720575941501802434,3,VNC_HTct_L,
720575941460902157,720575941508509569,4,VNC_HTct_L,
720575941460902157,720575941518866542,5,VNC_IntTct_L,
720575941460902157,720575941535331338,10,VNC_IntTct_L,
720575941460902157,720575941549386239,5,VNC_IntTct_L,
720575941460902157,720575941553338778,20,VNC_IntTct_L,
720575941460902157,720575941583208582,3,VNC_IntTct_L,
720575941460902157,720575941614889941,4,VNC_IntTct_L,
720575941460902157,720575941632614587,5,VNC_IntTct_L,
720575941461320644,720575941506644540,19,VNC_HTct_L,
720575941461320644,720575941506644540,4,VNC_IntTct_L,
720575941461320644,720575941554132225,4,VNC_HTct_L,
720575941461347027,720575941474745396,4,VNC_AMNp_L,
720575941461347027,720575941493955710,3,VNC_T2_MesoNm_L,
720575941461347027,720575941592919080,3,VNC_T1_ProNm_L,
720575941461347027,720575941595871424,10,VNC_T1_ProNm_L,
720575941461352659,720575941569659806,4,VNC_IntTct_L,
720575941461407955,720575941441993167,5,VNC_IntTct_L,
720575941461407955,720575941595871424,7,VNC_IntTct_L,
720575941461494483,720575941490266828,3,VNC_ANm_R,
720575941461494483,720575941490266828,6,VNC_IntTct_L,
720575941461494483,720575941530265035,3,VNC_WTct_R,
720575941461494483,720575941551384091,5,VNC_IntTct_R,
720575941461674436,720575941401776931,5,VNC_T1_ProNm_R,
720575941461674436,720575941412443540,8,VNC_IntTct_R,
720575941461674436,720575941426616148,4,VNC_IntTct_R,
720575941461674436,720575941450696029,25,VNC_IntTct_R,
720575941461674436,720575941450696029,23,VNC_T1_ProNm_R,
720575941461674436,720575941450696029,28,VNC_T2_MesoNm_R,
720575941461674436,720575941450696029,8,VNC_WTct_R,
720575941461674436,720575941457802480,3,VNC_IntTct_R,
720575941461674436,720575941486560774,3,VNC_T2_MesoNm_R,
720575941461674436,720575941488732876,7,VNC_IntTct_R,
720575941461674436,720575941489089255,3,VNC_IntTct_R,
720575941461674436,720575941489089255,3,VNC_WTct_R,
720575941461674436,720575941528944568,4,VNC_WTct_R,
720575941461674436,720575941533819162,3,VNC_WTct_R,
720575941461674436,720575941536318869,7,VNC_T2_MesoNm_R,
720575941461674436,720575941551321371,7,VNC_IntTct_R,
720575941461674436,720575941551321371,4,VNC_unassigned_R,
720575941461674436,720575941569376250,3,VNC_T2_MesoNm_R,
720575941461674436,720575941569585266,4,VNC_NTct_R,
720575941461674436,720575941569585266,6,VNC_T1_ProNm_R,
720575941461674436,720575941581637215,3,VNC_IntTct_R,
720575941461674436,720575941583601886,27,VNC_IntTct_R,
720575941461674436,720575941583601886,16,VNC_T2_MesoNm_R,
720575941461674436,720575941583601886,3,VNC_WTct_R,
720575941461674436,720575941587181879,10,VNC_IntTct_R,
720575941461674436,720575941623347099,3,VNC_IntTct_R,
720575941461674436,720575941650775313,3,VNC_IntTct_R,
720575941461674436,720575941652323289,3,VNC_IntTct_R,
720575941461875908,720575941405813295,3,VNC_T3_MetaNm_R,
720575941461875908,720575941450520745,4,VNC_T3_MetaNm_R,
720575941461875908,720575941485322637,9,VNC_ANm_R,
720575941461875908,720575941504456386,4,VNC_IntTct_L,
720575941461875908,720575941535047690,3,VNC_IntTct_L,
720575941461875908,720575941559321971,3,VNC_T2_MesoNm_R,
720575941461875908,720575941570304926,7,VNC_ANm_R,
720575941461875908,720575941571971229,3,VNC_IntTct_R,
720575941461875908,720575941603916222,4,VNC_ANm_R,
720575941461875908,720575941611343337,11,VNC_ANm_R,
720575941461875908,720575941655477716,3,VNC_IntTct_L,
720575941462261188,720575941460232147,6,VNC_T2_MesoNm_R,
720575941462261188,720575941474259754,7,VNC_T2_MesoNm_R,
720575941462261188,720575941524353049,12,VNC_T2_MesoNm_R,
720575941462261188,720575941551947263,3,VNC_T2_MesoNm_R,
720575941462261188,720575941557434862,3,VNC_T2_MesoNm_R,
720575941462261188,720575941564059399,3,VNC_T2_MesoNm_R,
720575941462261188,720575941626897958,4,VNC_T2_MesoNm_R,
720575941462261188,720575941627995705,9,VNC_T2_MesoNm_R,
720575941463843597,720575941438659551,7,VNC_T3_MetaNm_L,
720575941463843597,720575941441993167,12,VNC_IntTct_L,
720575941463843597,720575941441993167,17,VNC_LTct_L,
720575941463843597,720575941450532174,5,VNC_IntTct_L,
720575941463843597,720575941450532174,4,VNC_LTct_L,
720575941463843597,720575941475702890,4,VNC_IntTct_L,
720575941463843597,720575941475702890,15,VNC_LTct_L,
720575941463843597,720575941487877328,3,VNC_T1_ProNm_L,
720575941463843597,720575941527220920,3,VNC_T3_MetaNm_L,
720575941463843597,720575941529753476,7,VNC_LTct_L,
720575941463843597,720575941529753476,4,VNC_T2_MesoNm_L,
720575941463843597,720575941534996146,5,VNC_AMNp_L,
720575941463843597,720575941580604661,4,VNC_AMNp_L,
720575941463843597,720575941580604661,3,VNC_LTct_L,
720575941463843597,720575941589863735,15,VNC_IntTct_L,
720575941463843597,720575941589863735,12,VNC_LTct_L,
720575941463843597,720575941589954871,4,VNC_AMNp_L,
720575941463843597,720575941589954871,3,VNC_LTct_L,
720575941463843597,720575941595871424,9,VNC_IntTct_L,
720575941463843597,720575941595871424,3,VNC_LTct_L,
720575941463843597,720575941595871424,5,VNC_unassigned_L,
720575941463843597,720575941608350794,6,VNC_IntTct_L,
720575941463843597,720575941608350794,6,VNC_LTct_L,
720575941463843597,720575941614874325,9,VNC_AMNp_L,
720575941463843597,720575941614874325,14,VNC_IntTct_L,
720575941463843597,720575941614874325,15,VNC_LTct_L,
720575941463843597,720575941614874325,6,VNC_T1_ProNm_L,
720575941463843597,720575941645261768,13,VNC_T3_MetaNm_L,
720575941463843597,720575941662295352,4,VNC_T3_MetaNm_L,
720575941463843597,720575941670676135,7,VNC_AMNp_L,
720575941463843597,720575941670676135,25,VNC_IntTct_L,
720575941463843597,720575941670676135,14,VNC_LTct_L,
720575941463843597,720575941670676135,8,VNC_T1_ProNm_L,
720575941465737814,720575941477297716,4,VNC_NTct_L,
720575941465737814,720575941555186074,5,VNC_NTct_L,
720575941466194454,720575941411765140,6,VNC_LTct_L,
720575941466194454,720575941430016905,4,VNC_LTct_L,
720575941466194454,720575941468720139,3,VNC_LTct_L,
720575941466194454,720575941523074379,3,VNC_LTct_L,
720575941466194454,720575941541740829,6,VNC_LTct_L,
720575941466194454,720575941545362281,3,VNC_LTct_L,
720575941466194454,720575941563254070,3,VNC_LTct_L,
720575941466194454,720575941588919863,3,VNC_LTct_L,
720575941466194454,720575941623972251,11,VNC_LTct_L,
720575941466194454,720575941623972251,4,VNC_T1_ProNm_L,
720575941467350237,720575941414508948,6,VNC_IntTct_L,
720575941467350237,720575941414508948,7,VNC_IntTct_R,
720575941467350237,720575941414508948,12,VNC_T1_ProNm_L,
720575941467350237,720575941469724125,5,VNC_IntTct_L,
720575941467350237,720575941469724125,3,VNC_IntTct_R,
720575941467350237,720575941469724125,9,VNC_T1_ProNm_L,
720575941467350237,720575941477166622,6,VNC_IntTct_L,
720575941467350237,720575941496878498,5,VNC_HTct_L,
720575941467350237,720575941505536290,5,VNC_HTct_L,
720575941467350237,720575941505536290,4,VNC_T3_MetaNm_L,
720575941467350237,720575941510611922,4,VNC_HTct_L,
720575941467350237,720575941515936505,3,VNC_IntTct_L,
720575941467350237,720575941515936505,3,VNC_IntTct_R,
720575941467350237,720575941515936505,5,VNC_T2_MesoNm_L,
720575941467350237,720575941519213016,4,VNC_IntTct_L,
720575941467350237,720575941519213016,3,VNC_WTct_L,
720575941467350237,720575941523112439,9,VNC_IntTct_L,
720575941467350237,720575941523112439,4,VNC_NTct_L,
720575941467350237,720575941524114532,4,VNC_IntTct_L,
720575941467350237,720575941536368370,4,VNC_LTct_R,
720575941467350237,720575941542265093,3,VNC_HTct_L,
720575941467350237,720575941542265093,4,VNC_IntTct_L,
720575941467350237,720575941560082158,3,VNC_IntTct_L,
720575941467350237,720575941569585266,3,VNC_T1_ProNm_R,
720575941467350237,720575941572251144,7,VNC_HTct_L,
720575941467350237,720575941572737679,3,VNC_T1_ProNm_L,
720575941467350237,720575941576941045,6,VNC_IntTct_L,
720575941467350237,720575941576941045,3,VNC_LTct_R,
720575941467350237,720575941579868917,3,VNC_IntTct_L,
720575941467350237,720575941600259369,4,VNC_IntTct_L,
720575941467350237,720575941601243321,7,VNC_IntTct_L,
720575941467350237,720575941601243321,3,VNC_T1_ProNm_L,
720575941467350237,720575941630933947,9,VNC_IntTct_L,
720575941467350237,720575941630933947,3,VNC_LTct_L,
720575941467350237,720575941632614587,3,VNC_IntTct_L,
720575941467350237,720575941632698555,11,VNC_T2_MesoNm_L,
720575941467350237,720575941649795057,5,VNC_T2_MesoNm_L,
720575941467350237,720575941687572492,6,VNC_HTct_L,
720575941467453462,720575941433032718,6,VNC_T1_ProNm_L,
720575941467453462,720575941540201933,73,VNC_T1_ProNm_L,
720575941467559702,720575941526690841,5,VNC_HTct_R,
720575941467559702,720575941562134829,8,VNC_HTct_R,
720575941467559702,720575941562134829,8,VNC_WTct_R,
720575941467559702,720575941575681718,4,VNC_HTct_R,
720575941467559702,720575941656236112,4,VNC_HTct_R,
720575941467559702,720575941656236112,4,VNC_unassigned_R,
720575941467559702,720575941668725169,4,VNC_HTct_R,
720575941467587606,720575941449255290,7,VNC_IntTct_R,
720575941467587606,720575941450628218,6,VNC_IntTct_R,
720575941467587606,720575941477166622,19,VNC_IntTct_L,
720575941467587606,720575941506644540,3,VNC_T1_ProNm_L,
720575941467587606,720575941546731041,3,VNC_LTct_R,
720575941467587606,720575941593836933,3,VNC_IntTct_R,
720575941467587606,720575941608310346,5,VNC_HTct_R,
720575941467587606,720575941608310346,13,VNC_IntTct_R,
720575941467587606,720575941609429350,5,VNC_LTct_R,
720575941467587606,720575941626897958,3,VNC_T2_MesoNm_R,
720575941467587606,720575941630296517,4,VNC_T2_MesoNm_L,
720575941468862583,720575941405863854,3,VNC_IntTct_R,
720575941468862583,720575941407101614,6,VNC_HTct_R,
720575941468862583,720575941407101614,5,VNC_IntTct_R,
720575941468862583,720575941428277752,3,VNC_IntTct_R,
720575941468862583,720575941464901398,12,VNC_HTct_R,
720575941468862583,720575941464901398,4,VNC_IntTct_R,
720575941468862583,720575941475780202,4,VNC_HTct_R,
720575941468862583,720575941488173001,10,VNC_IntTct_R,
720575941468862583,720575941499744162,3,VNC_HTct_R,
720575941468862583,720575941524294169,5,VNC_IntTct_R,
720575941468862583,720575941549329663,7,VNC_IntTct_R,
720575941468862583,720575941559268723,3,VNC_HTct_R,
720575941468862583,720575941573956239,7,VNC_HTct_R,
720575941468862583,720575941575684953,8,VNC_HTct_R,
720575941468862583,720575941583601886,7,VNC_IntTct_R,
720575941468862583,720575941584808158,3,VNC_HTct_R,
720575941468862583,720575941601298617,3,VNC_HTct_R,
720575941468862583,720575941601298617,3,VNC_IntTct_R,
720575941468862583,720575941623399788,8,VNC_IntTct_R,
720575941468862583,720575941644908408,10,VNC_HTct_R,
720575941468982795,720575941351927600,3,VNC_IntTct_R,
720575941468982795,720575941411829396,3,VNC_IntTct_R,
720575941468982795,720575941488475598,3,VNC_LTct_R,
720575941468982795,720575941498935777,4,VNC_IntTct_R,
720575941468982795,720575941559370285,3,VNC_IntTct_R,
720575941468982795,720575941571906717,3,VNC_IntTct_R,
720575941468982795,720575941583601886,5,VNC_IntTct_R,
720575941468982795,720575941619873663,3,VNC_IntTct_R,
720575941469370688,720575941432005646,4,VNC_NTct_L,
720575941469370688,720575941536657123,5,VNC_NTct_L,
720575941469521216,720575941463655693,3,VNC_WTct_L,
720575941469521216,720575941479084227,3,VNC_WTct_L,
720575941469521216,720575941644900472,4,VNC_WTct_L,
720575941469678557,720575941433032718,6,VNC_IntTct_L,
720575941469678557,720575941523112439,5,VNC_NTct_L,
720575941469678557,720575941579868917,3,VNC_NTct_L,
720575941469716445,720575941511262930,3,VNC_IntTct_R,
720575941469716445,720575941511262930,5,VNC_T1_ProNm_R,
720575941469716445,720575941551947263,12,VNC_T1_ProNm_R,
720575941469757405,720575941401776931,4,VNC_IntTct_R,
720575941469757405,720575941442377130,3,VNC_LTct_R,
720575941469757405,720575941491289033,8,VNC_IntTct_R,
720575941469757405,720575941532246762,3,VNC_IntTct_R,
720575941469757405,720575941580604661,3,VNC_LTct_R,
720575941469757405,720575941583601886,11,VNC_IntTct_R,
720575941469775069,720575941401776931,4,VNC_IntTct_R,
720575941469775069,720575941401776931,5,VNC_LTct_R,
720575941469775069,720575941401776931,12,VNC_T1_ProNm_R,
720575941469775069,720575941458139551,3,VNC_T2_MesoNm_R,
720575941469775069,720575941463655693,4,VNC_IntTct_R,
720575941469775069,720575941466725206,5,VNC_T2_MesoNm_R,
720575941469775069,720575941472135179,4,VNC_IntTct_R,
720575941469775069,720575941485217744,4,VNC_LTct_R,
720575941469775069,720575941503550373,10,VNC_T2_MesoNm_R,
720575941469775069,720575941542907933,3,VNC_T2_MesoNm_R,
720575941469775069,720575941552643390,3,VNC_AMNp_R,
720575941469775069,720575941573489416,6,VNC_T2_MesoNm_R,
720575941469775069,720575941575691624,3,VNC_T2_MesoNm_R,
720575941469775069,720575941609429350,3,VNC_IntTct_R,
720575941469775069,720575941610587612,5,VNC_T3_MetaNm_R,
720575941469775069,720575941619873663,4,VNC_IntTct_R,
720575941470003677,720575941414508948,66,VNC_IntTct_R,
720575941470003677,720575941414508948,31,VNC_T1_ProNm_R,
720575941470003677,720575941429439959,3,VNC_IntTct_R,
720575941470003677,720575941450532174,11,VNC_IntTct_R,
720575941470003677,720575941464768790,7,VNC_IntTct_R,
720575941470003677,720575941469724125,44,VNC_IntTct_R,
720575941470003677,720575941469724125,20,VNC_T1_ProNm_R,
720575941470003677,720575941485322637,3,VNC_ANm_R,
720575941470003677,720575941485322637,10,VNC_T3_MetaNm_R,
720575941470003677,720575941494983806,3,VNC_T3_MetaNm_R,
720575941470003677,720575941498482043,9,VNC_IntTct_R,
720575941470003677,720575941498935777,6,VNC_IntTct_R,
720575941470003677,720575941515612051,3,VNC_IntTct_R,
720575941470003677,720575941515936505,9,VNC_IntTct_R,
720575941470003677,720575941515936505,19,VNC_LTct_R,
720575941470003677,720575941515936505,20,VNC_T2_MesoNm_R,
720575941470003677,720575941525847396,5,VNC_IntTct_R,
720575941470003677,720575941525847396,4,VNC_T2_MesoNm_R,
720575941470003677,720575941547901556,3,VNC_T2_MesoNm_R,
720575941470003677,720575941576941045,6,VNC_IntTct_R,
720575941470003677,720575941595871424,5,VNC_IntTct_R,
720575941470003677,720575941600259369,3,VNC_IntTct_R,
720575941470003677,720575941600259369,4,VNC_LTct_R,
720575941470003677,720575941608310346,5,VNC_IntTct_R,
720575941470003677,720575941611343337,3,VNC_ANm_R,
720575941470003677,720575941611343337,8,VNC_T3_MetaNm_R,
720575941470003677,720575941630933947,5,VNC_IntTct_R,
720575941470003677,720575941630933947,3,VNC_LTct_R,
720575941470003677,720575941640892517,3,VNC_IntTct_R,
720575941470003677,720575941640900453,5,VNC_IntTct_R,
720575941470033117,720575941501135191,3,VNC_IntTct_L,
720575941470033117,720575941501135191,5,VNC_T1_ProNm_L,
720575941470033117,720575941703131610,32,VNC_T1_ProNm_L,
720575941470084317,720575941581641311,13,VNC_HTct_R,
720575941470084317,720575941645093281,4,VNC_HTct_R,
720575941470195723,720575941501984651,5,VNC_IntTct_R,
720575941470195723,720575941535073770,4,VNC_unassigned_R,
720575941470195723,720575941551947263,5,VNC_T1_ProNm_R,
720575941470254400,720575941402032240,4,VNC_WTct_L,
720575941470254400,720575941402032240,4,VNC_WTct_R,
720575941470254400,720575941407795118,5,VNC_unassigned_L,
720575941470254400,720575941410037419,6,VNC_HTct_L,
720575941470254400,720575941435993888,3,VNC_WTct_R,
720575941470254400,720575941437396012,3,VNC_WTct_L,
720575941470254400,720575941488278480,3,VNC_WTct_L,
720575941470254400,720575941508926418,3,VNC_WTct_L,
720575941470254400,720575941512896099,5,VNC_HTct_L,
720575941470254400,720575941512896099,3,VNC_WTct_L,
720575941470254400,720575941515619939,3,VNC_WTct_L,
720575941470254400,720575941516099500,5,VNC_WTct_L,
720575941470254400,720575941516099500,5,VNC_unassigned_L,
720575941470254400,720575941518434227,3,VNC_WTct_R,
720575941470254400,720575941519213016,6,VNC_WTct_L,
720575941470254400,720575941519213016,3,VNC_WTct_R,
720575941470254400,720575941519213016,3,VNC_unassigned_L,
720575941470254400,720575941536248306,4,VNC_WTct_L,
720575941470254400,720575941542286085,5,VNC_WTct_L,
720575941470254400,720575941543397737,4,VNC_WTct_L,
720575941470254400,720575941544636596,3,VNC_WTct_L,
720575941470254400,720575941544982716,3,VNC_WTct_L,
720575941470254400,720575941551389979,3,VNC_NTct_L,
720575941470254400,720575941554049307,10,VNC_WTct_L,
720575941470254400,720575941561365906,3,VNC_WTct_R,
720575941470254400,720575941588919863,3,VNC_WTct_L,
720575941470254400,720575941594160421,5,VNC_WTct_R,
720575941470254400,720575941603916222,3,VNC_unassigned_R,
720575941470254400,720575941610446569,4,VNC_HTct_L,
720575941470254400,720575941610618982,5,VNC_WTct_L,
720575941470254400,720575941618008447,4,VNC_WTct_L,
720575941470254400,720575941652536593,3,VNC_WTct_R,
720575941470254400,720575941670676135,3,VNC_WTct_L,
720575941470533131,720575941438631871,4,VNC_T2_MesoNm_L,
720575941470533131,720575941438631871,3,VNC_WTct_L,
720575941470533131,720575941468950592,4,VNC_T2_MesoNm_L,
720575941470533131,720575941501002731,7,VNC_T2_MesoNm_L,
720575941470533131,720575941501002731,3,VNC_WTct_L,
720575941470533131,720575941501984651,3,VNC_T2_MesoNm_L,
720575941470533131,720575941501984651,3,VNC_T3_MetaNm_L,
720575941470533131,720575941512450371,38,VNC_T2_MesoNm_L,
720575941470533131,720575941512450371,10,VNC_WTct_L,
720575941470533131,720575941516734062,8,VNC_T2_MesoNm_L,
720575941470533131,720575941652640273,9,VNC_T2_MesoNm_L,
720575941470575479,720575941586402628,5,VNC_HTct_L,
720575941470575479,720575941655858968,3,VNC_HTct_L,
720575941470575479,720575941667164081,3,VNC_HTct_L,
720575941470584695,720575941403818864,5,VNC_HTct_L,
720575941470584695,720575941433032718,6,VNC_HTct_L,
720575941470584695,720575941433032718,41,VNC_IntTct_L,
720575941470584695,720575941433032718,3,VNC_NTct_L,
720575941470584695,720575941433032718,24,VNC_T1_ProNm_L,
720575941470584695,720575941433032718,3,VNC_unassigned_L,
720575941470584695,720575941439870399,4,VNC_IntTct_L,
720575941470584695,720575941447808334,5,VNC_HTct_L,
720575941470584695,720575941450008391,5,VNC_HTct_L,
720575941470584695,720575941450876794,3,VNC_HTct_L,
720575941470584695,720575941457797360,7,VNC_HTct_L,
720575941470584695,720575941475766122,3,VNC_IntTct_L,
720575941470584695,720575941480096591,3,VNC_HTct_L,
720575941470584695,720575941506644540,9,VNC_HTct_L,
720575941470584695,720575941506644540,20,VNC_IntTct_L,
720575941470584695,720575941506644540,3,VNC_T1_ProNm_L,
720575941470584695,720575941513125881,3,VNC_IntTct_L,
720575941470584695,720575941513242202,3,VNC_HTct_L,
720575941470584695,720575941513242202,4,VNC_IntTct_L,
720575941470584695,720575941518334643,13,VNC_HTct_L,
720575941470584695,720575941518334643,5,VNC_IntTct_L,
720575941470584695,720575941518533043,5,VNC_HTct_L,
720575941470584695,720575941532334424,6,VNC_HTct_L,
720575941470584695,720575941545440392,9,VNC_HTct_L,
720575941470584695,720575941547177076,3,VNC_IntTct_L,
720575941470584695,720575941559096302,4,VNC_IntTct_L,
720575941470584695,720575941564792071,4,VNC_IntTct_L,
720575941470584695,720575941579262841,3,VNC_HTct_L,
720575941470584695,720575941579768565,9,VNC_HTct_L,
720575941470584695,720575941588061438,5,VNC_IntTct_L,
720575941470584695,720575941591285388,14,VNC_HTct_L,
720575941470584695,720575941591285388,11,VNC_IntTct_L,
720575941470584695,720575941592094422,5,VNC_IntTct_L,
720575941470584695,720575941592428907,3,VNC_HTct_L,
720575941470584695,720575941595202085,3,VNC_HTct_L,
720575941470584695,720575941626975782,3,VNC_IntTct_L,
720575941470584695,720575941628426978,3,VNC_HTct_L,
720575941470584695,720575941639451167,3,VNC_IntTct_L,
720575941470584695,720575941644234696,3,VNC_HTct_L,
720575941470933824,720575941392667286,5,VNC_LTct_R,
720575941470933824,720575941401795619,10,VNC_T1_ProNm_L,
720575941470933824,720575941458139551,5,VNC_AMNp_R,
720575941470933824,720575941474935105,3,VNC_LTct_L,
720575941470933824,720575941496047433,5,VNC_AMNp_L,
720575941470933824,720575941516784494,3,VNC_LTct_R,
720575941470933824,720575941525847396,3,VNC_LTct_R,
720575941470933824,720575941580604661,4,VNC_LTct_R,
720575941470933824,720575941583588830,3,VNC_LTct_R,
720575941470933824,720575941583646430,3,VNC_LTct_R,
720575941470933824,720575941586427460,4,VNC_LTct_R,
720575941470933824,720575941595871424,3,VNC_AMNp_L,
720575941470933824,720575941595871424,3,VNC_LTct_L,
720575941470933824,720575941595871424,3,VNC_T1_ProNm_L,
720575941470933824,720575941625907769,3,VNC_AMNp_R,
720575941470933824,720575941636281205,3,VNC_LTct_L,
720575941470933824,720575941636281205,6,VNC_LTct_R,
720575941470933824,720575941650578193,3,VNC_LTct_L,
720575941471127104,720575941410021231,3,VNC_HTct_R,
720575941471127104,720575941429556655,5,VNC_IntTct_R,
720575941471127104,720575941431092911,37,VNC_HTct_R,
720575941471127104,720575941431092911,25,VNC_IntTct_R,
720575941471127104,720575941471190368,5,VNC_HTct_R,
720575941471127104,720575941476101937,10,VNC_HTct_R,
720575941471127104,720575941485377602,6,VNC_HTct_R,
720575941471127104,720575941496318793,4,VNC_HTct_R,
720575941471127104,720575941496915618,3,VNC_HTct_R,
720575941471127104,720575941501884610,5,VNC_HTct_R,
720575941471127104,720575941501884610,3,VNC_IntTct_R,
720575941471127104,720575941523994114,5,VNC_HTct_R,
720575941471127104,720575941524019970,4,VNC_IntTct_R,
720575941471127104,720575941524019970,5,VNC_NTct_R,
720575941471127104,720575941532509016,4,VNC_HTct_R,
720575941471127104,720575941553313434,6,VNC_HTct_R,
720575941471127104,720575941553506020,6,VNC_IntTct_R,
720575941471127104,720575941559954703,3,VNC_HTct_R,
720575941471127104,720575941564553223,8,VNC_IntTct_R,
720575941471127104,720575941573388982,16,VNC_HTct_R,
720575941471127104,720575941574672029,13,VNC_HTct_R,
720575941471127104,720575941586471646,4,VNC_IntTct_R,
720575941471127104,720575941586471646,20,VNC_T1_ProNm_R,
720575941471127104,720575941595157541,8,VNC_HTct_R,
720575941471127104,720575941617239423,7,VNC_HTct_R,
720575941471127104,720575941622232828,3,VNC_HTct_R,
720575941471127104,720575941630301125,11,VNC_HTct_R,
720575941471127104,720575941657718552,15,VNC_HTct_R,
720575941471127104,720575941657718552,37,VNC_IntTct_R,
720575941471127104,720575941657718552,5,VNC_T1_ProNm_R,
720575941471238263,720575941408509867,20,VNC_IntTct_L,
720575941471238263,720575941408509867,4,VNC_T2_MesoNm_L,
720575941471238263,720575941429543127,4,VNC_IntTct_L,
720575941471238263,720575941447013813,15,VNC_HTct_L,
720575941471238263,720575941447013813,3,VNC_T3_MetaNm_L,
720575941471238263,720575941450559566,4,VNC_T2_MesoNm_L,
720575941471238263,720575941458139551,3,VNC_T2_MesoNm_L,
720575941471238263,720575941473850720,4,VNC_HTct_L,
720575941471238263,720575941473850720,50,VNC_IntTct_L,
720575941471238263,720575941473850720,6,VNC_NTct_L,
720575941471238263,720575941473850720,3,VNC_T2_MesoNm_L,
720575941471238263,720575941477166622,8,VNC_IntTct_L,
720575941471238263,720575941481012989,8,VNC_IntTct_L,
720575941471238263,720575941481061629,3,VNC_IntTct_L,
720575941471238263,720575941483838349,4,VNC_HTct_L,
720575941471238263,720575941504389655,7,VNC_NTct_L,
720575941471238263,720575941504389655,7,VNC_WTct_L,
720575941471238263,720575941516740524,17,VNC_IntTct_L,
720575941471238263,720575941517770412,6,VNC_IntTct_L,
720575941471238263,720575941517770412,4,VNC_NTct_L,
720575941471238263,720575941521071543,7,VNC_T2_MesoNm_L,
720575941471238263,720575941526690841,7,VNC_IntTct_L,
720575941471238263,720575941526690841,3,VNC_NTct_L,
720575941471238263,720575941526690841,5,VNC_WTct_L,
720575941471238263,720575941526718564,3,VNC_HTct_L,
720575941471238263,720575941526718564,4,VNC_IntTct_L,
720575941471238263,720575941535047690,3,VNC_IntTct_L,
720575941471238263,720575941535331338,5,VNC_IntTct_L,
720575941471238263,720575941537501160,3,VNC_IntTct_L,
720575941471238263,720575941572251144,12,VNC_IntTct_L,
720575941471238263,720575941583595486,3,VNC_IntTct_L,
720575941471238263,720575941595871424,16,VNC_IntTct_L,
720575941471238263,720575941595871424,5,VNC_LTct_L,
720575941471238263,720575941595871424,3,VNC_WTct_L,
720575941471238263,720575941601243321,20,VNC_IntTct_L,
720575941471238263,720575941601243321,12,VNC_NTct_L,
720575941471238263,720575941610354153,5,VNC_IntTct_L,
720575941471238263,720575941612053094,3,VNC_ANm_L,
720575941471238263,720575941612053094,16,VNC_HTct_L,
720575941471238263,720575941612053094,3,VNC_T3_MetaNm_L,
720575941471238263,720575941623347099,3,VNC_IntTct_L,
720575941471238263,720575941632614587,7,VNC_IntTct_L,
720575941471238263,720575941632614587,3,VNC_NTct_L,
720575941471238263,720575941650775313,4,VNC_IntTct_L,
720575941471238263,720575941656527128,4,VNC_NTct_L,
720575941471266423,720575941480223456,14,VNC_T2_MesoNm_L,
720575941471266423,720575941480223456,3,VNC_unassigned_L,
720575941471454583,720575941431166679,4,VNC_T2_MesoNm_R,
720575941471454583,720575941450696029,3,VNC_T2_MesoNm_R,
720575941471454583,720575941501352535,4,VNC_T2_MesoNm_R,
720575941471454583,720575941537501160,3,VNC_T2_MesoNm_R,
720575941471454583,720575941547164084,4,VNC_IntTct_R,
720575941471454583,720575941547164084,34,VNC_T2_MesoNm_R,
720575941471454583,720575941547901556,4,VNC_T2_MesoNm_R,
720575941471454583,720575941559929615,5,VNC_T2_MesoNm_R,
720575941471454583,720575941592895784,9,VNC_T3_MetaNm_R,
720575941471454583,720575941652537361,28,VNC_T2_MesoNm_R,
720575941471627639,720575941477927042,9,VNC_HTct_L,
720575941471627639,720575941482029251,3,VNC_HTct_R,
720575941471627639,720575941483787405,3,VNC_NTct_R,
720575941471627639,720575941495356286,9,VNC_HTct_L,
720575941471627639,720575941498948425,5,VNC_NTct_R,
720575941471627639,720575941551321371,6,VNC_HTct_R,
720575941471627639,720575941551321371,4,VNC_WTct_R,
720575941471627639,720575941558589229,4,VNC_WTct_R,
720575941471627639,720575941623108298,8,VNC_HTct_R,
720575941471627639,720575941652647185,3,VNC_IntTct_R,
720575941471627639,720575941652647185,4,VNC_NTct_R,
720575941471627639,720575941652647185,4,VNC_unassigned_R,
720575941471627639,720575941670676135,3,VNC_HTct_R,
720575941471627639,720575941671138727,3,VNC_HTct_L,
720575941471768843,720575941399251235,3,VNC_IntTct_L,
720575941471768843,720575941436750911,6,VNC_IntTct_L,
720575941471805963,720575941433032718,4,VNC_IntTct_L,
720575941471805963,720575941447808334,4,VNC_IntTct_L,
720575941471805963,720575941506644540,3,VNC_NTct_L,
720575941471805963,720575941518334643,3,VNC_HTct_L,
720575941471805963,720575941518407607,5,VNC_HTct_L,
720575941471805963,720575941518407607,10,VNC_IntTct_L,
720575941471805963,720575941518407607,4,VNC_unassigned_L,
720575941471805963,720575941547259197,3,VNC_HTct_L,
720575941471805963,720575941569659806,7,VNC_IntTct_L,
720575941471805963,720575941569659806,4,VNC_unassigned_L,
720575941471805963,720575941583511518,6,VNC_IntTct_L,
720575941471805963,720575941588018942,3,VNC_IntTct_L,
720575941471805963,720575941630111941,4,VNC_IntTct_L,
720575941471805963,720575941632896453,4,VNC_HTct_L,
720575941471805963,720575941632896453,9,VNC_IntTct_L,
720575941471805963,720575941644234696,3,VNC_IntTct_L,
720575941471808375,720575941410021231,3,VNC_IntTct_R,
720575941471808375,720575941412443540,6,VNC_HTct_R,
720575941471808375,720575941412443540,11,VNC_IntTct_L,
720575941471808375,720575941412443540,11,VNC_IntTct_R,
720575941471808375,720575941412443540,3,VNC_WTct_L,
720575941471808375,720575941412443540,7,VNC_WTct_R,
720575941471808375,720575941426616148,3,VNC_WTct_R,
720575941471808375,720575941428277752,18,VNC_IntTct_R,
720575941471808375,720575941429543127,9,VNC_IntTct_L,
720575941471808375,720575941429543127,3,VNC_WTct_L,
720575941471808375,720575941457073478,3,VNC_IntTct_R,
720575941471808375,720575941458334163,4,VNC_HTct_R,
720575941471808375,720575941459554960,3,VNC_IntTct_R,
720575941471808375,720575941465484566,5,VNC_HTct_L,
720575941471808375,720575941465484566,6,VNC_IntTct_L,
720575941471808375,720575941468312695,3,VNC_HTct_R,
720575941471808375,720575941468312695,3,VNC_IntTct_L,
720575941471808375,720575941473850720,5,VNC_HTct_L,
720575941471808375,720575941473850720,13,VNC_IntTct_L,
720575941471808375,720575941474482737,7,VNC_IntTct_R,
720575941471808375,720575941474725684,5,VNC_IntTct_L,
720575941471808375,720575941475988529,11,VNC_IntTct_R,
720575941471808375,720575941475988529,11,VNC_WTct_R,
720575941471808375,720575941477927042,3,VNC_HTct_L,
720575941471808375,720575941480550018,11,VNC_HTct_R,
720575941471808375,720575941488173001,29,VNC_IntTct_R,
720575941471808375,720575941490785712,3,VNC_WTct_L,
720575941471808375,720575941495356286,4,VNC_HTct_L,
720575941471808375,720575941495592571,7,VNC_HTct_L,
720575941471808375,720575941503451301,3,VNC_HTct_R,
720575941471808375,720575941503451301,5,VNC_IntTct_R,
720575941471808375,720575941518866542,5,VNC_IntTct_L,
720575941471808375,720575941518866542,3,VNC_IntTct_R,
720575941471808375,720575941528944568,5,VNC_HTct_R,
720575941471808375,720575941532246762,3,VNC_HTct_R,
720575941471808375,720575941532246762,24,VNC_IntTct_R,
720575941471808375,720575941532246762,5,VNC_NTct_R,
720575941471808375,720575941532246762,3,VNC_WTct_R,
720575941471808375,720575941545372296,3,VNC_HTct_L,
720575941471808375,720575941549329663,7,VNC_HTct_R,
720575941471808375,720575941549329663,10,VNC_IntTct_R,
720575941471808375,720575941549386239,3,VNC_HTct_L,
720575941471808375,720575941549386239,4,VNC_IntTct_L,
720575941471808375,720575941549683006,11,VNC_IntTct_L,
720575941471808375,720575941550971783,3,VNC_IntTct_R,
720575941471808375,720575941551321371,3,VNC_HTct_R,
720575941471808375,720575941551321371,4,VNC_WTct_R,
720575941471808375,720575941553338778,23,VNC_HTct_L,
720575941471808375,720575941553338778,37,VNC_IntTct_L,
720575941471808375,720575941553338778,21,VNC_WTct_L,
720575941471808375,720575941557612915,7,VNC_HTct_R,
720575941471808375,720575941565459095,4,VNC_HTct_R,
720575941471808375,720575941570817352,3,VNC_WTct_L,
720575941471808375,720575941572251144,5,VNC_IntTct_L,
720575941471808375,720575941573956239,5,VNC_ANm_R,
720575941471808375,720575941573956239,5,VNC_HTct_R,
720575941471808375,720575941579072889,3,VNC_WTct_R,
720575941471808375,720575941583128454,6,VNC_HTct_L,
720575941471808375,720575941583254918,7,VNC_HTct_R,
720575941471808375,720575941583254918,15,VNC_IntTct_R,
720575941471808375,720575941583254918,4,VNC_WTct_R,
720575941471808375,720575941583601886,29,VNC_HTct_R,
720575941471808375,720575941583601886,83,VNC_IntTct_R,
720575941471808375,720575941583601886,4,VNC_LTct_R,
720575941471808375,720575941583601886,16,VNC_WTct_R,
720575941471808375,720575941584808158,3,VNC_ANm_R,
720575941471808375,720575941584808158,10,VNC_HTct_R,
720575941471808375,720575941587181879,7,VNC_HTct_R,
720575941471808375,720575941587181879,5,VNC_IntTct_R,
720575941471808375,720575941588615052,7,VNC_HTct_L,
720575941471808375,720575941588615052,8,VNC_IntTct_L,
720575941471808375,720575941592602149,9,VNC_WTct_L,
720575941471808375,720575941593836933,3,VNC_WTct_L,
720575941471808375,720575941593948805,6,VNC_HTct_L,
720575941471808375,720575941593948805,10,VNC_IntTct_L,
720575941471808375,720575941593948805,8,VNC_IntTct_R,
720575941471808375,720575941607605101,6,VNC_IntTct_R,
720575941471808375,720575941607605101,3,VNC_WTct_R,
720575941471808375,720575941611080010,5,VNC_HTct_L,
720575941471808375,720575941614737877,7,VNC_WTct_R,
720575941471808375,720575941614877397,3,VNC_IntTct_L,
720575941471808375,720575941619873663,4,VNC_HTct_R,
720575941471808375,720575941619873663,3,VNC_IntTct_L,
720575941471808375,720575941623347099,4,VNC_IntTct_L,
720575941471808375,720575941623347099,13,VNC_IntTct_R,
720575941471808375,720575941623347099,6,VNC_WTct_R,
720575941471808375,720575941629413356,9,VNC_IntTct_L,
720575941471808375,720575941630748859,10,VNC_HTct_L,
720575941471808375,720575941650775313,4,VNC_IntTct_L,
720575941471808375,720575941650775313,9,VNC_IntTct_R,
720575941471808375,720575941650775313,8,VNC_WTct_L,
720575941471808375,720575941650775313,3,VNC_WTct_R,
720575941471808375,720575941652038421,3,VNC_HTct_R,
720575941471808375,720575941652324825,11,VNC_IntTct_R,
720575941471808375,720575941653507801,8,VNC_HTct_L,
720575941471808375,720575941663099516,4,VNC_IntTct_L,
720575941471808375,720575941684706543,12,VNC_IntTct_L,
720575941471808375,720575941684706543,3,VNC_IntTct_R,
720575941471955264,720575941401776931,3,VNC_WTct_R,
720575941471955264,720575941429543127,10,VNC_HTct_L,
720575941471955264,720575941430952801,4,VNC_HTct_R,
720575941471955264,720575941438710719,3,VNC_WTct_R,
720575941471955264,720575941447279965,7,VNC_HTct_L,
720575941471955264,720575941447279965,4,VNC_HTct_R,
720575941471955264,720575941449065565,3,VNC_WTct_L,
720575941471955264,720575941453962221,3,VNC_WTct_R,
720575941471955264,720575941456678893,3,VNC_NTct_L,
720575941471955264,720575941459554960,4,VNC_HTct_L,
720575941471955264,720575941465484566,6,VNC_HTct_L,
720575941471955264,720575941468312695,4,VNC_HTct_R,
720575941471955264,720575941472042282,3,VNC_NTct_R,
720575941471955264,720575941473850720,7,VNC_IntTct_L,
720575941471955264,720575941473850720,3,VNC_NTct_L,
720575941471955264,720575941477927042,25,VNC_HTct_L,
720575941471955264,720575941477927042,13,VNC_NTct_L,
720575941471955264,720575941478092963,4,VNC_HTct_R,
720575941471955264,720575941479961312,4,VNC_NTct_R,
720575941471955264,720575941483787405,4,VNC_HTct_L,
720575941471955264,720575941483787405,3,VNC_HTct_R,
720575941471955264,720575941488173001,5,VNC_IntTct_R,
720575941471955264,720575941488419022,3,VNC_WTct_R,
720575941471955264,720575941492354174,3,VNC_WTct_R,
720575941471955264,720575941495356286,20,VNC_HTct_L,
720575941471955264,720575941495356286,3,VNC_HTct_R,
720575941471955264,720575941495356286,12,VNC_WTct_L,
720575941471955264,720575941496957346,4,VNC_HTct_L,
720575941471955264,720575941496957346,5,VNC_HTct_R,
720575941471955264,720575941496957346,3,VNC_IntTct_L,
720575941471955264,720575941498935777,3,VNC_IntTct_R,
720575941471955264,720575941503451301,3,VNC_HTct_R,
720575941471955264,720575941518936792,3,VNC_NTct_R,
720575941471955264,720575941519453038,3,VNC_HTct_R,
720575941471955264,720575941520333047,5,VNC_HTct_L,
720575941471955264,720575941527126712,4,VNC_WTct_R,
720575941471955264,720575941528086660,4,VNC_WTct_L,
720575941471955264,720575941528944568,12,VNC_HTct_R,
720575941471955264,720575941528944568,4,VNC_IntTct_R,
720575941471955264,720575941532246762,3,VNC_IntTct_R,
720575941471955264,720575941535136739,5,VNC_WTct_R,
720575941471955264,720575941536371442,3,VNC_HTct_L,
720575941471955264,720575941547347316,10,VNC_WTct_R,
720575941471955264,720575941549329663,8,VNC_HTct_R,
720575941471955264,720575941551321371,10,VNC_HTct_R,
720575941471955264,720575941551321371,6,VNC_NTct_R,
720575941471955264,720575941551321371,29,VNC_WTct_R,
720575941471955264,720575941553338778,4,VNC_HTct_L,
720575941471955264,720575941553338778,10,VNC_WTct_L,
720575941471955264,720575941557612915,6,VNC_HTct_R,
720575941471955264,720575941558589229,3,VNC_WTct_R,
720575941471955264,720575941562467682,3,VNC_WTct_R,
720575941471955264,720575941565376046,4,VNC_HTct_L,
720575941471955264,720575941565376046,3,VNC_WTct_L,
720575941471955264,720575941565376046,10,VNC_WTct_R,
720575941471955264,720575941565459095,7,VNC_HTct_R,
720575941471955264,720575941568390138,4,VNC_HTct_R,
720575941471955264,720575941570823752,4,VNC_WTct_R,
720575941471955264,720575941572251144,15,VNC_HTct_L,
720575941471955264,720575941574155003,5,VNC_HTct_R,
720575941471955264,720575941575397263,3,VNC_HTct_R,
720575941471955264,720575941575397263,3,VNC_IntTct_L,
720575941471955264,720575941583128454,15,VNC_HTct_L,
720575941471955264,720575941583208582,3,VNC_HTct_L,
720575941471955264,720575941583601886,3,VNC_IntTct_R,
720575941471955264,720575941583601886,3,VNC_WTct_R,
720575941471955264,720575941587181879,17,VNC_HTct_R,
720575941471955264,720575941587181879,4,VNC_WTct_R,
720575941471955264,720575941601088441,11,VNC_HTct_L,
720575941471955264,720575941601153270,4,VNC_HTct_R,
720575941471955264,720575941607605101,6,VNC_IntTct_R,
720575941471955264,720575941607605101,8,VNC_NTct_R,
720575941471955264,720575941607605101,3,VNC_WTct_R,
720575941471955264,720575941608991050,8,VNC_HTct_R,
720575941471955264,720575941609001034,4,VNC_IntTct_R,
720575941471955264,720575941609479526,7,VNC_WTct_R,
720575941471955264,720575941611080010,13,VNC_HTct_L,
720575941471955264,720575941616556245,3,VNC_HTct_L,
720575941471955264,720575941623108298,11,VNC_WTct_R,
720575941471955264,720575941623399788,3,VNC_HTct_L,
720575941471955264,720575941628630054,4,VNC_HTct_L,
720575941471955264,720575941628630054,4,VNC_HTct_R,
720575941471955264,720575941628630054,5,VNC_WTct_R,
720575941471955264,720575941640895589,3,VNC_NTct_L,
720575941471955264,720575941640900965,4,VNC_HTct_L,
720575941471955264,720575941652647185,5,VNC_HTct_L,
720575941471955264,720575941652647185,12,VNC_HTct_R,
720575941471955264,720575941652647185,7,VNC_NTct_R,
720575941471955264,720575941652647185,10,VNC_WTct_R,
720575941471955264,720575941663099516,3,VNC_HTct_L,
720575941471955264,720575941663099516,3,VNC_HTct_R,
720575941471955264,720575941663099516,4,VNC_WTct_R,
720575941471955264,720575941668725169,3,VNC_HTct_R,
720575941471955264,720575941671138727,3,VNC_HTct_L,
720575941471955264,720575941671138727,7,VNC_WTct_L,
720575941471955264,720575941684876527,3,VNC_HTct_L,
720575941471955264,720575941684876527,3,VNC_HTct_R,
720575941472005952,720575941414456212,5,VNC_AMNp_L,
720575941472005952,720575941438659551,3,VNC_T3_MetaNm_L,
720575941472005952,720575941560427379,6,VNC_ANm_L,
720575941472044352,720575941432722574,3,VNC_HTct_L,
720575941472044352,720575941436378898,3,VNC_HTct_L,
720575941472044352,720575941438938175,4,VNC_WTct_L,
720575941472044352,720575941465484566,23,VNC_HTct_L,
720575941472044352,720575941495356286,4,VNC_HTct_L,
720575941472044352,720575941515619939,3,VNC_NTct_L,
720575941472044352,720575941533862682,3,VNC_WTct_L,
720575941472044352,720575941545372296,3,VNC_HTct_L,
720575941472044352,720575941549290495,6,VNC_HTct_L,
720575941472044352,720575941553430355,5,VNC_HTct_L,
720575941472044352,720575941557507443,3,VNC_HTct_L,
720575941472044352,720575941561320493,6,VNC_HTct_L,
720575941472044352,720575941572251144,6,VNC_HTct_L,
720575941472044352,720575941572251144,3,VNC_IntTct_L,
720575941472044352,720575941583128454,30,VNC_HTct_L,
720575941472044352,720575941583128454,3,VNC_unassigned_L,
720575941472044352,720575941630748859,18,VNC_HTct_L,
720575941472044352,720575941649244437,8,VNC_HTct_L,
720575941472044352,720575941663099516,3,VNC_HTct_L,
720575941472044352,720575941668725169,5,VNC_HTct_L,
720575941472044352,720575941685950326,3,VNC_WTct_L,
720575941472160011,720575941399253283,14,VNC_HTct_R,
720575941472160011,720575941399253283,18,VNC_IntTct_R,
720575941472160011,720575941413872924,3,VNC_HTct_R,
720575941472160011,720575941429439959,3,VNC_IntTct_R,
720575941472160011,720575941436996882,7,VNC_IntTct_R,
720575941472160011,720575941436996882,5,VNC_WTct_R,
720575941472160011,720575941439011279,3,VNC_WTct_R,
720575941472160011,720575941447048117,4,VNC_HTct_R,
720575941472160011,720575941447048117,3,VNC_IntTct_R,
720575941472160011,720575941447048117,3,VNC_WTct_R,
720575941472160011,720575941449255290,5,VNC_HTct_R,
720575941472160011,720575941449255290,29,VNC_IntTct_R,
720575941472160011,720575941449255290,5,VNC_WTct_R,
720575941472160011,720575941456348575,6,VNC_HTct_R,
720575941472160011,720575941456348575,34,VNC_IntTct_R,
720575941472160011,720575941456348575,4,VNC_WTct_R,
720575941472160011,720575941457802480,6,VNC_IntTct_R,
720575941472160011,720575941458334163,9,VNC_HTct_R,
720575941472160011,720575941492308606,10,VNC_IntTct_R,
720575941472160011,720575941494969726,3,VNC_WTct_R,
720575941472160011,720575941503451301,10,VNC_HTct_R,
720575941472160011,720575941503451301,8,VNC_IntTct_R,
720575941472160011,720575941512896099,5,VNC_IntTct_R,
720575941472160011,720575941516768472,7,VNC_IntTct_R,
720575941472160011,720575941524114532,4,VNC_IntTct_R,
720575941472160011,720575941532385624,7,VNC_HTct_R,
720575941472160011,720575941532385624,8,VNC_IntTct_R,
720575941472160011,720575941533761050,14,VNC_IntTct_R,
720575941472160011,720575941533761050,4,VNC_WTct_R,
720575941472160011,720575941546731041,20,VNC_IntTct_R,
720575941472160011,720575941551588506,5,VNC_WTct_R,
720575941472160011,720575941557294095,12,VNC_IntTct_R,
720575941472160011,720575941557612915,23,VNC_HTct_R,
720575941472160011,720575941557612915,8,VNC_IntTct_R,
720575941472160011,720575941558661165,3,VNC_IntTct_R,
720575941472160011,720575941561304978,4,VNC_IntTct_R,
720575941472160011,720575941566956532,20,VNC_IntTct_R,
720575941472160011,720575941570823752,3,VNC_HTct_R,
720575941472160011,720575941570823752,3,VNC_IntTct_R,
720575941472160011,720575941571906717,3,VNC_WTct_R,
720575941472160011,720575941583169158,3,VNC_HTct_R,
720575941472160011,720575941583169158,5,VNC_IntTct_R,
720575941472160011,720575941586471646,7,VNC_IntTct_R,
720575941472160011,720575941586471646,22,VNC_T1_ProNm_R,
720575941472160011,720575941593615211,12,VNC_HTct_R,
720575941472160011,720575941593615211,76,VNC_IntTct_R,
720575941472160011,720575941595804828,5,VNC_IntTct_R,
720575941472160011,720575941608310346,4,VNC_IntTct_R,
720575941472160011,720575941608991050,21,VNC_HTct_R,
720575941472160011,720575941608991050,31,VNC_IntTct_R,
720575941472160011,720575941623284362,12,VNC_IntTct_R,
720575941472160011,720575941626940710,18,VNC_IntTct_R,
720575941472160011,720575941630959035,5,VNC_IntTct_R,
720575941472160011,720575941658602520,3,VNC_HTct_R,
720575941472160011,720575941658602520,11,VNC_IntTct_R,
720575941472160011,720575941667143601,7,VNC_IntTct_R,
720575941472178752,720575941449245818,9,VNC_LTct_R,
720575941472178752,720575941450520745,21,VNC_T3_MetaNm_R,
720575941472178752,720575941460195780,10,VNC_LTct_R,
720575941472178752,720575941474571572,7,VNC_T3_MetaNm_R,
720575941472178752,720575941523074379,5,VNC_LTct_R,
720575941472178752,720575941527110840,5,VNC_LTct_R,
720575941472178752,720575941534040754,3,VNC_T3_MetaNm_R,
720575941472178752,720575941549350399,5,VNC_LTct_R,
720575941472178752,720575941588646284,8,VNC_LTct_R,
720575941472178752,720575941623067338,18,VNC_LTct_R,
720575941472597051,720575941461251027,9,VNC_T1_ProNm_R,
720575941473793322,720575941456348575,3,VNC_IntTct_R,
720575941473793322,720575941512896099,7,VNC_WTct_R,
720575941473793322,720575941516776558,3,VNC_NTct_L,
720575941473793322,720575941519213016,3,VNC_WTct_R,
720575941473793322,720575941521986227,7,VNC_unassigned_R,
720575941473793322,720575941554049307,3,VNC_NTct_R,
720575941473793322,720575941554049307,9,VNC_WTct_R,
720575941473793322,720575941564147346,4,VNC_WTct_R,
720575941473793322,720575941565495655,3,VNC_IntTct_R,
720575941473793322,720575941594160421,3,VNC_WTct_R,
720575941473793322,720575941594160421,4,VNC_unassigned_R,
720575941473793322,720575941669049587,4,VNC_IntTct_R,
720575941473933664,720575941467252189,3,VNC_AMNp_L,
720575941473970747,720575941429556655,4,VNC_NTct_R,
720575941474063968,720575941350393904,3,VNC_IntTct_L,
720575941474063968,720575941350393904,6,VNC_LTct_L,
720575941474063968,720575941390682262,12,VNC_LTct_L,
720575941474063968,720575941404724080,4,VNC_T2_MesoNm_L,
720575941474063968,720575941426616148,8,VNC_LTct_L,
720575941474063968,720575941428412809,3,VNC_LTct_L,
720575941474063968,720575941437525589,3,VNC_LTct_L,
720575941474063968,720575941439011279,4,VNC_LTct_L,
720575941474063968,720575941441993167,3,VNC_LTct_L,
720575941474063968,720575941456314271,6,VNC_LTct_L,
720575941474063968,720575941457802480,11,VNC_IntTct_L,
720575941474063968,720575941457802480,62,VNC_LTct_L,
720575941474063968,720575941459559824,4,VNC_AMNp_L,
720575941474063968,720575941459559824,10,VNC_IntTct_L,
720575941474063968,720575941459559824,23,VNC_LTct_L,
720575941474063968,720575941459591568,5,VNC_IntTct_L,
720575941474063968,720575941459591568,9,VNC_LTct_L,
720575941474063968,720575941466509590,6,VNC_IntTct_L,
720575941474063968,720575941466509590,4,VNC_LTct_L,
720575941474063968,720575941466725206,4,VNC_LTct_L,
720575941474063968,720575941470786368,3,VNC_IntTct_L,
720575941474063968,720575941470786368,9,VNC_LTct_L,
720575941474063968,720575941473679402,3,VNC_IntTct_L,
720575941474063968,720575941473679402,7,VNC_LTct_L,
720575941474063968,720575941474571572,15,VNC_T3_MetaNm_L,
720575941474063968,720575941474741819,19,VNC_IntTct_L,
720575941474063968,720575941474741819,81,VNC_LTct_L,
720575941474063968,720575941478403178,3,VNC_IntTct_L,
720575941474063968,720575941478403178,9,VNC_LTct_L,
720575941474063968,720575941497092169,9,VNC_IntTct_L,
720575941474063968,720575941497092169,3,VNC_LTct_L,
720575941474063968,720575941498819234,3,VNC_T3_MetaNm_L,
720575941474063968,720575941499750818,9,VNC_IntTct_L,
720575941474063968,720575941499750818,3,VNC_LTct_L,
720575941474063968,720575941501802434,4,VNC_AMNp_L,
720575941474063968,720575941501802434,7,VNC_IntTct_L,
720575941474063968,720575941501802434,8,VNC_LTct_L,
720575941474063968,720575941501842626,3,VNC_ANm_L,
720575941474063968,720575941501984651,3,VNC_LTct_L,
720575941474063968,720575941506310309,7,VNC_LTct_L,
720575941474063968,720575941507793680,8,VNC_IntTct_L,
720575941474063968,720575941507793680,11,VNC_LTct_L,
720575941474063968,720575941512798929,4,VNC_T3_MetaNm_L,
720575941474063968,720575941512987129,4,VNC_IntTct_L,
720575941474063968,720575941516784494,3,VNC_LTct_L,
720575941474063968,720575941519453038,10,VNC_LTct_L,
720575941474063968,720575941520284919,6,VNC_LTct_L,
720575941474063968,720575941520284919,3,VNC_unassigned_L,
720575941474063968,720575941521031927,4,VNC_IntTct_L,
720575941474063968,720575941521031927,14,VNC_LTct_L,
720575941474063968,720575941521236915,19,VNC_T3_MetaNm_L,
720575941474063968,720575941522089463,8,VNC_IntTct_L,
720575941474063968,720575941522089463,6,VNC_LTct_L,
720575941474063968,720575941523100491,9,VNC_IntTct_L,
720575941474063968,720575941523100491,7,VNC_LTct_L,
720575941474063968,720575941524264985,3,VNC_LTct_L,
720575941474063968,720575941528086660,4,VNC_IntTct_L,
720575941474063968,720575941528086660,18,VNC_LTct_L,
720575941474063968,720575941545362281,11,VNC_LTct_L,
720575941474063968,720575941545471593,4,VNC_IntTct_L,
720575941474063968,720575941545471593,14,VNC_LTct_L,
720575941474063968,720575941551625626,4,VNC_IntTct_L,
720575941474063968,720575941551625626,16,VNC_LTct_L,
720575941474063968,720575941563253814,8,VNC_LTct_L,
720575941474063968,720575941570823752,3,VNC_LTct_L,
720575941474063968,720575941579072889,5,VNC_IntTct_L,
720575941474063968,720575941579815669,4,VNC_IntTct_L,
720575941474063968,720575941586381534,17,VNC_IntTct_L,
720575941474063968,720575941586381534,4,VNC_LTct_L,
720575941474063968,720575941588919863,6,VNC_AMNp_L,
720575941474063968,720575941588919863,14,VNC_LTct_L,
720575941474063968,720575941594821334,4,VNC_IntTct_L,
720575941474063968,720575941595021681,4,VNC_IntTct_L,
720575941474063968,720575941595871424,4,VNC_IntTct_L,
720575941474063968,720575941595871424,9,VNC_LTct_L,
720575941474063968,720575941609479526,9,VNC_IntTct_L,
720575941474063968,720575941609479526,7,VNC_LTct_L,
720575941474063968,720575941612027238,3,VNC_IntTct_L,
720575941474063968,720575941636281205,15,VNC_LTct_L,
720575941474063968,720575941650578193,5,VNC_AMNp_L,
720575941474063968,720575941650578193,3,VNC_IntTct_L,
720575941474063968,720575941650578193,6,VNC_LTct_L,
720575941474063968,720575941655477716,3,VNC_LTct_L,
720575941474063968,720575941686473996,5,VNC_LTct_L,
720575941474126944,720575941429439959,3,VNC_IntTct_R,
720575941474126944,720575941440934351,12,VNC_T2_MesoNm_R,
720575941474126944,720575941461251027,6,VNC_T1_ProNm_R,
720575941474126944,720575941496949410,4,VNC_T2_MesoNm_R,
720575941474126944,720575941503550373,3,VNC_T2_MesoNm_R,
720575941474126944,720575941505536290,5,VNC_T3_MetaNm_R,
720575941474126944,720575941525847396,5,VNC_T2_MesoNm_R,
720575941474126944,720575941534040754,8,VNC_T3_MetaNm_R,
720575941474126944,720575941551947263,7,VNC_T1_ProNm_R,
720575941474126944,720575941567039732,4,VNC_AMNp_R,
720575941474126944,720575941567039732,12,VNC_T2_MesoNm_R,
720575941474126944,720575941595308327,12,VNC_T2_MesoNm_R,
720575941474256224,720575941477447530,3,VNC_HTct_R,
720575941474256224,720575941566805498,3,VNC_IntTct_R,
720575941474256224,720575941685775116,4,VNC_HTct_R,
720575941474312800,720575941477166622,3,VNC_IntTct_L,
720575941474312800,720575941477166622,5,VNC_NTct_L,
720575941474312800,720575941479167456,3,VNC_IntTct_L,
720575941474312800,720575941560631464,3,VNC_NTct_L,
720575941474312800,720575941652781524,4,VNC_NTct_L,
720575941474665514,720575941401795619,4,VNC_IntTct_L,
720575941474665514,720575941411656081,5,VNC_LTct_L,
720575941474665514,720575941411765140,7,VNC_LTct_L,
720575941474665514,720575941478523983,4,VNC_LTct_L,
720575941474665514,720575941540100381,3,VNC_LTct_L,
720575941474665514,720575941551947263,3,VNC_LTct_R,
720575941474665514,720575941569652638,5,VNC_LTct_L,
720575941474665514,720575941571906717,3,VNC_IntTct_L,
720575941474665514,720575941575800665,4,VNC_LTct_L,
720575941474665514,720575941580604661,3,VNC_LTct_L,
720575941474677825,720575941400818723,5,VNC_IntTct_L,
720575941474677825,720575941400818723,9,VNC_NTct_L,
720575941474677825,720575941400818723,10,VNC_unassigned_L,
720575941474677825,720575941595131175,3,VNC_IntTct_L,
720575941474677825,720575941595131175,14,VNC_NTct_L,
720575941474677825,720575941639451167,4,VNC_IntTct_L,
720575941475341610,720575941429512151,3,VNC_IntTct_L,
720575941475341610,720575941452168873,4,VNC_HTct_L,
720575941475341610,720575941571997085,3,VNC_IntTct_L,
720575941475341610,720575941572251144,4,VNC_IntTct_L,
720575941475341610,720575941583128454,7,VNC_HTct_L,
720575941475341610,720575941583128454,3,VNC_IntTct_L,
720575941475448123,720575941401776931,4,VNC_LTct_L,
720575941475448123,720575941459912262,3,VNC_IntTct_R,
720575941475448123,720575941486968326,4,VNC_LTct_L,
720575941475448123,720575941486968326,5,VNC_LTct_R,
720575941475448123,720575941494983806,3,VNC_ANm_L,
720575941475448123,720575941527241912,4,VNC_T3_MetaNm_R,
720575941475448123,720575941539355517,10,VNC_LTct_L,
720575941475448123,720575941539355517,39,VNC_LTct_R,
720575941475448123,720575941615272601,32,VNC_LTct_L,
720575941475448123,720575941615272601,14,VNC_LTct_R,
720575941475456827,720575941400703267,5,VNC_NTct_R,
720575941475456827,720575941430950497,8,VNC_HTct_R,
720575941475456827,720575941430950497,6,VNC_NTct_R,
720575941475456827,720575941430950497,4,VNC_WTct_R,
720575941475456827,720575941479505315,5,VNC_IntTct_R,
720575941475456827,720575941514637827,4,VNC_NTct_R,
720575941475456827,720575941559301491,13,VNC_NTct_R,
720575941475456827,720575941559301491,3,VNC_WTct_R,
720575941475456827,720575941566805498,3,VNC_IntTct_R,
720575941475456827,720575941579017337,3,VNC_IntTct_R,
720575941475456827,720575941626940710,3,VNC_IntTct_R,
720575941475456827,720575941633071008,3,VNC_IntTct_R,
720575941475456827,720575941685775116,4,VNC_HTct_R,
720575941475456827,720575941685775116,5,VNC_IntTct_R,
720575941475557681,720575941504386327,3,VNC_IntTct_R,
720575941476214833,720575941428412809,3,VNC_AMNp_L,
720575941476214833,720575941433406752,3,VNC_AMNp_L,
720575941476214833,720575941449258106,6,VNC_IntTct_L,
720575941476214833,720575941498474619,4,VNC_IntTct_L,
720575941476214833,720575941501984651,3,VNC_AMNp_L,
720575941476214833,720575941501984651,6,VNC_IntTct_L,
720575941476214833,720575941512798929,3,VNC_HTct_L,
720575941476214833,720575941512798929,5,VNC_T3_MetaNm_L,
720575941476214833,720575941518793388,21,VNC_AMNp_L,
720575941476214833,720575941518793388,13,VNC_WTct_L,
720575941476214833,720575941521069751,4,VNC_IntTct_L,
720575941476214833,720575941521069751,4,VNC_LTct_L,
720575941476214833,720575941521236915,3,VNC_T2_MesoNm_L,
720575941476214833,720575941566167094,15,VNC_AMNp_L,
720575941476214833,720575941566167094,5,VNC_IntTct_L,
720575941476214833,720575941566167094,4,VNC_T2_MesoNm_L,
720575941476214833,720575941566167094,4,VNC_WTct_L,
720575941476214833,720575941583122527,3,VNC_IntTct_L,
720575941476214833,720575941583122527,3,VNC_LTct_L,
720575941476214833,720575941611914669,5,VNC_IntTct_L,
720575941476214833,720575941611914669,9,VNC_LTct_L,
720575941476214833,720575941611914669,4,VNC_WTct_L,
720575941476214833,720575941613433564,3,VNC_T2_MesoNm_L,
720575941476250164,720575941410007663,3,VNC_HTct_L,
720575941476250164,720575941429324641,8,VNC_HTct_L,
720575941476250164,720575941439017423,21,VNC_HTct_L,
720575941476250164,720575941439017423,3,VNC_WTct_L,
720575941476250164,720575941439063503,5,VNC_HTct_L,
720575941476250164,720575941476080177,7,VNC_HTct_L,
720575941476250164,720575941477297716,13,VNC_NTct_L,
720575941476250164,720575941478519631,4,VNC_HTct_L,
720575941476250164,720575941494144199,4,VNC_HTct_L,
720575941476250164,720575941501129047,11,VNC_HTct_L,
720575941476250164,720575941518407607,3,VNC_HTct_L,
720575941476250164,720575941518537582,11,VNC_HTct_L,
720575941476250164,720575941525725954,9,VNC_NTct_L,
720575941476250164,720575941525725954,4,VNC_WTct_L,
720575941476250164,720575941552587399,3,VNC_HTct_L,
720575941476250164,720575941562338823,3,VNC_HTct_L,
720575941476250164,720575941569659806,9,VNC_HTct_L,
720575941476250164,720575941575682998,3,VNC_HTct_L,
720575941476250164,720575941576014774,9,VNC_NTct_L,
720575941476250164,720575941594213927,7,VNC_HTct_L,
720575941476398897,720575941459926086,17,VNC_NTct_L,
720575941476398897,720575941465484566,4,VNC_HTct_L,
720575941476398897,720575941473850720,5,VNC_IntTct_L,
720575941476398897,720575941473850720,4,VNC_NTct_L,
720575941476398897,720575941523112439,5,VNC_NTct_L,
720575941476398897,720575941572251144,7,VNC_HTct_L,
720575941476398897,720575941588061438,3,VNC_NTct_L,
720575941476398897,720575941595131175,3,VNC_NTct_L,
720575941476398897,720575941632896453,3,VNC_IntTct_L,
720575941476477492,720575941394069654,5,VNC_HTct_L,
720575941476477492,720575941447013813,46,VNC_HTct_L,
720575941476477492,720575941447013813,3,VNC_IntTct_L,
720575941476477492,720575941447013813,5,VNC_WTct_L,
720575941476477492,720575941449187450,3,VNC_IntTct_L,
720575941476477492,720575941459514512,6,VNC_HTct_L,
720575941476477492,720575941464073558,20,VNC_IntTct_L,
720575941476477492,720575941465484566,20,VNC_HTct_L,
720575941476477492,720575941465484566,7,VNC_IntTct_L,
720575941476477492,720575941467216093,3,VNC_HTct_L,
720575941476477492,720575941472042282,4,VNC_NTct_L,
720575941476477492,720575941473850720,15,VNC_HTct_L,
720575941476477492,720575941473850720,29,VNC_IntTct_L,
720575941476477492,720575941473850720,8,VNC_NTct_L,
720575941476477492,720575941476130097,8,VNC_IntTct_L,
720575941476477492,720575941477166622,8,VNC_HTct_L,
720575941476477492,720575941477166622,23,VNC_IntTct_L,
720575941476477492,720575941488755148,5,VNC_HTct_L,
720575941476477492,720575941496803234,3,VNC_HTct_L,
720575941476477492,720575941501135191,3,VNC_IntTct_L,
720575941476477492,720575941517764824,9,VNC_HTct_L,
720575941476477492,720575941520333047,6,VNC_HTct_L,
720575941476477492,720575941520333047,3,VNC_IntTct_L,
720575941476477492,720575941537600973,11,VNC_HTct_L,
720575941476477492,720575941537600973,5,VNC_IntTct_L,
720575941476477492,720575941542900997,6,VNC_IntTct_L,
720575941476477492,720575941542900997,3,VNC_NTct_L,
720575941476477492,720575941547347316,4,VNC_WTct_L,
720575941476477492,720575941549386239,3,VNC_IntTct_L,
720575941476477492,720575941560631464,3,VNC_NTct_L,
720575941476477492,720575941569707422,3,VNC_IntTct_L,
720575941476477492,720575941572251144,20,VNC_HTct_L,
720575941476477492,720575941572251144,19,VNC_IntTct_L,
720575941476477492,720575941579868917,3,VNC_IntTct_L,
720575941476477492,720575941583128454,40,VNC_HTct_L,
720575941476477492,720575941583128454,20,VNC_IntTct_L,
720575941476477492,720575941591285388,3,VNC_HTct_L,
720575941476477492,720575941591499627,7,VNC_HTct_L,
720575941476477492,720575941601088441,9,VNC_HTct_L,
720575941476477492,720575941610830253,3,VNC_HTct_L,
720575941476477492,720575941611080010,10,VNC_HTct_L,
720575941476477492,720575941612053094,19,VNC_HTct_L,
720575941476477492,720575941621616380,7,VNC_IntTct_L,
720575941476477492,720575941621616380,5,VNC_NTct_L,
720575941476477492,720575941630748859,6,VNC_HTct_L,
720575941476477492,720575941640895589,5,VNC_NTct_L,
720575941476477492,720575941650775313,3,VNC_IntTct_L,
720575941476477492,720575941652781524,12,VNC_IntTct_L,
720575941476477492,720575941652781524,8,VNC_NTct_L,
720575941476477492,720575941671138727,6,VNC_IntTct_L,
720575941476632385,720575941503451301,9,VNC_IntTct_R,
720575941476632385,720575941557612915,6,VNC_IntTct_R,
720575941476632385,720575941586427972,3,VNC_IntTct_R,
720575941476632385,720575941607605101,3,VNC_IntTct_R,
720575941476632385,720575941608991050,7,VNC_IntTct_R,
720575941476632385,720575941625932682,5,VNC_IntTct_R,
720575941476632385,720575941649244437,4,VNC_IntTct_R,
720575941476632385,720575941649244437,3,VNC_NTct_R,
720575941476632385,720575941668725169,3,VNC_IntTct_R,
720575941476852254,720575941542905629,3,VNC_T1_ProNm_L,
720575941476852254,720575941703131610,57,VNC_T1_ProNm_L,
720575941476981569,720575941442926762,5,VNC_HTct_L,
720575941476981569,720575941482029251,3,VNC_HTct_L,
720575941476981569,720575941535952577,8,VNC_HTct_L,
720575941476981569,720575941547347316,6,VNC_HTct_L,
720575941476981569,720575941552622398,3,VNC_IntTct_L,
720575941476981569,720575941614698709,3,VNC_HTct_L,
720575941476981569,720575941630933947,6,VNC_IntTct_L,
720575941476981569,720575941653563153,3,VNC_IntTct_L,
720575941477006388,720575941464073558,4,VNC_IntTct_L,
720575941477006388,720575941477166622,3,VNC_IntTct_L,
720575941477006388,720575941477166622,6,VNC_NTct_L,
720575941477006388,720575941537600973,3,VNC_IntTct_L,
720575941477006388,720575941572251144,7,VNC_IntTct_L,
720575941477006388,720575941583128454,3,VNC_IntTct_L,
720575941477013825,720575941400818723,9,VNC_IntTct_L,
720575941477013825,720575941400818723,4,VNC_NTct_L,
720575941477013825,720575941438938175,19,VNC_HTct_L,
720575941477013825,720575941459514512,4,VNC_HTct_L,
720575941477013825,720575941473850720,4,VNC_IntTct_L,
720575941477013825,720575941474725684,4,VNC_IntTct_L,
720575941477013825,720575941517764824,6,VNC_HTct_L,
720575941477013825,720575941518866542,3,VNC_IntTct_L,
720575941477013825,720575941550878087,7,VNC_HTct_L,
720575941477013825,720575941572251144,3,VNC_IntTct_L,
720575941477013825,720575941579868917,4,VNC_IntTct_L,
720575941477013825,720575941581506143,13,VNC_HTct_L,
720575941477013825,720575941583128454,5,VNC_HTct_L,
720575941477013825,720575941591748648,5,VNC_HTct_L,
720575941477013825,720575941601088441,3,VNC_HTct_L,
720575941477013825,720575941611080010,31,VNC_HTct_L,
720575941477013825,720575941611080010,3,VNC_IntTct_L,
720575941477013825,720575941612053094,4,VNC_HTct_L,
720575941477013825,720575941623347099,3,VNC_IntTct_L,
720575941477013825,720575941650775313,4,VNC_IntTct_L,
720575941477013825,720575941668725169,3,VNC_HTct_L,
720575941477013825,720575941678358973,18,VNC_HTct_L,
720575941477099313,720575941480631170,3,VNC_T1_ProNm_L,
720575941477099313,720575941536351681,7,VNC_T1_ProNm_L,
720575941477099313,720575941592919080,24,VNC_T1_ProNm_L,
720575941477099313,720575941703131610,3,VNC_T1_ProNm_L,
720575941477145393,720575941404724080,7,VNC_IntTct_L,
720575941477145393,720575941404724080,16,VNC_T1_ProNm_L,
720575941477145393,720575941404724080,3,VNC_T2_MesoNm_L,
720575941477145393,720575941453578409,3,VNC_T2_MesoNm_L,
720575941477145393,720575941497092169,3,VNC_IntTct_L,
720575941477145393,720575941497092169,9,VNC_T2_MesoNm_L,
720575941477145393,720575941519492718,3,VNC_T1_ProNm_L,
720575941477145393,720575941551385371,4,VNC_IntTct_L,
720575941477145393,720575941551385371,5,VNC_T2_MesoNm_L,
720575941477145393,720575941552620543,4,VNC_T2_MesoNm_L,
720575941477145393,720575941555462995,15,VNC_T2_MesoNm_L,
720575941477201002,720575941401776931,4,VNC_IntTct_R,
720575941477201002,720575941477884802,5,VNC_HTct_R,
720575941477201002,720575941477884802,3,VNC_IntTct_R,
720575941477201002,720575941533864458,3,VNC_IntTct_R,
720575941477201002,720575941555504723,9,VNC_IntTct_R,
720575941477201002,720575941583601886,10,VNC_IntTct_R,
720575941477201002,720575941593615211,3,VNC_IntTct_R,
720575941477201002,720575941644908408,5,VNC_HTct_R,
720575941477298996,720575941540201933,20,VNC_T1_ProNm_L,
720575941477298996,720575941552487169,4,VNC_T2_MesoNm_L,
720575941477298996,720575941611060042,4,VNC_T2_MesoNm_L,
720575941477326900,720575941552620543,3,VNC_T2_MesoNm_L,
720575941477326900,720575941637874975,3,VNC_T2_MesoNm_L,
720575941477326900,720575941703131610,14,VNC_T1_ProNm_L,
720575941477392926,720575941501135191,4,VNC_NTct_L,
720575941477392926,720575941501135191,13,VNC_T1_ProNm_L,
720575941477392926,720575941512450371,8,VNC_T2_MesoNm_L,
720575941477392926,720575941552487169,7,VNC_T2_MesoNm_L,
720575941477392926,720575941570676552,6,VNC_T1_ProNm_L,
720575941477392926,720575941590291084,5,VNC_T2_MesoNm_L,
720575941477392926,720575941590291084,5,VNC_unassigned_L,
720575941477419828,720575941401795619,6,VNC_IntTct_L,
720575941477419828,720575941441993167,7,VNC_T2_MesoNm_L,
720575941477419828,720575941441993167,4,VNC_WTct_L,
720575941477419828,720575941457134918,4,VNC_T2_MesoNm_L,
720575941477419828,720575941464168534,12,VNC_AMNp_L,
720575941477419828,720575941479084227,4,VNC_AMNp_L,
720575941477419828,720575941497092169,11,VNC_T2_MesoNm_L,
720575941477419828,720575941506310309,13,VNC_AMNp_L,
720575941477419828,720575941506310309,5,VNC_IntTct_L,
720575941477419828,720575941506310309,4,VNC_T1_ProNm_L,
720575941477419828,720575941506310309,3,VNC_unassigned_L,
720575941477419828,720575941515936249,7,VNC_ANm_L,
720575941477419828,720575941515936249,14,VNC_T3_MetaNm_L,
720575941477419828,720575941518793388,14,VNC_AMNp_L,
720575941477419828,720575941546807841,15,VNC_AMNp_L,
720575941477419828,720575941558290980,3,VNC_T1_ProNm_L,
720575941477419828,720575941566167094,66,VNC_AMNp_L,
720575941477419828,720575941566167094,4,VNC_T1_ProNm_L,
720575941477419828,720575941566167094,11,VNC_T2_MesoNm_L,
720575941477419828,720575941566167094,3,VNC_WTct_L,
720575941477419828,720575941567049972,7,VNC_AMNp_L,
720575941477419828,720575941613433564,3,VNC_AMNp_L,
720575941477419828,720575941613433564,7,VNC_T2_MesoNm_L,
720575941477419828,720575941630296517,8,VNC_T2_MesoNm_L,
720575941477443358,720575941402059632,3,VNC_IntTct_R,
720575941477443358,720575941414508948,9,VNC_IntTct_R,
720575941477443358,720575941414508948,5,VNC_LTct_L,
720575941477443358,720575941414508948,3,VNC_LTct_R,
720575941477443358,720575941414508948,4,VNC_T1_ProNm_L,
720575941477443358,720575941414508948,13,VNC_T1_ProNm_R,
720575941477443358,720575941429283681,6,VNC_T2_MesoNm_L,
720575941477443358,720575941431099567,4,VNC_T3_MetaNm_R,
720575941477443358,720575941447338845,3,VNC_LTct_R,
720575941477443358,720575941457802480,4,VNC_LTct_R,
720575941477443358,720575941458790726,5,VNC_LTct_R,
720575941477443358,720575941469724125,9,VNC_IntTct_R,
720575941477443358,720575941488475598,3,VNC_IntTct_R,
720575941477443358,720575941488475598,4,VNC_LTct_R,
720575941477443358,720575941492303998,4,VNC_LTct_R,
720575941477443358,720575941511393233,6,VNC_IntTct_L,
720575941477443358,720575941511393233,6,VNC_IntTct_R,
720575941477443358,720575941511393233,6,VNC_unassigned_L,
720575941477443358,720575941512896099,3,VNC_IntTct_R,
720575941477443358,720575941512896099,5,VNC_LTct_R,
720575941477443358,720575941519213016,4,VNC_IntTct_L,
720575941477443358,720575941524114276,6,VNC_IntTct_R,
720575941477443358,720575941524114276,8,VNC_LTct_R,
720575941477443358,720575941632698555,4,VNC_T2_MesoNm_L,
720575941477443358,720575941652323289,3,VNC_IntTct_R,
720575941477443358,720575941653563153,3,VNC_IntTct_R,
720575941477736066,720575941457686512,3,VNC_WTct_R,
720575941477736066,720575941532423000,3,VNC_WTct_R,
720575941477736066,720575941552622398,3,VNC_HTct_L,
720575941477736066,720575941623108298,7,VNC_HTct_R,
720575941477736066,720575941623108298,5,VNC_WTct_R,
720575941477736066,720575941671138727,3,VNC_WTct_L,
720575941477812131,720575941442637519,8,VNC_T2_MesoNm_L,
720575941477812131,720575941551385371,27,VNC_T2_MesoNm_L,
720575941477812131,720575941552620543,10,VNC_T2_MesoNm_L,
720575941477812131,720575941555462995,5,VNC_T2_MesoNm_L,
720575941477812131,720575941652640273,4,VNC_T2_MesoNm_L,
720575941477812131,720575941703131610,8,VNC_T1_ProNm_L,
720575941477915700,720575941447779092,11,VNC_WTct_L,
720575941477915700,720575941447779092,13,VNC_unassigned_L,
720575941477915700,720575941477051166,3,VNC_WTct_L,
720575941477915700,720575941477856130,3,VNC_WTct_L,
720575941477915700,720575941514920282,4,VNC_WTct_L,
720575941477915700,720575941539218301,3,VNC_WTct_L,
720575941477915700,720575941539218301,7,VNC_unassigned_R,
720575941477915700,720575941551389979,6,VNC_WTct_L,
720575941477915700,720575941571427323,6,VNC_WTct_L,
720575941478074592,720575941463655693,5,VNC_WTct_L,
720575941478074592,720575941544636596,4,VNC_WTct_L,
720575941478074592,720575941610618982,3,VNC_WTct_L,
720575941478074592,720575941644900472,4,VNC_HTct_L,
720575941478074592,720575941644900472,5,VNC_WTct_L,
720575941478195265,720575941411572847,3,VNC_HTct_R,
720575941478195265,720575941431092911,3,VNC_IntTct_R,
720575941478195265,720575941464768790,7,VNC_IntTct_R,
720575941478195265,720575941464768790,5,VNC_NTct_R,
720575941478195265,720575941472739168,3,VNC_HTct_R,
720575941478195265,720575941472739168,3,VNC_IntTct_R,
720575941478195265,720575941485377602,7,VNC_HTct_R,
720575941478195265,720575941492308606,6,VNC_IntTct_R,
720575941478195265,720575941495591291,8,VNC_IntTct_R,
720575941478195265,720575941507664144,3,VNC_NTct_R,
720575941478195265,720575941524019970,4,VNC_NTct_R,
720575941478195265,720575941533761050,11,VNC_IntTct_R,
720575941478195265,720575941545400508,9,VNC_HTct_R,
720575941478195265,720575941545400508,15,VNC_IntTct_R,
720575941478195265,720575941545400508,3,VNC_unassigned_R,
720575941478195265,720575941546491681,19,VNC_IntTct_R,
720575941478195265,720575941553313434,6,VNC_HTct_R,
720575941478195265,720575941555526436,4,VNC_NTct_R,
720575941478195265,720575941557612915,5,VNC_IntTct_R,
720575941478195265,720575941592154582,5,VNC_IntTct_R,
720575941478195265,720575941594515158,7,VNC_HTct_R,
720575941478195265,720575941595804828,14,VNC_IntTct_R,
720575941478195265,720575941595804828,5,VNC_NTct_R,
720575941478195265,720575941608310346,11,VNC_HTct_R,
720575941478195265,720575941608310346,36,VNC_IntTct_R,
720575941478195265,720575941608310346,9,VNC_NTct_R,
720575941478195265,720575941608991050,3,VNC_HTct_R,
720575941478195265,720575941608991050,3,VNC_IntTct_R,
720575941478195265,720575941609358310,13,VNC_IntTct_R,
720575941478195265,720575941623130314,5,VNC_IntTct_R,
720575941478195265,720575941659696184,15,VNC_IntTct_R,
720575941478429802,720575941449942877,6,VNC_T2_MesoNm_L,
720575941478429802,720575941483537338,3,VNC_T1_ProNm_R,
720575941478429802,720575941487815632,6,VNC_AMNp_L,
720575941478429802,720575941489092327,3,VNC_AMNp_L,
720575941478429802,720575941555938899,3,VNC_T2_MesoNm_R,
720575941478429802,720575941565522839,3,VNC_T2_MesoNm_R,
720575941478429802,720575941607558765,3,VNC_AMNp_L,
720575941478585450,720575941394069654,6,VNC_HTct_L,
720575941478585450,720575941399309603,5,VNC_IntTct_L,
720575941478585450,720575941412323473,4,VNC_HTct_L,
720575941478585450,720575941412323473,8,VNC_IntTct_L,
720575941478585450,720575941414326161,4,VNC_IntTct_L,
720575941478585450,720575941428209912,5,VNC_HTct_L,
720575941478585450,720575941429512151,6,VNC_HTct_L,
720575941478585450,720575941429512151,21,VNC_IntTct_L,
720575941478585450,720575941433032718,15,VNC_IntTct_L,
720575941478585450,720575941433032718,11,VNC_NTct_L,
720575941478585450,720575941436973586,4,VNC_HTct_L,
720575941478585450,720575941439050703,13,VNC_IntTct_L,
720575941478585450,720575941439063503,3,VNC_HTct_L,
720575941478585450,720575941439063503,3,VNC_IntTct_L,
720575941478585450,720575941450876794,9,VNC_HTct_L,
720575941478585450,720575941450876794,6,VNC_IntTct_L,
720575941478585450,720575941457147206,20,VNC_HTct_L,
720575941478585450,720575941457147206,33,VNC_IntTct_L,
720575941478585450,720575941457147206,13,VNC_NTct_L,
720575941478585450,720575941464073558,8,VNC_HTct_L,
720575941478585450,720575941464073558,7,VNC_IntTct_L,
720575941478585450,720575941465484566,31,VNC_HTct_L,
720575941478585450,720575941465484566,24,VNC_IntTct_L,
720575941478585450,720575941471203447,15,VNC_HTct_L,
720575941478585450,720575941471203447,6,VNC_IntTct_L,
720575941478585450,720575941473850720,3,VNC_NTct_L,
720575941478585450,720575941474786625,11,VNC_HTct_L,
720575941478585450,720575941475766122,3,VNC_HTct_L,
720575941478585450,720575941479098819,5,VNC_HTct_L,
720575941478585450,720575941505478690,7,VNC_HTct_L,
720575941478585450,720575941505478690,5,VNC_IntTct_L,
720575941478585450,720575941506644540,3,VNC_IntTct_L,
720575941478585450,720575941506644540,3,VNC_NTct_L,
720575941478585450,720575941508542674,3,VNC_HTct_L,
720575941478585450,720575941517764824,13,VNC_HTct_L,
720575941478585450,720575941517764824,5,VNC_IntTct_L,
720575941478585450,720575941520333047,5,VNC_HTct_L,
720575941478585450,720575941520333047,5,VNC_IntTct_L,
720575941478585450,720575941524114532,5,VNC_HTct_L,
720575941478585450,720575941524114532,12,VNC_IntTct_L,
720575941478585450,720575941524280857,6,VNC_HTct_L,
720575941478585450,720575941524280857,12,VNC_IntTct_L,
720575941478585450,720575941524369945,19,VNC_HTct_L,
720575941478585450,720575941530853507,5,VNC_HTct_L,
720575941478585450,720575941530853507,5,VNC_IntTct_L,
720575941478585450,720575941535331338,6,VNC_WTct_L,
720575941478585450,720575941536208789,3,VNC_IntTct_L,
720575941478585450,720575941536371442,4,VNC_HTct_L,
720575941478585450,720575941536371442,5,VNC_IntTct_L,
720575941478585450,720575941543316329,6,VNC_HTct_L,
720575941478585450,720575941543669765,9,VNC_HTct_L,
720575941478585450,720575941543669765,6,VNC_IntTct_L,
720575941478585450,720575941546065032,8,VNC_HTct_L,
720575941478585450,720575941546773640,3,VNC_HTct_L,
720575941478585450,720575941549283839,7,VNC_HTct_L,
720575941478585450,720575941549386239,4,VNC_HTct_L,
720575941478585450,720575941549840702,6,VNC_HTct_L,
720575941478585450,720575941562021376,4,VNC_WTct_L,
720575941478585450,720575941570823752,6,VNC_IntTct_L,
720575941478585450,720575941572251144,33,VNC_HTct_L,
720575941478585450,720575941572251144,30,VNC_IntTct_L,
720575941478585450,720575941579868917,11,VNC_IntTct_L,
720575941478585450,720575941579868917,9,VNC_NTct_L,
720575941478585450,720575941583128454,67,VNC_HTct_L,
720575941478585450,720575941583128454,16,VNC_IntTct_L,
720575941478585450,720575941588018942,9,VNC_HTct_L,
720575941478585450,720575941590870379,6,VNC_NTct_L,
720575941478585450,720575941591285388,3,VNC_IntTct_L,
720575941478585450,720575941601088441,12,VNC_HTct_L,
720575941478585450,720575941610583260,11,VNC_HTct_L,
720575941478585450,720575941612053094,5,VNC_HTct_L,
720575941478585450,720575941630748859,11,VNC_HTct_L,
720575941478585450,720575941632614587,3,VNC_NTct_L,
720575941478585450,720575941632896453,6,VNC_HTct_L,
720575941478585450,720575941671138727,3,VNC_IntTct_L,
720575941478585450,720575941723242042,3,VNC_HTct_L,
720575941478585450,720575941723242042,6,VNC_IntTct_L,
720575941478705770,720575941428412809,3,VNC_AMNp_L,
720575941478705770,720575941437525589,3,VNC_LTct_L,
720575941478705770,720575941437525589,4,VNC_WTct_L,
720575941478705770,720575941459912262,3,VNC_WTct_L,
720575941478705770,720575941470747968,19,VNC_T2_MesoNm_L,
720575941478705770,720575941470747968,6,VNC_WTct_L,
720575941478705770,720575941508255266,5,VNC_IntTct_L,
720575941478705770,720575941508255266,3,VNC_T1_ProNm_L,
720575941478705770,720575941519492718,4,VNC_T1_ProNm_L,
720575941478705770,720575941519492718,10,VNC_T2_MesoNm_L,
720575941478705770,720575941534996146,8,VNC_AMNp_L,
720575941478705770,720575941534996146,19,VNC_T1_ProNm_L,
720575941478705770,720575941534996146,3,VNC_T2_MesoNm_L,
720575941478705770,720575941562040320,3,VNC_T1_ProNm_L,
720575941478705770,720575941562329095,3,VNC_T2_MesoNm_L,
720575941478705770,720575941565531799,3,VNC_ANm_L,
720575941478705770,720575941565531799,3,VNC_T3_MetaNm_L,
720575941478705770,720575941575753910,4,VNC_T2_MesoNm_L,
720575941478705770,720575941575753910,3,VNC_WTct_L,
720575941478705770,720575941576945233,4,VNC_T2_MesoNm_L,
720575941478705770,720575941579161465,4,VNC_WTct_L,
720575941478705770,720575941613433564,3,VNC_T2_MesoNm_L,
720575941478705770,720575941642411877,5,VNC_AMNp_L,
720575941478705770,720575941642411877,41,VNC_T2_MesoNm_L,
720575941478705770,720575941670447527,3,VNC_AMNp_L,
720575941478705770,720575941670447527,8,VNC_T2_MesoNm_L,
720575941479543776,720575941468950592,3,VNC_T2_MesoNm_L,
720575941479543776,720575941501002731,17,VNC_T2_MesoNm_L,
720575941479543776,720575941501002731,4,VNC_WTct_L,
720575941479543776,720575941512450371,45,VNC_T2_MesoNm_L,
720575941479543776,720575941512450371,7,VNC_WTct_L,
720575941479563650,720575941480223456,25,VNC_T2_MesoNm_L,
720575941480480963,720575941575681718,5,VNC_WTct_R,
720575941480490882,720575941551947263,6,VNC_IntTct_R,
720575941480490882,720575941551947263,8,VNC_T1_ProNm_R,
720575941480513154,720575941411656081,7,VNC_IntTct_L,
720575941480513154,720575941527110840,3,VNC_LTct_R,
720575941480513154,720575941528086660,3,VNC_LTct_R,
720575941480513154,720575941552496641,4,VNC_LTct_L,
720575941480513154,720575941553338778,3,VNC_IntTct_L,
720575941480513154,720575941569652638,3,VNC_LTct_L,
720575941480554370,720575941410007663,6,VNC_IntTct_L,
720575941480554370,720575941414508948,5,VNC_IntTct_L,
720575941480554370,720575941414508948,7,VNC_IntTct_R,
720575941480554370,720575941414508948,7,VNC_T1_ProNm_L,
720575941480554370,720575941431311575,4,VNC_WTct_L,
720575941480554370,720575941457686512,3,VNC_WTct_L,
720575941480554370,720575941469724125,3,VNC_IntTct_L,
720575941480554370,720575941469724125,3,VNC_IntTct_R,
720575941480554370,720575941501802434,4,VNC_IntTct_L,
720575941480554370,720575941505536290,6,VNC_T3_MetaNm_L,
720575941480554370,720575941505536290,3,VNC_T3_MetaNm_R,
720575941480554370,720575941512896099,6,VNC_IntTct_L,
720575941480554370,720575941515936505,9,VNC_IntTct_L,
720575941480554370,720575941515936505,6,VNC_LTct_L,
720575941480554370,720575941515936505,3,VNC_T2_MesoNm_L,
720575941480554370,720575941515936505,4,VNC_T2_MesoNm_R,
720575941480554370,720575941519213016,8,VNC_IntTct_L,
720575941480554370,720575941519213016,6,VNC_WTct_L,
720575941480554370,720575941519213016,3,VNC_unassigned_L,
720575941480554370,720575941523112439,9,VNC_IntTct_L,
720575941480554370,720575941536368370,3,VNC_LTct_R,
720575941480554370,720575941543669765,4,VNC_IntTct_L,
720575941480554370,720575941560082158,3,VNC_IntTct_L,
720575941480554370,720575941569585266,3,VNC_T1_ProNm_R,
720575941480554370,720575941576941045,7,VNC_IntTct_L,
720575941480554370,720575941576941045,3,VNC_LTct_L,
720575941480554370,720575941600259369,4,VNC_IntTct_L,
720575941480554370,720575941630933947,12,VNC_IntTct_L,
720575941480554370,720575941630933947,5,VNC_IntTct_R,
720575941480554370,720575941630933947,4,VNC_LTct_L,
720575941480554370,720575941630933947,3,VNC_LTct_R,
720575941480554370,720575941630933947,3,VNC_WTct_L,
720575941480554370,720575941632698555,14,VNC_T2_MesoNm_L,
720575941480554370,720575941649795057,6,VNC_T2_MesoNm_L,
720575941480554370,720575941687572492,7,VNC_IntTct_L,
720575941480704954,720575941350441008,3,VNC_IntTct_L,
720575941480704954,720575941350441008,3,VNC_NTct_L,
720575941480704954,720575941350441008,10,VNC_WTct_L,
720575941480704954,720575941506644540,7,VNC_WTct_L,
720575941480704954,720575941519213016,3,VNC_WTct_L,
720575941480704954,720575941526764388,3,VNC_IntTct_L,
720575941480704954,720575941569574046,4,VNC_IntTct_L,
720575941480704954,720575941653563153,7,VNC_IntTct_L,
720575941480704954,720575941684990447,3,VNC_NTct_L,
720575941480704954,720575941686858735,3,VNC_IntTct_L,
720575941480704954,720575941686858735,3,VNC_WTct_L,
720575941480759971,720575941408456110,3,VNC_WTct_R,
720575941480759971,720575941428412809,5,VNC_unassigned_L,
720575941480759971,720575941457431280,3,VNC_WTct_R,
720575941480759971,720575941521986227,3,VNC_IntTct_L,
720575941480759971,720575941526417540,3,VNC_unassigned_R,
720575941480759971,720575941554803620,3,VNC_WTct_L,
720575941480759971,720575941602987510,3,VNC_unassigned_R,
720575941480759971,720575941603749817,3,VNC_ANm_R,
720575941480759971,720575941611914669,5,VNC_unassigned_L,
720575941480759971,720575941669866161,3,VNC_ANm_R,
720575941480759971,720575941688644470,4,VNC_ANm_R,
720575941480784258,720575941414456212,6,VNC_T2_MesoNm_L,
720575941480784258,720575941438659551,6,VNC_T3_MetaNm_L,
720575941480784258,720575941440736207,12,VNC_T2_MesoNm_L,
720575941480784258,720575941441993167,22,VNC_AMNp_L,
720575941480784258,720575941441993167,11,VNC_LTct_L,
720575941480784258,720575941441993167,4,VNC_T2_MesoNm_L,
720575941480784258,720575941461227664,3,VNC_LTct_L,
720575941480784258,720575941487877328,9,VNC_AMNp_L,
720575941480784258,720575941487877328,8,VNC_LTct_L,
720575941480784258,720575941487877328,4,VNC_T1_ProNm_L,
720575941480784258,720575941487877328,12,VNC_T2_MesoNm_L,
720575941480784258,720575941487877328,3,VNC_unassigned_L,
720575941480784258,720575941615272601,4,VNC_T2_MesoNm_L,
720575941480784258,720575941623972251,11,VNC_AMNp_L,
720575941480784258,720575941623972251,6,VNC_unassigned_L,
720575941480784258,720575941691313115,4,VNC_AMNp_L,
720575941480784258,720575941691313115,5,VNC_LTct_L,
720575941480799395,720575941450532174,11,VNC_T1_ProNm_R,
720575941480799395,720575941469724125,4,VNC_T2_MesoNm_R,
720575941480799395,720575941476543297,4,VNC_T2_MesoNm_R,
720575941480799395,720575941476543297,3,VNC_WTct_R,
720575941480799395,720575941501352535,5,VNC_T2_MesoNm_R,
720575941480799395,720575941502853719,3,VNC_T2_MesoNm_R,
720575941480799395,720575941551321371,8,VNC_NTct_R,
720575941480799395,720575941551960319,10,VNC_T2_MesoNm_R,
720575941480799395,720575941559929615,7,VNC_T2_MesoNm_R,
720575941480799395,720575941595919217,112,VNC_T2_MesoNm_R,
720575941480799395,720575941595919217,9,VNC_WTct_R,
720575941480799395,720575941611988582,8,VNC_T2_MesoNm_R,
720575941480799395,720575941613448668,23,VNC_T2_MesoNm_R,
720575941480799395,720575941614301593,3,VNC_T2_MesoNm_R,
720575941480799395,720575941623130314,4,VNC_NTct_R,
720575941480799395,720575941623130314,3,VNC_T1_ProNm_R,
720575941480901827,720575941411791764,4,VNC_NTct_R,
720575941480917187,720575941501352535,4,VNC_T2_MesoNm_R,
720575941480942499,720575941461227152,3,VNC_unassigned_L,
720575941480942499,720575941501041643,3,VNC_NTct_L,
720575941480942499,720575941501041643,6,VNC_unassigned_L,
720575941480942499,720575941523112439,4,VNC_NTct_L,
720575941480942499,720575941523112439,3,VNC_unassigned_L,
720575941480942499,720575941595131175,6,VNC_NTct_L,
720575941480942499,720575941595131175,4,VNC_unassigned_L,
720575941480954019,720575941440934351,3,VNC_T2_MesoNm_R,
720575941480954019,720575941474741819,5,VNC_LTct_R,
720575941480954019,720575941485138896,3,VNC_IntTct_R,
720575941480954019,720575941490693065,3,VNC_T1_ProNm_R,
720575941480954019,720575941505536290,8,VNC_T3_MetaNm_R,
720575941480954019,720575941507280965,5,VNC_IntTct_R,
720575941480954019,720575941511393233,4,VNC_IntTct_R,
720575941480954019,720575941511393233,3,VNC_WTct_R,
720575941480954019,720575941513160697,7,VNC_IntTct_R,
720575941480954019,720575941524114276,4,VNC_IntTct_R,
720575941480954019,720575941525847396,5,VNC_T2_MesoNm_R,
720575941480954019,720575941554784676,4,VNC_AMNp_R,
720575941480954019,720575941565301550,4,VNC_LTct_R,
720575941480954019,720575941567039732,4,VNC_T2_MesoNm_R,
720575941480954019,720575941592505639,5,VNC_IntTct_R,
720575941480954019,720575941596404101,3,VNC_T1_ProNm_R,
720575941480954019,720575941609479526,7,VNC_IntTct_R,
720575941480954019,720575941609479526,6,VNC_LTct_R,
720575941480954019,720575941625907769,9,VNC_AMNp_R,
720575941480954019,720575941625907769,6,VNC_IntTct_R,
720575941480954019,720575941625907769,8,VNC_LTct_R,
720575941480954019,720575941625907769,10,VNC_T1_ProNm_R,
720575941480954019,720575941625907769,10,VNC_T2_MesoNm_R,
720575941480954019,720575941625907769,5,VNC_unassigned_R,
720575941480954019,720575941669866161,3,VNC_T1_ProNm_R,
720575941480954019,720575941669866161,3,VNC_T2_MesoNm_R,
720575941480954019,720575941685980278,4,VNC_T2_MesoNm_R,
720575941481045155,720575941533221825,6,VNC_HTct_R,
720575941481045155,720575941533864458,4,VNC_IntTct_R,
720575941481045155,720575941557612915,4,VNC_HTct_R,
720575941481045155,720575941570823752,7,VNC_IntTct_R,
720575941481045155,720575941608991050,3,VNC_HTct_R,
720575941481045155,720575941649244949,4,VNC_HTct_R,
720575941481045155,720575941659696184,3,VNC_HTct_R,
720575941481045155,720575941667143601,4,VNC_IntTct_R,
720575941481103523,720575941394069654,9,VNC_HTct_L,
720575941481103523,720575941394069654,9,VNC_IntTct_L,
720575941481103523,720575941399251235,3,VNC_IntTct_L,
720575941481103523,720575941414326161,3,VNC_HTct_L,
720575941481103523,720575941428209912,3,VNC_HTct_L,
720575941481103523,720575941452168873,5,VNC_HTct_L,
720575941481103523,720575941464073558,14,VNC_IntTct_L,
720575941481103523,720575941465484566,5,VNC_IntTct_L,
720575941481103523,720575941477166622,13,VNC_IntTct_L,
720575941481103523,720575941477166622,3,VNC_NTct_L,
720575941481103523,720575941504563781,3,VNC_HTct_L,
720575941481103523,720575941518866542,4,VNC_IntTct_L,
720575941481103523,720575941520333047,3,VNC_IntTct_L,
720575941481103523,720575941537600973,8,VNC_HTct_L,
720575941481103523,720575941537600973,5,VNC_IntTct_L,
720575941481103523,720575941560632744,3,VNC_HTct_L,
720575941481103523,720575941572251144,17,VNC_IntTct_L,
720575941481103523,720575941579868917,4,VNC_NTct_L,
720575941481103523,720575941583128454,22,VNC_HTct_L,
720575941481103523,720575941583128454,20,VNC_IntTct_L,
720575941481103523,720575941583595486,5,VNC_HTct_L,
720575941481103523,720575941583595486,10,VNC_IntTct_L,
720575941481103523,720575941591499627,3,VNC_HTct_L,
720575941481103523,720575941601209590,4,VNC_IntTct_L,
720575941481103523,720575941601209590,5,VNC_NTct_L,
720575941481103523,720575941652781524,3,VNC_IntTct_L,
720575941481103523,720575941678358973,3,VNC_HTct_L,
720575941481122690,720575941410019695,3,VNC_HTct_R,
720575941481122690,720575941476101937,3,VNC_HTct_R,
720575941481122690,720575941496318793,4,VNC_HTct_R,
720575941481122690,720575941526847910,7,VNC_IntTct_R,
720575941481122690,720575941528944568,5,VNC_HTct_R,
720575941481122690,720575941530867075,5,VNC_IntTct_R,
720575941481122690,720575941551443610,3,VNC_IntTct_R,
720575941481122690,720575941559309171,10,VNC_HTct_R,
720575941481122690,720575941564417024,6,VNC_HTct_R,
720575941481122690,720575941608324717,10,VNC_HTct_R,
720575941481122690,720575941622232828,4,VNC_HTct_R,
720575941481122690,720575941630959803,3,VNC_HTct_R,
720575941481122690,720575941633054368,5,VNC_HTct_R,
720575941481381117,720575941438659551,6,VNC_T3_MetaNm_R,
720575941481381117,720575941476543297,8,VNC_T2_MesoNm_R,
720575941481381117,720575941527220920,5,VNC_HTct_R,
720575941481381117,720575941527220920,11,VNC_T3_MetaNm_R,
720575941481381117,720575941594160421,3,VNC_T2_MesoNm_R,
720575941481381117,720575941645261768,3,VNC_HTct_R,
720575941481381117,720575941662295352,3,VNC_HTct_R,
720575941481381117,720575941662295352,6,VNC_T3_MetaNm_R,
720575941481407427,720575941551321371,3,VNC_NTct_R,
720575941481985475,720575941430016905,3,VNC_LTct_L,
720575941481985475,720575941433032718,7,VNC_T2_MesoNm_L,
720575941481985475,720575941435778834,3,VNC_ANm_L,
720575941481985475,720575941438748351,4,VNC_IntTct_L,
720575941481985475,720575941449258106,3,VNC_IntTct_L,
720575941481985475,720575941451662663,3,VNC_ANm_L,
720575941481985475,720575941451662663,3,VNC_T3_MetaNm_L,
720575941481985475,720575941456314271,7,VNC_LTct_L,
720575941481985475,720575941461235088,9,VNC_LTct_L,
720575941481985475,720575941468720139,3,VNC_AMNp_L,
720575941481985475,720575941468720139,3,VNC_LTct_L,
720575941481985475,720575941481050877,3,VNC_LTct_L,
720575941481985475,720575941498819234,11,VNC_T3_MetaNm_L,
720575941481985475,720575941506310309,3,VNC_LTct_L,
720575941481985475,720575941519453038,4,VNC_LTct_L,
720575941481985475,720575941524264985,14,VNC_LTct_L,
720575941481985475,720575941524264985,3,VNC_T2_MesoNm_L,
720575941481985475,720575941527110840,4,VNC_LTct_L,
720575941481985475,720575941528086660,15,VNC_LTct_L,
720575941481985475,720575941528086660,4,VNC_T1_ProNm_L,
720575941481985475,720575941534996146,6,VNC_LTct_L,
720575941481985475,720575941535181283,3,VNC_T3_MetaNm_L,
720575941481985475,720575941540724765,3,VNC_ANm_L,
720575941481985475,720575941542907933,3,VNC_LTct_L,
720575941481985475,720575941545362281,10,VNC_LTct_L,
720575941481985475,720575941545362281,3,VNC_T2_MesoNm_L,
720575941481985475,720575941546385084,3,VNC_ANm_L,
720575941481985475,720575941546385084,7,VNC_T3_MetaNm_L,
720575941481985475,720575941549350399,3,VNC_AMNp_L,
720575941481985475,720575941553476250,7,VNC_LTct_L,
720575941481985475,720575941557884687,5,VNC_ANm_L,
720575941481985475,720575941558635053,4,VNC_LTct_L,
720575941481985475,720575941569652638,3,VNC_IntTct_L,
720575941481985475,720575941569652638,3,VNC_LTct_L,
720575941481985475,720575941592408615,7,VNC_LTct_L,
720575941481985475,720575941594821334,8,VNC_IntTct_L,
720575941481985475,720575941595878848,3,VNC_LTct_L,
720575941481985475,720575941600259369,3,VNC_LTct_L,
720575941481985475,720575941632901829,6,VNC_LTct_L,
720575941481985475,720575941636281205,4,VNC_LTct_L,
720575941481985475,720575941650755601,4,VNC_T3_MetaNm_L,
720575941481985475,720575941655477716,3,VNC_LTct_L,
720575941481985475,720575941681017789,4,VNC_ANm_L,
720575941481985475,720575941681017789,27,VNC_T3_MetaNm_L,
720575941482058179,720575941433032718,9,VNC_IntTct_L,
720575941482058179,720575941433032718,7,VNC_T1_ProNm_L,
720575941482407677,720575941507664144,6,VNC_NTct_R,
720575941482535366,720575941458334163,7,VNC_HTct_R,
720575941482535366,720575941503451301,11,VNC_HTct_R,
720575941482535366,720575941503451301,7,VNC_IntTct_R,
720575941482535366,720575941504039618,4,VNC_HTct_R,
720575941482535366,720575941557612915,7,VNC_HTct_R,
720575941482535366,720575941557612915,4,VNC_IntTct_R,
720575941482535366,720575941608991050,11,VNC_HTct_R,
720575941482535366,720575941608991050,12,VNC_IntTct_R,
720575941482535366,720575941608991050,3,VNC_unassigned_R,
720575941482535366,720575941649244437,3,VNC_IntTct_R,
720575941482535366,720575941650753297,5,VNC_IntTct_R,
720575941482713341,720575941559370285,4,VNC_IntTct_R,
720575941482713341,720575941657718552,3,VNC_IntTct_R,
720575941482970310,720575941525725954,5,VNC_IntTct_L,
720575941483266246,720575941435778834,3,VNC_ANm_L,
720575941483266246,720575941450520745,4,VNC_T3_MetaNm_L,
720575941483266246,720575941461235088,3,VNC_IntTct_L,
720575941483266246,720575941485322637,7,VNC_ANm_R,
720575941483266246,720575941501842626,3,VNC_HTct_L,
720575941483266246,720575941535047690,3,VNC_IntTct_L,
720575941483266246,720575941537501160,3,VNC_IntTct_L,
720575941483266246,720575941537501160,3,VNC_IntTct_R,
720575941483266246,720575941540724765,8,VNC_ANm_L,
720575941483266246,720575941546385084,3,VNC_ANm_L,
720575941483266246,720575941546385084,3,VNC_T3_MetaNm_L,
720575941483266246,720575941551598746,3,VNC_IntTct_L,
720575941483266246,720575941611343337,8,VNC_ANm_R,
720575941483266246,720575941644081490,3,VNC_ANm_L,
720575941483266246,720575941655477716,5,VNC_WTct_L,
720575941483554189,720575941436378898,5,VNC_HTct_L,
720575941483554189,720575941447013813,3,VNC_HTct_L,
720575941483554189,720575941458789958,3,VNC_HTct_L,
720575941483554189,720575941465484566,19,VNC_HTct_L,
720575941483554189,720575941465484566,6,VNC_IntTct_L,
720575941483554189,720575941474437681,3,VNC_unassigned_L,
720575941483554189,720575941478488143,3,VNC_HTct_L,
720575941483554189,720575941495356286,4,VNC_HTct_L,
720575941483554189,720575941501041643,4,VNC_IntTct_L,
720575941483554189,720575941515619939,4,VNC_NTct_L,
720575941483554189,720575941516099500,4,VNC_HTct_L,
720575941483554189,720575941516099500,3,VNC_NTct_L,
720575941483554189,720575941518434227,5,VNC_WTct_L,
720575941483554189,720575941524114532,3,VNC_IntTct_L,
720575941483554189,720575941526507140,3,VNC_IntTct_L,
720575941483554189,720575941543669765,3,VNC_HTct_L,
720575941483554189,720575941545372296,6,VNC_HTct_L,
720575941483554189,720575941562467682,9,VNC_HTct_L,
720575941483554189,720575941566756602,4,VNC_HTct_L,
720575941483554189,720575941572251144,13,VNC_HTct_L,
720575941483554189,720575941572251144,13,VNC_IntTct_L,
720575941483554189,720575941583128454,43,VNC_HTct_L,
720575941483554189,720575941583128454,12,VNC_IntTct_L,
720575941483554189,720575941583128454,3,VNC_unassigned_L,
720575941483554189,720575941588095300,3,VNC_HTct_L,
720575941483554189,720575941601209590,3,VNC_IntTct_L,
720575941483554189,720575941601209590,5,VNC_NTct_L,
720575941483554189,720575941630748859,10,VNC_HTct_L,
720575941483554189,720575941630748859,3,VNC_IntTct_L,
720575941483554189,720575941650775313,3,VNC_IntTct_L,
720575941483554189,720575941663099516,3,VNC_HTct_L,
720575941483554189,720575941671138727,6,VNC_HTct_L,
720575941483679674,720575941447898132,8,VNC_T1_ProNm_R,
720575941483679674,720575941469724125,4,VNC_T1_ProNm_R,
720575941483679674,720575941560088814,22,VNC_T1_ProNm_R,
720575941483701178,720575941438659551,3,VNC_T3_MetaNm_L,
720575941483701178,720575941450559566,5,VNC_WTct_L,
720575941483701178,720575941553551239,5,VNC_IntTct_L,
720575941483701178,720575941553551239,15,VNC_T1_ProNm_L,
720575941483701178,720575941553551239,3,VNC_WTct_L,
720575941483701178,720575941576933109,3,VNC_WTct_L,
720575941483701178,720575941590291084,10,VNC_AMNp_L,
720575941483701178,720575941590291084,7,VNC_T2_MesoNm_L,
720575941483701178,720575941590291084,11,VNC_WTct_L,
720575941483701178,720575941650798609,4,VNC_WTct_L,
720575941485358733,720575941399309603,3,VNC_IntTct_L,
720575941485358733,720575941435272590,5,VNC_HTct_L,
720575941485358733,720575941439050703,15,VNC_IntTct_L,
720575941485358733,720575941455579885,3,VNC_HTct_L,
720575941485358733,720575941465484566,5,VNC_IntTct_L,
720575941485358733,720575941478092963,4,VNC_HTct_L,
720575941485358733,720575941478092963,13,VNC_IntTct_L,
720575941485358733,720575941480415939,8,VNC_HTct_L,
720575941485358733,720575941495592571,6,VNC_HTct_L,
720575941485358733,720575941508509569,5,VNC_HTct_L,
720575941485358733,720575941530853507,5,VNC_IntTct_L,
720575941485358733,720575941630933947,3,VNC_IntTct_L,
720575941485358733,720575941632896453,8,VNC_IntTct_L,
720575941485358733,720575941653507801,5,VNC_HTct_L,
720575941485430992,720575941431166679,3,VNC_T2_MesoNm_R,
720575941485430992,720575941450696029,4,VNC_IntTct_R,
720575941485430992,720575941450696029,6,VNC_T2_MesoNm_R,
720575941485430992,720575941491175399,3,VNC_IntTct_R,
720575941485430992,720575941491175399,3,VNC_T2_MesoNm_R,
720575941485430992,720575941498482043,3,VNC_IntTct_R,
720575941485430992,720575941498482043,4,VNC_WTct_R,
720575941485430992,720575941502853719,3,VNC_T2_MesoNm_R,
720575941485430992,720575941515936505,6,VNC_IntTct_R,
720575941485430992,720575941526426756,4,VNC_T2_MesoNm_R,
720575941485430992,720575941551947263,7,VNC_T1_ProNm_R,
720575941485430992,720575941561420434,8,VNC_T2_MesoNm_R,
720575941485430992,720575941600259369,5,VNC_T2_MesoNm_R,
720575941486413709,720575941408421291,4,VNC_LTct_R,
720575941486437954,720575941476543297,8,VNC_T2_MesoNm_R,
720575941486437954,720575941501352535,7,VNC_T2_MesoNm_R,
720575941486437954,720575941502853719,9,VNC_T2_MesoNm_R,
720575941486437954,720575941507848208,4,VNC_T1_ProNm_R,
720575941486437954,720575941507848208,4,VNC_T2_MesoNm_R,
720575941486437954,720575941507848208,7,VNC_WTct_R,
720575941486437954,720575941511275986,8,VNC_WTct_R,
720575941486437954,720575941513264377,4,VNC_WTct_R,
720575941486437954,720575941540185213,73,VNC_T2_MesoNm_R,
720575941486437954,720575941547164084,16,VNC_T2_MesoNm_R,
720575941486437954,720575941554784676,3,VNC_WTct_R,
720575941486437954,720575941559929615,4,VNC_T2_MesoNm_R,
720575941486437954,720575941561420434,6,VNC_T2_MesoNm_R,
720575941486437954,720575941564962711,4,VNC_T3_MetaNm_R,
720575941486437954,720575941569585266,29,VNC_T1_ProNm_R,
720575941486437954,720575941595919217,11,VNC_T2_MesoNm_R,
720575941486437954,720575941613448668,16,VNC_T2_MesoNm_R,
720575941486437954,720575941614919893,4,VNC_WTct_R,
720575941486437954,720575941619071871,6,VNC_ANm_R,
720575941486437954,720575941665520371,3,VNC_WTct_R,
720575941486437954,720575941700592858,3,VNC_WTct_R,
720575941486574598,720575941497887817,4,VNC_HTct_R,
720575941486574598,720575941518434227,3,VNC_WTct_R,
720575941486574598,720575941521986227,4,VNC_IntTct_L,
720575941486574598,720575941521986227,4,VNC_IntTct_R,
720575941486574598,720575941562358023,3,VNC_NTct_L,
720575941486574598,720575941631436524,3,VNC_WTct_R,
720575941486574598,720575941663099516,4,VNC_HTct_L,
720575941486575426,720575941438659551,3,VNC_T3_MetaNm_R,
720575941486575426,720575941540185213,3,VNC_AMNp_R,
720575941486575426,720575941603749817,3,VNC_T3_MetaNm_R,
720575941486575426,720575941653565201,5,VNC_ANm_R,
720575941486575426,720575941688644470,6,VNC_ANm_R,
720575941486587714,720575941547226248,10,VNC_NTct_L,
720575941486587714,720575941579868917,21,VNC_NTct_L,
720575941486612034,720575941429556655,7,VNC_IntTct_R,
720575941486612034,720575941432002574,9,VNC_IntTct_R,
720575941486612034,720575941478390607,7,VNC_IntTct_R,
720575941486612034,720575941478390607,8,VNC_NTct_R,
720575941486612034,720575941518433719,5,VNC_IntTct_R,
720575941486612034,720575941518433719,3,VNC_NTct_R,
720575941486612034,720575941528944568,3,VNC_IntTct_R,
720575941486612034,720575941546491681,8,VNC_IntTct_R,
720575941486612034,720575941549701182,5,VNC_IntTct_R,
720575941486612034,720575941557612915,9,VNC_IntTct_R,
720575941486612034,720575941558661165,4,VNC_IntTct_R,
720575941486612034,720575941558661165,5,VNC_unassigned_R,
720575941486612034,720575941608310346,3,VNC_IntTct_R,
720575941486612034,720575941608310346,4,VNC_NTct_R,
720575941486612034,720575941613256211,4,VNC_IntTct_R,
720575941486612034,720575941623130314,6,VNC_IntTct_R,
720575941486612034,720575941630959035,6,VNC_IntTct_R,
720575941486680717,720575941401776931,5,VNC_T1_ProNm_R,
720575941486684226,720575941505536290,4,VNC_T3_MetaNm_L,
720575941486684226,720575941559947279,6,VNC_T1_ProNm_L,
720575941486684226,720575941595871424,12,VNC_IntTct_L,
720575941486684226,720575941595871424,3,VNC_T2_MesoNm_L,
720575941486692493,720575941468245879,3,VNC_HTct_R,
720575941486692493,720575941501996683,3,VNC_WTct_L,
720575941486692493,720575941530265035,3,VNC_WTct_R,
720575941486700098,720575941409904495,5,VNC_HTct_R,
720575941486700098,720575941409904495,6,VNC_IntTct_R,
720575941486700098,720575941409904495,5,VNC_WTct_R,
720575941486700098,720575941410019695,4,VNC_HTct_R,
720575941486700098,720575941410021231,5,VNC_HTct_R,
720575941486700098,720575941411829396,8,VNC_IntTct_R,
720575941486700098,720575941429556655,4,VNC_IntTct_R,
720575941486700098,720575941429556655,4,VNC_NTct_R,
720575941486700098,720575941432002574,3,VNC_HTct_R,
720575941486700098,720575941436996882,3,VNC_WTct_R,
720575941486700098,720575941447591246,7,VNC_NTct_R,
720575941486700098,720575941450101063,3,VNC_IntTct_R,
720575941486700098,720575941450625607,3,VNC_IntTct_R,
720575941486700098,720575941455932912,3,VNC_unassigned_R,
720575941486700098,720575941460885005,6,VNC_HTct_R,
720575941486700098,720575941460885005,3,VNC_WTct_R,
720575941486700098,720575941461076493,10,VNC_HTct_R,
720575941486700098,720575941461076493,3,VNC_unassigned_R,
720575941486700098,720575941464768790,5,VNC_NTct_R,
720575941486700098,720575941472739168,5,VNC_IntTct_R,
720575941486700098,720575941474334779,8,VNC_HTct_R,
720575941486700098,720575941474459707,7,VNC_HTct_R,
720575941486700098,720575941476032542,23,VNC_HTct_R,
720575941486700098,720575941476032542,8,VNC_IntTct_R,
720575941486700098,720575941476032542,3,VNC_WTct_R,
720575941486700098,720575941478390607,11,VNC_IntTct_R,
720575941486700098,720575941484125702,6,VNC_HTct_R,
720575941486700098,720575941492308606,3,VNC_HTct_R,
720575941486700098,720575941492308606,6,VNC_IntTct_R,
720575941486700098,720575941495559291,14,VNC_HTct_R,
720575941486700098,720575941495559291,18,VNC_IntTct_R,
720575941486700098,720575941495559291,6,VNC_WTct_R,
720575941486700098,720575941495591291,7,VNC_HTct_R,
720575941486700098,720575941495591291,3,VNC_IntTct_R,
720575941486700098,720575941496284489,3,VNC_HTct_R,
720575941486700098,720575941496284489,5,VNC_WTct_R,
720575941486700098,720575941496289609,6,VNC_HTct_R,
720575941486700098,720575941496318793,9,VNC_HTct_R,
720575941486700098,720575941496830370,20,VNC_HTct_R,
720575941486700098,720575941496915618,5,VNC_HTct_R,
720575941486700098,720575941501721138,34,VNC_HTct_R,
720575941486700098,720575941510611922,4,VNC_HTct_R,
720575941486700098,720575941514065043,11,VNC_HTct_R,
720575941486700098,720575941514065043,3,VNC_WTct_R,
720575941486700098,720575941516616664,9,VNC_HTct_R,
720575941486700098,720575941523692290,11,VNC_HTct_R,
720575941486700098,720575941523994114,3,VNC_HTct_R,
720575941486700098,720575941525219494,3,VNC_HTct_R,
720575941486700098,720575941525219494,7,VNC_WTct_R,
720575941486700098,720575941528356043,6,VNC_HTct_R,
720575941486700098,720575941528944568,7,VNC_HTct_R,
720575941486700098,720575941530192843,6,VNC_HTct_R,
720575941486700098,720575941532246762,8,VNC_IntTct_R,
720575941486700098,720575941533138625,7,VNC_HTct_R,
720575941486700098,720575941533138625,3,VNC_IntTct_R,
720575941486700098,720575941533221825,3,VNC_WTct_R,
720575941486700098,720575941533761050,4,VNC_HTct_R,
720575941486700098,720575941533864458,3,VNC_HTct_R,
720575941486700098,720575941533864458,3,VNC_IntTct_R,
720575941486700098,720575941545400508,4,VNC_IntTct_R,
720575941486700098,720575941546491681,9,VNC_HTct_R,
720575941486700098,720575941549166079,4,VNC_HTct_R,
720575941486700098,720575941549632830,5,VNC_WTct_R,
720575941486700098,720575941549701182,3,VNC_HTct_R,
720575941486700098,720575941549701182,4,VNC_IntTct_R,
720575941486700098,720575941553479140,3,VNC_HTct_R,
720575941486700098,720575941554135297,4,VNC_HTct_R,
720575941486700098,720575941557294095,3,VNC_HTct_R,
720575941486700098,720575941557612915,9,VNC_HTct_R,
720575941486700098,720575941558661165,9,VNC_HTct_R,
720575941486700098,720575941559261555,3,VNC_unassigned_R,
720575941486700098,720575941559370285,3,VNC_IntTct_R,
720575941486700098,720575941559370285,7,VNC_NTct_R,
720575941486700098,720575941563316022,8,VNC_HTct_R,
720575941486700098,720575941566788602,10,VNC_HTct_R,
720575941486700098,720575941567062260,3,VNC_HTct_R,
720575941486700098,720575941567062260,4,VNC_IntTct_R,
720575941486700098,720575941569707422,3,VNC_IntTct_R,
720575941486700098,720575941571499515,13,VNC_HTct_R,
720575941486700098,720575941571499515,6,VNC_IntTct_R,
720575941486700098,720575941571499515,3,VNC_WTct_R,
720575941486700098,720575941572107017,4,VNC_HTct_R,
720575941486700098,720575941572107017,24,VNC_IntTct_R,
720575941486700098,720575941572107017,10,VNC_NTct_R,
720575941486700098,720575941572107017,3,VNC_WTct_R,
720575941486700098,720575941574412943,3,VNC_HTct_R,
720575941486700098,720575941576984821,5,VNC_HTct_R,
720575941486700098,720575941583173510,5,VNC_IntTct_R,
720575941486700098,720575941590840062,5,VNC_HTct_R,
720575941486700098,720575941594515158,3,VNC_HTct_R,
720575941486700098,720575941595782556,3,VNC_HTct_R,
720575941486700098,720575941595782556,3,VNC_IntTct_R,
720575941486700098,720575941595804828,9,VNC_IntTct_R,
720575941486700098,720575941595804828,4,VNC_WTct_R,
720575941486700098,720575941601153270,16,VNC_HTct_R,
720575941486700098,720575941605598061,4,VNC_HTct_R,
720575941486700098,720575941607605101,3,VNC_NTct_R,
720575941486700098,720575941608310346,12,VNC_IntTct_R,
720575941486700098,720575941608310346,4,VNC_NTct_R,
720575941486700098,720575941608817897,3,VNC_HTct_R,
720575941486700098,720575941608991050,5,VNC_HTct_R,
720575941486700098,720575941609001034,9,VNC_NTct_R,
720575941486700098,720575941609358310,3,VNC_HTct_R,
720575941486700098,720575941610174950,19,VNC_IntTct_R,
720575941486700098,720575941610174950,4,VNC_NTct_R,
720575941486700098,720575941612599449,10,VNC_IntTct_R,
720575941486700098,720575941612599449,4,VNC_NTct_R,
720575941486700098,720575941613256211,13,VNC_HTct_R,
720575941486700098,720575941614850517,4,VNC_HTct_R,
720575941486700098,720575941617646805,3,VNC_HTct_R,
720575941486700098,720575941623130314,4,VNC_IntTct_R,
720575941486700098,720575941630959035,4,VNC_HTct_R,
720575941486700098,720575941641473874,8,VNC_HTct_R,
720575941486700098,720575941649244949,8,VNC_HTct_R,
720575941486700098,720575941650693905,4,VNC_HTct_R,
720575941486700098,720575941650696977,5,VNC_HTct_R,
720575941486700098,720575941650753297,9,VNC_IntTct_R,
720575941486700098,720575941652038421,11,VNC_HTct_R,
720575941486700098,720575941652314841,16,VNC_HTct_R,
720575941486700098,720575941659696184,8,VNC_HTct_R,
720575941486700098,720575941659696184,8,VNC_WTct_R,
720575941486700098,720575941665441523,6,VNC_IntTct_R,
720575941486700098,720575941665441523,4,VNC_WTct_R,
720575941486700098,720575941684876527,3,VNC_HTct_R,
720575941487149378,720575941404724080,3,VNC_T2_MesoNm_L,
720575941487149378,720575941408481195,4,VNC_IntTct_L,
720575941487149378,720575941408481195,3,VNC_LTct_L,
720575941487149378,720575941437525589,6,VNC_IntTct_L,
720575941487149378,720575941437525589,20,VNC_LTct_L,
720575941487149378,720575941459559824,5,VNC_IntTct_L,
720575941487149378,720575941459559824,4,VNC_LTct_L,
720575941487149378,720575941474935105,3,VNC_AMNp_L,
720575941487149378,720575941474935105,3,VNC_LTct_L,
720575941487149378,720575941475702890,5,VNC_LTct_L,
720575941487149378,720575941480631170,5,VNC_T3_MetaNm_L,
720575941487149378,720575941498803874,5,VNC_AMNp_L,
720575941487149378,720575941506310309,3,VNC_T1_ProNm_L,
720575941487149378,720575941518316471,4,VNC_T2_MesoNm_L,
720575941487149378,720575941524114276,4,VNC_IntTct_L,
720575941487149378,720575941524114276,8,VNC_LTct_L,
720575941487149378,720575941551947263,3,VNC_LTct_L,
720575941487149378,720575941552643390,6,VNC_AMNp_L,
720575941487149378,720575941569616542,10,VNC_IntTct_L,
720575941487149378,720575941569616542,3,VNC_LTct_L,
720575941487149378,720575941575691624,3,VNC_AMNp_R,
720575941487149378,720575941575753910,4,VNC_AMNp_L,
720575941487149378,720575941575753910,4,VNC_LTct_L,
720575941487149378,720575941575753910,3,VNC_T2_MesoNm_L,
720575941487149378,720575941578722641,4,VNC_AMNp_L,
720575941487149378,720575941579072889,12,VNC_IntTct_L,
720575941487149378,720575941579072889,5,VNC_LTct_L,
720575941487149378,720575941589863735,3,VNC_IntTct_L,
720575941487149378,720575941595871424,6,VNC_LTct_L,
720575941487149378,720575941614874325,5,VNC_LTct_L,
720575941487149378,720575941650578193,6,VNC_AMNp_L,
720575941487149378,720575941685980278,4,VNC_LTct_L,
720575941487659984,720575941436378898,3,VNC_HTct_R,
720575941487659984,720575941450625607,3,VNC_NTct_R,
720575941487659984,720575941457686256,3,VNC_HTct_R,
720575941487659984,720575941458334163,4,VNC_HTct_R,
720575941487659984,720575941465484566,5,VNC_HTct_L,
720575941487659984,720575941468312695,3,VNC_HTct_R,
720575941487659984,720575941470474763,4,VNC_HTct_R,
720575941487659984,720575941474437681,3,VNC_HTct_L,
720575941487659984,720575941474437681,5,VNC_HTct_R,
720575941487659984,720575941474437681,4,VNC_IntTct_R,
720575941487659984,720575941490813872,5,VNC_HTct_L,
720575941487659984,720575941490813872,4,VNC_IntTct_R,
720575941487659984,720575941503451301,4,VNC_IntTct_R,
720575941487659984,720575941516099500,3,VNC_NTct_L,
720575941487659984,720575941521986227,4,VNC_NTct_R,
720575941487659984,720575941532246762,3,VNC_HTct_R,
720575941487659984,720575941532246762,7,VNC_IntTct_R,
720575941487659984,720575941535136739,4,VNC_HTct_R,
720575941487659984,720575941543669765,3,VNC_IntTct_L,
720575941487659984,720575941545372296,3,VNC_HTct_R,
720575941487659984,720575941546731041,3,VNC_IntTct_R,
720575941487659984,720575941549386239,4,VNC_IntTct_L,
720575941487659984,720575941557612915,8,VNC_HTct_R,
720575941487659984,720575941557612915,10,VNC_IntTct_R,
720575941487659984,720575941562467682,4,VNC_NTct_R,
720575941487659984,720575941566756602,3,VNC_HTct_R,
720575941487659984,720575941572107017,3,VNC_unassigned_R,
720575941487659984,720575941572251144,7,VNC_HTct_L,
720575941487659984,720575941583128454,3,VNC_HTct_L,
720575941487659984,720575941588615052,3,VNC_HTct_L,
720575941487659984,720575941608991050,3,VNC_IntTct_R,
720575941487659984,720575941614889941,7,VNC_IntTct_R,
720575941487659984,720575941623108298,4,VNC_WTct_R,
720575941487659984,720575941663099516,5,VNC_HTct_L,
720575941488845287,720575941414456212,4,VNC_T2_MesoNm_L,
720575941488845287,720575941438748351,4,VNC_T1_ProNm_L,
720575941488845287,720575941515693315,6,VNC_T1_ProNm_L,
720575941488845287,720575941536351681,7,VNC_T1_ProNm_L,
720575941488845287,720575941548936253,6,VNC_T2_MesoNm_L,
720575941488845287,720575941560427379,3,VNC_T3_MetaNm_L,
720575941488845287,720575941562594194,3,VNC_T3_MetaNm_L,
720575941488845287,720575941602987510,3,VNC_ANm_L,
720575941488845287,720575941602987510,6,VNC_T3_MetaNm_L,
720575941488845287,720575941657510992,3,VNC_AMNp_L,
720575941488845287,720575941657510992,4,VNC_unassigned_L,
720575941489036494,720575941703131610,14,VNC_T1_ProNm_L,
720575941489083596,720575941402032240,3,VNC_NTct_R,
720575941489083596,720575941447887636,3,VNC_WTct_R,
720575941489083596,720575941449065565,3,VNC_WTct_R,
720575941489083596,720575941463655693,4,VNC_WTct_R,
720575941489083596,720575941485458754,4,VNC_HTct_L,
720575941489083596,720575941485458754,5,VNC_WTct_R,
720575941489083596,720575941519273944,16,VNC_WTct_R,
720575941489083596,720575941527099981,5,VNC_WTct_R,
720575941489083596,720575941532432618,3,VNC_WTct_R,
720575941489083596,720575941542282245,4,VNC_HTct_R,
720575941489083596,720575941561365906,3,VNC_HTct_L,
720575941489083596,720575941644900472,5,VNC_WTct_R,
720575941489195724,720575941501041643,5,VNC_NTct_L,
720575941489195724,720575941501041643,3,VNC_unassigned_L,
720575941489195724,720575941542900997,3,VNC_NTct_L,
720575941489195724,720575941642454885,4,VNC_NTct_L,
720575941489207605,720575941429543127,3,VNC_IntTct_R,
720575941489207605,720575941588615052,3,VNC_IntTct_R,
720575941489207605,720575941608310346,3,VNC_IntTct_R,
720575941489274057,720575941613433564,4,VNC_T1_ProNm_L,
720575941489377737,720575941535073770,5,VNC_IntTct_R,
720575941489377737,720575941544721844,3,VNC_HTct_R,
720575941489377737,720575941576941045,5,VNC_IntTct_R,
720575941489377737,720575941722082874,6,VNC_HTct_R,
720575941490071605,720575941436973586,6,VNC_HTct_L,
720575941490071605,720575941452168873,3,VNC_HTct_L,
720575941490071605,720575941554132225,5,VNC_HTct_L,
720575941490071605,720575941572851087,6,VNC_IntTct_L,
720575941490071605,720575941586402628,12,VNC_HTct_L,
720575941490071605,720575941601243321,3,VNC_IntTct_L,
720575941490416181,720575941438935131,4,VNC_unassigned_L,
720575941490416181,720575941450559566,37,VNC_T2_MesoNm_L,
720575941490416181,720575941452198707,8,VNC_unassigned_L,
720575941490416181,720575941474467633,16,VNC_T2_MesoNm_L,
720575941490416181,720575941555575332,3,VNC_unassigned_L,
720575941490416181,720575941590291084,3,VNC_T2_MesoNm_L,
720575941490416181,720575941610618982,3,VNC_unassigned_L,
720575941490416181,720575941649795057,3,VNC_T2_MesoNm_L,
720575941490535600,720575941477927042,4,VNC_NTct_L,
720575941490535600,720575941495356286,5,VNC_NTct_L,
720575941490535600,720575941547226248,3,VNC_NTct_L,
720575941490535600,720575941729980203,5,VNC_WTct_L,
720575941490590924,720575941466725206,3,VNC_LTct_R,
720575941490590924,720575941505536290,10,VNC_T3_MetaNm_L,
720575941490590924,720575941593245297,3,VNC_LTct_L,
720575941490590924,720575941610953446,5,VNC_LTct_R,
720575941490590924,720575941642411877,3,VNC_LTct_L,
720575941490590924,720575941657621272,3,VNC_LTct_R,
720575941490679497,720575941433032718,25,VNC_IntTct_L,
720575941490679497,720575941433032718,4,VNC_NTct_L,
720575941490679497,720575941569659806,6,VNC_IntTct_L,
720575941490717390,720575941411572847,3,VNC_HTct_R,
720575941490717390,720575941440872655,11,VNC_HTct_R,
720575941490717390,720575941447591246,3,VNC_NTct_R,
720575941490717390,720575941456348575,10,VNC_IntTct_R,
720575941490717390,720575941456348575,6,VNC_NTct_R,
720575941490717390,720575941460885005,7,VNC_HTct_R,
720575941490717390,720575941464768790,3,VNC_NTct_R,
720575941490717390,720575941472135179,12,VNC_IntTct_R,
720575941490717390,720575941472135179,20,VNC_NTct_R,
720575941490717390,720575941472561979,3,VNC_HTct_R,
720575941490717390,720575941472739168,5,VNC_HTct_R,
720575941490717390,720575941472739168,3,VNC_WTct_R,
720575941490717390,720575941476032542,4,VNC_HTct_R,
720575941490717390,720575941477616864,3,VNC_HTct_R,
720575941490717390,720575941480440262,5,VNC_HTct_R,
720575941490717390,720575941485377602,12,VNC_HTct_R,
720575941490717390,720575941488675276,3,VNC_HTct_R,
720575941490717390,720575941492308606,4,VNC_HTct_R,
720575941490717390,720575941492308606,6,VNC_IntTct_R,
720575941490717390,720575941495591291,4,VNC_HTct_R,
720575941490717390,720575941495591291,6,VNC_IntTct_R,
720575941490717390,720575941496289609,4,VNC_HTct_R,
720575941490717390,720575941496318793,3,VNC_HTct_R,
720575941490717390,720575941502578411,3,VNC_HTct_R,
720575941490717390,720575941512899427,4,VNC_IntTct_R,
720575941490717390,720575941512899427,13,VNC_NTct_R,
720575941490717390,720575941523994114,15,VNC_HTct_R,
720575941490717390,720575941524019970,5,VNC_NTct_R,
720575941490717390,720575941528356043,3,VNC_HTct_R,
720575941490717390,720575941528944568,9,VNC_HTct_R,
720575941490717390,720575941533138625,3,VNC_HTct_R,
720575941490717390,720575941533138625,3,VNC_IntTct_R,
720575941490717390,720575941533258689,4,VNC_IntTct_R,
720575941490717390,720575941533761050,10,VNC_IntTct_R,
720575941490717390,720575941537697149,4,VNC_HTct_R,
720575941490717390,720575941544688308,4,VNC_HTct_R,
720575941490717390,720575941545400508,9,VNC_HTct_R,
720575941490717390,720575941545400508,11,VNC_IntTct_R,
720575941490717390,720575941546491681,11,VNC_HTct_R,
720575941490717390,720575941549166079,3,VNC_HTct_R,
720575941490717390,720575941551579034,5,VNC_HTct_R,
720575941490717390,720575941555526436,12,VNC_IntTct_R,
720575941490717390,720575941555526436,7,VNC_NTct_R,
720575941490717390,720575941559954703,7,VNC_HTct_R,
720575941490717390,720575941567062260,3,VNC_HTct_R,
720575941490717390,720575941567062260,5,VNC_IntTct_R,
720575941490717390,720575941571492859,3,VNC_HTct_R,
720575941490717390,720575941574155003,4,VNC_HTct_R,
720575941490717390,720575941594515158,5,VNC_HTct_R,
720575941490717390,720575941595804828,3,VNC_HTct_R,
720575941490717390,720575941595804828,7,VNC_IntTct_R,
720575941490717390,720575941595804828,4,VNC_NTct_R,
720575941490717390,720575941604997997,4,VNC_HTct_R,
720575941490717390,720575941604997997,5,VNC_IntTct_R,
720575941490717390,720575941608310346,6,VNC_IntTct_R,
720575941490717390,720575941608817897,3,VNC_HTct_R,
720575941490717390,720575941609358310,11,VNC_HTct_R,
720575941490717390,720575941609358310,19,VNC_IntTct_R,
720575941490717390,720575941609481062,7,VNC_HTct_R,
720575941490717390,720575941613256211,3,VNC_HTct_R,
720575941490717390,720575941616420053,3,VNC_HTct_R,
720575941490717390,720575941617646805,10,VNC_HTct_R,
720575941490717390,720575941623284362,3,VNC_IntTct_R,
720575941490717390,720575941630301125,4,VNC_HTct_R,
720575941490717390,720575941650693905,8,VNC_HTct_R,
720575941490717390,720575941652038421,4,VNC_HTct_R,
720575941490717390,720575941659696184,4,VNC_HTct_R,
720575941490717390,720575941659696184,5,VNC_IntTct_R,
720575941490717390,720575941660856956,5,VNC_NTct_R,
720575941490717390,720575941667143601,3,VNC_IntTct_R,
720575941490717390,720575941679017405,5,VNC_HTct_R,
720575941490717390,720575941680033213,3,VNC_HTct_R,
720575941491012809,720575941460232147,11,VNC_T2_MesoNm_R,
720575941491012809,720575941498482043,6,VNC_IntTct_R,
720575941491012809,720575941547162292,4,VNC_T3_MetaNm_R,
720575941491012809,720575941612643174,4,VNC_ANm_R,
720575941491055820,720575941632025580,4,VNC_HTct_L,
720575941491055820,720575941632025580,3,VNC_unassigned_L,
720575941491065653,720575941460232147,11,VNC_T2_MesoNm_R,
720575941491065653,720575941547162292,4,VNC_T3_MetaNm_R,
720575941491126222,720575941612696934,3,VNC_ANm_R,
720575941491761895,720575941400818723,3,VNC_NTct_L,
720575941491761895,720575941414326161,4,VNC_IntTct_L,
720575941491761895,720575941429439959,3,VNC_T2_MesoNm_L,
720575941491761895,720575941433032718,11,VNC_IntTct_L,
720575941491761895,720575941450008391,5,VNC_HTct_L,
720575941491761895,720575941450576297,10,VNC_HTct_L,
720575941491761895,720575941450876794,4,VNC_HTct_L,
720575941491761895,720575941450876794,17,VNC_IntTct_L,
720575941491761895,720575941450876794,6,VNC_WTct_L,
720575941491761895,720575941457147206,24,VNC_IntTct_L,
720575941491761895,720575941457147206,4,VNC_WTct_L,
720575941491761895,720575941467578134,6,VNC_HTct_L,
720575941491761895,720575941470778944,3,VNC_HTct_L,
720575941491761895,720575941477166622,9,VNC_IntTct_L,
720575941491761895,720575941477166622,3,VNC_WTct_L,
720575941491761895,720575941500845035,8,VNC_IntTct_L,
720575941491761895,720575941501984651,3,VNC_IntTct_L,
720575941491761895,720575941503659970,3,VNC_HTct_L,
720575941491761895,720575941504039618,28,VNC_IntTct_L,
720575941491761895,720575941508542674,9,VNC_IntTct_L,
720575941491761895,720575941518125528,3,VNC_T3_MetaNm_L,
720575941491761895,720575941518407607,3,VNC_HTct_L,
720575941491761895,720575941518407607,9,VNC_IntTct_L,
720575941491761895,720575941519213016,4,VNC_IntTct_L,
720575941491761895,720575941524369945,15,VNC_HTct_L,
720575941491761895,720575941526764388,4,VNC_IntTct_L,
720575941491761895,720575941529916645,4,VNC_HTct_L,
720575941491761895,720575941540201933,3,VNC_T1_ProNm_L,
720575941491761895,720575941543669765,3,VNC_IntTct_L,
720575941491761895,720575941543669765,4,VNC_unassigned_L,
720575941491761895,720575941546065032,3,VNC_HTct_L,
720575941491761895,720575941549283839,6,VNC_HTct_L,
720575941491761895,720575941556372516,20,VNC_HTct_L,
720575941491761895,720575941569659806,15,VNC_IntTct_L,
720575941491761895,720575941569659806,3,VNC_NTct_L,
720575941491761895,720575941572851087,3,VNC_IntTct_L,
720575941491761895,720575941579219321,3,VNC_HTct_L,
720575941491761895,720575941583511518,10,VNC_IntTct_L,
720575941491761895,720575941588018942,4,VNC_HTct_L,
720575941491761895,720575941592428907,7,VNC_HTct_L,
720575941491761895,720575941601243321,8,VNC_IntTct_L,
720575941491761895,720575941610583260,8,VNC_HTct_L,
720575941491761895,720575941630111941,3,VNC_HTct_L,
720575941491761895,720575941630111941,5,VNC_WTct_L,
720575941491761895,720575941631975621,3,VNC_IntTct_L,
720575941491761895,720575941631975621,5,VNC_T1_ProNm_L,
720575941491761895,720575941632896453,33,VNC_IntTct_L,
720575941491761895,720575941632896453,5,VNC_WTct_L,
720575941491761895,720575941632896453,5,VNC_unassigned_L,
720575941491761895,720575941637874975,6,VNC_T2_MesoNm_L,
720575941491761895,720575941644234696,3,VNC_HTct_L,
720575941491761895,720575941687572492,3,VNC_IntTct_L,
720575941491761895,720575941723242042,10,VNC_IntTct_L,
720575941491807463,720575941461251027,4,VNC_T1_ProNm_R,
720575941491807463,720575941569585266,3,VNC_T1_ProNm_R,
720575941491972327,720575941400710435,12,VNC_HTct_R,
720575941491972327,720575941413990172,4,VNC_HTct_R,
720575941491972327,720575941429556655,4,VNC_IntTct_R,
720575941491972327,720575941430389006,3,VNC_IntTct_R,
720575941491972327,720575941432778638,4,VNC_IntTct_R,
720575941491972327,720575941436996882,3,VNC_IntTct_R,
720575941491972327,720575941441318591,30,VNC_IntTct_R,
720575941491972327,720575941441318591,13,VNC_NTct_R,
720575941491972327,720575941452315443,5,VNC_HTct_R,
720575941491972327,720575941456348575,74,VNC_IntTct_R,
720575941491972327,720575941457147206,4,VNC_IntTct_L,
720575941491972327,720575941468960576,6,VNC_IntTct_R,
720575941491972327,720575941477884802,68,VNC_HTct_R,
720575941491972327,720575941480550018,8,VNC_HTct_R,
720575941491972327,720575941502578411,8,VNC_HTct_R,
720575941491972327,720575941524369945,5,VNC_HTct_L,
720575941491972327,720575941537528050,4,VNC_HTct_R,
720575941491972327,720575941537719165,3,VNC_IntTct_R,
720575941491972327,720575941540205181,7,VNC_HTct_L,
720575941491972327,720575941559020270,6,VNC_HTct_L,
720575941491972327,720575941570823752,6,VNC_IntTct_R,
720575941491972327,720575941573956239,25,VNC_HTct_R,
720575941491972327,720575941575684953,4,VNC_HTct_R,
720575941491972327,720575941584808158,7,VNC_HTct_R,
720575941491972327,720575941586402628,7,VNC_HTct_L,
720575941491972327,720575941593615211,5,VNC_HTct_R,
720575941491972327,720575941593615211,17,VNC_IntTct_R,
720575941491972327,720575941601298617,6,VNC_HTct_R,
720575941491972327,720575941612053094,13,VNC_HTct_L,
720575941491972327,720575941612611993,4,VNC_IntTct_R,
720575941491972327,720575941632614587,7,VNC_IntTct_L,
720575941491972327,720575941653507801,7,VNC_HTct_L,
720575941491972327,720575941658602520,27,VNC_IntTct_R,
720575941491972327,720575941665603059,4,VNC_HTct_L,
720575941491972327,720575941688253080,4,VNC_IntTct_L,
720575941491972327,720575941723242042,5,VNC_HTct_L,
720575941491992807,720575941429283681,5,VNC_T2_MesoNm_L,
720575941491992807,720575941441993167,5,VNC_WTct_L,
720575941491992807,720575941450559566,104,VNC_T2_MesoNm_L,
720575941491992807,720575941453578409,33,VNC_T2_MesoNm_L,
720575941491992807,720575941474467633,3,VNC_T2_MesoNm_L,
720575941491992807,720575941488433870,3,VNC_NTct_L,
720575941491992807,720575941590291084,31,VNC_T2_MesoNm_L,
720575941491992807,720575941590291084,6,VNC_unassigned_L,
720575941491992807,720575941632698555,25,VNC_T2_MesoNm_L,
720575941491992807,720575941637874975,5,VNC_T2_MesoNm_L,
720575941491992807,720575941649795057,59,VNC_T2_MesoNm_L,
720575941491992807,720575941703131610,78,VNC_T1_ProNm_L,
720575941492328167,720575941461251027,6,VNC_T1_ProNm_R,
720575941492328167,720575941547164084,71,VNC_T2_MesoNm_R,
720575941492328167,720575941551947263,4,VNC_T1_ProNm_R,
720575941492328167,720575941559929615,22,VNC_T2_MesoNm_R,
720575941492328167,720575941560088814,4,VNC_T2_MesoNm_R,
720575941492588976,720575941442637519,5,VNC_T2_MesoNm_L,
720575941492588976,720575941470747968,3,VNC_T2_MesoNm_L,
720575941492588976,720575941506310309,5,VNC_T1_ProNm_L,
720575941492588976,720575941553551239,3,VNC_T2_MesoNm_L,
720575941492588976,720575941591285388,4,VNC_T2_MesoNm_L,
720575941492588976,720575941642411877,5,VNC_T2_MesoNm_L,
720575941492684208,720575941495592571,5,VNC_HTct_L,
720575941492684208,720575941508509569,14,VNC_HTct_L,
720575941492684208,720575941546773640,7,VNC_HTct_L,
720575941492684208,720575941547226248,7,VNC_NTct_L,
720575941492684208,720575941572851087,4,VNC_NTct_L,
720575941492684208,720575941580348753,4,VNC_HTct_L,
720575941492684208,720575941599444777,4,VNC_NTct_L,
720575941492684208,720575941614877397,3,VNC_IntTct_L,
720575941492697264,720575941399253283,8,VNC_IntTct_R,
720575941492697264,720575941409904495,3,VNC_IntTct_R,
720575941492697264,720575941429512151,3,VNC_IntTct_R,
720575941492697264,720575941429556655,11,VNC_IntTct_R,
720575941492697264,720575941439011279,4,VNC_IntTct_R,
720575941492697264,720575941449255290,7,VNC_HTct_R,
720575941492697264,720575941449255290,18,VNC_IntTct_R,
720575941492697264,720575941450876794,3,VNC_IntTct_R,
720575941492697264,720575941458334163,3,VNC_HTct_R,
720575941492697264,720575941460885005,3,VNC_HTct_R,
720575941492697264,720575941476032542,3,VNC_HTct_R,
720575941492697264,720575941481061629,3,VNC_IntTct_R,
720575941492697264,720575941489746663,4,VNC_IntTct_R,
720575941492697264,720575941495559291,4,VNC_IntTct_R,
720575941492697264,720575941495559291,4,VNC_WTct_R,
720575941492697264,720575941495591291,3,VNC_HTct_R,
720575941492697264,720575941495591291,4,VNC_IntTct_R,
720575941492697264,720575941503451301,6,VNC_HTct_R,
720575941492697264,720575941514065043,3,VNC_HTct_R,
720575941492697264,720575941532385624,3,VNC_HTct_R,
720575941492697264,720575941532385624,6,VNC_IntTct_R,
720575941492697264,720575941533138625,11,VNC_IntTct_R,
720575941492697264,720575941533761050,6,VNC_IntTct_R,
720575941492697264,720575941537697149,8,VNC_IntTct_R,
720575941492697264,720575941546491681,18,VNC_IntTct_R,
720575941492697264,720575941546731041,9,VNC_IntTct_R,
720575941492697264,720575941549735742,4,VNC_IntTct_R,
720575941492697264,720575941557294095,6,VNC_HTct_R,
720575941492697264,720575941557294095,10,VNC_IntTct_R,
720575941492697264,720575941557612915,3,VNC_HTct_R,
720575941492697264,720575941561304978,7,VNC_HTct_R,
720575941492697264,720575941566956532,10,VNC_IntTct_R,
720575941492697264,720575941570823752,3,VNC_HTct_R,
720575941492697264,720575941570823752,8,VNC_IntTct_R,
720575941492697264,720575941583169158,6,VNC_HTct_R,
720575941492697264,720575941586471646,4,VNC_IntTct_R,
720575941492697264,720575941592154582,3,VNC_HTct_R,
720575941492697264,720575941593615211,15,VNC_HTct_R,
720575941492697264,720575941593615211,30,VNC_IntTct_R,
720575941492697264,720575941595804828,6,VNC_IntTct_R,
720575941492697264,720575941604997997,3,VNC_HTct_R,
720575941492697264,720575941608287818,4,VNC_HTct_R,
720575941492697264,720575941608378698,5,VNC_IntTct_R,
720575941492697264,720575941608991050,8,VNC_HTct_R,
720575941492697264,720575941608991050,11,VNC_IntTct_R,
720575941492697264,720575941613256211,3,VNC_HTct_R,
720575941492697264,720575941623284362,3,VNC_IntTct_R,
720575941492697264,720575941625387321,3,VNC_HTct_R,
720575941492697264,720575941626940710,3,VNC_HTct_R,
720575941492697264,720575941626940710,11,VNC_IntTct_R,
720575941492697264,720575941630959035,9,VNC_IntTct_R,
720575941492697264,720575941649244949,3,VNC_IntTct_R,
720575941492697264,720575941657718552,20,VNC_IntTct_R,
720575941492697264,720575941658602520,6,VNC_HTct_R,
720575941492697264,720575941658602520,16,VNC_IntTct_R,
720575941492697264,720575941659696184,7,VNC_HTct_R,
720575941492697264,720575941659696184,5,VNC_WTct_R,
720575941493021104,720575941400710435,3,VNC_HTct_R,
720575941493021104,720575941458373587,6,VNC_NTct_R,
720575941493021104,720575941468966208,3,VNC_HTct_R,
720575941493021104,720575941477879426,3,VNC_unassigned_R,
720575941493021104,720575941529799608,6,VNC_HTct_R,
720575941493021104,720575941537528050,7,VNC_HTct_R,
720575941493021104,720575941559268723,3,VNC_HTct_R,
720575941493021104,720575941573956239,6,VNC_HTct_R,
720575941493021104,720575941575684953,5,VNC_HTct_R,
720575941493021104,720575941610493404,7,VNC_HTct_R,
720575941493021104,720575941644908408,11,VNC_HTct_R,
720575941493947006,720575941501041643,3,VNC_unassigned_L,
720575941493947006,720575941504505157,6,VNC_NTct_L,
720575941493947006,720575941506644540,8,VNC_NTct_L,
720575941493998464,720575941579868917,43,VNC_NTct_L,
720575941494925182,720575941491175399,4,VNC_T2_MesoNm_R,
720575941494925182,720575941501352535,30,VNC_T2_MesoNm_R,
720575941494925182,720575941586471646,11,VNC_T1_ProNm_R,
720575941494925182,720575941595919217,3,VNC_T2_MesoNm_R,
720575941494960254,720575941414508948,5,VNC_IntTct_L,
720575941494960254,720575941414508948,8,VNC_IntTct_R,
720575941494960254,720575941414508948,5,VNC_T1_ProNm_L,
720575941494960254,720575941414508948,9,VNC_T1_ProNm_R,
720575941494960254,720575941429439959,3,VNC_IntTct_R,
720575941494960254,720575941456244127,3,VNC_IntTct_R,
720575941494960254,720575941469724125,4,VNC_IntTct_L,
720575941494960254,720575941469724125,7,VNC_IntTct_R,
720575941494960254,720575941469724125,3,VNC_T1_ProNm_R,
720575941494960254,720575941472135179,9,VNC_IntTct_R,
720575941494960254,720575941512896099,5,VNC_IntTct_R,
720575941494960254,720575941515936505,4,VNC_LTct_R,
720575941494960254,720575941515936505,6,VNC_T2_MesoNm_R,
720575941494960254,720575941517717420,14,VNC_IntTct_R,
720575941494960254,720575941519230168,3,VNC_IntTct_R,
720575941494960254,720575941523112439,6,VNC_IntTct_L,
720575941494960254,720575941536368370,8,VNC_IntTct_R,
720575941494960254,720575941547901556,3,VNC_T2_MesoNm_R,
720575941494960254,720575941565531799,4,VNC_T3_MetaNm_R,
720575941494960254,720575941569585266,11,VNC_T1_ProNm_R,
720575941494960254,720575941576941045,8,VNC_IntTct_R,
720575941494960254,720575941576941045,4,VNC_LTct_R,
720575941494960254,720575941600259369,7,VNC_IntTct_R,
720575941494960254,720575941608310346,4,VNC_IntTct_R,
720575941494960254,720575941630933947,3,VNC_IntTct_R,
720575941494960254,720575941631841477,5,VNC_IntTct_R,
720575941494986951,720575941439197269,3,VNC_WTct_L,
720575941494986951,720575941450532174,4,VNC_WTct_R,
720575941494986951,720575941458789958,3,VNC_HTct_R,
720575941494986951,720575941463655693,4,VNC_WTct_R,
720575941494986951,720575941527099981,3,VNC_WTct_R,
720575941494986951,720575941530787203,3,VNC_WTct_L,
720575941494986951,720575941530787203,3,VNC_WTct_R,
720575941494986951,720575941618008447,4,VNC_HTct_L,
720575941495055486,720575941408456110,6,VNC_IntTct_R,
720575941495055486,720575941499725986,7,VNC_IntTct_R,
720575941495055486,720575941535047690,8,VNC_IntTct_R,
720575941495055486,720575941537501160,3,VNC_IntTct_R,
720575941495055486,720575941553520211,4,VNC_IntTct_R,
720575941495055486,720575941558343725,4,VNC_IntTct_R,
720575941495055486,720575941563254070,11,VNC_IntTct_R,
720575941495055486,720575941563254070,4,VNC_LTct_R,
720575941495055486,720575941566954228,7,VNC_IntTct_R,
720575941495055486,720575941571420667,9,VNC_IntTct_R,
720575941495055486,720575941652323289,3,VNC_IntTct_R,
720575941495266247,720575941586471646,3,VNC_T2_MesoNm_R,
720575941495266247,720575941623130314,18,VNC_T1_ProNm_R,
720575941495266247,720575941691013016,3,VNC_T2_MesoNm_R,
720575941495377280,720575941449255290,4,VNC_IntTct_R,
720575941495377280,720575941459554960,3,VNC_IntTct_R,
720575941495377280,720575941503451301,4,VNC_IntTct_R,
720575941495377280,720575941608991050,12,VNC_IntTct_R,
720575941495377280,720575941623284362,6,VNC_IntTct_R,
720575941495377280,720575941626940710,4,VNC_HTct_R,
720575941495377280,720575941658602520,5,VNC_IntTct_R,
720575941495775431,720575941458373587,8,VNC_NTct_R,
720575941495775431,720575941608310346,3,VNC_IntTct_R,
720575941495918665,720575941455940336,5,VNC_IntTct_L,
720575941495918665,720575941498935777,10,VNC_IntTct_L,
720575941495918665,720575941504039618,3,VNC_IntTct_L,
720575941495918665,720575941507793680,3,VNC_LTct_L,
720575941495918665,720575941559096302,5,VNC_IntTct_L,
720575941495918665,720575941570817352,3,VNC_IntTct_L,
720575941495918665,720575941625193354,3,VNC_IntTct_L,
720575941495918665,720575941653563153,19,VNC_IntTct_L,
720575941495998843,720575941400818723,3,VNC_NTct_L,
720575941495998843,720575941432005646,14,VNC_NTct_L,
720575941495998843,720575941438938175,6,VNC_HTct_L,
720575941495998843,720575941459926086,6,VNC_NTct_L,
720575941495998843,720575941468679947,3,VNC_WTct_L,
720575941495998843,720575941474806068,3,VNC_HTct_L,
720575941495998843,720575941477927042,4,VNC_NTct_L,
720575941495998843,720575941526764388,8,VNC_HTct_L,
720575941495998843,720575941526764388,3,VNC_IntTct_L,
720575941495998843,720575941526764388,4,VNC_NTct_L,
720575941495998843,720575941536657123,6,VNC_NTct_L,
720575941495998843,720575941554439251,3,VNC_NTct_L,
720575941495998843,720575941560632744,7,VNC_HTct_L,
720575941495998843,720575941566756602,3,VNC_WTct_L,
720575941495998843,720575941571524872,3,VNC_NTct_L,
720575941495998843,720575941574452623,6,VNC_HTct_L,
720575941495998843,720575941579262841,7,VNC_HTct_L,
720575941495998843,720575941581506143,10,VNC_WTct_L,
720575941495998843,720575941581683039,8,VNC_WTct_L,
720575941495998843,720575941589967159,5,VNC_HTct_L,
720575941495998843,720575941589967159,4,VNC_unassigned_L,
720575941495998843,720575941593965957,8,VNC_HTct_L,
720575941495998843,720575941606622317,11,VNC_HTct_L,
720575941495998843,720575941610056166,4,VNC_WTct_L,
720575941495998843,720575941625932682,3,VNC_NTct_L,
720575941495998843,720575941628426978,6,VNC_HTct_L,
720575941495998843,720575941669827505,9,VNC_HTct_L,
720575941495998843,720575941678544829,5,VNC_NTct_L,
720575941495998843,720575941700629722,3,VNC_HTct_L,
720575941496011719,720575941400818723,18,VNC_IntTct_L,
720575941496011719,720575941400818723,72,VNC_NTct_L,
720575941496011719,720575941400818723,18,VNC_unassigned_L,
720575941496011719,720575941429324897,6,VNC_HTct_L,
720575941496011719,720575941429556655,3,VNC_HTct_L,
720575941496011719,720575941431660937,3,VNC_HTct_L,
720575941496011719,720575941438938175,37,VNC_HTct_L,
720575941496011719,720575941449886791,7,VNC_HTct_L,
720575941496011719,720575941459926086,5,VNC_IntTct_L,
720575941496011719,720575941459926086,12,VNC_NTct_L,
720575941496011719,720575941468950592,3,VNC_T2_MesoNm_L,
720575941496011719,720575941473384234,8,VNC_HTct_L,
720575941496011719,720575941473850720,4,VNC_NTct_L,
720575941496011719,720575941474725684,5,VNC_WTct_L,
720575941496011719,720575941477297716,6,VNC_NTct_L,
720575941496011719,720575941477297716,3,VNC_unassigned_L,
720575941496011719,720575941477927042,21,VNC_HTct_L,
720575941496011719,720575941477927042,9,VNC_NTct_L,
720575941496011719,720575941477927042,9,VNC_WTct_L,
720575941496011719,720575941486866640,9,VNC_HTct_L,
720575941496011719,720575941489320757,4,VNC_HTct_L,
720575941496011719,720575941495356286,10,VNC_HTct_L,
720575941496011719,720575941495356286,3,VNC_NTct_L,
720575941496011719,720575941495356286,4,VNC_WTct_L,
720575941496011719,720575941501786930,4,VNC_HTct_L,
720575941496011719,720575941504505157,3,VNC_NTct_L,
720575941496011719,720575941512450371,8,VNC_T2_MesoNm_L,
720575941496011719,720575941512450371,8,VNC_WTct_L,
720575941496011719,720575941518466483,9,VNC_NTct_L,
720575941496011719,720575941518466483,4,VNC_unassigned_L,
720575941496011719,720575941523112439,11,VNC_IntTct_L,
720575941496011719,720575941523112439,38,VNC_NTct_L,
720575941496011719,720575941525725954,6,VNC_NTct_L,
720575941496011719,720575941526764388,7,VNC_HTct_L,
720575941496011719,720575941529746405,4,VNC_HTct_L,
720575941496011719,720575941536657123,7,VNC_NTct_L,
720575941496011719,720575941538289379,3,VNC_HTct_L,
720575941496011719,720575941546065032,3,VNC_HTct_L,
720575941496011719,720575941550878087,113,VNC_HTct_L,
720575941496011719,720575941557878287,4,VNC_HTct_L,
720575941496011719,720575941577217113,5,VNC_HTct_L,
720575941496011719,720575941579868917,6,VNC_HTct_L,
720575941496011719,720575941579868917,18,VNC_IntTct_L,
720575941496011719,720575941579868917,63,VNC_NTct_L,
720575941496011719,720575941579868917,3,VNC_WTct_L,
720575941496011719,720575941579868917,8,VNC_unassigned_L,
720575941496011719,720575941581506143,39,VNC_HTct_L,
720575941496011719,720575941581506143,3,VNC_IntTct_L,
720575941496011719,720575941581506143,3,VNC_WTct_L,
720575941496011719,720575941593189489,3,VNC_HTct_L,
720575941496011719,720575941595131175,5,VNC_NTct_L,
720575941496011719,720575941595131175,3,VNC_unassigned_L,
720575941496011719,720575941601209590,6,VNC_NTct_L,
720575941496011719,720575941601243321,3,VNC_IntTct_L,
720575941496011719,720575941601243321,10,VNC_NTct_L,
720575941496011719,720575941611080010,98,VNC_HTct_L,
720575941496011719,720575941611080010,11,VNC_IntTct_L,
720575941496011719,720575941611080010,5,VNC_T2_MesoNm_L,
720575941496011719,720575941611080010,10,VNC_WTct_L,
720575941496011719,720575941626753318,10,VNC_HTct_L,
720575941496011719,720575941628426978,24,VNC_HTct_L,
720575941496011719,720575941631436780,4,VNC_HTct_L,
720575941496011719,720575941656239440,3,VNC_HTct_L,
720575941496011719,720575941678358973,104,VNC_HTct_L,
720575941496011719,720575941678358973,3,VNC_unassigned_L,
720575941496011719,720575941700494042,10,VNC_HTct_L,
720575941496208071,720575941503526891,3,VNC_ANm_L,
720575941496208071,720575941512450371,3,VNC_T2_MesoNm_L,
720575941496208071,720575941551385371,14,VNC_T2_MesoNm_L,
720575941496426695,720575941405739823,4,VNC_WTct_L,
720575941496426695,720575941431311575,3,VNC_WTct_L,
720575941496426695,720575941494983806,4,VNC_ANm_L,
720575941496426695,720575941500983019,4,VNC_WTct_L,
720575941496426695,720575941527099981,3,VNC_HTct_L,
720575941496426695,720575941527099981,5,VNC_WTct_L,
720575941496426695,720575941530787203,3,VNC_HTct_L,
720575941496426695,720575941644900472,3,VNC_HTct_L,
720575941496676295,720575941400818723,5,VNC_NTct_L,
720575941496676295,720575941400818723,3,VNC_unassigned_L,
720575941496676295,720575941432005646,4,VNC_NTct_L,
720575941496676295,720575941433032718,5,VNC_HTct_L,
720575941496676295,720575941433032718,5,VNC_T3_MetaNm_L,
720575941496676295,720575941477297716,39,VNC_NTct_L,
720575941496676295,720575941477297716,6,VNC_T1_ProNm_L,
720575941496676295,720575941477297716,18,VNC_unassigned_L,
720575941496676295,720575941495356286,3,VNC_NTct_L,
720575941496676295,720575941523112439,9,VNC_NTct_L,
720575941496676295,720575941523112439,3,VNC_unassigned_L,
720575941496676295,720575941525725954,25,VNC_NTct_L,
720575941496676295,720575941525725954,4,VNC_unassigned_L,
720575941496676295,720575941536657123,7,VNC_NTct_L,
720575941496676295,720575941538289379,4,VNC_HTct_L,
720575941496676295,720575941550878087,13,VNC_HTct_L,
720575941496676295,720575941579868917,3,VNC_NTct_L,
720575941496676295,720575941595131175,12,VNC_NTct_L,
720575941496676295,720575941595131175,5,VNC_unassigned_L,
720575941496676295,720575941606622317,4,VNC_HTct_L,
720575941496676295,720575941611080010,5,VNC_HTct_L,
720575941496676295,720575941628426978,3,VNC_HTct_L,
720575941496676295,720575941678358973,4,VNC_HTct_L,
720575941496684672,720575941429283681,9,VNC_T2_MesoNm_L,
720575941496684672,720575941429439959,5,VNC_LTct_L,
720575941496684672,720575941429439959,5,VNC_T2_MesoNm_L,
720575941496684672,720575941450628218,3,VNC_IntTct_R,
720575941496684672,720575941511275986,3,VNC_IntTct_R,
720575941496684672,720575941537166997,5,VNC_T1_ProNm_L,
720575941496684672,720575941537166997,11,VNC_T2_MesoNm_L,
720575941496684672,720575941537501160,8,VNC_LTct_L,
720575941496684672,720575941537501160,3,VNC_LTct_R,
720575941496684672,720575941559947279,3,VNC_T1_ProNm_L,
720575941496684672,720575941559947279,3,VNC_T2_MesoNm_L,
720575941496684672,720575941566802170,4,VNC_T1_ProNm_R,
720575941496684672,720575941579804661,5,VNC_IntTct_R,
720575941496684672,720575941579804661,3,VNC_T2_MesoNm_R,
720575941496684672,720575941632698555,10,VNC_T2_MesoNm_L,
720575941496684672,720575941640900453,4,VNC_IntTct_R,
720575941496684672,720575941640900453,3,VNC_LTct_R,
720575941496684672,720575941640900453,7,VNC_T2_MesoNm_R,
720575941496684672,720575941649795057,3,VNC_T2_MesoNm_L,
720575941496731042,720575941451768391,4,VNC_T2_MesoNm_L,
720575941496731042,720575941552487169,3,VNC_T2_MesoNm_L,
720575941496731042,720575941572444830,3,VNC_T2_MesoNm_L,
720575941496731042,720575941630302405,3,VNC_T2_MesoNm_L,
720575941496919168,720575941401776931,3,VNC_IntTct_R,
720575941496919168,720575941458334163,3,VNC_HTct_R,
720575941496919168,720575941474334779,9,VNC_HTct_R,
720575941496919168,720575941474334779,4,VNC_IntTct_R,
720575941496919168,720575941476032542,3,VNC_IntTct_R,
720575941496919168,720575941495591291,3,VNC_IntTct_R,
720575941496919168,720575941503451301,13,VNC_HTct_R,
720575941496919168,720575941503451301,5,VNC_IntTct_R,
720575941496919168,720575941532246762,3,VNC_HTct_R,
720575941496919168,720575941532246762,11,VNC_IntTct_R,
720575941496919168,720575941557612915,7,VNC_HTct_R,
720575941496919168,720575941557612915,51,VNC_IntTct_R,
720575941496919168,720575941559929615,4,VNC_T2_MesoNm_R,
720575941496919168,720575941608310346,19,VNC_IntTct_R,
720575941496919168,720575941608991050,6,VNC_HTct_R,
720575941496919168,720575941608991050,16,VNC_IntTct_R,
720575941496919168,720575941623108298,7,VNC_IntTct_R,
720575941496919168,720575941623130314,12,VNC_IntTct_R,
720575941496919168,720575941640892517,3,VNC_HTct_R,
720575941496919168,720575941640892517,7,VNC_IntTct_R,
720575941496919168,720575941659696184,4,VNC_HTct_R,
720575941497322880,720575941408456110,4,VNC_IntTct_R,
720575941497322880,720575941414508948,7,VNC_IntTct_L,
720575941497322880,720575941414508948,7,VNC_IntTct_R,
720575941497322880,720575941414508948,14,VNC_T1_ProNm_L,
720575941497322880,720575941414508948,11,VNC_T1_ProNm_R,
720575941497322880,720575941457802480,3,VNC_IntTct_R,
720575941497322880,720575941457802480,5,VNC_LTct_R,
720575941497322880,720575941469724125,5,VNC_IntTct_L,
720575941497322880,720575941469724125,7,VNC_IntTct_R,
720575941497322880,720575941469724125,4,VNC_LTct_R,
720575941497322880,720575941469724125,4,VNC_T1_ProNm_L,
720575941497322880,720575941469724125,12,VNC_T1_ProNm_R,
720575941497322880,720575941474741819,5,VNC_IntTct_L,
720575941497322880,720575941474741819,4,VNC_LTct_L,
720575941497322880,720575941499725986,3,VNC_IntTct_R,
720575941497322880,720575941505536290,6,VNC_T3_MetaNm_R,
720575941497322880,720575941508255266,6,VNC_IntTct_L,
720575941497322880,720575941508255266,4,VNC_LTct_L,
720575941497322880,720575941511275986,4,VNC_LTct_R,
720575941497322880,720575941535047690,9,VNC_IntTct_L,
720575941497322880,720575941535047690,7,VNC_IntTct_R,
720575941497322880,720575941535047690,3,VNC_LTct_R,
720575941497322880,720575941537501160,4,VNC_IntTct_L,
720575941497322880,720575941537501160,5,VNC_IntTct_R,
720575941497322880,720575941559947279,3,VNC_IntTct_L,
720575941497322880,720575941563254070,4,VNC_IntTct_R,
720575941497322880,720575941566802170,5,VNC_IntTct_R,
720575941497322880,720575941579027321,6,VNC_IntTct_R,
720575941497322880,720575941579027321,3,VNC_LTct_R,
720575941497322880,720575941609429350,3,VNC_IntTct_R,
720575941497322880,720575941642936696,12,VNC_IntTct_R,
720575941498434683,720575941477166622,4,VNC_IntTct_L,
720575941498434683,720575941569659806,10,VNC_IntTct_L,
720575941498434683,720575941630111941,8,VNC_IntTct_L,
720575941498444155,720575941500845035,10,VNC_WTct_L,
720575941498444155,720575941500983019,3,VNC_HTct_L,
720575941498444155,720575941505987713,5,VNC_HTct_L,
720575941498444155,720575941505987713,4,VNC_WTct_L,
720575941498444155,720575941526690841,10,VNC_HTct_L,
720575941498444155,720575941526690841,10,VNC_WTct_L,
720575941498444155,720575941535001010,3,VNC_HTct_L,
720575941498444155,720575941562134829,5,VNC_NTct_L,
720575941498444155,720575941562134829,17,VNC_WTct_L,
720575941498444155,720575941575681718,3,VNC_WTct_L,
720575941498444155,720575941595766428,4,VNC_WTct_L,
720575941498984161,720575941456667373,5,VNC_T1_ProNm_R,
720575941498998395,720575941498948425,15,VNC_WTct_R,
720575941498998395,720575941504389655,6,VNC_WTct_R,
720575941498998395,720575941561365906,10,VNC_WTct_R,
720575941498998395,720575941571971229,3,VNC_WTct_R,
720575941498998395,720575941656527128,3,VNC_IntTct_R,
720575941498998395,720575941656527128,4,VNC_WTct_R,
720575941499166281,720575941501984651,8,VNC_IntTct_R,
720575941499166281,720575941501984651,6,VNC_T3_MetaNm_R,
720575941499166281,720575941524353049,5,VNC_T2_MesoNm_R,
720575941499166281,720575941559929615,6,VNC_T2_MesoNm_R,
720575941499708745,720575941414303377,4,VNC_ANm_L,
720575941500700139,720575941411765140,3,VNC_IntTct_L,
720575941500700139,720575941465484566,4,VNC_HTct_L,
720575941500700139,720575941465484566,5,VNC_IntTct_L,
720575941500700139,720575941465484566,4,VNC_LTct_L,
720575941500700139,720575941473850720,3,VNC_IntTct_L,
720575941500700139,720575941481012989,4,VNC_IntTct_L,
720575941500700139,720575941501041643,5,VNC_IntTct_L,
720575941500700139,720575941542900997,3,VNC_IntTct_L,
720575941500700139,720575941572251144,15,VNC_IntTct_L,
720575941500700139,720575941583128454,4,VNC_HTct_L,
720575941500700139,720575941583128454,7,VNC_IntTct_L,
720575941500700139,720575941601209590,5,VNC_IntTct_L,
720575941500700139,720575941630748859,3,VNC_IntTct_L,
720575941500700139,720575941649244437,3,VNC_IntTct_L,
720575941500839147,720575941429543127,5,VNC_IntTct_L,
720575941500839147,720575941506644540,6,VNC_IntTct_L,
720575941500839147,720575941523112439,4,VNC_NTct_L,
720575941500839147,720575941630111941,4,VNC_IntTct_L,
720575941500839147,720575941653563153,3,VNC_IntTct_L,
720575941501552983,720575941474437681,3,VNC_unassigned_R,
720575941501552983,720575941474640682,3,VNC_WTct_R,
720575941501552983,720575941494983806,3,VNC_T3_MetaNm_L,
720575941501552983,720575941497887817,3,VNC_WTct_R,
720575941501552983,720575941521986227,4,VNC_IntTct_L,
720575941501552983,720575941521986227,3,VNC_NTct_L,
720575941501552983,720575941536368370,3,VNC_HTct_R,
720575941501552983,720575941542282245,4,VNC_unassigned_R,
720575941501552983,720575941551384091,8,VNC_WTct_R,
720575941501552983,720575941571975496,3,VNC_WTct_L,
720575941501552983,720575941604997997,3,VNC_HTct_R,
720575941501552983,720575941663099516,3,VNC_HTct_L,
720575941501635927,720575941504389655,9,VNC_WTct_L,
720575941501635927,720575941505225266,3,VNC_WTct_L,
720575941501635927,720575941526718564,3,VNC_unassigned_L,
720575941501635927,720575941691313115,6,VNC_WTct_L,
720575941502004107,720575941442637519,5,VNC_T2_MesoNm_L,
720575941502004107,720575941501002731,6,VNC_IntTct_L,
720575941502004107,720575941512450371,3,VNC_T2_MesoNm_L,
720575941502004107,720575941551385371,9,VNC_T2_MesoNm_L,
720575941502004107,720575941552620543,13,VNC_T2_MesoNm_L,
720575941502004107,720575941553551239,4,VNC_IntTct_L,
720575941502004107,720575941600259369,3,VNC_T2_MesoNm_L,
720575941502004107,720575941637874975,9,VNC_T2_MesoNm_L,
720575941502004107,720575941652640273,3,VNC_T2_MesoNm_L,
720575941502262411,720575941439063503,4,VNC_WTct_L,
720575941502262411,720575941477297716,11,VNC_NTct_L,
720575941502262411,720575941512450371,13,VNC_T2_MesoNm_L,
720575941502262411,720575941512450371,3,VNC_WTct_L,
720575941502262411,720575941551385371,3,VNC_T2_MesoNm_L,
720575941502262411,720575941572444830,3,VNC_T2_MesoNm_L,
720575941502273419,720575941460232147,4,VNC_T2_MesoNm_R,
720575941502273419,720575941532246762,3,VNC_IntTct_R,
720575941502273419,720575941534040754,5,VNC_T3_MetaNm_R,
720575941502273419,720575941551947263,19,VNC_IntTct_R,
720575941502273419,720575941551947263,4,VNC_LTct_R,
720575941502273419,720575941551947263,18,VNC_T1_ProNm_R,
720575941502273419,720575941580604661,7,VNC_LTct_R,
720575941502273419,720575941580604661,3,VNC_T1_ProNm_R,
720575941502273419,720575941580604661,5,VNC_T2_MesoNm_R,
720575941502273419,720575941595871424,4,VNC_LTct_R,
720575941502273419,720575941627995705,5,VNC_T2_MesoNm_R,
720575941502273419,720575941731613483,3,VNC_T3_MetaNm_R,
720575941502628695,720575941445324052,3,VNC_HTct_R,
720575941502628695,720575941474482737,5,VNC_HTct_R,
720575941502628695,720575941501721138,8,VNC_HTct_R,
720575941502628695,720575941528944568,10,VNC_HTct_R,
720575941502628695,720575941528944568,7,VNC_IntTct_R,
720575941502628695,720575941546321076,4,VNC_HTct_R,
720575941502628695,720575941547178164,5,VNC_HTct_R,
720575941502628695,720575941551321371,12,VNC_NTct_R,
720575941502628695,720575941567126130,3,VNC_HTct_R,
720575941502628695,720575941609001034,21,VNC_NTct_R,
720575941502628695,720575941652647185,5,VNC_HTct_R,
720575941502628695,720575941652647185,3,VNC_NTct_R,
720575941502628695,720575941652647185,3,VNC_T1_ProNm_R,
720575941502628695,720575941665522419,10,VNC_HTct_R,
720575941502628695,720575941684992751,10,VNC_HTct_R,
720575941502628695,720575941684992751,3,VNC_IntTct_R,
720575941502628695,720575941731613483,5,VNC_HTct_R,
720575941502715019,720575941551947263,3,VNC_T1_mVAC_R,
720575941502734475,720575941499725986,3,VNC_LTct_R,
720575941502734475,720575941505536290,4,VNC_ANm_R,
720575941502734475,720575941519453038,3,VNC_IntTct_R,
720575941502734475,720575941595871424,4,VNC_IntTct_R,
720575941502734475,720575941595871424,5,VNC_LTct_R,
720575941502734475,720575941625907769,4,VNC_IntTct_R,
720575941502734475,720575941625907769,3,VNC_LTct_R,
720575941502734475,720575941625907769,3,VNC_unassigned_R,
720575941502734475,720575941642936696,4,VNC_IntTct_R,
720575941502734475,720575941642936696,4,VNC_LTct_R,
720575941503131371,720575941474426929,3,VNC_HTct_L,
720575941503461867,720575941470747968,6,VNC_T2_MesoNm_L,
720575941503461867,720575941567108722,4,VNC_WTct_L,
720575941503461867,720575941632698555,9,VNC_T2_MesoNm_L,
720575941503461867,720575941642411877,18,VNC_T2_MesoNm_L,
720575941503461867,720575941649795057,7,VNC_T2_MesoNm_L,
720575941503461867,720575941670593703,5,VNC_T2_MesoNm_L,
720575941503507435,720575941411765140,10,VNC_LTct_L,
720575941503507435,720575941430016905,13,VNC_LTct_L,
720575941503507435,720575941449245818,3,VNC_LTct_L,
720575941503507435,720575941457802480,13,VNC_LTct_L,
720575941503507435,720575941461636804,6,VNC_LTct_L,
720575941503507435,720575941474741819,19,VNC_LTct_L,
720575941503507435,720575941506310309,4,VNC_LTct_L,
720575941503507435,720575941511393233,7,VNC_LTct_L,
720575941503507435,720575941519453038,6,VNC_LTct_L,
720575941503507435,720575941528086660,3,VNC_IntTct_L,
720575941503507435,720575941528086660,7,VNC_LTct_L,
720575941503507435,720575941534996146,11,VNC_LTct_L,
720575941503507435,720575941541740829,42,VNC_LTct_L,
720575941503507435,720575941551625626,3,VNC_LTct_L,
720575941503507435,720575941551947263,30,VNC_LTct_L,
720575941503507435,720575941558290980,4,VNC_LTct_L,
720575941503507435,720575941571906717,3,VNC_LTct_L,
720575941503507435,720575941594821334,3,VNC_LTct_L,
720575941503507435,720575941595871424,3,VNC_LTct_L,
720575941503507435,720575941615272601,7,VNC_LTct_L,
720575941503507435,720575941623972251,18,VNC_LTct_L,
720575941503528171,720575941414026524,3,VNC_WTct_R,
720575941503528171,720575941431311575,4,VNC_WTct_R,
720575941503528171,720575941442374058,3,VNC_HTct_R,
720575941503528171,720575941456348575,3,VNC_WTct_R,
720575941503528171,720575941483787405,3,VNC_HTct_R,
720575941503528171,720575941485458754,3,VNC_HTct_L,
720575941503528171,720575941485458754,11,VNC_WTct_R,
720575941503528171,720575941485775110,3,VNC_WTct_L,
720575941503528171,720575941489037031,3,VNC_WTct_R,
720575941503528171,720575941500983019,3,VNC_WTct_R,
720575941503528171,720575941507280965,3,VNC_WTct_R,
720575941503528171,720575941516099500,4,VNC_WTct_R,
720575941503528171,720575941527099981,5,VNC_HTct_R,
720575941503528171,720575941527099981,3,VNC_WTct_L,
720575941503528171,720575941527099981,7,VNC_WTct_R,
720575941503528171,720575941530787203,3,VNC_HTct_R,
720575941503528171,720575941533234954,4,VNC_WTct_R,
720575941503528171,720575941535952577,3,VNC_HTct_L,
720575941503528171,720575941535952577,4,VNC_HTct_R,
720575941503528171,720575941535952577,10,VNC_WTct_R,
720575941503528171,720575941542282245,4,VNC_WTct_R,
720575941503528171,720575941544696756,4,VNC_HTct_L,
720575941503528171,720575941551588506,3,VNC_HTct_R,
720575941503528171,720575941551588506,3,VNC_WTct_R,
720575941503528171,720575941554049307,3,VNC_WTct_L,
720575941503528171,720575941594160421,5,VNC_WTct_R,
720575941503528171,720575941595766428,3,VNC_WTct_R,
720575941503528171,720575941644900472,5,VNC_WTct_R,
720575941503528171,720575941652536593,5,VNC_WTct_R,
720575941503549931,720575941399309603,6,VNC_IntTct_L,
720575941503549931,720575941400818723,7,VNC_IntTct_L,
720575941503549931,720575941400818723,13,VNC_NTct_L,
720575941503549931,720575941433032718,6,VNC_IntTct_L,
720575941503549931,720575941433032718,7,VNC_NTct_L,
720575941503549931,720575941450876794,4,VNC_HTct_L,
720575941503549931,720575941450876794,3,VNC_IntTct_L,
720575941503549931,720575941457147206,9,VNC_HTct_L,
720575941503549931,720575941457147206,25,VNC_IntTct_L,
720575941503549931,720575941457147206,11,VNC_NTct_L,
720575941503549931,720575941459514512,3,VNC_HTct_L,
720575941503549931,720575941464073558,6,VNC_IntTct_L,
720575941503549931,720575941467216093,3,VNC_HTct_L,
720575941503549931,720575941467216093,9,VNC_IntTct_L,
720575941503549931,720575941472573499,4,VNC_HTct_L,
720575941503549931,720575941477166622,4,VNC_HTct_L,
720575941503549931,720575941477166622,41,VNC_IntTct_L,
720575941503549931,720575941477166622,44,VNC_NTct_L,
720575941503549931,720575941501129047,3,VNC_HTct_L,
720575941503549931,720575941504563781,5,VNC_HTct_L,
720575941503549931,720575941508542674,4,VNC_HTct_L,
720575941503549931,720575941513177091,3,VNC_HTct_L,
720575941503549931,720575941513177091,6,VNC_IntTct_L,
720575941503549931,720575941516590552,3,VNC_IntTct_L,
720575941503549931,720575941517764824,5,VNC_HTct_L,
720575941503549931,720575941520333047,8,VNC_HTct_L,
720575941503549931,720575941520333047,3,VNC_IntTct_L,
720575941503549931,720575941523112439,7,VNC_NTct_L,
720575941503549931,720575941524369945,14,VNC_HTct_L,
720575941503549931,720575941529746405,4,VNC_HTct_L,
720575941503549931,720575941537600973,3,VNC_HTct_L,
720575941503549931,720575941546065032,16,VNC_HTct_L,
720575941503549931,720575941549283839,12,VNC_HTct_L,
720575941503549931,720575941570324126,5,VNC_HTct_L,
720575941503549931,720575941572251144,15,VNC_HTct_L,
720575941503549931,720575941572251144,9,VNC_IntTct_L,
720575941503549931,720575941572859535,3,VNC_HTct_L,
720575941503549931,720575941576014774,5,VNC_IntTct_L,
720575941503549931,720575941576014774,10,VNC_NTct_L,
720575941503549931,720575941577217113,4,VNC_HTct_L,
720575941503549931,720575941579868917,14,VNC_NTct_L,
720575941503549931,720575941583128454,41,VNC_HTct_L,
720575941503549931,720575941583128454,19,VNC_IntTct_L,
720575941503549931,720575941583511518,4,VNC_IntTct_L,
720575941503549931,720575941591285388,12,VNC_HTct_L,
720575941503549931,720575941591285388,11,VNC_IntTct_L,
720575941503549931,720575941601088441,3,VNC_HTct_L,
720575941503549931,720575941601092537,9,VNC_HTct_L,
720575941503549931,720575941601092537,7,VNC_IntTct_L,
720575941503549931,720575941653563153,5,VNC_IntTct_L,
720575941503767127,720575941431166679,5,VNC_T2_MesoNm_R,
720575941503767127,720575941450696029,8,VNC_T2_MesoNm_R,
720575941503767127,720575941486560774,4,VNC_T2_MesoNm_R,
720575941503767127,720575941491175399,8,VNC_T2_MesoNm_R,
720575941503767127,720575941559929615,4,VNC_T2_MesoNm_R,
720575941503767127,720575941652323289,7,VNC_IntTct_R,
720575941504090162,720575941446992565,10,VNC_WTct_L,
720575941504090162,720575941495356286,3,VNC_unassigned_L,
720575941504090162,720575941512450371,3,VNC_T2_MesoNm_L,
720575941504090162,720575941523112439,3,VNC_NTct_L,
720575941504090162,720575941523112439,3,VNC_T1_ProNm_L,
720575941504090162,720575941567639922,3,VNC_WTct_L,
720575941504328791,720575941402059632,10,VNC_IntTct_R,
720575941504328791,720575941411765140,3,VNC_IntTct_R,
720575941504328791,720575941411791764,7,VNC_IntTct_R,
720575941504328791,720575941429439959,3,VNC_IntTct_L,
720575941504328791,720575941440620379,3,VNC_WTct_L,
720575941504328791,720575941441318591,11,VNC_IntTct_R,
720575941504328791,720575941442347178,4,VNC_HTct_R,
720575941504328791,720575941447887636,3,VNC_WTct_L,
720575941504328791,720575941447887636,3,VNC_unassigned_R,
720575941504328791,720575941453962221,3,VNC_IntTct_R,
720575941504328791,720575941457686256,3,VNC_IntTct_L,
720575941504328791,720575941457686512,4,VNC_IntTct_L,
720575941504328791,720575941457686512,5,VNC_WTct_L,
720575941504328791,720575941457686512,4,VNC_unassigned_L,
720575941504328791,720575941467252189,18,VNC_IntTct_L,
720575941504328791,720575941467252189,8,VNC_IntTct_R,
720575941504328791,720575941467252189,3,VNC_LTct_R,
720575941504328791,720575941467252189,10,VNC_WTct_L,
720575941504328791,720575941467252189,5,VNC_unassigned_L,
720575941504328791,720575941474704948,3,VNC_HTct_L,
720575941504328791,720575941474704948,5,VNC_HTct_R,
720575941504328791,720575941474704948,3,VNC_WTct_R,
720575941504328791,720575941474704948,3,VNC_unassigned_R,
720575941504328791,720575941477927042,3,VNC_HTct_L,
720575941504328791,720575941482029251,5,VNC_HTct_L,
720575941504328791,720575941482029251,16,VNC_HTct_R,
720575941504328791,720575941482029251,4,VNC_WTct_L,
720575941504328791,720575941483787405,3,VNC_HTct_R,
720575941504328791,720575941492354174,3,VNC_HTct_R,
720575941504328791,720575941495356286,8,VNC_HTct_L,
720575941504328791,720575941512896099,15,VNC_IntTct_R,
720575941504328791,720575941515612051,3,VNC_IntTct_L,
720575941504328791,720575941515612051,4,VNC_unassigned_R,
720575941504328791,720575941516776558,7,VNC_IntTct_L,
720575941504328791,720575941516776558,5,VNC_IntTct_R,
720575941504328791,720575941516776558,4,VNC_WTct_R,
720575941504328791,720575941518439347,3,VNC_IntTct_R,
720575941504328791,720575941519213016,3,VNC_WTct_L,
720575941504328791,720575941519230168,3,VNC_IntTct_R,
720575941504328791,720575941519230168,5,VNC_unassigned_R,
720575941504328791,720575941524196683,5,VNC_WTct_R,
720575941504328791,720575941533682714,6,VNC_HTct_R,
720575941504328791,720575941533682714,4,VNC_WTct_L,
720575941504328791,720575941537881981,4,VNC_IntTct_R,
720575941504328791,720575941537881981,6,VNC_WTct_R,
720575941504328791,720575941547347316,3,VNC_WTct_R,
720575941504328791,720575941551321371,3,VNC_HTct_R,
720575941504328791,720575941560082158,5,VNC_HTct_L,
720575941504328791,720575941560082158,4,VNC_HTct_R,
720575941504328791,720575941560082158,5,VNC_WTct_L,
720575941504328791,720575941560082158,5,VNC_unassigned_L,
720575941504328791,720575941560082158,5,VNC_unassigned_R,
720575941504328791,720575941564417024,4,VNC_T3_MetaNm_R,
720575941504328791,720575941565459095,3,VNC_WTct_R,
720575941504328791,720575941565495655,6,VNC_HTct_R,
720575941504328791,720575941565495655,4,VNC_WTct_R,
720575941504328791,720575941569707422,7,VNC_HTct_L,
720575941504328791,720575941571906717,3,VNC_IntTct_R,
720575941504328791,720575941575800153,6,VNC_HTct_R,
720575941504328791,720575941581637215,3,VNC_IntTct_R,
720575941504328791,720575941583588830,42,VNC_IntTct_R,
720575941504328791,720575941583588830,9,VNC_LTct_R,
720575941504328791,720575941583588830,18,VNC_WTct_R,
720575941504328791,720575941583588830,15,VNC_unassigned_R,
720575941504328791,720575941587367991,7,VNC_HTct_R,
720575941504328791,720575941587367991,3,VNC_IntTct_R,
720575941504328791,720575941594821334,3,VNC_IntTct_R,
720575941504328791,720575941595757724,3,VNC_IntTct_L,
720575941504328791,720575941595766428,6,VNC_IntTct_L,
720575941504328791,720575941595766428,3,VNC_WTct_L,
720575941504328791,720575941595768476,4,VNC_WTct_R,
720575941504328791,720575941604967789,4,VNC_HTct_L,
720575941504328791,720575941604967789,4,VNC_HTct_R,
720575941504328791,720575941604967789,4,VNC_IntTct_L,
720575941504328791,720575941604967789,3,VNC_WTct_R,
720575941504328791,720575941607605101,16,VNC_IntTct_R,
720575941504328791,720575941616556245,4,VNC_HTct_R,
720575941504328791,720575941631841477,7,VNC_IntTct_R,
720575941504328791,720575941657621272,3,VNC_IntTct_R,
720575941504328791,720575941658602520,7,VNC_IntTct_R,
720575941504328791,720575941665455347,3,VNC_WTct_R,
720575941504328791,720575941668315891,3,VNC_unassigned_R,
720575941504331607,720575941456678893,3,VNC_NTct_L,
720575941504331607,720575941498935777,6,VNC_NTct_L,
720575941504331607,720575941498935777,4,VNC_NTct_R,
720575941504331607,720575941498935777,3,VNC_WTct_R,
720575941504331607,720575941498935777,8,VNC_unassigned_R,
720575941504331607,720575941512896099,3,VNC_WTct_R,
720575941504331607,720575941516776558,3,VNC_IntTct_R,
720575941504331607,720575941519213016,3,VNC_WTct_R,
720575941504331607,720575941524196683,5,VNC_WTct_R,
720575941504331607,720575941524280857,5,VNC_NTct_L,
720575941504331607,720575941583595486,4,VNC_NTct_L,
720575941504331607,720575941631436524,4,VNC_NTct_R,
720575941504331607,720575941653563153,3,VNC_IntTct_R,
720575941504331607,720575941653563153,3,VNC_NTct_L,
720575941504331607,720575941653563153,3,VNC_NTct_R,
720575941504331607,720575941653563153,4,VNC_WTct_R,
720575941504459458,720575941533758234,6,VNC_T2_MesoNm_R,
720575941504526386,720575941504386327,3,VNC_IntTct_R,
720575941504526386,720575941595871424,40,VNC_IntTct_L,
720575941504526386,720575941595871424,13,VNC_LTct_L,
720575941504526386,720575941595871424,36,VNC_T1_ProNm_L,
720575941504526386,720575941595871424,11,VNC_T2_MesoNm_L,
720575941504526386,720575941595871424,6,VNC_unassigned_L,
720575941504526386,720575941625907769,56,VNC_IntTct_R,
720575941504526386,720575941625907769,20,VNC_LTct_R,
720575941504526386,720575941625907769,37,VNC_T1_ProNm_R,
720575941504526386,720575941625907769,10,VNC_T2_MesoNm_R,
720575941504526386,720575941625907769,8,VNC_WTct_R,
720575941504526386,720575941625907769,6,VNC_unassigned_R,
720575941504526386,720575941689397656,3,VNC_T1_ProNm_R,
720575941504652482,720575941390273796,6,VNC_HTct_L,
720575941504652482,720575941390273796,3,VNC_WTct_R,
720575941504652482,720575941390660502,10,VNC_IntTct_L,
720575941504652482,720575941390660502,7,VNC_WTct_L,
720575941504652482,720575941399264291,3,VNC_IntTct_L,
720575941504652482,720575941404452720,6,VNC_WTct_L,
720575941504652482,720575941413872924,3,VNC_WTct_R,
720575941504652482,720575941413920540,3,VNC_HTct_R,
720575941504652482,720575941414326161,4,VNC_IntTct_L,
720575941504652482,720575941429324641,6,VNC_HTct_L,
720575941504652482,720575941429361249,4,VNC_IntTct_L,
720575941504652482,720575941429361249,3,VNC_WTct_L,
720575941504652482,720575941431072137,4,VNC_NTct_L,
720575941504652482,720575941432002574,3,VNC_HTct_R,
720575941504652482,720575941432002574,4,VNC_IntTct_R,
720575941504652482,720575941432778638,9,VNC_IntTct_R,
720575941504652482,720575941436378898,8,VNC_HTct_L,
720575941504652482,720575941438710719,4,VNC_HTct_L,
720575941504652482,720575941438710719,3,VNC_WTct_R,
720575941504652482,720575941439063503,4,VNC_HTct_L,
720575941504652482,720575941440620379,3,VNC_IntTct_L,
720575941504652482,720575941440620379,4,VNC_WTct_L,
720575941504652482,720575941442347178,4,VNC_HTct_R,
720575941504652482,720575941442926762,4,VNC_HTct_L,
720575941504652482,720575941447591246,6,VNC_NTct_R,
720575941504652482,720575941447591246,3,VNC_WTct_R,
720575941504652482,720575941450101063,3,VNC_unassigned_L,
720575941504652482,720575941450532174,3,VNC_unassigned_R,
720575941504652482,720575941456206495,4,VNC_WTct_R,
720575941504652482,720575941457140550,5,VNC_IntTct_L,
720575941504652482,720575941458656467,8,VNC_HTct_R,
720575941504652482,720575941458656467,4,VNC_IntTct_L,
720575941504652482,720575941458656467,3,VNC_IntTct_R,
720575941504652482,720575941458656467,5,VNC_WTct_L,
720575941504652482,720575941458790726,4,VNC_IntTct_R,
720575941504652482,720575941474437681,4,VNC_HTct_L,
720575941504652482,720575941474437681,4,VNC_HTct_R,
720575941504652482,720575941474437681,3,VNC_IntTct_R,
720575941504652482,720575941477927042,3,VNC_NTct_L,
720575941504652482,720575941481020925,3,VNC_HTct_L,
720575941504652482,720575941481020925,3,VNC_HTct_R,
720575941504652482,720575941481020925,4,VNC_IntTct_L,
720575941504652482,720575941485138896,7,VNC_IntTct_L,
720575941504652482,720575941485138896,4,VNC_WTct_L,
720575941504652482,720575941488755148,4,VNC_HTct_L,
720575941504652482,720575941490414901,3,VNC_ANm_R,
720575941504652482,720575941490833072,4,VNC_IntTct_L,
720575941504652482,720575941490833072,3,VNC_LTct_L,
720575941504652482,720575941492318128,10,VNC_IntTct_L,
720575941504652482,720575941492318128,4,VNC_WTct_L,
720575941504652482,720575941492354174,5,VNC_HTct_L,
720575941504652482,720575941492446078,6,VNC_NTct_R,
720575941504652482,720575941492446078,4,VNC_WTct_R,
720575941504652482,720575941494144199,9,VNC_HTct_L,
720575941504652482,720575941494969726,3,VNC_IntTct_L,
720575941504652482,720575941494969726,4,VNC_WTct_L,
720575941504652482,720575941494969726,3,VNC_WTct_R,
720575941504652482,720575941499426699,7,VNC_IntTct_R,
720575941504652482,720575941501845554,5,VNC_IntTct_L,
720575941504652482,720575941501845554,4,VNC_IntTct_R,
720575941504652482,720575941503499755,4,VNC_HTct_L,
720575941504652482,720575941510611922,4,VNC_HTct_R,
720575941504652482,720575941510611922,3,VNC_WTct_R,
720575941504652482,720575941513177091,8,VNC_HTct_L,
720575941504652482,720575941513177091,4,VNC_WTct_L,
720575941504652482,720575941515612051,4,VNC_WTct_L,
720575941504652482,720575941516768472,3,VNC_HTct_R,
720575941504652482,720575941518537582,4,VNC_HTct_L,
720575941504652482,720575941518866542,3,VNC_IntTct_L,
720575941504652482,720575941519230168,3,VNC_IntTct_R,
720575941504652482,720575941519230168,3,VNC_WTct_R,
720575941504652482,720575941519230168,5,VNC_unassigned_R,
720575941504652482,720575941521986227,5,VNC_IntTct_L,
720575941504652482,720575941521986227,5,VNC_IntTct_R,
720575941504652482,720575941524021069,4,VNC_IntTct_L,
720575941504652482,720575941524078925,4,VNC_IntTct_L,
720575941504652482,720575941524196683,3,VNC_WTct_R,
720575941504652482,720575941526690841,3,VNC_IntTct_R,
720575941504652482,720575941526701412,38,VNC_HTct_L,
720575941504652482,720575941526701412,12,VNC_HTct_R,
720575941504652482,720575941526701412,7,VNC_IntTct_L,
720575941504652482,720575941526701412,7,VNC_T3_MetaNm_L,
720575941504652482,720575941526701412,3,VNC_T3_MetaNm_R,
720575941504652482,720575941532423000,3,VNC_HTct_L,
720575941504652482,720575941532423000,4,VNC_IntTct_L,
720575941504652482,720575941532423000,4,VNC_IntTct_R,
720575941504652482,720575941532423000,3,VNC_LTct_L,
720575941504652482,720575941532423000,3,VNC_WTct_L,
720575941504652482,720575941533073674,3,VNC_HTct_R,
720575941504652482,720575941533073674,3,VNC_WTct_L,
720575941504652482,720575941533073674,4,VNC_WTct_R,
720575941504652482,720575941533258689,7,VNC_NTct_L,
720575941504652482,720575941535001010,6,VNC_WTct_L,
720575941504652482,720575941535136739,3,VNC_HTct_L,
720575941504652482,720575941536368370,5,VNC_HTct_R,
720575941504652482,720575941536368370,4,VNC_unassigned_R,
720575941504652482,720575941537881981,4,VNC_IntTct_R,
720575941504652482,720575941537881981,5,VNC_WTct_R,
720575941504652482,720575941540100381,4,VNC_IntTct_L,
720575941504652482,720575941542265093,3,VNC_HTct_L,
720575941504652482,720575941542265093,6,VNC_WTct_L,
720575941504652482,720575941544982716,6,VNC_HTct_L,
720575941504652482,720575941544982716,4,VNC_IntTct_L,
720575941504652482,720575941545372296,6,VNC_HTct_L,
720575941504652482,720575941547347316,3,VNC_WTct_R,
720575941504652482,720575941549683006,3,VNC_IntTct_R,
720575941504652482,720575941549751358,3,VNC_WTct_R,
720575941504652482,720575941551321371,5,VNC_NTct_R,
720575941504652482,720575941552622398,4,VNC_HTct_L,
720575941504652482,720575941552622398,7,VNC_IntTct_L,
720575941504652482,720575941555505188,4,VNC_HTct_R,
720575941504652482,720575941555505188,3,VNC_unassigned_R,
720575941504652482,720575941558646061,6,VNC_IntTct_L,
720575941504652482,720575941558646061,3,VNC_LTct_L,
720575941504652482,720575941562021376,5,VNC_IntTct_L,
720575941504652482,720575941562021376,3,VNC_IntTct_R,
720575941504652482,720575941562021376,5,VNC_WTct_L,
720575941504652482,720575941562021376,7,VNC_WTct_R,
720575941504652482,720575941562467682,4,VNC_HTct_L,
720575941504652482,720575941562467682,6,VNC_IntTct_R,
720575941504652482,720575941563318070,7,VNC_HTct_L,
720575941504652482,720575941563450678,3,VNC_HTct_R,
720575941504652482,720575941563450678,9,VNC_IntTct_L,
720575941504652482,720575941563450678,5,VNC_IntTct_R,
720575941504652482,720575941563450678,3,VNC_WTct_R,
720575941504652482,720575941563450678,5,VNC_unassigned_R,
720575941504652482,720575941565459095,3,VNC_IntTct_L,
720575941504652482,720575941565459095,3,VNC_WTct_L,
720575941504652482,720575941565459095,3,VNC_WTct_R,
720575941504652482,720575941568553586,6,VNC_HTct_L,
720575941504652482,720575941569574046,3,VNC_NTct_L,
720575941504652482,720575941569707422,7,VNC_HTct_L,
720575941504652482,720575941569707422,12,VNC_HTct_R,
720575941504652482,720575941569707422,3,VNC_WTct_R,
720575941504652482,720575941571514619,4,VNC_WTct_R,
720575941504652482,720575941571515131,4,VNC_NTct_R,
720575941504652482,720575941571516936,5,VNC_IntTct_L,
720575941504652482,720575941571516936,11,VNC_WTct_L,
720575941504652482,720575941571516936,5,VNC_WTct_R,
720575941504652482,720575941571997085,12,VNC_NTct_L,
720575941504652482,720575941575397263,15,VNC_HTct_L,
720575941504652482,720575941575397263,19,VNC_HTct_R,
720575941504652482,720575941575397263,4,VNC_unassigned_L,
720575941504652482,720575941575800665,3,VNC_IntTct_L,
720575941504652482,720575941575800665,3,VNC_LTct_L,
720575941504652482,720575941576941045,4,VNC_IntTct_R,
720575941504652482,720575941579779961,4,VNC_IntTct_L,
720575941504652482,720575941579779961,3,VNC_WTct_L,
720575941504652482,720575941583601886,3,VNC_IntTct_R,
720575941504652482,720575941588652940,11,VNC_HTct_R,
720575941504652482,720575941588652940,3,VNC_IntTct_L,
720575941504652482,720575941590840062,8,VNC_IntTct_L,
720575941504652482,720575941590840062,3,VNC_unassigned_R,
720575941504652482,720575941594213927,6,VNC_IntTct_L,
720575941504652482,720575941594213927,4,VNC_WTct_L,
720575941504652482,720575941597512640,4,VNC_WTct_R,
720575941504652482,720575941609330605,6,VNC_IntTct_L,
720575941504652482,720575941609330605,3,VNC_IntTct_R,
720575941504652482,720575941609479526,3,VNC_IntTct_R,
720575941504652482,720575941609481062,7,VNC_HTct_R,
720575941504652482,720575941610953446,3,VNC_unassigned_R,
720575941504652482,720575941614877397,4,VNC_WTct_R,
720575941504652482,720575941623108298,8,VNC_HTct_L,
720575941504652482,720575941623108298,30,VNC_HTct_R,
720575941504652482,720575941623108298,15,VNC_IntTct_R,
720575941504652482,720575941623108298,10,VNC_NTct_R,
720575941504652482,720575941623108298,7,VNC_WTct_L,
720575941504652482,720575941623108298,32,VNC_WTct_R,
720575941504652482,720575941623108298,9,VNC_unassigned_R,
720575941504652482,720575941623328108,4,VNC_IntTct_L,
720575941504652482,720575941623328108,3,VNC_IntTct_R,
720575941504652482,720575941625907769,3,VNC_IntTct_L,
720575941504652482,720575941625932682,3,VNC_IntTct_L,
720575941504652482,720575941625932682,3,VNC_WTct_R,
720575941504652482,720575941628617186,3,VNC_HTct_L,
720575941504652482,720575941629354476,4,VNC_HTct_L,
720575941504652482,720575941629354476,3,VNC_HTct_R,
720575941504652482,720575941629354476,3,VNC_IntTct_L,
720575941504652482,720575941629354476,6,VNC_WTct_L,
720575941504652482,720575941630933947,4,VNC_IntTct_L,
720575941504652482,720575941637950239,3,VNC_IntTct_L,
720575941504652482,720575941637950239,3,VNC_WTct_L,
720575941504652482,720575941652191961,3,VNC_NTct_L,
720575941504652482,720575941663099516,5,VNC_IntTct_L,
720575941504652482,720575941668315891,5,VNC_HTct_L,
720575941504652482,720575941671138727,25,VNC_HTct_L,
720575941504652482,720575941671138727,5,VNC_HTct_R,
720575941504652482,720575941671138727,35,VNC_IntTct_L,
720575941504652482,720575941671138727,4,VNC_IntTct_R,
720575941504652482,720575941671138727,9,VNC_NTct_L,
720575941504652482,720575941671138727,23,VNC_WTct_L,
720575941504652482,720575941671138727,7,VNC_WTct_R,
720575941504652482,720575941678420925,4,VNC_IntTct_R,
720575941504652482,720575941679017405,5,VNC_HTct_R,
720575941504652482,720575941684706543,5,VNC_IntTct_L,
720575941504652482,720575941684876527,3,VNC_HTct_L,
720575941504652482,720575941684876527,5,VNC_HTct_R,
720575941504652482,720575941684876527,3,VNC_IntTct_L,
720575941504652482,720575941684876527,3,VNC_WTct_R,
720575941504652482,720575941687834331,3,VNC_NTct_L,
720575941504652482,720575941687834331,3,VNC_WTct_L,
720575941504652482,720575941688042203,4,VNC_WTct_L,
720575941504652482,720575941721193018,3,VNC_HTct_L,
720575941504652482,720575941721193018,3,VNC_HTct_R,
720575941504652482,720575941721193018,3,VNC_IntTct_R,
720575941504652482,720575941729950507,5,VNC_WTct_L,
720575941504679106,720575941429556655,5,VNC_NTct_R,
720575941504679106,720575941429556655,14,VNC_T1_ProNm_R,
720575941504679106,720575941586471646,15,VNC_T1_ProNm_R,
720575941504679106,720575941623130314,6,VNC_T1_ProNm_R,
720575941504687810,720575941437396012,5,VNC_WTct_R,
720575941504687810,720575941450532174,3,VNC_IntTct_R,
720575941504687810,720575941498948425,6,VNC_IntTct_R,
720575941504687810,720575941498948425,3,VNC_WTct_R,
720575941504687810,720575941513167609,3,VNC_WTct_R,
720575941504687810,720575941562339079,3,VNC_unassigned_R,
720575941504703938,720575941429556655,3,VNC_IntTct_R,
720575941504703938,720575941429556655,14,VNC_NTct_R,
720575941504703938,720575941445324052,7,VNC_HTct_R,
720575941504703938,720575941464768790,10,VNC_NTct_R,
720575941504703938,720575941464901398,6,VNC_HTct_R,
720575941504703938,720575941507863056,4,VNC_HTct_R,
720575941504703938,720575941528944568,9,VNC_HTct_R,
720575941504703938,720575941546321076,8,VNC_HTct_R,
720575941504703938,720575941567126130,5,VNC_HTct_R,
720575941504703938,720575941574155003,17,VNC_HTct_R,
720575941504703938,720575941574155003,4,VNC_IntTct_R,
720575941504703938,720575941583315334,3,VNC_HTct_R,
720575941504703938,720575941609001034,7,VNC_NTct_R,
720575941504703938,720575941622232828,4,VNC_HTct_R,
720575941504703938,720575941684992751,4,VNC_HTct_R,
720575941504703938,720575941731613483,8,VNC_HTct_R,
720575941504810290,720575941450696029,11,VNC_IntTct_R,
720575941504810290,720575941450696029,24,VNC_T1_ProNm_R,
720575941504810290,720575941450696029,42,VNC_T2_MesoNm_R,
720575941504810290,720575941452604467,3,VNC_IntTct_R,
720575941504810290,720575941452604467,4,VNC_T2_MesoNm_R,
720575941504810290,720575941468700381,10,VNC_T2_MesoNm_R,
720575941504810290,720575941491175399,9,VNC_IntTct_R,
720575941504810290,720575941491175399,61,VNC_T2_MesoNm_R,
720575941504810290,720575941526426756,3,VNC_T2_MesoNm_R,
720575941504810290,720575941551947263,11,VNC_T1_ProNm_R,
720575941504810290,720575941563161512,6,VNC_T1_ProNm_R,
720575941504810290,720575941569585266,15,VNC_T1_ProNm_R,
720575941504810290,720575941681021885,5,VNC_T2_MesoNm_R,
720575941504921906,720575941414508948,5,VNC_IntTct_L,
720575941504921906,720575941414508948,11,VNC_IntTct_R,
720575941504921906,720575941414508948,3,VNC_LTct_R,
720575941504921906,720575941414508948,4,VNC_T1_ProNm_L,
720575941504921906,720575941414508948,3,VNC_T1_ProNm_R,
720575941504921906,720575941429283681,6,VNC_T2_MesoNm_L,
720575941504921906,720575941441993167,6,VNC_IntTct_L,
720575941504921906,720575941447338845,3,VNC_IntTct_L,
720575941504921906,720575941456314271,4,VNC_IntTct_L,
720575941504921906,720575941457802480,3,VNC_IntTct_R,
720575941504921906,720575941457802480,3,VNC_LTct_L,
720575941504921906,720575941469724125,5,VNC_T1_ProNm_L,
720575941504921906,720575941474741819,3,VNC_IntTct_L,
720575941504921906,720575941474741819,3,VNC_LTct_L,
720575941504921906,720575941475609194,4,VNC_IntTct_L,
720575941504921906,720575941488475598,4,VNC_IntTct_R,
720575941504921906,720575941488475598,6,VNC_LTct_R,
720575941504921906,720575941490833072,4,VNC_IntTct_L,
720575941504921906,720575941494052992,5,VNC_IntTct_L,
720575941504921906,720575941498935777,3,VNC_IntTct_L,
720575941504921906,720575941498935777,5,VNC_IntTct_R,
720575941504921906,720575941511393233,7,VNC_IntTct_L,
720575941504921906,720575941511393233,3,VNC_IntTct_R,
720575941504921906,720575941511393233,10,VNC_LTct_L,
720575941504921906,720575941511393233,6,VNC_LTct_R,
720575941504921906,720575941512896099,4,VNC_LTct_R,
720575941504921906,720575941515936505,3,VNC_T2_MesoNm_R,
720575941504921906,720575941519213016,6,VNC_IntTct_L,
720575941504921906,720575941524021069,3,VNC_LTct_L,
720575941504921906,720575941524114276,12,VNC_IntTct_L,
720575941504921906,720575941524114276,10,VNC_IntTct_R,
720575941504921906,720575941524114276,10,VNC_LTct_L,
720575941504921906,720575941524114276,8,VNC_LTct_R,
720575941504921906,720575941524114276,3,VNC_unassigned_L,
720575941504921906,720575941576941045,6,VNC_IntTct_R,
720575941504921906,720575941576941045,3,VNC_LTct_R,
720575941504921906,720575941595779264,4,VNC_LTct_R,
720575941504921906,720575941630933947,7,VNC_IntTct_L,
720575941504921906,720575941630933947,4,VNC_LTct_R,
720575941504921906,720575941630933947,3,VNC_unassigned_L,
720575941504921906,720575941640957029,5,VNC_IntTct_L,
720575941504921906,720575941653563153,4,VNC_IntTct_L,
720575941505673566,720575941436378898,4,VNC_HTct_R,
720575941505673566,720575941450625607,5,VNC_unassigned_R,
720575941505673566,720575941458334163,12,VNC_HTct_R,
720575941505673566,720575941461076493,8,VNC_HTct_R,
720575941505673566,720575941490414901,5,VNC_HTct_R,
720575941505673566,720575941490785712,3,VNC_WTct_R,
720575941505673566,720575941496284489,5,VNC_HTct_R,
720575941505673566,720575941496284489,4,VNC_WTct_R,
720575941505673566,720575941503451301,33,VNC_HTct_R,
720575941505673566,720575941503451301,7,VNC_IntTct_R,
720575941505673566,720575941545372296,4,VNC_HTct_R,
720575941505673566,720575941553430355,4,VNC_HTct_R,
720575941505673566,720575941557612915,19,VNC_HTct_R,
720575941505673566,720575941557612915,3,VNC_IntTct_R,
720575941505673566,720575941557612915,5,VNC_unassigned_R,
720575941505673566,720575941562467682,4,VNC_HTct_R,
720575941505673566,720575941588661388,7,VNC_WTct_R,
720575941505673566,720575941608991050,9,VNC_HTct_R,
720575941505673566,720575941608991050,3,VNC_IntTct_R,
720575941505673566,720575941640895589,3,VNC_NTct_R,
720575941505673566,720575941649244437,3,VNC_unassigned_R,
720575941505673566,720575941652314841,6,VNC_HTct_R,
720575941505673566,720575941668725169,12,VNC_HTct_R,
720575941505767970,720575941456667373,4,VNC_T1_ProNm_R,
720575941505767970,720575941551947263,4,VNC_T1_ProNm_R,
720575941505929506,720575941450532174,5,VNC_WTct_R,
720575941505929506,720575941457686512,3,VNC_HTct_L,
720575941505929506,720575941463655693,5,VNC_WTct_R,
720575941505929506,720575941542469212,3,VNC_WTct_R,
720575941505929506,720575941560082158,3,VNC_HTct_L,
720575941505929506,720575941575681718,3,VNC_HTct_L,
720575941505929506,720575941670676135,4,VNC_WTct_R,
720575941505983813,720575941405863854,7,VNC_IntTct_R,
720575941505983813,720575941411546001,3,VNC_IntTct_R,
720575941505983813,720575941488732876,4,VNC_IntTct_R,
720575941505983813,720575941498935777,3,VNC_NTct_R,
720575941505983813,720575941530867075,5,VNC_IntTct_R,
720575941505983813,720575941567030516,4,VNC_IntTct_R,
720575941505983813,720575941579017337,3,VNC_IntTct_R,
720575941505983813,720575941657718552,4,VNC_IntTct_R,
720575941506164037,720575941567089396,3,VNC_NTct_R,
720575941506164037,720575941599444777,5,VNC_NTct_R,
720575941506196247,720575941477297716,4,VNC_unassigned_L,
720575941506196247,720575941525725954,6,VNC_unassigned_L,
720575941506229889,720575941459562128,5,VNC_IntTct_L,
720575941506229889,720575941501802434,4,VNC_IntTct_L,
720575941506229889,720575941553338778,3,VNC_IntTct_L,
720575941506229889,720575941583208582,6,VNC_IntTct_L,
720575941506229889,720575941612053094,4,VNC_HTct_L,
720575941506229889,720575941723242042,3,VNC_IntTct_L,
720575941506310821,720575941436378898,5,VNC_HTct_L,
720575941506310821,720575941439050703,3,VNC_IntTct_L,
720575941506310821,720575941456678893,3,VNC_NTct_L,
720575941506310821,720575941465484566,16,VNC_HTct_L,
720575941506310821,720575941465484566,13,VNC_IntTct_L,
720575941506310821,720575941473850720,5,VNC_IntTct_L,
720575941506310821,720575941474437681,4,VNC_HTct_L,
720575941506310821,720575941474437681,4,VNC_IntTct_L,
720575941506310821,720575941490785712,4,VNC_NTct_L,
720575941506310821,720575941490813872,8,VNC_HTct_L,
720575941506310821,720575941490813872,7,VNC_IntTct_L,
720575941506310821,720575941501041643,3,VNC_IntTct_L,
720575941506310821,720575941516099500,4,VNC_WTct_L,
720575941506310821,720575941518434227,3,VNC_HTct_L,
720575941506310821,720575941518434227,6,VNC_WTct_L,
720575941506310821,720575941518866542,3,VNC_IntTct_L,
720575941506310821,720575941521986227,4,VNC_IntTct_L,
720575941506310821,720575941521986227,5,VNC_NTct_L,
720575941506310821,720575941534709482,5,VNC_HTct_L,
720575941506310821,720575941543669765,5,VNC_HTct_L,
720575941506310821,720575941543669765,11,VNC_IntTct_L,
720575941506310821,720575941545372296,16,VNC_HTct_L,
720575941506310821,720575941549386239,3,VNC_HTct_L,
720575941506310821,720575941553338778,7,VNC_IntTct_L,
720575941506310821,720575941553338778,4,VNC_WTct_L,
720575941506310821,720575941561320493,4,VNC_HTct_L,
720575941506310821,720575941562467682,5,VNC_HTct_L,
720575941506310821,720575941565459095,3,VNC_IntTct_L,
720575941506310821,720575941566756602,4,VNC_HTct_L,
720575941506310821,720575941566756602,4,VNC_IntTct_L,
720575941506310821,720575941572251144,24,VNC_HTct_L,
720575941506310821,720575941572251144,20,VNC_IntTct_L,
720575941506310821,720575941583128454,22,VNC_HTct_L,
720575941506310821,720575941583128454,12,VNC_IntTct_L,
720575941506310821,720575941594160421,3,VNC_WTct_L,
720575941506310821,720575941601088441,5,VNC_HTct_L,
720575941506310821,720575941601209590,3,VNC_IntTct_L,
720575941506310821,720575941614889941,3,VNC_HTct_L,
720575941506310821,720575941614889941,8,VNC_IntTct_L,
720575941506310821,720575941621616380,3,VNC_IntTct_L,
720575941506310821,720575941623347099,4,VNC_IntTct_L,
720575941506310821,720575941630748859,21,VNC_HTct_L,
720575941506310821,720575941630748859,4,VNC_IntTct_L,
720575941506310821,720575941650775313,5,VNC_IntTct_L,
720575941506310821,720575941650775313,9,VNC_WTct_L,
720575941506310821,720575941663099516,5,VNC_HTct_L,
720575941506310821,720575941663099516,3,VNC_IntTct_L,
720575941506310821,720575941671138727,3,VNC_NTct_L,
720575941506628225,720575941353376048,4,VNC_HTct_R,
720575941506628225,720575941593615211,4,VNC_IntTct_R,
720575941506644028,720575941458373587,7,VNC_IntTct_R,
720575941506644028,720575941458373587,8,VNC_NTct_R,
720575941506644028,720575941608310346,7,VNC_NTct_R,
720575941506644028,720575941623399788,4,VNC_NTct_R,
720575941507062807,720575941461251027,3,VNC_T1_ProNm_R,
720575941507062807,720575941623130314,3,VNC_T1_ProNm_R,
720575941507065111,720575941429556655,4,VNC_NTct_R,
720575941507065111,720575941464768790,7,VNC_IntTct_R,
720575941507065111,720575941464768790,3,VNC_NTct_R,
720575941507073303,720575941430016905,3,VNC_LTct_R,
720575941507073303,720575941449245818,38,VNC_LTct_R,
720575941507073303,720575941456642541,4,VNC_LTct_R,
720575941507073303,720575941457802480,9,VNC_LTct_R,
720575941507073303,720575941461636804,12,VNC_LTct_R,
720575941507073303,720575941474741819,3,VNC_LTct_L,
720575941507073303,720575941474741819,23,VNC_LTct_R,
720575941507073303,720575941483537338,4,VNC_LTct_R,
720575941507073303,720575941488193481,3,VNC_LTct_R,
720575941507073303,720575941511393233,12,VNC_LTct_R,
720575941507073303,720575941516777107,4,VNC_LTct_R,
720575941507073303,720575941519453038,9,VNC_LTct_R,
720575941507073303,720575941524114276,5,VNC_LTct_R,
720575941507073303,720575941528086660,18,VNC_LTct_R,
720575941507073303,720575941539355517,3,VNC_LTct_R,
720575941507073303,720575941541740829,5,VNC_LTct_R,
720575941507073303,720575941551625626,5,VNC_LTct_R,
720575941507073303,720575941551947263,6,VNC_IntTct_R,
720575941507073303,720575941551947263,82,VNC_LTct_R,
720575941507073303,720575941551947263,12,VNC_T1_ProNm_R,
720575941507073303,720575941551947263,3,VNC_T1_mVAC_R,
720575941507073303,720575941552496641,8,VNC_LTct_R,
720575941507073303,720575941558290980,11,VNC_LTct_R,
720575941507073303,720575941559321971,3,VNC_LTct_R,
720575941507073303,720575941583203462,3,VNC_LTct_R,
720575941507073303,720575941588646284,5,VNC_LTct_R,
720575941507073303,720575941595878848,3,VNC_LTct_R,
720575941507073303,720575941623067338,13,VNC_LTct_R,
720575941507073303,720575941625907769,4,VNC_LTct_R,
720575941507073303,720575941628730150,3,VNC_LTct_R,
720575941507073303,720575941642372040,7,VNC_LTct_R,
720575941507073303,720575941644138401,12,VNC_LTct_R,
720575941507073303,720575941652323289,4,VNC_LTct_R,
720575941507073303,720575941686473996,4,VNC_LTct_R,
720575941507079703,720575941476543297,7,VNC_T2_MesoNm_R,
720575941507079703,720575941502853719,8,VNC_T2_MesoNm_R,
720575941507079703,720575941536318869,5,VNC_T2_MesoNm_R,
720575941507079703,720575941542469212,4,VNC_T2_MesoNm_R,
720575941507079703,720575941547164084,6,VNC_T2_MesoNm_R,
720575941507079703,720575941595919217,11,VNC_T2_MesoNm_R,
720575941507079703,720575941595919217,3,VNC_WTct_R,
720575941507079703,720575941595919217,4,VNC_unassigned_R,
720575941507079703,720575941688644470,3,VNC_ANm_R,
720575941507205143,720575941477193246,4,VNC_T3_MetaNm_L,
720575941507205143,720575941504386327,5,VNC_AMNp_R,
720575941507205143,720575941504386327,4,VNC_T1_ProNm_R,
720575941507205143,720575941588919863,6,VNC_AMNp_L,
720575941507205143,720575941595871424,4,VNC_T2_MesoNm_L,
720575941507205143,720575941662295352,3,VNC_T3_MetaNm_R,
720575941507205143,720575941685980278,3,VNC_LTct_R,
720575941507241495,720575941703131610,29,VNC_T1_ProNm_L,
720575941507243589,720575941428965368,3,VNC_IntTct_L,
720575941507243589,720575941428965368,3,VNC_LTct_L,
720575941507243589,720575941428965368,3,VNC_T2_MesoNm_L,
720575941507243589,720575941429283681,15,VNC_T2_MesoNm_L,
720575941507243589,720575941429439959,4,VNC_LTct_L,
720575941507243589,720575941429439959,4,VNC_T2_MesoNm_L,
720575941507243589,720575941537166997,5,VNC_T1_ProNm_L,
720575941507243589,720575941537166997,5,VNC_T2_MesoNm_L,
720575941507243589,720575941537501160,3,VNC_T2_MesoNm_R,
720575941507243589,720575941559947279,3,VNC_IntTct_L,
720575941507243589,720575941559947279,3,VNC_LTct_L,
720575941507243589,720575941559947279,5,VNC_T2_MesoNm_L,
720575941507243589,720575941566802170,3,VNC_T2_MesoNm_R,
720575941507243589,720575941609390182,3,VNC_T2_MesoNm_L,
720575941507243589,720575941640900453,7,VNC_LTct_R,
720575941507249221,720575941431092911,4,VNC_T2_MesoNm_R,
720575941507249221,720575941498482043,7,VNC_T1_ProNm_R,
720575941507249221,720575941540185213,3,VNC_unassigned_R,
720575941507249221,720575941576941045,3,VNC_T2_MesoNm_R,
720575941507249221,720575941627995705,5,VNC_T2_MesoNm_R,
720575941507409502,720575941464768790,3,VNC_NTct_R,
720575941507409502,720575941595653020,3,VNC_NTct_R,
720575941507568709,720575941399188003,9,VNC_IntTct_R,
720575941507568709,720575941400710435,4,VNC_HTct_R,
720575941507568709,720575941429556655,24,VNC_IntTct_R,
720575941507568709,720575941429556655,93,VNC_NTct_R,
720575941507568709,720575941429556655,3,VNC_unassigned_R,
720575941507568709,720575941432002574,3,VNC_IntTct_R,
720575941507568709,720575941445324052,9,VNC_HTct_R,
720575941507568709,720575941447112373,3,VNC_HTct_R,
720575941507568709,720575941450625607,6,VNC_IntTct_R,
720575941507568709,720575941450625607,4,VNC_NTct_R,
720575941507568709,720575941464768790,5,VNC_IntTct_R,
720575941507568709,720575941464768790,52,VNC_NTct_R,
720575941507568709,720575941464901398,13,VNC_HTct_R,
720575941507568709,720575941475773290,3,VNC_HTct_R,
720575941507568709,720575941496289609,4,VNC_HTct_R,
720575941507568709,720575941496830370,75,VNC_HTct_R,
720575941507568709,720575941501721138,84,VNC_HTct_R,
720575941507568709,720575941518339767,20,VNC_HTct_R,
720575941507568709,720575941523112439,4,VNC_HTct_R,
720575941507568709,720575941528944568,51,VNC_HTct_R,
720575941507568709,720575941528944568,10,VNC_IntTct_R,
720575941507568709,720575941528944568,6,VNC_WTct_R,
720575941507568709,720575941532246762,5,VNC_NTct_R,
720575941507568709,720575941546321076,6,VNC_HTct_R,
720575941507568709,720575941549701182,3,VNC_HTct_R,
720575941507568709,720575941551321371,6,VNC_HTct_R,
720575941507568709,720575941551321371,21,VNC_NTct_R,
720575941507568709,720575941551321371,5,VNC_WTct_R,
720575941507568709,720575941551321371,3,VNC_unassigned_R,
720575941507568709,720575941557612915,4,VNC_HTct_R,
720575941507568709,720575941567126130,10,VNC_HTct_R,
720575941507568709,720575941572273417,10,VNC_HTct_R,
720575941507568709,720575941574155003,25,VNC_HTct_R,
720575941507568709,720575941574155003,13,VNC_IntTct_R,
720575941507568709,720575941574672029,5,VNC_HTct_R,
720575941507568709,720575941579017337,7,VNC_NTct_R,
720575941507568709,720575941597149376,8,VNC_NTct_R,
720575941507568709,720575941605598061,3,VNC_HTct_R,
720575941507568709,720575941609001034,3,VNC_HTct_R,
720575941507568709,720575941609001034,11,VNC_IntTct_R,
720575941507568709,720575941609001034,23,VNC_NTct_R,
720575941507568709,720575941622232828,14,VNC_HTct_R,
720575941507568709,720575941652647185,6,VNC_HTct_R,
720575941507568709,720575941652647185,5,VNC_NTct_R,
720575941507568709,720575941684992751,3,VNC_HTct_R,
720575941507568709,720575941686037878,5,VNC_NTct_R,
720575941507568709,720575941731613483,18,VNC_HTct_R,
720575941507568709,720575941731613483,3,VNC_IntTct_R,
720575941507724929,720575941459114451,6,VNC_HTct_R,
720575941507724929,720575941468312695,3,VNC_HTct_R,
720575941507724929,720575941524019970,9,VNC_NTct_R,
720575941507724929,720575941532246762,6,VNC_IntTct_R,
720575941507724929,720575941532246762,9,VNC_NTct_R,
720575941507724929,720575941533864458,3,VNC_IntTct_R,
720575941507724929,720575941549403903,4,VNC_NTct_R,
720575941507751447,720575941429556655,9,VNC_NTct_R,
720575941507751447,720575941532246762,4,VNC_NTct_R,
720575941507751447,720575941532246762,3,VNC_T1_ProNm_R,
720575941507751447,720575941595653020,7,VNC_NTct_R,
720575941507751447,720575941623130314,3,VNC_NTct_R,
720575941507894366,720575941480223456,4,VNC_T2_MesoNm_L,
720575941508261922,720575941456244127,3,VNC_NTct_R,
720575941508298786,720575941450559566,18,VNC_T2_MesoNm_L,
720575941508298786,720575941461251027,3,VNC_T1_ProNm_R,
720575941508298786,720575941540185213,3,VNC_T2_MesoNm_R,
720575941508298786,720575941552487169,4,VNC_T2_MesoNm_L,
720575941508298786,720575941560635816,9,VNC_T2_MesoNm_R,
720575941508298786,720575941590291084,16,VNC_T2_MesoNm_L,
720575941508298786,720575941595919217,12,VNC_T2_MesoNm_R,
720575941508298786,720575941613448668,29,VNC_T2_MesoNm_R,
720575941508375390,720575941414508948,3,VNC_IntTct_L,
720575941508375390,720575941429439959,5,VNC_IntTct_L,
720575941508375390,720575941441318591,12,VNC_IntTct_R,
720575941508375390,720575941442347178,3,VNC_WTct_L,
720575941508375390,720575941457686256,3,VNC_IntTct_L,
720575941508375390,720575941457686512,3,VNC_HTct_R,
720575941508375390,720575941467252189,71,VNC_IntTct_L,
720575941508375390,720575941467252189,3,VNC_IntTct_R,
720575941508375390,720575941467252189,8,VNC_LTct_L,
720575941508375390,720575941467252189,17,VNC_WTct_L,
720575941508375390,720575941467252189,4,VNC_unassigned_L,
720575941508375390,720575941470077047,4,VNC_IntTct_L,
720575941508375390,720575941470786368,3,VNC_IntTct_L,
720575941508375390,720575941474704948,6,VNC_NTct_L,
720575941508375390,720575941475609194,9,VNC_IntTct_L,
720575941508375390,720575941476037406,3,VNC_IntTct_L,
720575941508375390,720575941477927042,3,VNC_HTct_R,
720575941508375390,720575941482029251,8,VNC_HTct_R,
720575941508375390,720575941482029251,8,VNC_WTct_L,
720575941508375390,720575941483787405,3,VNC_HTct_R,
720575941508375390,720575941483787405,4,VNC_IntTct_R,
720575941508375390,720575941485775110,3,VNC_NTct_L,
720575941508375390,720575941490833072,8,VNC_IntTct_L,
720575941508375390,720575941494983806,3,VNC_T3_MetaNm_L,
720575941508375390,720575941512896099,6,VNC_IntTct_L,
720575941508375390,720575941512896099,8,VNC_IntTct_R,
720575941508375390,720575941512896099,4,VNC_WTct_L,
720575941508375390,720575941516776558,3,VNC_IntTct_L,
720575941508375390,720575941516776558,10,VNC_NTct_L,
720575941508375390,720575941516776558,3,VNC_WTct_L,
720575941508375390,720575941519213016,13,VNC_IntTct_L,
720575941508375390,720575941519213016,5,VNC_WTct_L,
720575941508375390,720575941519213016,3,VNC_unassigned_L,
720575941508375390,720575941519230168,3,VNC_WTct_R,
720575941508375390,720575941524196683,3,VNC_IntTct_R,
720575941508375390,720575941524196683,5,VNC_WTct_R,
720575941508375390,720575941533682714,3,VNC_WTct_L,
720575941508375390,720575941537881981,5,VNC_IntTct_R,
720575941508375390,720575941540100381,7,VNC_IntTct_L,
720575941508375390,720575941540100381,3,VNC_IntTct_R,
720575941508375390,720575941544982716,8,VNC_IntTct_L,
720575941508375390,720575941551321371,3,VNC_HTct_R,
720575941508375390,720575941552622398,3,VNC_HTct_R,
720575941508375390,720575941557612915,3,VNC_HTct_R,
720575941508375390,720575941560082158,3,VNC_HTct_R,
720575941508375390,720575941560082158,4,VNC_IntTct_L,
720575941508375390,720575941560082158,3,VNC_NTct_L,
720575941508375390,720575941560082158,4,VNC_WTct_R,
720575941508375390,720575941560082158,4,VNC_unassigned_R,
720575941508375390,720575941565495655,3,VNC_HTct_R,
720575941508375390,720575941565495655,6,VNC_WTct_R,
720575941508375390,720575941575800153,3,VNC_HTct_R,
720575941508375390,720575941575800665,3,VNC_IntTct_L,
720575941508375390,720575941581685113,4,VNC_IntTct_L,
720575941508375390,720575941583588830,5,VNC_IntTct_L,
720575941508375390,720575941583588830,16,VNC_IntTct_R,
720575941508375390,720575941583588830,3,VNC_LTct_L,
720575941508375390,720575941583588830,9,VNC_LTct_R,
720575941508375390,720575941583588830,7,VNC_WTct_R,
720575941508375390,720575941587367991,4,VNC_IntTct_L,
720575941508375390,720575941592505639,3,VNC_IntTct_R,
720575941508375390,720575941593875589,4,VNC_HTct_L,
720575941508375390,720575941595757724,3,VNC_IntTct_L,
720575941508375390,720575941595768476,3,VNC_unassigned_L,
720575941508375390,720575941604967789,4,VNC_IntTct_L,
720575941508375390,720575941604967789,3,VNC_WTct_L,
720575941508375390,720575941607605101,9,VNC_IntTct_R,
720575941508375390,720575941631841477,3,VNC_IntTct_R,
720575941508375390,720575941632614587,9,VNC_IntTct_L,
720575941508375390,720575941640900453,3,VNC_IntTct_L,
720575941508375390,720575941640900965,3,VNC_HTct_R,
720575941508375390,720575941640900965,3,VNC_IntTct_L,
720575941508492417,720575941413990172,14,VNC_HTct_R,
720575941508492417,720575941429556655,18,VNC_IntTct_R,
720575941508492417,720575941429556655,9,VNC_NTct_R,
720575941508492417,720575941431092911,9,VNC_HTct_R,
720575941508492417,720575941431092911,12,VNC_IntTct_R,
720575941508492417,720575941436996882,3,VNC_IntTct_R,
720575941508492417,720575941449255290,5,VNC_IntTct_R,
720575941508492417,720575941452315443,5,VNC_HTct_R,
720575941508492417,720575941456348575,32,VNC_IntTct_R,
720575941508492417,720575941456348575,7,VNC_NTct_R,
720575941508492417,720575941464768790,7,VNC_IntTct_R,
720575941508492417,720575941464768790,3,VNC_NTct_R,
720575941508492417,720575941472739168,8,VNC_HTct_R,
720575941508492417,720575941472739168,19,VNC_IntTct_R,
720575941508492417,720575941476032542,8,VNC_IntTct_R,
720575941508492417,720575941477884802,9,VNC_HTct_R,
720575941508492417,720575941495559291,10,VNC_IntTct_R,
720575941508492417,720575941495591291,7,VNC_HTct_R,
720575941508492417,720575941495591291,9,VNC_IntTct_R,
720575941508492417,720575941496289609,4,VNC_HTct_R,
720575941508492417,720575941507664144,3,VNC_IntTct_R,
720575941508492417,720575941523692290,3,VNC_HTct_R,
720575941508492417,720575941523994114,4,VNC_HTct_R,
720575941508492417,720575941533138625,3,VNC_IntTct_R,
720575941508492417,720575941539741788,3,VNC_HTct_R,
720575941508492417,720575941546491681,9,VNC_IntTct_R,
720575941508492417,720575941546731041,7,VNC_IntTct_R,
720575941508492417,720575941549735742,11,VNC_HTct_R,
720575941508492417,720575941555526436,9,VNC_IntTct_R,
720575941508492417,720575941555526436,12,VNC_NTct_R,
720575941508492417,720575941557612915,12,VNC_HTct_R,
720575941508492417,720575941557612915,8,VNC_IntTct_R,
720575941508492417,720575941566956532,3,VNC_IntTct_R,
720575941508492417,720575941576941045,3,VNC_IntTct_R,
720575941508492417,720575941594515158,9,VNC_HTct_R,
720575941508492417,720575941601153270,8,VNC_HTct_R,
720575941508492417,720575941605598061,3,VNC_HTct_R,
720575941508492417,720575941608310346,3,VNC_HTct_R,
720575941508492417,720575941608310346,78,VNC_IntTct_R,
720575941508492417,720575941608310346,17,VNC_NTct_R,
720575941508492417,720575941608991050,22,VNC_HTct_R,
720575941508492417,720575941608991050,6,VNC_IntTct_R,
720575941508492417,720575941609001034,4,VNC_NTct_R,
720575941508492417,720575941609358310,6,VNC_IntTct_R,
720575941508492417,720575941633071008,3,VNC_IntTct_R,
720575941508492417,720575941649244949,5,VNC_HTct_R,
720575941508492417,720575941652038421,3,VNC_HTct_R,
720575941508492417,720575941659696184,5,VNC_HTct_R,
720575941508492417,720575941667143601,4,VNC_IntTct_R,
720575941508500609,720575941401795619,4,VNC_IntTct_L,
720575941508500609,720575941401795619,10,VNC_T1_ProNm_L,
720575941508500609,720575941518316471,3,VNC_T2_MesoNm_L,
720575941508500609,720575941551385371,53,VNC_T2_MesoNm_L,
720575941508500609,720575941555462995,5,VNC_T2_MesoNm_L,
720575941508500609,720575941572737679,3,VNC_T1_ProNm_L,
720575941508500609,720575941619873663,3,VNC_T1_ProNm_L,
720575941508500609,720575941652640273,5,VNC_T2_MesoNm_L,
720575941509010305,720575941350393904,7,VNC_IntTct_R,
720575941509010305,720575941350409264,16,VNC_IntTct_R,
720575941509010305,720575941392667286,3,VNC_IntTct_R,
720575941509010305,720575941392667286,7,VNC_LTct_R,
720575941509010305,720575941426616148,4,VNC_HTct_R,
720575941509010305,720575941426616148,26,VNC_IntTct_R,
720575941509010305,720575941436996882,25,VNC_IntTct_R,
720575941509010305,720575941436996882,7,VNC_LTct_R,
720575941509010305,720575941447338845,3,VNC_IntTct_R,
720575941509010305,720575941449617230,12,VNC_IntTct_R,
720575941509010305,720575941449617230,11,VNC_LTct_R,
720575941509010305,720575941456667373,4,VNC_T1_ProNm_R,
720575941509010305,720575941461221075,10,VNC_IntTct_R,
720575941509010305,720575941461636804,5,VNC_T1_ProNm_R,
720575941509010305,720575941477884802,3,VNC_HTct_R,
720575941509010305,720575941477884802,11,VNC_IntTct_R,
720575941509010305,720575941477884802,3,VNC_T3_MetaNm_R,
720575941509010305,720575941477884802,3,VNC_unassigned_R,
720575941509010305,720575941486560774,5,VNC_LTct_R,
720575941509010305,720575941486560774,4,VNC_T2_MesoNm_R,
720575941509010305,720575941488173001,4,VNC_IntTct_R,
720575941509010305,720575941499426699,5,VNC_IntTct_R,
720575941509010305,720575941503638578,9,VNC_IntTct_R,
720575941509010305,720575941503638578,5,VNC_LTct_R,
720575941509010305,720575941505536290,19,VNC_IntTct_R,
720575941509010305,720575941505536290,27,VNC_LTct_R,
720575941509010305,720575941505536290,12,VNC_T3_MetaNm_R,
720575941509010305,720575941507280965,3,VNC_IntTct_R,
720575941509010305,720575941507280965,9,VNC_LTct_R,
720575941509010305,720575941513160697,3,VNC_IntTct_R,
720575941509010305,720575941515071299,3,VNC_IntTct_R,
720575941509010305,720575941519453038,5,VNC_IntTct_R,
720575941509010305,720575941528086660,7,VNC_T1_ProNm_R,
720575941509010305,720575941534040754,10,VNC_T3_MetaNm_R,
720575941509010305,720575941549329663,3,VNC_IntTct_R,
720575941509010305,720575941551947263,6,VNC_IntTct_R,
720575941509010305,720575941551947263,28,VNC_T1_ProNm_R,
720575941509010305,720575941563253814,15,VNC_IntTct_R,
720575941509010305,720575941564059399,4,VNC_IntTct_R,
720575941509010305,720575941564059399,4,VNC_LTct_R,
720575941509010305,720575941570823752,8,VNC_IntTct_R,
720575941509010305,720575941580604661,19,VNC_AMNp_R,
720575941509010305,720575941580604661,4,VNC_IntTct_R,
720575941509010305,720575941580604661,5,VNC_LTct_R,
720575941509010305,720575941583254918,4,VNC_IntTct_R,
720575941509010305,720575941583601886,5,VNC_IntTct_R,
720575941509010305,720575941586427460,6,VNC_IntTct_R,
720575941509010305,720575941593836933,4,VNC_IntTct_R,
720575941509010305,720575941609479526,17,VNC_IntTct_R,
720575941509010305,720575941609479526,3,VNC_LTct_R,
720575941509010305,720575941625907769,4,VNC_AMNp_R,
720575941509010305,720575941625907769,5,VNC_IntTct_R,
720575941509010305,720575941625963419,19,VNC_IntTct_R,
720575941509010305,720575941625963419,5,VNC_LTct_R,
720575941509010305,720575941632901829,4,VNC_IntTct_R,
720575941509010305,720575941652038421,4,VNC_T3_MetaNm_R,
720575941509010305,720575941652038421,3,VNC_unassigned_R,
720575941509010305,720575941652324825,5,VNC_IntTct_R,
720575941509010305,720575941685980278,3,VNC_AMNp_R,
720575941509010305,720575941685980278,5,VNC_LTct_R,
720575941510475536,720575941400818723,16,VNC_IntTct_L,
720575941510475536,720575941400818723,21,VNC_NTct_L,
720575941510475536,720575941431660937,3,VNC_HTct_L,
720575941510475536,720575941464073558,6,VNC_HTct_L,
720575941510475536,720575941468950592,17,VNC_T2_MesoNm_L,
720575941510475536,720575941512450371,59,VNC_T2_MesoNm_L,
720575941510475536,720575941516734062,25,VNC_T2_MesoNm_L,
720575941510475536,720575941516734062,3,VNC_unassigned_L,
720575941510475536,720575941517764824,4,VNC_HTct_L,
720575941510475536,720575941550878087,26,VNC_HTct_L,
720575941510475536,720575941579868917,7,VNC_HTct_L,
720575941510475536,720575941579868917,7,VNC_IntTct_L,
720575941510475536,720575941579868917,7,VNC_NTct_L,
720575941510475536,720575941583128454,5,VNC_HTct_L,
720575941510475536,720575941611080010,12,VNC_HTct_L,
720575941510475536,720575941623130314,31,VNC_T1_ProNm_L,
720575941510475536,720575941623130314,10,VNC_T2_MesoNm_L,
720575941510475536,720575941652640273,14,VNC_T2_MesoNm_L,
720575941510475536,720575941678358973,35,VNC_HTct_L,
720575941510509072,720575941555186074,3,VNC_unassigned_L,
720575941510621968,720575941438631871,3,VNC_T2_MesoNm_L,
720575941510621968,720575941458382803,57,VNC_T2_MesoNm_L,
720575941510621968,720575941474467633,19,VNC_T2_MesoNm_L,
720575941510621968,720575941504381975,11,VNC_T2_MesoNm_L,
720575941510621968,720575941521071543,39,VNC_T2_MesoNm_L,
720575941510621968,720575941540201933,4,VNC_T1_ProNm_L,
720575941510621968,720575941548936253,8,VNC_T2_MesoNm_L,
720575941510621968,720575941552487169,6,VNC_T2_MesoNm_L,
720575941510621968,720575941553551239,5,VNC_T1_ProNm_L,
720575941510621968,720575941572444830,10,VNC_T2_MesoNm_L,
720575941510621968,720575941592919080,3,VNC_T1_ProNm_L,
720575941510621968,720575941611060042,5,VNC_T2_MesoNm_L,
720575941510621968,720575941637874975,3,VNC_T2_MesoNm_L,
720575941510621968,720575941649795057,3,VNC_T2_MesoNm_L,
720575941510621968,720575941652640273,7,VNC_T2_MesoNm_L,
720575941510621968,720575941670593703,7,VNC_T2_MesoNm_L,
720575941510621968,720575941703131610,10,VNC_T1_ProNm_L,
720575941510642192,720575941390273796,5,VNC_HTct_L,
720575941510642192,720575941399253283,3,VNC_HTct_R,
720575941510642192,720575941404452720,3,VNC_IntTct_L,
720575941510642192,720575941404452720,6,VNC_WTct_L,
720575941510642192,720575941410019695,12,VNC_HTct_R,
720575941510642192,720575941410021231,5,VNC_HTct_R,
720575941510642192,720575941414326161,7,VNC_IntTct_L,
720575941510642192,720575941428428681,3,VNC_HTct_R,
720575941510642192,720575941429324641,3,VNC_HTct_L,
720575941510642192,720575941436378898,4,VNC_HTct_L,
720575941510642192,720575941437525589,7,VNC_IntTct_L,
720575941510642192,720575941439063503,3,VNC_HTct_L,
720575941510642192,720575941439083983,4,VNC_HTct_L,
720575941510642192,720575941439083983,3,VNC_IntTct_L,
720575941510642192,720575941440620379,4,VNC_IntTct_L,
720575941510642192,720575941440620379,4,VNC_WTct_L,
720575941510642192,720575941447048117,3,VNC_HTct_R,
720575941510642192,720575941447338845,4,VNC_WTct_R,
720575941510642192,720575941449617230,3,VNC_IntTct_R,
720575941510642192,720575941457140550,3,VNC_HTct_R,
720575941510642192,720575941457140550,5,VNC_WTct_L,
720575941510642192,720575941457686512,4,VNC_HTct_L,
720575941510642192,720575941458656467,4,VNC_WTct_L,
720575941510642192,720575941471203447,7,VNC_HTct_L,
720575941510642192,720575941472739168,5,VNC_HTct_R,
720575941510642192,720575941476037406,6,VNC_IntTct_L,
720575941510642192,720575941481020925,5,VNC_HTct_R,
720575941510642192,720575941485138896,3,VNC_HTct_R,
720575941510642192,720575941485138896,3,VNC_WTct_L,
720575941510642192,720575941488475598,8,VNC_IntTct_R,
720575941510642192,720575941489071335,6,VNC_IntTct_R,
720575941510642192,720575941489071335,3,VNC_WTct_L,
720575941510642192,720575941490833072,6,VNC_IntTct_L,
720575941510642192,720575941494969726,4,VNC_IntTct_R,
720575941510642192,720575941494969726,4,VNC_WTct_L,
720575941510642192,720575941494969726,6,VNC_WTct_R,
720575941510642192,720575941495591291,14,VNC_HTct_R,
720575941510642192,720575941496949410,3,VNC_IntTct_R,
720575941510642192,720575941496949410,5,VNC_WTct_R,
720575941510642192,720575941499426699,4,VNC_IntTct_R,
720575941510642192,720575941501848626,6,VNC_WTct_L,
720575941510642192,720575941503499755,7,VNC_HTct_L,
720575941510642192,720575941508542674,5,VNC_HTct_L,
720575941510642192,720575941514952953,4,VNC_WTct_L,
720575941510642192,720575941514952953,4,VNC_WTct_R,
720575941510642192,720575941515612051,6,VNC_HTct_R,
720575941510642192,720575941515612051,4,VNC_IntTct_L,
720575941510642192,720575941515612051,6,VNC_WTct_R,
720575941510642192,720575941516768472,3,VNC_HTct_R,
720575941510642192,720575941517764824,11,VNC_HTct_L,
720575941510642192,720575941518446702,5,VNC_IntTct_L,
720575941510642192,720575941520333047,6,VNC_HTct_L,
720575941510642192,720575941521101495,5,VNC_T3_MetaNm_L,
720575941510642192,720575941524021069,4,VNC_WTct_L,
720575941510642192,720575941524078925,10,VNC_HTct_L,
720575941510642192,720575941524196683,3,VNC_WTct_R,
720575941510642192,720575941526701412,9,VNC_HTct_L,
720575941510642192,720575941528944568,6,VNC_HTct_R,
720575941510642192,720575941532423000,4,VNC_WTct_L,
720575941510642192,720575941533073674,4,VNC_WTct_L,
720575941510642192,720575941533073674,5,VNC_WTct_R,
720575941510642192,720575941533682714,5,VNC_HTct_L,
720575941510642192,720575941534737640,6,VNC_IntTct_L,
720575941510642192,720575941534737640,11,VNC_WTct_L,
720575941510642192,720575941535001010,4,VNC_HTct_L,
720575941510642192,720575941537881981,3,VNC_WTct_R,
720575941510642192,720575941542265093,3,VNC_HTct_L,
720575941510642192,720575941542297605,6,VNC_HTct_R,
720575941510642192,720575941544688308,4,VNC_HTct_R,
720575941510642192,720575941544695732,6,VNC_IntTct_L,
720575941510642192,720575941544695732,5,VNC_IntTct_R,
720575941510642192,720575941544695732,4,VNC_LTct_L,
720575941510642192,720575941544695732,5,VNC_WTct_L,
720575941510642192,720575941544695732,3,VNC_WTct_R,
720575941510642192,720575941544982716,4,VNC_IntTct_L,
720575941510642192,720575941546220980,3,VNC_HTct_L,
720575941510642192,720575941549166079,4,VNC_HTct_R,
720575941510642192,720575941549329663,4,VNC_LTct_R,
720575941510642192,720575941551588506,4,VNC_HTct_R,
720575941510642192,720575941552622398,3,VNC_HTct_L,
720575941510642192,720575941552622398,3,VNC_HTct_R,
720575941510642192,720575941554764196,3,VNC_WTct_L,
720575941510642192,720575941560082158,3,VNC_NTct_L,
720575941510642192,720575941562021376,3,VNC_HTct_L,
720575941510642192,720575941562021376,4,VNC_IntTct_R,
720575941510642192,720575941562021376,14,VNC_WTct_L,
720575941510642192,720575941562021376,8,VNC_WTct_R,
720575941510642192,720575941562467682,4,VNC_HTct_L,
720575941510642192,720575941562467682,4,VNC_HTct_R,
720575941510642192,720575941564792071,6,VNC_WTct_L,
720575941510642192,720575941566756602,3,VNC_HTct_L,
720575941510642192,720575941566756602,3,VNC_HTct_R,
720575941510642192,720575941571515131,4,VNC_WTct_R,
720575941510642192,720575941571516936,5,VNC_WTct_L,
720575941510642192,720575941575397263,3,VNC_ANm_L,
720575941510642192,720575941575397263,4,VNC_ANm_R,
720575941510642192,720575941575397263,6,VNC_HTct_L,
720575941510642192,720575941575397263,3,VNC_HTct_R,
720575941510642192,720575941575682998,3,VNC_HTct_L,
720575941510642192,720575941575800665,6,VNC_IntTct_R,
720575941510642192,720575941575824217,6,VNC_HTct_L,
720575941510642192,720575941575865433,6,VNC_WTct_L,
720575941510642192,720575941575865433,3,VNC_WTct_R,
720575941510642192,720575941576927057,5,VNC_WTct_R,
720575941510642192,720575941576941045,5,VNC_IntTct_R,
720575941510642192,720575941576986705,4,VNC_HTct_L,
720575941510642192,720575941576997457,3,VNC_WTct_L,
720575941510642192,720575941579779961,4,VNC_WTct_L,
720575941510642192,720575941580604661,3,VNC_IntTct_R,
720575941510642192,720575941593836933,3,VNC_IntTct_R,
720575941510642192,720575941593875589,6,VNC_HTct_L,
720575941510642192,720575941593875589,4,VNC_WTct_L,
720575941510642192,720575941595782556,8,VNC_HTct_R,
720575941510642192,720575941595972465,3,VNC_HTct_L,
720575941510642192,720575941601088441,4,VNC_HTct_L,
720575941510642192,720575941601092537,3,VNC_HTct_L,
720575941510642192,720575941601092537,3,VNC_IntTct_L,
720575941510642192,720575941605016941,7,VNC_IntTct_R,
720575941510642192,720575941605016941,3,VNC_WTct_L,
720575941510642192,720575941609330605,4,VNC_IntTct_L,
720575941510642192,720575941609330605,3,VNC_WTct_L,
720575941510642192,720575941609330605,5,VNC_WTct_R,
720575941510642192,720575941610587612,4,VNC_ANm_R,
720575941510642192,720575941613256211,3,VNC_WTct_R,
720575941510642192,720575941614698709,3,VNC_HTct_L,
720575941510642192,720575941623108298,5,VNC_HTct_L,
720575941510642192,720575941623108298,16,VNC_HTct_R,
720575941510642192,720575941623108298,11,VNC_IntTct_R,
720575941510642192,720575941623108298,3,VNC_LTct_R,
720575941510642192,720575941623108298,3,VNC_NTct_R,
720575941510642192,720575941623108298,20,VNC_WTct_R,
720575941510642192,720575941623328108,4,VNC_IntTct_L,
720575941510642192,720575941623328108,4,VNC_IntTct_R,
720575941510642192,720575941623328108,7,VNC_WTct_R,
720575941510642192,720575941628591330,3,VNC_WTct_L,
720575941510642192,720575941630933947,13,VNC_IntTct_L,
720575941510642192,720575941630959035,4,VNC_HTct_R,
720575941510642192,720575941630959803,4,VNC_HTct_R,
720575941510642192,720575941640957029,5,VNC_IntTct_L,
720575941510642192,720575941640957029,3,VNC_LTct_L,
720575941510642192,720575941644081490,3,VNC_ANm_R,
720575941510642192,720575941652191961,3,VNC_NTct_L,
720575941510642192,720575941652191961,6,VNC_WTct_L,
720575941510642192,720575941655827480,3,VNC_NTct_R,
720575941510642192,720575941668315891,3,VNC_HTct_L,
720575941510642192,720575941668606375,4,VNC_WTct_L,
720575941510642192,720575941671138727,26,VNC_HTct_L,
720575941510642192,720575941671138727,6,VNC_IntTct_L,
720575941510642192,720575941671138727,4,VNC_LTct_L,
720575941510642192,720575941671138727,21,VNC_WTct_L,
720575941510642192,720575941671138727,8,VNC_WTct_R,
720575941510642192,720575941671138727,5,VNC_unassigned_L,
720575941510642192,720575941678420925,5,VNC_IntTct_L,
720575941510642192,720575941678420925,4,VNC_IntTct_R,
720575941510642192,720575941679017405,3,VNC_HTct_R,
720575941510642192,720575941721193018,3,VNC_WTct_L,
720575941511270610,720575941501352535,4,VNC_T2_MesoNm_R,
720575941511270610,720575941547162292,6,VNC_ANm_R,
720575941511270610,720575941547162292,7,VNC_T3_MetaNm_R,
720575941511270610,720575941586471646,9,VNC_NTct_R,
720575941511270610,720575941586471646,4,VNC_T1_ProNm_R,
720575941511270610,720575941627995705,6,VNC_T2_MesoNm_R,
720575941511281618,720575941460232147,4,VNC_T2_MesoNm_R,
720575941511281618,720575941474259754,4,VNC_T2_MesoNm_R,
720575941511281618,720575941501135191,7,VNC_T1_ProNm_R,
720575941511281618,720575941501135191,10,VNC_T2_MesoNm_R,
720575941511281618,720575941501352535,3,VNC_T2_MesoNm_R,
720575941511281618,720575941524353049,3,VNC_T2_MesoNm_R,
720575941511281618,720575941559929615,4,VNC_T2_MesoNm_R,
720575941511281618,720575941586471646,6,VNC_NTct_R,
720575941511281618,720575941586471646,6,VNC_T1_ProNm_R,
720575941511281618,720575941627995705,18,VNC_T2_MesoNm_R,
720575941511336402,720575941412443540,3,VNC_HTct_R,
720575941511336402,720575941429556655,6,VNC_IntTct_R,
720575941511336402,720575941429556655,6,VNC_NTct_R,
720575941511336402,720575941432002574,5,VNC_HTct_R,
720575941511336402,720575941459114451,4,VNC_HTct_R,
720575941511336402,720575941464901398,4,VNC_HTct_R,
720575941511336402,720575941475988529,3,VNC_IntTct_R,
720575941511336402,720575941475988529,3,VNC_WTct_R,
720575941511336402,720575941478390607,3,VNC_NTct_R,
720575941511336402,720575941496830370,7,VNC_HTct_R,
720575941511336402,720575941498935777,3,VNC_NTct_R,
720575941511336402,720575941501721138,8,VNC_HTct_R,
720575941511336402,720575941518433719,3,VNC_NTct_R,
720575941511336402,720575941518936792,3,VNC_NTct_R,
720575941511336402,720575941528944568,24,VNC_HTct_R,
720575941511336402,720575941528944568,11,VNC_IntTct_R,
720575941511336402,720575941532246762,4,VNC_NTct_R,
720575941511336402,720575941574155003,7,VNC_HTct_R,
720575941511336402,720575941574155003,3,VNC_WTct_R,
720575941511336402,720575941587181879,3,VNC_HTct_R,
720575941511336402,720575941588661388,3,VNC_HTct_R,
720575941511336402,720575941607605101,5,VNC_IntTct_R,
720575941511336402,720575941607605101,4,VNC_NTct_R,
720575941511336402,720575941614737877,5,VNC_WTct_R,
720575941511336402,720575941623347099,4,VNC_IntTct_R,
720575941511336402,720575941650775313,4,VNC_IntTct_R,
720575941511336402,720575941668725169,3,VNC_HTct_R,
720575941511473996,720575941474725684,5,VNC_IntTct_L,
720575941511473996,720575941477927042,6,VNC_NTct_L,
720575941511473996,720575941483838349,3,VNC_HTct_L,
720575941511473996,720575941514637827,4,VNC_NTct_L,
720575941511473996,720575941518125528,8,VNC_HTct_L,
720575941511473996,720575941535331338,14,VNC_IntTct_L,
720575941511473996,720575941536657123,5,VNC_NTct_L,
720575941511473996,720575941540205181,6,VNC_HTct_L,
720575941511473996,720575941540205181,6,VNC_IntTct_L,
720575941511473996,720575941555186074,13,VNC_NTct_L,
720575941511473996,720575941559020270,13,VNC_HTct_L,
720575941511473996,720575941559020270,7,VNC_IntTct_L,
720575941511473996,720575941572251144,9,VNC_HTct_L,
720575941511473996,720575941601243321,6,VNC_NTct_L,
720575941511473996,720575941612053094,3,VNC_HTct_L,
720575941511473996,720575941632614587,13,VNC_NTct_L,
720575941511473996,720575941650775313,10,VNC_IntTct_L,
720575941511473996,720575941723242042,4,VNC_IntTct_L,
720575941512600140,720575941394069654,4,VNC_HTct_L,
720575941512600140,720575941465484566,7,VNC_HTct_L,
720575941512600140,720575941465484566,5,VNC_IntTct_L,
720575941512600140,720575941530853507,3,VNC_IntTct_L,
720575941512600140,720575941547226248,3,VNC_NTct_L,
720575941512600140,720575941632896453,3,VNC_HTct_L,
720575941512837452,720575941439050703,3,VNC_IntTct_L,
720575941512837452,720575941457797360,3,VNC_IntTct_L,
720575941512837452,720575941474437681,3,VNC_IntTct_L,
720575941512837452,720575941475749994,3,VNC_IntTct_L,
720575941512837452,720575941518866542,6,VNC_IntTct_L,
720575941512837452,720575941540205181,6,VNC_HTct_L,
720575941512837452,720575941553338778,14,VNC_IntTct_L,
720575941512837452,720575941586402628,11,VNC_HTct_L,
720575941512837452,720575941586402628,3,VNC_IntTct_L,
720575941512837452,720575941586402628,3,VNC_T3_MetaNm_L,
720575941512837452,720575941605016941,5,VNC_IntTct_L,
720575941512837452,720575941612053094,7,VNC_HTct_L,
720575941512837452,720575941614889941,9,VNC_IntTct_L,
720575941512837452,720575941623347099,3,VNC_IntTct_L,
720575941512837452,720575941632614587,4,VNC_IntTct_L,
720575941513096012,720575941411791764,3,VNC_NTct_R,
720575941513096012,720575941429556655,28,VNC_NTct_R,
720575941513096012,720575941597149376,3,VNC_NTct_R,
720575941513096012,720575941686037878,3,VNC_NTct_R,
720575941513116762,720575941351927600,3,VNC_IntTct_R,
720575941513116762,720575941351927600,12,VNC_WTct_R,
720575941513116762,720575941405863854,3,VNC_IntTct_R,
720575941513116762,720575941405863854,6,VNC_NTct_R,
720575941513116762,720575941405863854,5,VNC_WTct_R,
720575941513116762,720575941439566559,3,VNC_IntTct_R,
720575941513116762,720575941498935777,3,VNC_NTct_R,
720575941513116762,720575941567030516,4,VNC_NTct_R,
720575941513116762,720575941610492636,3,VNC_WTct_R,
720575941513203665,720575941429556655,6,VNC_IntTct_R,
720575941513203665,720575941492308606,3,VNC_IntTct_R,
720575941513203665,720575941496677760,3,VNC_IntTct_R,
720575941513203665,720575941545400508,4,VNC_IntTct_R,
720575941513203665,720575941549735742,3,VNC_IntTct_R,
720575941513203665,720575941561304978,3,VNC_IntTct_R,
720575941513203665,720575941626940710,4,VNC_IntTct_R,
720575941513203665,720575941640892517,3,VNC_IntTct_R,
720575941513419619,720575941456348575,5,VNC_IntTct_R,
720575941513419619,720575941491651559,3,VNC_IntTct_R,
720575941513419619,720575941526355844,3,VNC_HTct_R,
720575941513419619,720575941526355844,3,VNC_IntTct_R,
720575941513419619,720575941551321371,3,VNC_IntTct_R,
720575941513419619,720575941574155003,3,VNC_IntTct_R,
720575941513419619,720575941685775116,4,VNC_IntTct_R,
720575941513768780,720575941453578409,8,VNC_T2_MesoNm_L,
720575941513768780,720575941548936253,9,VNC_T2_MesoNm_L,
720575941513768780,720575941551385371,53,VNC_T2_MesoNm_L,
720575941513768780,720575941555462995,5,VNC_IntTct_L,
720575941513768780,720575941555462995,75,VNC_T2_MesoNm_L,
720575941513768780,720575941574248187,4,VNC_T2_MesoNm_L,
720575941513768780,720575941649795057,5,VNC_T2_MesoNm_L,
720575941513768780,720575941652640273,37,VNC_T2_MesoNm_L,
720575941513768780,720575941703131610,16,VNC_T1_ProNm_L,
720575941513772179,720575941429543127,10,VNC_IntTct_L,
720575941513772179,720575941438938175,3,VNC_HTct_L,
720575941513772179,720575941438938175,7,VNC_IntTct_L,
720575941513772179,720575941457797360,4,VNC_IntTct_L,
720575941513772179,720575941490813872,12,VNC_IntTct_L,
720575941513772179,720575941495592571,3,VNC_HTct_L,
720575941513772179,720575941504039618,20,VNC_IntTct_L,
720575941513772179,720575941508509569,3,VNC_HTct_L,
720575941513772179,720575941518125528,3,VNC_HTct_L,
720575941513772179,720575941540205181,4,VNC_IntTct_L,
720575941513772179,720575941549683006,7,VNC_IntTct_L,
720575941513772179,720575941553338778,21,VNC_IntTct_L,
720575941513772179,720575941588615052,14,VNC_IntTct_L,
720575941513772179,720575941592428907,4,VNC_HTct_L,
720575941513772179,720575941593948805,8,VNC_IntTct_L,
720575941513772179,720575941605016941,3,VNC_IntTct_L,
720575941513772179,720575941614877397,9,VNC_IntTct_L,
720575941513772179,720575941614889941,6,VNC_IntTct_L,
720575941513772179,720575941653507801,6,VNC_HTct_L,
720575941513772179,720575941684706543,14,VNC_IntTct_L,
720575941513772179,720575941723242042,4,VNC_IntTct_L,
720575941513793612,720575941461251027,7,VNC_T1_ProNm_R,
720575941513798097,720575941501352535,43,VNC_T2_MesoNm_R,
720575941513798097,720575941501352535,3,VNC_WTct_R,
720575941513798097,720575941586471646,6,VNC_T1_ProNm_R,
720575941513798097,720575941586471646,20,VNC_T2_MesoNm_R,
720575941513798097,720575941627995705,3,VNC_T2_MesoNm_R,
720575941513808849,720575941410025071,3,VNC_unassigned_L,
720575941513808849,720575941411656081,5,VNC_T2_MesoNm_L,
720575941513811532,720575941429439959,3,VNC_IntTct_R,
720575941513811532,720575941501984651,12,VNC_IntTct_R,
720575941513811532,720575941546731041,4,VNC_IntTct_R,
720575941513811532,720575941563254070,4,VNC_IntTct_R,
720575941513811532,720575941608310346,39,VNC_IntTct_R,
720575941513811532,720575941608310346,4,VNC_LTct_R,
720575941513942106,720575941428277752,3,VNC_IntTct_R,
720575941513942106,720575941480550018,3,VNC_HTct_R,
720575941513942106,720575941566956532,3,VNC_IntTct_R,
720575941513942106,720575941573956239,5,VNC_HTct_R,
720575941513942106,720575941575684953,6,VNC_HTct_R,
720575941513942106,720575941584808158,3,VNC_HTct_R,
720575941513942106,720575941593615211,3,VNC_IntTct_R,
720575941513942106,720575941608991050,4,VNC_IntTct_R,
720575941513942106,720575941623284362,4,VNC_IntTct_R,
720575941513942106,720575941623399788,15,VNC_IntTct_R,
720575941513942106,720575941626940710,10,VNC_IntTct_R,
720575941513942106,720575941644908408,5,VNC_HTct_R,
720575941514064716,720575941501352535,3,VNC_IntTct_R,
720575941514064716,720575941501352535,73,VNC_T2_MesoNm_R,
720575941514064716,720575941501352535,6,VNC_WTct_R,
720575941514111564,720575941486560774,8,VNC_T2_MesoNm_R,
720575941514358675,720575941399309603,11,VNC_IntTct_L,
720575941514358675,720575941399309603,3,VNC_WTct_L,
720575941514358675,720575941412323473,3,VNC_WTct_L,
720575941514358675,720575941412323473,5,VNC_unassigned_L,
720575941514358675,720575941433032718,3,VNC_IntTct_L,
720575941514358675,720575941433032718,4,VNC_NTct_L,
720575941514358675,720575941433032718,3,VNC_WTct_L,
720575941514358675,720575941447808334,3,VNC_IntTct_L,
720575941514358675,720575941471203447,4,VNC_WTct_L,
720575941514358675,720575941476080177,3,VNC_IntTct_L,
720575941514358675,720575941479098819,4,VNC_WTct_L,
720575941514358675,720575941501129047,3,VNC_WTct_L,
720575941514358675,720575941518407607,8,VNC_HTct_L,
720575941514358675,720575941518407607,13,VNC_IntTct_L,
720575941514358675,720575941524369945,3,VNC_HTct_L,
720575941514358675,720575941564547479,4,VNC_HTct_L,
720575941514358675,720575941569659806,6,VNC_IntTct_L,
720575941514358675,720575941583511518,8,VNC_IntTct_L,
720575941514358675,720575941608861929,3,VNC_IntTct_L,
720575941514358675,720575941628591330,5,VNC_IntTct_L,
720575941514358675,720575941628591330,3,VNC_WTct_L,
720575941514358675,720575941630111941,12,VNC_IntTct_L,
720575941514358675,720575941632896453,4,VNC_HTct_L,
720575941514358675,720575941632896453,10,VNC_IntTct_L,
720575941514358675,720575941632896453,5,VNC_unassigned_L,
720575941514447097,720575941477297716,5,VNC_NTct_L,
720575941514447097,720575941536657123,3,VNC_NTct_L,
720575941514461772,720575941429532119,3,VNC_LTct_R,
720575941514461772,720575941430016905,3,VNC_LTct_L,
720575941514461772,720575941449245818,6,VNC_LTct_R,
720575941514461772,720575941450520745,9,VNC_T3_MetaNm_L,
720575941514461772,720575941457802480,16,VNC_IntTct_R,
720575941514461772,720575941457802480,15,VNC_LTct_L,
720575941514461772,720575941457802480,16,VNC_LTct_R,
720575941514461772,720575941458373587,4,VNC_IntTct_R,
720575941514461772,720575941459554960,3,VNC_IntTct_R,
720575941514461772,720575941474741819,9,VNC_LTct_L,
720575941514461772,720575941474741819,27,VNC_LTct_R,
720575941514461772,720575941482212605,24,VNC_T3_MetaNm_L,
720575941514461772,720575941482212605,8,VNC_T3_MetaNm_R,
720575941514461772,720575941488732876,5,VNC_IntTct_R,
720575941514461772,720575941498819234,4,VNC_T3_MetaNm_L,
720575941514461772,720575941501984651,4,VNC_IntTct_R,
720575941514461772,720575941512798929,3,VNC_T3_MetaNm_R,
720575941514461772,720575941519453038,11,VNC_IntTct_R,
720575941514461772,720575941519453038,3,VNC_LTct_L,
720575941514461772,720575941519453038,13,VNC_LTct_R,
720575941514461772,720575941521236915,4,VNC_T3_MetaNm_R,
720575941514461772,720575941522089463,3,VNC_LTct_R,
720575941514461772,720575941523100491,3,VNC_LTct_R,
720575941514461772,720575941528086660,4,VNC_LTct_R,
720575941514461772,720575941536318869,7,VNC_T2_MesoNm_R,
720575941514461772,720575941537501160,3,VNC_IntTct_R,
720575941514461772,720575941546727713,3,VNC_LTct_R,
720575941514461772,720575941552496641,5,VNC_LTct_R,
720575941514461772,720575941570817352,3,VNC_IntTct_L,
720575941514461772,720575941583254918,5,VNC_IntTct_R,
720575941514461772,720575941611343337,4,VNC_ANm_L,
720575941514461772,720575941623067338,17,VNC_LTct_R,
720575941514461772,720575941623972251,3,VNC_LTct_L,
720575941514461772,720575941636281205,7,VNC_LTct_R,
720575941514461772,720575941644138401,3,VNC_LTct_L,
720575941514461772,720575941644138401,7,VNC_LTct_R,
720575941514461772,720575941645095585,3,VNC_ANm_R,
720575941514461772,720575941645095585,6,VNC_T3_MetaNm_L,
720575941514461772,720575941645095585,15,VNC_T3_MetaNm_R,
720575941514461772,720575941681017789,3,VNC_T3_MetaNm_L,
720575941514530892,720575941489819081,4,VNC_WTct_R,
720575941514530892,720575941533234954,4,VNC_WTct_R,
720575941514530892,720575941539218301,10,VNC_WTct_R,
720575941514530892,720575941539218301,5,VNC_unassigned_R,
720575941514530892,720575941623353755,5,VNC_WTct_R,
720575941514530892,720575941631829701,3,VNC_WTct_R,
720575941514530892,720575941642447973,3,VNC_WTct_R,
720575941514530892,720575941691313115,3,VNC_WTct_L,
720575941514787907,720575941501135191,27,VNC_T1_ProNm_L,
720575941514787907,720575941501135191,3,VNC_unassigned_L,
720575941514949881,720575941432005646,3,VNC_NTct_L,
720575941514949881,720575941477927042,5,VNC_NTct_L,
720575941514949881,720575941523112439,4,VNC_NTct_L,
720575941514949881,720575941525725954,8,VNC_NTct_L,
720575941514949881,720575941536657123,35,VNC_NTct_L,
720575941514949881,720575941579868917,67,VNC_NTct_L,
720575941514949881,720575941595131175,4,VNC_NTct_L,
720575941514949881,720575941678544829,5,VNC_NTct_L,
720575941515152195,720575941401795619,3,VNC_IntTct_L,
720575941515152195,720575941451768391,3,VNC_T1_ProNm_L,
720575941515152195,720575941451768391,13,VNC_T2_MesoNm_L,
720575941515152195,720575941466725206,4,VNC_LTct_L,
720575941515152195,720575941466725206,4,VNC_T2_MesoNm_L,
720575941515152195,720575941486560774,15,VNC_T2_MesoNm_R,
720575941515152195,720575941579804661,3,VNC_T1_ProNm_R,
720575941515238234,720575941457073478,4,VNC_IntTct_R,
720575941515238234,720575941498935777,3,VNC_IntTct_R,
720575941515238234,720575941657718552,8,VNC_IntTct_R,
720575941515411603,720575941457073478,3,VNC_IntTct_R,
720575941515411603,720575941533761050,5,VNC_IntTct_R,
720575941515411603,720575941545400508,3,VNC_IntTct_R,
720575941515548515,720575941470237504,3,VNC_T1_ProNm_R,
720575941515548515,720575941498482043,3,VNC_NTct_R,
720575941515548515,720575941691013016,14,VNC_T1_ProNm_R,
720575941515548515,720575941691013016,3,VNC_unassigned_R,
720575941515579747,720575941477297716,4,VNC_unassigned_L,
720575941515619427,720575941401776931,11,VNC_IntTct_R,
720575941515619427,720575941401776931,5,VNC_LTct_R,
720575941515619427,720575941408509867,4,VNC_IntTct_L,
720575941515619427,720575941408509867,12,VNC_IntTct_R,
720575941515619427,720575941408509867,10,VNC_WTct_R,
720575941515619427,720575941411791764,3,VNC_IntTct_R,
720575941515619427,720575941441318591,5,VNC_IntTct_R,
720575941515619427,720575941447013813,4,VNC_T3_MetaNm_L,
720575941515619427,720575941463655693,3,VNC_IntTct_R,
720575941515619427,720575941463655693,4,VNC_WTct_R,
720575941515619427,720575941472135179,21,VNC_IntTct_R,
720575941515619427,720575941473850720,6,VNC_IntTct_L,
720575941515619427,720575941474334779,3,VNC_ANm_R,
720575941515619427,720575941474334779,8,VNC_HTct_R,
720575941515619427,720575941474334779,3,VNC_IntTct_R,
720575941515619427,720575941474437681,5,VNC_IntTct_R,
720575941515619427,720575941477884802,8,VNC_HTct_R,
720575941515619427,720575941489746663,5,VNC_IntTct_R,
720575941515619427,720575941501984651,3,VNC_IntTct_R,
720575941515619427,720575941504389655,4,VNC_IntTct_R,
720575941515619427,720575941504389655,3,VNC_NTct_R,
720575941515619427,720575941504389655,4,VNC_WTct_R,
720575941515619427,720575941517770412,8,VNC_IntTct_R,
720575941515619427,720575941517770412,4,VNC_NTct_R,
720575941515619427,720575941517770412,6,VNC_WTct_R,
720575941515619427,720575941526690841,7,VNC_IntTct_L,
720575941515619427,720575941532246762,4,VNC_HTct_R,
720575941515619427,720575941532246762,28,VNC_IntTct_R,
720575941515619427,720575941532246762,4,VNC_LTct_R,
720575941515619427,720575941532246762,6,VNC_NTct_R,
720575941515619427,720575941532432618,4,VNC_IntTct_R,
720575941515619427,720575941535047690,10,VNC_IntTct_R,
720575941515619427,720575941537501160,3,VNC_WTct_R,
720575941515619427,720575941562134829,16,VNC_IntTct_R,
720575941515619427,720575941562134829,3,VNC_WTct_R,
720575941515619427,720575941571971229,5,VNC_NTct_R,
720575941515619427,720575941587181879,3,VNC_IntTct_R,
720575941515619427,720575941607605101,21,VNC_IntTct_R,
720575941515619427,720575941607605101,6,VNC_NTct_R,
720575941515619427,720575941607605101,4,VNC_WTct_R,
720575941515619427,720575941608991050,4,VNC_IntTct_R,
720575941515619427,720575941610354153,3,VNC_IntTct_R,
720575941515619427,720575941619873663,4,VNC_LTct_R,
720575941515619427,720575941623347099,9,VNC_IntTct_R,
720575941515619427,720575941625907769,4,VNC_IntTct_R,
720575941515619427,720575941631436524,3,VNC_WTct_R,
720575941515630947,720575941351927600,4,VNC_IntTct_R,
720575941515630947,720575941429439959,9,VNC_IntTct_R,
720575941515630947,720575941430386446,4,VNC_T2_MesoNm_R,
720575941515630947,720575941450628218,13,VNC_IntTct_R,
720575941515630947,720575941450628218,3,VNC_T1_ProNm_R,
720575941515630947,720575941450628218,6,VNC_T2_MesoNm_R,
720575941515630947,720575941470786368,3,VNC_IntTct_R,
720575941515630947,720575941499725986,4,VNC_IntTct_R,
720575941515630947,720575941511275986,4,VNC_IntTct_R,
720575941515630947,720575941566802170,14,VNC_IntTct_R,
720575941515630947,720575941566802170,5,VNC_T2_MesoNm_R,
720575941515630947,720575941579804661,16,VNC_IntTct_R,
720575941515630947,720575941579804661,4,VNC_LTct_R,
720575941515630947,720575941579804661,3,VNC_T1_ProNm_R,
720575941515630947,720575941579804661,5,VNC_T2_MesoNm_R,
720575941515630947,720575941609429350,10,VNC_IntTct_R,
720575941515630947,720575941640900453,4,VNC_IntTct_R,
720575941515630947,720575941642936696,6,VNC_IntTct_R,
720575941515630947,720575941644908408,6,VNC_HTct_R,
720575941515630947,720575941644908408,9,VNC_T3_MetaNm_R,
720575941515726691,720575941542905629,6,VNC_T1_ProNm_L,
720575941515746051,720575941401795619,10,VNC_T1_ProNm_L,
720575941515840403,720575941400818723,5,VNC_IntTct_L,
720575941515840403,720575941429543127,6,VNC_IntTct_L,
720575941515840403,720575941433032718,11,VNC_IntTct_L,
720575941515840403,720575941569659806,3,VNC_IntTct_L,
720575941515840403,720575941630111941,6,VNC_IntTct_L,
720575941515872003,720575941461251027,5,VNC_T1_ProNm_R,
720575941515917667,720575941401776931,6,VNC_IntTct_L,
720575941515917667,720575941459559824,6,VNC_IntTct_L,
720575941515917667,720575941467252189,3,VNC_IntTct_L,
720575941515917667,720575941490833072,3,VNC_IntTct_L,
720575941515917667,720575941501802434,4,VNC_IntTct_L,
720575941515917667,720575941535331338,11,VNC_IntTct_L,
720575941515917667,720575941549386239,4,VNC_IntTct_L,
720575941515917667,720575941553338778,18,VNC_IntTct_L,
720575941515917667,720575941723242042,5,VNC_IntTct_L,
720575941515922169,720575941431166679,5,VNC_T2_MesoNm_R,
720575941515922169,720575941450696029,3,VNC_T2_MesoNm_R,
720575941515922169,720575941491175399,4,VNC_IntTct_R,
720575941515922169,720575941491175399,15,VNC_T2_MesoNm_R,
720575941515922169,720575941525847396,3,VNC_T2_MesoNm_R,
720575941515922169,720575941559321971,3,VNC_IntTct_R,
720575941515922169,720575941652323289,3,VNC_T2_MesoNm_R,
720575941515922778,720575941429532119,7,VNC_T3_MetaNm_L,
720575941515922778,720575941431072137,7,VNC_IntTct_L,
720575941515922778,720575941431072137,5,VNC_LTct_L,
720575941515922778,720575941431072137,4,VNC_T1_ProNm_L,
720575941515922778,720575941435778834,3,VNC_ANm_L,
720575941515922778,720575941435778834,16,VNC_T3_MetaNm_L,
720575941515922778,720575941438659551,6,VNC_T3_MetaNm_L,
720575941515922778,720575941466725206,4,VNC_LTct_L,
720575941515922778,720575941478598735,3,VNC_T3_MetaNm_L,
720575941515922778,720575941487877328,4,VNC_LTct_L,
720575941515922778,720575941491136718,3,VNC_ANm_L,
720575941515922778,720575941529827557,8,VNC_LTct_L,
720575941515922778,720575941530837891,3,VNC_LTct_L,
720575941515922778,720575941535047690,3,VNC_ANm_L,
720575941515922778,720575941547336253,3,VNC_IntTct_L,
720575941515922778,720575941547336253,5,VNC_T1_ProNm_L,
720575941515922778,720575941554803620,3,VNC_LTct_L,
720575941515922778,720575941557882895,7,VNC_LTct_L,
720575941515922778,720575941558343725,13,VNC_LTct_L,
720575941515922778,720575941562040320,3,VNC_T1_ProNm_L,
720575941515922778,720575941568855540,3,VNC_T3_MetaNm_L,
720575941515922778,720575941595871424,7,VNC_IntTct_L,
720575941515922778,720575941595871424,19,VNC_LTct_L,
720575941515922778,720575941595871424,10,VNC_T1_ProNm_L,
720575941515922778,720575941625907769,3,VNC_ANm_L,
720575941515922778,720575941625907769,8,VNC_T3_MetaNm_L,
720575941515922778,720575941645261768,6,VNC_T3_MetaNm_L,
720575941515922778,720575941650755601,3,VNC_ANm_L,
720575941515922778,720575941650755601,4,VNC_T3_MetaNm_L,
720575941515922778,720575941662295352,9,VNC_T3_MetaNm_L,
720575941515922778,720575941670676135,3,VNC_IntTct_L,
720575941515944803,720575941438631871,4,VNC_T2_MesoNm_L,
720575941515944803,720575941463655693,3,VNC_NTct_L,
720575941515944803,720575941512450371,33,VNC_T2_MesoNm_L,
720575941515944803,720575941512450371,4,VNC_WTct_L,
720575941515944803,720575941512450371,3,VNC_unassigned_L,
720575941515944803,720575941518434227,3,VNC_unassigned_L,
720575941515944803,720575941521485643,5,VNC_unassigned_L,
720575941515944803,720575941567639922,4,VNC_WTct_L,
720575941515944803,720575941586381534,4,VNC_WTct_L,
720575941515944803,720575941611060042,5,VNC_T2_MesoNm_L,
720575941515944803,720575941644900472,3,VNC_NTct_L,
720575941515944803,720575941670593703,17,VNC_T2_MesoNm_L,
720575941515969123,720575941498482043,6,VNC_IntTct_R,
720575941515969123,720575941623130314,3,VNC_IntTct_R,
720575941515972698,720575941394069654,8,VNC_HTct_L,
720575941515972698,720575941399309603,4,VNC_HTct_L,
720575941515972698,720575941399309603,10,VNC_IntTct_L,
720575941515972698,720575941399309603,7,VNC_WTct_L,
720575941515972698,720575941410007663,9,VNC_HTct_L,
720575941515972698,720575941410007663,9,VNC_IntTct_L,
720575941515972698,720575941412323473,9,VNC_IntTct_L,
720575941515972698,720575941412443540,4,VNC_IntTct_L,
720575941515972698,720575941414326161,5,VNC_HTct_L,
720575941515972698,720575941414326161,6,VNC_IntTct_L,
720575941515972698,720575941429512151,6,VNC_IntTct_L,
720575941515972698,720575941433032718,11,VNC_IntTct_L,
720575941515972698,720575941439050703,4,VNC_HTct_L,
720575941515972698,720575941439050703,18,VNC_IntTct_L,
720575941515972698,720575941457147206,12,VNC_HTct_L,
720575941515972698,720575941457147206,24,VNC_IntTct_L,
720575941515972698,720575941457147206,3,VNC_NTct_L,
720575941515972698,720575941457147206,13,VNC_WTct_L,
720575941515972698,720575941465484566,23,VNC_HTct_L,
720575941515972698,720575941465484566,21,VNC_IntTct_L,
720575941515972698,720575941471203447,6,VNC_HTct_L,
720575941515972698,720575941477166622,29,VNC_IntTct_L,
720575941515972698,720575941477166622,6,VNC_NTct_L,
720575941515972698,720575941477166622,5,VNC_WTct_L,
720575941515972698,720575941477884802,6,VNC_HTct_L,
720575941515972698,720575941477955491,4,VNC_HTct_L,
720575941515972698,720575941478092963,4,VNC_IntTct_L,
720575941515972698,720575941478092963,5,VNC_WTct_L,
720575941515972698,720575941480415939,15,VNC_HTct_L,
720575941515972698,720575941481020925,4,VNC_IntTct_L,
720575941515972698,720575941495592571,7,VNC_HTct_L,
720575941515972698,720575941505478690,10,VNC_IntTct_L,
720575941515972698,720575941508542674,8,VNC_HTct_L,
720575941515972698,720575941508542674,3,VNC_WTct_L,
720575941515972698,720575941518866542,4,VNC_IntTct_L,
720575941515972698,720575941524114532,14,VNC_HTct_L,
720575941515972698,720575941524114532,16,VNC_IntTct_L,
720575941515972698,720575941530853507,5,VNC_HTct_L,
720575941515972698,720575941530853507,11,VNC_IntTct_L,
720575941515972698,720575941533221825,3,VNC_LTct_L,
720575941515972698,720575941535331338,10,VNC_IntTct_L,
720575941515972698,720575941535331338,10,VNC_WTct_L,
720575941515972698,720575941543669765,23,VNC_HTct_L,
720575941515972698,720575941543669765,25,VNC_IntTct_L,
720575941515972698,720575941546731041,5,VNC_LTct_L,
720575941515972698,720575941563253814,3,VNC_IntTct_L,
720575941515972698,720575941572251144,33,VNC_HTct_L,
720575941515972698,720575941572251144,34,VNC_IntTct_L,
720575941515972698,720575941572851087,6,VNC_IntTct_L,
720575941515972698,720575941573204662,3,VNC_IntTct_L,
720575941515972698,720575941575800153,5,VNC_IntTct_L,
720575941515972698,720575941579868917,3,VNC_IntTct_L,
720575941515972698,720575941583128454,43,VNC_HTct_L,
720575941515972698,720575941583128454,15,VNC_IntTct_L,
720575941515972698,720575941583511518,5,VNC_IntTct_L,
720575941515972698,720575941588018942,3,VNC_IntTct_L,
720575941515972698,720575941588652940,3,VNC_HTct_L,
720575941515972698,720575941594213927,4,VNC_IntTct_L,
720575941515972698,720575941594213927,3,VNC_WTct_L,
720575941515972698,720575941608861929,13,VNC_IntTct_L,
720575941515972698,720575941608861929,3,VNC_WTct_L,
720575941515972698,720575941612053094,7,VNC_HTct_L,
720575941515972698,720575941623347099,3,VNC_IntTct_L,
720575941515972698,720575941630111941,4,VNC_HTct_L,
720575941515972698,720575941630748859,17,VNC_HTct_L,
720575941515972698,720575941630748859,6,VNC_IntTct_L,
720575941515972698,720575941632896453,7,VNC_HTct_L,
720575941515972698,720575941632896453,7,VNC_IntTct_L,
720575941515972698,720575941632896453,4,VNC_WTct_L,
720575941515972698,720575941652191961,3,VNC_NTct_L,
720575941515972698,720575941653507801,16,VNC_HTct_L,
720575941515972698,720575941671138727,51,VNC_IntTct_L,
720575941515972698,720575941671138727,3,VNC_NTct_L,
720575941515972698,720575941671138727,23,VNC_WTct_L,
720575941515972698,720575941687572492,9,VNC_IntTct_L,
720575941515972698,720575941687572492,4,VNC_WTct_L,
720575941516229475,720575941459591568,3,VNC_AMNp_L,
720575941516229475,720575941470747968,12,VNC_T2_MesoNm_L,
720575941516229475,720575941492350590,3,VNC_AMNp_L,
720575941516229475,720575941497092169,4,VNC_AMNp_L,
720575941516229475,720575941497092169,4,VNC_IntTct_L,
720575941516229475,720575941497092169,12,VNC_T2_MesoNm_L,
720575941516229475,720575941505536290,3,VNC_ANm_L,
720575941516229475,720575941505536290,7,VNC_T3_MetaNm_L,
720575941516229475,720575941519492718,4,VNC_T1_ProNm_L,
720575941516229475,720575941519492718,27,VNC_T2_MesoNm_L,
720575941516237817,720575941491175399,5,VNC_T2_MesoNm_R,
720575941516237817,720575941533758234,3,VNC_T2_MesoNm_R,
720575941516271450,720575941408421291,7,VNC_T3_MetaNm_L,
720575941516271450,720575941623972251,6,VNC_LTct_L,
720575941516271450,720575941623972251,4,VNC_T1_ProNm_L,
720575941516357881,720575941489320757,8,VNC_HTct_L,
720575941516357881,720575941492318128,5,VNC_IntTct_L,
720575941516357881,720575941501041643,7,VNC_IntTct_L,
720575941516357881,720575941537600973,3,VNC_HTct_L,
720575941516357881,720575941588018942,5,VNC_HTct_L,
720575941516357881,720575941591748648,3,VNC_HTct_L,
720575941516357881,720575941591748648,9,VNC_IntTct_L,
720575941516357881,720575941671138727,3,VNC_IntTct_L,
720575941516357881,720575941687572492,7,VNC_IntTct_L,
720575941516764819,720575941392491268,3,VNC_WTct_L,
720575941516764819,720575941474437681,3,VNC_HTct_L,
720575941516764819,720575941521986227,3,VNC_IntTct_R,
720575941516764819,720575941588018942,6,VNC_HTct_L,
720575941516764819,720575941599444777,3,VNC_HTct_L,
720575941516764819,720575941644900472,3,VNC_HTct_L,
720575941517006296,720575941456678893,5,VNC_NTct_L,
720575941517006296,720575941457147206,5,VNC_NTct_L,
720575941517006296,720575941562358023,4,VNC_WTct_L,
720575941517006296,720575941644900472,4,VNC_WTct_L,
720575941517006296,720575941691313115,3,VNC_NTct_L,
720575941518404974,720575941411765140,17,VNC_LTct_L,
720575941518404974,720575941430016905,4,VNC_LTct_L,
720575941518404974,720575941466725206,3,VNC_LTct_L,
720575941518404974,720575941468720139,5,VNC_LTct_L,
720575941518404974,720575941481050877,4,VNC_AMNp_L,
720575941518404974,720575941481050877,11,VNC_LTct_L,
720575941518404974,720575941507793680,4,VNC_LTct_L,
720575941518404974,720575941527110840,9,VNC_LTct_L,
720575941518404974,720575941527150776,10,VNC_LTct_L,
720575941518404974,720575941552643390,3,VNC_AMNp_L,
720575941518404974,720575941595871424,5,VNC_IntTct_L,
720575941518404974,720575941595871424,4,VNC_LTct_L,
720575941518404974,720575941685980278,3,VNC_LTct_L,
720575941518509495,720575941453578409,4,VNC_T2_MesoNm_L,
720575941518509495,720575941501135191,28,VNC_T1_ProNm_L,
720575941518509495,720575941501984651,6,VNC_T2_MesoNm_L,
720575941518509495,720575941540201933,27,VNC_T1_ProNm_L,
720575941518794668,720575941652537361,4,VNC_T2_MesoNm_R,
720575941518951091,720575941464901398,12,VNC_HTct_R,
720575941518951091,720575941464901398,4,VNC_IntTct_R,
720575941518951091,720575941474482737,3,VNC_HTct_R,
720575941518951091,720575941487910608,7,VNC_HTct_R,
720575941518951091,720575941498935777,5,VNC_IntTct_R,
720575941518951091,720575941498935777,8,VNC_NTct_R,
720575941518951091,720575941533138625,5,VNC_IntTct_R,
720575941518951091,720575941657718552,4,VNC_HTct_R,
720575941518951091,720575941657718552,11,VNC_IntTct_R,
720575941518951091,720575941657718552,3,VNC_NTct_R,
720575941519241176,720575941460232147,6,VNC_T2_MesoNm_R,
720575941519241176,720575941501352535,5,VNC_T2_MesoNm_R,
720575941519241176,720575941524353049,13,VNC_T2_MesoNm_R,
720575941519241176,720575941559929615,19,VNC_T2_MesoNm_R,
720575941519241176,720575941627995705,17,VNC_T2_MesoNm_R,
720575941519241176,720575941627995705,3,VNC_WTct_R,
720575941519246296,720575941491175399,4,VNC_T2_MesoNm_R,
720575941519246296,720575941501352535,7,VNC_T2_MesoNm_R,
720575941519246296,720575941586471646,6,VNC_T1_ProNm_R,
720575941519246296,720575941623130314,5,VNC_T1_ProNm_R,
720575941519274968,720575941431660937,3,VNC_ANm_R,
720575941519274968,720575941472135179,3,VNC_NTct_R,
720575941519453550,720575941440934351,15,VNC_T2_MesoNm_R,
720575941519453550,720575941483841090,16,VNC_T2_MesoNm_R,
720575941519453550,720575941488193481,7,VNC_T2_MesoNm_R,
720575941519453550,720575941498482043,7,VNC_AMNp_R,
720575941519453550,720575941498482043,6,VNC_IntTct_R,
720575941519453550,720575941498482043,7,VNC_T1_ProNm_R,
720575941519453550,720575941498482043,18,VNC_T2_MesoNm_R,
720575941519453550,720575941513160697,5,VNC_IntTct_R,
720575941519453550,720575941516848750,3,VNC_T2_MesoNm_R,
720575941519453550,720575941526854822,6,VNC_T2_MesoNm_R,
720575941519453550,720575941565301550,4,VNC_LTct_R,
720575941519453550,720575941567039732,3,VNC_IntTct_R,
720575941519453550,720575941567039732,36,VNC_T2_MesoNm_R,
720575941519453550,720575941580604661,4,VNC_T2_MesoNm_R,
720575941519453550,720575941595308327,12,VNC_T2_MesoNm_R,
720575941519453550,720575941625907769,5,VNC_T2_MesoNm_R,
720575941519453550,720575941643002962,3,VNC_T2_MesoNm_R,
720575941519453550,720575941681021885,7,VNC_T2_MesoNm_R,
720575941519463278,720575941390684310,5,VNC_unassigned_L,
720575941519463278,720575941401815331,4,VNC_T2_MesoNm_L,
720575941519463278,720575941431075425,21,VNC_T3_MetaNm_L,
720575941519463278,720575941436391698,5,VNC_unassigned_L,
720575941519463278,720575941438670015,3,VNC_unassigned_L,
720575941519463278,720575941439120591,3,VNC_unassigned_L,
720575941519463278,720575941442357674,42,VNC_T2_MesoNm_L,
720575941519463278,720575941450559566,34,VNC_T2_MesoNm_L,
720575941519463278,720575941452198707,6,VNC_unassigned_L,
720575941519463278,720575941452199475,6,VNC_unassigned_L,
720575941519463278,720575941474467633,97,VNC_T2_MesoNm_L,
720575941519463278,720575941479369346,3,VNC_T1_ProNm_L,
720575941519463278,720575941479369346,4,VNC_unassigned_L,
720575941519463278,720575941480223456,11,VNC_T2_MesoNm_L,
720575941519463278,720575941501026283,4,VNC_unassigned_L,
720575941519463278,720575941504424517,4,VNC_unassigned_L,
720575941519463278,720575941512450371,7,VNC_T2_MesoNm_L,
720575941519463278,720575941518406766,3,VNC_unassigned_L,
720575941519463278,720575941526406532,4,VNC_unassigned_L,
720575941519463278,720575941527843768,5,VNC_unassigned_L,
720575941519463278,720575941529212619,7,VNC_unassigned_L,
720575941519463278,720575941548936253,3,VNC_T2_MesoNm_L,
720575941519463278,720575941552487169,3,VNC_T2_MesoNm_L,
720575941519463278,720575941555462995,37,VNC_T2_MesoNm_L,
720575941519463278,720575941555575332,5,VNC_unassigned_L,
720575941519463278,720575941559310125,4,VNC_WTct_L,
720575941519463278,720575941559310125,7,VNC_unassigned_L,
720575941519463278,720575941572444830,8,VNC_T2_MesoNm_L,
720575941519463278,720575941572737679,21,VNC_T1_ProNm_L,
720575941519463278,720575941590291084,26,VNC_T2_MesoNm_L,
720575941519463278,720575941608900585,4,VNC_unassigned_L,
720575941519463278,720575941632698555,21,VNC_T2_MesoNm_L,
720575941519463278,720575941649795057,22,VNC_T2_MesoNm_L,
720575941519463278,720575941654985945,4,VNC_T3_MetaNm_L,
720575941519463278,720575941670593703,6,VNC_T2_MesoNm_L,
720575941519463278,720575941670676135,5,VNC_unassigned_L,
720575941519464046,720575941461251027,6,VNC_T1_ProNm_R,
720575941519464046,720575941469724125,3,VNC_T1_ProNm_R,
720575941519464046,720575941501352535,5,VNC_T2_MesoNm_R,
720575941519464046,720575941613448668,15,VNC_T2_MesoNm_R,
720575941519464046,720575941623130314,23,VNC_T1_ProNm_R,
720575941519464046,720575941627995705,6,VNC_T2_MesoNm_R,
720575941519611608,720575941501352535,56,VNC_T2_MesoNm_R,
720575941519611608,720575941536318869,9,VNC_T2_MesoNm_R,
720575941519658862,720575941461235088,3,VNC_T1_ProNm_L,
720575941519658862,720575941490266828,3,VNC_ANm_L,
720575941521188791,720575941650578193,3,VNC_AMNp_L,
720575941521256115,720575941401776931,6,VNC_T1_ProNm_R,
720575941521256115,720575941456667373,5,VNC_T1_ProNm_R,
720575941521256115,720575941573489416,3,VNC_T2_MesoNm_R,
720575941521274551,720575941436692543,4,VNC_T2_MesoNm_L,
720575941521274551,720575941438631871,7,VNC_T2_MesoNm_L,
720575941521274551,720575941468950592,8,VNC_T2_MesoNm_L,
720575941521274551,720575941501002731,3,VNC_T2_MesoNm_L,
720575941521274551,720575941512450371,62,VNC_T2_MesoNm_L,
720575941521274551,720575941512450371,6,VNC_WTct_L,
720575941521274551,720575941516734062,10,VNC_T2_MesoNm_L,
720575941521282739,720575941555186074,3,VNC_NTct_L,
720575941521282739,720575941579868917,3,VNC_NTct_L,
720575941521340087,720575941394069654,9,VNC_HTct_L,
720575941521340087,720575941414326161,7,VNC_IntTct_L,
720575941521340087,720575941447013813,6,VNC_IntTct_L,
720575941521340087,720575941447808334,5,VNC_HTct_L,
720575941521340087,720575941455940336,3,VNC_IntTct_L,
720575941521340087,720575941464073558,17,VNC_IntTct_L,
720575941521340087,720575941465484566,5,VNC_IntTct_L,
720575941521340087,720575941477166622,5,VNC_HTct_L,
720575941521340087,720575941477166622,11,VNC_IntTct_L,
720575941521340087,720575941479167456,3,VNC_IntTct_L,
720575941521340087,720575941501041643,4,VNC_NTct_L,
720575941521340087,720575941504563781,7,VNC_HTct_L,
720575941521340087,720575941517764824,5,VNC_HTct_L,
720575941521340087,720575941536208789,4,VNC_IntTct_L,
720575941521340087,720575941566954228,3,VNC_IntTct_L,
720575941521340087,720575941572251144,6,VNC_HTct_L,
720575941521340087,720575941572251144,12,VNC_IntTct_L,
720575941521340087,720575941579868917,4,VNC_IntTct_L,
720575941521340087,720575941583128454,23,VNC_HTct_L,
720575941521340087,720575941583128454,23,VNC_IntTct_L,
720575941521340087,720575941583595486,3,VNC_HTct_L,
720575941521340087,720575941583595486,7,VNC_IntTct_L,
720575941521340087,720575941591499627,5,VNC_HTct_L,
720575941521340087,720575941601088441,3,VNC_HTct_L,
720575941521340087,720575941601088441,4,VNC_IntTct_L,
720575941521340087,720575941601243321,11,VNC_IntTct_L,
720575941521340087,720575941601243321,3,VNC_NTct_L,
720575941521340087,720575941611080010,7,VNC_HTct_L,
720575941521340087,720575941630748859,3,VNC_HTct_L,
720575941521340087,720575941630748859,3,VNC_IntTct_L,
720575941521340087,720575941652781524,5,VNC_IntTct_L,
720575941521340087,720575941678358973,7,VNC_HTct_L,
720575941521369523,720575941432005646,4,VNC_NTct_L,
720575941521369523,720575941459926086,9,VNC_NTct_L,
720575941521369523,720575941536657123,6,VNC_NTct_L,
720575941521369523,720575941536657123,3,VNC_T1_ProNm_L,
720575941521369523,720575941588061438,5,VNC_NTct_L,
720575941521369523,720575941595131175,4,VNC_IntTct_L,
720575941522739275,720575941458373587,3,VNC_NTct_R,
720575941523074295,720575941411791764,6,VNC_NTct_R,
720575941523074295,720575941503451301,10,VNC_HTct_R,
720575941523074295,720575941518936792,4,VNC_NTct_R,
720575941523074295,720575941551321371,11,VNC_NTct_R,
720575941523074295,720575941561304978,3,VNC_HTct_R,
720575941523074295,720575941599444777,5,VNC_NTct_R,
720575941523074295,720575941607605101,22,VNC_NTct_R,
720575941523074295,720575941608991050,6,VNC_HTct_R,
720575941523074295,720575941640895589,13,VNC_NTct_R,
720575941523074295,720575941652647185,8,VNC_NTct_R,
720575941523074295,720575941665522419,3,VNC_HTct_R,
720575941523079671,720575941440464219,4,VNC_LTct_L,
720575941523079671,720575941506310309,3,VNC_LTct_L,
720575941523079671,720575941526426756,3,VNC_LTct_R,
720575941523079671,720575941527110840,3,VNC_IntTct_R,
720575941523079671,720575941527110840,4,VNC_LTct_R,
720575941523079671,720575941527150776,3,VNC_LTct_R,
720575941523079671,720575941528086660,3,VNC_IntTct_R,
720575941523079671,720575941541740829,3,VNC_LTct_L,
720575941523079671,720575941549350399,4,VNC_LTct_R,
720575941523079671,720575941569652638,4,VNC_LTct_L,
720575941523079671,720575941583601886,4,VNC_IntTct_R,
720575941523099127,720575941402032240,7,VNC_WTct_R,
720575941523099127,720575941411791764,3,VNC_IntTct_R,
720575941523099127,720575941438710719,3,VNC_HTct_R,
720575941523099127,720575941438710719,3,VNC_NTct_R,
720575941523099127,720575941442926762,3,VNC_HTct_R,
720575941523099127,720575941451814215,9,VNC_HTct_R,
720575941523099127,720575941474334779,9,VNC_HTct_R,
720575941523099127,720575941474459707,6,VNC_HTct_R,
720575941523099127,720575941478179235,3,VNC_HTct_R,
720575941523099127,720575941496957346,4,VNC_HTct_R,
720575941523099127,720575941507664144,5,VNC_IntTct_R,
720575941523099127,720575941516099500,11,VNC_HTct_R,
720575941523099127,720575941516099500,5,VNC_WTct_R,
720575941523099127,720575941518434227,7,VNC_WTct_R,
720575941523099127,720575941532246762,10,VNC_IntTct_R,
720575941523099127,720575941532246762,3,VNC_NTct_R,
720575941523099127,720575941546491681,4,VNC_HTct_R,
720575941523099127,720575941554049307,5,VNC_WTct_R,
720575941523099127,720575941557612915,6,VNC_HTct_R,
720575941523099127,720575941569707422,4,VNC_HTct_R,
720575941523099127,720575941572107017,3,VNC_NTct_R,
720575941523099127,720575941574155003,3,VNC_HTct_R,
720575941523099127,720575941576014774,6,VNC_unassigned_R,
720575941523099127,720575941594160421,6,VNC_NTct_R,
720575941523099127,720575941594160421,16,VNC_WTct_R,
720575941523099127,720575941599444777,4,VNC_NTct_R,
720575941523099127,720575941601153270,7,VNC_HTct_R,
720575941523099127,720575941607605101,4,VNC_IntTct_R,
720575941523099127,720575941608991050,10,VNC_HTct_R,
720575941523099127,720575941608991050,3,VNC_IntTct_R,
720575941523099127,720575941623130314,3,VNC_IntTct_R,
720575941523099127,720575941641473874,6,VNC_HTct_R,
720575941523099127,720575941650753297,4,VNC_IntTct_R,
720575941523099127,720575941659696184,3,VNC_HTct_R,
720575941523099127,720575941684876527,3,VNC_HTct_R,
720575941523236171,720575941590870379,3,VNC_NTct_L,
720575941523236171,720575941591285388,3,VNC_HTct_L,
720575941523447883,720575941625193354,3,VNC_IntTct_L,
720575941523447883,720575941653563153,7,VNC_IntTct_L,
720575941523790925,720575941401776931,5,VNC_IntTct_R,
720575941523790925,720575941411765140,3,VNC_LTct_R,
720575941523790925,720575941461082381,3,VNC_IntTct_R,
720575941523790925,720575941491289033,4,VNC_IntTct_R,
720575941523790925,720575941491289033,3,VNC_LTct_R,
720575941523790925,720575941528086660,3,VNC_IntTct_R,
720575941523790925,720575941549350399,5,VNC_LTct_R,
720575941523790925,720575941575800665,3,VNC_IntTct_R,
720575941523790925,720575941583588830,3,VNC_IntTct_R,
720575941523790925,720575941583601886,4,VNC_IntTct_R,
720575941523790925,720575941619873663,3,VNC_IntTct_R,
720575941523790925,720575941625907769,4,VNC_LTct_R,
720575941523790925,720575941668869363,5,VNC_IntTct_R,
720575941524478795,720575941400818723,3,VNC_IntTct_L,
720575941524478795,720575941637874975,3,VNC_IntTct_L,
720575941524513892,720575941434457998,7,VNC_IntTct_L,
720575941524513892,720575941477166622,11,VNC_IntTct_L,
720575941524513892,720575941536371442,3,VNC_IntTct_L,
720575941524958118,720575941543825413,4,VNC_NTct_L,
720575941524958118,720575941590870379,3,VNC_NTct_L,
720575941526676301,720575941477927042,3,VNC_HTct_R,
720575941526676301,720575941503451301,3,VNC_HTct_R,
720575941526676301,720575941515619939,7,VNC_NTct_R,
720575941526676301,720575941516768472,3,VNC_IntTct_R,
720575941526676301,720575941518434227,4,VNC_WTct_R,
720575941526676301,720575941518866542,5,VNC_IntTct_R,
720575941526676301,720575941518936792,4,VNC_NTct_R,
720575941526676301,720575941546731041,4,VNC_HTct_R,
720575941526676301,720575941546731041,5,VNC_IntTct_R,
720575941526676301,720575941551321371,4,VNC_NTct_R,
720575941526676301,720575941551321371,5,VNC_WTct_R,
720575941526676301,720575941554049307,3,VNC_NTct_R,
720575941526676301,720575941554049307,3,VNC_unassigned_R,
720575941526676301,720575941557612915,4,VNC_HTct_R,
720575941526676301,720575941562467682,3,VNC_HTct_R,
720575941526676301,720575941564034614,3,VNC_ANm_R,
720575941526676301,720575941608991050,8,VNC_HTct_R,
720575941526676301,720575941608991050,3,VNC_IntTct_R,
720575941526676301,720575941610174950,3,VNC_NTct_R,
720575941526676301,720575941612599449,4,VNC_IntTct_R,
720575941526676301,720575941612599449,5,VNC_NTct_R,
720575941526676301,720575941623108298,4,VNC_IntTct_R,
720575941526676301,720575941623108298,7,VNC_WTct_R,
720575941526676301,720575941623108298,4,VNC_unassigned_R,
720575941526676301,720575941625932682,3,VNC_IntTct_R,
720575941526676301,720575941640895589,8,VNC_NTct_R,
720575941526676301,720575941721193018,3,VNC_WTct_R,
720575941526696804,720575941461227152,3,VNC_NTct_L,
720575941526696804,720575941477446762,4,VNC_HTct_L,
720575941526696804,720575941505991041,3,VNC_HTct_L,
720575941526696804,720575941514637827,3,VNC_NTct_L,
720575941526696804,720575941552783495,4,VNC_HTct_L,
720575941526696804,720575941555186074,4,VNC_NTct_L,
720575941526696804,720575941723242042,3,VNC_IntTct_L,
720575941526723609,720575941477166622,21,VNC_IntTct_L,
720575941526723609,720575941477166622,5,VNC_NTct_L,
720575941526723609,720575941579868917,4,VNC_NTct_L,
720575941526772836,720575941442637519,9,VNC_T2_MesoNm_L,
720575941526772836,720575941453578409,3,VNC_T2_MesoNm_L,
720575941526772836,720575941512450371,5,VNC_T2_MesoNm_L,
720575941526772836,720575941526426756,3,VNC_T2_MesoNm_L,
720575941526772836,720575941547162292,4,VNC_T2_MesoNm_L,
720575941526772836,720575941551385371,8,VNC_T2_MesoNm_L,
720575941526772836,720575941553551239,6,VNC_T1_ProNm_L,
720575941526772836,720575941600259369,6,VNC_T2_MesoNm_L,
720575941526772836,720575941628617186,5,VNC_T2_MesoNm_L,
720575941526946050,720575941424930644,3,VNC_IntTct_L,
720575941526946050,720575941469724125,3,VNC_IntTct_L,
720575941526946050,720575941477166622,13,VNC_IntTct_L,
720575941526946050,720575941527220920,4,VNC_T3_MetaNm_L,
720575941526946562,720575941464768790,4,VNC_NTct_R,
720575941526946562,720575941464768790,7,VNC_T1_ProNm_R,
720575941526946562,720575941498482043,13,VNC_T1_ProNm_R,
720575941526946562,720575941586471646,3,VNC_T1_ProNm_R,
720575941526946562,720575941731613483,4,VNC_T2_MesoNm_R,
720575941526954498,720575941402032240,3,VNC_WTct_L,
720575941526954498,720575941402032240,5,VNC_WTct_R,
720575941526954498,720575941456678893,14,VNC_NTct_L,
720575941526954498,720575941507664144,3,VNC_WTct_R,
720575941526954498,720575941594160421,4,VNC_WTct_R,
720575941526954498,720575941631436524,5,VNC_IntTct_R,
720575941526954498,720575941631436524,3,VNC_NTct_R,
720575941526955266,720575941353376048,21,VNC_HTct_R,
720575941526955266,720575941445324052,3,VNC_HTct_R,
720575941526955266,720575941501721138,8,VNC_HTct_R,
720575941526955266,720575941528944568,12,VNC_HTct_R,
720575941526955266,720575941551321371,7,VNC_HTct_R,
720575941526955266,720575941551321371,16,VNC_NTct_R,
720575941526955266,720575941551321371,4,VNC_WTct_R,
720575941526955266,720575941559929615,5,VNC_T2_MesoNm_R,
720575941526955266,720575941574155003,10,VNC_HTct_R,
720575941526955266,720575941609001034,10,VNC_NTct_R,
720575941526955266,720575941623130314,4,VNC_NTct_R,
720575941526955266,720575941623130314,13,VNC_T1_ProNm_R,
720575941526955266,720575941652647185,5,VNC_HTct_R,
720575941526955266,720575941652647185,7,VNC_NTct_R,
720575941526955266,720575941652647185,10,VNC_T1_ProNm_R,
720575941526955266,720575941652647185,3,VNC_WTct_R,
720575941526955266,720575941684992751,6,VNC_HTct_R,
720575941526955266,720575941731613483,4,VNC_HTct_R,
720575941527162905,720575941401776931,5,VNC_IntTct_L,
720575941527162905,720575941401776931,3,VNC_LTct_L,
720575941527162905,720575941401795619,7,VNC_T1_ProNm_L,
720575941527162905,720575941411656081,7,VNC_IntTct_L,
720575941527162905,720575941414508948,4,VNC_IntTct_L,
720575941527162905,720575941414508948,3,VNC_T1_ProNm_L,
720575941527162905,720575941428412809,6,VNC_IntTct_L,
720575941527162905,720575941449258106,4,VNC_IntTct_L,
720575941527162905,720575941456314271,4,VNC_IntTct_L,
720575941527162905,720575941456314271,7,VNC_LTct_L,
720575941527162905,720575941457802480,9,VNC_IntTct_L,
720575941527162905,720575941457802480,39,VNC_LTct_L,
720575941527162905,720575941457802480,4,VNC_LTct_R,
720575941527162905,720575941461235088,5,VNC_IntTct_L,
720575941527162905,720575941466725206,10,VNC_LTct_L,
720575941527162905,720575941467252189,4,VNC_IntTct_L,
720575941527162905,720575941467252189,4,VNC_LTct_L,
720575941527162905,720575941467252189,3,VNC_WTct_L,
720575941527162905,720575941469724125,4,VNC_IntTct_L,
720575941527162905,720575941470067063,7,VNC_IntTct_L,
720575941527162905,720575941470067063,3,VNC_WTct_L,
720575941527162905,720575941470786368,4,VNC_LTct_L,
720575941527162905,720575941474741819,47,VNC_IntTct_L,
720575941527162905,720575941474741819,57,VNC_LTct_L,
720575941527162905,720575941474741819,8,VNC_WTct_L,
720575941527162905,720575941487942608,8,VNC_T1_ProNm_L,
720575941527162905,720575941490833072,3,VNC_IntTct_L,
720575941527162905,720575941490833072,4,VNC_LTct_L,
720575941527162905,720575941497092169,6,VNC_IntTct_L,
720575941527162905,720575941505536290,7,VNC_LTct_L,
720575941527162905,720575941511393233,4,VNC_LTct_L,
720575941527162905,720575941511393233,3,VNC_WTct_L,
720575941527162905,720575941515071299,3,VNC_LTct_L,
720575941527162905,720575941515936505,4,VNC_T2_MesoNm_L,
720575941527162905,720575941516784494,7,VNC_IntTct_L,
720575941527162905,720575941516784494,7,VNC_LTct_L,
720575941527162905,720575941519213016,3,VNC_LTct_L,
720575941527162905,720575941524114276,11,VNC_IntTct_L,
720575941527162905,720575941524114276,4,VNC_LTct_L,
720575941527162905,720575941524114276,3,VNC_WTct_L,
720575941527162905,720575941526426756,4,VNC_T2_MesoNm_L,
720575941527162905,720575941535331338,8,VNC_IntTct_L,
720575941527162905,720575941551385371,7,VNC_IntTct_L,
720575941527162905,720575941551385371,20,VNC_T2_MesoNm_L,
720575941527162905,720575941551947263,3,VNC_LTct_L,
720575941527162905,720575941553338778,5,VNC_IntTct_L,
720575941527162905,720575941555462995,14,VNC_T2_MesoNm_L,
720575941527162905,720575941572737679,28,VNC_T1_ProNm_L,
720575941527162905,720575941576941045,11,VNC_IntTct_L,
720575941527162905,720575941576941045,9,VNC_LTct_L,
720575941527162905,720575941583588830,3,VNC_LTct_L,
720575941527162905,720575941583595486,3,VNC_IntTct_L,
720575941527162905,720575941595021681,8,VNC_LTct_L,
720575941527162905,720575941595871424,5,VNC_IntTct_L,
720575941527162905,720575941595871424,12,VNC_LTct_L,
720575941527162905,720575941600259369,5,VNC_LTct_L,
720575941527162905,720575941600259369,8,VNC_T2_MesoNm_L,
720575941527162905,720575941611060042,3,VNC_T2_MesoNm_L,
720575941527162905,720575941619873663,3,VNC_LTct_L,
720575941527162905,720575941619873663,4,VNC_T1_ProNm_L,
720575941527162905,720575941630302405,3,VNC_LTct_L,
720575941527162905,720575941630933947,6,VNC_IntTct_L,
720575941527162905,720575941630933947,10,VNC_LTct_L,
720575941527162905,720575941630933947,3,VNC_unassigned_L,
720575941527162905,720575941632698555,3,VNC_T2_MesoNm_L,
720575941527162905,720575941636281205,4,VNC_LTct_L,
720575941527162905,720575941649795057,5,VNC_T2_MesoNm_L,
720575941527175524,720575941456678893,8,VNC_NTct_L,
720575941527175524,720575941457147206,8,VNC_NTct_L,
720575941527175524,720575941457147206,8,VNC_unassigned_L,
720575941527175524,720575941530184139,4,VNC_HTct_L,
720575941527175524,720575941562358023,4,VNC_NTct_L,
720575941527175524,720575941575681718,3,VNC_HTct_L,
720575941527175524,720575941575681718,3,VNC_WTct_L,
720575941527922598,720575941528944568,3,VNC_IntTct_R,
720575941527922598,720575941576941045,6,VNC_IntTct_R,
720575941527922598,720575941630933947,5,VNC_IntTct_R,
720575941527922598,720575941731613483,3,VNC_IntTct_R,
720575941528092344,720575941441228735,9,VNC_NTct_L,
720575941528092344,720575941569659806,5,VNC_IntTct_L,
720575941528092344,720575941591285388,3,VNC_HTct_L,
720575941528092344,720575941591285388,3,VNC_NTct_L,
720575941528109222,720575941491175399,3,VNC_T2_MesoNm_R,
720575941528109222,720575941501352535,3,VNC_T2_MesoNm_R,
720575941528109222,720575941524353049,8,VNC_T2_MesoNm_R,
720575941528109222,720575941559929615,5,VNC_T2_MesoNm_R,
720575941528109222,720575941586471646,3,VNC_T1_ProNm_R,
720575941528109222,720575941651527409,3,VNC_T2_MesoNm_R,
720575941528320952,720575941438631871,7,VNC_T2_MesoNm_L,
720575941528320952,720575941468950592,7,VNC_T2_MesoNm_L,
720575941528320952,720575941501002731,8,VNC_T2_MesoNm_L,
720575941528320952,720575941501002731,3,VNC_WTct_L,
720575941528320952,720575941501135191,3,VNC_T1_ProNm_L,
720575941528320952,720575941512450371,69,VNC_T2_MesoNm_L,
720575941528320952,720575941512450371,9,VNC_WTct_L,
720575941528320952,720575941516734062,4,VNC_T2_MesoNm_L,
720575941528320952,720575941652640273,18,VNC_T2_MesoNm_L,
720575941528320952,720575941652640273,6,VNC_WTct_L,
720575941528849848,720575941429556655,10,VNC_IntTct_R,
720575941528849848,720575941429556655,3,VNC_NTct_R,
720575941528849848,720575941476101937,6,VNC_HTct_R,
720575941528849848,720575941530867075,4,VNC_IntTct_R,
720575941528849848,720575941564417024,3,VNC_HTct_R,
720575941528849848,720575941616420053,4,VNC_HTct_R,
720575941529139844,720575941515936505,3,VNC_LTct_L,
720575941529711288,720575941477297716,5,VNC_unassigned_L,
720575941529711288,720575941526406532,3,VNC_unassigned_L,
720575941529711288,720575941533201857,5,VNC_NTct_L,
720575941529711288,720575941533201857,5,VNC_unassigned_L,
720575941529744869,720575941401776931,3,VNC_IntTct_L,
720575941529744869,720575941455940336,7,VNC_IntTct_L,
720575941529744869,720575941473850720,6,VNC_IntTct_L,
720575941529744869,720575941473850720,4,VNC_unassigned_L,
720575941529744869,720575941498935777,5,VNC_IntTct_L,
720575941529744869,720575941553338778,5,VNC_IntTct_L,
720575941529744869,720575941625193354,3,VNC_IntTct_L,
720575941529744869,720575941640957029,4,VNC_IntTct_L,
720575941529744869,720575941653563153,10,VNC_IntTct_L,
720575941530080997,720575941498935777,4,VNC_IntTct_L,
720575941530080997,720575941579868917,4,VNC_IntTct_L,
720575941530080997,720575941650775313,3,VNC_IntTct_L,
720575941530093496,720575941533864458,3,VNC_IntTct_R,
720575941530093496,720575941597512640,3,VNC_IntTct_R,
720575941530093496,720575941607605101,3,VNC_IntTct_R,
720575941530093496,720575941607605101,6,VNC_NTct_R,
720575941530295013,720575941400703267,3,VNC_NTct_R,
720575941530295013,720575941461246931,8,VNC_NTct_R,
720575941530295013,720575941597149376,17,VNC_NTct_R,
720575941530295013,720575941597149376,3,VNC_T1_ProNm_R,
720575941530295013,720575941597149376,3,VNC_unassigned_R,
720575941530295013,720575941609001034,22,VNC_NTct_R,
720575941530295013,720575941652647185,3,VNC_NTct_R,
720575941530466488,720575941400818723,6,VNC_IntTct_L,
720575941530466488,720575941429543127,3,VNC_HTct_L,
720575941530466488,720575941440464219,3,VNC_WTct_L,
720575941530466488,720575941451834281,6,VNC_HTct_L,
720575941530466488,720575941467252189,4,VNC_IntTct_L,
720575941530466488,720575941474337310,3,VNC_IntTct_L,
720575941530466488,720575941474725684,3,VNC_IntTct_L,
720575941530466488,720575941504563781,3,VNC_HTct_L,
720575941530466488,720575941512798796,3,VNC_HTct_L,
720575941530466488,720575941533258689,3,VNC_NTct_L,
720575941530466488,720575941533862682,5,VNC_IntTct_L,
720575941530466488,720575941533862682,3,VNC_WTct_L,
720575941530466488,720575941535331338,4,VNC_IntTct_L,
720575941530466488,720575941536371442,3,VNC_HTct_L,
720575941530466488,720575941538289379,13,VNC_HTct_L,
720575941530466488,720575941554764196,4,VNC_IntTct_L,
720575941530466488,720575941564792071,6,VNC_IntTct_L,
720575941530466488,720575941568726004,4,VNC_WTct_L,
720575941530466488,720575941592602149,4,VNC_IntTct_L,
720575941530466488,720575941602315454,6,VNC_HTct_L,
720575941530466488,720575941611080010,5,VNC_HTct_L,
720575941530466488,720575941612053094,9,VNC_HTct_L,
720575941530466488,720575941621630716,3,VNC_IntTct_L,
720575941530466488,720575941629413356,6,VNC_IntTct_L,
720575941530466488,720575941630748859,4,VNC_HTct_L,
720575941530466488,720575941687929307,4,VNC_HTct_L,
720575941530606467,720575941429543127,6,VNC_IntTct_L,
720575941530606467,720575941436378898,3,VNC_IntTct_L,
720575941530606467,720575941457797360,6,VNC_IntTct_L,
720575941530606467,720575941473850720,4,VNC_LTct_L,
720575941530606467,720575941490813872,4,VNC_HTct_L,
720575941530606467,720575941490813872,6,VNC_IntTct_R,
720575941530606467,720575941490813872,6,VNC_LTct_R,
720575941530606467,720575941496284489,4,VNC_HTct_R,
720575941530606467,720575941496284489,3,VNC_WTct_R,
720575941530606467,720575941515936505,3,VNC_IntTct_L,
720575941530606467,720575941526690841,3,VNC_HTct_R,
720575941530606467,720575941532246762,3,VNC_WTct_R,
720575941530606467,720575941545372296,3,VNC_unassigned_R,
720575941530606467,720575941566756602,3,VNC_IntTct_R,
720575941530606467,720575941566756602,3,VNC_WTct_R,
720575941530606467,720575941572107017,3,VNC_NTct_R,
720575941530606467,720575941576368744,3,VNC_IntTct_L,
720575941530606467,720575941614698709,3,VNC_HTct_L,
720575941530606467,720575941614889941,3,VNC_HTct_R,
720575941530606467,720575941614889941,3,VNC_WTct_R,
720575941530606467,720575941649244437,3,VNC_NTct_R,
720575941530606467,720575941652314841,3,VNC_WTct_R,
720575941531488971,720575941461251027,17,VNC_T1_ProNm_R,
720575941531488971,720575941623130314,3,VNC_IntTct_R,
720575941531488971,720575941623130314,3,VNC_T1_ProNm_R,
720575941531488971,720575941627995705,7,VNC_T2_MesoNm_R,
720575941531735269,720575941451768391,7,VNC_T2_MesoNm_L,
720575941531735269,720575941555462995,7,VNC_T2_MesoNm_L,
720575941531735269,720575941630302405,3,VNC_T2_MesoNm_L,
720575941531918565,720575941449886791,3,VNC_HTct_L,
720575941531918565,720575941496957346,5,VNC_HTct_L,
720575941531918565,720575941496957346,3,VNC_IntTct_L,
720575941531918565,720575941518466483,7,VNC_NTct_L,
720575941531918565,720575941523112439,3,VNC_NTct_L,
720575941531918565,720575941536657123,3,VNC_NTct_L,
720575941531918565,720575941581506143,9,VNC_HTct_L,
720575941531918565,720575941588061438,3,VNC_IntTct_L,
720575941531918565,720575941595131175,5,VNC_NTct_L,
720575941531918565,720575941628426978,3,VNC_HTct_L,
720575941531918565,720575941668725169,3,VNC_HTct_L,
720575941531918565,720575941700494042,5,VNC_HTct_L,
720575941531974629,720575941535066339,5,VNC_NTct_R,
720575941531974629,720575941608991050,4,VNC_HTct_R,
720575941531974629,720575941658602520,3,VNC_HTct_R,
720575941531996645,720575941390682262,4,VNC_IntTct_R,
720575941531996645,720575941390682262,19,VNC_LTct_R,
720575941531996645,720575941460195780,7,VNC_LTct_R,
720575941531996645,720575941504389655,5,VNC_IntTct_R,
720575941531996645,720575941504389655,4,VNC_LTct_R,
720575941531996645,720575941521031927,6,VNC_IntTct_R,
720575941531996645,720575941521031927,10,VNC_LTct_R,
720575941531996645,720575941523074379,5,VNC_IntTct_R,
720575941531996645,720575941523074379,36,VNC_LTct_R,
720575941531996645,720575941527110840,4,VNC_LTct_R,
720575941531996645,720575941539355517,5,VNC_LTct_R,
720575941531996645,720575941545471593,11,VNC_LTct_R,
720575941531996645,720575941553520211,5,VNC_IntTct_R,
720575941531996645,720575941553520211,15,VNC_LTct_R,
720575941531996645,720575941563254070,10,VNC_LTct_R,
720575941531996645,720575941571420667,5,VNC_IntTct_R,
720575941531996645,720575941571420667,9,VNC_LTct_R,
720575941531996645,720575941571971229,3,VNC_LTct_R,
720575941531996645,720575941588646284,22,VNC_LTct_R,
720575941531996645,720575941623067338,7,VNC_LTct_R,
720575941531996645,720575941625907769,4,VNC_LTct_R,
720575941532728195,720575941350393904,5,VNC_WTct_L,
720575941532728195,720575941400818723,4,VNC_NTct_L,
720575941532728195,720575941429543127,6,VNC_HTct_L,
720575941532728195,720575941430389006,3,VNC_HTct_R,
720575941532728195,720575941432722574,7,VNC_HTct_R,
720575941532728195,720575941432722574,5,VNC_WTct_R,
720575941532728195,720575941436378898,5,VNC_HTct_L,
720575941532728195,720575941447279965,6,VNC_HTct_L,
720575941532728195,720575941447279965,6,VNC_HTct_R,
720575941532728195,720575941450101063,3,VNC_WTct_R,
720575941532728195,720575941453962221,3,VNC_IntTct_L,
720575941532728195,720575941453962221,4,VNC_WTct_L,
720575941532728195,720575941456678893,3,VNC_NTct_L,
720575941532728195,720575941456678893,4,VNC_WTct_L,
720575941532728195,720575941465484566,3,VNC_HTct_L,
720575941532728195,720575941468312695,5,VNC_HTct_L,
720575941532728195,720575941468312695,9,VNC_HTct_R,
720575941532728195,720575941470474763,3,VNC_HTct_L,
720575941532728195,720575941473850720,4,VNC_IntTct_L,
720575941532728195,720575941473850720,3,VNC_NTct_L,
720575941532728195,720575941474437681,8,VNC_HTct_L,
720575941532728195,720575941477927042,9,VNC_HTct_L,
720575941532728195,720575941477927042,3,VNC_HTct_R,
720575941532728195,720575941477927042,5,VNC_NTct_L,
720575941532728195,720575941477927042,11,VNC_WTct_L,
720575941532728195,720575941479961312,3,VNC_NTct_R,
720575941532728195,720575941483787405,5,VNC_HTct_L,
720575941532728195,720575941483787405,3,VNC_HTct_R,
720575941532728195,720575941488173001,4,VNC_HTct_R,
720575941532728195,720575941488173001,5,VNC_IntTct_R,
720575941532728195,720575941495356286,19,VNC_HTct_L,
720575941532728195,720575941495356286,10,VNC_NTct_L,
720575941532728195,720575941495356286,10,VNC_WTct_L,
720575941532728195,720575941496957346,6,VNC_HTct_L,
720575941532728195,720575941496957346,6,VNC_HTct_R,
720575941532728195,720575941501041643,3,VNC_unassigned_L,
720575941532728195,720575941503451301,4,VNC_HTct_R,
720575941532728195,720575941511393233,3,VNC_WTct_L,
720575941532728195,720575941518936792,4,VNC_HTct_R,
720575941532728195,720575941526701412,3,VNC_HTct_L,
720575941532728195,720575941528944568,9,VNC_HTct_R,
720575941532728195,720575941532246762,4,VNC_IntTct_R,
720575941532728195,720575941535136739,6,VNC_HTct_L,
720575941532728195,720575941535136739,3,VNC_HTct_R,
720575941532728195,720575941542286085,3,VNC_WTct_L,
720575941532728195,720575941545372296,3,VNC_HTct_L,
720575941532728195,720575941546491681,3,VNC_HTct_R,
720575941532728195,720575941547347316,3,VNC_HTct_L,
720575941532728195,720575941547347316,3,VNC_WTct_R,
720575941532728195,720575941551321371,6,VNC_HTct_R,
720575941532728195,720575941551321371,3,VNC_NTct_R,
720575941532728195,720575941551321371,18,VNC_WTct_R,
720575941532728195,720575941553338778,11,VNC_HTct_L,
720575941532728195,720575941553338778,5,VNC_WTct_L,
720575941532728195,720575941557612915,20,VNC_HTct_R,
720575941532728195,720575941557612915,4,VNC_IntTct_R,
720575941532728195,720575941557612915,3,VNC_unassigned_R,
720575941532728195,720575941565376046,7,VNC_HTct_L,
720575941532728195,720575941565376046,9,VNC_WTct_R,
720575941532728195,720575941565459095,5,VNC_HTct_L,
720575941532728195,720575941565459095,3,VNC_WTct_L,
720575941532728195,720575941569707422,3,VNC_HTct_R,
720575941532728195,720575941572251144,6,VNC_HTct_L,
720575941532728195,720575941574155003,4,VNC_HTct_R,
720575941532728195,720575941575397263,3,VNC_HTct_L,
720575941532728195,720575941579868917,3,VNC_IntTct_L,
720575941532728195,720575941579868917,5,VNC_NTct_L,
720575941532728195,720575941583128454,22,VNC_HTct_L,
720575941532728195,720575941583601886,8,VNC_IntTct_R,
720575941532728195,720575941587181879,3,VNC_HTct_R,
720575941532728195,720575941587181879,5,VNC_WTct_R,
720575941532728195,720575941601088441,19,VNC_HTct_L,
720575941532728195,720575941607605101,8,VNC_IntTct_R,
720575941532728195,720575941607605101,8,VNC_NTct_R,
720575941532728195,720575941607605101,5,VNC_WTct_R,
720575941532728195,720575941608991050,13,VNC_HTct_R,
720575941532728195,720575941608991050,4,VNC_IntTct_R,
720575941532728195,720575941608991050,5,VNC_unassigned_R,
720575941532728195,720575941609479526,3,VNC_WTct_L,
720575941532728195,720575941611080010,12,VNC_HTct_L,
720575941532728195,720575941616556245,5,VNC_HTct_L,
720575941532728195,720575941619873663,3,VNC_WTct_L,
720575941532728195,720575941623108298,9,VNC_WTct_R,
720575941532728195,720575941623399788,3,VNC_HTct_L,
720575941532728195,720575941628630054,8,VNC_HTct_L,
720575941532728195,720575941628630054,4,VNC_HTct_R,
720575941532728195,720575941628630054,3,VNC_WTct_R,
720575941532728195,720575941630748859,3,VNC_HTct_L,
720575941532728195,720575941630933947,3,VNC_HTct_L,
720575941532728195,720575941640895589,6,VNC_NTct_L,
720575941532728195,720575941640900965,3,VNC_HTct_L,
720575941532728195,720575941652151569,3,VNC_HTct_R,
720575941532728195,720575941652324825,3,VNC_IntTct_R,
720575941532728195,720575941652647185,4,VNC_NTct_R,
720575941532728195,720575941652647185,8,VNC_WTct_R,
720575941532728195,720575941659696184,10,VNC_HTct_R,
720575941532728195,720575941671138727,13,VNC_WTct_L,
720575941532728195,720575941684876527,4,VNC_HTct_R,
720575941532746981,720575941438659551,4,VNC_T3_MetaNm_R,
720575941532746981,720575941449245818,3,VNC_LTct_R,
720575941532746981,720575941449245818,4,VNC_T2_MesoNm_R,
720575941532746981,720575941516777107,12,VNC_AMNp_R,
720575941532746981,720575941516777107,3,VNC_LTct_R,
720575941532746981,720575941516777107,11,VNC_T1_ProNm_R,
720575941532746981,720575941516777107,7,VNC_T2_MesoNm_R,
720575941532746981,720575941523066615,5,VNC_ANm_R,
720575941532746981,720575941533819162,3,VNC_AMNp_R,
720575941532746981,720575941539355517,7,VNC_AMNp_R,
720575941532746981,720575941542469212,23,VNC_AMNp_R,
720575941532746981,720575941542469212,3,VNC_LTct_R,
720575941532746981,720575941542469212,21,VNC_T2_MesoNm_R,
720575941532746981,720575941573489416,6,VNC_T2_MesoNm_R,
720575941532746981,720575941642372040,12,VNC_AMNp_R,
720575941532746981,720575941669866161,3,VNC_AMNp_R,
720575941532803160,720575941536318869,6,VNC_T2_MesoNm_R,
720575941533398659,720575941518936792,3,VNC_NTct_R,
720575941533398659,720575941599444777,3,VNC_NTct_R,
720575941533398659,720575941608310346,3,VNC_IntTct_R,
720575941533398659,720575941612599449,3,VNC_NTct_R,
720575941533506586,720575941401776931,4,VNC_IntTct_L,
720575941533506586,720575941401795619,3,VNC_IntTct_L,
720575941533506586,720575941451768391,3,VNC_LTct_L,
720575941533506586,720575941455940336,3,VNC_IntTct_L,
720575941533506586,720575941468720139,4,VNC_LTct_L,
720575941533506586,720575941473850720,5,VNC_IntTct_L,
720575941533506586,720575941488193481,3,VNC_LTct_L,
720575941533506586,720575941526426756,4,VNC_LTct_L,
720575941533506586,720575941553338778,7,VNC_IntTct_L,
720575941533578177,720575941477166622,5,VNC_IntTct_L,
720575941533578177,720575941477166622,12,VNC_NTct_L,
720575941533578177,720575941547226248,6,VNC_IntTct_L,
720575941533578177,720575941547226248,9,VNC_NTct_L,
720575941533704067,720575941400818723,5,VNC_NTct_L,
720575941533704067,720575941402032240,8,VNC_WTct_R,
720575941533704067,720575941405813295,3,VNC_HTct_R,
720575941533704067,720575941405813295,4,VNC_WTct_R,
720575941533704067,720575941411791764,16,VNC_IntTct_R,
720575941533704067,720575941411791764,5,VNC_NTct_R,
720575941533704067,720575941414326161,3,VNC_HTct_L,
720575941533704067,720575941415476252,5,VNC_HTct_R,
720575941533704067,720575941415476252,9,VNC_WTct_R,
720575941533704067,720575941429439959,3,VNC_HTct_L,
720575941533704067,720575941429543127,4,VNC_HTct_L,
720575941533704067,720575941429556655,13,VNC_IntTct_R,
720575941533704067,720575941429556655,3,VNC_NTct_R,
720575941533704067,720575941431311575,15,VNC_HTct_L,
720575941533704067,720575941431311575,9,VNC_WTct_L,
720575941533704067,720575941431311575,6,VNC_WTct_R,
720575941533704067,720575941436996882,8,VNC_WTct_R,
720575941533704067,720575941438938175,3,VNC_HTct_L,
720575941533704067,720575941450101063,4,VNC_WTct_L,
720575941533704067,720575941450101063,6,VNC_WTct_R,
720575941533704067,720575941456678893,6,VNC_NTct_L,
720575941533704067,720575941456678893,10,VNC_WTct_L,
720575941533704067,720575941458334163,22,VNC_HTct_R,
720575941533704067,720575941458373587,7,VNC_NTct_R,
720575941533704067,720575941458373587,8,VNC_WTct_R,
720575941533704067,720575941459883846,12,VNC_WTct_R,
720575941533704067,720575941461076493,6,VNC_HTct_R,
720575941533704067,720575941463655693,5,VNC_WTct_L,
720575941533704067,720575941465484566,17,VNC_HTct_L,
720575941533704067,720575941472042282,4,VNC_NTct_L,
720575941533704067,720575941472042282,6,VNC_WTct_R,
720575941533704067,720575941472135179,3,VNC_NTct_R,
720575941533704067,720575941472739168,5,VNC_HTct_R,
720575941533704067,720575941473703722,5,VNC_HTct_R,
720575941533704067,720575941473850720,4,VNC_HTct_L,
720575941533704067,720575941473850720,6,VNC_NTct_L,
720575941533704067,720575941474394673,3,VNC_HTct_L,
720575941533704067,720575941474459707,3,VNC_HTct_L,
720575941533704067,720575941474459707,8,VNC_HTct_R,
720575941533704067,720575941476130097,3,VNC_NTct_L,
720575941533704067,720575941477884802,5,VNC_HTct_R,
720575941533704067,720575941478488143,8,VNC_HTct_L,
720575941533704067,720575941479961312,3,VNC_IntTct_L,
720575941533704067,720575941484346621,4,VNC_WTct_R,
720575941533704067,720575941485775110,3,VNC_WTct_L,
720575941533704067,720575941488675276,3,VNC_ANm_R,
720575941533704067,720575941488675276,8,VNC_HTct_R,
720575941533704067,720575941489037031,3,VNC_WTct_L,
720575941533704067,720575941489037031,4,VNC_WTct_R,
720575941533704067,720575941490785712,6,VNC_WTct_R,
720575941533704067,720575941500845035,7,VNC_WTct_L,
720575941533704067,720575941500983019,15,VNC_WTct_L,
720575941533704067,720575941500983019,6,VNC_WTct_R,
720575941533704067,720575941500995051,3,VNC_WTct_R,
720575941533704067,720575941501842626,7,VNC_HTct_L,
720575941533704067,720575941503451301,14,VNC_HTct_R,
720575941533704067,720575941503667109,12,VNC_WTct_R,
720575941533704067,720575941503667109,4,VNC_unassigned_R,
720575941533704067,720575941504456386,11,VNC_WTct_L,
720575941533704067,720575941505369509,8,VNC_WTct_R,
720575941533704067,720575941507266594,4,VNC_WTct_R,
720575941533704067,720575941511275986,6,VNC_HTct_L,
720575941533704067,720575941511275986,3,VNC_HTct_R,
720575941533704067,720575941511275986,10,VNC_WTct_L,
720575941533704067,720575941511275986,9,VNC_WTct_R,
720575941533704067,720575941512896099,4,VNC_WTct_L,
720575941533704067,720575941512896099,12,VNC_WTct_R,
720575941533704067,720575941513254905,4,VNC_HTct_R,
720575941533704067,720575941515619939,3,VNC_HTct_L,
720575941533704067,720575941516099500,10,VNC_WTct_L,
720575941533704067,720575941516099500,5,VNC_WTct_R,
720575941533704067,720575941518434227,12,VNC_WTct_L,
720575941533704067,720575941519213016,4,VNC_WTct_L,
720575941533704067,720575941519273944,10,VNC_WTct_R,
720575941533704067,720575941521508939,3,VNC_HTct_R,
720575941533704067,720575941526355844,4,VNC_HTct_R,
720575941533704067,720575941527099981,19,VNC_HTct_R,
720575941533704067,720575941527099981,27,VNC_WTct_R,
720575941533704067,720575941532246762,16,VNC_IntTct_R,
720575941533704067,720575941532246762,8,VNC_NTct_R,
720575941533704067,720575941532432618,4,VNC_WTct_R,
720575941533704067,720575941534709482,9,VNC_HTct_L,
720575941533704067,720575941542900997,3,VNC_NTct_L,
720575941533704067,720575941543397737,13,VNC_WTct_L,
720575941533704067,720575941547226248,3,VNC_IntTct_L,
720575941533704067,720575941547226248,13,VNC_NTct_L,
720575941533704067,720575941551588506,4,VNC_HTct_R,
720575941533704067,720575941551632794,5,VNC_WTct_R,
720575941533704067,720575941553120795,3,VNC_HTct_R,
720575941533704067,720575941553430355,5,VNC_HTct_L,
720575941533704067,720575941553479140,11,VNC_HTct_R,
720575941533704067,720575941554049307,4,VNC_WTct_L,
720575941533704067,720575941554049307,7,VNC_WTct_R,
720575941533704067,720575941561320493,11,VNC_HTct_L,
720575941533704067,720575941562134829,4,VNC_HTct_L,
720575941533704067,720575941563206400,8,VNC_HTct_L,
720575941533704067,720575941566788602,7,VNC_HTct_R,
720575941533704067,720575941571427323,3,VNC_WTct_L,
720575941533704067,720575941575681718,11,VNC_HTct_L,
720575941533704067,720575941575681718,7,VNC_HTct_R,
720575941533704067,720575941575681718,14,VNC_WTct_L,
720575941533704067,720575941575681718,6,VNC_WTct_R,
720575941533704067,720575941576368744,4,VNC_HTct_L,
720575941533704067,720575941588615052,3,VNC_HTct_L,
720575941533704067,720575941594160421,3,VNC_HTct_R,
720575941533704067,720575941594160421,9,VNC_WTct_R,
720575941533704067,720575941595766428,3,VNC_WTct_L,
720575941533704067,720575941601088441,5,VNC_HTct_L,
720575941533704067,720575941603916222,3,VNC_IntTct_R,
720575941533704067,720575941603916222,4,VNC_NTct_R,
720575941533704067,720575941607605101,12,VNC_IntTct_R,
720575941533704067,720575941607605101,10,VNC_NTct_R,
720575941533704067,720575941608991050,3,VNC_HTct_R,
720575941533704067,720575941610536924,5,VNC_HTct_R,
720575941533704067,720575941610618982,5,VNC_WTct_L,
720575941533704067,720575941621630716,4,VNC_HTct_L,
720575941533704067,720575941630748859,13,VNC_HTct_L,
720575941533704067,720575941631436524,4,VNC_HTct_R,
720575941533704067,720575941631436524,4,VNC_NTct_R,
720575941533704067,720575941631436524,5,VNC_WTct_R,
720575941533704067,720575941633071008,3,VNC_NTct_R,
720575941533704067,720575941641473874,13,VNC_HTct_R,
720575941533704067,720575941644900472,6,VNC_WTct_L,
720575941533704067,720575941644900472,3,VNC_WTct_R,
720575941533704067,720575941649244437,4,VNC_HTct_L,
720575941533704067,720575941649244437,6,VNC_HTct_R,
720575941533704067,720575941649244437,5,VNC_IntTct_R,
720575941533704067,720575941649244437,4,VNC_NTct_R,
720575941533704067,720575941649244437,7,VNC_WTct_L,
720575941533704067,720575941649244437,3,VNC_WTct_R,
720575941533704067,720575941655477716,7,VNC_WTct_L,
720575941533704067,720575941655477716,3,VNC_unassigned_L,
720575941533704067,720575941659696184,4,VNC_HTct_R,
720575941533704067,720575941668606375,5,VNC_WTct_L,
720575941533704067,720575941668725169,17,VNC_HTct_L,
720575941533704067,720575941668725169,13,VNC_HTct_R,
720575941533704067,720575941668725169,4,VNC_WTct_R,
720575941533704067,720575941680033213,3,VNC_HTct_R,
720575941533807082,720575941496915618,4,VNC_HTct_R,
720575941533807082,720575941607605101,4,VNC_NTct_R,
720575941533807082,720575941608310346,4,VNC_HTct_R,
720575941533807082,720575941608310346,7,VNC_IntTct_R,
720575941533807082,720575941608310346,9,VNC_NTct_R,
720575941534075370,720575941536657123,6,VNC_NTct_L,
720575941534222770,720575941404758384,10,VNC_HTct_L,
720575941534222770,720575941458790726,3,VNC_HTct_L,
720575941534222770,720575941477927042,6,VNC_NTct_L,
720575941534222770,720575941486866640,5,VNC_HTct_L,
720575941534222770,720575941495356286,6,VNC_HTct_L,
720575941534222770,720575941495356286,4,VNC_NTct_L,
720575941534222770,720575941496146657,15,VNC_HTct_L,
720575941534222770,720575941514097043,11,VNC_HTct_L,
720575941534222770,720575941579868917,44,VNC_NTct_L,
720575941534222770,720575941579868917,10,VNC_unassigned_L,
720575941534222770,720575941595131175,6,VNC_NTct_L,
720575941534222770,720575941611080010,19,VNC_HTct_L,
720575941534222770,720575941669827505,7,VNC_HTct_L,
720575941534222770,720575941678358973,3,VNC_HTct_L,
720575941534435338,720575941399309603,7,VNC_WTct_L,
720575941534435338,720575941433032718,15,VNC_HTct_L,
720575941534435338,720575941433032718,34,VNC_IntTct_L,
720575941534435338,720575941433032718,16,VNC_NTct_L,
720575941534435338,720575941433032718,14,VNC_WTct_L,
720575941534435338,720575941438700479,5,VNC_HTct_L,
720575941534435338,720575941439063503,7,VNC_WTct_L,
720575941534435338,720575941447013813,3,VNC_HTct_L,
720575941534435338,720575941447025845,7,VNC_WTct_L,
720575941534435338,720575941450876794,15,VNC_HTct_L,
720575941534435338,720575941450876794,8,VNC_IntTct_L,
720575941534435338,720575941450876794,7,VNC_WTct_L,
720575941534435338,720575941457147206,4,VNC_HTct_L,
720575941534435338,720575941459514512,11,VNC_HTct_L,
720575941534435338,720575941464073558,6,VNC_IntTct_L,
720575941534435338,720575941471203447,5,VNC_HTct_L,
720575941534435338,720575941477598432,4,VNC_WTct_L,
720575941534435338,720575941479098819,4,VNC_WTct_L,
720575941534435338,720575941504134981,3,VNC_IntTct_L,
720575941534435338,720575941506644540,3,VNC_IntTct_L,
720575941534435338,720575941508542674,3,VNC_HTct_L,
720575941534435338,720575941513242202,5,VNC_WTct_L,
720575941534435338,720575941518334643,5,VNC_HTct_L,
720575941534435338,720575941520333047,7,VNC_HTct_L,
720575941534435338,720575941520333047,7,VNC_IntTct_L,
720575941534435338,720575941520333047,4,VNC_WTct_L,
720575941534435338,720575941532349362,4,VNC_HTct_L,
720575941534435338,720575941543316329,6,VNC_HTct_L,
720575941534435338,720575941547259197,6,VNC_HTct_L,
720575941534435338,720575941547259197,4,VNC_WTct_L,
720575941534435338,720575941552783495,5,VNC_HTct_L,
720575941534435338,720575941563318070,4,VNC_WTct_L,
720575941534435338,720575941583511518,3,VNC_IntTct_L,
720575941534435338,720575941588018942,3,VNC_WTct_L,
720575941534435338,720575941591285388,12,VNC_HTct_L,
720575941534435338,720575941591285388,8,VNC_IntTct_L,
720575941534435338,720575941595202085,10,VNC_HTct_L,
720575941534435338,720575941601088441,15,VNC_HTct_L,
720575941534435338,720575941601088441,11,VNC_IntTct_L,
720575941534435338,720575941608861929,7,VNC_HTct_L,
720575941534435338,720575941608861929,5,VNC_WTct_L,
720575941534435338,720575941628591330,11,VNC_HTct_L,
720575941534435338,720575941628591330,7,VNC_WTct_L,
720575941534435338,720575941630111941,3,VNC_WTct_L,
720575941534435338,720575941632896453,4,VNC_HTct_L,
720575941534435338,720575941632896453,5,VNC_IntTct_L,
720575941534435338,720575941632896453,9,VNC_WTct_L,
720575941534435338,720575941659696184,3,VNC_HTct_L,
720575941534881368,720575941442637519,5,VNC_T2_MesoNm_L,
720575941534881368,720575941450559566,10,VNC_T2_MesoNm_L,
720575941534881368,720575941501135191,3,VNC_IntTct_L,
720575941534881368,720575941501135191,10,VNC_T1_ProNm_L,
720575941534881368,720575941703131610,16,VNC_T1_ProNm_L,
720575941534911832,720575941459912262,3,VNC_IntTct_R,
720575941534911832,720575941525725954,7,VNC_IntTct_L,
720575941535086424,720575941453578409,11,VNC_T2_MesoNm_L,
720575941535086424,720575941551385371,5,VNC_T2_MesoNm_L,
720575941535086424,720575941632698555,36,VNC_T2_MesoNm_L,
720575941535086424,720575941649795057,42,VNC_T2_MesoNm_L,
720575941535086424,720575941703131610,7,VNC_T1_ProNm_L,
720575941535140362,720575941350409264,6,VNC_IntTct_R,
720575941535140362,720575941392667286,4,VNC_IntTct_R,
720575941535140362,720575941392667286,3,VNC_LTct_R,
720575941535140362,720575941401776931,4,VNC_T1_ProNm_R,
720575941535140362,720575941411765140,10,VNC_IntTct_R,
720575941535140362,720575941411765140,5,VNC_LTct_R,
720575941535140362,720575941449617230,5,VNC_IntTct_R,
720575941535140362,720575941449617230,13,VNC_LTct_R,
720575941535140362,720575941460232147,3,VNC_IntTct_R,
720575941535140362,720575941461082381,8,VNC_IntTct_R,
720575941535140362,720575941461082381,4,VNC_LTct_R,
720575941535140362,720575941461636804,3,VNC_IntTct_R,
720575941535140362,720575941468700381,3,VNC_T2_MesoNm_R,
720575941535140362,720575941486560774,3,VNC_IntTct_R,
720575941535140362,720575941491175399,3,VNC_T2_MesoNm_R,
720575941535140362,720575941491289033,6,VNC_IntTct_R,
720575941535140362,720575941503455467,5,VNC_LTct_R,
720575941535140362,720575941503638578,3,VNC_IntTct_R,
720575941535140362,720575941513160697,8,VNC_IntTct_R,
720575941535140362,720575941513160697,5,VNC_LTct_R,
720575941535140362,720575941515612051,4,VNC_IntTct_R,
720575941535140362,720575941521031927,3,VNC_LTct_R,
720575941535140362,720575941526426756,7,VNC_T2_MesoNm_R,
720575941535140362,720575941534040754,6,VNC_T3_MetaNm_R,
720575941535140362,720575941534854337,8,VNC_IntTct_R,
720575941535140362,720575941539355517,3,VNC_IntTct_R,
720575941535140362,720575941539355517,3,VNC_LTct_R,
720575941535140362,720575941540100381,6,VNC_IntTct_R,
720575941535140362,720575941540100381,7,VNC_LTct_R,
720575941535140362,720575941543613033,5,VNC_IntTct_R,
720575941535140362,720575941545471593,9,VNC_IntTct_R,
720575941535140362,720575941547164084,13,VNC_T2_MesoNm_R,
720575941535140362,720575941549350399,4,VNC_IntTct_R,
720575941535140362,720575941551947263,82,VNC_IntTct_R,
720575941535140362,720575941551947263,22,VNC_LTct_R,
720575941535140362,720575941551947263,148,VNC_T1_ProNm_R,
720575941535140362,720575941551947263,5,VNC_unassigned_R,
720575941535140362,720575941551960319,4,VNC_T2_MesoNm_R,
720575941535140362,720575941552496641,10,VNC_IntTct_R,
720575941535140362,720575941557882895,4,VNC_IntTct_R,
720575941535140362,720575941559929615,3,VNC_T2_MesoNm_R,
720575941535140362,720575941559929615,3,VNC_WTct_R,
720575941535140362,720575941564059399,10,VNC_IntTct_R,
720575941535140362,720575941564059399,7,VNC_LTct_R,
720575941535140362,720575941564059399,4,VNC_T2_MesoNm_R,
720575941535140362,720575941571906717,3,VNC_LTct_R,
720575941535140362,720575941575800665,3,VNC_LTct_R,
720575941535140362,720575941580604661,16,VNC_IntTct_R,
720575941535140362,720575941580604661,17,VNC_LTct_R,
720575941535140362,720575941580604661,3,VNC_WTct_R,
720575941535140362,720575941583588830,10,VNC_IntTct_R,
720575941535140362,720575941595878848,10,VNC_IntTct_R,
720575941535140362,720575941625907769,5,VNC_IntTct_R,
720575941535140362,720575941625907769,5,VNC_LTct_R,
720575941535140362,720575941625963419,6,VNC_IntTct_R,
720575941535140362,720575941625963419,11,VNC_LTct_R,
720575941535140362,720575941632901829,10,VNC_IntTct_R,
720575941535140362,720575941668869363,6,VNC_IntTct_R,
720575941535140362,720575941668869363,6,VNC_LTct_R,
720575941535140362,720575941678420925,3,VNC_IntTct_R,
720575941535140362,720575941685950326,15,VNC_IntTct_R,
720575941535140362,720575941685950326,3,VNC_LTct_R,
720575941535167320,720575941501984651,3,VNC_IntTct_L,
720575941535231832,720575941414508948,8,VNC_T1_ProNm_R,
720575941535231832,720575941440934351,3,VNC_T2_MesoNm_R,
720575941535231832,720575941469724125,4,VNC_IntTct_R,
720575941535231832,720575941469724125,14,VNC_T1_ProNm_R,
720575941535231832,720575941491175399,6,VNC_T2_MesoNm_R,
720575941535231832,720575941525960217,8,VNC_T3_MetaNm_R,
720575941535231832,720575941563161512,3,VNC_T1_ProNm_R,
720575941535231832,720575941563161512,5,VNC_unassigned_R,
720575941535231832,720575941567039732,8,VNC_T2_MesoNm_R,
720575941535245034,720575941411791764,3,VNC_IntTct_R,
720575941535245034,720575941411791764,3,VNC_NTct_R,
720575941535245034,720575941430389006,3,VNC_HTct_R,
720575941535245034,720575941441318591,3,VNC_IntTct_R,
720575941535245034,720575941442347178,3,VNC_HTct_R,
720575941535245034,720575941447013813,10,VNC_HTct_L,
720575941535245034,720575941457686512,3,VNC_HTct_L,
720575941535245034,720575941465484566,12,VNC_HTct_L,
720575941535245034,720575941465484566,6,VNC_IntTct_L,
720575941535245034,720575941472042282,3,VNC_WTct_R,
720575941535245034,720575941472135179,11,VNC_IntTct_R,
720575941535245034,720575941472135179,5,VNC_NTct_R,
720575941535245034,720575941473850720,18,VNC_HTct_L,
720575941535245034,720575941473850720,45,VNC_IntTct_L,
720575941535245034,720575941473850720,5,VNC_LTct_L,
720575941535245034,720575941473850720,15,VNC_NTct_L,
720575941535245034,720575941473850720,5,VNC_WTct_L,
720575941535245034,720575941477166622,4,VNC_IntTct_L,
720575941535245034,720575941477884802,4,VNC_HTct_R,
720575941535245034,720575941481012989,3,VNC_NTct_L,
720575941535245034,720575941496957346,3,VNC_HTct_L,
720575941535245034,720575941503451301,4,VNC_HTct_R,
720575941535245034,720575941504389655,6,VNC_NTct_R,
720575941535245034,720575941507664144,3,VNC_IntTct_R,
720575941535245034,720575941526718564,13,VNC_ANm_L,
720575941535245034,720575941532246762,16,VNC_HTct_R,
720575941535245034,720575941532246762,58,VNC_IntTct_R,
720575941535245034,720575941532246762,5,VNC_NTct_R,
720575941535245034,720575941532246762,3,VNC_WTct_R,
720575941535245034,720575941535331338,3,VNC_IntTct_L,
720575941535245034,720575941547226248,9,VNC_NTct_L,
720575941535245034,720575941557612915,12,VNC_HTct_R,
720575941535245034,720575941557612915,22,VNC_IntTct_R,
720575941535245034,720575941565495655,3,VNC_HTct_L,
720575941535245034,720575941572251144,20,VNC_HTct_L,
720575941535245034,720575941572251144,19,VNC_IntTct_L,
720575941535245034,720575941583128454,40,VNC_HTct_L,
720575941535245034,720575941583128454,12,VNC_IntTct_L,
720575941535245034,720575941595768476,3,VNC_HTct_L,
720575941535245034,720575941599444777,5,VNC_IntTct_L,
720575941535245034,720575941599444777,3,VNC_NTct_L,
720575941535245034,720575941601092537,4,VNC_HTct_L,
720575941535245034,720575941601243321,12,VNC_IntTct_L,
720575941535245034,720575941604967789,6,VNC_HTct_L,
720575941535245034,720575941607605101,13,VNC_IntTct_R,
720575941535245034,720575941607605101,15,VNC_NTct_R,
720575941535245034,720575941608991050,6,VNC_HTct_R,
720575941535245034,720575941608991050,12,VNC_IntTct_R,
720575941535245034,720575941610354153,3,VNC_IntTct_R,
720575941535245034,720575941611080010,7,VNC_HTct_L,
720575941535245034,720575941612053094,7,VNC_HTct_L,
720575941535245034,720575941612053094,5,VNC_T3_MetaNm_L,
720575941535245034,720575941621616380,3,VNC_NTct_L,
720575941535245034,720575941630748859,4,VNC_HTct_L,
720575941535245034,720575941632614587,3,VNC_IntTct_L,
720575941535245034,720575941649244437,11,VNC_HTct_L,
720575941535245034,720575941649244437,3,VNC_HTct_R,
720575941535245034,720575941649244437,4,VNC_IntTct_R,
720575941535245034,720575941649244437,7,VNC_NTct_L,
720575941535245034,720575941649244437,5,VNC_NTct_R,
720575941535245034,720575941649244437,9,VNC_WTct_R,
720575941535245034,720575941668725169,21,VNC_HTct_L,
720575941535245034,720575941668725169,6,VNC_HTct_R,
720575941535245034,720575941668725169,4,VNC_IntTct_R,
720575941535258802,720575941401776931,3,VNC_LTct_L,
720575941535258802,720575941408456110,8,VNC_IntTct_R,
720575941535258802,720575941429439959,6,VNC_IntTct_L,
720575941535258802,720575941429439959,13,VNC_IntTct_R,
720575941535258802,720575941429439959,8,VNC_LTct_L,
720575941535258802,720575941429439959,11,VNC_LTct_R,
720575941535258802,720575941485196752,6,VNC_LTct_L,
720575941535258802,720575941485322637,4,VNC_ANm_R,
720575941535258802,720575941485322637,3,VNC_T3_MetaNm_R,
720575941535258802,720575941499725986,13,VNC_IntTct_R,
720575941535258802,720575941499725986,5,VNC_LTct_R,
720575941535258802,720575941505536290,3,VNC_T3_MetaNm_R,
720575941535258802,720575941508255266,4,VNC_IntTct_L,
720575941535258802,720575941512896099,20,VNC_IntTct_R,
720575941535258802,720575941519213016,5,VNC_IntTct_R,
720575941535258802,720575941535047690,8,VNC_IntTct_R,
720575941535258802,720575941537501160,9,VNC_IntTct_R,
720575941535258802,720575941539355517,5,VNC_IntTct_R,
720575941535258802,720575941539355517,31,VNC_LTct_R,
720575941535258802,720575941566802170,8,VNC_IntTct_R,
720575941535258802,720575941604953453,3,VNC_IntTct_R,
720575941535258802,720575941604953453,3,VNC_LTct_R,
720575941535258802,720575941615272601,9,VNC_LTct_L,
720575941535258802,720575941615272601,5,VNC_LTct_R,
720575941535258802,720575941640900453,37,VNC_IntTct_R,
720575941535258802,720575941640900453,14,VNC_LTct_R,
720575941535258802,720575941640900453,3,VNC_T2_MesoNm_R,
720575941535258802,720575941640900453,3,VNC_T3_MetaNm_L,
720575941535258802,720575941640900453,18,VNC_T3_MetaNm_R,
720575941535258802,720575941642936696,12,VNC_IntTct_R,
720575941535258802,720575941642936696,3,VNC_LTct_R,
720575941535332952,720575941512339779,4,VNC_HTct_R,
720575941535332952,720575941645093281,4,VNC_HTct_R,
720575941535705778,720575941477166622,6,VNC_IntTct_L,
720575941535705778,720575941477166622,3,VNC_NTct_L,
720575941535705778,720575941524280857,4,VNC_NTct_L,
720575941535705778,720575941537600973,5,VNC_HTct_L,
720575941535705778,720575941583128454,12,VNC_HTct_L,
720575941535705778,720575941583128454,6,VNC_IntTct_L,
720575941535705778,720575941591748648,3,VNC_IntTct_L,
720575941535705778,720575941637950239,3,VNC_NTct_L,
720575941535705778,720575941652781524,6,VNC_NTct_L,
720575941535724522,720575941461251027,3,VNC_T1_ProNm_R,
720575941535724522,720575941607605101,3,VNC_T1_ProNm_R,
720575941535811562,720575941501041643,3,VNC_IntTct_L,
720575941535811562,720575941501041643,16,VNC_NTct_L,
720575941535811562,720575941501041643,5,VNC_unassigned_L,
720575941535811562,720575941542900997,3,VNC_NTct_L,
720575941535811562,720575941560631464,5,VNC_NTct_L,
720575941535811562,720575941595131175,7,VNC_unassigned_L,
720575941535862506,720575941450559566,6,VNC_T2_MesoNm_L,
720575941535862506,720575941468950592,6,VNC_T2_MesoNm_L,
720575941535862506,720575941477166622,11,VNC_IntTct_L,
720575941535862506,720575941477166622,15,VNC_T1_ProNm_L,
720575941535862506,720575941501002731,7,VNC_T2_MesoNm_L,
720575941535862506,720575941501135191,40,VNC_T1_ProNm_L,
720575941535862506,720575941512450371,4,VNC_T2_MesoNm_L,
720575941535862506,720575941516734062,5,VNC_T2_MesoNm_L,
720575941535862506,720575941552487169,7,VNC_T2_MesoNm_L,
720575941535862506,720575941553551239,3,VNC_T1_ProNm_L,
720575941535862506,720575941569659806,5,VNC_IntTct_L,
720575941535862506,720575941623130314,3,VNC_T1_ProNm_L,
720575941535862506,720575941637874975,3,VNC_T2_MesoNm_L,
720575941535862506,720575941649795057,3,VNC_T2_MesoNm_L,
720575941535862506,720575941703131610,5,VNC_T1_ProNm_L,
720575941535975873,720575941414508948,7,VNC_T1_ProNm_L,
720575941535975873,720575941414508948,4,VNC_T2_MesoNm_L,
720575941535975873,720575941450559566,18,VNC_T2_MesoNm_L,
720575941535975873,720575941458382803,4,VNC_T2_MesoNm_L,
720575941535975873,720575941480223456,6,VNC_T2_MesoNm_L,
720575941535975873,720575941504381975,3,VNC_T2_MesoNm_L,
720575941535975873,720575941521071543,5,VNC_T2_MesoNm_L,
720575941535975873,720575941548936253,6,VNC_T2_MesoNm_L,
720575941535975873,720575941555186074,11,VNC_NTct_L,
720575941535975873,720575941555462995,4,VNC_T2_MesoNm_L,
720575941535975873,720575941561308818,4,VNC_T2_MesoNm_L,
720575941535975873,720575941570676552,6,VNC_NTct_L,
720575941535975873,720575941572444830,9,VNC_T2_MesoNm_L,
720575941535975873,720575941590291084,118,VNC_T2_MesoNm_L,
720575941535975873,720575941590291084,7,VNC_unassigned_L,
720575941535975873,720575941613433564,4,VNC_T2_MesoNm_L,
720575941536003314,720575941579868917,26,VNC_NTct_L,
720575941536140993,720575941401776931,4,VNC_LTct_L,
720575941536140993,720575941458139551,3,VNC_LTct_L,
720575941536140993,720575941477166622,4,VNC_IntTct_L,
720575941536140993,720575941518316471,5,VNC_T2_MesoNm_L,
720575941536140993,720575941552643390,5,VNC_AMNp_L,
720575941536140993,720575941552643390,5,VNC_T2_MesoNm_L,
720575941536140993,720575941575691624,3,VNC_AMNp_L,
720575941536140993,720575941592430443,4,VNC_T2_MesoNm_L,
720575941536140993,720575941619873663,6,VNC_IntTct_L,
720575941536140993,720575941619873663,3,VNC_LTct_L,
720575941536231105,720575941400818723,8,VNC_IntTct_L,
720575941536231105,720575941400818723,7,VNC_NTct_L,
720575941536231105,720575941501135191,7,VNC_IntTct_L,
720575941536231105,720575941523112439,3,VNC_IntTct_L,
720575941536231105,720575941579868917,15,VNC_IntTct_L,
720575941536301288,720575941400818723,3,VNC_IntTct_L,
720575941536301288,720575941400818723,8,VNC_NTct_L,
720575941536301288,720575941400818723,3,VNC_unassigned_L,
720575941536301288,720575941404758384,6,VNC_HTct_L,
720575941536301288,720575941438938175,15,VNC_HTct_L,
720575941536301288,720575941439083983,4,VNC_HTct_L,
720575941536301288,720575941449886791,3,VNC_HTct_L,
720575941536301288,720575941473384234,8,VNC_HTct_L,
720575941536301288,720575941486866640,16,VNC_HTct_L,
720575941536301288,720575941518439347,3,VNC_HTct_L,
720575941536301288,720575941518446702,3,VNC_HTct_L,
720575941536301288,720575941523112439,7,VNC_IntTct_L,
720575941536301288,720575941523112439,8,VNC_NTct_L,
720575941536301288,720575941550878087,8,VNC_HTct_L,
720575941536301288,720575941557878287,3,VNC_HTct_L,
720575941536301288,720575941574452623,6,VNC_HTct_L,
720575941536301288,720575941576986705,3,VNC_HTct_L,
720575941536301288,720575941579868917,8,VNC_IntTct_L,
720575941536301288,720575941579868917,10,VNC_NTct_L,
720575941536301288,720575941581506143,10,VNC_HTct_L,
720575941536301288,720575941611080010,15,VNC_HTct_L,
720575941536301288,720575941628426978,3,VNC_HTct_L,
720575941536301288,720575941700494042,12,VNC_HTct_L,
720575941536301288,720575941700629722,4,VNC_HTct_L,
720575941536326805,720575941501041643,4,VNC_NTct_L,
720575941536326805,720575941501041643,7,VNC_unassigned_L,
720575941536326805,720575941526507140,3,VNC_IntTct_L,
720575941536326805,720575941542900997,11,VNC_NTct_L,
720575941536326805,720575941595131175,4,VNC_IntTct_L,
720575941536326805,720575941595131175,6,VNC_NTct_L,
720575941536326805,720575941595131175,10,VNC_unassigned_L,
720575941536580634,720575941414508948,9,VNC_IntTct_L,
720575941536580634,720575941414508948,6,VNC_T1_ProNm_L,
720575941536580634,720575941414508948,4,VNC_T2_MesoNm_L,
720575941536580634,720575941414508948,3,VNC_T3_MetaNm_L,
720575941536580634,720575941433032718,16,VNC_IntTct_L,
720575941536580634,720575941433032718,5,VNC_T1_ProNm_L,
720575941536580634,720575941433032718,4,VNC_T2_MesoNm_L,
720575941536580634,720575941469724125,15,VNC_IntTct_L,
720575941536580634,720575941469724125,10,VNC_LTct_L,
720575941536580634,720575941535047690,9,VNC_T2_MesoNm_L,
720575941536580634,720575941537166997,3,VNC_T1_ProNm_L,
720575941536580634,720575941537501160,5,VNC_IntTct_L,
720575941536580634,720575941595871424,5,VNC_IntTct_L,
720575941536580634,720575941632698555,6,VNC_T2_MesoNm_L,
720575941536706753,720575941490266828,4,VNC_unassigned_L,
720575941536778389,720575941465484566,23,VNC_HTct_L,
720575941536778389,720575941465484566,15,VNC_IntTct_L,
720575941536778389,720575941488755148,3,VNC_IntTct_L,
720575941536778389,720575941501041643,3,VNC_NTct_L,
720575941536778389,720575941526507140,4,VNC_NTct_L,
720575941536778389,720575941534709482,3,VNC_HTct_L,
720575941536778389,720575941547226248,4,VNC_NTct_L,
720575941536778389,720575941561320493,6,VNC_HTct_L,
720575941536778389,720575941572251144,18,VNC_HTct_L,
720575941536778389,720575941572251144,11,VNC_IntTct_L,
720575941536778389,720575941583128454,27,VNC_HTct_L,
720575941536778389,720575941583128454,9,VNC_IntTct_L,
720575941536778389,720575941601209590,3,VNC_IntTct_L,
720575941536778389,720575941611080010,3,VNC_HTct_L,
720575941536778389,720575941625932682,3,VNC_NTct_L,
720575941536778389,720575941630748859,19,VNC_HTct_L,
720575941536778389,720575941630748859,3,VNC_IntTct_L,
720575941536778389,720575941649244437,8,VNC_HTct_L,
720575941536778389,720575941649244437,4,VNC_IntTct_L,
720575941536778389,720575941652781524,3,VNC_IntTct_L,
720575941536778389,720575941668725169,7,VNC_HTct_L,
720575941536778389,720575941684706543,5,VNC_IntTct_L,
720575941536972018,720575941428210424,10,VNC_HTct_R,
720575941536972018,720575941440287183,3,VNC_HTct_R,
720575941536972018,720575941447363677,9,VNC_WTct_R,
720575941536972018,720575941456244127,3,VNC_HTct_R,
720575941536972018,720575941471190368,5,VNC_HTct_R,
720575941536972018,720575941472561979,3,VNC_HTct_R,
720575941536972018,720575941476543297,3,VNC_WTct_R,
720575941536972018,720575941515062851,5,VNC_HTct_R,
720575941536972018,720575941526417540,11,VNC_HTct_R,
720575941536972018,720575941536368370,3,VNC_HTct_R,
720575941536972018,720575941544688308,9,VNC_HTct_R,
720575941536972018,720575941545400508,3,VNC_HTct_R,
720575941536972018,720575941562381319,3,VNC_WTct_R,
720575941536972018,720575941565003062,3,VNC_HTct_R,
720575941536972018,720575941565113095,3,VNC_WTct_R,
720575941536972018,720575941592154582,20,VNC_HTct_R,
720575941536972018,720575941595969984,4,VNC_WTct_R,
720575941536972018,720575941597149376,3,VNC_NTct_R,
720575941536972018,720575941609358310,4,VNC_HTct_R,
720575941536972018,720575941609481062,7,VNC_HTct_R,
720575941536972018,720575941614850517,27,VNC_HTct_R,
720575941536972018,720575941614850517,10,VNC_WTct_R,
720575941536972018,720575941679017405,6,VNC_HTct_R,
720575941536972018,720575941691013016,3,VNC_WTct_R,
720575941537583336,720575941408509867,5,VNC_IntTct_L,
720575941537583336,720575941439197269,4,VNC_WTct_L,
720575941537583336,720575941450520745,4,VNC_T3_MetaNm_L,
720575941537583336,720575941450532174,10,VNC_IntTct_L,
720575941537583336,720575941450532174,3,VNC_LTct_L,
720575941537583336,720575941450532174,3,VNC_LTct_R,
720575941537583336,720575941450532174,4,VNC_unassigned_L,
720575941537583336,720575941458139551,8,VNC_ANm_L,
720575941537583336,720575941477166622,12,VNC_IntTct_L,
720575941537583336,720575941477166622,4,VNC_LTct_L,
720575941537583336,720575941516848750,3,VNC_IntTct_L,
720575941537583336,720575941521986227,9,VNC_IntTct_L,
720575941537583336,720575941521986227,5,VNC_NTct_L,
720575941537583336,720575941562358023,3,VNC_NTct_L,
720575941537583336,720575941564123026,3,VNC_T3_MetaNm_L,
720575941537583336,720575941571997085,9,VNC_NTct_L,
720575941537583336,720575941576958197,3,VNC_WTct_L,
720575941537583336,720575941604989293,5,VNC_IntTct_L,
720575941537583336,720575941625932682,9,VNC_IntTct_L,
720575941537583336,720575941625932682,4,VNC_NTct_L,
720575941537583336,720575941670676135,6,VNC_IntTct_L,
720575941537583336,720575941670676135,6,VNC_WTct_L,
720575941537638627,720575941408456110,3,VNC_IntTct_R,
720575941537638627,720575941499725986,6,VNC_T2_MesoNm_R,
720575941537638627,720575941535047690,7,VNC_IntTct_R,
720575941537638627,720575941537501160,4,VNC_IntTct_R,
720575941537638627,720575941625907769,19,VNC_IntTct_R,
720575941537638627,720575941642936696,3,VNC_T1_ProNm_R,
720575941537703144,720575941400818723,6,VNC_IntTct_L,
720575941537703144,720575941400818723,5,VNC_NTct_L,
720575941537703144,720575941438938175,8,VNC_HTct_L,
720575941537703144,720575941438938175,3,VNC_IntTct_L,
720575941537703144,720575941476130097,3,VNC_NTct_L,
720575941537703144,720575941496878498,3,VNC_IntTct_L,
720575941537703144,720575941518866542,4,VNC_IntTct_L,
720575941537703144,720575941520333047,4,VNC_HTct_L,
720575941537703144,720575941530192843,3,VNC_HTct_L,
720575941537703144,720575941537600973,3,VNC_HTct_L,
720575941537703144,720575941547226248,6,VNC_IntTct_L,
720575941537703144,720575941550878087,4,VNC_HTct_L,
720575941537703144,720575941575397263,5,VNC_HTct_L,
720575941537703144,720575941579868917,8,VNC_IntTct_L,
720575941537703144,720575941581506143,9,VNC_HTct_L,
720575941537703144,720575941581506143,3,VNC_IntTct_L,
720575941537703144,720575941583128454,5,VNC_HTct_L,
720575941537703144,720575941611080010,21,VNC_HTct_L,
720575941537703144,720575941611080010,6,VNC_IntTct_L,
720575941537703144,720575941628426978,4,VNC_HTct_L,
720575941537703144,720575941650775313,3,VNC_IntTct_L,
720575941537710824,720575941414456212,14,VNC_T2_MesoNm_L,
720575941537710824,720575941449942877,3,VNC_T2_MesoNm_L,
720575941537710824,720575941477858434,4,VNC_AMNp_R,
720575941537710824,720575941483537338,3,VNC_T1_ProNm_L,
720575941537710824,720575941483537338,7,VNC_T1_ProNm_R,
720575941537710824,720575941487942608,3,VNC_T1_ProNm_L,
720575941537710824,720575941493955710,3,VNC_T2_MesoNm_L,
720575941537710824,720575941501026283,6,VNC_AMNp_L,
720575941537710824,720575941504424517,4,VNC_unassigned_L,
720575941537710824,720575941555504723,3,VNC_T3_MetaNm_R,
720575941537710824,720575941579867125,6,VNC_ANm_L,
720575941537710824,720575941579867125,15,VNC_T3_MetaNm_L,
720575941537710824,720575941606544493,4,VNC_AMNp_L,
720575941537710824,720575941608391498,3,VNC_WTct_L,
720575941537710824,720575941612500889,4,VNC_AMNp_R,
720575941537710824,720575941653565201,7,VNC_T3_MetaNm_R,
720575941537710824,720575941654985945,5,VNC_T3_MetaNm_L,
720575941537710824,720575941669866161,3,VNC_IntTct_R,
720575941537710824,720575941669866161,14,VNC_T2_MesoNm_R,
720575941537710824,720575941691313115,17,VNC_AMNp_L,
720575941537710824,720575941691313115,9,VNC_T1_ProNm_L,
720575941537710824,720575941691313115,5,VNC_T2_MesoNm_L,
720575941537766632,720575941404724080,3,VNC_T2_MesoNm_L,
720575941537766632,720575941480223456,3,VNC_T2_MesoNm_L,
720575941537766632,720575941501002731,3,VNC_T2_MesoNm_L,
720575941537820658,720575941539929117,3,VNC_IntTct_L,
720575941537820658,720575941555186074,28,VNC_NTct_L,
720575941537820658,720575941601243321,4,VNC_NTct_L,
720575941537820658,720575941614802389,10,VNC_NTct_L,
720575941537820658,720575941621725180,5,VNC_NTct_L,
720575941537820658,720575941630933947,5,VNC_IntTct_L,
720575941537850600,720575941432778638,6,VNC_IntTct_R,
720575941537850600,720575941439197269,5,VNC_WTct_R,
720575941537850600,720575941450520745,4,VNC_T3_MetaNm_R,
720575941537850600,720575941450532174,10,VNC_IntTct_R,
720575941537850600,720575941450532174,3,VNC_unassigned_R,
720575941537850600,720575941459912262,4,VNC_IntTct_R,
720575941537850600,720575941501984651,3,VNC_IntTct_R,
720575941537850600,720575941521986227,13,VNC_IntTct_R,
720575941537850600,720575941608310346,3,VNC_IntTct_R,
720575941537850600,720575941608350794,3,VNC_WTct_R,
720575941537850600,720575941625932682,4,VNC_IntTct_L,
720575941537850600,720575941625932682,4,VNC_WTct_R,
720575941537850600,720575941670676135,10,VNC_IntTct_R,
720575941537912291,720575941495591291,3,VNC_IntTct_R,
720575941537912291,720575941549701182,4,VNC_HTct_R,
720575941537912291,720575941604997997,3,VNC_HTct_R,
720575941537912291,720575941608310346,3,VNC_IntTct_R,
720575941538209229,720575941440423375,4,VNC_NTct_R,
720575941538218216,720575941429543127,3,VNC_HTct_L,
720575941538218216,720575941474337310,4,VNC_IntTct_L,
720575941538218216,720575941496146657,5,VNC_HTct_L,
720575941538218216,720575941535331338,3,VNC_IntTct_L,
720575941538218216,720575941538289379,3,VNC_HTct_L,
720575941538218216,720575941547177076,4,VNC_IntTct_L,
720575941538218216,720575941575824217,3,VNC_IntTct_L,
720575941538218216,720575941579219321,3,VNC_HTct_L,
720575941538218216,720575941581683039,3,VNC_IntTct_L,
720575941538218216,720575941587190583,3,VNC_IntTct_L,
720575941538218216,720575941592602149,10,VNC_IntTct_L,
720575941538218216,720575941612053094,7,VNC_HTct_L,
720575941538218216,720575941628426978,6,VNC_HTct_L,
720575941538218216,720575941629413356,9,VNC_IntTct_L,
720575941538221288,720575941547256125,3,VNC_HTct_R,
720575941538255587,720575941472042282,3,VNC_IntTct_R,
720575941538255587,720575941498935777,4,VNC_NTct_L,
720575941538255587,720575941498935777,3,VNC_NTct_R,
720575941538255587,720575941498935777,5,VNC_WTct_R,
720575941538255587,720575941526847910,4,VNC_WTct_R,
720575941538255587,720575941551598746,3,VNC_WTct_L,
720575941538255587,720575941583595486,4,VNC_NTct_L,
720575941538255587,720575941631436524,5,VNC_NTct_R,
720575941538255587,720575941644900472,3,VNC_WTct_R,
720575941538255587,720575941653563153,3,VNC_IntTct_L,
720575941538255587,720575941653563153,3,VNC_WTct_L,
720575941538336381,720575941481012989,3,VNC_IntTct_L,
720575941538336381,720575941501135191,5,VNC_IntTct_L,
720575941539226866,720575941414508948,3,VNC_IntTct_L,
720575941539226866,720575941440620379,3,VNC_unassigned_L,
720575941539226866,720575941441318591,5,VNC_IntTct_R,
720575941539226866,720575941442926762,3,VNC_HTct_R,
720575941539226866,720575941450532174,4,VNC_IntTct_L,
720575941539226866,720575941450532174,3,VNC_IntTct_R,
720575941539226866,720575941453962221,5,VNC_NTct_L,
720575941539226866,720575941453962221,3,VNC_unassigned_L,
720575941539226866,720575941457686256,3,VNC_IntTct_R,
720575941539226866,720575941457686256,4,VNC_unassigned_R,
720575941539226866,720575941468312695,5,VNC_IntTct_R,
720575941539226866,720575941488173001,3,VNC_IntTct_R,
720575941539226866,720575941492354174,6,VNC_HTct_L,
720575941539226866,720575941496957346,4,VNC_HTct_L,
720575941539226866,720575941496957346,3,VNC_HTct_R,
720575941539226866,720575941516099500,5,VNC_IntTct_L,
720575941539226866,720575941518936792,3,VNC_NTct_L,
720575941539226866,720575941526701412,3,VNC_ANm_L,
720575941539226866,720575941526701412,9,VNC_HTct_L,
720575941539226866,720575941526701412,3,VNC_IntTct_L,
720575941539226866,720575941526701412,3,VNC_unassigned_L,
720575941539226866,720575941526701412,4,VNC_unassigned_R,
720575941539226866,720575941535136739,3,VNC_HTct_R,
720575941539226866,720575941537881981,5,VNC_IntTct_R,
720575941539226866,720575941544982716,8,VNC_IntTct_L,
720575941539226866,720575941552622398,5,VNC_HTct_R,
720575941539226866,720575941575397263,3,VNC_ANm_R,
720575941539226866,720575941575397263,3,VNC_HTct_R,
720575941539226866,720575941616556245,9,VNC_HTct_L,
720575941539226866,720575941616556245,3,VNC_IntTct_R,
720575941539226866,720575941623108298,9,VNC_HTct_R,
720575941539226866,720575941623108298,15,VNC_IntTct_R,
720575941539226866,720575941623108298,3,VNC_NTct_R,
720575941539226866,720575941628630054,5,VNC_IntTct_R,
720575941539226866,720575941628630054,3,VNC_unassigned_R,
720575941539226866,720575941649244437,3,VNC_IntTct_R,
720575941539226866,720575941668315891,3,VNC_HTct_R,
720575941539226866,720575941671138727,9,VNC_HTct_L,
720575941539226866,720575941671138727,12,VNC_IntTct_L,
720575941539226866,720575941671138727,5,VNC_NTct_L,
720575941539226866,720575941671138727,6,VNC_WTct_L,
720575941539226866,720575941671138727,4,VNC_unassigned_L,
720575941539264242,720575941487877328,7,VNC_T2_MesoNm_L,
720575941539264242,720575941560088814,9,VNC_T1_ProNm_R,
720575941539264242,720575941562051752,3,VNC_T2_MesoNm_R,
720575941539264242,720575941592430443,3,VNC_T2_MesoNm_L,
720575941539264242,720575941592919080,11,VNC_T1_ProNm_L,
720575941539552717,720575941608310346,7,VNC_IntTct_R,
720575941539809997,720575941399253283,3,VNC_HTct_R,
720575941539809997,720575941399253283,3,VNC_IntTct_R,
720575941539809997,720575941431311575,3,VNC_HTct_R,
720575941539809997,720575941447048117,4,VNC_HTct_R,
720575941539809997,720575941449255290,3,VNC_IntTct_R,
720575941539809997,720575941449255290,3,VNC_LTct_R,
720575941539809997,720575941450101063,7,VNC_IntTct_R,
720575941539809997,720575941458334163,13,VNC_HTct_R,
720575941539809997,720575941458334163,4,VNC_IntTct_R,
720575941539809997,720575941461076493,9,VNC_HTct_R,
720575941539809997,720575941472739168,4,VNC_IntTct_R,
720575941539809997,720575941479961312,5,VNC_IntTct_R,
720575941539809997,720575941490785712,3,VNC_WTct_R,
720575941539809997,720575941492303998,3,VNC_IntTct_R,
720575941539809997,720575941495591291,3,VNC_HTct_R,
720575941539809997,720575941495591291,6,VNC_IntTct_R,
720575941539809997,720575941503451301,8,VNC_HTct_R,
720575941539809997,720575941503451301,7,VNC_IntTct_R,
720575941539809997,720575941519273944,3,VNC_WTct_R,
720575941539809997,720575941519453038,3,VNC_IntTct_R,
720575941539809997,720575941524114276,7,VNC_WTct_R,
720575941539809997,720575941526701412,4,VNC_HTct_R,
720575941539809997,720575941527099981,4,VNC_HTct_R,
720575941539809997,720575941532246762,3,VNC_NTct_R,
720575941539809997,720575941539741788,4,VNC_WTct_R,
720575941539809997,720575941542282245,4,VNC_HTct_R,
720575941539809997,720575941546731041,5,VNC_IntTct_R,
720575941539809997,720575941551588506,7,VNC_HTct_R,
720575941539809997,720575941553430355,5,VNC_HTct_R,
720575941539809997,720575941554049307,3,VNC_WTct_R,
720575941539809997,720575941557612915,15,VNC_HTct_R,
720575941539809997,720575941557612915,6,VNC_IntTct_R,
720575941539809997,720575941557612915,5,VNC_unassigned_R,
720575941539809997,720575941566956532,3,VNC_IntTct_R,
720575941539809997,720575941566956532,3,VNC_WTct_R,
720575941539809997,720575941570823752,3,VNC_WTct_R,
720575941539809997,720575941608991050,3,VNC_HTct_R,
720575941539809997,720575941608991050,5,VNC_IntTct_R,
720575941539809997,720575941610174950,3,VNC_IntTct_R,
720575941539809997,720575941613367260,9,VNC_HTct_R,
720575941539809997,720575941614850517,7,VNC_HTct_R,
720575941539809997,720575941623284362,6,VNC_HTct_R,
720575941539809997,720575941631436524,3,VNC_WTct_R,
720575941539809997,720575941659696184,9,VNC_HTct_R,
720575941539809997,720575941659696184,3,VNC_IntTct_R,
720575941539816061,720575941515936505,3,VNC_LTct_R,
720575941539816061,720575941600259369,4,VNC_LTct_R,
720575941539816061,720575941625963419,4,VNC_IntTct_R,
720575941540215501,720575941408509867,10,VNC_LTct_L,
720575941540215501,720575941457802480,4,VNC_LTct_L,
720575941540215501,720575941458382803,4,VNC_IntTct_L,
720575941540215501,720575941489801676,5,VNC_IntTct_L,
720575941540215501,720575941489801676,3,VNC_LTct_L,
720575941540215501,720575941517770412,3,VNC_LTct_L,
720575941540215501,720575941557516782,3,VNC_IntTct_L,
720575941540215501,720575941557516782,5,VNC_LTct_L,
720575941540215501,720575941593245297,4,VNC_LTct_L,
720575941540215501,720575941623972251,3,VNC_LTct_L,
720575941540215501,720575941670676135,7,VNC_LTct_L,
720575941540246364,720575941401776931,4,VNC_IntTct_R,
720575941540246364,720575941401776931,3,VNC_WTct_R,
720575941540246364,720575941412443540,4,VNC_HTct_R,
720575941540246364,720575941412443540,11,VNC_IntTct_L,
720575941540246364,720575941412443540,8,VNC_IntTct_R,
720575941540246364,720575941412443540,4,VNC_WTct_L,
720575941540246364,720575941412443540,4,VNC_WTct_R,
720575941540246364,720575941428277752,6,VNC_IntTct_R,
720575941540246364,720575941428277752,5,VNC_LTct_R,
720575941540246364,720575941429543127,4,VNC_HTct_L,
720575941540246364,720575941429543127,9,VNC_IntTct_L,
720575941540246364,720575941429543127,4,VNC_WTct_L,
720575941540246364,720575941430842209,7,VNC_HTct_L,
720575941540246364,720575941457073478,4,VNC_WTct_L,
720575941540246364,720575941458334163,3,VNC_HTct_R,
720575941540246364,720575941465484566,8,VNC_HTct_L,
720575941540246364,720575941465484566,8,VNC_IntTct_L,
720575941540246364,720575941468312695,4,VNC_HTct_L,
720575941540246364,720575941473850720,12,VNC_IntTct_L,
720575941540246364,720575941474437681,5,VNC_HTct_R,
720575941540246364,720575941474725684,4,VNC_IntTct_L,
720575941540246364,720575941475988529,6,VNC_IntTct_R,
720575941540246364,720575941475988529,8,VNC_WTct_R,
720575941540246364,720575941477927042,3,VNC_WTct_L,
720575941540246364,720575941480550018,4,VNC_HTct_R,
720575941540246364,720575941488173001,8,VNC_IntTct_R,
720575941540246364,720575941495592571,6,VNC_HTct_L,
720575941540246364,720575941496878498,7,VNC_IntTct_L,
720575941540246364,720575941505774209,5,VNC_IntTct_R,
720575941540246364,720575941518466483,3,VNC_IntTct_L,
720575941540246364,720575941518866542,6,VNC_IntTct_L,
720575941540246364,720575941518866542,5,VNC_IntTct_R,
720575941540246364,720575941532246762,10,VNC_IntTct_R,
720575941540246364,720575941549329663,3,VNC_IntTct_R,
720575941540246364,720575941549386239,6,VNC_IntTct_L,
720575941540246364,720575941549386239,4,VNC_WTct_L,
720575941540246364,720575941549683006,7,VNC_HTct_L,
720575941540246364,720575941549683006,9,VNC_IntTct_L,
720575941540246364,720575941549683006,3,VNC_WTct_L,
720575941540246364,720575941550971783,7,VNC_IntTct_R,
720575941540246364,720575941553338778,25,VNC_HTct_L,
720575941540246364,720575941553338778,47,VNC_IntTct_L,
720575941540246364,720575941553338778,37,VNC_WTct_L,
720575941540246364,720575941557612915,6,VNC_HTct_R,
720575941540246364,720575941557612915,3,VNC_IntTct_R,
720575941540246364,720575941569616542,4,VNC_WTct_R,
720575941540246364,720575941572251144,5,VNC_HTct_L,
720575941540246364,720575941572251144,7,VNC_IntTct_L,
720575941540246364,720575941576368744,3,VNC_HTct_L,
720575941540246364,720575941576368744,6,VNC_IntTct_L,
720575941540246364,720575941576368744,3,VNC_WTct_L,
720575941540246364,720575941579072889,3,VNC_WTct_R,
720575941540246364,720575941583128454,5,VNC_HTct_L,
720575941540246364,720575941583128454,5,VNC_IntTct_L,
720575941540246364,720575941583128454,4,VNC_unassigned_L,
720575941540246364,720575941583254918,5,VNC_IntTct_R,
720575941540246364,720575941583254918,4,VNC_WTct_R,
720575941540246364,720575941583601886,7,VNC_HTct_R,
720575941540246364,720575941583601886,31,VNC_IntTct_R,
720575941540246364,720575941583601886,4,VNC_LTct_R,
720575941540246364,720575941583601886,13,VNC_WTct_R,
720575941540246364,720575941588615052,7,VNC_HTct_L,
720575941540246364,720575941588615052,19,VNC_IntTct_L,
720575941540246364,720575941592602149,12,VNC_WTct_L,
720575941540246364,720575941593948805,11,VNC_IntTct_L,
720575941540246364,720575941607605101,3,VNC_IntTct_R,
720575941540246364,720575941612053094,16,VNC_HTct_L,
720575941540246364,720575941614737877,3,VNC_WTct_R,
720575941540246364,720575941614877397,3,VNC_IntTct_L,
720575941540246364,720575941614889941,4,VNC_IntTct_L,
720575941540246364,720575941619873663,4,VNC_IntTct_L,
720575941540246364,720575941623347099,7,VNC_IntTct_L,
720575941540246364,720575941623347099,6,VNC_IntTct_R,
720575941540246364,720575941629413356,6,VNC_IntTct_L,
720575941540246364,720575941629413356,14,VNC_WTct_L,
720575941540246364,720575941630748859,3,VNC_HTct_L,
720575941540246364,720575941650775313,13,VNC_IntTct_L,
720575941540246364,720575941650775313,7,VNC_IntTct_R,
720575941540246364,720575941650775313,4,VNC_WTct_L,
720575941540246364,720575941652324825,7,VNC_IntTct_R,
720575941540246364,720575941652647185,3,VNC_WTct_R,
720575941540246364,720575941653507801,13,VNC_HTct_L,
720575941540246364,720575941668725169,3,VNC_HTct_L,
720575941540246364,720575941684706543,35,VNC_IntTct_L,
720575941540257741,720575941433032718,9,VNC_IntTct_L,
720575941540257741,720575941433032718,5,VNC_T1_ProNm_L,
720575941540462285,720575941498482043,18,VNC_T1_ProNm_R,
720575941540462285,720575941586471646,8,VNC_T1_ProNm_R,
720575941540462285,720575941623130314,4,VNC_T1_ProNm_R,
720575941540466381,720575941424930644,4,VNC_IntTct_L,
720575941540466381,720575941428965368,8,VNC_IntTct_L,
720575941540466381,720575941428965368,13,VNC_LTct_L,
720575941540466381,720575941428965368,6,VNC_T1_ProNm_L,
720575941540466381,720575941435693356,3,VNC_IntTct_L,
720575941540466381,720575941438659551,18,VNC_T3_MetaNm_L,
720575941540466381,720575941481041231,12,VNC_IntTct_L,
720575941540466381,720575941481041231,3,VNC_LTct_L,
720575941540466381,720575941485196752,6,VNC_IntTct_L,
720575941540466381,720575941485196752,12,VNC_LTct_L,
720575941540466381,720575941501845554,10,VNC_IntTct_L,
720575941540466381,720575941504389655,7,VNC_IntTct_L,
720575941540466381,720575941505536290,4,VNC_ANm_L,
720575941540466381,720575941505536290,45,VNC_T3_MetaNm_L,
720575941540466381,720575941508255266,14,VNC_IntTct_L,
720575941540466381,720575941508255266,5,VNC_LTct_L,
720575941540466381,720575941508255266,6,VNC_T1_ProNm_L,
720575941540466381,720575941508255266,3,VNC_unassigned_L,
720575941540466381,720575941516848750,10,VNC_LTct_L,
720575941540466381,720575941520284919,4,VNC_IntTct_L,
720575941540466381,720575941520284919,4,VNC_LTct_L,
720575941540466381,720575941520284919,3,VNC_T1_ProNm_L,
720575941540466381,720575941521069751,15,VNC_IntTct_L,
720575941540466381,720575941521069751,21,VNC_LTct_L,
720575941540466381,720575941521069751,4,VNC_T1_ProNm_L,
720575941540466381,720575941521069751,3,VNC_T2_MesoNm_L,
720575941540466381,720575941521069751,3,VNC_unassigned_L,
720575941540466381,720575941535047690,7,VNC_IntTct_L,
720575941540466381,720575941535047690,4,VNC_LTct_L,
720575941540466381,720575941535047690,3,VNC_WTct_L,
720575941540466381,720575941537166997,7,VNC_IntTct_L,
720575941540466381,720575941537166997,3,VNC_LTct_L,
720575941540466381,720575941537166997,5,VNC_T2_MesoNm_L,
720575941540466381,720575941537501160,4,VNC_IntTct_L,
720575941540466381,720575941554803620,5,VNC_IntTct_L,
720575941540466381,720575941559947279,17,VNC_IntTct_L,
720575941540466381,720575941559947279,3,VNC_LTct_L,
720575941540466381,720575941566431286,8,VNC_T3_MetaNm_L,
720575941540466381,720575941569616542,12,VNC_IntTct_L,
720575941540466381,720575941571906717,3,VNC_LTct_L,
720575941540466381,720575941575753910,3,VNC_AMNp_L,
720575941540466381,720575941575753910,9,VNC_IntTct_L,
720575941540466381,720575941575753910,16,VNC_LTct_L,
720575941540466381,720575941579072889,4,VNC_IntTct_L,
720575941540466381,720575941588919863,4,VNC_IntTct_L,
720575941540466381,720575941588919863,3,VNC_LTct_L,
720575941540466381,720575941589954871,3,VNC_IntTct_L,
720575941540466381,720575941611914669,32,VNC_IntTct_L,
720575941540466381,720575941611914669,12,VNC_LTct_L,
720575941540466381,720575941611914669,6,VNC_WTct_L,
720575941540466381,720575941611914669,6,VNC_unassigned_L,
720575941540466381,720575941631975621,21,VNC_IntTct_L,
720575941540466381,720575941631975621,4,VNC_LTct_L,
720575941540466381,720575941631975621,6,VNC_unassigned_L,
720575941540466381,720575941645261768,10,VNC_T3_MetaNm_L,
720575941540466381,720575941650578193,3,VNC_LTct_L,
720575941540466381,720575941667164081,13,VNC_IntTct_L,
720575941540466381,720575941678420925,11,VNC_IntTct_L,
720575941540466381,720575941678420925,10,VNC_LTct_L,
720575941540466381,720575941687834331,5,VNC_WTct_L,
720575941540466381,720575941691313115,5,VNC_AMNp_L,
720575941540466381,720575941691313115,4,VNC_IntTct_L,
720575941540466381,720575941691313115,10,VNC_LTct_L,
720575941540466381,720575941691313115,5,VNC_WTct_L,
720575941540466381,720575941691313115,4,VNC_unassigned_L,
720575941540535069,720575941703131610,6,VNC_T1_ProNm_L,
720575941541271325,720575941477297716,5,VNC_NTct_L,
720575941541271325,720575941483803458,3,VNC_NTct_L,
720575941541271325,720575941525725954,4,VNC_NTct_L,
720575941541271325,720575941597149376,4,VNC_NTct_R,
720575941541271325,720575941686037878,3,VNC_NTct_R,
720575941541726493,720575941428277752,6,VNC_IntTct_R,
720575941541726493,720575941456373151,5,VNC_HTct_R,
720575941541726493,720575941464901398,10,VNC_HTct_R,
720575941541726493,720575941464901398,3,VNC_IntTct_R,
720575941541726493,720575941474482737,5,VNC_IntTct_R,
720575941541726493,720575941475780202,8,VNC_HTct_R,
720575941541726493,720575941480550018,6,VNC_HTct_R,
720575941541726493,720575941490813872,11,VNC_IntTct_R,
720575941541726493,720575941496957346,3,VNC_IntTct_R,
720575941541726493,720575941524294169,3,VNC_IntTct_R,
720575941541726493,720575941549329663,8,VNC_IntTct_R,
720575941541726493,720575941559268723,3,VNC_HTct_R,
720575941541726493,720575941566756602,3,VNC_IntTct_R,
720575941541726493,720575941567062898,8,VNC_HTct_R,
720575941541726493,720575941575684953,6,VNC_HTct_R,
720575941541726493,720575941583601886,17,VNC_IntTct_R,
720575941541726493,720575941593615211,3,VNC_IntTct_R,
720575941541726493,720575941601298617,7,VNC_HTct_R,
720575941541726493,720575941601298617,6,VNC_IntTct_R,
720575941541726493,720575941614889941,12,VNC_IntTct_R,
720575941541726493,720575941623399788,3,VNC_IntTct_R,
720575941541726493,720575941631436524,3,VNC_IntTct_R,
720575941541726493,720575941644908408,5,VNC_HTct_R,
720575941541726493,720575941652324825,13,VNC_IntTct_R,
720575941542514268,720575941450559566,18,VNC_T2_MesoNm_L,
720575941542514268,720575941480223456,3,VNC_T2_MesoNm_L,
720575941542514268,720575941560635816,3,VNC_T2_MesoNm_R,
720575941542514268,720575941590291084,36,VNC_T2_MesoNm_L,
720575941542514268,720575941595919217,3,VNC_T2_MesoNm_R,
720575941542514268,720575941613448668,23,VNC_T2_MesoNm_R,
720575941542514268,720575941703131610,5,VNC_T1_ProNm_L,
720575941542534236,720575941390688150,12,VNC_WTct_R,
720575941542534236,720575941414897041,7,VNC_HTct_R,
720575941542534236,720575941426616148,3,VNC_HTct_R,
720575941542534236,720575941438746303,3,VNC_WTct_R,
720575941542534236,720575941439566559,4,VNC_WTct_R,
720575941542534236,720575941457930655,8,VNC_WTct_R,
720575941542534236,720575941489388236,4,VNC_HTct_R,
720575941542534236,720575941496227041,8,VNC_HTct_R,
720575941542534236,720575941496227041,8,VNC_WTct_R,
720575941542534236,720575941496227041,5,VNC_unassigned_R,
720575941542534236,720575941507442305,3,VNC_unassigned_R,
720575941542534236,720575941507848208,3,VNC_WTct_R,
720575941542534236,720575941507848208,5,VNC_unassigned_R,
720575941542534236,720575941511388881,14,VNC_WTct_R,
720575941542534236,720575941514046355,18,VNC_WTct_R,
720575941542534236,720575941520255223,3,VNC_HTct_R,
720575941542534236,720575941524114276,4,VNC_HTct_R,
720575941542534236,720575941524114276,7,VNC_IntTct_R,
720575941542534236,720575941536309141,9,VNC_WTct_R,
720575941542534236,720575941539741788,8,VNC_HTct_R,
720575941542534236,720575941539741788,7,VNC_WTct_R,
720575941542534236,720575941542469212,6,VNC_HTct_R,
720575941542534236,720575941542469212,10,VNC_unassigned_R,
720575941542534236,720575941543647420,7,VNC_HTct_R,
720575941542534236,720575941543647420,3,VNC_WTct_R,
720575941542534236,720575941543647420,6,VNC_unassigned_R,
720575941542534236,720575941545286792,3,VNC_WTct_R,
720575941542534236,720575941545408904,4,VNC_WTct_R,
720575941542534236,720575941546208692,7,VNC_WTct_R,
720575941542534236,720575941546335676,11,VNC_HTct_R,
720575941542534236,720575941546335676,15,VNC_WTct_R,
720575941542534236,720575941546335676,4,VNC_unassigned_R,
720575941542534236,720575941547162292,6,VNC_ANm_R,
720575941542534236,720575941547162292,10,VNC_T3_MetaNm_R,
720575941542534236,720575941549399039,3,VNC_HTct_R,
720575941542534236,720575941549399039,3,VNC_WTct_R,
720575941542534236,720575941554784676,4,VNC_WTct_R,
720575941542534236,720575941573188278,6,VNC_ANm_R,
720575941542534236,720575941573188278,4,VNC_HTct_R,
720575941542534236,720575941573188278,9,VNC_WTct_R,
720575941542534236,720575941592380199,14,VNC_WTct_R,
720575941542534236,720575941592380199,3,VNC_unassigned_R,
720575941542534236,720575941603749817,5,VNC_ANm_R,
720575941542534236,720575941609479526,5,VNC_HTct_R,
720575941542534236,720575941609479526,5,VNC_unassigned_R,
720575941542534236,720575941613367260,18,VNC_HTct_R,
720575941542534236,720575941613367260,4,VNC_WTct_R,
720575941542534236,720575941613367260,5,VNC_unassigned_R,
720575941542534236,720575941630620576,3,VNC_HTct_R,
720575941542534236,720575941630620576,6,VNC_WTct_R,
720575941542534236,720575941630620576,4,VNC_unassigned_R,
720575941542534236,720575941645098401,4,VNC_WTct_R,
720575941542534236,720575941665520371,3,VNC_HTct_R,
720575941542534236,720575941665520371,6,VNC_WTct_R,
720575941542534236,720575941689397656,3,VNC_HTct_R,
720575941542534236,720575941689397656,14,VNC_WTct_R,
720575941542610437,720575941459912262,7,VNC_IntTct_R,
720575941542610437,720575941486968326,3,VNC_LTct_R,
720575941542610437,720575941625907769,12,VNC_IntTct_R,
720575941542610437,720575941625907769,6,VNC_LTct_R,
720575941542610437,720575941625907769,3,VNC_T1_ProNm_R,
720575941542617117,720575941487910608,4,VNC_HTct_R,
720575941542617117,720575941535073770,5,VNC_HTct_R,
720575941542617117,720575941564034614,3,VNC_HTct_R,
720575941542664284,720575941400710435,4,VNC_HTct_R,
720575941542664284,720575941429439959,3,VNC_IntTct_R,
720575941542664284,720575941429556655,5,VNC_IntTct_R,
720575941542664284,720575941449255290,12,VNC_IntTct_R,
720575941542664284,720575941450080349,5,VNC_IntTct_R,
720575941542664284,720575941452315443,11,VNC_HTct_R,
720575941542664284,720575941456348575,12,VNC_IntTct_R,
720575941542664284,720575941456348575,3,VNC_WTct_R,
720575941542664284,720575941473703722,5,VNC_HTct_R,
720575941542664284,720575941488675276,4,VNC_HTct_R,
720575941542664284,720575941492308606,21,VNC_IntTct_R,
720575941542664284,720575941501352535,4,VNC_T2_MesoNm_R,
720575941542664284,720575941501892546,6,VNC_HTct_R,
720575941542664284,720575941501984651,12,VNC_IntTct_R,
720575941542664284,720575941505369509,6,VNC_IntTct_R,
720575941542664284,720575941512896099,4,VNC_IntTct_R,
720575941542664284,720575941524294169,3,VNC_HTct_R,
720575941542664284,720575941524294169,12,VNC_IntTct_R,
720575941542664284,720575941533761050,3,VNC_IntTct_R,
720575941542664284,720575941545400508,3,VNC_HTct_R,
720575941542664284,720575941545400508,5,VNC_IntTct_R,
720575941542664284,720575941546731041,3,VNC_HTct_R,
720575941542664284,720575941549735742,3,VNC_IntTct_R,
720575941542664284,720575941549753150,3,VNC_HTct_R,
720575941542664284,720575941557294095,4,VNC_WTct_R,
720575941542664284,720575941564125026,6,VNC_HTct_R,
720575941542664284,720575941570823752,3,VNC_WTct_R,
720575941542664284,720575941586427972,3,VNC_IntTct_R,
720575941542664284,720575941586471646,5,VNC_T1_ProNm_R,
720575941542664284,720575941593615211,4,VNC_IntTct_R,
720575941542664284,720575941595804828,7,VNC_IntTct_R,
720575941542664284,720575941604997997,3,VNC_IntTct_R,
720575941542664284,720575941608310346,7,VNC_IntTct_R,
720575941542664284,720575941609358310,10,VNC_IntTct_R,
720575941542664284,720575941640900453,3,VNC_IntTct_R,
720575941542664284,720575941640900453,4,VNC_T2_MesoNm_R,
720575941542664284,720575941640900453,3,VNC_T3_MetaNm_R,
720575941542664284,720575941658602520,3,VNC_HTct_R,
720575941542664284,720575941658602520,21,VNC_IntTct_R,
720575941542664284,720575941680033213,5,VNC_HTct_R,
720575941542664284,720575941680033213,3,VNC_IntTct_R,
720575941542733573,720575941501135191,3,VNC_T1_ProNm_L,
720575941542885661,720575941506310309,7,VNC_T1_ProNm_L,
720575941542898205,720575941440736207,3,VNC_T2_MesoNm_L,
720575941542898205,720575941487877328,6,VNC_T1_ProNm_L,
720575941542898205,720575941487877328,5,VNC_T2_MesoNm_L,
720575941542898205,720575941516777107,6,VNC_T1_ProNm_R,
720575941542898205,720575941516777107,5,VNC_T2_MesoNm_R,
720575941542898205,720575941560088814,17,VNC_T1_ProNm_R,
720575941542898205,720575941592430443,3,VNC_T2_MesoNm_L,
720575941542898205,720575941592919080,15,VNC_T1_ProNm_L,
720575941543045149,720575941390273796,7,VNC_HTct_L,
720575941543045149,720575941399309603,5,VNC_IntTct_L,
720575941543045149,720575941399309603,3,VNC_NTct_L,
720575941543045149,720575941410007663,3,VNC_HTct_L,
720575941543045149,720575941410007663,3,VNC_IntTct_L,
720575941543045149,720575941411791764,4,VNC_HTct_L,
720575941543045149,720575941429361249,3,VNC_HTct_L,
720575941543045149,720575941429361249,3,VNC_WTct_L,
720575941543045149,720575941431129815,9,VNC_HTct_L,
720575941543045149,720575941438674367,7,VNC_HTct_L,
720575941543045149,720575941438700479,4,VNC_HTct_L,
720575941543045149,720575941439017423,3,VNC_HTct_L,
720575941543045149,720575941447013813,6,VNC_HTct_L,
720575941543045149,720575941450008391,12,VNC_HTct_L,
720575941543045149,720575941450876794,16,VNC_HTct_L,
720575941543045149,720575941450876794,11,VNC_IntTct_L,
720575941543045149,720575941452164915,3,VNC_WTct_L,
720575941543045149,720575941457147206,4,VNC_HTct_L,
720575941543045149,720575941457147206,3,VNC_NTct_L,
720575941543045149,720575941464073558,10,VNC_HTct_L,
720575941543045149,720575941464073558,4,VNC_IntTct_L,
720575941543045149,720575941470111863,3,VNC_WTct_L,
720575941543045149,720575941471203447,5,VNC_HTct_L,
720575941543045149,720575941472573499,4,VNC_IntTct_L,
720575941543045149,720575941476080177,4,VNC_HTct_L,
720575941543045149,720575941477166622,4,VNC_IntTct_L,
720575941543045149,720575941490804656,4,VNC_HTct_L,
720575941543045149,720575941494144199,4,VNC_HTct_L,
720575941543045149,720575941496878498,3,VNC_IntTct_L,
720575941543045149,720575941500845035,5,VNC_IntTct_L,
720575941543045149,720575941501129047,5,VNC_HTct_L,
720575941543045149,720575941504505157,4,VNC_NTct_L,
720575941543045149,720575941504563781,7,VNC_HTct_L,
720575941543045149,720575941508542674,6,VNC_HTct_L,
720575941543045149,720575941508542674,6,VNC_IntTct_L,
720575941543045149,720575941513177091,3,VNC_HTct_L,
720575941543045149,720575941517764824,13,VNC_HTct_L,
720575941543045149,720575941518334643,4,VNC_HTct_L,
720575941543045149,720575941518407607,8,VNC_HTct_L,
720575941543045149,720575941518407607,11,VNC_IntTct_L,
720575941543045149,720575941518537582,3,VNC_HTct_L,
720575941543045149,720575941523112439,8,VNC_IntTct_L,
720575941543045149,720575941523112439,4,VNC_NTct_L,
720575941543045149,720575941524114532,3,VNC_HTct_L,
720575941543045149,720575941524114532,3,VNC_IntTct_L,
720575941543045149,720575941524369945,5,VNC_HTct_L,
720575941543045149,720575941524369945,3,VNC_IntTct_L,
720575941543045149,720575941526764388,3,VNC_HTct_L,
720575941543045149,720575941526764388,5,VNC_IntTct_L,
720575941543045149,720575941526764388,3,VNC_NTct_L,
720575941543045149,720575941532334424,11,VNC_HTct_L,
720575941543045149,720575941533258689,4,VNC_IntTct_L,
720575941543045149,720575941533258689,4,VNC_NTct_L,
720575941543045149,720575941542265093,5,VNC_HTct_L,
720575941543045149,720575941546065032,8,VNC_HTct_L,
720575941543045149,720575941563318070,8,VNC_HTct_L,
720575941543045149,720575941569574046,11,VNC_NTct_L,
720575941543045149,720575941569659806,13,VNC_IntTct_L,
720575941543045149,720575941576014774,9,VNC_IntTct_L,
720575941543045149,720575941576014774,19,VNC_NTct_L,
720575941543045149,720575941577217113,3,VNC_HTct_L,
720575941543045149,720575941579868917,5,VNC_IntTct_L,
720575941543045149,720575941579868917,4,VNC_NTct_L,
720575941543045149,720575941583511518,8,VNC_IntTct_L,
720575941543045149,720575941583511518,7,VNC_WTct_L,
720575941543045149,720575941588018942,6,VNC_HTct_L,
720575941543045149,720575941588061438,6,VNC_IntTct_L,
720575941543045149,720575941588061438,16,VNC_NTct_L,
720575941543045149,720575941588095300,4,VNC_HTct_L,
720575941543045149,720575941591285388,4,VNC_HTct_L,
720575941543045149,720575941591285388,8,VNC_IntTct_L,
720575941543045149,720575941595768476,3,VNC_HTct_L,
720575941543045149,720575941601092537,4,VNC_HTct_L,
720575941543045149,720575941601092537,4,VNC_IntTct_L,
720575941543045149,720575941601243321,4,VNC_HTct_L,
720575941543045149,720575941601243321,12,VNC_IntTct_L,
720575941543045149,720575941601243321,23,VNC_NTct_L,
720575941543045149,720575941601243321,3,VNC_WTct_L,
720575941543045149,720575941611080010,6,VNC_HTct_L,
720575941543045149,720575941611080010,3,VNC_IntTct_L,
720575941543045149,720575941611645203,5,VNC_HTct_L,
720575941543045149,720575941630111941,3,VNC_HTct_L,
720575941543045149,720575941630111941,3,VNC_IntTct_L,
720575941543045149,720575941630111941,4,VNC_WTct_L,
720575941543045149,720575941632896453,3,VNC_IntTct_L,
720575941543045149,720575941637950239,6,VNC_IntTct_L,
720575941543045149,720575941639451167,3,VNC_IntTct_L,
720575941543045149,720575941639451167,9,VNC_NTct_L,
720575941543045149,720575941644234696,18,VNC_HTct_L,
720575941543045149,720575941688253080,8,VNC_NTct_L,
720575941543045149,720575941729950507,6,VNC_IntTct_L,
720575941543093021,720575941450696029,5,VNC_T2_MesoNm_R,
720575941543093021,720575941595919217,4,VNC_T2_MesoNm_R,
720575941543093021,720575941623130314,19,VNC_T1_ProNm_R,
720575941543093021,720575941627995705,4,VNC_T2_MesoNm_R,
720575941543108956,720575941429439959,4,VNC_WTct_L,
720575941543108956,720575941441993167,3,VNC_IntTct_L,
720575941543108956,720575941477849730,4,VNC_IntTct_L,
720575941543108956,720575941479084227,5,VNC_WTct_L,
720575941543108956,720575941504389655,5,VNC_IntTct_L,
720575941543108956,720575941524021860,4,VNC_IntTct_L,
720575941543108956,720575941553551239,4,VNC_IntTct_L,
720575941543108956,720575941588669324,4,VNC_IntTct_L,
720575941543684357,720575941353376048,5,VNC_HTct_R,
720575941543684357,720575941353376048,4,VNC_NTct_R,
720575941543684357,720575941413255569,40,VNC_HTct_R,
720575941543684357,720575941456373151,4,VNC_HTct_R,
720575941543684357,720575941457073478,9,VNC_IntTct_R,
720575941543684357,720575941475780202,37,VNC_HTct_R,
720575941543684357,720575941475780202,10,VNC_IntTct_R,
720575941543684357,720575941480550018,10,VNC_HTct_R,
720575941543684357,720575941488732876,3,VNC_IntTct_R,
720575941543684357,720575941516750483,3,VNC_IntTct_R,
720575941543684357,720575941518419123,3,VNC_NTct_R,
720575941543684357,720575941527099981,3,VNC_WTct_R,
720575941543684357,720575941567062898,5,VNC_HTct_R,
720575941543684357,720575941573956239,3,VNC_HTct_R,
720575941543684357,720575941584808158,7,VNC_HTct_R,
720575941543684357,720575941601298617,12,VNC_HTct_R,
720575941543684357,720575941604953453,4,VNC_IntTct_R,
720575941543684357,720575941644908408,23,VNC_HTct_R,
720575941543962629,720575941438710719,3,VNC_unassigned_R,
720575941543962629,720575941451814215,3,VNC_HTct_R,
720575941543962629,720575941451814215,3,VNC_unassigned_R,
720575941543962629,720575941490785712,3,VNC_unassigned_R,
720575941543962629,720575941507664144,3,VNC_IntTct_R,
720575941543962629,720575941507664144,7,VNC_NTct_R,
720575941543962629,720575941507664144,3,VNC_WTct_R,
720575941543962629,720575941518936792,3,VNC_WTct_R,
720575941543962629,720575941518936792,5,VNC_unassigned_R,
720575941543962629,720575941537881981,3,VNC_NTct_R,
720575941543962629,720575941551321371,8,VNC_HTct_R,
720575941543962629,720575941551321371,5,VNC_NTct_R,
720575941543962629,720575941551321371,10,VNC_unassigned_R,
720575941543962629,720575941557612915,8,VNC_HTct_R,
720575941543962629,720575941557612915,4,VNC_unassigned_R,
720575941543962629,720575941608991050,4,VNC_HTct_R,
720575941543962629,720575941608991050,6,VNC_unassigned_R,
720575941543962629,720575941640895589,3,VNC_HTct_R,
720575941543962629,720575941652647185,10,VNC_HTct_R,
720575941543962629,720575941652647185,7,VNC_NTct_R,
720575941543962629,720575941652647185,3,VNC_unassigned_R,
720575941545273861,720575941436973586,9,VNC_HTct_L,
720575941545273861,720575941468268151,3,VNC_IntTct_L,
720575941545273861,720575941508509569,3,VNC_HTct_L,
720575941545273861,720575941546773640,10,VNC_HTct_L,
720575941545273861,720575941547226248,3,VNC_NTct_L,
720575941545273861,720575941554132225,4,VNC_HTct_L,
720575941545273861,720575941580348753,6,VNC_HTct_L,
720575941545273861,720575941667164081,3,VNC_HTct_L,
720575941545312005,720575941399253283,5,VNC_WTct_R,
720575941545312005,720575941431092911,10,VNC_HTct_R,
720575941545312005,720575941431092911,8,VNC_IntTct_R,
720575941545312005,720575941447048117,4,VNC_HTct_R,
720575941545312005,720575941447048117,3,VNC_IntTct_R,
720575941545312005,720575941460885005,5,VNC_HTct_R,
720575941545312005,720575941475780202,3,VNC_HTct_R,
720575941545312005,720575941475988529,3,VNC_WTct_R,
720575941545312005,720575941477616864,6,VNC_HTct_R,
720575941545312005,720575941492308606,3,VNC_IntTct_R,
720575941545312005,720575941495591291,4,VNC_HTct_R,
720575941545312005,720575941495591291,5,VNC_IntTct_R,
720575941545312005,720575941496915618,4,VNC_HTct_R,
720575941545312005,720575941501884610,3,VNC_HTct_R,
720575941545312005,720575941501884610,3,VNC_WTct_R,
720575941545312005,720575941519453038,3,VNC_IntTct_R,
720575941545312005,720575941533221825,4,VNC_IntTct_R,
720575941545312005,720575941533761050,3,VNC_IntTct_R,
720575941545312005,720575941553506020,6,VNC_HTct_R,
720575941545312005,720575941556244644,12,VNC_HTct_R,
720575941545312005,720575941557294095,5,VNC_WTct_R,
720575941545312005,720575941557612915,3,VNC_HTct_R,
720575941545312005,720575941559954703,3,VNC_HTct_R,
720575941545312005,720575941564066567,3,VNC_HTct_R,
720575941545312005,720575941564417024,8,VNC_HTct_R,
720575941545312005,720575941564417024,5,VNC_IntTct_R,
720575941545312005,720575941566956532,4,VNC_HTct_R,
720575941545312005,720575941566956532,3,VNC_WTct_R,
720575941545312005,720575941570823752,4,VNC_HTct_R,
720575941545312005,720575941572107017,3,VNC_IntTct_R,
720575941545312005,720575941583169158,3,VNC_HTct_R,
720575941545312005,720575941586402628,3,VNC_IntTct_R,
720575941545312005,720575941595157541,4,VNC_HTct_R,
720575941545312005,720575941601153270,14,VNC_HTct_R,
720575941545312005,720575941604997997,3,VNC_IntTct_R,
720575941545312005,720575941608287818,4,VNC_HTct_R,
720575941545312005,720575941608991050,14,VNC_HTct_R,
720575941545312005,720575941614737877,4,VNC_WTct_R,
720575941545312005,720575941630959803,5,VNC_HTct_R,
720575941545312005,720575941630959803,3,VNC_IntTct_R,
720575941545312005,720575941657718552,3,VNC_IntTct_R,
720575941545312005,720575941657718552,4,VNC_WTct_R,
720575941545312005,720575941658602520,13,VNC_HTct_R,
720575941545312005,720575941658602520,12,VNC_IntTct_R,
720575941545312005,720575941659696184,16,VNC_HTct_R,
720575941545312005,720575941659696184,9,VNC_IntTct_R,
720575941545312005,720575941659696184,4,VNC_WTct_R,
720575941545312005,720575941680033213,6,VNC_HTct_R,
720575941545312005,720575941680033213,6,VNC_IntTct_R,
720575941545432425,720575941461251027,8,VNC_T1_ProNm_R,
720575941545432425,720575941586471646,3,VNC_IntTct_R,
720575941545432425,720575941586471646,9,VNC_T1_ProNm_R,
720575941545432425,720575941613448668,3,VNC_T2_MesoNm_R,
720575941545432425,720575941623130314,16,VNC_T1_ProNm_R,
720575941546194364,720575941433032718,9,VNC_IntTct_L,
720575941546194364,720575941433032718,6,VNC_NTct_L,
720575941546194364,720575941433032718,4,VNC_unassigned_L,
720575941546194364,720575941523112439,8,VNC_NTct_L,
720575941546194364,720575941523112439,3,VNC_unassigned_L,
720575941546446697,720575941399253283,14,VNC_HTct_R,
720575941546446697,720575941399253283,5,VNC_IntTct_R,
720575941546446697,720575941399253283,4,VNC_WTct_R,
720575941546446697,720575941428210424,5,VNC_HTct_R,
720575941546446697,720575941436996882,3,VNC_WTct_R,
720575941546446697,720575941439011279,3,VNC_NTct_R,
720575941546446697,720575941441318591,3,VNC_IntTct_R,
720575941546446697,720575941449255290,3,VNC_IntTct_R,
720575941546446697,720575941449255290,5,VNC_WTct_R,
720575941546446697,720575941456348575,13,VNC_HTct_R,
720575941546446697,720575941456348575,18,VNC_IntTct_R,
720575941546446697,720575941456348575,6,VNC_NTct_R,
720575941546446697,720575941456348575,6,VNC_WTct_R,
720575941546446697,720575941472739168,5,VNC_HTct_R,
720575941546446697,720575941492308606,3,VNC_IntTct_R,
720575941546446697,720575941495591291,5,VNC_HTct_R,
720575941546446697,720575941495591291,4,VNC_IntTct_R,
720575941546446697,720575941532385624,4,VNC_HTct_R,
720575941546446697,720575941532385624,5,VNC_IntTct_R,
720575941546446697,720575941533221825,5,VNC_IntTct_R,
720575941546446697,720575941533761050,7,VNC_HTct_R,
720575941546446697,720575941545400508,8,VNC_HTct_R,
720575941546446697,720575941546491681,5,VNC_IntTct_R,
720575941546446697,720575941546731041,5,VNC_IntTct_R,
720575941546446697,720575941557294095,4,VNC_HTct_R,
720575941546446697,720575941557294095,9,VNC_IntTct_R,
720575941546446697,720575941563316022,4,VNC_HTct_R,
720575941546446697,720575941566788602,8,VNC_HTct_R,
720575941546446697,720575941566956532,6,VNC_IntTct_R,
720575941546446697,720575941567062260,3,VNC_HTct_R,
720575941546446697,720575941574412943,3,VNC_HTct_R,
720575941546446697,720575941583169158,3,VNC_WTct_R,
720575941546446697,720575941592154582,4,VNC_HTct_R,
720575941546446697,720575941595804828,6,VNC_IntTct_R,
720575941546446697,720575941601153270,8,VNC_HTct_R,
720575941546446697,720575941604997997,8,VNC_HTct_R,
720575941546446697,720575941604997997,8,VNC_IntTct_R,
720575941546446697,720575941608287818,12,VNC_HTct_R,
720575941546446697,720575941608310346,4,VNC_IntTct_R,
720575941546446697,720575941608991050,3,VNC_IntTct_R,
720575941546446697,720575941609358310,4,VNC_HTct_R,
720575941546446697,720575941609358310,3,VNC_IntTct_R,
720575941546446697,720575941629727270,4,VNC_HTct_R,
720575941546446697,720575941629727270,4,VNC_WTct_R,
720575941546446697,720575941641473874,4,VNC_HTct_R,
720575941546446697,720575941659696184,6,VNC_HTct_R,
720575941546446697,720575941659696184,3,VNC_IntTct_R,
720575941546446697,720575941680033213,5,VNC_HTct_R,
720575941546513001,720575941449245818,3,VNC_LTct_L,
720575941546513001,720575941450520745,30,VNC_T3_MetaNm_L,
720575941546513001,720575941466509590,10,VNC_LTct_L,
720575941546513001,720575941468720139,4,VNC_LTct_L,
720575941546513001,720575941482212605,3,VNC_T3_MetaNm_L,
720575941546513001,720575941494983806,7,VNC_T3_MetaNm_L,
720575941546513001,720575941521031927,3,VNC_LTct_L,
720575941546513001,720575941540724765,5,VNC_T3_MetaNm_L,
720575941546513001,720575941541740829,30,VNC_LTct_L,
720575941546513001,720575941545471593,3,VNC_LTct_L,
720575941546602345,720575941437525589,4,VNC_WTct_L,
720575941546602345,720575941438822235,4,VNC_AMNp_L,
720575941546602345,720575941470747968,3,VNC_T2_MesoNm_L,
720575941546602345,720575941474741819,7,VNC_LTct_L,
720575941546602345,720575941480631170,7,VNC_T3_MetaNm_L,
720575941546602345,720575941487815632,5,VNC_AMNp_L,
720575941546602345,720575941489092327,3,VNC_AMNp_L,
720575941546602345,720575941497092169,3,VNC_T2_MesoNm_L,
720575941546602345,720575941505536290,7,VNC_T3_MetaNm_L,
720575941546602345,720575941505610263,3,VNC_AMNp_L,
720575941546602345,720575941511393233,7,VNC_AMNp_L,
720575941546602345,720575941511393233,5,VNC_IntTct_L,
720575941546602345,720575941513220601,5,VNC_AMNp_L,
720575941546602345,720575941515693315,4,VNC_T2_MesoNm_L,
720575941546602345,720575941519492718,4,VNC_T2_MesoNm_L,
720575941546602345,720575941524114276,3,VNC_IntTct_L,
720575941546602345,720575941528729784,3,VNC_AMNp_L,
720575941546602345,720575941536351681,3,VNC_T1_ProNm_L,
720575941546602345,720575941537796989,4,VNC_T2_MesoNm_L,
720575941546602345,720575941544696756,3,VNC_WTct_L,
720575941546602345,720575941546807841,3,VNC_AMNp_L,
720575941546602345,720575941568855540,5,VNC_ANm_L,
720575941546602345,720575941571975496,5,VNC_AMNp_L,
720575941546602345,720575941595871424,22,VNC_AMNp_L,
720575941546602345,720575941595871424,12,VNC_IntTct_L,
720575941546602345,720575941595871424,12,VNC_LTct_L,
720575941546602345,720575941595871424,25,VNC_T1_ProNm_L,
720575941546602345,720575941595871424,6,VNC_T2_MesoNm_L,
720575941546602345,720575941596078961,4,VNC_WTct_L,
720575941546602345,720575941611914669,3,VNC_AMNp_L,
720575941546602345,720575941611914669,3,VNC_WTct_L,
720575941546602345,720575941642411877,7,VNC_T2_MesoNm_L,
720575941546602345,720575941691313115,3,VNC_AMNp_L,
720575941546602345,720575941691313115,4,VNC_T2_MesoNm_L,
720575941546634428,720575941459912262,13,VNC_IntTct_R,
720575941546634428,720575941486968326,4,VNC_IntTct_R,
720575941546634428,720575941486968326,3,VNC_LTct_R,
720575941546634428,720575941608350794,3,VNC_IntTct_R,
720575941546634428,720575941625907769,12,VNC_IntTct_R,
720575941546634428,720575941625907769,4,VNC_LTct_R,
720575941546634428,720575941625907769,5,VNC_T1_ProNm_R,
720575941546634428,720575941625907769,3,VNC_WTct_R,
720575941546667452,720575941470747968,3,VNC_T2_MesoNm_L,
720575941546667452,720575941547390269,3,VNC_ANm_L,
720575941546667452,720575941549481761,4,VNC_WTct_L,
720575941546667452,720575941553551239,3,VNC_IntTct_L,
720575941546667452,720575941553551239,3,VNC_WTct_L,
720575941546667452,720575941562043392,4,VNC_IntTct_L,
720575941546667452,720575941566716206,3,VNC_ANm_L,
720575941546667452,720575941572444830,4,VNC_WTct_L,
720575941546667452,720575941576933109,5,VNC_WTct_L,
720575941546667452,720575941576934645,3,VNC_WTct_L,
720575941546667452,720575941590291084,8,VNC_WTct_L,
720575941546667452,720575941644491640,3,VNC_WTct_L,
720575941546667452,720575941650798609,3,VNC_WTct_L,
720575941546667452,720575941668315891,7,VNC_WTct_L,
720575941546667452,720575941687834331,4,VNC_AMNp_L,
720575941546667452,720575941691313115,4,VNC_T1_ProNm_L,
720575941546667452,720575941720432186,12,VNC_WTct_L,
720575941546668988,720575941439197269,4,VNC_IntTct_R,
720575941546668988,720575941439197269,3,VNC_WTct_R,
720575941546668988,720575941450586958,3,VNC_WTct_R,
720575941546668988,720575941539218301,3,VNC_unassigned_L,
720575941546668988,720575941576958197,3,VNC_WTct_R,
720575941546668988,720575941587367991,3,VNC_WTct_R,
720575941546668988,720575941609429350,4,VNC_LTct_L,
720575941546668988,720575941611056714,3,VNC_NTct_L,
720575941546668988,720575941655827480,3,VNC_IntTct_L,
720575941546668988,720575941663489404,3,VNC_WTct_R,
720575941546668988,720575941668742567,3,VNC_T3_MetaNm_L,
720575941546970292,720575941411791764,6,VNC_NTct_R,
720575941546970292,720575941609001034,7,VNC_NTct_R,
720575941547317940,720575941436996882,3,VNC_WTct_R,
720575941547317940,720575941547164084,3,VNC_IntTct_R,
720575941547317940,720575941547164084,4,VNC_T2_MesoNm_R,
720575941547317940,720575941551960319,7,VNC_T2_MesoNm_R,
720575941547317940,720575941551960319,4,VNC_WTct_R,
720575941547317940,720575941564059399,5,VNC_WTct_R,
720575941547317940,720575941569585266,5,VNC_T1_ProNm_R,
720575941547317940,720575941595919217,4,VNC_T2_MesoNm_R,
720575941547317940,720575941595919217,3,VNC_WTct_R,
720575941547317940,720575941614737877,4,VNC_WTct_R,
720575941547452084,720575941350393904,3,VNC_LTct_R,
720575941547452084,720575941390688150,4,VNC_LTct_R,
720575941547452084,720575941392667286,12,VNC_IntTct_R,
720575941547452084,720575941392667286,13,VNC_LTct_R,
720575941547452084,720575941408481195,9,VNC_IntTct_L,
720575941547452084,720575941408481195,12,VNC_LTct_L,
720575941547452084,720575941408481195,12,VNC_LTct_R,
720575941547452084,720575941408481195,3,VNC_unassigned_R,
720575941547452084,720575941430016905,7,VNC_LTct_L,
720575941547452084,720575941430016905,3,VNC_LTct_R,
720575941547452084,720575941430386446,6,VNC_IntTct_L,
720575941547452084,720575941430386446,13,VNC_LTct_L,
720575941547452084,720575941449134202,3,VNC_IntTct_R,
720575941547452084,720575941450628218,3,VNC_AMNp_R,
720575941547452084,720575941450628218,20,VNC_IntTct_R,
720575941547452084,720575941450628218,19,VNC_LTct_R,
720575941547452084,720575941457802480,3,VNC_LTct_L,
720575941547452084,720575941457802480,6,VNC_LTct_R,
720575941547452084,720575941459559824,12,VNC_LTct_L,
720575941547452084,720575941470786368,4,VNC_AMNp_L,
720575941547452084,720575941470786368,4,VNC_LTct_L,
720575941547452084,720575941473679402,8,VNC_LTct_L,
720575941547452084,720575941473679402,3,VNC_LTct_R,
720575941547452084,720575941474413873,3,VNC_IntTct_R,
720575941547452084,720575941474571572,5,VNC_T3_MetaNm_L,
720575941547452084,720575941474571572,5,VNC_T3_MetaNm_R,
720575941547452084,720575941474741819,4,VNC_LTct_L,
720575941547452084,720575941474741819,7,VNC_LTct_R,
720575941547452084,720575941478403178,11,VNC_IntTct_L,
720575941547452084,720575941478403178,12,VNC_LTct_L,
720575941547452084,720575941482212605,3,VNC_T3_MetaNm_L,
720575941547452084,720575941482212605,6,VNC_T3_MetaNm_R,
720575941547452084,720575941485217744,3,VNC_AMNp_R,
720575941547452084,720575941485217744,13,VNC_IntTct_R,
720575941547452084,720575941485217744,29,VNC_LTct_R,
720575941547452084,720575941486968326,3,VNC_LTct_R,
720575941547452084,720575941499750818,3,VNC_LTct_L,
720575941547452084,720575941501715906,4,VNC_IntTct_R,
720575941547452084,720575941501715906,5,VNC_LTct_L,
720575941547452084,720575941501802434,14,VNC_LTct_L,
720575941547452084,720575941503455467,4,VNC_LTct_L,
720575941547452084,720575941504386327,8,VNC_IntTct_R,
720575941547452084,720575941504386327,3,VNC_LTct_R,
720575941547452084,720575941507793680,6,VNC_IntTct_L,
720575941547452084,720575941507793680,25,VNC_LTct_L,
720575941547452084,720575941507793680,5,VNC_LTct_R,
720575941547452084,720575941507793680,3,VNC_unassigned_R,
720575941547452084,720575941511388881,11,VNC_IntTct_R,
720575941547452084,720575941511388881,5,VNC_LTct_R,
720575941547452084,720575941511393233,5,VNC_IntTct_R,
720575941547452084,720575941511393233,8,VNC_LTct_R,
720575941547452084,720575941512798929,3,VNC_T3_MetaNm_L,
720575941547452084,720575941512798929,3,VNC_T3_MetaNm_R,
720575941547452084,720575941513160697,15,VNC_IntTct_R,
720575941547452084,720575941521236915,7,VNC_T3_MetaNm_L,
720575941547452084,720575941521986227,3,VNC_IntTct_R,
720575941547452084,720575941524114276,10,VNC_LTct_L,
720575941547452084,720575941525182630,3,VNC_IntTct_R,
720575941547452084,720575941528086660,4,VNC_IntTct_R,
720575941547452084,720575941528086660,4,VNC_LTct_L,
720575941547452084,720575941528086660,5,VNC_LTct_R,
720575941547452084,720575941534040754,7,VNC_T3_MetaNm_L,
720575941547452084,720575941534040754,4,VNC_T3_MetaNm_R,
720575941547452084,720575941540727581,3,VNC_LTct_R,
720575941547452084,720575941543613033,6,VNC_IntTct_R,
720575941547452084,720575941543613033,6,VNC_LTct_R,
720575941547452084,720575941551625626,4,VNC_IntTct_L,
720575941547452084,720575941551625626,3,VNC_IntTct_R,
720575941547452084,720575941551625626,12,VNC_LTct_L,
720575941547452084,720575941551625626,7,VNC_LTct_R,
720575941547452084,720575941558635053,5,VNC_IntTct_L,
720575941547452084,720575941558635053,4,VNC_LTct_L,
720575941547452084,720575941569616542,3,VNC_LTct_L,
720575941547452084,720575941579161465,3,VNC_IntTct_L,
720575941547452084,720575941579161465,3,VNC_LTct_L,
720575941547452084,720575941583203462,4,VNC_IntTct_L,
720575941547452084,720575941583203462,3,VNC_LTct_L,
720575941547452084,720575941586381534,4,VNC_LTct_L,
720575941547452084,720575941588919863,6,VNC_LTct_L,
720575941547452084,720575941593836933,11,VNC_IntTct_R,
720575941547452084,720575941595779264,9,VNC_LTct_R,
720575941547452084,720575941609429350,21,VNC_IntTct_R,
720575941547452084,720575941609429350,3,VNC_LTct_L,
720575941547452084,720575941609429350,18,VNC_LTct_R,
720575941547452084,720575941644138401,7,VNC_LTct_L,
720575941547452084,720575941644138401,33,VNC_LTct_R,
720575941547452084,720575941644138401,3,VNC_unassigned_R,
720575941547452084,720575941645095585,25,VNC_T3_MetaNm_R,
720575941547452084,720575941645098401,7,VNC_ANm_R,
720575941547452084,720575941645098401,7,VNC_T3_MetaNm_R,
720575941547452084,720575941657621272,18,VNC_IntTct_R,
720575941547452084,720575941657621272,8,VNC_LTct_R,
720575941547452084,720575941668742567,4,VNC_ANm_R,
720575941547452084,720575941685950326,28,VNC_IntTct_R,
720575941547452084,720575941685950326,6,VNC_LTct_R,
720575941547452084,720575941685980278,6,VNC_LTct_R,
720575941547452084,720575941686473996,6,VNC_IntTct_R,
720575941547452084,720575941686473996,22,VNC_LTct_R,
720575941547452084,720575941700504794,11,VNC_LTct_R,
720575941547473268,720575941501041643,5,VNC_NTct_L,
720575941547473268,720575941501041643,5,VNC_unassigned_L,
720575941547473268,720575941526507140,3,VNC_NTct_L,
720575941547473268,720575941542900997,4,VNC_IntTct_L,
720575941547473268,720575941542900997,8,VNC_NTct_L,
720575941547473268,720575941595131175,8,VNC_NTct_L,
720575941547473268,720575941595131175,10,VNC_unassigned_L,
720575941547718461,720575941503451301,5,VNC_IntTct_R,
720575941547718461,720575941608991050,4,VNC_HTct_R,
720575941547718461,720575941608991050,12,VNC_IntTct_R,
720575941547718461,720575941623284362,3,VNC_IntTct_R,
720575941547718461,720575941626940710,7,VNC_IntTct_R,
720575941547718461,720575941658602520,5,VNC_IntTct_R,
720575941548066184,720575941458139551,3,VNC_T2_MesoNm_R,
720575941548066184,720575941487910608,3,VNC_T3_MetaNm_R,
720575941548066184,720575941498482043,4,VNC_T2_MesoNm_R,
720575941548066184,720575941536318869,3,VNC_T2_MesoNm_R,
720575941548066184,720575941551960319,8,VNC_T2_MesoNm_R,
720575941548066184,720575941560088814,9,VNC_T1_ProNm_R,
720575941548066184,720575941613448668,4,VNC_T2_MesoNm_R,
720575941548066184,720575941658910032,3,VNC_T3_MetaNm_R,
720575941548066184,720575941669866161,3,VNC_T2_MesoNm_R,
720575941548169608,720575941414897041,7,VNC_WTct_R,
720575941548169608,720575941456348575,4,VNC_IntTct_R,
720575941548169608,720575941468725259,4,VNC_IntTct_R,
720575941548169608,720575941472135179,5,VNC_IntTct_R,
720575941548169608,720575941474334779,6,VNC_HTct_R,
720575941548169608,720575941474711873,4,VNC_HTct_R,
720575941548169608,720575941492308606,4,VNC_IntTct_R,
720575941548169608,720575941495591291,3,VNC_HTct_R,
720575941548169608,720575941495591291,3,VNC_IntTct_R,
720575941548169608,720575941496318793,8,VNC_HTct_R,
720575941548169608,720575941496915618,3,VNC_HTct_R,
720575941548169608,720575941503451301,3,VNC_IntTct_R,
720575941548169608,720575941518866542,4,VNC_IntTct_R,
720575941548169608,720575941526847910,11,VNC_IntTct_R,
720575941548169608,720575941526847910,3,VNC_WTct_R,
720575941548169608,720575941528356043,3,VNC_HTct_R,
720575941548169608,720575941528944568,3,VNC_IntTct_R,
720575941548169608,720575941533221825,3,VNC_IntTct_R,
720575941548169608,720575941545400508,3,VNC_IntTct_R,
720575941548169608,720575941546491681,6,VNC_HTct_R,
720575941548169608,720575941546491681,13,VNC_IntTct_R,
720575941548169608,720575941551321371,3,VNC_WTct_R,
720575941548169608,720575941557612915,9,VNC_HTct_R,
720575941548169608,720575941557612915,20,VNC_IntTct_R,
720575941548169608,720575941558661165,3,VNC_IntTct_R,
720575941548169608,720575941566954228,8,VNC_IntTct_R,
720575941548169608,720575941566956532,3,VNC_IntTct_R,
720575941548169608,720575941572107017,3,VNC_IntTct_R,
720575941548169608,720575941572107017,5,VNC_NTct_R,
720575941548169608,720575941583595486,6,VNC_IntTct_R,
720575941548169608,720575941601153270,3,VNC_HTct_R,
720575941548169608,720575941608310346,6,VNC_IntTct_R,
720575941548169608,720575941608991050,8,VNC_HTct_R,
720575941548169608,720575941608991050,15,VNC_IntTct_R,
720575941548169608,720575941612599449,3,VNC_IntTct_R,
720575941548169608,720575941613256211,4,VNC_HTct_R,
720575941548169608,720575941613256211,4,VNC_IntTct_R,
720575941548169608,720575941630959035,5,VNC_IntTct_R,
720575941548169608,720575941649244949,3,VNC_HTct_R,
720575941548169608,720575941649244949,5,VNC_IntTct_R,
720575941548169608,720575941659696184,5,VNC_IntTct_R,
720575941548170120,720575941515693315,3,VNC_T2_MesoNm_L,
720575941548409377,720575941609001034,4,VNC_NTct_R,
720575941548409377,720575941612643174,3,VNC_ANm_R,
720575941548655496,720575941551947263,3,VNC_T1_ProNm_R,
720575941549022497,720575941591285388,5,VNC_HTct_L,
720575941549022497,720575941595202085,7,VNC_HTct_L,
720575941549156980,720575941474704948,5,VNC_NTct_L,
720575941549156980,720575941497887817,4,VNC_WTct_R,
720575941549156980,720575941551389979,3,VNC_WTct_R,
720575941549156980,720575941625932682,5,VNC_WTct_R,
720575941549490209,720575941504389655,3,VNC_WTct_R,
720575941549490209,720575941512896099,4,VNC_WTct_R,
720575941549490209,720575941561365906,3,VNC_WTct_R,
720575941549490209,720575941564147346,3,VNC_IntTct_R,
720575941549490209,720575941669049587,5,VNC_WTct_R,
720575941549506932,720575941353376048,5,VNC_HTct_R,
720575941549506932,720575941399188003,3,VNC_IntTct_R,
720575941549506932,720575941407101614,3,VNC_HTct_R,
720575941549506932,720575941440423375,3,VNC_NTct_R,
720575941549506932,720575941483682813,20,VNC_HTct_R,
720575941549506932,720575941518339767,3,VNC_HTct_R,
720575941549506932,720575941525971993,8,VNC_HTct_R,
720575941549506932,720575941547178164,4,VNC_HTct_R,
720575941549506932,720575941549403903,4,VNC_NTct_R,
720575941549506932,720575941556244644,4,VNC_HTct_R,
720575941549506932,720575941561870592,4,VNC_HTct_R,
720575941549506932,720575941617239423,29,VNC_HTct_R,
720575941549788961,720575941583270790,3,VNC_HTct_L,
720575941550148724,720575941623130314,27,VNC_T1_ProNm_R,
720575941550148724,720575941623130314,5,VNC_unassigned_R,
720575941550165054,720575941432005646,3,VNC_NTct_L,
720575941550165054,720575941595131175,3,VNC_NTct_L,
720575941550196797,720575941429439959,3,VNC_IntTct_R,
720575941550196797,720575941461251027,9,VNC_T1_ProNm_R,
720575941550196797,720575941464768790,4,VNC_T1_ProNm_R,
720575941550196797,720575941483841090,7,VNC_T2_MesoNm_R,
720575941550196797,720575941498482043,4,VNC_T1_ProNm_R,
720575941550196797,720575941525847396,8,VNC_IntTct_R,
720575941550196797,720575941525847396,4,VNC_T2_MesoNm_R,
720575941550196797,720575941547901556,4,VNC_IntTct_R,
720575941550196797,720575941569585266,8,VNC_T1_ProNm_R,
720575941550401086,720575941470237504,3,VNC_T1_ProNm_R,
720575941550561341,720575941392667286,3,VNC_AMNp_R,
720575941550561341,720575941580604661,8,VNC_AMNp_R,
720575941550561341,720575941580604661,5,VNC_LTct_R,
720575941550561341,720575941625963419,6,VNC_AMNp_R,
720575941550687805,720575941404724080,6,VNC_IntTct_L,
720575941550687805,720575941404724080,8,VNC_T1_ProNm_L,
720575941550687805,720575941404724080,11,VNC_T2_MesoNm_L,
720575941550687805,720575941414303377,5,VNC_T3_MetaNm_L,
720575941550687805,720575941424930644,3,VNC_T1_ProNm_L,
720575941550687805,720575941438631871,6,VNC_T2_MesoNm_L,
720575941550687805,720575941438631871,3,VNC_WTct_L,
720575941550687805,720575941441993167,4,VNC_T2_MesoNm_L,
720575941550687805,720575941450559566,126,VNC_T2_MesoNm_L,
720575941550687805,720575941450559566,15,VNC_WTct_L,
720575941550687805,720575941450559566,5,VNC_unassigned_L,
720575941550687805,720575941468950592,5,VNC_T2_MesoNm_L,
720575941550687805,720575941474467633,7,VNC_T2_MesoNm_L,
720575941550687805,720575941475702890,4,VNC_T1_ProNm_L,
720575941550687805,720575941481041231,3,VNC_T1_ProNm_L,
720575941550687805,720575941493955710,5,VNC_T2_MesoNm_L,
720575941550687805,720575941501002731,12,VNC_T2_MesoNm_L,
720575941550687805,720575941552620543,3,VNC_T2_MesoNm_L,
720575941550687805,720575941590291084,13,VNC_T2_MesoNm_L,
720575941550687805,720575941590291084,10,VNC_unassigned_L,
720575941550687805,720575941703131610,33,VNC_T1_ProNm_L,
720575941550794751,720575941392743940,3,VNC_HTct_L,
720575941550794751,720575941438938175,40,VNC_HTct_L,
720575941550794751,720575941438938175,3,VNC_IntTct_L,
720575941550794751,720575941498935777,5,VNC_IntTct_L,
720575941550794751,720575941498935777,3,VNC_NTct_L,
720575941550794751,720575941506644540,22,VNC_IntTct_L,
720575941550794751,720575941506644540,7,VNC_NTct_L,
720575941550794751,720575941653563153,12,VNC_IntTct_L,
720575941550794751,720575941653563153,4,VNC_NTct_L,
720575941550794751,720575941722194234,6,VNC_HTct_L,
720575941551093639,720575941435625516,5,VNC_NTct_L,
720575941551093639,720575941501041643,3,VNC_IntTct_L,
720575941551093639,720575941501041643,7,VNC_NTct_L,
720575941551093639,720575941501041643,7,VNC_unassigned_L,
720575941551093639,720575941518466483,3,VNC_NTct_L,
720575941551193115,720575941623388524,4,VNC_NTct_L,
720575941551414170,720575941429543127,8,VNC_IntTct_L,
720575941551414170,720575941438938175,3,VNC_HTct_L,
720575941551414170,720575941438938175,5,VNC_IntTct_L,
720575941551414170,720575941439050703,5,VNC_IntTct_L,
720575941551414170,720575941467252189,5,VNC_IntTct_L,
720575941551414170,720575941478092963,5,VNC_IntTct_L,
720575941551414170,720575941490813872,14,VNC_IntTct_L,
720575941551414170,720575941501802434,3,VNC_IntTct_L,
720575941551414170,720575941504039618,4,VNC_IntTct_L,
720575941551414170,720575941540205181,5,VNC_HTct_L,
720575941551414170,720575941543669765,3,VNC_IntTct_L,
720575941551414170,720575941549683006,3,VNC_IntTct_L,
720575941551414170,720575941553338778,24,VNC_IntTct_L,
720575941551414170,720575941586402628,8,VNC_HTct_L,
720575941551414170,720575941588615052,9,VNC_IntTct_L,
720575941551414170,720575941601092537,3,VNC_IntTct_L,
720575941551414170,720575941614877397,3,VNC_IntTct_L,
720575941551414170,720575941614889941,11,VNC_IntTct_L,
720575941551414170,720575941653507801,4,VNC_HTct_L,
720575941551414170,720575941684706543,9,VNC_IntTct_L,
720575941551414170,720575941723242042,5,VNC_IntTct_L,
720575941551774526,720575941532246762,6,VNC_IntTct_R,
720575941551948543,720575941432722574,3,VNC_IntTct_L,
720575941551948543,720575941432722574,4,VNC_unassigned_R,
720575941551948543,720575941450532174,4,VNC_IntTct_R,
720575941551948543,720575941453962221,3,VNC_NTct_L,
720575941551948543,720575941457140550,3,VNC_NTct_L,
720575941551948543,720575941468312695,3,VNC_IntTct_R,
720575941551948543,720575941474334779,4,VNC_ANm_R,
720575941551948543,720575941474334779,3,VNC_HTct_R,
720575941551948543,720575941483787405,4,VNC_IntTct_L,
720575941551948543,720575941496957346,7,VNC_HTct_L,
720575941551948543,720575941518936792,3,VNC_NTct_R,
720575941551948543,720575941519230168,5,VNC_IntTct_R,
720575941551948543,720575941526701412,11,VNC_HTct_L,
720575941551948543,720575941526701412,3,VNC_IntTct_L,
720575941551948543,720575941526701412,4,VNC_unassigned_L,
720575941551948543,720575941537881981,4,VNC_NTct_R,
720575941551948543,720575941544982716,5,VNC_IntTct_L,
720575941551948543,720575941549683006,3,VNC_IntTct_L,
720575941551948543,720575941557612915,3,VNC_HTct_R,
720575941551948543,720575941565376046,3,VNC_ANm_R,
720575941551948543,720575941565376046,4,VNC_HTct_R,
720575941551948543,720575941565376046,3,VNC_IntTct_L,
720575941551948543,720575941575397263,4,VNC_HTct_L,
720575941551948543,720575941575397263,5,VNC_HTct_R,
720575941551948543,720575941595871424,3,VNC_IntTct_L,
720575941551948543,720575941623108298,5,VNC_HTct_R,
720575941551948543,720575941623108298,18,VNC_IntTct_R,
720575941551948543,720575941623108298,8,VNC_NTct_R,
720575941551948543,720575941623108298,15,VNC_WTct_R,
720575941551948543,720575941623108298,5,VNC_unassigned_R,
720575941551948543,720575941628630054,7,VNC_IntTct_L,
720575941551948543,720575941671138727,6,VNC_HTct_L,
720575941551948543,720575941671138727,7,VNC_IntTct_L,
720575941551948543,720575941671138727,10,VNC_WTct_L,
720575941551948543,720575941671138727,4,VNC_unassigned_L,
720575941551948543,720575941684876527,3,VNC_IntTct_L,
720575941551991295,720575941453578409,7,VNC_T2_MesoNm_L,
720575941551991295,720575941453578409,3,VNC_unassigned_L,
720575941551991295,720575941501002731,7,VNC_T2_MesoNm_L,
720575941551991295,720575941555462995,3,VNC_T2_MesoNm_L,
720575941551991295,720575941590291084,6,VNC_T2_MesoNm_L,
720575941551991295,720575941611060042,5,VNC_T2_MesoNm_L,
720575941551991295,720575941637874975,8,VNC_T2_MesoNm_L,
720575941552002815,720575941449134202,3,VNC_LTct_L,
720575941552009727,720575941429556655,3,VNC_NTct_R,
720575941552017663,720575941414303377,4,VNC_T3_MetaNm_L,
720575941552017663,720575941450559566,3,VNC_WTct_L,
720575941552017663,720575941450559566,3,VNC_unassigned_L,
720575941552017663,720575941512450371,6,VNC_T2_MesoNm_L,
720575941552017663,720575941548936253,7,VNC_T2_MesoNm_L,
720575941552017663,720575941548936253,4,VNC_unassigned_L,
720575941552017663,720575941555462995,8,VNC_T2_MesoNm_L,
720575941552017663,720575941567046644,3,VNC_T2_MesoNm_L,
720575941552017663,720575941572444830,4,VNC_IntTct_L,
720575941552017663,720575941572444830,10,VNC_T2_MesoNm_L,
720575941552017663,720575941572444830,3,VNC_unassigned_L,
720575941552017663,720575941590291084,5,VNC_T2_MesoNm_L,
720575941552017663,720575941590291084,6,VNC_unassigned_L,
720575941552017663,720575941602987510,4,VNC_ANm_L,
720575941552017663,720575941611060042,3,VNC_T2_MesoNm_L,
720575941552142727,720575941394069654,7,VNC_HTct_L,
720575941552142727,720575941394069654,10,VNC_IntTct_L,
720575941552142727,720575941400818723,4,VNC_IntTct_L,
720575941552142727,720575941414326161,5,VNC_IntTct_L,
720575941552142727,720575941464073558,13,VNC_IntTct_L,
720575941552142727,720575941473850720,4,VNC_IntTct_L,
720575941552142727,720575941475749994,5,VNC_IntTct_L,
720575941552142727,720575941488755148,7,VNC_IntTct_L,
720575941552142727,720575941501135191,3,VNC_IntTct_L,
720575941552142727,720575941505478690,9,VNC_IntTct_L,
720575941552142727,720575941510611922,3,VNC_IntTct_L,
720575941552142727,720575941537600973,9,VNC_IntTct_L,
720575941552142727,720575941560631464,11,VNC_IntTct_L,
720575941552142727,720575941560632744,3,VNC_IntTct_L,
720575941552142727,720575941572251144,6,VNC_IntTct_L,
720575941552142727,720575941583128454,16,VNC_IntTct_L,
720575941552142727,720575941621616380,14,VNC_IntTct_L,
720575941552142727,720575941652781524,18,VNC_IntTct_L,
720575941552163583,720575941506310309,13,VNC_IntTct_L,
720575941552163583,720575941506310309,9,VNC_T1_ProNm_L,
720575941552163583,720575941519453038,3,VNC_IntTct_L,
720575941552163583,720575941534040754,4,VNC_T3_MetaNm_R,
720575941552163583,720575941551947263,4,VNC_IntTct_L,
720575941552163583,720575941578722641,3,VNC_T1_ProNm_L,
720575941552163583,720575941580604661,4,VNC_LTct_L,
720575941552584510,720575941492308606,4,VNC_IntTct_R,
720575941552584510,720575941545400508,5,VNC_IntTct_R,
720575941552584510,720575941595804828,3,VNC_IntTct_R,
720575941552584510,720575941608310346,7,VNC_IntTct_R,
720575941552603966,720575941394069654,3,VNC_HTct_L,
720575941552603966,720575941399253283,3,VNC_HTct_R,
720575941552603966,720575941399253283,11,VNC_IntTct_R,
720575941552603966,720575941399253283,4,VNC_WTct_R,
720575941552603966,720575941399309603,7,VNC_NTct_L,
720575941552603966,720575941412323473,6,VNC_IntTct_L,
720575941552603966,720575941412323473,3,VNC_WTct_L,
720575941552603966,720575941412443540,8,VNC_IntTct_R,
720575941552603966,720575941414326161,16,VNC_IntTct_L,
720575941552603966,720575941414326161,3,VNC_LTct_L,
720575941552603966,720575941429512151,4,VNC_IntTct_L,
720575941552603966,720575941439050703,11,VNC_IntTct_L,
720575941552603966,720575941449255290,7,VNC_HTct_R,
720575941552603966,720575941449255290,21,VNC_IntTct_R,
720575941552603966,720575941449255290,3,VNC_WTct_R,
720575941552603966,720575941450876794,3,VNC_IntTct_L,
720575941552603966,720575941456348575,30,VNC_IntTct_R,
720575941552603966,720575941457147206,30,VNC_IntTct_L,
720575941552603966,720575941458334163,6,VNC_HTct_R,
720575941552603966,720575941459554960,3,VNC_IntTct_R,
720575941552603966,720575941464073558,4,VNC_IntTct_L,
720575941552603966,720575941471203447,3,VNC_IntTct_L,
720575941552603966,720575941471203447,3,VNC_WTct_L,
720575941552603966,720575941474741819,11,VNC_IntTct_L,
720575941552603966,720575941475749994,3,VNC_IntTct_L,
720575941552603966,720575941475749994,3,VNC_IntTct_R,
720575941552603966,720575941477166622,3,VNC_WTct_L,
720575941552603966,720575941481020925,5,VNC_IntTct_R,
720575941552603966,720575941505478690,6,VNC_HTct_L,
720575941552603966,720575941505478690,6,VNC_IntTct_L,
720575941552603966,720575941508542674,8,VNC_HTct_L,
720575941552603966,720575941508542674,10,VNC_IntTct_L,
720575941552603966,720575941516768472,10,VNC_IntTct_R,
720575941552603966,720575941518866542,5,VNC_IntTct_L,
720575941552603966,720575941518866542,4,VNC_IntTct_R,
720575941552603966,720575941519453038,3,VNC_LTct_R,
720575941552603966,720575941524114532,7,VNC_IntTct_L,
720575941552603966,720575941532385624,8,VNC_HTct_R,
720575941552603966,720575941532385624,11,VNC_IntTct_R,
720575941552603966,720575941533761050,8,VNC_IntTct_R,
720575941552603966,720575941543669765,5,VNC_HTct_L,
720575941552603966,720575941543669765,17,VNC_IntTct_L,
720575941552603966,720575941546731041,4,VNC_HTct_R,
720575941552603966,720575941546731041,17,VNC_IntTct_R,
720575941552603966,720575941557294095,12,VNC_IntTct_R,
720575941552603966,720575941557612915,16,VNC_HTct_R,
720575941552603966,720575941557612915,6,VNC_IntTct_R,
720575941552603966,720575941558661165,11,VNC_HTct_R,
720575941552603966,720575941558661165,10,VNC_IntTct_R,
720575941552603966,720575941566956532,3,VNC_HTct_R,
720575941552603966,720575941566956532,17,VNC_IntTct_R,
720575941552603966,720575941572107017,5,VNC_NTct_R,
720575941552603966,720575941572251144,8,VNC_HTct_L,
720575941552603966,720575941572251144,9,VNC_IntTct_L,
720575941552603966,720575941583128454,6,VNC_HTct_L,
720575941552603966,720575941583128454,5,VNC_IntTct_L,
720575941552603966,720575941583511518,4,VNC_IntTct_L,
720575941552603966,720575941583511518,3,VNC_NTct_L,
720575941552603966,720575941593615211,10,VNC_IntTct_R,
720575941552603966,720575941608861929,15,VNC_IntTct_L,
720575941552603966,720575941608991050,3,VNC_HTct_R,
720575941552603966,720575941608991050,19,VNC_IntTct_R,
720575941552603966,720575941613256211,4,VNC_HTct_R,
720575941552603966,720575941613256211,3,VNC_IntTct_R,
720575941552603966,720575941623108298,5,VNC_WTct_R,
720575941552603966,720575941623284362,5,VNC_IntTct_R,
720575941552603966,720575941623347099,5,VNC_IntTct_R,
720575941552603966,720575941630959035,4,VNC_HTct_R,
720575941552603966,720575941630959035,9,VNC_IntTct_R,
720575941552603966,720575941650775313,3,VNC_IntTct_L,
720575941552603966,720575941652324825,3,VNC_IntTct_R,
720575941552603966,720575941658602520,5,VNC_IntTct_R,
720575941552603966,720575941667143601,4,VNC_IntTct_R,
720575941552603966,720575941723242042,6,VNC_IntTct_L,
720575941552603966,720575941723242042,5,VNC_WTct_L,
720575941552726407,720575941399253283,9,VNC_HTct_R,
720575941552726407,720575941399253283,10,VNC_IntTct_R,
720575941552726407,720575941399253283,10,VNC_WTct_R,
720575941552726407,720575941411791764,5,VNC_IntTct_R,
720575941552726407,720575941429512151,3,VNC_IntTct_R,
720575941552726407,720575941429556655,4,VNC_IntTct_R,
720575941552726407,720575941430389006,3,VNC_WTct_R,
720575941552726407,720575941436996882,10,VNC_IntTct_R,
720575941552726407,720575941436996882,10,VNC_WTct_R,
720575941552726407,720575941449255290,5,VNC_HTct_R,
720575941552726407,720575941449255290,34,VNC_IntTct_R,
720575941552726407,720575941449255290,11,VNC_WTct_R,
720575941552726407,720575941450876794,5,VNC_IntTct_R,
720575941552726407,720575941456348575,9,VNC_HTct_R,
720575941552726407,720575941456348575,23,VNC_IntTct_R,
720575941552726407,720575941456348575,7,VNC_WTct_R,
720575941552726407,720575941458334163,16,VNC_HTct_R,
720575941552726407,720575941458334163,10,VNC_IntTct_R,
720575941552726407,720575941459554960,6,VNC_HTct_R,
720575941552726407,720575941459554960,8,VNC_IntTct_R,
720575941552726407,720575941464768790,4,VNC_IntTct_R,
720575941552726407,720575941477884802,7,VNC_HTct_R,
720575941552726407,720575941480550018,5,VNC_HTct_R,
720575941552726407,720575941503451301,10,VNC_HTct_R,
720575941552726407,720575941503451301,26,VNC_IntTct_R,
720575941552726407,720575941503659970,9,VNC_HTct_R,
720575941552726407,720575941503659970,3,VNC_IntTct_R,
720575941552726407,720575941516768472,5,VNC_HTct_R,
720575941552726407,720575941516768472,5,VNC_IntTct_R,
720575941552726407,720575941517717420,4,VNC_HTct_R,
720575941552726407,720575941517717420,8,VNC_IntTct_R,
720575941552726407,720575941524294169,3,VNC_IntTct_R,
720575941552726407,720575941532385624,12,VNC_HTct_R,
720575941552726407,720575941532385624,3,VNC_IntTct_R,
720575941552726407,720575941532509016,3,VNC_HTct_R,
720575941552726407,720575941533221825,5,VNC_HTct_R,
720575941552726407,720575941533221825,7,VNC_IntTct_R,
720575941552726407,720575941533761050,6,VNC_HTct_R,
720575941552726407,720575941533761050,4,VNC_IntTct_R,
720575941552726407,720575941533761050,3,VNC_WTct_R,
720575941552726407,720575941536371442,6,VNC_HTct_R,
720575941552726407,720575941546731041,16,VNC_HTct_R,
720575941552726407,720575941546731041,25,VNC_IntTct_R,
720575941552726407,720575941546731041,5,VNC_LTct_R,
720575941552726407,720575941552761939,3,VNC_IntTct_R,
720575941552726407,720575941557294095,11,VNC_IntTct_R,
720575941552726407,720575941557294095,5,VNC_WTct_R,
720575941552726407,720575941557612915,56,VNC_HTct_R,
720575941552726407,720575941557612915,53,VNC_IntTct_R,
720575941552726407,720575941558661165,13,VNC_HTct_R,
720575941552726407,720575941558661165,6,VNC_IntTct_R,
720575941552726407,720575941558661165,3,VNC_WTct_R,
720575941552726407,720575941566956532,4,VNC_HTct_R,
720575941552726407,720575941566956532,5,VNC_IntTct_R,
720575941552726407,720575941570823752,4,VNC_HTct_R,
720575941552726407,720575941573956239,6,VNC_HTct_R,
720575941552726407,720575941575684953,4,VNC_HTct_R,
720575941552726407,720575941583169158,4,VNC_HTct_R,
720575941552726407,720575941583254918,5,VNC_IntTct_R,
720575941552726407,720575941584808158,9,VNC_HTct_R,
720575941552726407,720575941592428907,6,VNC_IntTct_R,
720575941552726407,720575941593615211,4,VNC_IntTct_R,
720575941552726407,720575941604997997,6,VNC_HTct_R,
720575941552726407,720575941604997997,3,VNC_IntTct_R,
720575941552726407,720575941608310346,20,VNC_IntTct_R,
720575941552726407,720575941608991050,20,VNC_HTct_R,
720575941552726407,720575941608991050,37,VNC_IntTct_R,
720575941552726407,720575941612611993,3,VNC_IntTct_R,
720575941552726407,720575941613256211,6,VNC_HTct_R,
720575941552726407,720575941613256211,3,VNC_IntTct_R,
720575941552726407,720575941623108298,8,VNC_HTct_R,
720575941552726407,720575941623108298,40,VNC_IntTct_R,
720575941552726407,720575941623108298,5,VNC_NTct_R,
720575941552726407,720575941623108298,37,VNC_WTct_R,
720575941552726407,720575941623284362,11,VNC_HTct_R,
720575941552726407,720575941623284362,15,VNC_IntTct_R,
720575941552726407,720575941623399788,4,VNC_IntTct_R,
720575941552726407,720575941626940710,5,VNC_HTct_R,
720575941552726407,720575941626940710,16,VNC_IntTct_R,
720575941552726407,720575941630959035,4,VNC_HTct_R,
720575941552726407,720575941630959035,11,VNC_IntTct_R,
720575941552726407,720575941658602520,6,VNC_HTct_R,
720575941552726407,720575941658602520,12,VNC_IntTct_R,
720575941552726407,720575941667143601,8,VNC_HTct_R,
720575941552726407,720575941667143601,11,VNC_IntTct_R,
720575941552726407,720575941671138727,4,VNC_IntTct_R,
720575941552768062,720575941350395952,4,VNC_IntTct_L,
720575941552768062,720575941350395952,4,VNC_WTct_L,
720575941552768062,720575941484346621,6,VNC_WTct_L,
720575941552768062,720575941521101495,3,VNC_HTct_L,
720575941552768062,720575941644900472,3,VNC_IntTct_L,
720575941552863489,720575941457140550,3,VNC_HTct_R,
720575941552863489,720575941477927042,4,VNC_HTct_L,
720575941552863489,720575941477927042,4,VNC_HTct_R,
720575941552863489,720575941483787405,3,VNC_HTct_L,
720575941552863489,720575941532377834,3,VNC_WTct_L,
720575941552863489,720575941547347316,3,VNC_NTct_L,
720575941552863489,720575941652647185,4,VNC_HTct_R,
720575941552863489,720575941671138727,3,VNC_WTct_L,
720575941552907838,720575941450532174,3,VNC_AMNp_R,
720575941552907838,720575941450532174,7,VNC_IntTct_R,
720575941552907838,720575941450532174,25,VNC_LTct_R,
720575941552907838,720575941450532174,5,VNC_WTct_R,
720575941552907838,720575941457431280,4,VNC_IntTct_R,
720575941552907838,720575941457431280,16,VNC_LTct_R,
720575941552907838,720575941498482043,5,VNC_IntTct_R,
720575941552907838,720575941498482043,6,VNC_LTct_R,
720575941552907838,720575941511262930,3,VNC_IntTct_R,
720575941552907838,720575941511262930,3,VNC_LTct_R,
720575941552907838,720575941516777107,3,VNC_AMNp_R,
720575941552907838,720575941529753476,8,VNC_IntTct_R,
720575941552907838,720575941529753476,12,VNC_LTct_R,
720575941552907838,720575941539355517,9,VNC_LTct_R,
720575941552907838,720575941542469212,12,VNC_IntTct_R,
720575941552907838,720575941542469212,26,VNC_LTct_R,
720575941552907838,720575941542469212,4,VNC_WTct_R,
720575941552907838,720575941563254070,3,VNC_LTct_R,
720575941552907838,720575941575753910,7,VNC_LTct_R,
720575941552907838,720575941580604661,8,VNC_LTct_R,
720575941552907838,720575941589863735,4,VNC_IntTct_R,
720575941552907838,720575941589863735,11,VNC_LTct_R,
720575941552907838,720575941608350794,13,VNC_IntTct_R,
720575941552907838,720575941608350794,6,VNC_LTct_R,
720575941552907838,720575941608350794,3,VNC_WTct_R,
720575941552907838,720575941625907769,6,VNC_LTct_R,
720575941552907838,720575941625907769,3,VNC_T1_ProNm_R,
720575941552907838,720575941670676135,9,VNC_IntTct_R,
720575941552907838,720575941670676135,9,VNC_LTct_R,
720575941553550471,720575941464768790,6,VNC_IntTct_R,
720575941553551495,720575941405863854,3,VNC_IntTct_R,
720575941553551495,720575941488732876,3,VNC_IntTct_R,
720575941553551495,720575941533761050,7,VNC_IntTct_R,
720575941553551495,720575941549329663,3,VNC_IntTct_R,
720575941553551495,720575941557294095,4,VNC_IntTct_R,
720575941553551495,720575941652324825,5,VNC_IntTct_R,
720575941553551495,720575941657718552,5,VNC_IntTct_R,
720575941553670791,720575941491175399,3,VNC_T2_MesoNm_R,
720575941553670791,720575941501135191,3,VNC_T1_ProNm_R,
720575941553670791,720575941559929615,6,VNC_T2_MesoNm_R,
720575941553670791,720575941586471646,3,VNC_IntTct_R,
720575941553670791,720575941586471646,7,VNC_T1_ProNm_R,
720575941553670791,720575941623130314,8,VNC_T1_ProNm_R,
720575941553670791,720575941627995705,10,VNC_T2_MesoNm_R,
720575941553670791,720575941651527409,9,VNC_T2_MesoNm_R,
720575941553786503,720575941414508948,45,VNC_IntTct_L,
720575941553786503,720575941414508948,25,VNC_T1_ProNm_L,
720575941553786503,720575941429439959,3,VNC_IntTct_L,
720575941553786503,720575941461636804,3,VNC_T1_ProNm_L,
720575941553786503,720575941469724125,45,VNC_IntTct_L,
720575941553786503,720575941469724125,17,VNC_T1_ProNm_L,
720575941553786503,720575941477166622,17,VNC_IntTct_L,
720575941553786503,720575941477166622,4,VNC_T1_ProNm_L,
720575941553786503,720575941485322637,3,VNC_HTct_L,
720575941553786503,720575941485322637,5,VNC_T3_MetaNm_L,
720575941553786503,720575941489071335,3,VNC_IntTct_L,
720575941553786503,720575941515936505,3,VNC_IntTct_L,
720575941553786503,720575941515936505,5,VNC_LTct_L,
720575941553786503,720575941515936505,12,VNC_T2_MesoNm_L,
720575941553786503,720575941523112439,13,VNC_IntTct_L,
720575941553786503,720575941523112439,3,VNC_T1_ProNm_L,
720575941553786503,720575941576941045,5,VNC_T2_MesoNm_L,
720575941553786503,720575941579868917,18,VNC_IntTct_L,
720575941553786503,720575941630933947,5,VNC_IntTct_L,
720575941553786503,720575941630933947,5,VNC_LTct_L,
720575941553786503,720575941630933947,4,VNC_T2_MesoNm_L,
720575941553786503,720575941670676135,6,VNC_IntTct_L,
720575941553985875,720575941456348575,3,VNC_WTct_R,
720575941553985875,720575941507280965,3,VNC_WTct_L,
720575941553985875,720575941535952577,4,VNC_HTct_L,
720575941553985875,720575941547341684,4,VNC_HTct_L,
720575941553985875,720575941551389979,4,VNC_WTct_R,
720575941553985875,720575941571975496,3,VNC_WTct_L,
720575941553985875,720575941594160421,3,VNC_NTct_R,
720575941553985875,720575941594160421,3,VNC_WTct_L,
720575941553985875,720575941604953453,4,VNC_HTct_R,
720575941553985875,720575941604953453,3,VNC_IntTct_R,
720575941553985875,720575941644900472,3,VNC_NTct_L,
720575941554109668,720575941399253283,5,VNC_IntTct_R,
720575941554109668,720575941429556655,3,VNC_IntTct_R,
720575941554109668,720575941447048117,6,VNC_HTct_R,
720575941554109668,720575941447048117,3,VNC_WTct_R,
720575941554109668,720575941449255290,3,VNC_IntTct_R,
720575941554109668,720575941492308606,8,VNC_IntTct_R,
720575941554109668,720575941517717420,6,VNC_HTct_R,
720575941554109668,720575941533761050,8,VNC_IntTct_R,
720575941554109668,720575941545400508,11,VNC_HTct_R,
720575941554109668,720575941545400508,8,VNC_IntTct_R,
720575941554109668,720575941557294095,5,VNC_WTct_R,
720575941554109668,720575941566956532,4,VNC_HTct_R,
720575941554109668,720575941570823752,3,VNC_HTct_R,
720575941554109668,720575941570823752,6,VNC_WTct_R,
720575941554109668,720575941595804828,13,VNC_IntTct_R,
720575941554109668,720575941609358310,5,VNC_HTct_R,
720575941554109668,720575941609358310,5,VNC_IntTct_R,
720575941554109668,720575941658602520,17,VNC_IntTct_R,
720575941554172807,720575941466725206,5,VNC_AMNp_L,
720575941554172807,720575941515071299,7,VNC_AMNp_R,
720575941554172807,720575941518316471,3,VNC_AMNp_L,
720575941554694372,720575941438938175,23,VNC_HTct_L,
720575941554694372,720575941457797360,3,VNC_HTct_L,
720575941554694372,720575941498935777,7,VNC_IntTct_L,
720575941554694372,720575941498935777,5,VNC_NTct_L,
720575941554694372,720575941506644540,21,VNC_IntTct_L,
720575941554694372,720575941506644540,4,VNC_NTct_L,
720575941554694372,720575941588095300,3,VNC_HTct_L,
720575941554694372,720575941602811577,3,VNC_IntTct_L,
720575941554694372,720575941653563153,9,VNC_IntTct_L,
720575941554694372,720575941653563153,3,VNC_NTct_L,
720575941554701722,720575941483537338,4,VNC_T1_ProNm_R,
720575941554856019,720575941436973586,4,VNC_HTct_L,
720575941554856019,720575941452168873,8,VNC_HTct_L,
720575941554856019,720575941480415939,6,VNC_HTct_L,
720575941554856019,720575941495592571,3,VNC_HTct_L,
720575941554856019,720575941546773640,5,VNC_HTct_L,
720575941554856019,720575941547226248,3,VNC_NTct_L,
720575941554856019,720575941551625626,3,VNC_HTct_L,
720575941554856019,720575941554132225,5,VNC_HTct_L,
720575941554856019,720575941572851087,4,VNC_IntTct_L,
720575941554856019,720575941572851087,3,VNC_NTct_L,
720575941554888676,720575941464768790,3,VNC_IntTct_R,
720575941554952858,720575941424930644,3,VNC_IntTct_L,
720575941554952858,720575941439197269,5,VNC_WTct_R,
720575941554952858,720575941450520745,3,VNC_T3_MetaNm_R,
720575941554952858,720575941450628218,3,VNC_IntTct_R,
720575941554952858,720575941450628218,4,VNC_LTct_R,
720575941554952858,720575941457431280,3,VNC_IntTct_R,
720575941554952858,720575941458139551,6,VNC_IntTct_R,
720575941554952858,720575941466509590,3,VNC_LTct_R,
720575941554952858,720575941505536290,3,VNC_T3_MetaNm_L,
720575941554952858,720575941505536290,3,VNC_T3_MetaNm_R,
720575941554952858,720575941527220920,5,VNC_T3_MetaNm_L,
720575941554952858,720575941529753476,4,VNC_WTct_R,
720575941554952858,720575941535047690,4,VNC_IntTct_L,
720575941554952858,720575941535047690,16,VNC_IntTct_R,
720575941554952858,720575941537501160,3,VNC_IntTct_L,
720575941554952858,720575941537501160,33,VNC_IntTct_R,
720575941554952858,720575941537501160,3,VNC_T2_MesoNm_R,
720575941554952858,720575941537501160,3,VNC_WTct_R,
720575941554952858,720575941553520211,4,VNC_IntTct_R,
720575941554952858,720575941554049307,3,VNC_IntTct_R,
720575941554952858,720575941561365906,4,VNC_IntTct_R,
720575941554952858,720575941563254070,5,VNC_LTct_R,
720575941554952858,720575941579027321,15,VNC_IntTct_R,
720575941554952858,720575941579027321,9,VNC_LTct_R,
720575941554952858,720575941579027321,7,VNC_T2_MesoNm_R,
720575941554952858,720575941579027321,8,VNC_WTct_R,
720575941554952858,720575941608350794,3,VNC_IntTct_L,
720575941554952858,720575941608350794,3,VNC_WTct_R,
720575941554952858,720575941609429350,3,VNC_IntTct_R,
720575941554952858,720575941611056714,4,VNC_IntTct_R,
720575941554952858,720575941640900453,3,VNC_IntTct_R,
720575941554952858,720575941669866161,3,VNC_IntTct_R,
720575941555196929,720575941501135191,9,VNC_T1_ProNm_L,
720575941555196929,720575941623130314,3,VNC_T1_ProNm_L,
720575941555393537,720575941460195780,3,VNC_IntTct_L,
720575941555393537,720575941501002731,7,VNC_T2_MesoNm_L,
720575941555393537,720575941501135191,4,VNC_T1_ProNm_L,
720575941555393537,720575941652640273,6,VNC_T2_MesoNm_L,
720575941555504467,720575941498482043,4,VNC_IntTct_R,
720575941555504467,720575941498482043,3,VNC_T1_ProNm_R,
720575941555504467,720575941498482043,5,VNC_T2_MesoNm_R,
720575941555637331,720575941449134202,15,VNC_LTct_R,
720575941555637331,720575941456642541,3,VNC_LTct_R,
720575941555637331,720575941457932703,4,VNC_IntTct_R,
720575941555637331,720575941527110840,15,VNC_LTct_R,
720575941555637331,720575941527150776,15,VNC_LTct_R,
720575941555637331,720575941527150776,5,VNC_T2_MesoNm_R,
720575941555637331,720575941625907769,3,VNC_AMNp_R,
720575941555637331,720575941625907769,3,VNC_IntTct_R,
720575941555637331,720575941625907769,17,VNC_LTct_R,
720575941555637331,720575941625907769,3,VNC_T2_MesoNm_R,
720575941555637331,720575941685980278,3,VNC_AMNp_R,
720575941555674340,720575941353376048,11,VNC_HTct_R,
720575941555674340,720575941429556655,5,VNC_NTct_R,
720575941555674340,720575941440423375,3,VNC_NTct_R,
720575941555674340,720575941461246931,16,VNC_NTct_R,
720575941555674340,720575941464768790,7,VNC_NTct_R,
720575941555674340,720575941464901398,5,VNC_HTct_R,
720575941555674340,720575941483682813,17,VNC_HTct_R,
720575941555674340,720575941499447691,3,VNC_NTct_R,
720575941555674340,720575941507863056,3,VNC_HTct_R,
720575941555674340,720575941516616664,7,VNC_HTct_R,
720575941555674340,720575941518339767,4,VNC_HTct_R,
720575941555674340,720575941525971993,27,VNC_HTct_R,
720575941555674340,720575941532476248,10,VNC_HTct_R,
720575941555674340,720575941547178164,5,VNC_HTct_R,
720575941555674340,720575941549403903,21,VNC_NTct_R,
720575941555674340,720575941551321371,8,VNC_NTct_R,
720575941555674340,720575941556244644,10,VNC_HTct_R,
720575941555674340,720575941561870592,7,VNC_HTct_R,
720575941555674340,720575941567030516,3,VNC_NTct_R,
720575941555674340,720575941574155003,12,VNC_HTct_R,
720575941555674340,720575941579017337,9,VNC_NTct_R,
720575941555674340,720575941617239423,16,VNC_HTct_R,
720575941555674340,720575941652647185,3,VNC_NTct_R,
720575941555674340,720575941729958699,4,VNC_HTct_R,
720575941555710547,720575941501135191,4,VNC_T1_ProNm_L,
720575941555742035,720575941459912262,12,VNC_IntTct_R,
720575941555742035,720575941459912262,7,VNC_WTct_R,
720575941555742035,720575941463655693,4,VNC_IntTct_R,
720575941555742035,720575941463655693,3,VNC_WTct_R,
720575941555742035,720575941486968326,6,VNC_IntTct_R,
720575941555742035,720575941494983806,5,VNC_ANm_R,
720575941555742035,720575941504389655,5,VNC_IntTct_R,
720575941555742035,720575941504389655,3,VNC_WTct_R,
720575941555742035,720575941516099500,9,VNC_IntTct_R,
720575941555742035,720575941521986227,4,VNC_IntTct_R,
720575941555742035,720575941553520211,3,VNC_WTct_R,
720575941555742035,720575941644081490,8,VNC_ANm_R,
720575941556195300,720575941436770783,9,VNC_T2_MesoNm_L,
720575941556195300,720575941515693315,3,VNC_T2_MesoNm_L,
720575941556195300,720575941542905629,3,VNC_T2_MesoNm_L,
720575941556195300,720575941592919080,19,VNC_T1_ProNm_L,
720575941556283876,720575941438935131,3,VNC_NTct_L,
720575941556283876,720575941439120591,3,VNC_unassigned_L,
720575941556283876,720575941459912262,3,VNC_NTct_L,
720575941556283876,720575941477297716,4,VNC_NTct_L,
720575941556283876,720575941477297716,8,VNC_unassigned_L,
720575941556283876,720575941483803458,6,VNC_unassigned_L,
720575941556283876,720575941524113764,3,VNC_unassigned_L,
720575941556283876,720575941526406532,3,VNC_unassigned_L,
720575941556283876,720575941533201857,3,VNC_unassigned_L,
720575941556283876,720575941551996159,4,VNC_unassigned_L,
720575941556283876,720575941556222628,5,VNC_WTct_L,
720575941556379108,720575941404724080,10,VNC_T1_ProNm_L,
720575941556379108,720575941404724080,17,VNC_T2_MesoNm_L,
720575941556379108,720575941449481294,3,VNC_ANm_L,
720575941556379108,720575941450559566,6,VNC_T2_MesoNm_L,
720575941556379108,720575941480631170,8,VNC_T3_MetaNm_L,
720575941556379108,720575941497092169,3,VNC_T2_MesoNm_L,
720575941556379108,720575941501002731,12,VNC_T2_MesoNm_L,
720575941556379108,720575941552487169,4,VNC_T2_MesoNm_L,
720575941556379108,720575941552620543,5,VNC_T2_MesoNm_L,
720575941556379108,720575941566431286,3,VNC_T3_MetaNm_L,
720575941556379108,720575941592919080,9,VNC_T1_ProNm_L,
720575941556379108,720575941619873663,3,VNC_T1_ProNm_L,
720575941556379108,720575941653228049,3,VNC_ANm_L,
720575941556379108,720575941703131610,4,VNC_T1_ProNm_L,
720575941556870884,720575941498935777,4,VNC_NTct_R,
720575941556870884,720575941498935777,5,VNC_WTct_R,
720575941556870884,720575941498935777,3,VNC_unassigned_R,
720575941556870884,720575941631436524,4,VNC_IntTct_R,
720575941556870884,720575941631436524,5,VNC_NTct_R,
720575941556870884,720575941653563153,3,VNC_NTct_R,
720575941556990735,720575941501135191,3,VNC_T1_ProNm_L,
720575941557388708,720575941481113597,3,VNC_HTct_L,
720575941557388708,720575941526764388,4,VNC_HTct_L,
720575941557388708,720575941550878087,4,VNC_HTct_L,
720575941557388708,720575941579262841,23,VNC_HTct_L,
720575941557388708,720575941579868917,6,VNC_NTct_L,
720575941557388708,720575941589967159,12,VNC_HTct_L,
720575941557388708,720575941593965957,14,VNC_HTct_L,
720575941557388708,720575941606622317,13,VNC_HTct_L,
720575941557388708,720575941610056166,3,VNC_HTct_L,
720575941557388708,720575941630010338,3,VNC_HTct_L,
720575941557388708,720575941669827505,17,VNC_HTct_L,
720575941557388708,720575941678358973,4,VNC_HTct_L,
720575941557413284,720575941402032240,3,VNC_WTct_L,
720575941557413284,720575941441318591,4,VNC_NTct_R,
720575941557413284,720575941456678893,5,VNC_HTct_L,
720575941557413284,720575941456678893,5,VNC_IntTct_L,
720575941557413284,720575941456678893,20,VNC_NTct_L,
720575941557413284,720575941456678893,21,VNC_WTct_L,
720575941557413284,720575941474437681,3,VNC_HTct_L,
720575941557413284,720575941515619939,5,VNC_HTct_R,
720575941557413284,720575941607605101,13,VNC_NTct_R,
720575941557413284,720575941612053094,4,VNC_ANm_L,
720575941557413284,720575941612053094,6,VNC_HTct_L,
720575941557413284,720575941631436524,14,VNC_NTct_R,
720575941557413284,720575941631436524,9,VNC_WTct_R,
720575941557413284,720575941663099516,3,VNC_HTct_L,
720575941557413284,720575941663099516,11,VNC_HTct_R,
720575941557413284,720575941663099516,7,VNC_NTct_R,
720575941557413284,720575941671138727,3,VNC_NTct_L,
720575941557473572,720575941498803874,9,VNC_AMNp_L,
720575941557473572,720575941506310309,33,VNC_AMNp_L,
720575941557473572,720575941506310309,14,VNC_T1_ProNm_L,
720575941557473572,720575941506310309,19,VNC_T2_MesoNm_L,
720575941557473572,720575941566167094,63,VNC_AMNp_L,
720575941557473572,720575941592430443,3,VNC_T2_MesoNm_L,
720575941557512307,720575941607605101,9,VNC_NTct_R,
720575941557943155,720575941401776931,12,VNC_T1_ProNm_R,
720575941557943155,720575941450696029,10,VNC_IntTct_R,
720575941557943155,720575941450696029,15,VNC_T1_ProNm_R,
720575941557943155,720575941450696029,19,VNC_T2_MesoNm_R,
720575941557943155,720575941450696029,6,VNC_WTct_R,
720575941557943155,720575941452604467,5,VNC_IntTct_R,
720575941557943155,720575941452604467,4,VNC_T2_MesoNm_R,
720575941557943155,720575941476543297,3,VNC_T2_MesoNm_R,
720575941557943155,720575941550971783,4,VNC_T2_MesoNm_R,
720575941557943155,720575941557434862,3,VNC_IntTct_R,
720575941557943155,720575941569585266,4,VNC_NTct_R,
720575941557943155,720575941569585266,3,VNC_T1_ProNm_R,
720575941557943155,720575941600259369,3,VNC_IntTct_R,
720575941557943155,720575941619873663,3,VNC_T1_ProNm_R,
720575941557943155,720575941626235530,5,VNC_T2_MesoNm_R,
720575941558189171,720575941428277752,9,VNC_IntTct_R,
720575941558189171,720575941456373151,8,VNC_HTct_R,
720575941558189171,720575941459554960,6,VNC_IntTct_R,
720575941558189171,720575941475780202,5,VNC_HTct_R,
720575941558189171,720575941480550018,3,VNC_HTct_R,
720575941558189171,720575941481020925,3,VNC_IntTct_R,
720575941558189171,720575941488173001,4,VNC_IntTct_R,
720575941558189171,720575941490813872,16,VNC_IntTct_R,
720575941558189171,720575941546731041,3,VNC_IntTct_R,
720575941558189171,720575941549329663,13,VNC_IntTct_R,
720575941558189171,720575941567062898,7,VNC_HTct_R,
720575941558189171,720575941583601886,14,VNC_IntTct_R,
720575941558189171,720575941584808158,7,VNC_HTct_R,
720575941558189171,720575941593615211,6,VNC_IntTct_R,
720575941558189171,720575941601298617,4,VNC_HTct_R,
720575941558189171,720575941623284362,3,VNC_IntTct_R,
720575941558189171,720575941644908408,3,VNC_HTct_R,
720575941558189171,720575941652324825,10,VNC_IntTct_R,
720575941558381860,720575941412445332,3,VNC_IntTct_R,
720575941558381860,720575941438659551,3,VNC_ANm_R,
720575941558381860,720575941478598735,11,VNC_ANm_R,
720575941558381860,720575941478598735,8,VNC_T3_MetaNm_R,
720575941558381860,720575941539054541,3,VNC_IntTct_R,
720575941558381860,720575941545408904,7,VNC_IntTct_R,
720575941558381860,720575941545408904,5,VNC_LTct_R,
720575941558381860,720575941561210024,5,VNC_ANm_R,
720575941558381860,720575941565301550,4,VNC_IntTct_R,
720575941558381860,720575941565301550,4,VNC_LTct_R,
720575941558381860,720575941566431286,11,VNC_T3_MetaNm_R,
720575941558381860,720575941568855540,8,VNC_ANm_R,
720575941558381860,720575941570304926,3,VNC_ANm_R,
720575941558381860,720575941570304926,6,VNC_IntTct_R,
720575941558381860,720575941572094203,3,VNC_ANm_R,
720575941558381860,720575941591271308,3,VNC_ANm_R,
720575941558381860,720575941594821334,4,VNC_T2_MesoNm_R,
720575941558381860,720575941603916222,3,VNC_T3_MetaNm_R,
720575941558381860,720575941610953446,8,VNC_IntTct_R,
720575941558381860,720575941610953446,8,VNC_LTct_R,
720575941558381860,720575941610953446,6,VNC_T1_ProNm_R,
720575941558381860,720575941625907769,10,VNC_IntTct_R,
720575941558381860,720575941625907769,19,VNC_LTct_R,
720575941558381860,720575941625907769,4,VNC_T1_ProNm_R,
720575941558381860,720575941628190502,8,VNC_T3_MetaNm_R,
720575941558381860,720575941643002962,5,VNC_IntTct_R,
720575941558381860,720575941662295352,4,VNC_ANm_R,
720575941558381860,720575941662295352,9,VNC_T3_MetaNm_R,
720575941558381860,720575941685980278,6,VNC_LTct_R,
720575941558599972,720575941435993888,3,VNC_WTct_R,
720575941558599972,720575941439197269,9,VNC_WTct_R,
720575941558599972,720575941447887636,3,VNC_WTct_R,
720575941558599972,720575941469657408,3,VNC_WTct_R,
720575941558599972,720575941488811468,3,VNC_ANm_R,
720575941558599972,720575941490266828,3,VNC_IntTct_R,
720575941558599972,720575941490266828,6,VNC_unassigned_R,
720575941558599972,720575941497887817,4,VNC_WTct_R,
720575941558599972,720575941551625626,3,VNC_LTct_R,
720575941558599972,720575941691313115,3,VNC_IntTct_L,
720575941558607396,720575941402032240,3,VNC_WTct_L,
720575941558607396,720575941429512151,4,VNC_HTct_L,
720575941558607396,720575941431311575,4,VNC_HTct_L,
720575941558607396,720575941439017423,7,VNC_HTct_L,
720575941558607396,720575941452210483,3,VNC_WTct_L,
720575941558607396,720575941459912262,4,VNC_LTct_L,
720575941558607396,720575941460235152,3,VNC_WTct_R,
720575941558607396,720575941460571588,5,VNC_WTct_L,
720575941558607396,720575941465484566,19,VNC_HTct_L,
720575941558607396,720575941472042282,6,VNC_IntTct_L,
720575941558607396,720575941472042282,4,VNC_WTct_L,
720575941558607396,720575941478488143,8,VNC_HTct_L,
720575941558607396,720575941481061629,8,VNC_IntTct_L,
720575941558607396,720575941485775110,3,VNC_HTct_L,
720575941558607396,720575941489746663,7,VNC_LTct_L,
720575941558607396,720575941505478690,3,VNC_IntTct_L,
720575941558607396,720575941508542674,8,VNC_HTct_L,
720575941558607396,720575941511393233,5,VNC_WTct_L,
720575941558607396,720575941516099500,3,VNC_WTct_L,
720575941558607396,720575941518434227,3,VNC_IntTct_L,
720575941558607396,720575941518434227,4,VNC_WTct_L,
720575941558607396,720575941519213016,3,VNC_WTct_L,
720575941558607396,720575941519453038,3,VNC_LTct_L,
720575941558607396,720575941524114276,3,VNC_WTct_L,
720575941558607396,720575941530787203,5,VNC_WTct_L,
720575941558607396,720575941542282245,5,VNC_WTct_L,
720575941558607396,720575941543669765,3,VNC_IntTct_L,
720575941558607396,720575941551588506,7,VNC_WTct_L,
720575941558607396,720575941561308818,3,VNC_HTct_L,
720575941558607396,720575941561320493,8,VNC_HTct_L,
720575941558607396,720575941563206400,5,VNC_HTct_L,
720575941558607396,720575941572251144,18,VNC_HTct_L,
720575941558607396,720575941572251144,6,VNC_IntTct_L,
720575941558607396,720575941583128454,17,VNC_HTct_L,
720575941558607396,720575941583128454,9,VNC_IntTct_L,
720575941558607396,720575941583595486,3,VNC_HTct_L,
720575941558607396,720575941583595486,4,VNC_WTct_L,
720575941558607396,720575941588018942,3,VNC_HTct_L,
720575941558607396,720575941595766428,4,VNC_HTct_L,
720575941558607396,720575941601088441,6,VNC_HTct_L,
720575941558607396,720575941610583260,4,VNC_HTct_L,
720575941558607396,720575941628591330,3,VNC_HTct_L,
720575941558607396,720575941630748859,6,VNC_HTct_L,
720575941558607396,720575941630748859,5,VNC_IntTct_L,
720575941558607396,720575941631436780,4,VNC_HTct_L,
720575941558607396,720575941723242042,3,VNC_IntTct_L,
720575941558607396,720575941723242042,4,VNC_WTct_L,
720575941558704164,720575941428965368,7,VNC_IntTct_L,
720575941558704164,720575941428965368,3,VNC_LTct_L,
720575941558704164,720575941428965368,6,VNC_T1_ProNm_L,
720575941558704164,720575941428965368,4,VNC_T2_MesoNm_L,
720575941558704164,720575941429439959,6,VNC_IntTct_L,
720575941558704164,720575941429439959,4,VNC_LTct_L,
720575941558704164,720575941470786368,8,VNC_AMNp_L,
720575941558704164,720575941470786368,5,VNC_IntTct_L,
720575941558704164,720575941470786368,9,VNC_LTct_L,
720575941558704164,720575941501802434,8,VNC_IntTct_L,
720575941558704164,720575941501802434,6,VNC_T1_ProNm_L,
720575941558704164,720575941501802434,4,VNC_unassigned_L,
720575941558704164,720575941508255266,4,VNC_IntTct_L,
720575941558704164,720575941508255266,4,VNC_T1_ProNm_L,
720575941558704164,720575941508509569,3,VNC_HTct_L,
720575941558704164,720575941508509569,8,VNC_T3_MetaNm_L,
720575941558704164,720575941537166997,7,VNC_IntTct_L,
720575941558704164,720575941537166997,6,VNC_T1_ProNm_L,
720575941558704164,720575941537166997,7,VNC_T2_MesoNm_L,
720575941558704164,720575941542907933,3,VNC_T2_MesoNm_L,
720575941558704164,720575941559947279,9,VNC_IntTct_L,
720575941558704164,720575941559947279,3,VNC_T1_ProNm_L,
720575941558704164,720575941575681718,12,VNC_IntTct_L,
720575941558704164,720575941609429350,3,VNC_T2_MesoNm_L,
720575941558704164,720575941630296517,3,VNC_T2_MesoNm_L,
720575941558704164,720575941631975621,3,VNC_IntTct_L,
720575941558704164,720575941631975621,8,VNC_T1_ProNm_L,
720575941558704164,720575941631975621,4,VNC_T2_MesoNm_L,
720575941558704164,720575941650578193,4,VNC_T2_MesoNm_L,
720575941559022381,720575941470854720,3,VNC_unassigned_L,
720575941559022381,720575941474426929,5,VNC_IntTct_L,
720575941559022381,720575941513677571,5,VNC_IntTct_L,
720575941559022381,720575941513677571,7,VNC_NTct_L,
720575941559022381,720575941535331338,3,VNC_IntTct_L,
720575941559022381,720575941536371442,5,VNC_WTct_L,
720575941559022381,720575941539929117,3,VNC_NTct_L,
720575941559022381,720575941543586409,3,VNC_WTct_L,
720575941559022381,720575941570324126,4,VNC_HTct_L,
720575941559022381,720575941583208582,4,VNC_IntTct_L,
720575941559022381,720575941614802389,6,VNC_NTct_L,
720575941559022381,720575941621725180,3,VNC_NTct_L,
720575941559104813,720575941456348575,4,VNC_NTct_R,
720575941559104813,720575941498935777,3,VNC_NTct_L,
720575941559104813,720575941498935777,8,VNC_WTct_L,
720575941559104813,720575941512896099,3,VNC_WTct_L,
720575941559104813,720575941512896099,3,VNC_WTct_R,
720575941559104813,720575941543397737,3,VNC_WTct_L,
720575941559104813,720575941562134829,3,VNC_NTct_R,
720575941559104813,720575941631436524,3,VNC_NTct_R,
720575941559176942,720575941394069654,3,VNC_IntTct_L,
720575941559176942,720575941440620379,30,VNC_IntTct_L,
720575941559176942,720575941440620379,11,VNC_NTct_L,
720575941559176942,720575941440620379,14,VNC_WTct_L,
720575941559176942,720575941457140550,6,VNC_NTct_L,
720575941559176942,720575941475749994,3,VNC_IntTct_L,
720575941559176942,720575941510611922,3,VNC_HTct_R,
720575941559176942,720575941512899427,4,VNC_NTct_L,
720575941559176942,720575941519230168,8,VNC_IntTct_R,
720575941559176942,720575941526701412,6,VNC_HTct_L,
720575941559176942,720575941526701412,6,VNC_IntTct_L,
720575941559176942,720575941526701412,4,VNC_T3_MetaNm_L,
720575941559176942,720575941544982716,26,VNC_IntTct_L,
720575941559176942,720575941544982716,8,VNC_NTct_L,
720575941559176942,720575941544982716,8,VNC_unassigned_L,
720575941559176942,720575941547347316,3,VNC_NTct_L,
720575941559176942,720575941558646061,11,VNC_IntTct_L,
720575941559176942,720575941558646061,3,VNC_IntTct_R,
720575941559176942,720575941571997085,5,VNC_IntTct_L,
720575941559176942,720575941571997085,9,VNC_NTct_L,
720575941559176942,720575941575397263,3,VNC_HTct_L,
720575941559176942,720575941576986705,4,VNC_IntTct_L,
720575941559176942,720575941590840062,3,VNC_unassigned_L,
720575941559176942,720575941629354476,4,VNC_WTct_L,
720575941559176942,720575941668315891,4,VNC_HTct_L,
720575941559176942,720575941668315891,5,VNC_HTct_R,
720575941559176942,720575941671138727,8,VNC_IntTct_L,
720575941559176942,720575941671138727,7,VNC_NTct_L,
720575941559176942,720575941671138727,5,VNC_WTct_L,
720575941559176942,720575941721193018,4,VNC_NTct_L,
720575941559176942,720575941721193018,7,VNC_unassigned_L,
720575941559205933,720575941477927042,5,VNC_HTct_L,
720575941559205933,720575941477927042,4,VNC_NTct_L,
720575941559205933,720575941490785712,7,VNC_NTct_L,
720575941559205933,720575941495356286,3,VNC_HTct_L,
720575941559205933,720575941583128454,4,VNC_HTct_L,
720575941559205933,720575941599444777,3,VNC_NTct_L,
720575941559205933,720575941599444777,4,VNC_unassigned_L,
720575941559205933,720575941640895589,4,VNC_NTct_L,
720575941559394931,720575941429556655,6,VNC_IntTct_R,
720575941559394931,720575941464768790,3,VNC_IntTct_R,
720575941559394931,720575941518419123,3,VNC_IntTct_R,
720575941559394931,720575941609001034,4,VNC_IntTct_R,
720575941559874831,720575941449245818,5,VNC_LTct_R,
720575941559874831,720575941457802480,3,VNC_LTct_R,
720575941559874831,720575941549350399,3,VNC_LTct_R,
720575941559874831,720575941551947263,5,VNC_LTct_R,
720575941559874831,720575941551947263,3,VNC_T1_ProNm_R,
720575941559874831,720575941563254070,7,VNC_LTct_R,
720575941559874831,720575941588646284,4,VNC_LTct_R,
720575941559874831,720575941623067338,7,VNC_LTct_R,
720575941559874831,720575941642372040,11,VNC_LTct_R,
720575941559874831,720575941644138401,3,VNC_LTct_R,
720575941559946478,720575941581648479,5,VNC_HTct_L,
720575941559950863,720575941609001034,14,VNC_NTct_R,
720575941560162798,720575941524264985,5,VNC_LTct_L,
720575941560434035,720575941413914652,4,VNC_AMNp_R,
720575941560434035,720575941447822158,4,VNC_AMNp_R,
720575941560434035,720575941461221075,24,VNC_AMNp_R,
720575941560434035,720575941461221075,6,VNC_T1_ProNm_R,
720575941560434035,720575941461221075,7,VNC_T2_MesoNm_R,
720575941560434035,720575941461636804,6,VNC_T1_ProNm_R,
720575941560434035,720575941488740044,8,VNC_AMNp_R,
720575941560434035,720575941525847396,3,VNC_AMNp_R,
720575941560434035,720575941525847396,8,VNC_T2_MesoNm_R,
720575941560434035,720575941542469212,10,VNC_AMNp_R,
720575941560434035,720575941542469212,8,VNC_T2_MesoNm_R,
720575941560434035,720575941557434862,8,VNC_T2_MesoNm_R,
720575941560434035,720575941576983285,4,VNC_AMNp_R,
720575941560434035,720575941640440607,6,VNC_AMNp_R,
720575941560434035,720575941640440607,7,VNC_T2_MesoNm_R,
720575941560434035,720575941658910032,3,VNC_ANm_R,
720575941560434035,720575941658910032,10,VNC_T3_MetaNm_R,
720575941560434035,720575941681021885,3,VNC_AMNp_R,
720575941560435059,720575941392667286,3,VNC_LTct_R,
720575941560435059,720575941411656081,3,VNC_LTct_L,
720575941560435059,720575941437525589,4,VNC_LTct_L,
720575941560435059,720575941449617230,7,VNC_LTct_R,
720575941560435059,720575941496047433,5,VNC_AMNp_L,
720575941560435059,720575941496047433,3,VNC_LTct_L,
720575941560435059,720575941525847396,3,VNC_LTct_R,
720575941560435059,720575941551947263,10,VNC_T1_ProNm_R,
720575941560435059,720575941580604661,5,VNC_AMNp_L,
720575941560435059,720575941586427460,3,VNC_AMNp_R,
720575941560435059,720575941595871424,3,VNC_AMNp_L,
720575941560435059,720575941625907769,4,VNC_AMNp_R,
720575941560435059,720575941636281205,3,VNC_LTct_R,
720575941560435059,720575941650578193,7,VNC_AMNp_L,
720575941560435059,720575941650578193,3,VNC_LTct_L,
720575941560503155,720575941399309603,21,VNC_IntTct_L,
720575941560503155,720575941399309603,3,VNC_NTct_L,
720575941560503155,720575941400818723,8,VNC_IntTct_L,
720575941560503155,720575941410007663,3,VNC_IntTct_L,
720575941560503155,720575941412323473,15,VNC_IntTct_L,
720575941560503155,720575941412323473,5,VNC_WTct_L,
720575941560503155,720575941414326161,9,VNC_IntTct_L,
720575941560503155,720575941429512151,3,VNC_IntTct_L,
720575941560503155,720575941433032718,22,VNC_IntTct_L,
720575941560503155,720575941433032718,12,VNC_T1_ProNm_L,
720575941560503155,720575941433032718,14,VNC_T2_MesoNm_L,
720575941560503155,720575941439050703,15,VNC_IntTct_L,
720575941560503155,720575941441228735,4,VNC_IntTct_L,
720575941560503155,720575941449187450,3,VNC_IntTct_L,
720575941560503155,720575941450876794,8,VNC_IntTct_L,
720575941560503155,720575941457147206,7,VNC_HTct_L,
720575941560503155,720575941457147206,27,VNC_IntTct_L,
720575941560503155,720575941457147206,5,VNC_WTct_L,
720575941560503155,720575941461235088,4,VNC_T2_MesoNm_L,
720575941560503155,720575941465484566,5,VNC_HTct_L,
720575941560503155,720575941465484566,11,VNC_IntTct_L,
720575941560503155,720575941471203447,4,VNC_HTct_L,
720575941560503155,720575941471203447,6,VNC_IntTct_L,
720575941560503155,720575941481020925,7,VNC_IntTct_L,
720575941560503155,720575941508542674,3,VNC_HTct_L,
720575941560503155,720575941508542674,17,VNC_IntTct_L,
720575941560503155,720575941516734062,3,VNC_T2_MesoNm_L,
720575941560503155,720575941523112439,6,VNC_IntTct_L,
720575941560503155,720575941524114532,3,VNC_HTct_L,
720575941560503155,720575941524114532,12,VNC_IntTct_L,
720575941560503155,720575941524280857,3,VNC_IntTct_L,
720575941560503155,720575941535001010,3,VNC_HTct_L,
720575941560503155,720575941535331338,10,VNC_IntTct_L,
720575941560503155,720575941535331338,14,VNC_WTct_L,
720575941560503155,720575941540201933,8,VNC_T1_ProNm_L,
720575941560503155,720575941543316329,6,VNC_IntTct_L,
720575941560503155,720575941543669765,20,VNC_IntTct_L,
720575941560503155,720575941559096302,3,VNC_IntTct_L,
720575941560503155,720575941569659806,9,VNC_IntTct_L,
720575941560503155,720575941570823752,3,VNC_IntTct_L,
720575941560503155,720575941572251144,22,VNC_HTct_L,
720575941560503155,720575941572251144,26,VNC_IntTct_L,
720575941560503155,720575941572859535,4,VNC_IntTct_L,
720575941560503155,720575941583511518,16,VNC_IntTct_L,
720575941560503155,720575941595766428,6,VNC_WTct_L,
720575941560503155,720575941605016941,3,VNC_WTct_L,
720575941560503155,720575941608861929,13,VNC_IntTct_L,
720575941560503155,720575941608861929,7,VNC_WTct_L,
720575941560503155,720575941628591330,3,VNC_HTct_L,
720575941560503155,720575941628591330,3,VNC_IntTct_L,
720575941560503155,720575941630111941,4,VNC_IntTct_L,
720575941560503155,720575941632896453,14,VNC_IntTct_L,
720575941560503155,720575941723242042,5,VNC_HTct_L,
720575941560503155,720575941723242042,79,VNC_IntTct_L,
720575941560503155,720575941723242042,7,VNC_WTct_L,
720575941560549491,720575941498935777,5,VNC_IntTct_L,
720575941560549491,720575941506644540,12,VNC_IntTct_L,
720575941560549491,720575941570817352,9,VNC_IntTct_L,
720575941560549491,720575941632614587,5,VNC_IntTct_L,
720575941560597775,720575941457147206,4,VNC_NTct_L,
720575941560597775,720575941485775110,3,VNC_HTct_L,
720575941560597775,720575941498935777,5,VNC_WTct_L,
720575941560597775,720575941498935777,3,VNC_WTct_R,
720575941560597775,720575941498935777,3,VNC_unassigned_L,
720575941560597775,720575941519213016,3,VNC_WTct_L,
720575941560597775,720575941610618982,3,VNC_WTct_L,
720575941560597775,720575941653563153,3,VNC_NTct_R,
720575941561376813,720575941405666351,5,VNC_T2_MesoNm_R,
720575941561376813,720575941461221075,38,VNC_AMNp_R,
720575941561376813,720575941461221075,8,VNC_T2_MesoNm_R,
720575941561376813,720575941501984651,6,VNC_AMNp_R,
720575941561376813,720575941506310309,3,VNC_T1_ProNm_R,
720575941561376813,720575941528086660,3,VNC_T1_ProNm_R,
720575941561376813,720575941555504723,16,VNC_AMNp_R,
720575941561376813,720575941557434862,5,VNC_T2_MesoNm_R,
720575941561392173,720575941414303377,9,VNC_T3_MetaNm_L,
720575941561392173,720575941468950592,3,VNC_T2_MesoNm_L,
720575941561392173,720575941516734062,5,VNC_T2_MesoNm_L,
720575941561392173,720575941652640273,21,VNC_T2_MesoNm_L,
720575941561392173,720575941652640273,3,VNC_WTct_L,
720575941561655341,720575941442379178,3,VNC_T1_ProNm_R,
720575941561655341,720575941464768790,4,VNC_NTct_R,
720575941561655341,720575941498482043,15,VNC_IntTct_R,
720575941561655341,720575941498482043,20,VNC_T1_ProNm_R,
720575941561655341,720575941498482043,9,VNC_T2_MesoNm_R,
720575941561655341,720575941551321371,3,VNC_unassigned_R,
720575941561655341,720575941652647185,3,VNC_T1_ProNm_R,
720575941561743872,720575941401776931,3,VNC_T1_ProNm_L,
720575941561743872,720575941453578409,3,VNC_T2_MesoNm_L,
720575941561743872,720575941457134918,5,VNC_T2_MesoNm_L,
720575941561743872,720575941548936253,3,VNC_T2_MesoNm_L,
720575941561743872,720575941548936253,4,VNC_WTct_L,
720575941561743872,720575941551385371,10,VNC_IntTct_L,
720575941561743872,720575941551385371,39,VNC_T2_MesoNm_L,
720575941561743872,720575941551385371,4,VNC_WTct_L,
720575941561743872,720575941553425235,5,VNC_IntTct_L,
720575941561743872,720575941553425235,3,VNC_T2_MesoNm_L,
720575941561743872,720575941555462995,3,VNC_T2_MesoNm_L,
720575941561743872,720575941572737679,5,VNC_T1_ProNm_L,
720575941561743872,720575941581506143,9,VNC_T2_MesoNm_L,
720575941561743872,720575941600259369,6,VNC_IntTct_L,
720575941561743872,720575941600259369,16,VNC_T2_MesoNm_L,
720575941561743872,720575941619873663,12,VNC_T1_ProNm_L,
720575941561743872,720575941630296517,3,VNC_T2_MesoNm_L,
720575941561776173,720575941414508948,9,VNC_IntTct_R,
720575941561776173,720575941469724125,8,VNC_IntTct_R,
720575941561776173,720575941469724125,8,VNC_T1_ProNm_R,
720575941561776173,720575941477884802,4,VNC_T3_MetaNm_R,
720575941561776173,720575941537501160,9,VNC_IntTct_R,
720575941561776173,720575941537501160,4,VNC_T2_MesoNm_R,
720575941561776173,720575941542922781,3,VNC_T3_MetaNm_R,
720575941561776173,720575941566802170,3,VNC_IntTct_R,
720575941561776173,720575941566802170,3,VNC_T2_MesoNm_R,
720575941561776173,720575941579804661,4,VNC_IntTct_R,
720575941561776173,720575941731613483,4,VNC_T2_MesoNm_R,
720575941562036743,720575941429556655,4,VNC_IntTct_R,
720575941562036743,720575941429556655,15,VNC_NTct_R,
720575941562036743,720575941431092911,6,VNC_IntTct_R,
720575941562036743,720575941464768790,8,VNC_NTct_R,
720575941562036743,720575941473703722,6,VNC_HTct_R,
720575941562036743,720575941494021760,6,VNC_IntTct_R,
720575941562036743,720575941501884610,3,VNC_HTct_R,
720575941562036743,720575941501884610,6,VNC_IntTct_R,
720575941562036743,720575941501892546,3,VNC_HTct_R,
720575941562036743,720575941504134981,3,VNC_IntTct_R,
720575941562036743,720575941524019970,7,VNC_NTct_R,
720575941562036743,720575941528944568,12,VNC_IntTct_R,
720575941562036743,720575941532509016,6,VNC_HTct_R,
720575941562036743,720575941553313434,4,VNC_HTct_R,
720575941562036743,720575941557294095,14,VNC_IntTct_R,
720575941562036743,720575941572107017,4,VNC_NTct_R,
720575941562036743,720575941601298617,8,VNC_HTct_R,
720575941562036743,720575941616420053,3,VNC_HTct_R,
720575941562036743,720575941658602520,3,VNC_IntTct_R,
720575941562059176,720575941450101063,4,VNC_NTct_R,
720575941562059176,720575941458334163,13,VNC_HTct_R,
720575941562059176,720575941461076493,4,VNC_HTct_R,
720575941562059176,720575941470474763,3,VNC_WTct_R,
720575941562059176,720575941472042282,3,VNC_WTct_R,
720575941562059176,720575941472739168,5,VNC_HTct_R,
720575941562059176,720575941488173001,5,VNC_IntTct_R,
720575941562059176,720575941490785712,3,VNC_IntTct_R,
720575941562059176,720575941503451301,10,VNC_HTct_R,
720575941562059176,720575941503451301,27,VNC_IntTct_R,
720575941562059176,720575941503451301,4,VNC_unassigned_R,
720575941562059176,720575941518936792,3,VNC_NTct_R,
720575941562059176,720575941526847910,9,VNC_IntTct_R,
720575941562059176,720575941557612915,16,VNC_HTct_R,
720575941562059176,720575941557612915,19,VNC_IntTct_R,
720575941562059176,720575941557612915,7,VNC_unassigned_R,
720575941562059176,720575941562467682,3,VNC_HTct_R,
720575941562059176,720575941565376046,3,VNC_HTct_R,
720575941562059176,720575941572107017,3,VNC_IntTct_R,
720575941562059176,720575941588661388,5,VNC_WTct_R,
720575941562059176,720575941607605101,5,VNC_IntTct_R,
720575941562059176,720575941608991050,10,VNC_HTct_R,
720575941562059176,720575941608991050,8,VNC_IntTct_R,
720575941562059176,720575941649244437,4,VNC_HTct_R,
720575941562059176,720575941668725169,5,VNC_HTct_R,
720575941562059176,720575941668725169,3,VNC_IntTct_R,
720575941562192429,720575941436996882,15,VNC_IntTct_R,
720575941562192429,720575941441318591,4,VNC_HTct_R,
720575941562192429,720575941441318591,9,VNC_NTct_R,
720575941562192429,720575941474334779,3,VNC_HTct_R,
720575941562192429,720575941475780202,20,VNC_HTct_R,
720575941562192429,720575941475988529,3,VNC_IntTct_R,
720575941562192429,720575941477884802,23,VNC_HTct_R,
720575941562192429,720575941540246909,7,VNC_HTct_R,
720575941562192429,720575941540246909,4,VNC_IntTct_R,
720575941562192429,720575941557612915,4,VNC_HTct_R,
720575941562192429,720575941587181879,13,VNC_HTct_R,
720575941562192429,720575941587181879,6,VNC_IntTct_R,
720575941562192429,720575941593615211,4,VNC_IntTct_R,
720575941562192429,720575941601298617,9,VNC_HTct_R,
720575941562192429,720575941608991050,3,VNC_HTct_R,
720575941562192429,720575941608991050,5,VNC_IntTct_R,
720575941562192429,720575941614737877,3,VNC_IntTct_R,
720575941562192429,720575941623347099,5,VNC_IntTct_R,
720575941562192429,720575941644908408,5,VNC_HTct_R,
720575941562192429,720575941652647185,4,VNC_NTct_R,
720575941562215469,720575941390313988,4,VNC_WTct_R,
720575941562215469,720575941414456212,10,VNC_T2_MesoNm_L,
720575941562215469,720575941461240019,3,VNC_AMNp_R,
720575941562215469,720575941477858434,3,VNC_AMNp_R,
720575941562215469,720575941483537338,6,VNC_T1_ProNm_R,
720575941562215469,720575941489322805,5,VNC_T2_MesoNm_L,
720575941562215469,720575941501026283,3,VNC_AMNp_L,
720575941562215469,720575941503526891,3,VNC_T3_MetaNm_L,
720575941562215469,720575941505536290,3,VNC_T3_MetaNm_L,
720575941562215469,720575941507848208,4,VNC_AMNp_R,
720575941562215469,720575941521236915,3,VNC_T3_MetaNm_L,
720575941562215469,720575941528729784,4,VNC_AMNp_L,
720575941562215469,720575941536351681,3,VNC_unassigned_L,
720575941562215469,720575941579867125,9,VNC_T3_MetaNm_L,
720575941562215469,720575941625907769,3,VNC_T1_ProNm_R,
720575941562215469,720575941625907769,4,VNC_T2_MesoNm_R,
720575941562215469,720575941631829701,5,VNC_AMNp_R,
720575941562215469,720575941653565201,16,VNC_T3_MetaNm_R,
720575941562215469,720575941654985945,4,VNC_T3_MetaNm_L,
720575941562215469,720575941669866161,14,VNC_AMNp_R,
720575941562215469,720575941669866161,3,VNC_T1_ProNm_R,
720575941562215469,720575941669866161,13,VNC_T2_MesoNm_R,
720575941562215469,720575941691313115,7,VNC_AMNp_L,
720575941562215469,720575941691313115,6,VNC_T2_MesoNm_L,
720575941562215469,720575941691313115,3,VNC_WTct_L,
720575941562404008,720575941428209912,3,VNC_HTct_L,
720575941562404008,720575941433032718,3,VNC_HTct_L,
720575941562404008,720575941433032718,4,VNC_IntTct_L,
720575941562404008,720575941447013813,43,VNC_HTct_L,
720575941562404008,720575941447013813,7,VNC_IntTct_L,
720575941562404008,720575941477166622,3,VNC_IntTct_L,
720575941562404008,720575941483838349,8,VNC_HTct_L,
720575941562404008,720575941505478690,3,VNC_IntTct_L,
720575941562404008,720575941510611922,3,VNC_IntTct_L,
720575941562404008,720575941518936792,5,VNC_NTct_L,
720575941562404008,720575941524114532,3,VNC_IntTct_L,
720575941562404008,720575941524369945,12,VNC_HTct_L,
720575941562404008,720575941540246909,3,VNC_unassigned_L,
720575941562404008,720575941572251144,12,VNC_HTct_L,
720575941562404008,720575941572251144,16,VNC_IntTct_L,
720575941562404008,720575941581648479,3,VNC_HTct_L,
720575941562404008,720575941583128454,8,VNC_HTct_L,
720575941562404008,720575941583128454,3,VNC_IntTct_L,
720575941562404008,720575941591285388,3,VNC_IntTct_L,
720575941562404008,720575941595202085,9,VNC_HTct_L,
720575941562404008,720575941599444777,5,VNC_NTct_L,
720575941562404008,720575941610583260,3,VNC_HTct_L,
720575941562404008,720575941632025580,3,VNC_HTct_L,
720575941562404008,720575941640895589,10,VNC_NTct_L,
720575941562771624,720575941411791764,3,VNC_NTct_R,
720575941562771624,720575941558256173,3,VNC_NTct_R,
720575941562771624,720575941609001034,3,VNC_NTct_R,
720575941562981522,720575941429543127,3,VNC_HTct_L,
720575941562981522,720575941438700479,5,VNC_HTct_L,
720575941562981522,720575941439083983,3,VNC_HTct_L,
720575941562981522,720575941440464219,7,VNC_IntTct_L,
720575941562981522,720575941440464219,3,VNC_WTct_L,
720575941562981522,720575941447279965,6,VNC_HTct_L,
720575941562981522,720575941451834281,4,VNC_HTct_L,
720575941562981522,720575941475768938,18,VNC_HTct_L,
720575941562981522,720575941481113597,3,VNC_HTct_L,
720575941562981522,720575941498935777,7,VNC_IntTct_L,
720575941562981522,720575941501135191,4,VNC_IntTct_L,
720575941562981522,720575941507787024,13,VNC_IntTct_L,
720575941562981522,720575941526764388,3,VNC_HTct_L,
720575941562981522,720575941526764388,3,VNC_IntTct_L,
720575941562981522,720575941533831194,4,VNC_HTct_L,
720575941562981522,720575941533862682,3,VNC_WTct_L,
720575941562981522,720575941538289379,10,VNC_HTct_L,
720575941562981522,720575941573233403,7,VNC_HTct_L,
720575941562981522,720575941575682998,3,VNC_IntTct_L,
720575941562981522,720575941579868917,5,VNC_IntTct_L,
720575941562981522,720575941583595486,5,VNC_IntTct_L,
720575941562981522,720575941591499627,8,VNC_HTct_L,
720575941562981522,720575941602315454,3,VNC_HTct_L,
720575941562981522,720575941610830253,3,VNC_HTct_L,
720575941562981522,720575941611080010,18,VNC_HTct_L,
720575941562981522,720575941611080010,4,VNC_IntTct_L,
720575941562981522,720575941628630054,3,VNC_WTct_L,
720575941562981522,720575941641574994,7,VNC_HTct_L,
720575941562981522,720575941653563153,3,VNC_IntTct_L,
720575941562981522,720575941687929307,3,VNC_HTct_L,
720575941563169704,720575941461251027,5,VNC_T1_ProNm_R,
720575941563169704,720575941501352535,48,VNC_T2_MesoNm_R,
720575941563169704,720575941547162292,3,VNC_T3_MetaNm_R,
720575941563169704,720575941627995705,4,VNC_T2_MesoNm_R,
720575941563169704,720575941652537361,4,VNC_T2_MesoNm_R,
720575941563183016,720575941410025071,3,VNC_WTct_L,
720575941563183016,720575941428412809,4,VNC_T1_ProNm_L,
720575941563183016,720575941428412809,8,VNC_WTct_L,
720575941563183016,720575941431075425,16,VNC_T3_MetaNm_L,
720575941563183016,720575941433406752,4,VNC_AMNp_L,
720575941563183016,720575941433406752,5,VNC_WTct_L,
720575941563183016,720575941436391698,3,VNC_unassigned_L,
720575941563183016,720575941438670015,4,VNC_WTct_L,
720575941563183016,720575941438670015,3,VNC_unassigned_L,
720575941563183016,720575941438748351,4,VNC_T2_MesoNm_L,
720575941563183016,720575941438748351,3,VNC_WTct_L,
720575941563183016,720575941438748351,14,VNC_unassigned_L,
720575941563183016,720575941438935131,3,VNC_unassigned_L,
720575941563183016,720575941439120591,3,VNC_WTct_L,
720575941563183016,720575941442357674,18,VNC_T2_MesoNm_L,
720575941563183016,720575941450559566,15,VNC_T2_MesoNm_L,
720575941563183016,720575941452198707,3,VNC_T1_ProNm_L,
720575941563183016,720575941452199475,4,VNC_WTct_L,
720575941563183016,720575941474467633,59,VNC_T2_MesoNm_L,
720575941563183016,720575941475702890,3,VNC_WTct_L,
720575941563183016,720575941477927042,6,VNC_NTct_L,
720575941563183016,720575941477927042,3,VNC_unassigned_L,
720575941563183016,720575941479369346,4,VNC_WTct_L,
720575941563183016,720575941495356286,6,VNC_NTct_L,
720575941563183016,720575941495356286,3,VNC_unassigned_L,
720575941563183016,720575941495642752,4,VNC_T2_MesoNm_L,
720575941563183016,720575941512450371,3,VNC_T2_MesoNm_L,
720575941563183016,720575941518434227,4,VNC_unassigned_L,
720575941563183016,720575941524113764,9,VNC_unassigned_L,
720575941563183016,720575941534996146,3,VNC_IntTct_L,
720575941563183016,720575941552487169,3,VNC_T2_MesoNm_L,
720575941563183016,720575941552620543,3,VNC_T2_MesoNm_L,
720575941563183016,720575941555462995,4,VNC_T2_MesoNm_L,
720575941563183016,720575941555575332,4,VNC_unassigned_L,
720575941563183016,720575941559310125,4,VNC_WTct_L,
720575941563183016,720575941587362103,3,VNC_unassigned_L,
720575941563183016,720575941590291084,5,VNC_T2_MesoNm_L,
720575941563183016,720575941608900585,7,VNC_unassigned_L,
720575941563183016,720575941612027238,3,VNC_WTct_L,
720575941563183016,720575941614874325,3,VNC_WTct_L,
720575941563183016,720575941630302405,15,VNC_T1_ProNm_L,
720575941563183016,720575941630302405,11,VNC_T2_MesoNm_L,
720575941563183016,720575941630302405,4,VNC_WTct_L,
720575941563183016,720575941630302405,10,VNC_unassigned_L,
720575941563183016,720575941632698555,4,VNC_T2_MesoNm_L,
720575941563183016,720575941649795057,7,VNC_T2_MesoNm_L,
720575941563183016,720575941654985945,3,VNC_T3_MetaNm_L,
720575941563183016,720575941657510992,8,VNC_T1_ProNm_L,
720575941563183016,720575941657510992,5,VNC_T2_MesoNm_L,
720575941563183016,720575941670593703,3,VNC_T2_MesoNm_L,
720575941563201687,720575941477297716,3,VNC_NTct_L,
720575941563201687,720575941477297716,3,VNC_unassigned_L,
720575941563218944,720575941432002574,3,VNC_IntTct_R,
720575941563218944,720575941450101063,7,VNC_IntTct_R,
720575941563218944,720575941458334163,16,VNC_HTct_R,
720575941563218944,720575941458334163,10,VNC_IntTct_R,
720575941563218944,720575941460885005,5,VNC_HTct_R,
720575941563218944,720575941472135179,3,VNC_IntTct_R,
720575941563218944,720575941472135179,5,VNC_NTct_R,
720575941563218944,720575941474334779,3,VNC_ANm_R,
720575941563218944,720575941474334779,24,VNC_HTct_R,
720575941563218944,720575941474334779,15,VNC_IntTct_R,
720575941563218944,720575941479961312,3,VNC_NTct_R,
720575941563218944,720575941490785712,3,VNC_IntTct_R,
720575941563218944,720575941495591291,5,VNC_IntTct_R,
720575941563218944,720575941496318793,3,VNC_HTct_R,
720575941563218944,720575941503451301,7,VNC_HTct_R,
720575941563218944,720575941503451301,4,VNC_IntTct_R,
720575941563218944,720575941514065043,8,VNC_HTct_R,
720575941563218944,720575941518433719,7,VNC_IntTct_R,
720575941563218944,720575941532246762,16,VNC_HTct_R,
720575941563218944,720575941532246762,34,VNC_IntTct_R,
720575941563218944,720575941532246762,5,VNC_NTct_R,
720575941563218944,720575941546491681,12,VNC_IntTct_R,
720575941563218944,720575941547226248,5,VNC_HTct_R,
720575941563218944,720575941549701182,3,VNC_HTct_R,
720575941563218944,720575941551321371,4,VNC_NTct_R,
720575941563218944,720575941557612915,18,VNC_HTct_R,
720575941563218944,720575941557612915,37,VNC_IntTct_R,
720575941563218944,720575941558661165,3,VNC_IntTct_R,
720575941563218944,720575941571499515,5,VNC_HTct_R,
720575941563218944,720575941576941045,4,VNC_IntTct_R,
720575941563218944,720575941599444777,4,VNC_NTct_R,
720575941563218944,720575941601153270,6,VNC_HTct_R,
720575941563218944,720575941605021293,8,VNC_HTct_R,
720575941563218944,720575941607605101,10,VNC_IntTct_R,
720575941563218944,720575941607605101,7,VNC_NTct_R,
720575941563218944,720575941607605101,3,VNC_WTct_R,
720575941563218944,720575941608310346,16,VNC_IntTct_R,
720575941563218944,720575941608991050,22,VNC_HTct_R,
720575941563218944,720575941608991050,32,VNC_IntTct_R,
720575941563218944,720575941613256211,4,VNC_HTct_R,
720575941563218944,720575941623108298,3,VNC_IntTct_R,
720575941563218944,720575941623108298,8,VNC_NTct_R,
720575941563218944,720575941623108298,3,VNC_WTct_R,
720575941563218944,720575941623130314,9,VNC_IntTct_R,
720575941563218944,720575941630959035,3,VNC_IntTct_R,
720575941563218944,720575941640892517,4,VNC_IntTct_R,
720575941563218944,720575941649244949,3,VNC_IntTct_R,
720575941563218944,720575941659696184,7,VNC_IntTct_R,
720575941563334912,720575941535073770,5,VNC_HTct_R,
720575941563334912,720575941535073770,7,VNC_IntTct_R,
720575941563334912,720575941722082874,7,VNC_HTct_R,
720575941563334912,720575941722082874,9,VNC_IntTct_R,
720575941563334912,720575941722082874,4,VNC_T3_MetaNm_R,
720575941563391383,720575941465484566,17,VNC_HTct_L,
720575941563391383,720575941465484566,14,VNC_IntTct_L,
720575941563391383,720575941477927042,3,VNC_HTct_L,
720575941563391383,720575941478488143,3,VNC_HTct_L,
720575941563391383,720575941490785712,3,VNC_WTct_L,
720575941563391383,720575941518866542,3,VNC_WTct_L,
720575941563391383,720575941533862682,8,VNC_WTct_L,
720575941563391383,720575941542900997,3,VNC_IntTct_L,
720575941563391383,720575941542900997,8,VNC_NTct_L,
720575941563391383,720575941549290495,3,VNC_HTct_L,
720575941563391383,720575941549683006,3,VNC_IntTct_L,
720575941563391383,720575941561320493,4,VNC_HTct_L,
720575941563391383,720575941572251144,11,VNC_HTct_L,
720575941563391383,720575941572251144,6,VNC_IntTct_L,
720575941563391383,720575941583128454,25,VNC_HTct_L,
720575941563391383,720575941583128454,10,VNC_IntTct_L,
720575941563391383,720575941601209590,3,VNC_NTct_L,
720575941563391383,720575941630748859,21,VNC_HTct_L,
720575941563391383,720575941640895589,3,VNC_HTct_L,
720575941563391383,720575941640895589,4,VNC_NTct_L,
720575941563391383,720575941649244437,4,VNC_HTct_L,
720575941563391383,720575941652781524,5,VNC_IntTct_L,
720575941563391383,720575941668725169,5,VNC_HTct_L,
720575941563391383,720575941684706543,5,VNC_IntTct_L,
720575941563866536,720575941436996882,3,VNC_IntTct_R,
720575941563866536,720575941447112373,5,VNC_HTct_R,
720575941563866536,720575941477884802,17,VNC_HTct_R,
720575941563866536,720575941477884802,5,VNC_IntTct_R,
720575941563866536,720575941520064435,3,VNC_IntTct_R,
720575941563866536,720575941555550244,5,VNC_HTct_R,
720575941563866536,720575941564417024,3,VNC_HTct_R,
720575941563866536,720575941572273417,4,VNC_HTct_R,
720575941563866536,720575941608324717,7,VNC_HTct_R,
720575941563866536,720575941614737877,3,VNC_IntTct_R,
720575941564155904,720575941477166622,8,VNC_IntTct_L,
720575941564155904,720575941477166622,5,VNC_NTct_L,
720575941564155904,720575941579868917,3,VNC_IntTct_L,
720575941564155904,720575941579868917,3,VNC_NTct_L,
720575941564155904,720575941652324825,4,VNC_IntTct_L,
720575941564275602,720575941508255266,3,VNC_IntTct_L,
720575941564275602,720575941619873663,6,VNC_T1_ProNm_L,
720575941564410112,720575941407795118,3,VNC_WTct_L,
720575941564410112,720575941465484566,6,VNC_HTct_L,
720575941564410112,720575941477927042,5,VNC_HTct_L,
720575941564410112,720575941477927042,3,VNC_NTct_L,
720575941564410112,720575941479167456,3,VNC_IntTct_L,
720575941564410112,720575941490813872,3,VNC_HTct_L,
720575941564410112,720575941495356286,4,VNC_HTct_L,
720575941564410112,720575941515619939,6,VNC_NTct_L,
720575941564410112,720575941516099500,3,VNC_HTct_L,
720575941564410112,720575941518936792,3,VNC_NTct_L,
720575941564410112,720575941521986227,3,VNC_WTct_L,
720575941564410112,720575941543669765,12,VNC_HTct_L,
720575941564410112,720575941562467682,3,VNC_HTct_L,
720575941564410112,720575941572251144,10,VNC_IntTct_L,
720575941564410112,720575941583128454,21,VNC_HTct_L,
720575941564410112,720575941583128454,3,VNC_IntTct_L,
720575941564410112,720575941599444777,4,VNC_WTct_L,
720575941564410112,720575941601209590,3,VNC_IntTct_L,
720575941564410112,720575941601209590,7,VNC_NTct_L,
720575941564410112,720575941621616380,3,VNC_IntTct_L,
720575941564410112,720575941630748859,6,VNC_HTct_L,
720575941564410112,720575941640895589,3,VNC_NTct_L,
720575941564410112,720575941671138727,8,VNC_HTct_L,
720575941564432786,720575941450532174,4,VNC_T1_ProNm_R,
720575941564432786,720575941469724125,3,VNC_T1_ProNm_R,
720575941564432786,720575941476543297,8,VNC_T2_MesoNm_R,
720575941564432786,720575941502853719,12,VNC_T2_MesoNm_R,
720575941564432786,720575941502853719,8,VNC_WTct_R,
720575941564432786,720575941540185213,4,VNC_T2_MesoNm_R,
720575941564432786,720575941542469212,4,VNC_IntTct_R,
720575941564432786,720575941551960319,14,VNC_T2_MesoNm_R,
720575941564432786,720575941559929615,4,VNC_T2_MesoNm_R,
720575941564432786,720575941563920999,4,VNC_T1_ProNm_R,
720575941564432786,720575941564962711,5,VNC_T3_MetaNm_R,
720575941564432786,720575941569376250,5,VNC_T1_ProNm_R,
720575941564432786,720575941580604661,4,VNC_T2_MesoNm_R,
720575941564432786,720575941595919217,154,VNC_T2_MesoNm_R,
720575941564432786,720575941595919217,5,VNC_WTct_R,
720575941564432786,720575941611988582,4,VNC_T2_MesoNm_R,
720575941564432786,720575941611988582,3,VNC_WTct_R,
720575941564432786,720575941613448668,58,VNC_T2_MesoNm_R,
720575941564432786,720575941619071871,4,VNC_ANm_R,
720575941564432786,720575941625963419,4,VNC_T1_ProNm_R,
720575941564432786,720575941625963419,3,VNC_T2_MesoNm_R,
720575941564432786,720575941691013016,8,VNC_T2_MesoNm_R,
720575941564504832,720575941592919080,5,VNC_T1_ProNm_L,
720575941564504832,720575941703131610,49,VNC_T1_ProNm_L,
720575941564504832,720575941703131610,5,VNC_unassigned_L,
720575941565091847,720575941461251027,15,VNC_T1_ProNm_R,
720575941565245794,720575941401795619,5,VNC_IntTct_L,
720575941565245794,720575941401795619,49,VNC_T1_ProNm_L,
720575941565245794,720575941404724080,9,VNC_AMNp_L,
720575941565245794,720575941404724080,15,VNC_T1_ProNm_L,
720575941565245794,720575941404724080,4,VNC_T2_MesoNm_L,
720575941565245794,720575941411656081,8,VNC_IntTct_L,
720575941565245794,720575941411656081,7,VNC_LTct_L,
720575941565245794,720575941428412809,3,VNC_AMNp_L,
720575941565245794,720575941428412809,5,VNC_LTct_L,
720575941565245794,720575941437525589,5,VNC_IntTct_L,
720575941565245794,720575941441993167,3,VNC_IntTct_L,
720575941565245794,720575941442377130,4,VNC_WTct_L,
720575941565245794,720575941451768391,8,VNC_AMNp_L,
720575941565245794,720575941451768391,4,VNC_IntTct_L,
720575941565245794,720575941451768391,4,VNC_LTct_L,
720575941565245794,720575941451768391,3,VNC_T1_ProNm_L,
720575941565245794,720575941451768391,8,VNC_T2_MesoNm_L,
720575941565245794,720575941461636804,5,VNC_T1_ProNm_L,
720575941565245794,720575941466725206,5,VNC_IntTct_L,
720575941565245794,720575941470067063,8,VNC_IntTct_L,
720575941565245794,720575941474935105,15,VNC_IntTct_L,
720575941565245794,720575941474935105,9,VNC_LTct_L,
720575941565245794,720575941474935105,3,VNC_WTct_L,
720575941565245794,720575941475996465,8,VNC_IntTct_L,
720575941565245794,720575941475996465,3,VNC_LTct_L,
720575941565245794,720575941478523983,4,VNC_IntTct_L,
720575941565245794,720575941483537338,9,VNC_T1_ProNm_L,
720575941565245794,720575941487942608,8,VNC_T1_ProNm_L,
720575941565245794,720575941488193481,6,VNC_IntTct_L,
720575941565245794,720575941496047433,3,VNC_AMNp_L,
720575941565245794,720575941496047433,6,VNC_IntTct_L,
720575941565245794,720575941505536290,3,VNC_IntTct_L,
720575941565245794,720575941505536290,11,VNC_LTct_L,
720575941565245794,720575941505536290,6,VNC_T3_MetaNm_L,
720575941565245794,720575941506310309,3,VNC_T1_ProNm_L,
720575941565245794,720575941513220601,11,VNC_IntTct_L,
720575941565245794,720575941521069751,13,VNC_IntTct_L,
720575941565245794,720575941521069751,9,VNC_LTct_L,
720575941565245794,720575941534040754,11,VNC_T3_MetaNm_L,
720575941565245794,720575941550948231,7,VNC_IntTct_L,
720575941565245794,720575941571975496,3,VNC_IntTct_L,
720575941565245794,720575941579072889,19,VNC_IntTct_L,
720575941565245794,720575941579072889,5,VNC_LTct_L,
720575941565245794,720575941580604661,6,VNC_AMNp_L,
720575941565245794,720575941580604661,6,VNC_LTct_L,
720575941565245794,720575941580604661,3,VNC_T2_MesoNm_L,
720575941565245794,720575941588919863,3,VNC_T1_ProNm_L,
720575941565245794,720575941594821334,4,VNC_IntTct_L,
720575941565245794,720575941595871424,13,VNC_AMNp_L,
720575941565245794,720575941595871424,8,VNC_IntTct_L,
720575941565245794,720575941595871424,7,VNC_LTct_L,
720575941565245794,720575941595871424,6,VNC_T1_ProNm_L,
720575941565245794,720575941595871424,5,VNC_T2_MesoNm_L,
720575941565245794,720575941650578193,7,VNC_AMNp_L,
720575941565245794,720575941650578193,3,VNC_LTct_L,
720575941565245794,720575941685980278,5,VNC_LTct_L,
720575941565477174,720575941498482043,3,VNC_IntTct_R,
720575941565477174,720575941498482043,16,VNC_T1_ProNm_R,
720575941565477174,720575941586471646,7,VNC_T1_ProNm_R,
720575941565508759,720575941404724080,3,VNC_T2_MesoNm_L,
720575941565508759,720575941615272601,3,VNC_LTct_L,
720575941565694262,720575941461251027,7,VNC_T1_ProNm_R,
720575941565694262,720575941461636804,4,VNC_T1_ProNm_R,
720575941565694262,720575941498482043,6,VNC_T1_ProNm_R,
720575941565716578,720575941401795619,3,VNC_T1_ProNm_L,
720575941566132119,720575941588919863,6,VNC_IntTct_L,
720575941566132119,720575941723152698,3,VNC_ANm_R,
720575941566165302,720575941401795619,12,VNC_T1_ProNm_L,
720575941566165302,720575941487877328,3,VNC_AMNp_L,
720575941566165302,720575941505536290,3,VNC_T3_MetaNm_L,
720575941566165302,720575941534040754,5,VNC_T3_MetaNm_L,
720575941566165302,720575941580604661,3,VNC_unassigned_L,
720575941566170422,720575941414456212,3,VNC_T2_MesoNm_L,
720575941566170422,720575941515693315,3,VNC_T2_MesoNm_R,
720575941566180199,720575941411791764,3,VNC_NTct_R,
720575941566180199,720575941464768790,12,VNC_NTct_R,
720575941566180199,720575941609001034,11,VNC_NTct_R,
720575941566309174,720575941414508948,29,VNC_IntTct_R,
720575941566309174,720575941441318591,8,VNC_IntTct_R,
720575941566309174,720575941449255290,7,VNC_IntTct_R,
720575941566309174,720575941457932703,3,VNC_LTct_R,
720575941566309174,720575941458334163,17,VNC_HTct_R,
720575941566309174,720575941458334163,4,VNC_IntTct_R,
720575941566309174,720575941460885005,8,VNC_HTct_R,
720575941566309174,720575941461076493,12,VNC_HTct_R,
720575941566309174,720575941469724125,22,VNC_IntTct_R,
720575941566309174,720575941472135179,7,VNC_IntTct_R,
720575941566309174,720575941472135179,3,VNC_NTct_R,
720575941566309174,720575941472739168,3,VNC_HTct_R,
720575941566309174,720575941472739168,4,VNC_IntTct_R,
720575941566309174,720575941474711873,5,VNC_HTct_R,
720575941566309174,720575941495591291,5,VNC_HTct_R,
720575941566309174,720575941498935777,3,VNC_HTct_R,
720575941566309174,720575941501721138,6,VNC_HTct_R,
720575941566309174,720575941503451301,23,VNC_HTct_R,
720575941566309174,720575941503451301,19,VNC_IntTct_R,
720575941566309174,720575941503451301,3,VNC_unassigned_R,
720575941566309174,720575941528944568,13,VNC_HTct_R,
720575941566309174,720575941528944568,5,VNC_IntTct_R,
720575941566309174,720575941532246762,6,VNC_IntTct_R,
720575941566309174,720575941546491681,5,VNC_IntTct_R,
720575941566309174,720575941546731041,13,VNC_HTct_R,
720575941566309174,720575941546731041,4,VNC_IntTct_R,
720575941566309174,720575941547226248,5,VNC_HTct_R,
720575941566309174,720575941557612915,34,VNC_HTct_R,
720575941566309174,720575941557612915,13,VNC_IntTct_R,
720575941566309174,720575941557612915,3,VNC_unassigned_R,
720575941566309174,720575941572107017,11,VNC_IntTct_R,
720575941566309174,720575941572107017,3,VNC_NTct_R,
720575941566309174,720575941576941045,7,VNC_IntTct_R,
720575941566309174,720575941583601886,6,VNC_HTct_R,
720575941566309174,720575941595768476,3,VNC_HTct_R,
720575941566309174,720575941601153270,7,VNC_HTct_R,
720575941566309174,720575941608310346,4,VNC_IntTct_R,
720575941566309174,720575941608991050,33,VNC_HTct_R,
720575941566309174,720575941608991050,15,VNC_IntTct_R,
720575941566309174,720575941608991050,4,VNC_unassigned_R,
720575941566309174,720575941623108298,6,VNC_IntTct_R,
720575941566309174,720575941623284362,5,VNC_IntTct_R,
720575941566309174,720575941641473874,6,VNC_HTct_R,
720575941566309174,720575941659696184,10,VNC_HTct_R,
720575941566309174,720575941659696184,3,VNC_IntTct_R,
720575941566309174,720575941668725169,3,VNC_HTct_R,
720575941566309174,720575941684876527,3,VNC_IntTct_R,
720575941566364982,720575941628730150,5,VNC_AMNp_R,
720575941566487655,720575941595919217,4,VNC_T2_MesoNm_R,
720575941566556775,720575941442377130,6,VNC_LTct_L,
720575941566556775,720575941486968326,3,VNC_LTct_L,
720575941566556775,720575941486968326,5,VNC_LTct_R,
720575941566556775,720575941498819234,3,VNC_ANm_L,
720575941566556775,720575941498819234,8,VNC_T3_MetaNm_L,
720575941566556775,720575941519213016,5,VNC_IntTct_L,
720575941566556775,720575941539355517,4,VNC_IntTct_R,
720575941566556775,720575941539355517,30,VNC_LTct_R,
720575941566556775,720575941615272601,29,VNC_LTct_L,
720575941566556775,720575941615272601,11,VNC_LTct_R,
720575941566556775,720575941681017789,3,VNC_T3_MetaNm_L,
720575941567187962,720575941477927042,5,VNC_HTct_L,
720575941567187962,720575941495356286,13,VNC_HTct_L,
720575941567187962,720575941535137763,4,VNC_unassigned_R,
720575941567187962,720575941547347316,3,VNC_HTct_R,
720575941567187962,720575941649244437,3,VNC_HTct_L,
720575941567187962,720575941649244437,4,VNC_HTct_R,
720575941567187962,720575941652647185,7,VNC_unassigned_R,
720575941567199790,720575941512450371,5,VNC_T2_MesoNm_L,
720575941568199726,720575941592919080,5,VNC_T1_ProNm_L,
720575941568199726,720575941703131610,4,VNC_T1_ProNm_L,
720575941568499502,720575941485217744,3,VNC_LTct_R,
720575941568499502,720575941513953939,9,VNC_LTct_R,
720575941568499502,720575941516777107,4,VNC_LTct_R,
720575941568499502,720575941552643390,7,VNC_AMNp_R,
720575941568499502,720575941565301550,7,VNC_AMNp_R,
720575941568499502,720575941571971229,3,VNC_LTct_R,
720575941568499502,720575941575691624,3,VNC_AMNp_R,
720575941568499502,720575941586427460,4,VNC_AMNp_R,
720575941568870770,720575941390273796,5,VNC_HTct_L,
720575941568870770,720575941390660502,6,VNC_NTct_L,
720575941568870770,720575941399253283,3,VNC_HTct_R,
720575941568870770,720575941404452720,7,VNC_NTct_L,
720575941568870770,720575941404452720,7,VNC_WTct_L,
720575941568870770,720575941410019695,6,VNC_HTct_R,
720575941568870770,720575941410021231,14,VNC_HTct_R,
720575941568870770,720575941413872924,3,VNC_WTct_R,
720575941568870770,720575941429324641,4,VNC_HTct_L,
720575941568870770,720575941429439959,3,VNC_LTct_R,
720575941568870770,720575941430389006,3,VNC_HTct_R,
720575941568870770,720575941437157676,3,VNC_WTct_L,
720575941568870770,720575941437525589,5,VNC_IntTct_L,
720575941568870770,720575941438261845,5,VNC_HTct_L,
720575941568870770,720575941438723263,4,VNC_HTct_R,
720575941568870770,720575941439017423,3,VNC_HTct_L,
720575941568870770,720575941439083983,6,VNC_HTct_L,
720575941568870770,720575941439870399,4,VNC_WTct_L,
720575941568870770,720575941440620379,5,VNC_HTct_L,
720575941568870770,720575941442347178,5,VNC_HTct_R,
720575941568870770,720575941447338845,3,VNC_HTct_R,
720575941568870770,720575941447591246,3,VNC_WTct_R,
720575941568870770,720575941457140550,6,VNC_HTct_R,
720575941568870770,720575941457686512,5,VNC_WTct_R,
720575941568870770,720575941458656467,4,VNC_WTct_L,
720575941568870770,720575941458790726,8,VNC_IntTct_R,
720575941568870770,720575941460885005,4,VNC_HTct_R,
720575941568870770,720575941464073558,3,VNC_HTct_L,
720575941568870770,720575941470067063,4,VNC_IntTct_L,
720575941568870770,720575941472739168,3,VNC_HTct_R,
720575941568870770,720575941474786625,3,VNC_HTct_L,
720575941568870770,720575941475749994,3,VNC_HTct_L,
720575941568870770,720575941476037406,5,VNC_IntTct_L,
720575941568870770,720575941476037406,4,VNC_WTct_L,
720575941568870770,720575941481020925,3,VNC_HTct_R,
720575941568870770,720575941483787405,3,VNC_HTct_R,
720575941568870770,720575941485138896,5,VNC_WTct_L,
720575941568870770,720575941488475598,4,VNC_IntTct_R,
720575941568870770,720575941489071335,3,VNC_IntTct_L,
720575941568870770,720575941489071335,3,VNC_IntTct_R,
720575941568870770,720575941490414901,3,VNC_HTct_R,
720575941568870770,720575941490856880,3,VNC_HTct_L,
720575941568870770,720575941492303998,7,VNC_WTct_R,
720575941568870770,720575941494969726,5,VNC_IntTct_L,
720575941568870770,720575941494969726,3,VNC_IntTct_R,
720575941568870770,720575941494969726,8,VNC_WTct_L,
720575941568870770,720575941494969726,5,VNC_WTct_R,
720575941568870770,720575941495591291,11,VNC_HTct_R,
720575941568870770,720575941496915618,3,VNC_HTct_R,
720575941568870770,720575941496949410,4,VNC_IntTct_R,
720575941568870770,720575941496949410,3,VNC_WTct_R,
720575941568870770,720575941501845554,3,VNC_IntTct_L,
720575941568870770,720575941503499755,4,VNC_HTct_L,
720575941568870770,720575941505889409,7,VNC_WTct_L,
720575941568870770,720575941507266594,4,VNC_WTct_R,
720575941568870770,720575941510611922,4,VNC_HTct_L,
720575941568870770,720575941513177091,3,VNC_HTct_L,
720575941568870770,720575941514952953,3,VNC_HTct_R,
720575941568870770,720575941514952953,4,VNC_WTct_L,
720575941568870770,720575941514952953,4,VNC_WTct_R,
720575941568870770,720575941515612051,5,VNC_HTct_R,
720575941568870770,720575941515612051,3,VNC_IntTct_L,
720575941568870770,720575941515612051,5,VNC_WTct_R,
720575941568870770,720575941516768472,5,VNC_HTct_R,
720575941568870770,720575941517764824,3,VNC_HTct_L,
720575941568870770,720575941518439347,9,VNC_WTct_R,
720575941568870770,720575941518446702,5,VNC_HTct_L,
720575941568870770,720575941518537582,3,VNC_HTct_L,
720575941568870770,720575941519230168,3,VNC_HTct_R,
720575941568870770,720575941520333047,7,VNC_HTct_L,
720575941568870770,720575941521069751,3,VNC_IntTct_L,
720575941568870770,720575941521101495,6,VNC_T3_MetaNm_L,
720575941568870770,720575941524078925,4,VNC_HTct_L,
720575941568870770,720575941524196683,11,VNC_WTct_R,
720575941568870770,720575941526701412,14,VNC_HTct_L,
720575941568870770,720575941526701412,3,VNC_T3_MetaNm_R,
720575941568870770,720575941526701412,3,VNC_unassigned_R,
720575941568870770,720575941528944568,7,VNC_HTct_R,
720575941568870770,720575941532423000,3,VNC_WTct_L,
720575941568870770,720575941533073674,4,VNC_HTct_R,
720575941568870770,720575941533073674,3,VNC_IntTct_R,
720575941568870770,720575941533073674,3,VNC_WTct_R,
720575941568870770,720575941533682714,5,VNC_WTct_R,
720575941568870770,720575941533862682,3,VNC_WTct_L,
720575941568870770,720575941534737640,4,VNC_IntTct_L,
720575941568870770,720575941534737640,4,VNC_IntTct_R,
720575941568870770,720575941535001010,4,VNC_HTct_L,
720575941568870770,720575941535136739,4,VNC_HTct_R,
720575941568870770,720575941536371442,3,VNC_HTct_L,
720575941568870770,720575941537881981,6,VNC_HTct_R,
720575941568870770,720575941537881981,4,VNC_WTct_R,
720575941568870770,720575941540100381,3,VNC_IntTct_R,
720575941568870770,720575941542265093,3,VNC_WTct_L,
720575941568870770,720575941542297605,10,VNC_HTct_R,
720575941568870770,720575941544688308,7,VNC_HTct_R,
720575941568870770,720575941544695732,10,VNC_WTct_L,
720575941568870770,720575941544695732,3,VNC_WTct_R,
720575941568870770,720575941544982716,6,VNC_HTct_L,
720575941568870770,720575941545372296,4,VNC_HTct_L,
720575941568870770,720575941545372296,4,VNC_HTct_R,
720575941568870770,720575941546220980,5,VNC_HTct_L,
720575941568870770,720575941547347316,3,VNC_HTct_L,
720575941568870770,720575941551588506,3,VNC_WTct_R,
720575941568870770,720575941552622398,4,VNC_HTct_L,
720575941568870770,720575941552622398,3,VNC_HTct_R,
720575941568870770,720575941558648109,3,VNC_IntTct_L,
720575941568870770,720575941558648109,3,VNC_WTct_L,
720575941568870770,720575941558648109,3,VNC_WTct_R,
720575941568870770,720575941558661165,3,VNC_WTct_R,
720575941568870770,720575941560082158,4,VNC_HTct_R,
720575941568870770,720575941560082158,3,VNC_IntTct_R,
720575941568870770,720575941560082158,3,VNC_WTct_R,
720575941568870770,720575941560090862,3,VNC_WTct_R,
720575941568870770,720575941562021376,5,VNC_HTct_R,
720575941568870770,720575941562021376,4,VNC_WTct_L,
720575941568870770,720575941562021376,5,VNC_WTct_R,
720575941568870770,720575941562467682,4,VNC_HTct_R,
720575941568870770,720575941563316022,3,VNC_HTct_R,
720575941568870770,720575941563318070,3,VNC_HTct_L,
720575941568870770,720575941563450678,5,VNC_WTct_R,
720575941568870770,720575941565459095,3,VNC_HTct_R,
720575941568870770,720575941566756602,3,VNC_HTct_L,
720575941568870770,720575941566756602,14,VNC_HTct_R,
720575941568870770,720575941567062260,3,VNC_HTct_R,
720575941568870770,720575941571492859,3,VNC_HTct_R,
720575941568870770,720575941571515131,4,VNC_WTct_R,
720575941568870770,720575941571516936,4,VNC_WTct_L,
720575941568870770,720575941571516936,7,VNC_WTct_R,
720575941568870770,720575941571906717,4,VNC_IntTct_L,
720575941568870770,720575941575397263,4,VNC_ANm_R,
720575941568870770,720575941575397263,3,VNC_HTct_L,
720575941568870770,720575941575397263,4,VNC_HTct_R,
720575941568870770,720575941575682998,3,VNC_HTct_L,
720575941568870770,720575941575800665,8,VNC_IntTct_R,
720575941568870770,720575941575824217,23,VNC_HTct_L,
720575941568870770,720575941575865433,4,VNC_WTct_L,
720575941568870770,720575941575865433,3,VNC_WTct_R,
720575941568870770,720575941576927057,4,VNC_HTct_R,
720575941568870770,720575941576986705,5,VNC_HTct_L,
720575941568870770,720575941576997457,3,VNC_HTct_L,
720575941568870770,720575941580604661,3,VNC_IntTct_R,
720575941568870770,720575941587367991,3,VNC_WTct_R,
720575941568870770,720575941588652940,3,VNC_HTct_R,
720575941568870770,720575941593875589,6,VNC_HTct_R,
720575941568870770,720575941593875589,3,VNC_WTct_L,
720575941568870770,720575941593948805,4,VNC_HTct_L,
720575941568870770,720575941595782556,5,VNC_HTct_R,
720575941568870770,720575941601088441,3,VNC_HTct_L,
720575941568870770,720575941601092537,3,VNC_HTct_L,
720575941568870770,720575941601092537,3,VNC_WTct_L,
720575941568870770,720575941605016941,3,VNC_WTct_L,
720575941568870770,720575941609330605,4,VNC_WTct_L,
720575941568870770,720575941609330605,6,VNC_WTct_R,
720575941568870770,720575941610536924,3,VNC_WTct_R,
720575941568870770,720575941610587612,6,VNC_ANm_R,
720575941568870770,720575941614698709,4,VNC_NTct_L,
720575941568870770,720575941623108298,4,VNC_HTct_L,
720575941568870770,720575941623108298,16,VNC_HTct_R,
720575941568870770,720575941623108298,5,VNC_IntTct_R,
720575941568870770,720575941623108298,26,VNC_WTct_R,
720575941568870770,720575941623108298,4,VNC_unassigned_R,
720575941568870770,720575941623328108,4,VNC_IntTct_L,
720575941568870770,720575941623328108,3,VNC_IntTct_R,
720575941568870770,720575941623328108,4,VNC_WTct_L,
720575941568870770,720575941623328108,6,VNC_WTct_R,
720575941568870770,720575941625095067,3,VNC_WTct_L,
720575941568870770,720575941629354476,6,VNC_HTct_R,
720575941568870770,720575941630933947,5,VNC_IntTct_L,
720575941568870770,720575941630959035,4,VNC_HTct_R,
720575941568870770,720575941630959803,6,VNC_HTct_R,
720575941568870770,720575941631841477,3,VNC_HTct_L,
720575941568870770,720575941640957029,5,VNC_IntTct_L,
720575941568870770,720575941652191961,3,VNC_IntTct_L,
720575941568870770,720575941652191961,6,VNC_NTct_L,
720575941568870770,720575941652191961,3,VNC_WTct_L,
720575941568870770,720575941655827480,4,VNC_NTct_R,
720575941568870770,720575941655827480,3,VNC_WTct_R,
720575941568870770,720575941668315891,5,VNC_HTct_L,
720575941568870770,720575941668606375,4,VNC_WTct_L,
720575941568870770,720575941671138727,20,VNC_HTct_L,
720575941568870770,720575941671138727,6,VNC_IntTct_L,
720575941568870770,720575941671138727,4,VNC_NTct_L,
720575941568870770,720575941671138727,14,VNC_WTct_L,
720575941568870770,720575941671138727,7,VNC_WTct_R,
720575941568870770,720575941678420925,4,VNC_IntTct_L,
720575941568870770,720575941678420925,8,VNC_IntTct_R,
720575941568870770,720575941688042203,3,VNC_WTct_R,
720575941568870770,720575941721193018,3,VNC_HTct_L,
720575941568870770,720575941721193018,3,VNC_WTct_L,
720575941568870770,720575941721193018,4,VNC_WTct_R,
720575941568946938,720575941414326161,3,VNC_IntTct_L,
720575941568946938,720575941439050703,12,VNC_IntTct_L,
720575941568946938,720575941465484566,7,VNC_IntTct_L,
720575941568946938,720575941478092963,4,VNC_IntTct_L,
720575941568946938,720575941530853507,4,VNC_IntTct_L,
720575941568946938,720575941543669765,4,VNC_HTct_L,
720575941568946938,720575941543669765,3,VNC_IntTct_L,
720575941569306874,720575941703131610,3,VNC_T1_ProNm_L,
720575941569320050,720575941587190583,7,VNC_HTct_L,
720575941569348858,720575941424930644,3,VNC_IntTct_L,
720575941569348858,720575941428412809,7,VNC_AMNp_L,
720575941569348858,720575941438748351,6,VNC_T1_ProNm_L,
720575941569348858,720575941470747968,4,VNC_T2_MesoNm_L,
720575941569348858,720575941515936249,5,VNC_T3_MetaNm_L,
720575941569348858,720575941519492718,4,VNC_T2_MesoNm_L,
720575941569348858,720575941542432092,4,VNC_T1_ProNm_L,
720575941569348858,720575941642411877,10,VNC_T2_MesoNm_L,
720575941569348858,720575941642411877,3,VNC_unassigned_L,
720575941569348858,720575941684748271,10,VNC_T3_MetaNm_L,
720575941569348858,720575941691313115,7,VNC_AMNp_L,
720575941569348858,720575941691313115,10,VNC_T1_ProNm_L,
720575941569348858,720575941691313115,9,VNC_T2_MesoNm_L,
720575941569348858,720575941703131610,8,VNC_T1_ProNm_L,
720575941569348858,720575941729855787,3,VNC_T3_MetaNm_L,
720575941569424372,720575941474426929,6,VNC_HTct_L,
720575941569424372,720575941477446762,7,VNC_HTct_L,
720575941569571186,720575941390682262,7,VNC_T1_ProNm_L,
720575941569571186,720575941433032718,5,VNC_T2_MesoNm_L,
720575941569571186,720575941534996146,3,VNC_IntTct_L,
720575941569571186,720575941534996146,3,VNC_T1_ProNm_L,
720575941569571186,720575941681017789,9,VNC_T3_MetaNm_L,
720575941569801586,720575941390682262,33,VNC_LTct_L,
720575941569801586,720575941424930644,5,VNC_IntTct_L,
720575941569801586,720575941424930644,8,VNC_LTct_L,
720575941569801586,720575941466509590,3,VNC_IntTct_L,
720575941569801586,720575941466509590,4,VNC_LTct_L,
720575941569801586,720575941481041231,11,VNC_IntTct_L,
720575941569801586,720575941481041231,14,VNC_LTct_L,
720575941569801586,720575941485196752,6,VNC_LTct_L,
720575941569801586,720575941521031927,3,VNC_IntTct_L,
720575941569801586,720575941521031927,15,VNC_LTct_L,
720575941569801586,720575941523074379,3,VNC_LTct_L,
720575941569801586,720575941539355517,5,VNC_LTct_L,
720575941569801586,720575941545471593,6,VNC_IntTct_L,
720575941569801586,720575941545471593,8,VNC_LTct_L,
720575941569801586,720575941553520211,3,VNC_LTct_L,
720575941569801586,720575941563254070,4,VNC_LTct_L,
720575941569801586,720575941571420667,4,VNC_LTct_L,
720575941569801586,720575941588669324,4,VNC_LTct_L,
720575941569801586,720575941615272601,6,VNC_LTct_L,
720575941569801586,720575941631975621,9,VNC_IntTct_L,
720575941569801586,720575941631975621,11,VNC_LTct_L,
720575941569909106,720575941461636804,3,VNC_T1_mVAC_R,
720575941569909106,720575941511262930,4,VNC_T1_ProNm_R,
720575941569909106,720575941551947263,6,VNC_T1_ProNm_R,
720575941569909106,720575941644138401,4,VNC_T1_ProNm_R,
720575941570031092,720575941505536290,10,VNC_T3_MetaNm_L,
720575941570031092,720575941505536290,7,VNC_T3_MetaNm_R,
720575941570031092,720575941527150776,4,VNC_LTct_R,
720575941570031092,720575941593245297,3,VNC_LTct_L,
720575941570031092,720575941610953446,4,VNC_LTct_R,
720575941570031092,720575941642411877,3,VNC_LTct_L,
720575941570128498,720575941498482043,3,VNC_T1_ProNm_R,
720575941570128498,720575941501352535,39,VNC_T2_MesoNm_R,
720575941570128498,720575941527220920,3,VNC_T3_MetaNm_R,
720575941570128498,720575941547901556,7,VNC_T2_MesoNm_R,
720575941570128498,720575941559929615,3,VNC_T2_MesoNm_R,
720575941570128498,720575941586471646,5,VNC_T1_ProNm_R,
720575941570128498,720575941608310346,6,VNC_IntTct_R,
720575941570128498,720575941608310346,4,VNC_T1_ProNm_R,
720575941570128498,720575941613448668,7,VNC_T2_MesoNm_R,
720575941570128498,720575941623130314,24,VNC_T1_ProNm_R,
720575941570128498,720575941627995705,23,VNC_T2_MesoNm_R,
720575941570128498,720575941651527409,13,VNC_T2_MesoNm_R,
720575941571453342,720575941555526436,3,VNC_IntTct_R,
720575941571453342,720575941608310346,5,VNC_IntTct_R,
720575941571871241,720575941401776931,4,VNC_IntTct_R,
720575941571871241,720575941412443540,3,VNC_IntTct_R,
720575941571871241,720575941436996882,5,VNC_IntTct_R,
720575941571871241,720575941477884802,3,VNC_HTct_R,
720575941571871241,720575941486560774,3,VNC_IntTct_R,
720575941571871241,720575941555504723,6,VNC_IntTct_R,
720575941571871241,720575941583254918,10,VNC_IntTct_R,
720575941571871241,720575941583601886,23,VNC_IntTct_R,
720575941571871241,720575941593615211,3,VNC_IntTct_R,
720575941571871241,720575941619873663,6,VNC_IntTct_R,
720575941571871241,720575941644908408,3,VNC_HTct_R,
720575941572392201,720575941501041643,3,VNC_unassigned_L,
720575941572392201,720575941595131175,6,VNC_unassigned_L,
720575941572471454,720575941437158956,3,VNC_unassigned_R,
720575941572471454,720575941447822158,6,VNC_T2_MesoNm_R,
720575941572471454,720575941447822158,10,VNC_WTct_R,
720575941572471454,720575941457431280,3,VNC_T2_MesoNm_R,
720575941572471454,720575941457431280,4,VNC_WTct_R,
720575941572471454,720575941457930655,5,VNC_WTct_R,
720575941572471454,720575941457930655,3,VNC_unassigned_R,
720575941572471454,720575941474413873,7,VNC_T1_ProNm_R,
720575941572471454,720575941474413873,4,VNC_WTct_R,
720575941572471454,720575941474413873,3,VNC_unassigned_R,
720575941572471454,720575941476543297,4,VNC_T2_MesoNm_R,
720575941572471454,720575941492284286,3,VNC_WTct_R,
720575941572471454,720575941507848208,5,VNC_WTct_R,
720575941572471454,720575941511275986,3,VNC_WTct_R,
720575941572471454,720575941530787203,4,VNC_unassigned_R,
720575941572471454,720575941533819162,8,VNC_WTct_R,
720575941572471454,720575941536648168,7,VNC_T1_ProNm_R,
720575941572471454,720575941536648168,7,VNC_WTct_R,
720575941572471454,720575941540185213,42,VNC_T2_MesoNm_R,
720575941572471454,720575941546727713,3,VNC_T1_ProNm_R,
720575941572471454,720575941546727713,4,VNC_T2_MesoNm_R,
720575941572471454,720575941546727713,3,VNC_WTct_R,
720575941572471454,720575941546727713,10,VNC_unassigned_R,
720575941572471454,720575941547164084,5,VNC_T2_MesoNm_R,
720575941572471454,720575941549399039,3,VNC_WTct_R,
720575941572471454,720575941551321371,4,VNC_NTct_R,
720575941572471454,720575941554049307,8,VNC_WTct_R,
720575941572471454,720575941569585266,3,VNC_T1_ProNm_R,
720575941572471454,720575941571957661,7,VNC_WTct_R,
720575941572471454,720575941594160421,4,VNC_WTct_R,
720575941572471454,720575941595919217,6,VNC_T2_MesoNm_R,
720575941572471454,720575941613403100,10,VNC_WTct_R,
720575941572471454,720575941613448668,12,VNC_T2_MesoNm_R,
720575941572471454,720575941630620576,13,VNC_WTct_R,
720575941572471454,720575941652647185,9,VNC_unassigned_R,
720575941572620446,720575941429324897,5,VNC_HTct_L,
720575941572620446,720575941432005646,7,VNC_NTct_L,
720575941572620446,720575941457797360,6,VNC_HTct_L,
720575941572620446,720575941506644540,3,VNC_NTct_L,
720575941572620446,720575941519213016,4,VNC_IntTct_L,
720575941572620446,720575941526764388,3,VNC_NTct_L,
720575941572620446,720575941536657123,5,VNC_NTct_L,
720575941572620446,720575941546065032,3,VNC_HTct_L,
720575941572620446,720575941579262841,19,VNC_HTct_L,
720575941572620446,720575941589967159,4,VNC_HTct_L,
720575941572620446,720575941593965957,23,VNC_HTct_L,
720575941572620446,720575941595131175,4,VNC_NTct_L,
720575941572620446,720575941595202085,3,VNC_HTct_L,
720575941572620446,720575941606622317,6,VNC_HTct_L,
720575941572620446,720575941610056166,3,VNC_HTct_L,
720575941572620446,720575941630010338,12,VNC_HTct_L,
720575941572620446,720575941669827505,12,VNC_HTct_L,
720575941572669342,720575941401776931,3,VNC_T1_ProNm_L,
720575941572669342,720575941401795619,4,VNC_IntTct_L,
720575941572669342,720575941401795619,7,VNC_T1_ProNm_L,
720575941572669342,720575941412443540,5,VNC_IntTct_L,
720575941572669342,720575941428412809,3,VNC_T2_MesoNm_L,
720575941572669342,720575941442637519,3,VNC_WTct_L,
720575941572669342,720575941457153094,5,VNC_IntTct_L,
720575941572669342,720575941474426929,6,VNC_IntTct_L,
720575941572669342,720575941477927042,9,VNC_IntTct_L,
720575941572669342,720575941495356286,7,VNC_IntTct_L,
720575941572669342,720575941495356286,7,VNC_WTct_L,
720575941572669342,720575941508542674,3,VNC_IntTct_L,
720575941572669342,720575941512450371,20,VNC_T2_MesoNm_L,
720575941572669342,720575941512450371,3,VNC_WTct_L,
720575941572669342,720575941526426756,3,VNC_IntTct_L,
720575941572669342,720575941535331338,4,VNC_IntTct_L,
720575941572669342,720575941536371442,3,VNC_T2_MesoNm_L,
720575941572669342,720575941551385371,13,VNC_T2_MesoNm_L,
720575941572669342,720575941551385371,6,VNC_WTct_L,
720575941572669342,720575941553338778,17,VNC_IntTct_L,
720575941572669342,720575941553338778,23,VNC_T2_MesoNm_L,
720575941572669342,720575941553338778,8,VNC_WTct_L,
720575941572669342,720575941554554266,3,VNC_HTct_L,
720575941572669342,720575941572737679,7,VNC_T1_ProNm_L,
720575941572669342,720575941586402628,4,VNC_HTct_L,
720575941572669342,720575941611080010,9,VNC_IntTct_L,
720575941572669342,720575941612053094,11,VNC_HTct_L,
720575941572669342,720575941612053094,11,VNC_T3_MetaNm_L,
720575941572669342,720575941619873663,19,VNC_T1_ProNm_L,
720575941572669342,720575941623347099,6,VNC_IntTct_L,
720575941572669342,720575941650775313,9,VNC_IntTct_L,
720575941572669342,720575941650775313,6,VNC_WTct_L,
720575941572669342,720575941667164081,5,VNC_IntTct_L,
720575941572669342,720575941667164081,6,VNC_WTct_L,
720575941572669342,720575941684990447,3,VNC_IntTct_L,
720575941572671995,720575941390682262,6,VNC_IntTct_R,
720575941572671995,720575941390682262,14,VNC_LTct_R,
720575941572671995,720575941408509867,10,VNC_IntTct_R,
720575941572671995,720575941450628218,5,VNC_LTct_R,
720575941572671995,720575941457431280,5,VNC_IntTct_R,
720575941572671995,720575941457802480,14,VNC_LTct_R,
720575941572671995,720575941457932703,3,VNC_IntTct_R,
720575941572671995,720575941457932703,5,VNC_LTct_R,
720575941572671995,720575941460195780,8,VNC_LTct_R,
720575941572671995,720575941468720139,5,VNC_LTct_R,
720575941572671995,720575941474571572,9,VNC_T3_MetaNm_R,
720575941572671995,720575941474741819,5,VNC_IntTct_R,
720575941572671995,720575941474741819,21,VNC_LTct_R,
720575941572671995,720575941481012989,9,VNC_LTct_R,
720575941572671995,720575941485217744,5,VNC_LTct_R,
720575941572671995,720575941512798929,4,VNC_T3_MetaNm_R,
720575941572671995,720575941517770412,11,VNC_IntTct_R,
720575941572671995,720575941517770412,9,VNC_LTct_R,
720575941572671995,720575941521031927,9,VNC_LTct_R,
720575941572671995,720575941521236915,8,VNC_T3_MetaNm_R,
720575941572671995,720575941523074379,11,VNC_LTct_R,
720575941572671995,720575941527110840,4,VNC_AMNp_R,
720575941572671995,720575941527110840,15,VNC_LTct_R,
720575941572671995,720575941527150776,19,VNC_LTct_R,
720575941572671995,720575941527241912,4,VNC_T3_MetaNm_R,
720575941572671995,720575941528086660,3,VNC_IntTct_R,
720575941572671995,720575941528086660,4,VNC_LTct_R,
720575941572671995,720575941537501160,3,VNC_IntTct_R,
720575941572671995,720575941539355517,6,VNC_IntTct_R,
720575941572671995,720575941539355517,70,VNC_LTct_R,
720575941572671995,720575941542922781,5,VNC_T3_MetaNm_R,
720575941572671995,720575941545471593,6,VNC_LTct_R,
720575941572671995,720575941549350399,5,VNC_LTct_R,
720575941572671995,720575941549350399,4,VNC_T3_MetaNm_R,
720575941572671995,720575941561365906,3,VNC_IntTct_R,
720575941572671995,720575941561365906,5,VNC_LTct_R,
720575941572671995,720575941563254070,21,VNC_LTct_R,
720575941572671995,720575941579815669,7,VNC_LTct_R,
720575941572671995,720575941580604661,6,VNC_AMNp_R,
720575941572671995,720575941580604661,35,VNC_LTct_R,
720575941572671995,720575941588646284,3,VNC_LTct_R,
720575941572671995,720575941609429350,4,VNC_IntTct_R,
720575941572671995,720575941609429350,6,VNC_LTct_R,
720575941572671995,720575941610587612,11,VNC_T3_MetaNm_R,
720575941572671995,720575941615272601,3,VNC_AMNp_R,
720575941572671995,720575941615272601,12,VNC_LTct_R,
720575941572671995,720575941623067338,5,VNC_LTct_R,
720575941572671995,720575941625907769,4,VNC_LTct_R,
720575941572713886,720575941450559566,20,VNC_T2_MesoNm_L,
720575941572713886,720575941450559566,3,VNC_unassigned_L,
720575941572713886,720575941501135191,45,VNC_T1_ProNm_L,
720575941572713886,720575941630933947,4,VNC_T2_MesoNm_L,
720575941572713886,720575941649795057,4,VNC_T2_MesoNm_L,
720575941572713886,720575941703131610,21,VNC_T1_ProNm_L,
720575941572719006,720575941414508948,4,VNC_T1_ProNm_R,
720575941572719006,720575941469724125,4,VNC_T1_ProNm_R,
720575941572719006,720575941544606388,3,VNC_T2_MesoNm_R,
720575941572719006,720575941547901556,7,VNC_T2_MesoNm_R,
720575941572719006,720575941563161512,4,VNC_IntTct_R,
720575941572719006,720575941563161512,4,VNC_T1_ProNm_R,
720575941572719006,720575941595919217,6,VNC_T2_MesoNm_R,
720575941572719006,720575941613448668,3,VNC_T2_MesoNm_R,
720575941573266171,720575941501984651,12,VNC_IntTct_R,
720575941573266171,720575941501984651,10,VNC_T2_MesoNm_R,
720575941573266171,720575941515071299,3,VNC_T2_MesoNm_R,
720575941573266171,720575941623130314,8,VNC_IntTct_R,
720575941573266171,720575941623130314,36,VNC_T1_ProNm_R,
720575941573385224,720575941545400508,6,VNC_IntTct_R,
720575941573385224,720575941608310346,5,VNC_IntTct_R,
720575941573385224,720575941609358310,8,VNC_IntTct_R,
720575941573385224,720575941610174950,3,VNC_IntTct_R,
720575941573616891,720575941390682262,3,VNC_IntTct_L,
720575941573616891,720575941390682262,29,VNC_LTct_L,
720575941573616891,720575941408509867,9,VNC_IntTct_L,
720575941573616891,720575941408509867,4,VNC_LTct_L,
720575941573616891,720575941457802480,3,VNC_IntTct_L,
720575941573616891,720575941457802480,13,VNC_LTct_L,
720575941573616891,720575941459559824,5,VNC_LTct_L,
720575941573616891,720575941459559824,3,VNC_T2_MesoNm_L,
720575941573616891,720575941460195780,3,VNC_LTct_L,
720575941573616891,720575941461636804,3,VNC_LTct_L,
720575941573616891,720575941466509590,14,VNC_IntTct_L,
720575941573616891,720575941466509590,13,VNC_LTct_L,
720575941573616891,720575941468720139,15,VNC_LTct_L,
720575941573616891,720575941470786368,3,VNC_IntTct_L,
720575941573616891,720575941470786368,10,VNC_LTct_L,
720575941573616891,720575941474741819,15,VNC_IntTct_L,
720575941573616891,720575941474741819,43,VNC_LTct_L,
720575941573616891,720575941478523983,6,VNC_LTct_L,
720575941573616891,720575941481041231,3,VNC_IntTct_L,
720575941573616891,720575941481041231,3,VNC_LTct_L,
720575941573616891,720575941481050877,5,VNC_IntTct_L,
720575941573616891,720575941481050877,22,VNC_LTct_L,
720575941573616891,720575941498819234,3,VNC_T3_MetaNm_L,
720575941573616891,720575941503455467,6,VNC_LTct_L,
720575941573616891,720575941517770412,7,VNC_LTct_L,
720575941573616891,720575941521031927,7,VNC_IntTct_L,
720575941573616891,720575941521031927,15,VNC_LTct_L,
720575941573616891,720575941521101495,5,VNC_T3_MetaNm_L,
720575941573616891,720575941521236915,5,VNC_T3_MetaNm_L,
720575941573616891,720575941527110840,10,VNC_LTct_L,
720575941573616891,720575941539355517,18,VNC_LTct_L,
720575941573616891,720575941545362281,3,VNC_LTct_L,
720575941573616891,720575941545362281,3,VNC_T3_MetaNm_L,
720575941573616891,720575941545471593,5,VNC_IntTct_L,
720575941573616891,720575941545471593,8,VNC_LTct_L,
720575941573616891,720575941563254070,5,VNC_IntTct_L,
720575941573616891,720575941563254070,16,VNC_LTct_L,
720575941573616891,720575941569652638,5,VNC_IntTct_L,
720575941573616891,720575941569652638,20,VNC_LTct_L,
720575941573616891,720575941575681718,5,VNC_IntTct_L,
720575941573616891,720575941580604661,11,VNC_LTct_L,
720575941573616891,720575941615272601,4,VNC_IntTct_L,
720575941573616891,720575941615272601,72,VNC_LTct_L,
720575941573616891,720575941631975621,3,VNC_IntTct_L,
720575941573616891,720575941650578193,4,VNC_LTct_L,
720575941573658184,720575941487877328,4,VNC_AMNp_L,
720575941573658184,720575941516777107,5,VNC_AMNp_R,
720575941573658184,720575941516777107,4,VNC_T1_ProNm_R,
720575941573658184,720575941571971229,3,VNC_T1_ProNm_R,
720575941573658184,720575941669866161,5,VNC_T1_ProNm_R,
720575941573658184,720575941685980278,4,VNC_T2_MesoNm_R,
720575941574140169,720575941469724125,4,VNC_IntTct_L,
720575941574140169,720575941519492718,4,VNC_T1_ProNm_L,
720575941574140169,720575941595871424,3,VNC_IntTct_L,
720575941574140169,720575941703131610,29,VNC_T1_ProNm_L,
720575941574230523,720575941431311575,4,VNC_HTct_L,
720575941574230523,720575941431311575,5,VNC_WTct_L,
720575941574230523,720575941431311575,6,VNC_WTct_R,
720575941574230523,720575941463655693,3,VNC_WTct_L,
720575941574230523,720575941485458754,11,VNC_WTct_L,
720575941574230523,720575941500983019,5,VNC_WTct_L,
720575941574230523,720575941507280965,3,VNC_HTct_L,
720575941574230523,720575941516099500,4,VNC_WTct_L,
720575941574230523,720575941526718564,5,VNC_HTct_L,
720575941574230523,720575941527099981,4,VNC_WTct_L,
720575941574230523,720575941530787203,3,VNC_HTct_R,
720575941574230523,720575941530787203,4,VNC_WTct_L,
720575941574230523,720575941535952577,3,VNC_HTct_R,
720575941574230523,720575941535952577,5,VNC_WTct_L,
720575941574230523,720575941551588506,3,VNC_WTct_R,
720575941574230523,720575941595766428,5,VNC_WTct_L,
720575941574230523,720575941644900472,4,VNC_WTct_L,
720575941574375272,720575941399188003,3,VNC_IntTct_R,
720575941574375272,720575941503451301,5,VNC_IntTct_R,
720575941574375272,720575941504134981,4,VNC_IntTct_R,
720575941574375272,720575941507863056,5,VNC_HTct_R,
720575941574375272,720575941559268723,3,VNC_HTct_R,
720575941574375272,720575941608991050,9,VNC_HTct_R,
720575941574375272,720575941608991050,14,VNC_IntTct_R,
720575941574375272,720575941626940710,12,VNC_IntTct_R,
720575941574375272,720575941644908408,3,VNC_HTct_R,
720575941574467997,720575941431092911,4,VNC_HTct_R,
720575941574467997,720575941556244644,3,VNC_HTct_R,
720575941574671517,720575941532246762,3,VNC_IntTct_R,
720575941574671517,720575941533864458,4,VNC_IntTct_R,
720575941574671517,720575941546491681,3,VNC_IntTct_R,
720575941574671517,720575941557612915,10,VNC_IntTct_R,
720575941574671517,720575941559929615,5,VNC_IntTct_R,
720575941574671517,720575941608310346,3,VNC_HTct_R,
720575941574671517,720575941608310346,7,VNC_IntTct_R,
720575941574675869,720575941432002574,3,VNC_HTct_R,
720575941574675869,720575941432722574,5,VNC_HTct_L,
720575941574675869,720575941432722574,10,VNC_HTct_R,
720575941574675869,720575941436378898,5,VNC_HTct_L,
720575941574675869,720575941438710719,3,VNC_HTct_R,
720575941574675869,720575941442347178,3,VNC_HTct_R,
720575941574675869,720575941442926762,4,VNC_HTct_R,
720575941574675869,720575941447279965,3,VNC_HTct_R,
720575941574675869,720575941449065565,4,VNC_HTct_L,
720575941574675869,720575941449065565,6,VNC_WTct_L,
720575941574675869,720575941449065565,4,VNC_WTct_R,
720575941574675869,720575941453962221,4,VNC_HTct_R,
720575941574675869,720575941453962221,7,VNC_WTct_R,
720575941574675869,720575941456678893,3,VNC_WTct_L,
720575941574675869,720575941457686256,6,VNC_IntTct_R,
720575941574675869,720575941457686256,3,VNC_WTct_R,
720575941574675869,720575941468312695,5,VNC_HTct_L,
720575941574675869,720575941468312695,4,VNC_HTct_R,
720575941574675869,720575941468312695,3,VNC_IntTct_L,
720575941574675869,720575941468312695,5,VNC_IntTct_R,
720575941574675869,720575941468312695,4,VNC_unassigned_R,
720575941574675869,720575941474704948,4,VNC_HTct_R,
720575941574675869,720575941485458754,3,VNC_HTct_R,
720575941574675869,720575941488278480,3,VNC_WTct_L,
720575941574675869,720575941488755148,8,VNC_HTct_R,
720575941574675869,720575941488755148,4,VNC_IntTct_L,
720575941574675869,720575941490813872,4,VNC_HTct_R,
720575941574675869,720575941492354174,5,VNC_HTct_R,
720575941574675869,720575941496957346,12,VNC_HTct_L,
720575941574675869,720575941496957346,9,VNC_HTct_R,
720575941574675869,720575941496957346,3,VNC_IntTct_L,
720575941574675869,720575941498935777,3,VNC_IntTct_L,
720575941574675869,720575941510611922,8,VNC_HTct_L,
720575941574675869,720575941512896099,9,VNC_IntTct_R,
720575941574675869,720575941512896099,5,VNC_WTct_L,
720575941574675869,720575941512896099,6,VNC_WTct_R,
720575941574675869,720575941519213016,9,VNC_WTct_L,
720575941574675869,720575941519213016,5,VNC_WTct_R,
720575941574675869,720575941526701412,4,VNC_ANm_L,
720575941574675869,720575941526701412,21,VNC_HTct_L,
720575941574675869,720575941526701412,3,VNC_HTct_R,
720575941574675869,720575941526701412,11,VNC_IntTct_L,
720575941574675869,720575941526701412,4,VNC_unassigned_R,
720575941574675869,720575941528944568,5,VNC_IntTct_R,
720575941574675869,720575941528944568,3,VNC_unassigned_R,
720575941574675869,720575941533682714,6,VNC_WTct_R,
720575941574675869,720575941535136739,3,VNC_HTct_L,
720575941574675869,720575941535136739,6,VNC_WTct_L,
720575941574675869,720575941535136739,3,VNC_WTct_R,
720575941574675869,720575941535952577,3,VNC_HTct_R,
720575941574675869,720575941542286085,3,VNC_HTct_L,
720575941574675869,720575941542286085,3,VNC_WTct_L,
720575941574675869,720575941542286085,6,VNC_WTct_R,
720575941574675869,720575941549632830,6,VNC_WTct_R,
720575941574675869,720575941549701182,7,VNC_IntTct_R,
720575941574675869,720575941549701182,3,VNC_unassigned_R,
720575941574675869,720575941552622398,7,VNC_HTct_L,
720575941574675869,720575941552622398,4,VNC_HTct_R,
720575941574675869,720575941553338778,3,VNC_HTct_L,
720575941574675869,720575941553338778,5,VNC_IntTct_L,
720575941574675869,720575941557612915,4,VNC_IntTct_R,
720575941574675869,720575941562467682,3,VNC_HTct_L,
720575941574675869,720575941565376046,6,VNC_HTct_L,
720575941574675869,720575941565376046,5,VNC_HTct_R,
720575941574675869,720575941565376046,9,VNC_IntTct_L,
720575941574675869,720575941565376046,10,VNC_IntTct_R,
720575941574675869,720575941565459095,3,VNC_HTct_L,
720575941574675869,720575941565459095,5,VNC_HTct_R,
720575941574675869,720575941566756602,3,VNC_HTct_L,
720575941574675869,720575941566756602,6,VNC_unassigned_R,
720575941574675869,720575941569707422,3,VNC_HTct_L,
720575941574675869,720575941569707422,12,VNC_HTct_R,
720575941574675869,720575941572107017,3,VNC_NTct_R,
720575941574675869,720575941574155003,4,VNC_HTct_R,
720575941574675869,720575941575397263,3,VNC_ANm_R,
720575941574675869,720575941575397263,11,VNC_HTct_L,
720575941574675869,720575941575397263,11,VNC_HTct_R,
720575941574675869,720575941575865433,5,VNC_WTct_L,
720575941574675869,720575941575865433,6,VNC_WTct_R,
720575941574675869,720575941583173510,7,VNC_WTct_R,
720575941574675869,720575941583601886,5,VNC_HTct_R,
720575941574675869,720575941583601886,5,VNC_IntTct_R,
720575941574675869,720575941595768476,4,VNC_HTct_R,
720575941574675869,720575941600259369,4,VNC_IntTct_R,
720575941574675869,720575941607605101,5,VNC_IntTct_R,
720575941574675869,720575941607605101,6,VNC_NTct_R,
720575941574675869,720575941614698709,3,VNC_WTct_R,
720575941574675869,720575941614889941,4,VNC_HTct_L,
720575941574675869,720575941623108298,7,VNC_HTct_L,
720575941574675869,720575941623108298,22,VNC_HTct_R,
720575941574675869,720575941623108298,27,VNC_IntTct_R,
720575941574675869,720575941623108298,6,VNC_NTct_R,
720575941574675869,720575941623108298,23,VNC_WTct_R,
720575941574675869,720575941623399788,4,VNC_IntTct_R,
720575941574675869,720575941628630054,4,VNC_HTct_L,
720575941574675869,720575941628630054,3,VNC_IntTct_L,
720575941574675869,720575941628630054,12,VNC_IntTct_R,
720575941574675869,720575941628630054,8,VNC_WTct_R,
720575941574675869,720575941631436524,4,VNC_NTct_R,
720575941574675869,720575941671138727,22,VNC_HTct_L,
720575941574675869,720575941671138727,11,VNC_IntTct_L,
720575941574675869,720575941671138727,6,VNC_IntTct_R,
720575941574675869,720575941671138727,10,VNC_NTct_L,
720575941574675869,720575941671138727,16,VNC_WTct_L,
720575941574675869,720575941671138727,8,VNC_WTct_R,
720575941574675869,720575941684876527,14,VNC_HTct_R,
720575941574724361,720575941551947263,4,VNC_T1_ProNm_R,
720575941574731272,720575941681017789,7,VNC_T3_MetaNm_L,
720575941574878351,720575941477297716,4,VNC_NTct_L,
720575941574933661,720575941429556655,6,VNC_NTct_R,
720575941574979229,720575941461636804,7,VNC_T1_ProNm_R,
720575941574979229,720575941483537338,4,VNC_T1_ProNm_L,
720575941574979229,720575941483537338,10,VNC_T1_ProNm_R,
720575941574979229,720575941490693577,4,VNC_T2_MesoNm_R,
720575941574979229,720575941625962139,8,VNC_T2_MesoNm_R,
720575941574984201,720575941415476252,6,VNC_WTct_R,
720575941574984201,720575941437396012,7,VNC_WTct_R,
720575941574984201,720575941460235152,3,VNC_WTct_R,
720575941574984201,720575941474640682,6,VNC_WTct_R,
720575941574984201,720575941498948425,3,VNC_WTct_R,
720575941574984201,720575941516842094,3,VNC_WTct_R,
720575941574984201,720575941527099981,4,VNC_WTct_R,
720575941574984201,720575941535419418,5,VNC_WTct_R,
720575941574984201,720575941594160421,3,VNC_WTct_R,
720575941574984201,720575941595919217,5,VNC_T2_MesoNm_R,
720575941574984201,720575941597149376,3,VNC_T1_ProNm_R,
720575941574984201,720575941597149376,4,VNC_unassigned_R,
720575941574984201,720575941613448668,7,VNC_T2_MesoNm_R,
720575941574984201,720575941625169802,9,VNC_WTct_R,
720575941574984201,720575941686037878,4,VNC_unassigned_R,
720575941575484598,720575941572851087,4,VNC_NTct_L,
720575941575525992,720575941501135191,4,VNC_T1_ProNm_R,
720575941575525992,720575941586471646,3,VNC_IntTct_R,
720575941575525992,720575941586471646,27,VNC_T1_ProNm_R,
720575941575525992,720575941623130314,4,VNC_IntTct_R,
720575941575525992,720575941623130314,32,VNC_T1_ProNm_R,
720575941575744655,720575941612696934,3,VNC_ANm_R,
720575941576254134,720575941540201933,9,VNC_T1_ProNm_L,
720575941577519961,720575941450628218,3,VNC_IntTct_R,
720575941577519961,720575941583601886,7,VNC_IntTct_R,
720575941578384629,720575941414508948,7,VNC_IntTct_R,
720575941578384629,720575941461636804,3,VNC_T1_ProNm_R,
720575941578384629,720575941498482043,26,VNC_IntTct_R,
720575941578384629,720575941498482043,15,VNC_T1_ProNm_R,
720575941578384629,720575941511262930,3,VNC_T1_ProNm_R,
720575941578384629,720575941528086660,6,VNC_IntTct_R,
720575941578384629,720575941539355517,3,VNC_AMNp_R,
720575941578384629,720575941539355517,5,VNC_T1_ProNm_R,
720575941578384629,720575941558290980,5,VNC_T1_ProNm_R,
720575941578384629,720575941583646430,7,VNC_LTct_R,
720575941578384629,720575941625907769,3,VNC_T1_ProNm_R,
720575941578499673,720575941470854720,4,VNC_HTct_L,
720575941578499673,720575941474426929,3,VNC_NTct_L,
720575941578499673,720575941477446762,4,VNC_HTct_L,
720575941578499673,720575941513677571,4,VNC_IntTct_L,
720575941578499673,720575941536371442,7,VNC_WTct_L,
720575941578499673,720575941555186074,12,VNC_NTct_L,
720575941578499673,720575941598634537,9,VNC_HTct_L,
720575941578499673,720575941601243321,4,VNC_NTct_L,
720575941578499673,720575941612053094,3,VNC_HTct_L,
720575941578499673,720575941614802389,4,VNC_IntTct_L,
720575941578499673,720575941614802389,5,VNC_NTct_L,
720575941578499673,720575941621725180,15,VNC_NTct_L,
720575941578499673,720575941623388524,3,VNC_NTct_L,
720575941578679897,720575941645261768,4,VNC_ANm_R,
720575941578692697,720575941501984651,7,VNC_IntTct_R,
720575941578692697,720575941501984651,4,VNC_T2_MesoNm_R,
720575941578692697,720575941527241912,5,VNC_T3_MetaNm_R,
720575941578803025,720575941498482043,4,VNC_IntTct_R,
720575941578803025,720575941501135191,6,VNC_T1_ProNm_R,
720575941578803025,720575941547901556,4,VNC_T2_MesoNm_R,
720575941578803025,720575941559929615,6,VNC_T2_MesoNm_R,
720575941578803025,720575941586471646,7,VNC_T1_ProNm_R,
720575941578803025,720575941613448668,4,VNC_T2_MesoNm_R,
720575941578803025,720575941627995705,9,VNC_T2_MesoNm_R,
720575941578803025,720575941651527409,5,VNC_T2_MesoNm_R,
720575941579149401,720575941478634831,8,VNC_HTct_R,
720575941579450745,720575941464768790,4,VNC_NTct_R,
720575941579450745,720575941464768790,3,VNC_unassigned_R,
720575941579616081,720575941450876794,3,VNC_IntTct_L,
720575941579616081,720575941457147206,5,VNC_NTct_L,
720575941579616081,720575941477927042,7,VNC_NTct_L,
720575941579616081,720575941495356286,7,VNC_NTct_L,
720575941579616081,720575941520333047,3,VNC_HTct_L,
720575941579616081,720575941537600973,3,VNC_IntTct_L,
720575941579616081,720575941547226248,19,VNC_NTct_L,
720575941579616081,720575941572851087,3,VNC_NTct_L,
720575941579616081,720575941579868917,3,VNC_IntTct_L,
720575941579616081,720575941579868917,8,VNC_NTct_L,
720575941579616081,720575941611080010,6,VNC_HTct_L,
720575941579616081,720575941630748859,3,VNC_HTct_L,
720575941579793909,720575941439566559,3,VNC_WTct_R,
720575941579793909,720575941440934351,3,VNC_T2_MesoNm_R,
720575941579793909,720575941526854822,3,VNC_T2_MesoNm_R,
720575941579793909,720575941668869363,3,VNC_T2_MesoNm_R,
720575941579841013,720575941447013813,4,VNC_IntTct_L,
720575941579841013,720575941477166622,7,VNC_IntTct_L,
720575941579841013,720575941572251144,6,VNC_IntTct_L,
720575941579841013,720575941637874975,4,VNC_IntTct_L,
720575941579876085,720575941431075425,16,VNC_T3_MetaNm_L,
720575941579876085,720575941438631871,5,VNC_T2_MesoNm_L,
720575941579876085,720575941438631871,3,VNC_WTct_L,
720575941579876085,720575941442357674,25,VNC_T2_MesoNm_L,
720575941579876085,720575941450559566,60,VNC_T2_MesoNm_L,
720575941579876085,720575941450559566,4,VNC_WTct_L,
720575941579876085,720575941450559566,5,VNC_unassigned_L,
720575941579876085,720575941453578409,62,VNC_T2_MesoNm_L,
720575941579876085,720575941453578409,3,VNC_WTct_L,
720575941579876085,720575941453578409,6,VNC_unassigned_L,
720575941579876085,720575941468950592,5,VNC_T2_MesoNm_L,
720575941579876085,720575941470747968,4,VNC_T2_MesoNm_L,
720575941579876085,720575941474467633,32,VNC_T2_MesoNm_L,
720575941579876085,720575941477446762,3,VNC_T1_ProNm_L,
720575941579876085,720575941480223456,30,VNC_T2_MesoNm_L,
720575941579876085,720575941501135191,8,VNC_NTct_L,
720575941579876085,720575941501135191,18,VNC_T1_ProNm_L,
720575941579876085,720575941512450371,53,VNC_T2_MesoNm_L,
720575941579876085,720575941512450371,11,VNC_unassigned_L,
720575941579876085,720575941519492718,3,VNC_WTct_L,
720575941579876085,720575941548936253,6,VNC_T2_MesoNm_L,
720575941579876085,720575941552620543,6,VNC_T2_MesoNm_L,
720575941579876085,720575941555462995,57,VNC_T2_MesoNm_L,
720575941579876085,720575941572444830,5,VNC_T2_MesoNm_L,
720575941579876085,720575941572737679,42,VNC_T1_ProNm_L,
720575941579876085,720575941579867125,4,VNC_ANm_L,
720575941579876085,720575941590291084,41,VNC_T2_MesoNm_L,
720575941579876085,720575941590291084,3,VNC_unassigned_L,
720575941579876085,720575941592919080,4,VNC_T1_ProNm_L,
720575941579876085,720575941611060042,4,VNC_T2_MesoNm_L,
720575941579876085,720575941632698555,51,VNC_T2_MesoNm_L,
720575941579876085,720575941637874975,3,VNC_T2_MesoNm_L,
720575941579876085,720575941642411877,4,VNC_T2_MesoNm_L,
720575941579876085,720575941649795057,87,VNC_T2_MesoNm_L,
720575941579876085,720575941649795057,5,VNC_unassigned_L,
720575941579876085,720575941652640273,6,VNC_T2_MesoNm_L,
720575941579876085,720575941654985945,14,VNC_T3_MetaNm_L,
720575941579876085,720575941668315891,3,VNC_T2_MesoNm_L,
720575941579876085,720575941668315891,6,VNC_WTct_L,
720575941579876085,720575941670593703,4,VNC_T2_MesoNm_L,
720575941579876085,720575941703131610,4,VNC_T1_ProNm_L,
720575941580369489,720575941451834281,5,VNC_HTct_L,
720575941580369489,720575941481113597,3,VNC_HTct_L,
720575941580369489,720575941485288144,4,VNC_HTct_L,
720575941580369489,720575941498935777,3,VNC_IntTct_L,
720575941580369489,720575941504563781,10,VNC_HTct_L,
720575941580369489,720575941507787024,5,VNC_IntTct_L,
720575941580369489,720575941524078925,3,VNC_HTct_L,
720575941580369489,720575941526764388,5,VNC_IntTct_L,
720575941580369489,720575941536371442,5,VNC_HTct_L,
720575941580369489,720575941538289379,7,VNC_HTct_L,
720575941580369489,720575941549394687,6,VNC_HTct_L,
720575941580369489,720575941573233403,5,VNC_HTct_L,
720575941580369489,720575941577217113,3,VNC_HTct_L,
720575941580369489,720575941591499627,13,VNC_HTct_L,
720575941580369489,720575941602315454,10,VNC_HTct_L,
720575941580369489,720575941610830253,9,VNC_HTct_L,
720575941580369489,720575941611080010,15,VNC_HTct_L,
720575941580369489,720575941659675704,5,VNC_HTct_L,
720575941581648761,720575941470237504,11,VNC_T1_ProNm_R,
720575941581648761,720575941569585266,8,VNC_T1_ProNm_R,
720575941581684601,720575941429556655,8,VNC_NTct_R,
720575941581684601,720575941440423375,4,VNC_NTct_R,
720575941581684601,720575941464768790,5,VNC_IntTct_R,
720575941581684601,720575941464768790,6,VNC_NTct_R,
720575941581684601,720575941501721138,5,VNC_HTct_R,
720575941581684601,720575941535137763,5,VNC_IntTct_R,
720575941581684601,720575941549403903,6,VNC_NTct_R,
720575941581684601,720575941549403903,5,VNC_unassigned_R,
720575941581684601,720575941574155003,3,VNC_HTct_R,
720575941581684601,720575941586471646,5,VNC_NTct_R,
720575941581684601,720575941597149376,22,VNC_NTct_R,
720575941581684601,720575941597149376,7,VNC_T1_ProNm_R,
720575941581684601,720575941597149376,11,VNC_unassigned_R,
720575941581684601,720575941609001034,5,VNC_NTct_R,
720575941581684601,720575941686037878,6,VNC_NTct_R,
720575941581684601,720575941686037878,3,VNC_unassigned_R,
720575941581684601,720575941731613483,4,VNC_HTct_R,
720575941581721977,720575941560427379,8,VNC_T3_MetaNm_L,
720575941581721977,720575941602987510,4,VNC_ANm_L,
720575941581721977,720575941602987510,3,VNC_T3_MetaNm_L,
720575941581721977,720575941603749817,3,VNC_T3_MetaNm_L,
720575941581721977,720575941654985945,11,VNC_T3_MetaNm_L,
720575941582282873,720575941429556655,4,VNC_NTct_R,
720575941582282873,720575941436996882,5,VNC_IntTct_R,
720575941582282873,720575941457073478,3,VNC_IntTct_R,
720575941582282873,720575941472561979,3,VNC_HTct_R,
720575941582282873,720575941475988529,11,VNC_IntTct_R,
720575941582282873,720575941477884802,24,VNC_HTct_R,
720575941582282873,720575941477884802,3,VNC_IntTct_R,
720575941582282873,720575941478634831,3,VNC_HTct_R,
720575941582282873,720575941501892546,4,VNC_HTct_R,
720575941582282873,720575941521508939,3,VNC_IntTct_R,
720575941582282873,720575941532509016,4,VNC_HTct_R,
720575941582282873,720575941555550244,4,VNC_HTct_R,
720575941582282873,720575941564417024,4,VNC_HTct_R,
720575941582282873,720575941567126130,3,VNC_HTct_R,
720575941582282873,720575941608324717,14,VNC_HTct_R,
720575941582282873,720575941617069695,5,VNC_HTct_R,
720575941582282873,720575941622232828,6,VNC_HTct_R,
720575941583462110,720575941474725684,6,VNC_IntTct_L,
720575941583462110,720575941508509569,3,VNC_HTct_L,
720575941583462110,720575941535331338,3,VNC_IntTct_L,
720575941583462110,720575941553338778,5,VNC_IntTct_L,
720575941583462110,720575941553338778,3,VNC_WTct_L,
720575941583462110,720575941571524872,3,VNC_IntTct_L,
720575941583462110,720575941579809013,5,VNC_NTct_L,
720575941583462110,720575941579809013,3,VNC_WTct_L,
720575941583462110,720575941610583260,4,VNC_HTct_L,
720575941583462110,720575941612053094,7,VNC_HTct_L,
720575941583758726,720575941516740524,3,VNC_IntTct_L,
720575941584708486,720575941464768790,12,VNC_NTct_R,
720575941585365214,720575941456373151,3,VNC_HTct_R,
720575941586099334,720575941551947263,11,VNC_T1_ProNm_R,
720575941586221958,720575941424930644,4,VNC_IntTct_L,
720575941586221958,720575941433032718,4,VNC_IntTct_L,
720575941586221958,720575941439050703,6,VNC_IntTct_L,
720575941586221958,720575941466725206,4,VNC_T2_MesoNm_L,
720575941586221958,720575941470786368,7,VNC_IntTct_L,
720575941586221958,720575941499424395,4,VNC_HTct_L,
720575941586221958,720575941501802434,4,VNC_HTct_L,
720575941586221958,720575941540201933,16,VNC_T1_ProNm_L,
720575941586221958,720575941543316329,6,VNC_HTct_L,
720575941586221958,720575941543316329,6,VNC_IntTct_L,
720575941586221958,720575941592428907,3,VNC_HTct_L,
720575941586221958,720575941632896453,14,VNC_IntTct_L,
720575941586273926,720575941456348575,3,VNC_IntTct_R,
720575941586273926,720575941588615052,4,VNC_IntTct_R,
720575941586273926,720575941608310346,8,VNC_IntTct_R,
720575941586273926,720575941608310346,6,VNC_NTct_R,
720575941586609886,720575941450559566,25,VNC_T2_MesoNm_L,
720575941586609886,720575941480223456,22,VNC_T2_MesoNm_L,
720575941586653062,720575941460235152,4,VNC_IntTct_R,
720575941586653062,720575941504389655,3,VNC_IntTct_R,
720575941586653062,720575941537501160,3,VNC_T2_MesoNm_R,
720575941586653062,720575941542469212,5,VNC_IntTct_R,
720575941586653062,720575941640900453,13,VNC_IntTct_R,
720575941586653062,720575941640900453,4,VNC_T2_MesoNm_R,
720575941586901316,720575941405863854,5,VNC_IntTct_R,
720575941586901316,720575941436996882,3,VNC_IntTct_R,
720575941586901316,720575941488475598,3,VNC_IntTct_R,
720575941587856951,720575941470111863,3,VNC_IntTct_L,
720575941587856951,720575941474704948,4,VNC_WTct_R,
720575941587856951,720575941542469212,5,VNC_HTct_R,
720575941588369662,720575941489801676,4,VNC_IntTct_L,
720575941588409924,720575941478634831,3,VNC_HTct_R,
720575941588409924,720575941657718552,9,VNC_NTct_R,
720575941588874892,720575941587190583,15,VNC_HTct_L,
720575941588955703,720575941514637827,6,VNC_IntTct_L,
720575941588955703,720575941632614587,3,VNC_IntTct_L,
720575941588955703,720575941642638792,3,VNC_NTct_L,
720575941589304644,720575941476543297,4,VNC_T2_MesoNm_R,
720575941589304644,720575941501352535,7,VNC_T2_MesoNm_R,
720575941589304644,720575941536318869,3,VNC_T2_MesoNm_R,
720575941589304644,720575941540185213,4,VNC_T2_MesoNm_R,
720575941589304644,720575941551960319,7,VNC_T2_MesoNm_R,
720575941589304644,720575941560635816,3,VNC_T2_MesoNm_R,
720575941589304644,720575941632673516,3,VNC_WTct_R,
720575941589353284,720575941441318591,3,VNC_IntTct_R,
720575941589353284,720575941559020270,4,VNC_NTct_R,
720575941589986359,720575941586471646,3,VNC_T1_ProNm_R,
720575941589986359,720575941623130314,4,VNC_T1_ProNm_R,
720575941589986359,720575941688644470,5,VNC_T3_MetaNm_R,
720575941590435070,720575941607605101,4,VNC_NTct_R,
720575941590435070,720575941628377314,10,VNC_WTct_R,
720575941590576424,720575941429423969,3,VNC_HTct_L,
720575941590576424,720575941435272590,3,VNC_HTct_L,
720575941590576424,720575941439050703,6,VNC_IntTct_L,
720575941590576424,720575941455579885,3,VNC_HTct_L,
720575941590576424,720575941478092963,16,VNC_IntTct_L,
720575941590576424,720575941480415939,11,VNC_HTct_L,
720575941590576424,720575941504039618,6,VNC_IntTct_L,
720575941590576424,720575941508509569,6,VNC_HTct_L,
720575941590576424,720575941530853507,3,VNC_IntTct_L,
720575941590576424,720575941543669765,5,VNC_IntTct_L,
720575941590576424,720575941588615052,4,VNC_IntTct_L,
720575941590576424,720575941653507801,6,VNC_HTct_L,
720575941590576424,720575941723242042,4,VNC_IntTct_L,
720575941591050494,720575941351927600,3,VNC_WTct_R,
720575941591050494,720575941410019695,7,VNC_HTct_R,
720575941591050494,720575941413920540,3,VNC_ANm_R,
720575941591050494,720575941413920540,7,VNC_HTct_R,
720575941591050494,720575941414464660,11,VNC_HTct_R,
720575941591050494,720575941428365999,9,VNC_WTct_R,
720575941591050494,720575941431075503,4,VNC_ANm_R,
720575941591050494,720575941432778638,6,VNC_NTct_R,
720575941591050494,720575941432778638,4,VNC_WTct_R,
720575941591050494,720575941438723263,4,VNC_HTct_R,
720575941591050494,720575941439566559,3,VNC_NTct_R,
720575941591050494,720575941439566559,12,VNC_WTct_R,
720575941591050494,720575941447423837,3,VNC_WTct_R,
720575941591050494,720575941447423837,4,VNC_unassigned_R,
720575941591050494,720575941483764621,3,VNC_WTct_R,
720575941591050494,720575941486846416,9,VNC_NTct_R,
720575941591050494,720575941486846416,5,VNC_WTct_R,
720575941591050494,720575941488419022,3,VNC_WTct_R,
720575941591050494,720575941498696354,4,VNC_WTct_R,
720575941591050494,720575941501903154,4,VNC_WTct_R,
720575941591050494,720575941505369509,3,VNC_WTct_R,
720575941591050494,720575941507657488,4,VNC_unassigned_R,
720575941591050494,720575941518419123,15,VNC_NTct_R,
720575941591050494,720575941518419123,12,VNC_WTct_R,
720575941591050494,720575941521508939,3,VNC_HTct_R,
720575941591050494,720575941542297605,5,VNC_HTct_R,
720575941591050494,720575941549165823,7,VNC_HTct_R,
720575941591050494,720575941566756602,3,VNC_WTct_R,
720575941591050494,720575941568697844,5,VNC_NTct_R,
720575941591050494,720575941568697844,4,VNC_WTct_R,
720575941591050494,720575941571690760,6,VNC_HTct_R,
720575941591050494,720575941594515158,3,VNC_HTct_R,
720575941591050494,720575941607605101,8,VNC_NTct_R,
720575941591050494,720575941608324717,5,VNC_HTct_R,
720575941591050494,720575941609001034,10,VNC_NTct_R,
720575941591050494,720575941610492636,8,VNC_WTct_R,
720575941591050494,720575941614850517,7,VNC_HTct_R,
720575941591050494,720575941628554466,6,VNC_WTct_R,
720575941591050494,720575941631436524,31,VNC_NTct_R,
720575941591050494,720575941631436524,9,VNC_WTct_R,
720575941591050494,720575941644908408,3,VNC_HTct_R,
720575941591050494,720575941649760241,3,VNC_HTct_R,
720575941591050494,720575941729958699,3,VNC_WTct_R,
720575941591151500,720575941457147206,3,VNC_NTct_L,
720575941591151500,720575941457147206,5,VNC_unassigned_L,
720575941591151500,720575941530184139,5,VNC_HTct_L,
720575941591151500,720575941644900472,3,VNC_WTct_L,
720575941591285132,720575941457134918,12,VNC_T2_MesoNm_L,
720575941591285132,720575941466725206,4,VNC_T2_MesoNm_L,
720575941591448972,720575941402032240,4,VNC_WTct_R,
720575941591448972,720575941410037419,5,VNC_HTct_L,
720575941591448972,720575941415476252,5,VNC_WTct_R,
720575941591448972,720575941437396012,3,VNC_WTct_R,
720575941591448972,720575941442347178,3,VNC_HTct_L,
720575941591448972,720575941498948425,3,VNC_WTct_R,
720575941591448972,720575941503667109,5,VNC_WTct_R,
720575941591448972,720575941512896099,4,VNC_HTct_L,
720575941591448972,720575941512896099,3,VNC_WTct_L,
720575941591448972,720575941515619939,3,VNC_HTct_L,
720575941591448972,720575941516099500,3,VNC_HTct_L,
720575941591448972,720575941516099500,6,VNC_HTct_R,
720575941591448972,720575941518434227,3,VNC_WTct_L,
720575941591448972,720575941518434227,8,VNC_WTct_R,
720575941591448972,720575941518434227,6,VNC_unassigned_L,
720575941591448972,720575941519213016,3,VNC_WTct_L,
720575941591448972,720575941519213016,4,VNC_WTct_R,
720575941591448972,720575941521986227,5,VNC_HTct_L,
720575941591448972,720575941527099981,3,VNC_unassigned_R,
720575941591448972,720575941533234954,3,VNC_HTct_L,
720575941591448972,720575941533234954,3,VNC_WTct_R,
720575941591448972,720575941536248306,4,VNC_unassigned_L,
720575941591448972,720575941542286085,7,VNC_WTct_R,
720575941591448972,720575941551389979,3,VNC_WTct_R,
720575941591448972,720575941590279208,3,VNC_unassigned_R,
720575941591448972,720575941594160421,9,VNC_WTct_R,
720575941591448972,720575941650706449,3,VNC_WTct_R,
720575941591448972,720575941670676135,3,VNC_WTct_R,
720575941591448972,720575941688628342,3,VNC_unassigned_R,
720575941591761704,720575941477927042,5,VNC_HTct_L,
720575941591761704,720575941477927042,9,VNC_NTct_L,
720575941591761704,720575941477927042,3,VNC_unassigned_L,
720575941591761704,720575941495356286,3,VNC_HTct_L,
720575941591761704,720575941495356286,12,VNC_NTct_L,
720575941591761704,720575941551321371,4,VNC_HTct_L,
720575941591761704,720575941551321371,3,VNC_HTct_R,
720575941591761704,720575941652647185,4,VNC_IntTct_R,
720575941591761704,720575941652647185,9,VNC_NTct_R,
720575941591761704,720575941671138727,3,VNC_HTct_L,
720575941591761704,720575941671138727,8,VNC_NTct_L,
720575941591761704,720575941671138727,7,VNC_WTct_L,
720575941591804712,720575941533761050,3,VNC_IntTct_R,
720575941592628950,720575941440423375,7,VNC_NTct_R,
720575941592628950,720575941595653020,4,VNC_NTct_R,
720575941592644054,720575941412443540,3,VNC_IntTct_R,
720575941592644054,720575941428277752,3,VNC_IntTct_R,
720575941592644054,720575941432002574,3,VNC_IntTct_R,
720575941592644054,720575941459554960,4,VNC_IntTct_R,
720575941592644054,720575941496957346,3,VNC_IntTct_R,
720575941592644054,720575941567062898,8,VNC_HTct_R,
720575941592644054,720575941583254918,5,VNC_IntTct_R,
720575941592644054,720575941583601886,31,VNC_IntTct_R,
720575941592644054,720575941593615211,5,VNC_IntTct_R,
720575941592644054,720575941619873663,3,VNC_IntTct_R,
720575941592893992,720575941392667286,6,VNC_IntTct_R,
720575941592893992,720575941408481195,6,VNC_IntTct_L,
720575941592893992,720575941408481195,18,VNC_LTct_L,
720575941592893992,720575941408481195,3,VNC_LTct_R,
720575941592893992,720575941410025071,3,VNC_IntTct_L,
720575941592893992,720575941411765140,3,VNC_IntTct_L,
720575941592893992,720575941411765140,4,VNC_LTct_L,
720575941592893992,720575941430016905,26,VNC_LTct_L,
720575941592893992,720575941430386446,12,VNC_IntTct_L,
720575941592893992,720575941430386446,17,VNC_LTct_L,
720575941592893992,720575941430386446,5,VNC_LTct_R,
720575941592893992,720575941437525589,8,VNC_IntTct_L,
720575941592893992,720575941437525589,3,VNC_LTct_L,
720575941592893992,720575941438748351,5,VNC_IntTct_L,
720575941592893992,720575941438748351,4,VNC_LTct_L,
720575941592893992,720575941449134202,4,VNC_IntTct_R,
720575941592893992,720575941449134202,6,VNC_LTct_L,
720575941592893992,720575941450520745,4,VNC_T3_MetaNm_R,
720575941592893992,720575941450628218,10,VNC_IntTct_R,
720575941592893992,720575941450628218,9,VNC_LTct_R,
720575941592893992,720575941459559824,9,VNC_IntTct_L,
720575941592893992,720575941459559824,24,VNC_LTct_L,
720575941592893992,720575941459559824,5,VNC_T2_MesoNm_L,
720575941592893992,720575941470786368,14,VNC_IntTct_L,
720575941592893992,720575941470786368,28,VNC_LTct_L,
720575941592893992,720575941473679402,5,VNC_IntTct_L,
720575941592893992,720575941473679402,11,VNC_LTct_L,
720575941592893992,720575941473679402,5,VNC_LTct_R,
720575941592893992,720575941474571572,4,VNC_T3_MetaNm_L,
720575941592893992,720575941474741819,4,VNC_IntTct_L,
720575941592893992,720575941474741819,9,VNC_LTct_L,
720575941592893992,720575941474741819,4,VNC_LTct_R,
720575941592893992,720575941477193246,3,VNC_ANm_L,
720575941592893992,720575941478403178,7,VNC_IntTct_L,
720575941592893992,720575941478403178,15,VNC_LTct_L,
720575941592893992,720575941478403178,6,VNC_LTct_R,
720575941592893992,720575941482212605,18,VNC_T3_MetaNm_L,
720575941592893992,720575941482212605,6,VNC_T3_MetaNm_R,
720575941592893992,720575941485217744,9,VNC_IntTct_R,
720575941592893992,720575941485217744,13,VNC_LTct_R,
720575941592893992,720575941491136718,3,VNC_T3_MetaNm_L,
720575941592893992,720575941496047433,4,VNC_IntTct_L,
720575941592893992,720575941501715906,3,VNC_IntTct_R,
720575941592893992,720575941501715906,3,VNC_LTct_R,
720575941592893992,720575941501802434,12,VNC_IntTct_L,
720575941592893992,720575941501802434,24,VNC_LTct_L,
720575941592893992,720575941503455467,8,VNC_LTct_L,
720575941592893992,720575941503455467,3,VNC_LTct_R,
720575941592893992,720575941507793680,12,VNC_IntTct_L,
720575941592893992,720575941507793680,22,VNC_LTct_L,
720575941592893992,720575941507793680,4,VNC_T2_MesoNm_L,
720575941592893992,720575941511388881,3,VNC_LTct_R,
720575941592893992,720575941511393233,3,VNC_LTct_L,
720575941592893992,720575941511393233,6,VNC_LTct_R,
720575941592893992,720575941512798929,3,VNC_T3_MetaNm_R,
720575941592893992,720575941513160697,3,VNC_IntTct_R,
720575941592893992,720575941513160697,6,VNC_LTct_R,
720575941592893992,720575941519453038,5,VNC_LTct_L,
720575941592893992,720575941521236915,3,VNC_T3_MetaNm_L,
720575941592893992,720575941524114276,7,VNC_IntTct_L,
720575941592893992,720575941524114276,9,VNC_LTct_L,
720575941592893992,720575941528086660,5,VNC_LTct_L,
720575941592893992,720575941528086660,3,VNC_LTct_R,
720575941592893992,720575941530837891,4,VNC_IntTct_R,
720575941592893992,720575941534040754,7,VNC_T3_MetaNm_L,
720575941592893992,720575941543613033,4,VNC_IntTct_R,
720575941592893992,720575941543613033,4,VNC_LTct_R,
720575941592893992,720575941551625626,10,VNC_IntTct_L,
720575941592893992,720575941551625626,25,VNC_LTct_L,
720575941592893992,720575941551625626,3,VNC_LTct_R,
720575941592893992,720575941551947263,3,VNC_LTct_L,
720575941592893992,720575941557576563,3,VNC_LTct_R,
720575941592893992,720575941558635053,3,VNC_LTct_L,
720575941592893992,720575941565290286,3,VNC_LTct_R,
720575941592893992,720575941569616542,7,VNC_IntTct_L,
720575941592893992,720575941569616542,5,VNC_LTct_L,
720575941592893992,720575941579072889,29,VNC_IntTct_L,
720575941592893992,720575941579072889,7,VNC_LTct_L,
720575941592893992,720575941579161465,6,VNC_IntTct_L,
720575941592893992,720575941579161465,3,VNC_LTct_L,
720575941592893992,720575941579815669,4,VNC_LTct_L,
720575941592893992,720575941579815669,6,VNC_LTct_R,
720575941592893992,720575941583203462,9,VNC_LTct_L,
720575941592893992,720575941586381534,11,VNC_IntTct_L,
720575941592893992,720575941586381534,10,VNC_LTct_L,
720575941592893992,720575941588919863,7,VNC_IntTct_L,
720575941592893992,720575941588919863,5,VNC_LTct_L,
720575941592893992,720575941593836933,6,VNC_IntTct_R,
720575941592893992,720575941593836933,3,VNC_LTct_L,
720575941592893992,720575941595779264,4,VNC_IntTct_L,
720575941592893992,720575941595779264,5,VNC_LTct_L,
720575941592893992,720575941595779264,4,VNC_LTct_R,
720575941592893992,720575941609429350,6,VNC_IntTct_R,
720575941592893992,720575941609429350,3,VNC_LTct_L,
720575941592893992,720575941609429350,6,VNC_LTct_R,
720575941592893992,720575941610587612,5,VNC_T3_MetaNm_R,
720575941592893992,720575941630302405,3,VNC_IntTct_L,
720575941592893992,720575941630302405,3,VNC_LTct_L,
720575941592893992,720575941644138401,3,VNC_IntTct_R,
720575941592893992,720575941644138401,3,VNC_LTct_L,
720575941592893992,720575941645095585,3,VNC_T3_MetaNm_R,
720575941592893992,720575941645098401,3,VNC_T3_MetaNm_R,
720575941592893992,720575941650578193,9,VNC_IntTct_L,
720575941592893992,720575941650578193,9,VNC_LTct_L,
720575941592893992,720575941657621272,4,VNC_IntTct_R,
720575941592893992,720575941657621272,9,VNC_LTct_L,
720575941592893992,720575941657621272,5,VNC_LTct_R,
720575941592893992,720575941685950326,3,VNC_IntTct_R,
720575941592893992,720575941686473996,4,VNC_LTct_L,
720575941592893992,720575941686473996,3,VNC_LTct_R,
720575941592893992,720575941700504794,3,VNC_LTct_L,
720575941592893992,720575941700504794,4,VNC_LTct_R,
720575941593409064,720575941489685961,3,VNC_NTct_R,
720575941593409064,720575941579262841,3,VNC_HTct_R,
720575941593409064,720575941685775116,4,VNC_HTct_R,
720575941593505387,720575941432005646,4,VNC_NTct_L,
720575941593505387,720575941477297716,30,VNC_NTct_L,
720575941593505387,720575941477297716,4,VNC_unassigned_L,
720575941593505387,720575941483803458,3,VNC_NTct_L,
720575941593505387,720575941525725954,45,VNC_NTct_L,
720575941593505387,720575941536657123,10,VNC_NTct_L,
720575941593505387,720575941579868917,46,VNC_NTct_L,
720575941593505387,720575941579868917,3,VNC_unassigned_L,
720575941593505387,720575941678544829,10,VNC_NTct_L,
720575941593683051,720575941408456110,4,VNC_IntTct_R,
720575941593683051,720575941414508948,5,VNC_IntTct_L,
720575941593683051,720575941414508948,8,VNC_IntTct_R,
720575941593683051,720575941414508948,32,VNC_T1_ProNm_L,
720575941593683051,720575941414508948,9,VNC_T1_ProNm_R,
720575941593683051,720575941457802480,7,VNC_IntTct_L,
720575941593683051,720575941457802480,9,VNC_LTct_L,
720575941593683051,720575941469724125,9,VNC_IntTct_L,
720575941593683051,720575941469724125,3,VNC_IntTct_R,
720575941593683051,720575941469724125,6,VNC_T1_ProNm_L,
720575941593683051,720575941469724125,10,VNC_T1_ProNm_R,
720575941593683051,720575941474741819,8,VNC_IntTct_L,
720575941593683051,720575941474741819,3,VNC_T1_ProNm_R,
720575941593683051,720575941479084227,3,VNC_IntTct_L,
720575941593683051,720575941485196752,5,VNC_IntTct_L,
720575941593683051,720575941505536290,6,VNC_T3_MetaNm_L,
720575941593683051,720575941505536290,4,VNC_T3_MetaNm_R,
720575941593683051,720575941508255266,6,VNC_IntTct_L,
720575941593683051,720575941508255266,3,VNC_LTct_L,
720575941593683051,720575941535047690,11,VNC_IntTct_L,
720575941593683051,720575941535047690,4,VNC_IntTct_R,
720575941593683051,720575941537166997,5,VNC_IntTct_L,
720575941593683051,720575941537166997,4,VNC_T1_ProNm_L,
720575941593683051,720575941537501160,8,VNC_IntTct_L,
720575941593683051,720575941537501160,3,VNC_LTct_L,
720575941593683051,720575941563254070,11,VNC_IntTct_L,
720575941593683051,720575941566802170,3,VNC_IntTct_R,
720575941593683051,720575941566802170,3,VNC_T2_MesoNm_R,
720575941593683051,720575941575681718,5,VNC_IntTct_L,
720575941593683051,720575941575681718,7,VNC_LTct_L,
720575941593683051,720575941579027321,4,VNC_LTct_R,
720575941593683051,720575941619873663,5,VNC_LTct_R,
720575941593683051,720575941642936696,3,VNC_LTct_R,
720575941594823537,720575941429512151,3,VNC_IntTct_L,
720575941594823537,720575941429512151,4,VNC_LTct_L,
720575941594823537,720575941439011279,4,VNC_LTct_L,
720575941594823537,720575941457802480,8,VNC_IntTct_L,
720575941594823537,720575941457802480,4,VNC_IntTct_R,
720575941594823537,720575941457802480,35,VNC_LTct_L,
720575941594823537,720575941457802480,14,VNC_LTct_R,
720575941594823537,720575941457802480,3,VNC_T2_MesoNm_L,
720575941594823537,720575941466509590,5,VNC_IntTct_L,
720575941594823537,720575941473679402,3,VNC_LTct_L,
720575941594823537,720575941474741819,36,VNC_IntTct_L,
720575941594823537,720575941474741819,22,VNC_LTct_L,
720575941594823537,720575941478403178,4,VNC_LTct_L,
720575941594823537,720575941515612051,3,VNC_IntTct_L,
720575941594823537,720575941519453038,23,VNC_IntTct_L,
720575941594823537,720575941519453038,4,VNC_IntTct_R,
720575941594823537,720575941519453038,4,VNC_LTct_L,
720575941594823537,720575941519453038,6,VNC_LTct_R,
720575941594823537,720575941521031927,3,VNC_LTct_L,
720575941594823537,720575941524114276,3,VNC_IntTct_L,
720575941594823537,720575941524280857,4,VNC_LTct_L,
720575941594823537,720575941528086660,7,VNC_IntTct_L,
720575941594823537,720575941528086660,17,VNC_LTct_L,
720575941594823537,720575941530837891,3,VNC_IntTct_L,
720575941594823537,720575941532423000,6,VNC_IntTct_L,
720575941594823537,720575941545471593,4,VNC_IntTct_L,
720575941594823537,720575941551947263,5,VNC_LTct_L,
720575941594823537,720575941558635053,4,VNC_IntTct_L,
720575941594823537,720575941563253814,3,VNC_LTct_L,
720575941594823537,720575941570823752,3,VNC_LTct_L,
720575941594823537,720575941571906717,3,VNC_IntTct_L,
720575941594823537,720575941579815669,4,VNC_LTct_L,
720575941594823537,720575941595021681,8,VNC_LTct_L,
720575941594858198,720575941453578409,5,VNC_T2_MesoNm_L,
720575941594858198,720575941479369346,4,VNC_T1_ProNm_L,
720575941594858198,720575941552487169,3,VNC_unassigned_L,
720575941594858198,720575941637874975,3,VNC_T2_MesoNm_L,
720575941594858198,720575941703131610,4,VNC_T1_ProNm_L,
720575941595189029,720575941411765140,4,VNC_IntTct_L,
720575941595189029,720575941414326161,4,VNC_IntTct_L,
720575941595189029,720575941414508948,7,VNC_IntTct_L,
720575941595189029,720575941428209912,11,VNC_HTct_L,
720575941595189029,720575941431580686,10,VNC_HTct_L,
720575941595189029,720575941439011279,5,VNC_HTct_L,
720575941595189029,720575941440464219,4,VNC_HTct_L,
720575941595189029,720575941447013813,10,VNC_HTct_L,
720575941595189029,720575941450101063,3,VNC_IntTct_L,
720575941595189029,720575941465484566,28,VNC_HTct_L,
720575941595189029,720575941465484566,49,VNC_IntTct_L,
720575941595189029,720575941469724125,3,VNC_IntTct_L,
720575941595189029,720575941472042282,3,VNC_NTct_L,
720575941595189029,720575941473850720,5,VNC_HTct_L,
720575941595189029,720575941473850720,38,VNC_IntTct_L,
720575941595189029,720575941474467633,3,VNC_T2_MesoNm_L,
720575941595189029,720575941474741819,25,VNC_IntTct_L,
720575941595189029,720575941475749994,4,VNC_HTct_L,
720575941595189029,720575941475749994,5,VNC_IntTct_L,
720575941595189029,720575941475749994,3,VNC_WTct_L,
720575941595189029,720575941477927042,5,VNC_WTct_L,
720575941595189029,720575941478092963,6,VNC_IntTct_L,
720575941595189029,720575941478092963,5,VNC_WTct_L,
720575941595189029,720575941483838349,4,VNC_HTct_L,
720575941595189029,720575941496957346,5,VNC_HTct_L,
720575941595189029,720575941496957346,4,VNC_IntTct_L,
720575941595189029,720575941501041643,6,VNC_IntTct_L,
720575941595189029,720575941511393233,3,VNC_WTct_L,
720575941595189029,720575941512450371,40,VNC_T2_MesoNm_L,
720575941595189029,720575941512450371,3,VNC_unassigned_L,
720575941595189029,720575941517764824,4,VNC_HTct_L,
720575941595189029,720575941519453038,5,VNC_IntTct_L,
720575941595189029,720575941524114276,5,VNC_WTct_L,
720575941595189029,720575941524114532,13,VNC_IntTct_L,
720575941595189029,720575941524280857,11,VNC_IntTct_L,
720575941595189029,720575941524280857,8,VNC_WTct_L,
720575941595189029,720575941530853507,8,VNC_HTct_L,
720575941595189029,720575941530853507,9,VNC_IntTct_L,
720575941595189029,720575941530853507,4,VNC_WTct_L,
720575941595189029,720575941532423000,3,VNC_WTct_L,
720575941595189029,720575941533831194,5,VNC_HTct_L,
720575941595189029,720575941535331338,7,VNC_IntTct_L,
720575941595189029,720575941536208789,3,VNC_HTct_L,
720575941595189029,720575941536208789,11,VNC_IntTct_L,
720575941595189029,720575941536208789,3,VNC_NTct_L,
720575941595189029,720575941536208789,3,VNC_WTct_L,
720575941595189029,720575941536371442,4,VNC_HTct_L,
720575941595189029,720575941540100381,12,VNC_IntTct_L,
720575941595189029,720575941549386239,4,VNC_IntTct_L,
720575941595189029,720575941551947263,3,VNC_IntTct_R,
720575941595189029,720575941551947263,3,VNC_T2_MesoNm_L,
720575941595189029,720575941551947263,5,VNC_T3_MetaNm_L,
720575941595189029,720575941552622398,4,VNC_HTct_L,
720575941595189029,720575941560631464,3,VNC_NTct_L,
720575941595189029,720575941565376046,3,VNC_IntTct_L,
720575941595189029,720575941567639922,4,VNC_HTct_L,
720575941595189029,720575941569707422,3,VNC_HTct_L,
720575941595189029,720575941570823752,5,VNC_IntTct_L,
720575941595189029,720575941572251144,28,VNC_HTct_L,
720575941595189029,720575941572251144,51,VNC_IntTct_L,
720575941595189029,720575941572251144,6,VNC_LTct_L,
720575941595189029,720575941578442841,13,VNC_HTct_L,
720575941595189029,720575941579868917,7,VNC_IntTct_L,
720575941595189029,720575941579868917,8,VNC_NTct_L,
720575941595189029,720575941583128454,36,VNC_HTct_L,
720575941595189029,720575941583128454,19,VNC_IntTct_L,
720575941595189029,720575941583595486,3,VNC_HTct_L,
720575941595189029,720575941588652940,3,VNC_HTct_L,
720575941595189029,720575941588652940,5,VNC_IntTct_L,
720575941595189029,720575941601243321,3,VNC_IntTct_L,
720575941595189029,720575941605016941,3,VNC_HTct_L,
720575941595189029,720575941605016941,3,VNC_IntTct_L,
720575941595189029,720575941612053094,5,VNC_HTct_L,
720575941595189029,720575941621616380,3,VNC_IntTct_L,
720575941595189029,720575941628630054,4,VNC_IntTct_L,
720575941595189029,720575941630748859,23,VNC_HTct_L,
720575941595189029,720575941630748859,4,VNC_IntTct_L,
720575941595189029,720575941630933947,4,VNC_IntTct_L,
720575941595189029,720575941632025580,7,VNC_HTct_L,
720575941595189029,720575941632025580,3,VNC_T3_MetaNm_L,
720575941595189029,720575941632698555,11,VNC_T2_MesoNm_L,
720575941595189029,720575941649795057,11,VNC_T2_MesoNm_L,
720575941595189029,720575941665455347,3,VNC_IntTct_L,
720575941595189029,720575941671138727,7,VNC_IntTct_L,
720575941595189029,720575941671138727,8,VNC_WTct_L,
720575941595189029,720575941684876527,3,VNC_HTct_L,
720575941595193558,720575941474741819,3,VNC_LTct_R,
720575941595193558,720575941573038843,3,VNC_IntTct_R,
720575941595193558,720575941573038843,6,VNC_LTct_R,
720575941595376677,720575941586471646,13,VNC_IntTct_R,
720575941595376677,720575941586471646,11,VNC_T1_ProNm_R,
720575941595376677,720575941608310346,25,VNC_IntTct_R,
720575941595376677,720575941608310346,15,VNC_T1_ProNm_R,
720575941595517735,720575941431166679,13,VNC_T2_MesoNm_R,
720575941595517735,720575941461251027,15,VNC_T1_ProNm_R,
720575941595517735,720575941464768790,10,VNC_NTct_R,
720575941595517735,720575941501352535,3,VNC_T2_MesoNm_R,
720575941595517735,720575941524353049,3,VNC_T2_MesoNm_R,
720575941595517735,720575941561420434,7,VNC_T2_MesoNm_R,
720575941595517735,720575941569585266,4,VNC_T1_ProNm_R,
720575941595517735,720575941595919217,12,VNC_T2_MesoNm_R,
720575941595517735,720575941595919217,5,VNC_WTct_R,
720575941595517735,720575941613448668,9,VNC_T2_MesoNm_R,
720575941595517735,720575941652537361,3,VNC_T2_MesoNm_R,
720575941595542823,720575941449255290,4,VNC_IntTct_R,
720575941595542823,720575941456314271,4,VNC_LTct_R,
720575941595542823,720575941457802480,32,VNC_IntTct_R,
720575941595542823,720575941457802480,7,VNC_LTct_L,
720575941595542823,720575941457802480,52,VNC_LTct_R,
720575941595542823,720575941460195780,3,VNC_LTct_R,
720575941595542823,720575941474741819,12,VNC_IntTct_R,
720575941595542823,720575941474741819,7,VNC_LTct_L,
720575941595542823,720575941474741819,42,VNC_LTct_R,
720575941595542823,720575941515612051,4,VNC_LTct_R,
720575941595542823,720575941519453038,8,VNC_IntTct_R,
720575941595542823,720575941519453038,16,VNC_LTct_R,
720575941595542823,720575941521031927,4,VNC_LTct_R,
720575941595542823,720575941528086660,9,VNC_IntTct_R,
720575941595542823,720575941528086660,5,VNC_LTct_L,
720575941595542823,720575941528086660,5,VNC_LTct_R,
720575941595542823,720575941551947263,27,VNC_IntTct_R,
720575941595542823,720575941551947263,5,VNC_LTct_L,
720575941595542823,720575941551947263,10,VNC_LTct_R,
720575941595542823,720575941566954228,4,VNC_IntTct_R,
720575941595542823,720575941623067338,3,VNC_LTct_R,
720575941595542823,720575941652323289,3,VNC_IntTct_R,
720575941595542823,720575941686473996,3,VNC_IntTct_R,
720575941595542823,720575941700504794,5,VNC_LTct_R,
720575941595590951,720575941491175399,31,VNC_T2_MesoNm_R,
720575941595590951,720575941586471646,11,VNC_T1_ProNm_R,
720575941595605029,720575941440423375,6,VNC_NTct_R,
720575941595605029,720575941524019970,3,VNC_NTct_R,
720575941595605029,720575941549403903,6,VNC_NTct_R,
720575941595605029,720575941595653020,4,VNC_NTct_R,
720575941595615783,720575941438938175,4,VNC_IntTct_L,
720575941595615783,720575941457797360,4,VNC_IntTct_L,
720575941595615783,720575941498935777,8,VNC_IntTct_L,
720575941595615783,720575941505478690,3,VNC_IntTct_L,
720575941595615783,720575941559096302,5,VNC_IntTct_L,
720575941595615783,720575941640957029,3,VNC_IntTct_L,
720575941595615783,720575941653563153,11,VNC_IntTct_L,
720575941595955569,720575941350393904,6,VNC_HTct_L,
720575941595955569,720575941414303377,7,VNC_ANm_L,
720575941595955569,720575941428209912,19,VNC_HTct_L,
720575941595955569,720575941431580686,16,VNC_HTct_L,
720575941595955569,720575941441993167,8,VNC_WTct_L,
720575941595955569,720575941452198707,3,VNC_HTct_L,
720575941595955569,720575941452199475,4,VNC_HTct_L,
720575941595955569,720575941452199475,4,VNC_WTct_L,
720575941595955569,720575941453948397,3,VNC_WTct_L,
720575941595955569,720575941459591568,3,VNC_HTct_L,
720575941595955569,720575941459912262,3,VNC_HTct_L,
720575941595955569,720575941460571588,11,VNC_HTct_L,
720575941595955569,720575941460571588,3,VNC_WTct_L,
720575941595955569,720575941470077047,3,VNC_HTct_L,
720575941595955569,720575941477849730,6,VNC_IntTct_L,
720575941595955569,720575941491136718,4,VNC_ANm_L,
720575941595955569,720575941493443015,5,VNC_HTct_L,
720575941595955569,720575941493443015,3,VNC_WTct_L,
720575941595955569,720575941499420555,4,VNC_HTct_L,
720575941595955569,720575941499750818,16,VNC_HTct_L,
720575941595955569,720575941516654552,4,VNC_IntTct_L,
720575941595955569,720575941516654552,3,VNC_LTct_L,
720575941595955569,720575941518410094,7,VNC_HTct_L,
720575941595955569,720575941518410094,8,VNC_WTct_L,
720575941595955569,720575941524114276,3,VNC_HTct_L,
720575941595955569,720575941524114276,4,VNC_IntTct_L,
720575941595955569,720575941533747434,5,VNC_HTct_L,
720575941595955569,720575941533831194,15,VNC_HTct_L,
720575941595955569,720575941533831194,3,VNC_WTct_L,
720575941595955569,720575941553551239,3,VNC_IntTct_L,
720575941595955569,720575941555575332,3,VNC_WTct_L,
720575941595955569,720575941556222628,5,VNC_HTct_L,
720575941595955569,720575941559310125,5,VNC_HTct_L,
720575941595955569,720575941559310125,9,VNC_WTct_L,
720575941595955569,720575941562040320,5,VNC_HTct_L,
720575941595955569,720575941567639922,15,VNC_HTct_L,
720575941595955569,720575941567639922,3,VNC_WTct_L,
720575941595955569,720575941576933109,6,VNC_HTct_L,
720575941595955569,720575941576933109,5,VNC_WTct_L,
720575941595955569,720575941578442841,14,VNC_HTct_L,
720575941595955569,720575941578442841,6,VNC_WTct_L,
720575941595955569,720575941579809013,3,VNC_HTct_L,
720575941595955569,720575941583122527,3,VNC_IntTct_L,
720575941595955569,720575941586381534,5,VNC_WTct_L,
720575941595955569,720575941591287692,3,VNC_HTct_L,
720575941595955569,720575941596078961,12,VNC_HTct_L,
720575941595955569,720575941596078961,3,VNC_WTct_L,
720575941595955569,720575941609479526,5,VNC_HTct_L,
720575941595955569,720575941631436780,20,VNC_HTct_L,
720575941595955569,720575941631436780,4,VNC_WTct_L,
720575941595955569,720575941671138727,5,VNC_IntTct_L,
720575941596182129,720575941408481195,5,VNC_LTct_L,
720575941596182129,720575941456642541,5,VNC_LTct_R,
720575941596182129,720575941487877328,3,VNC_AMNp_L,
720575941596182129,720575941487877328,4,VNC_LTct_L,
720575941596182129,720575941516777107,5,VNC_LTct_R,
720575941596182129,720575941595021681,3,VNC_LTct_L,
720575941596182129,720575941595871424,5,VNC_AMNp_L,
720575941596182129,720575941595871424,6,VNC_LTct_L,
720575941596182129,720575941623067338,10,VNC_LTct_R,
720575941596182129,720575941625907769,4,VNC_LTct_L,
720575941596182129,720575941625907769,15,VNC_LTct_R,
720575941596182129,720575941625907769,4,VNC_T1_ProNm_R,
720575941596182129,720575941625907769,3,VNC_T2_MesoNm_R,
720575941596182129,720575941657621272,3,VNC_AMNp_R,
720575941596182129,720575941685980278,8,VNC_LTct_R,
720575941596205425,720575941411656081,5,VNC_LTct_L,
720575941596205425,720575941468720139,3,VNC_LTct_L,
720575941596205425,720575941478523983,3,VNC_IntTct_L,
720575941596205425,720575941501845554,3,VNC_LTct_L,
720575941596205425,720575941527110840,3,VNC_LTct_R,
720575941596205425,720575941528086660,3,VNC_IntTct_L,
720575941596205425,720575941528573643,4,VNC_IntTct_L,
720575941596205425,720575941541740829,4,VNC_LTct_L,
720575941596205425,720575941553338778,6,VNC_IntTct_L,
720575941596205425,720575941569652638,3,VNC_IntTct_L,
720575941596205425,720575941575800665,3,VNC_LTct_L,
720575941596205425,720575941595878848,5,VNC_LTct_L,
720575941596218225,720575941433032718,12,VNC_IntTct_L,
720575941596431749,720575941400818723,3,VNC_IntTct_L,
720575941596431749,720575941400818723,17,VNC_NTct_L,
720575941596431749,720575941400818723,3,VNC_unassigned_L,
720575941596431749,720575941429543127,4,VNC_HTct_L,
720575941596431749,720575941429543127,3,VNC_IntTct_L,
720575941596431749,720575941433032718,9,VNC_HTct_L,
720575941596431749,720575941433032718,10,VNC_IntTct_L,
720575941596431749,720575941433032718,12,VNC_NTct_L,
720575941596431749,720575941436973586,7,VNC_HTct_L,
720575941596431749,720575941439050703,3,VNC_IntTct_L,
720575941596431749,720575941450876794,3,VNC_HTct_L,
720575941596431749,720575941450876794,3,VNC_IntTct_L,
720575941596431749,720575941475766122,12,VNC_HTct_L,
720575941596431749,720575941503659970,6,VNC_HTct_L,
720575941596431749,720575941508542674,5,VNC_IntTct_L,
720575941596431749,720575941513242202,7,VNC_IntTct_L,
720575941596431749,720575941523112439,3,VNC_NTct_L,
720575941596431749,720575941532349362,5,VNC_IntTct_L,
720575941596431749,720575941534118322,3,VNC_HTct_L,
720575941596431749,720575941540205181,11,VNC_HTct_L,
720575941596431749,720575941549840702,3,VNC_IntTct_L,
720575941596431749,720575941552783495,9,VNC_HTct_L,
720575941596431749,720575941556372516,3,VNC_HTct_L,
720575941596431749,720575941559020270,3,VNC_IntTct_L,
720575941596431749,720575941569659806,4,VNC_IntTct_L,
720575941596431749,720575941579219321,5,VNC_HTct_L,
720575941596431749,720575941583511518,3,VNC_NTct_L,
720575941596431749,720575941588615052,3,VNC_HTct_L,
720575941596431749,720575941592428907,5,VNC_HTct_L,
720575941596431749,720575941611080010,5,VNC_HTct_L,
720575941596431749,720575941611080010,5,VNC_IntTct_L,
720575941596431749,720575941632896453,4,VNC_HTct_L,
720575941596431749,720575941632896453,3,VNC_IntTct_L,
720575941596431749,720575941665603059,3,VNC_HTct_L,
720575941596431749,720575941723242042,3,VNC_IntTct_L,
720575941596600709,720575941429556655,3,VNC_NTct_R,
720575941596600709,720575941464768790,11,VNC_IntTct_R,
720575941596600709,720575941464768790,3,VNC_NTct_R,
720575941596600709,720575941545400508,3,VNC_IntTct_R,
720575941596602048,720575941458334163,9,VNC_IntTct_R,
720575941596602048,720575941503451301,4,VNC_HTct_R,
720575941596602048,720575941503451301,18,VNC_IntTct_R,
720575941596602048,720575941507664144,3,VNC_IntTct_R,
720575941596602048,720575941528944568,7,VNC_IntTct_R,
720575941596602048,720575941532246762,4,VNC_IntTct_R,
720575941596602048,720575941546491681,15,VNC_IntTct_R,
720575941596602048,720575941551947263,3,VNC_IntTct_R,
720575941596602048,720575941557612915,8,VNC_HTct_R,
720575941596602048,720575941557612915,44,VNC_IntTct_R,
720575941596602048,720575941576941045,5,VNC_IntTct_R,
720575941596602048,720575941600259369,5,VNC_IntTct_R,
720575941596602048,720575941608310346,9,VNC_IntTct_R,
720575941596602048,720575941608991050,7,VNC_HTct_R,
720575941596602048,720575941608991050,29,VNC_IntTct_R,
720575941596602048,720575941623130314,7,VNC_IntTct_R,
720575941596602048,720575941623130314,5,VNC_T1_ProNm_R,
720575941596748933,720575941429283681,8,VNC_T2_MesoNm_L,
720575941596748933,720575941429439959,3,VNC_IntTct_R,
720575941596748933,720575941537166997,4,VNC_IntTct_L,
720575941596748933,720575941537166997,5,VNC_T1_ProNm_L,
720575941596748933,720575941537166997,11,VNC_T2_MesoNm_L,
720575941596748933,720575941566802170,11,VNC_T1_ProNm_R,
720575941596748933,720575941579804661,4,VNC_IntTct_R,
720575941596748933,720575941579804661,4,VNC_LTct_R,
720575941596748933,720575941579804661,5,VNC_T1_ProNm_R,
720575941596748933,720575941579804661,4,VNC_T2_MesoNm_R,
720575941596748933,720575941632698555,3,VNC_T2_MesoNm_L,
720575941596748933,720575941640900453,4,VNC_IntTct_R,
720575941596748933,720575941640900453,6,VNC_LTct_R,
720575941596748933,720575941640900453,3,VNC_T2_MesoNm_R,
720575941597345692,720575941691013016,6,VNC_T1_ProNm_R,
720575941598325148,720575941477166622,11,VNC_IntTct_L,
720575941598325148,720575941560631464,3,VNC_NTct_L,
720575941598469276,720575941456667373,6,VNC_T1_ProNm_R,
720575941598469276,720575941503550373,3,VNC_AMNp_R,
720575941598469276,720575941504386327,3,VNC_T1_ProNm_R,
720575941598469276,720575941511262930,3,VNC_IntTct_R,
720575941598469276,720575941573489416,3,VNC_T2_MesoNm_R,
720575941598469276,720575941625907769,3,VNC_T2_MesoNm_R,
720575941598492457,720575941477927042,15,VNC_HTct_L,
720575941598492457,720575941477927042,17,VNC_NTct_L,
720575941598492457,720575941477927042,4,VNC_unassigned_L,
720575941598492457,720575941483787405,4,VNC_HTct_L,
720575941598492457,720575941490785712,4,VNC_unassigned_L,
720575941598492457,720575941495356286,10,VNC_HTct_L,
720575941598492457,720575941495356286,11,VNC_NTct_L,
720575941598492457,720575941572251144,4,VNC_HTct_L,
720575941598492457,720575941583128454,19,VNC_HTct_L,
720575941598492457,720575941599444777,7,VNC_NTct_L,
720575941598492457,720575941601209590,3,VNC_NTct_L,
720575941598492457,720575941640895589,5,VNC_HTct_L,
720575941598492457,720575941640895589,6,VNC_NTct_L,
720575941598693824,720575941547226248,3,VNC_NTct_L,
720575941598693824,720575941579868917,22,VNC_NTct_L,
720575941598907072,720575941450559566,4,VNC_T2_MesoNm_L,
720575941598907072,720575941477166622,3,VNC_IntTct_L,
720575941598907072,720575941501002731,4,VNC_T2_MesoNm_L,
720575941598907072,720575941501135191,3,VNC_T1_ProNm_L,
720575941598907072,720575941512450371,5,VNC_T2_MesoNm_L,
720575941598907072,720575941552487169,4,VNC_T2_MesoNm_L,
720575941598907072,720575941623130314,9,VNC_T1_ProNm_L,
720575941598907072,720575941652640273,5,VNC_T2_MesoNm_L,
720575941598950556,720575941390313988,4,VNC_unassigned_R,
720575941598950556,720575941402032240,5,VNC_WTct_L,
720575941598950556,720575941405739823,5,VNC_unassigned_L,
720575941598950556,720575941407795118,6,VNC_WTct_L,
720575941598950556,720575941407795118,3,VNC_unassigned_L,
720575941598950556,720575941409016235,3,VNC_WTct_L,
720575941598950556,720575941436391698,5,VNC_WTct_L,
720575941598950556,720575941437158956,3,VNC_unassigned_R,
720575941598950556,720575941437396012,3,VNC_HTct_R,
720575941598950556,720575941437396012,10,VNC_WTct_L,
720575941598950556,720575941437396012,4,VNC_WTct_R,
720575941598950556,720575941437396012,3,VNC_unassigned_L,
720575941598950556,720575941439197269,5,VNC_WTct_R,
720575941598950556,720575941447423837,3,VNC_unassigned_R,
720575941598950556,720575941450532174,3,VNC_HTct_L,
720575941598950556,720575941450532174,5,VNC_WTct_L,
720575941598950556,720575941450532174,7,VNC_WTct_R,
720575941598950556,720575941463655693,3,VNC_WTct_R,
720575941598950556,720575941469657408,6,VNC_WTct_R,
720575941598950556,720575941470536715,29,VNC_WTct_L,
720575941598950556,720575941470536715,18,VNC_unassigned_L,
720575941598950556,720575941474704948,3,VNC_HTct_R,
720575941598950556,720575941474704948,3,VNC_WTct_L,
720575941598950556,720575941474704948,4,VNC_WTct_R,
720575941598950556,720575941482029251,4,VNC_WTct_L,
720575941598950556,720575941484663558,3,VNC_WTct_L,
720575941598950556,720575941484663558,3,VNC_WTct_R,
720575941598950556,720575941485422221,6,VNC_WTct_R,
720575941598950556,720575941489089255,5,VNC_WTct_L,
720575941598950556,720575941489677001,14,VNC_WTct_R,
720575941598950556,720575941489677001,13,VNC_unassigned_R,
720575941598950556,720575941489819081,8,VNC_WTct_R,
720575941598950556,720575941490266828,3,VNC_IntTct_R,
720575941598950556,720575941490266828,6,VNC_unassigned_R,
720575941598950556,720575941498935777,3,VNC_HTct_R,
720575941598950556,720575941498948425,7,VNC_WTct_L,
720575941598950556,720575941498948425,5,VNC_WTct_R,
720575941598950556,720575941498948425,9,VNC_unassigned_L,
720575941598950556,720575941498948425,15,VNC_unassigned_R,
720575941598950556,720575941499447691,4,VNC_WTct_R,
720575941598950556,720575941500995051,8,VNC_WTct_L,
720575941598950556,720575941500995051,5,VNC_WTct_R,
720575941598950556,720575941501026283,6,VNC_WTct_L,
720575941598950556,720575941501026283,3,VNC_unassigned_L,
720575941598950556,720575941504389655,3,VNC_WTct_R,
720575941598950556,720575941504424517,5,VNC_WTct_L,
720575941598950556,720575941513167609,3,VNC_unassigned_R,
720575941598950556,720575941515619939,9,VNC_WTct_L,
720575941598950556,720575941516099500,4,VNC_IntTct_R,
720575941598950556,720575941516099500,4,VNC_NTct_L,
720575941598950556,720575941516099500,4,VNC_WTct_L,
720575941598950556,720575941518434227,3,VNC_WTct_L,
720575941598950556,720575941524113764,3,VNC_WTct_L,
720575941598950556,720575941524113764,3,VNC_unassigned_L,
720575941598950556,720575941525224614,3,VNC_WTct_L,
720575941598950556,720575941527843768,6,VNC_unassigned_L,
720575941598950556,720575941528729784,3,VNC_WTct_L,
720575941598950556,720575941537594573,7,VNC_WTct_R,
720575941598950556,720575941537594573,5,VNC_unassigned_L,
720575941598950556,720575941537594573,5,VNC_unassigned_R,
720575941598950556,720575941547341684,3,VNC_WTct_L,
720575941598950556,720575941555478355,4,VNC_WTct_L,
720575941598950556,720575941562464866,13,VNC_WTct_L,
720575941598950556,720575941564147346,6,VNC_WTct_L,
720575941598950556,720575941564147346,3,VNC_WTct_R,
720575941598950556,720575941565495655,3,VNC_WTct_R,
720575941598950556,720575941571427323,8,VNC_WTct_L,
720575941598950556,720575941571427323,5,VNC_unassigned_L,
720575941598950556,720575941572945039,3,VNC_WTct_L,
720575941598950556,720575941576958197,3,VNC_WTct_R,
720575941598950556,720575941578709493,8,VNC_unassigned_L,
720575941598950556,720575941580641913,4,VNC_HTct_R,
720575941598950556,720575941580641913,4,VNC_WTct_R,
720575941598950556,720575941581685113,4,VNC_WTct_L,
720575941598950556,720575941593188465,3,VNC_WTct_R,
720575941598950556,720575941593188465,3,VNC_unassigned_R,
720575941598950556,720575941594160421,9,VNC_WTct_R,
720575941598950556,720575941595757724,4,VNC_WTct_L,
720575941598950556,720575941595757724,3,VNC_WTct_R,
720575941598950556,720575941606544493,4,VNC_WTct_L,
720575941598950556,720575941606544493,3,VNC_unassigned_L,
720575941598950556,720575941608900585,7,VNC_unassigned_L,
720575941598950556,720575941611056714,3,VNC_unassigned_L,
720575941598950556,720575941625372985,3,VNC_unassigned_L,
720575941598950556,720575941632673516,9,VNC_WTct_R,
720575941598950556,720575941632673516,4,VNC_unassigned_R,
720575941598950556,720575941637958687,3,VNC_WTct_R,
720575941598950556,720575941644900472,3,VNC_WTct_R,
720575941598950556,720575941650783249,4,VNC_WTct_R,
720575941598950556,720575941652652561,5,VNC_WTct_L,
720575941598950556,720575941662295352,3,VNC_WTct_R,
720575941598950556,720575941663489404,3,VNC_WTct_R,
720575941598950556,720575941669049587,8,VNC_WTct_L,
720575941598950556,720575941669049587,10,VNC_WTct_R,
720575941598950556,720575941669049587,4,VNC_unassigned_R,
720575941598950556,720575941670676135,7,VNC_WTct_L,
720575941598950556,720575941670676135,6,VNC_WTct_R,
720575941598950556,720575941670676135,4,VNC_unassigned_L,
720575941598950556,720575941670676135,4,VNC_unassigned_R,
720575941599049152,720575941400710435,4,VNC_HTct_R,
720575941599049152,720575941429556655,9,VNC_IntTct_R,
720575941599049152,720575941429556655,11,VNC_NTct_R,
720575941599049152,720575941452315443,3,VNC_HTct_R,
720575941599049152,720575941464768790,8,VNC_NTct_R,
720575941599049152,720575941475780202,4,VNC_HTct_R,
720575941599049152,720575941477955491,10,VNC_HTct_R,
720575941599049152,720575941492308606,4,VNC_IntTct_R,
720575941599049152,720575941501892546,3,VNC_HTct_R,
720575941599049152,720575941528944568,5,VNC_IntTct_R,
720575941599049152,720575941532385624,7,VNC_HTct_R,
720575941599049152,720575941532385624,6,VNC_IntTct_R,
720575941599049152,720575941533761050,3,VNC_IntTct_R,
720575941599049152,720575941557294095,3,VNC_IntTct_R,
720575941599049152,720575941561304978,4,VNC_IntTct_R,
720575941599049152,720575941564066567,6,VNC_HTct_R,
720575941599049152,720575941564066567,3,VNC_IntTct_R,
720575941599049152,720575941564125026,5,VNC_HTct_R,
720575941599049152,720575941566956532,4,VNC_IntTct_R,
720575941599049152,720575941567062898,3,VNC_HTct_R,
720575941599049152,720575941572107017,3,VNC_IntTct_R,
720575941599049152,720575941601298617,11,VNC_HTct_R,
720575941599049152,720575941612611993,4,VNC_IntTct_R,
720575941599049152,720575941626940710,4,VNC_IntTct_R,
720575941599049152,720575941652324825,15,VNC_IntTct_R,
720575941599049152,720575941659696184,3,VNC_IntTct_R,
720575941600878377,720575941394069654,10,VNC_HTct_L,
720575941600878377,720575941399309603,3,VNC_WTct_L,
720575941600878377,720575941400818723,5,VNC_IntTct_L,
720575941600878377,720575941404758384,3,VNC_HTct_L,
720575941600878377,720575941410007663,4,VNC_HTct_L,
720575941600878377,720575941411791764,4,VNC_HTct_L,
720575941600878377,720575941414326161,3,VNC_IntTct_L,
720575941600878377,720575941428238840,11,VNC_HTct_L,
720575941600878377,720575941429210721,8,VNC_HTct_L,
720575941600878377,720575941429361249,3,VNC_WTct_L,
720575941600878377,720575941430842209,6,VNC_HTct_L,
720575941600878377,720575941431129815,7,VNC_HTct_L,
720575941600878377,720575941438674367,9,VNC_HTct_L,
720575941600878377,720575941438700479,14,VNC_HTct_L,
720575941600878377,720575941439017423,3,VNC_HTct_L,
720575941600878377,720575941440620379,3,VNC_IntTct_L,
720575941600878377,720575941447013813,15,VNC_HTct_L,
720575941600878377,720575941447305053,6,VNC_WTct_L,
720575941600878377,720575941450008391,4,VNC_HTct_L,
720575941600878377,720575941452168873,3,VNC_HTct_L,
720575941600878377,720575941455940336,5,VNC_NTct_L,
720575941600878377,720575941459514512,18,VNC_HTct_L,
720575941600878377,720575941459514512,3,VNC_IntTct_L,
720575941600878377,720575941459926086,3,VNC_IntTct_L,
720575941600878377,720575941464073558,10,VNC_HTct_L,
720575941600878377,720575941464073558,5,VNC_IntTct_L,
720575941600878377,720575941467216093,17,VNC_HTct_L,
720575941600878377,720575941467216093,12,VNC_WTct_L,
720575941600878377,720575941470474763,11,VNC_HTct_L,
720575941600878377,720575941470474763,6,VNC_WTct_L,
720575941600878377,720575941471203447,4,VNC_HTct_L,
720575941600878377,720575941472573499,3,VNC_WTct_L,
720575941600878377,720575941473850720,7,VNC_IntTct_L,
720575941600878377,720575941473850720,5,VNC_NTct_L,
720575941600878377,720575941474786625,4,VNC_HTct_L,
720575941600878377,720575941477166622,6,VNC_IntTct_L,
720575941600878377,720575941477927042,12,VNC_HTct_L,
720575941600878377,720575941478488143,5,VNC_HTct_L,
720575941600878377,720575941479167456,8,VNC_IntTct_L,
720575941600878377,720575941479167456,8,VNC_NTct_L,
720575941600878377,720575941486866640,6,VNC_HTct_L,
720575941600878377,720575941489320757,7,VNC_HTct_L,
720575941600878377,720575941490804656,4,VNC_HTct_L,
720575941600878377,720575941495356286,3,VNC_HTct_L,
720575941600878377,720575941496957346,3,VNC_HTct_L,
720575941600878377,720575941501129047,9,VNC_HTct_L,
720575941600878377,720575941501848626,3,VNC_WTct_L,
720575941600878377,720575941504563781,15,VNC_HTct_L,
720575941600878377,720575941505478690,12,VNC_HTct_L,
720575941600878377,720575941510611922,3,VNC_HTct_L,
720575941600878377,720575941512798796,10,VNC_HTct_L,
720575941600878377,720575941513177091,26,VNC_HTct_L,
720575941600878377,720575941513177091,6,VNC_WTct_L,
720575941600878377,720575941516590552,6,VNC_HTct_L,
720575941600878377,720575941516590552,4,VNC_IntTct_L,
720575941600878377,720575941517764824,8,VNC_HTct_L,
720575941600878377,720575941518407607,3,VNC_HTct_L,
720575941600878377,720575941518466483,8,VNC_IntTct_L,
720575941600878377,720575941518466483,3,VNC_NTct_L,
720575941600878377,720575941520331511,8,VNC_HTct_L,
720575941600878377,720575941520333047,13,VNC_HTct_L,
720575941600878377,720575941520333047,4,VNC_WTct_L,
720575941600878377,720575941523112439,7,VNC_IntTct_L,
720575941600878377,720575941523112439,5,VNC_NTct_L,
720575941600878377,720575941524078925,3,VNC_HTct_L,
720575941600878377,720575941526764388,14,VNC_HTct_L,
720575941600878377,720575941530192843,8,VNC_HTct_L,
720575941600878377,720575941532334424,4,VNC_HTct_L,
720575941600878377,720575941533258689,3,VNC_NTct_L,
720575941600878377,720575941534709482,6,VNC_HTct_L,
720575941600878377,720575941536294293,12,VNC_HTct_L,
720575941600878377,720575941537600973,7,VNC_HTct_L,
720575941600878377,720575941547259197,4,VNC_HTct_L,
720575941600878377,720575941549290495,4,VNC_HTct_L,
720575941600878377,720575941549290495,3,VNC_WTct_L,
720575941600878377,720575941550878087,23,VNC_HTct_L,
720575941600878377,720575941552622398,4,VNC_IntTct_L,
720575941600878377,720575941553430355,3,VNC_HTct_L,
720575941600878377,720575941557242148,5,VNC_HTct_L,
720575941600878377,720575941559331443,5,VNC_HTct_L,
720575941600878377,720575941560631464,4,VNC_NTct_L,
720575941600878377,720575941561320493,8,VNC_HTct_L,
720575941600878377,720575941569659806,3,VNC_HTct_L,
720575941600878377,720575941569659806,4,VNC_IntTct_L,
720575941600878377,720575941572251144,11,VNC_HTct_L,
720575941600878377,720575941577217113,5,VNC_HTct_L,
720575941600878377,720575941579868917,14,VNC_IntTct_L,
720575941600878377,720575941579868917,12,VNC_NTct_L,
720575941600878377,720575941579868917,9,VNC_WTct_L,
720575941600878377,720575941581506143,7,VNC_HTct_L,
720575941600878377,720575941583128454,19,VNC_HTct_L,
720575941600878377,720575941583511518,8,VNC_WTct_L,
720575941600878377,720575941591748648,3,VNC_NTct_L,
720575941600878377,720575941593189489,6,VNC_HTct_L,
720575941600878377,720575941594213927,5,VNC_HTct_L,
720575941600878377,720575941595972465,9,VNC_HTct_L,
720575941600878377,720575941601088441,7,VNC_HTct_L,
720575941600878377,720575941601092537,7,VNC_HTct_L,
720575941600878377,720575941601092537,3,VNC_WTct_L,
720575941600878377,720575941601209590,21,VNC_IntTct_L,
720575941600878377,720575941601209590,7,VNC_NTct_L,
720575941600878377,720575941610354153,6,VNC_NTct_L,
720575941600878377,720575941611080010,17,VNC_HTct_L,
720575941600878377,720575941611645203,5,VNC_HTct_L,
720575941600878377,720575941621616380,6,VNC_IntTct_L,
720575941600878377,720575941621616380,4,VNC_NTct_L,
720575941600878377,720575941621616380,4,VNC_WTct_L,
720575941600878377,720575941621630716,7,VNC_HTct_L,
720575941600878377,720575941625193354,11,VNC_IntTct_L,
720575941600878377,720575941630111941,5,VNC_HTct_L,
720575941600878377,720575941630111941,3,VNC_WTct_L,
720575941600878377,720575941639451167,4,VNC_NTct_L,
720575941600878377,720575941641574994,4,VNC_HTct_L,
720575941600878377,720575941644234696,3,VNC_HTct_L,
720575941600878377,720575941678358973,30,VNC_HTct_L,
720575941600878377,720575941687572492,3,VNC_HTct_L,
720575941600878377,720575941687572492,4,VNC_IntTct_L,
720575941600878377,720575941687572492,3,VNC_WTct_L,
720575941600878377,720575941687853019,5,VNC_HTct_L,
720575941600878377,720575941688253080,4,VNC_NTct_L,
720575941601297705,720575941483537338,3,VNC_T1_ProNm_R,
720575941601297705,720575941560088814,10,VNC_T1_ProNm_R,
720575941601731769,720575941394069654,3,VNC_HTct_L,
720575941601731769,720575941464073558,3,VNC_HTct_L,
720575941601731769,720575941464073558,13,VNC_IntTct_L,
720575941601731769,720575941465484566,21,VNC_IntTct_L,
720575941601731769,720575941477166622,9,VNC_IntTct_L,
720575941601731769,720575941517764824,4,VNC_HTct_L,
720575941601731769,720575941572251144,23,VNC_IntTct_L,
720575941601731769,720575941576941045,5,VNC_IntTct_L,
720575941601731769,720575941583128454,6,VNC_HTct_L,
720575941601731769,720575941583128454,20,VNC_IntTct_L,
720575941601731769,720575941611080010,4,VNC_HTct_L,
720575941601731769,720575941630748859,3,VNC_HTct_L,
720575941601731769,720575941630933947,5,VNC_IntTct_L,
720575941602114494,720575941400818723,33,VNC_NTct_L,
720575941602114494,720575941400818723,10,VNC_unassigned_L,
720575941602114494,720575941433032718,20,VNC_NTct_L,
720575941602114494,720575941433032718,12,VNC_unassigned_L,
720575941602114494,720575941477297716,6,VNC_NTct_L,
720575941602114494,720575941477297716,3,VNC_unassigned_L,
720575941602114494,720575941504505157,5,VNC_NTct_L,
720575941602114494,720575941525725954,7,VNC_NTct_L,
720575941602114494,720575941525725954,5,VNC_unassigned_L,
720575941602114494,720575941688253080,4,VNC_NTct_L,
720575941602323897,720575941409904495,5,VNC_HTct_R,
720575941602323897,720575941409904495,5,VNC_IntTct_R,
720575941602323897,720575941438710719,3,VNC_HTct_R,
720575941602323897,720575941439011279,3,VNC_HTct_R,
720575941602323897,720575941447591246,7,VNC_NTct_R,
720575941602323897,720575941450625607,13,VNC_IntTct_R,
720575941602323897,720575941456348575,4,VNC_WTct_R,
720575941602323897,720575941458334163,12,VNC_HTct_R,
720575941602323897,720575941460885005,15,VNC_HTct_R,
720575941602323897,720575941464768790,22,VNC_IntTct_R,
720575941602323897,720575941464768790,12,VNC_NTct_R,
720575941602323897,720575941464901398,3,VNC_HTct_R,
720575941602323897,720575941468966208,3,VNC_HTct_R,
720575941602323897,720575941470474763,6,VNC_HTct_R,
720575941602323897,720575941470474763,13,VNC_WTct_R,
720575941602323897,720575941472135179,5,VNC_IntTct_R,
720575941602323897,720575941472739168,6,VNC_HTct_R,
720575941602323897,720575941474334779,8,VNC_HTct_R,
720575941602323897,720575941474459707,3,VNC_HTct_R,
720575941602323897,720575941476032542,3,VNC_IntTct_R,
720575941602323897,720575941476032542,4,VNC_WTct_R,
720575941602323897,720575941478390607,4,VNC_IntTct_R,
720575941602323897,720575941478390607,5,VNC_NTct_R,
720575941602323897,720575941480440262,4,VNC_HTct_R,
720575941602323897,720575941481020925,4,VNC_HTct_R,
720575941602323897,720575941488755148,3,VNC_IntTct_R,
720575941602323897,720575941492308606,8,VNC_HTct_R,
720575941602323897,720575941492308606,7,VNC_IntTct_R,
720575941602323897,720575941495591291,20,VNC_HTct_R,
720575941602323897,720575941495591291,7,VNC_IntTct_R,
720575941602323897,720575941496284489,4,VNC_WTct_R,
720575941602323897,720575941496289609,5,VNC_HTct_R,
720575941602323897,720575941496318793,4,VNC_HTct_R,
720575941602323897,720575941496830370,28,VNC_HTct_R,
720575941602323897,720575941501721138,38,VNC_HTct_R,
720575941602323897,720575941503451301,9,VNC_HTct_R,
720575941602323897,720575941505369509,3,VNC_WTct_R,
720575941602323897,720575941514065043,3,VNC_HTct_R,
720575941602323897,720575941515062851,3,VNC_HTct_R,
720575941602323897,720575941516527726,4,VNC_HTct_R,
720575941602323897,720575941516768472,3,VNC_HTct_R,
720575941602323897,720575941516768472,6,VNC_IntTct_R,
720575941602323897,720575941518433719,4,VNC_IntTct_R,
720575941602323897,720575941523692290,18,VNC_HTct_R,
720575941602323897,720575941525782349,3,VNC_WTct_R,
720575941602323897,720575941526355844,4,VNC_WTct_R,
720575941602323897,720575941528356043,8,VNC_HTct_R,
720575941602323897,720575941528944568,21,VNC_HTct_R,
720575941602323897,720575941528944568,5,VNC_IntTct_R,
720575941602323897,720575941528944568,3,VNC_WTct_R,
720575941602323897,720575941530192843,9,VNC_HTct_R,
720575941602323897,720575941530192843,8,VNC_WTct_R,
720575941602323897,720575941532246762,6,VNC_HTct_R,
720575941602323897,720575941532246762,33,VNC_IntTct_R,
720575941602323897,720575941532246762,9,VNC_NTct_R,
720575941602323897,720575941532246762,3,VNC_WTct_R,
720575941602323897,720575941532385624,4,VNC_IntTct_R,
720575941602323897,720575941545372296,4,VNC_HTct_R,
720575941602323897,720575941545400508,3,VNC_HTct_R,
720575941602323897,720575941546491681,13,VNC_HTct_R,
720575941602323897,720575941546491681,14,VNC_IntTct_R,
720575941602323897,720575941546731041,5,VNC_IntTct_R,
720575941602323897,720575941547226248,3,VNC_HTct_R,
720575941602323897,720575941547226248,3,VNC_IntTct_R,
720575941602323897,720575941547226248,3,VNC_WTct_R,
720575941602323897,720575941549166079,3,VNC_HTct_R,
720575941602323897,720575941549701182,4,VNC_HTct_R,
720575941602323897,720575941550971783,3,VNC_IntTct_R,
720575941602323897,720575941550971783,5,VNC_WTct_R,
720575941602323897,720575941551321371,3,VNC_HTct_R,
720575941602323897,720575941551321371,4,VNC_NTct_R,
720575941602323897,720575941557612915,45,VNC_HTct_R,
720575941602323897,720575941557612915,10,VNC_IntTct_R,
720575941602323897,720575941558661165,4,VNC_HTct_R,
720575941602323897,720575941559261555,6,VNC_HTct_R,
720575941602323897,720575941566956532,4,VNC_WTct_R,
720575941602323897,720575941571499515,3,VNC_HTct_R,
720575941602323897,720575941572107017,4,VNC_IntTct_R,
720575941602323897,720575941572107017,5,VNC_NTct_R,
720575941602323897,720575941572107017,4,VNC_WTct_R,
720575941602323897,720575941574155003,12,VNC_HTct_R,
720575941602323897,720575941574672029,6,VNC_HTct_R,
720575941602323897,720575941576984821,3,VNC_HTct_R,
720575941602323897,720575941583169158,4,VNC_HTct_R,
720575941602323897,720575941588661388,4,VNC_WTct_R,
720575941602323897,720575941592149718,3,VNC_HTct_R,
720575941602323897,720575941592154582,9,VNC_HTct_R,
720575941602323897,720575941594515158,4,VNC_HTct_R,
720575941602323897,720575941595804828,7,VNC_HTct_R,
720575941602323897,720575941595804828,3,VNC_WTct_R,
720575941602323897,720575941601153270,15,VNC_HTct_R,
720575941602323897,720575941605598061,4,VNC_HTct_R,
720575941602323897,720575941607605101,9,VNC_IntTct_R,
720575941602323897,720575941607605101,4,VNC_NTct_R,
720575941602323897,720575941608310346,5,VNC_IntTct_R,
720575941602323897,720575941608991050,16,VNC_HTct_R,
720575941602323897,720575941608991050,13,VNC_IntTct_R,
720575941602323897,720575941609001034,5,VNC_NTct_R,
720575941602323897,720575941609358310,3,VNC_IntTct_R,
720575941602323897,720575941610174950,4,VNC_IntTct_R,
720575941602323897,720575941613256211,3,VNC_HTct_R,
720575941602323897,720575941629354476,3,VNC_HTct_R,
720575941602323897,720575941649244437,3,VNC_WTct_R,
720575941602323897,720575941650693905,3,VNC_HTct_R,
720575941602323897,720575941650753297,15,VNC_IntTct_R,
720575941602323897,720575941650753297,4,VNC_NTct_R,
720575941602323897,720575941652038421,4,VNC_HTct_R,
720575941602323897,720575941652314841,3,VNC_WTct_R,
720575941602323897,720575941659696184,18,VNC_HTct_R,
720575941602323897,720575941659696184,3,VNC_IntTct_R,
720575941602323897,720575941659696184,6,VNC_WTct_R,
720575941602323897,720575941687863515,4,VNC_HTct_R,
720575941602726078,720575941441228735,4,VNC_NTct_L,
720575941602726078,720575941477166622,9,VNC_IntTct_L,
720575941602726078,720575941477166622,6,VNC_NTct_L,
720575941602726078,720575941518407607,3,VNC_IntTct_L,
720575941602854841,720575941486560774,8,VNC_T2_MesoNm_R,
720575941602854841,720575941491175399,8,VNC_T2_MesoNm_R,
720575941602854841,720575941503550373,8,VNC_T2_MesoNm_R,
720575941602854841,720575941569585266,12,VNC_T1_ProNm_R,
720575941602974649,720575941477879426,4,VNC_unassigned_R,
720575941602974649,720575941537528050,3,VNC_HTct_R,
720575941602974649,720575941571971229,3,VNC_NTct_R,
720575941602974649,720575941644908408,10,VNC_HTct_R,
720575941603438777,720575941350441008,5,VNC_IntTct_L,
720575941603438777,720575941350441008,4,VNC_T1_ProNm_L,
720575941603438777,720575941415587100,9,VNC_IntTct_L,
720575941603438777,720575941526764388,4,VNC_IntTct_L,
720575941603438777,720575941559096302,3,VNC_IntTct_L,
720575941603438777,720575941625193354,3,VNC_IntTct_L,
720575941603438777,720575941653563153,3,VNC_IntTct_L,
720575941603720633,720575941571975496,6,VNC_AMNp_L,
720575941603744697,720575941453578409,4,VNC_T2_MesoNm_L,
720575941603744697,720575941465484566,3,VNC_WTct_L,
720575941603744697,720575941474482737,3,VNC_NTct_L,
720575941603744697,720575941512450371,26,VNC_T2_MesoNm_L,
720575941603744697,720575941512450371,7,VNC_WTct_L,
720575941603744697,720575941512450371,6,VNC_unassigned_L,
720575941603744697,720575941555462995,5,VNC_T2_MesoNm_L,
720575941603744697,720575941558635053,3,VNC_WTct_L,
720575941603744697,720575941562043392,4,VNC_WTct_L,
720575941603744697,720575941566167094,4,VNC_T2_MesoNm_L,
720575941603744697,720575941566167094,5,VNC_WTct_L,
720575941603744697,720575941572251144,4,VNC_HTct_L,
720575941603744697,720575941572737679,3,VNC_T1_ProNm_L,
720575941603744697,720575941575681718,3,VNC_WTct_L,
720575941603744697,720575941583128454,3,VNC_T2_MesoNm_L,
720575941603744697,720575941583128454,5,VNC_unassigned_L,
720575941603744697,720575941590291084,8,VNC_T2_MesoNm_L,
720575941603744697,720575941632698555,3,VNC_T2_MesoNm_L,
720575941603744697,720575941649795057,4,VNC_T2_MesoNm_L,
720575941603744697,720575941703131610,4,VNC_T1_ProNm_L,
720575941604343225,720575941498935777,3,VNC_IntTct_R,
720575941604343225,720575941528944568,5,VNC_HTct_R,
720575941604343225,720575941587181879,5,VNC_IntTct_R,
720575941604343225,720575941612599449,3,VNC_NTct_R,
720575941604343225,720575941623347099,5,VNC_IntTct_R,
720575941604343225,720575941630933947,3,VNC_IntTct_R,
720575941604343225,720575941653563153,3,VNC_IntTct_R,
720575941604343737,720575941456678893,3,VNC_WTct_L,
720575941604343737,720575941498935777,3,VNC_IntTct_R,
720575941604343737,720575941498935777,4,VNC_WTct_R,
720575941604343737,720575941512896099,5,VNC_WTct_L,
720575941604343737,720575941512896099,4,VNC_WTct_R,
720575941604343737,720575941518434227,4,VNC_WTct_L,
720575941604343737,720575941524280857,3,VNC_NTct_L,
720575941604343737,720575941532432618,3,VNC_WTct_R,
720575941604343737,720575941554049307,5,VNC_WTct_R,
720575941604343737,720575941653563153,4,VNC_IntTct_R,
720575941604343737,720575941653563153,6,VNC_WTct_R,
720575941604343737,720575941669049587,3,VNC_IntTct_R,
720575941604585662,720575941351927600,4,VNC_IntTct_R,
720575941604585662,720575941405863854,3,VNC_IntTct_R,
720575941604585662,720575941429556655,5,VNC_IntTct_R,
720575941604585662,720575941488475598,3,VNC_IntTct_R,
720575941604585662,720575941490813872,3,VNC_IntTct_R,
720575941604585662,720575941498935777,24,VNC_IntTct_R,
720575941604585662,720575941551443610,3,VNC_IntTct_R,
720575941604585662,720575941559370285,3,VNC_IntTct_R,
720575941604585662,720575941605016941,3,VNC_IntTct_R,
720575941604585662,720575941653563153,3,VNC_LTct_R,
720575941604585662,720575941657718552,3,VNC_IntTct_R,
720575941604982462,720575941576941045,3,VNC_IntTct_R,
720575941604982462,720575941609001034,3,VNC_NTct_R,
720575941604982462,720575941610174950,5,VNC_IntTct_R,
720575941605091518,720575941477166622,4,VNC_IntTct_L,
720575941605091518,720575941572851087,5,VNC_IntTct_L,
720575941605091518,720575941572851087,8,VNC_NTct_L,
720575941605523902,720575941466725206,3,VNC_AMNp_L,
720575941605523902,720575941466725206,3,VNC_T2_MesoNm_R,
720575941605523902,720575941503550373,5,VNC_T2_MesoNm_R,
720575941605523902,720575941515071299,8,VNC_AMNp_L,
720575941605523902,720575941515071299,3,VNC_AMNp_R,
720575941605523902,720575941515071299,7,VNC_T2_MesoNm_R,
720575941605523902,720575941518316471,5,VNC_T2_MesoNm_L,
720575941606542701,720575941498935777,3,VNC_NTct_L,
720575941606542701,720575941506644540,4,VNC_IntTct_L,
720575941606542701,720575941506644540,3,VNC_WTct_L,
720575941606542701,720575941559096302,3,VNC_IntTct_L,
720575941606542701,720575941559096302,4,VNC_WTct_L,
720575941606542701,720575941642638792,3,VNC_WTct_L,
720575941606542701,720575941653563153,4,VNC_WTct_L,
720575941606629485,720575941433032718,3,VNC_IntTct_L,
720575941606629485,720575941433032718,5,VNC_NTct_L,
720575941606629485,720575941433032718,7,VNC_WTct_L,
720575941606629485,720575941433032718,4,VNC_unassigned_L,
720575941606629485,720575941474426929,13,VNC_HTct_L,
720575941606629485,720575941474426929,9,VNC_NTct_L,
720575941606629485,720575941474426929,5,VNC_WTct_L,
720575941606629485,720575941474426929,3,VNC_unassigned_L,
720575941606629485,720575941477446762,14,VNC_HTct_L,
720575941606629485,720575941477446762,9,VNC_IntTct_L,
720575941606629485,720575941477446762,9,VNC_NTct_L,
720575941606629485,720575941477446762,8,VNC_WTct_L,
720575941606629485,720575941485321869,4,VNC_IntTct_L,
720575941606629485,720575941485321869,3,VNC_WTct_L,
720575941606629485,720575941514637827,6,VNC_IntTct_L,
720575941606629485,720575941514637827,9,VNC_NTct_L,
720575941606629485,720575941572172553,5,VNC_WTct_L,
720575941606629485,720575941595202085,4,VNC_HTct_L,
720575941606629485,720575941640895589,5,VNC_NTct_L,
720575941607119725,720575941480223456,41,VNC_T2_MesoNm_L,
720575941607119725,720575941480223456,6,VNC_unassigned_L,
720575941607119725,720575941540201933,3,VNC_NTct_L,
720575941607119725,720575941540201933,26,VNC_T1_ProNm_L,
720575941607119725,720575941552487169,4,VNC_T2_MesoNm_L,
720575941607119725,720575941590291084,8,VNC_T2_MesoNm_L,
720575941607693421,720575941458139551,4,VNC_IntTct_R,
720575941607693421,720575941458139551,3,VNC_T2_MesoNm_R,
720575941607693421,720575941460195780,8,VNC_IntTct_R,
720575941607693421,720575941460195780,3,VNC_LTct_R,
720575941607693421,720575941466509590,12,VNC_IntTct_R,
720575941607693421,720575941498482043,4,VNC_IntTct_R,
720575941607693421,720575941503638578,5,VNC_IntTct_R,
720575941607693421,720575941503638578,3,VNC_LTct_R,
720575941607693421,720575941521031927,3,VNC_T2_MesoNm_R,
720575941607693421,720575941545471593,4,VNC_IntTct_R,
720575941607693421,720575941583646430,6,VNC_IntTct_R,
720575941607693421,720575941583646430,3,VNC_LTct_R,
720575941607693421,720575941583646430,3,VNC_T2_MesoNm_R,
720575941607693421,720575941586427460,7,VNC_IntTct_R,
720575941607693421,720575941586427460,3,VNC_LTct_R,
720575941607693421,720575941625963419,22,VNC_IntTct_R,
720575941607693421,720575941625963419,16,VNC_LTct_R,
720575941607693421,720575941625963419,12,VNC_T2_MesoNm_R,
720575941608733673,720575941441228735,3,VNC_NTct_L,
720575941608733673,720575941477166622,4,VNC_HTct_L,
720575941608733673,720575941477166622,9,VNC_IntTct_L,
720575941608733673,720575941477166622,7,VNC_NTct_L,
720575941608733673,720575941501129047,4,VNC_HTct_L,
720575941608733673,720575941583511518,3,VNC_IntTct_L,
720575941609235302,720575941413252241,3,VNC_IntTct_R,
720575941609235302,720575941413255569,5,VNC_HTct_R,
720575941609235302,720575941436996882,11,VNC_IntTct_R,
720575941609235302,720575941441318591,3,VNC_IntTct_R,
720575941609235302,720575941456348575,6,VNC_IntTct_R,
720575941609235302,720575941458334163,6,VNC_HTct_R,
720575941609235302,720575941458334163,3,VNC_IntTct_R,
720575941609235302,720575941472135179,4,VNC_NTct_R,
720575941609235302,720575941475780202,13,VNC_HTct_R,
720575941609235302,720575941475780202,3,VNC_IntTct_R,
720575941609235302,720575941477884802,10,VNC_HTct_R,
720575941609235302,720575941483838349,3,VNC_HTct_R,
720575941609235302,720575941503451301,12,VNC_HTct_R,
720575941609235302,720575941503451301,11,VNC_IntTct_R,
720575941609235302,720575941532509016,8,VNC_HTct_R,
720575941609235302,720575941540246909,4,VNC_HTct_R,
720575941609235302,720575941540246909,3,VNC_IntTct_R,
720575941609235302,720575941561304978,4,VNC_IntTct_R,
720575941609235302,720575941564034614,3,VNC_HTct_R,
720575941609235302,720575941601298617,11,VNC_HTct_R,
720575941609235302,720575941608991050,24,VNC_HTct_R,
720575941609235302,720575941608991050,13,VNC_IntTct_R,
720575941609235302,720575941614737877,3,VNC_IntTct_R,
720575941609235302,720575941623347099,5,VNC_IntTct_R,
720575941609235302,720575941626940710,3,VNC_IntTct_R,
720575941609235302,720575941633071008,4,VNC_NTct_R,
720575941609235302,720575941644908408,10,VNC_HTct_R,
720575941609747430,720575941436378898,3,VNC_IntTct_R,
720575941609747430,720575941458334163,4,VNC_HTct_R,
720575941609747430,720575941474334779,9,VNC_HTct_R,
720575941609747430,720575941478390607,4,VNC_WTct_R,
720575941609747430,720575941478390607,4,VNC_unassigned_R,
720575941609747430,720575941503451301,14,VNC_HTct_R,
720575941609747430,720575941503451301,3,VNC_IntTct_R,
720575941609747430,720575941545372296,4,VNC_HTct_R,
720575941609747430,720575941546731041,9,VNC_IntTct_R,
720575941609747430,720575941557612915,21,VNC_HTct_R,
720575941609747430,720575941557612915,14,VNC_IntTct_R,
720575941609747430,720575941562467682,6,VNC_HTct_R,
720575941609747430,720575941562467682,3,VNC_WTct_R,
720575941609747430,720575941572107017,3,VNC_IntTct_R,
720575941609747430,720575941607605101,4,VNC_IntTct_R,
720575941609747430,720575941608991050,5,VNC_HTct_R,
720575941609747430,720575941608991050,7,VNC_IntTct_R,
720575941609747430,720575941608991050,7,VNC_unassigned_R,
720575941609747430,720575941612599449,6,VNC_NTct_R,
720575941609747430,720575941625932682,3,VNC_WTct_R,
720575941609747430,720575941663099516,4,VNC_HTct_R,
720575941609747430,720575941663099516,3,VNC_WTct_R,
720575941610213478,720575941607605101,3,VNC_IntTct_R,
720575941610213478,720575941625932682,3,VNC_IntTct_R,
720575941610213478,720575941649244437,4,VNC_IntTct_R,
720575941610213478,720575941668725169,3,VNC_IntTct_R,
720575941610917037,720575941401776931,4,VNC_T1_ProNm_R,
720575941610917037,720575941431166679,3,VNC_IntTct_R,
720575941610917037,720575941431166679,6,VNC_T2_MesoNm_R,
720575941610917037,720575941491175399,21,VNC_T2_MesoNm_R,
720575941610917037,720575941547164084,9,VNC_T2_MesoNm_R,
720575941610917037,720575941551947263,3,VNC_IntTct_R,
720575941610917037,720575941551947263,64,VNC_T1_ProNm_R,
720575941610917037,720575941559929615,3,VNC_T2_MesoNm_R,
720575941610917037,720575941563161512,3,VNC_T1_ProNm_R,
720575941610917037,720575941625962139,5,VNC_T2_MesoNm_R,
720575941611082826,720575941456176799,4,VNC_unassigned_R,
720575941611082826,720575941456348575,3,VNC_NTct_R,
720575941611082826,720575941463655693,3,VNC_WTct_R,
720575941611082826,720575941504386327,4,VNC_WTct_R,
720575941611082826,720575941631436524,4,VNC_WTct_R,
720575941611136476,720575941429556655,3,VNC_IntTct_R,
720575941611136476,720575941429556655,17,VNC_NTct_R,
720575941611136476,720575941429556655,3,VNC_unassigned_R,
720575941611457098,720575941549403903,3,VNC_NTct_R,
720575941611457098,720575941597149376,3,VNC_NTct_R,
720575941611791590,720575941390682262,7,VNC_LTct_L,
720575941611791590,720575941401776931,8,VNC_LTct_L,
720575941611791590,720575941411765140,7,VNC_LTct_L,
720575941611791590,720575941450520745,4,VNC_T3_MetaNm_L,
720575941611791590,720575941457802480,13,VNC_LTct_L,
720575941611791590,720575941468720139,3,VNC_LTct_L,
720575941611791590,720575941473679402,3,VNC_LTct_L,
720575941611791590,720575941474741819,3,VNC_IntTct_L,
720575941611791590,720575941474741819,19,VNC_LTct_L,
720575941611791590,720575941478403178,3,VNC_LTct_L,
720575941611791590,720575941478523983,4,VNC_LTct_L,
720575941611791590,720575941481050877,5,VNC_LTct_L,
720575941611791590,720575941488193481,5,VNC_LTct_L,
720575941611791590,720575941498819234,4,VNC_ANm_L,
720575941611791590,720575941498819234,17,VNC_T3_MetaNm_L,
720575941611791590,720575941501715906,3,VNC_LTct_L,
720575941611791590,720575941503455467,3,VNC_LTct_L,
720575941611791590,720575941505536290,3,VNC_T3_MetaNm_L,
720575941611791590,720575941528086660,9,VNC_LTct_L,
720575941611791590,720575941541740829,7,VNC_LTct_L,
720575941611791590,720575941545362281,6,VNC_LTct_L,
720575941611791590,720575941549350399,7,VNC_LTct_L,
720575941611791590,720575941551625626,3,VNC_LTct_L,
720575941611791590,720575941552496641,4,VNC_LTct_L,
720575941611791590,720575941558290980,4,VNC_IntTct_L,
720575941611791590,720575941558290980,9,VNC_LTct_L,
720575941611791590,720575941558635053,3,VNC_LTct_L,
720575941611791590,720575941569652638,16,VNC_LTct_L,
720575941611791590,720575941579815669,7,VNC_LTct_L,
720575941611791590,720575941615272601,24,VNC_LTct_L,
720575941611791590,720575941619873663,8,VNC_IntTct_L,
720575941611791590,720575941619873663,3,VNC_LTct_L,
720575941611791590,720575941623972251,7,VNC_LTct_L,
720575941611791590,720575941632901829,7,VNC_LTct_L,
720575941611791590,720575941644081490,3,VNC_T3_MetaNm_L,
720575941611791590,720575941650755601,3,VNC_T3_MetaNm_L,
720575941611791590,720575941681017789,6,VNC_ANm_L,
720575941611791590,720575941681017789,14,VNC_T3_MetaNm_L,
720575941611992493,720575941401776931,3,VNC_HTct_R,
720575941611992493,720575941414508948,6,VNC_IntTct_L,
720575941611992493,720575941414508948,13,VNC_IntTct_R,
720575941611992493,720575941414508948,3,VNC_LTct_L,
720575941611992493,720575941436378898,4,VNC_HTct_L,
720575941611992493,720575941442926762,4,VNC_HTct_L,
720575941611992493,720575941442926762,5,VNC_HTct_R,
720575941611992493,720575941457686256,7,VNC_IntTct_R,
720575941611992493,720575941474437681,9,VNC_HTct_L,
720575941611992493,720575941474437681,4,VNC_HTct_R,
720575941611992493,720575941474437681,4,VNC_IntTct_R,
720575941611992493,720575941477927042,15,VNC_HTct_L,
720575941611992493,720575941477927042,6,VNC_HTct_R,
720575941611992493,720575941477927042,3,VNC_NTct_L,
720575941611992493,720575941481020925,3,VNC_HTct_L,
720575941611992493,720575941483838349,3,VNC_HTct_R,
720575941611992493,720575941488755148,3,VNC_HTct_R,
720575941611992493,720575941488755148,3,VNC_WTct_R,
720575941611992493,720575941495356286,10,VNC_HTct_L,
720575941611992493,720575941495356286,5,VNC_NTct_L,
720575941611992493,720575941495591291,4,VNC_HTct_R,
720575941611992493,720575941495591291,4,VNC_IntTct_R,
720575941611992493,720575941496957346,5,VNC_HTct_L,
720575941611992493,720575941501041643,3,VNC_NTct_L,
720575941611992493,720575941510611922,3,VNC_HTct_L,
720575941611992493,720575941520333047,6,VNC_HTct_L,
720575941611992493,720575941520333047,3,VNC_HTct_R,
720575941611992493,720575941521986227,3,VNC_HTct_L,
720575941611992493,720575941521986227,6,VNC_HTct_R,
720575941611992493,720575941545372296,5,VNC_HTct_R,
720575941611992493,720575941546491681,3,VNC_HTct_R,
720575941611992493,720575941549683006,3,VNC_HTct_L,
720575941611992493,720575941549701182,3,VNC_HTct_R,
720575941611992493,720575941551321371,11,VNC_HTct_R,
720575941611992493,720575941552622398,4,VNC_HTct_R,
720575941611992493,720575941553338778,3,VNC_HTct_L,
720575941611992493,720575941553338778,6,VNC_IntTct_L,
720575941611992493,720575941557612915,5,VNC_HTct_R,
720575941611992493,720575941557612915,3,VNC_IntTct_R,
720575941611992493,720575941562467682,3,VNC_HTct_L,
720575941611992493,720575941562467682,3,VNC_HTct_R,
720575941611992493,720575941565376046,5,VNC_HTct_L,
720575941611992493,720575941565376046,3,VNC_unassigned_R,
720575941611992493,720575941566756602,6,VNC_HTct_L,
720575941611992493,720575941566756602,5,VNC_IntTct_R,
720575941611992493,720575941569707422,10,VNC_HTct_L,
720575941611992493,720575941569707422,4,VNC_HTct_R,
720575941611992493,720575941572251144,5,VNC_HTct_L,
720575941611992493,720575941574155003,3,VNC_unassigned_R,
720575941611992493,720575941575397263,3,VNC_HTct_L,
720575941611992493,720575941583128454,9,VNC_HTct_L,
720575941611992493,720575941583601886,4,VNC_IntTct_R,
720575941611992493,720575941583601886,4,VNC_LTct_R,
720575941611992493,720575941601088441,12,VNC_HTct_L,
720575941611992493,720575941607605101,4,VNC_NTct_R,
720575941611992493,720575941619873663,8,VNC_HTct_L,
720575941611992493,720575941619873663,4,VNC_HTct_R,
720575941611992493,720575941619873663,3,VNC_WTct_L,
720575941611992493,720575941621616380,3,VNC_NTct_L,
720575941611992493,720575941623108298,3,VNC_HTct_R,
720575941611992493,720575941623108298,3,VNC_IntTct_R,
720575941611992493,720575941625932682,3,VNC_HTct_R,
720575941611992493,720575941628630054,5,VNC_HTct_L,
720575941611992493,720575941628630054,3,VNC_IntTct_L,
720575941611992493,720575941640892517,3,VNC_HTct_R,
720575941611992493,720575941652647185,10,VNC_HTct_R,
720575941611992493,720575941652647185,3,VNC_NTct_R,
720575941611992493,720575941655866648,3,VNC_WTct_R,
720575941611992493,720575941659696184,6,VNC_HTct_R,
720575941611992493,720575941663099516,3,VNC_HTct_L,
720575941611992493,720575941663099516,3,VNC_HTct_R,
720575941611992493,720575941663099516,6,VNC_IntTct_L,
720575941611992493,720575941663099516,3,VNC_WTct_L,
720575941611992493,720575941671138727,4,VNC_IntTct_L,
720575941611992493,720575941671138727,4,VNC_WTct_L,
720575941612039142,720575941401776931,7,VNC_HTct_R,
720575941612039142,720575941401776931,3,VNC_WTct_R,
720575941612039142,720575941414508948,12,VNC_IntTct_R,
720575941612039142,720575941428277752,3,VNC_LTct_R,
720575941612039142,720575941429543127,4,VNC_HTct_L,
720575941612039142,720575941432002574,8,VNC_HTct_R,
720575941612039142,720575941436378898,6,VNC_HTct_L,
720575941612039142,720575941438710719,3,VNC_unassigned_R,
720575941612039142,720575941440620379,4,VNC_IntTct_L,
720575941612039142,720575941442926762,6,VNC_HTct_R,
720575941612039142,720575941449065565,5,VNC_NTct_L,
720575941612039142,720575941457686256,3,VNC_HTct_R,
720575941612039142,720575941458656467,4,VNC_HTct_R,
720575941612039142,720575941468312695,3,VNC_HTct_R,
720575941612039142,720575941474437681,4,VNC_IntTct_L,
720575941612039142,720575941477927042,3,VNC_HTct_L,
720575941612039142,720575941477927042,9,VNC_HTct_R,
720575941612039142,720575941477927042,8,VNC_NTct_L,
720575941612039142,720575941488173001,5,VNC_IntTct_R,
720575941612039142,720575941488755148,5,VNC_HTct_R,
720575941612039142,720575941495356286,3,VNC_NTct_L,
720575941612039142,720575941496957346,3,VNC_HTct_L,
720575941612039142,720575941510611922,3,VNC_HTct_L,
720575941612039142,720575941515936505,3,VNC_IntTct_L,
720575941612039142,720575941521986227,3,VNC_HTct_R,
720575941612039142,720575941521986227,5,VNC_IntTct_R,
720575941612039142,720575941526701412,8,VNC_HTct_L,
720575941612039142,720575941542286085,4,VNC_WTct_R,
720575941612039142,720575941542900997,4,VNC_IntTct_L,
720575941612039142,720575941545372296,6,VNC_HTct_R,
720575941612039142,720575941549683006,4,VNC_IntTct_L,
720575941612039142,720575941549701182,3,VNC_IntTct_R,
720575941612039142,720575941551321371,4,VNC_HTct_R,
720575941612039142,720575941551321371,3,VNC_NTct_R,
720575941612039142,720575941553338778,5,VNC_IntTct_L,
720575941612039142,720575941562467682,4,VNC_HTct_R,
720575941612039142,720575941565376046,3,VNC_HTct_L,
720575941612039142,720575941566756602,3,VNC_HTct_L,
720575941612039142,720575941569707422,6,VNC_HTct_L,
720575941612039142,720575941569707422,6,VNC_HTct_R,
720575941612039142,720575941569707422,3,VNC_IntTct_L,
720575941612039142,720575941572251144,3,VNC_HTct_L,
720575941612039142,720575941572251144,4,VNC_IntTct_L,
720575941612039142,720575941575397263,3,VNC_HTct_L,
720575941612039142,720575941575397263,3,VNC_HTct_R,
720575941612039142,720575941583601886,3,VNC_IntTct_R,
720575941612039142,720575941583601886,3,VNC_LTct_R,
720575941612039142,720575941600259369,3,VNC_IntTct_R,
720575941612039142,720575941601243321,3,VNC_IntTct_L,
720575941612039142,720575941607605101,6,VNC_IntTct_R,
720575941612039142,720575941607605101,4,VNC_NTct_R,
720575941612039142,720575941619873663,9,VNC_HTct_L,
720575941612039142,720575941623108298,6,VNC_IntTct_R,
720575941612039142,720575941623108298,4,VNC_NTct_R,
720575941612039142,720575941623108298,6,VNC_WTct_R,
720575941612039142,720575941625932682,5,VNC_IntTct_L,
720575941612039142,720575941628630054,3,VNC_IntTct_L,
720575941612039142,720575941628630054,4,VNC_IntTct_R,
720575941612039142,720575941640892517,3,VNC_HTct_R,
720575941612039142,720575941655866648,3,VNC_IntTct_R,
720575941612039142,720575941663099516,5,VNC_HTct_R,
720575941612039142,720575941663099516,7,VNC_IntTct_R,
720575941612039142,720575941663099516,4,VNC_NTct_R,
720575941612039142,720575941671138727,6,VNC_HTct_L,
720575941612039142,720575941671138727,4,VNC_IntTct_L,
720575941612039142,720575941684706543,6,VNC_IntTct_L,
720575941612039142,720575941684876527,3,VNC_HTct_R,
720575941612044518,720575941393490326,3,VNC_HTct_L,
720575941612044518,720575941394069654,7,VNC_HTct_L,
720575941612044518,720575941399309603,4,VNC_HTct_L,
720575941612044518,720575941399309603,3,VNC_IntTct_L,
720575941612044518,720575941411791764,7,VNC_HTct_L,
720575941612044518,720575941412323473,3,VNC_IntTct_L,
720575941612044518,720575941414326161,3,VNC_HTct_L,
720575941612044518,720575941428238840,3,VNC_HTct_L,
720575941612044518,720575941429361249,4,VNC_HTct_L,
720575941612044518,720575941429361249,6,VNC_IntTct_L,
720575941612044518,720575941429361249,5,VNC_WTct_L,
720575941612044518,720575941430842209,14,VNC_HTct_L,
720575941612044518,720575941431129815,4,VNC_HTct_L,
720575941612044518,720575941436996882,3,VNC_HTct_L,
720575941612044518,720575941438674367,8,VNC_HTct_L,
720575941612044518,720575941438710719,3,VNC_HTct_L,
720575941612044518,720575941438938175,3,VNC_HTct_L,
720575941612044518,720575941440620379,5,VNC_IntTct_L,
720575941612044518,720575941447013813,14,VNC_HTct_L,
720575941612044518,720575941447786574,3,VNC_HTct_L,
720575941612044518,720575941449886791,3,VNC_HTct_L,
720575941612044518,720575941455940336,4,VNC_NTct_L,
720575941612044518,720575941459514512,23,VNC_HTct_L,
720575941612044518,720575941459514512,3,VNC_IntTct_L,
720575941612044518,720575941459562128,3,VNC_HTct_L,
720575941612044518,720575941459926086,3,VNC_IntTct_L,
720575941612044518,720575941459926086,3,VNC_NTct_L,
720575941612044518,720575941464073558,12,VNC_HTct_L,
720575941612044518,720575941464073558,12,VNC_IntTct_L,
720575941612044518,720575941465484566,33,VNC_HTct_L,
720575941612044518,720575941467216093,4,VNC_HTct_L,
720575941612044518,720575941467216093,9,VNC_WTct_L,
720575941612044518,720575941470474763,6,VNC_WTct_L,
720575941612044518,720575941473850720,10,VNC_HTct_L,
720575941612044518,720575941473850720,15,VNC_IntTct_L,
720575941612044518,720575941473850720,8,VNC_NTct_L,
720575941612044518,720575941473850720,4,VNC_WTct_L,
720575941612044518,720575941476130097,4,VNC_NTct_L,
720575941612044518,720575941478488143,7,VNC_HTct_L,
720575941612044518,720575941479098819,3,VNC_HTct_L,
720575941612044518,720575941479167456,3,VNC_IntTct_L,
720575941612044518,720575941479167456,7,VNC_NTct_L,
720575941612044518,720575941496878498,3,VNC_HTct_L,
720575941612044518,720575941496878498,7,VNC_IntTct_L,
720575941612044518,720575941496957346,4,VNC_HTct_L,
720575941612044518,720575941501129047,12,VNC_HTct_L,
720575941612044518,720575941501135191,4,VNC_IntTct_L,
720575941612044518,720575941501786930,4,VNC_HTct_L,
720575941612044518,720575941504039618,4,VNC_HTct_L,
720575941612044518,720575941504563781,11,VNC_HTct_L,
720575941612044518,720575941505478690,7,VNC_HTct_L,
720575941612044518,720575941510611922,5,VNC_HTct_L,
720575941612044518,720575941512798796,4,VNC_HTct_L,
720575941612044518,720575941513177091,6,VNC_HTct_L,
720575941612044518,720575941513177091,3,VNC_WTct_L,
720575941612044518,720575941516590552,3,VNC_HTct_L,
720575941612044518,720575941517764824,20,VNC_HTct_L,
720575941612044518,720575941518407607,11,VNC_HTct_L,
720575941612044518,720575941518407607,5,VNC_IntTct_L,
720575941612044518,720575941518416238,3,VNC_HTct_L,
720575941612044518,720575941518466483,9,VNC_IntTct_L,
720575941612044518,720575941518466483,11,VNC_NTct_L,
720575941612044518,720575941520331511,3,VNC_HTct_L,
720575941612044518,720575941520331511,3,VNC_WTct_L,
720575941612044518,720575941520333047,18,VNC_HTct_L,
720575941612044518,720575941520333047,6,VNC_IntTct_L,
720575941612044518,720575941520333047,12,VNC_WTct_L,
720575941612044518,720575941523112439,18,VNC_IntTct_L,
720575941612044518,720575941523112439,22,VNC_NTct_L,
720575941612044518,720575941526507140,3,VNC_IntTct_L,
720575941612044518,720575941526764388,3,VNC_IntTct_L,
720575941612044518,720575941530192843,5,VNC_HTct_L,
720575941612044518,720575941530192843,3,VNC_WTct_L,
720575941612044518,720575941532334424,6,VNC_HTct_L,
720575941612044518,720575941532423000,4,VNC_HTct_L,
720575941612044518,720575941533258689,4,VNC_NTct_L,
720575941612044518,720575941534709482,6,VNC_HTct_L,
720575941612044518,720575941535001010,3,VNC_HTct_L,
720575941612044518,720575941535001010,3,VNC_WTct_L,
720575941612044518,720575941536294293,8,VNC_IntTct_L,
720575941612044518,720575941540100381,4,VNC_IntTct_L,
720575941612044518,720575941544982716,3,VNC_IntTct_L,
720575941612044518,720575941547259197,3,VNC_HTct_L,
720575941612044518,720575941547259197,6,VNC_IntTct_L,
720575941612044518,720575941549283839,4,VNC_HTct_L,
720575941612044518,720575941549394687,3,VNC_HTct_L,
720575941612044518,720575941550878087,32,VNC_HTct_L,
720575941612044518,720575941552622398,4,VNC_HTct_L,
720575941612044518,720575941557242148,5,VNC_HTct_L,
720575941612044518,720575941561320493,3,VNC_HTct_L,
720575941612044518,720575941564792071,3,VNC_WTct_L,
720575941612044518,720575941565376046,7,VNC_WTct_L,
720575941612044518,720575941569659806,10,VNC_HTct_L,
720575941612044518,720575941569826810,4,VNC_HTct_L,
720575941612044518,720575941572251144,25,VNC_HTct_L,
720575941612044518,720575941572251144,6,VNC_IntTct_L,
720575941612044518,720575941577217113,6,VNC_HTct_L,
720575941612044518,720575941579868917,4,VNC_HTct_L,
720575941612044518,720575941579868917,19,VNC_IntTct_L,
720575941612044518,720575941579868917,18,VNC_NTct_L,
720575941612044518,720575941579868917,3,VNC_WTct_L,
720575941612044518,720575941581506143,8,VNC_HTct_L,
720575941612044518,720575941581683039,3,VNC_WTct_L,
720575941612044518,720575941583128454,50,VNC_HTct_L,
720575941612044518,720575941583511518,3,VNC_IntTct_L,
720575941612044518,720575941583511518,6,VNC_WTct_L,
720575941612044518,720575941587396151,3,VNC_HTct_L,
720575941612044518,720575941588018942,3,VNC_HTct_L,
720575941612044518,720575941592602149,7,VNC_WTct_L,
720575941612044518,720575941601088441,35,VNC_HTct_L,
720575941612044518,720575941601092537,14,VNC_HTct_L,
720575941612044518,720575941601092537,4,VNC_IntTct_L,
720575941612044518,720575941601209590,7,VNC_IntTct_L,
720575941612044518,720575941601209590,8,VNC_NTct_L,
720575941612044518,720575941601243321,3,VNC_IntTct_L,
720575941612044518,720575941610583260,4,VNC_HTct_L,
720575941612044518,720575941611080010,38,VNC_HTct_L,
720575941612044518,720575941611080010,4,VNC_IntTct_L,
720575941612044518,720575941611080010,6,VNC_WTct_L,
720575941612044518,720575941621630716,6,VNC_HTct_L,
720575941612044518,720575941628591330,3,VNC_HTct_L,
720575941612044518,720575941629413356,3,VNC_WTct_L,
720575941612044518,720575941630111941,4,VNC_HTct_L,
720575941612044518,720575941630111941,3,VNC_WTct_L,
720575941612044518,720575941630748859,31,VNC_HTct_L,
720575941612044518,720575941650775313,3,VNC_IntTct_L,
720575941612044518,720575941659675704,5,VNC_HTct_L,
720575941612044518,720575941668315891,5,VNC_HTct_L,
720575941612044518,720575941678358973,47,VNC_HTct_L,
720575941612044518,720575941700494042,3,VNC_HTct_L,
720575941612044518,720575941723242042,3,VNC_WTct_L,
720575941612058982,720575941498482043,3,VNC_unassigned_R,
720575941612058982,720575941561365906,3,VNC_WTct_L,
720575941612058982,720575941644900472,3,VNC_IntTct_L,
720575941612058982,720575941688644470,6,VNC_ANm_R,
720575941612058982,720575941691313115,4,VNC_IntTct_L,
720575941612195501,720575941431072137,3,VNC_WTct_L,
720575941612195501,720575941438261845,13,VNC_WTct_L,
720575941612195501,720575941441993167,5,VNC_WTct_L,
720575941612195501,720575941463655693,3,VNC_IntTct_L,
720575941612195501,720575941463655693,3,VNC_NTct_L,
720575941612195501,720575941463655693,4,VNC_WTct_L,
720575941612195501,720575941477927042,14,VNC_NTct_L,
720575941612195501,720575941477927042,24,VNC_WTct_L,
720575941612195501,720575941477927042,6,VNC_unassigned_L,
720575941612195501,720575941482029251,15,VNC_NTct_L,
720575941612195501,720575941483803458,3,VNC_NTct_L,
720575941612195501,720575941485775110,3,VNC_WTct_L,
720575941612195501,720575941488156361,6,VNC_WTct_L,
720575941612195501,720575941495356286,19,VNC_NTct_L,
720575941612195501,720575941495356286,25,VNC_WTct_L,
720575941612195501,720575941508926418,5,VNC_WTct_L,
720575941612195501,720575941530192843,3,VNC_WTct_L,
720575941612195501,720575941536708323,3,VNC_WTct_L,
720575941612195501,720575941537796989,6,VNC_unassigned_L,
720575941612195501,720575941561308818,9,VNC_WTct_L,
720575941612195501,720575941562464866,7,VNC_WTct_L,
720575941612195501,720575941563314486,4,VNC_WTct_L,
720575941612195501,720575941569639326,3,VNC_WTct_L,
720575941612195501,720575941571427323,10,VNC_WTct_L,
720575941612195501,720575941575696217,9,VNC_WTct_L,
720575941612195501,720575941578709493,6,VNC_unassigned_L,
720575941612195501,720575941599444777,10,VNC_WTct_L,
720575941612195501,720575941607605101,5,VNC_T1_ProNm_R,
720575941612195501,720575941610354153,3,VNC_WTct_L,
720575941612195501,720575941644900472,5,VNC_NTct_L,
720575941612195501,720575941644900472,11,VNC_WTct_L,
720575941612195501,720575941658415896,4,VNC_WTct_L,
720575941612195501,720575941703131610,9,VNC_T1_ProNm_L,
720575941612286428,720575941399188003,8,VNC_IntTct_R,
720575941612286428,720575941436996882,3,VNC_IntTct_R,
720575941612286428,720575941456348575,6,VNC_HTct_R,
720575941612286428,720575941456348575,7,VNC_IntTct_R,
720575941612286428,720575941458334163,12,VNC_HTct_R,
720575941612286428,720575941475780202,4,VNC_HTct_R,
720575941612286428,720575941477884802,3,VNC_HTct_R,
720575941612286428,720575941487910608,3,VNC_HTct_R,
720575941612286428,720575941503451301,13,VNC_HTct_R,
720575941612286428,720575941503451301,10,VNC_IntTct_R,
720575941612286428,720575941507664144,3,VNC_NTct_R,
720575941612286428,720575941561304978,6,VNC_HTct_R,
720575941612286428,720575941574184699,4,VNC_IntTct_R,
720575941612286428,720575941583254918,3,VNC_HTct_R,
720575941612286428,720575941593615211,3,VNC_IntTct_R,
720575941612286428,720575941601298617,6,VNC_HTct_R,
720575941612286428,720575941608991050,23,VNC_HTct_R,
720575941612286428,720575941608991050,11,VNC_IntTct_R,
720575941612286428,720575941623284362,4,VNC_HTct_R,
720575941612286428,720575941633071008,6,VNC_IntTct_R,
720575941612321382,720575941455940336,3,VNC_NTct_L,
720575941612321382,720575941459926086,3,VNC_IntTct_L,
720575941612321382,720575941465484566,9,VNC_IntTct_L,
720575941612321382,720575941488278480,3,VNC_WTct_L,
720575941612321382,720575941490785712,4,VNC_WTct_L,
720575941612321382,720575941518466483,7,VNC_IntTct_L,
720575941612321382,720575941518866542,3,VNC_IntTct_L,
720575941612321382,720575941543669765,3,VNC_IntTct_L,
720575941612321382,720575941560631464,4,VNC_IntTct_L,
720575941612321382,720575941572251144,9,VNC_IntTct_L,
720575941612321382,720575941612053094,3,VNC_HTct_L,
720575941612321382,720575941671138727,4,VNC_WTct_L,
720575941612340909,720575941411791764,6,VNC_NTct_R,
720575941612340909,720575941458373587,3,VNC_IntTct_R,
720575941612340909,720575941566805498,3,VNC_NTct_R,
720575941612340909,720575941608310346,3,VNC_IntTct_R,
720575941612340909,720575941623399788,4,VNC_IntTct_R,
720575941612340909,720575941623399788,4,VNC_NTct_R,
720575941612340909,720575941633071008,3,VNC_NTct_R,
720575941612982169,720575941569659806,10,VNC_IntTct_L,
720575941612982169,720575941630111941,6,VNC_IntTct_L,
720575941613418716,720575941411791764,11,VNC_NTct_R,
720575941613418716,720575941484048390,7,VNC_NTct_R,
720575941613418716,720575941609001034,20,VNC_NTct_R,
720575941613532892,720575941470786368,3,VNC_LTct_L,
720575941613532892,720575941478403178,3,VNC_LTct_L,
720575941613532892,720575941491136718,3,VNC_T3_MetaNm_L,
720575941613532892,720575941588919863,7,VNC_AMNp_L,
720575941613532892,720575941588919863,10,VNC_T1_ProNm_L,
720575941613532892,720575941595871424,3,VNC_T1_ProNm_L,
720575941614190099,720575941474426929,4,VNC_HTct_L,
720575941614190099,720575941477446762,11,VNC_HTct_L,
720575941614190099,720575941543825413,4,VNC_NTct_L,
720575941614432409,720575941466725206,3,VNC_LTct_L,
720575941614432409,720575941468720139,3,VNC_LTct_L,
720575941614483475,720575941442926762,4,VNC_HTct_R,
720575941614483475,720575941474704948,6,VNC_HTct_R,
720575941614483475,720575941482029251,3,VNC_HTct_R,
720575941614483475,720575941565495655,4,VNC_HTct_R,
720575941614483475,720575941576941045,3,VNC_IntTct_R,
720575941614483475,720575941583254918,4,VNC_IntTct_R,
720575941614483475,720575941616556245,6,VNC_HTct_R,
720575941615336601,720575941414456212,7,VNC_T2_MesoNm_L,
720575941615336601,720575941515693315,3,VNC_T2_MesoNm_L,
720575941615336601,720575941652640273,6,VNC_T2_MesoNm_L,
720575941615534489,720575941477613024,3,VNC_WTct_R,
720575941615534489,720575941489037031,4,VNC_WTct_R,
720575941615534489,720575941504389655,3,VNC_WTct_R,
720575941615534489,720575941508509569,3,VNC_unassigned_L,
720575941615534489,720575941516873838,3,VNC_ANm_L,
720575941615534489,720575941644908408,4,VNC_HTct_R,
720575941616284629,720575941535073770,4,VNC_IntTct_R,
720575941616284629,720575941722082874,3,VNC_HTct_R,
720575941616284629,720575941722082874,3,VNC_IntTct_R,
720575941618366079,720575941400818723,9,VNC_IntTct_L,
720575941618366079,720575941400818723,11,VNC_NTct_L,
720575941618366079,720575941408509867,3,VNC_WTct_L,
720575941618366079,720575941411791764,7,VNC_NTct_R,
720575941618366079,720575941415476252,12,VNC_WTct_R,
720575941618366079,720575941429543127,5,VNC_HTct_L,
720575941618366079,720575941429556655,3,VNC_NTct_R,
720575941618366079,720575941431311575,9,VNC_HTct_L,
720575941618366079,720575941431311575,13,VNC_WTct_L,
720575941618366079,720575941431311575,4,VNC_WTct_R,
720575941618366079,720575941439017423,4,VNC_HTct_L,
720575941618366079,720575941439197269,3,VNC_WTct_L,
720575941618366079,720575941440464219,4,VNC_HTct_L,
720575941618366079,720575941441318591,3,VNC_NTct_R,
720575941618366079,720575941456678893,16,VNC_NTct_L,
720575941618366079,720575941456678893,8,VNC_WTct_L,
720575941618366079,720575941458334163,7,VNC_HTct_R,
720575941618366079,720575941458373587,6,VNC_WTct_R,
720575941618366079,720575941459883846,5,VNC_WTct_R,
720575941618366079,720575941461076493,10,VNC_HTct_R,
720575941618366079,720575941463655693,3,VNC_WTct_R,
720575941618366079,720575941465484566,24,VNC_HTct_L,
720575941618366079,720575941472042282,4,VNC_NTct_L,
720575941618366079,720575941472042282,3,VNC_WTct_R,
720575941618366079,720575941472739168,3,VNC_HTct_R,
720575941618366079,720575941473850720,3,VNC_HTct_L,
720575941618366079,720575941473850720,9,VNC_IntTct_L,
720575941618366079,720575941473850720,11,VNC_NTct_L,
720575941618366079,720575941474459707,4,VNC_HTct_L,
720575941618366079,720575941474459707,3,VNC_HTct_R,
720575941618366079,720575941477166622,3,VNC_IntTct_L,
720575941618366079,720575941477884802,3,VNC_HTct_R,
720575941618366079,720575941478488143,3,VNC_HTct_L,
720575941618366079,720575941478488143,6,VNC_WTct_L,
720575941618366079,720575941478488143,3,VNC_unassigned_L,
720575941618366079,720575941485775110,3,VNC_WTct_L,
720575941618366079,720575941488675276,3,VNC_HTct_R,
720575941618366079,720575941489037031,3,VNC_WTct_L,
720575941618366079,720575941490785712,3,VNC_NTct_L,
720575941618366079,720575941496915618,3,VNC_HTct_R,
720575941618366079,720575941500845035,3,VNC_WTct_R,
720575941618366079,720575941500983019,10,VNC_WTct_L,
720575941618366079,720575941501842626,3,VNC_WTct_L,
720575941618366079,720575941503451301,10,VNC_HTct_R,
720575941618366079,720575941503667109,4,VNC_unassigned_R,
720575941618366079,720575941504456386,10,VNC_WTct_L,
720575941618366079,720575941511275986,6,VNC_HTct_L,
720575941618366079,720575941511275986,7,VNC_WTct_L,
720575941618366079,720575941511275986,7,VNC_WTct_R,
720575941618366079,720575941512896099,5,VNC_WTct_R,
720575941618366079,720575941515619939,3,VNC_WTct_L,
720575941618366079,720575941516099500,4,VNC_IntTct_L,
720575941618366079,720575941516099500,7,VNC_WTct_L,
720575941618366079,720575941516776558,3,VNC_WTct_L,
720575941618366079,720575941517770412,3,VNC_WTct_L,
720575941618366079,720575941517770412,4,VNC_WTct_R,
720575941618366079,720575941518434227,5,VNC_WTct_L,
720575941618366079,720575941519213016,3,VNC_WTct_L,
720575941618366079,720575941519273944,5,VNC_HTct_R,
720575941618366079,720575941519273944,8,VNC_WTct_R,
720575941618366079,720575941520064435,3,VNC_HTct_R,
720575941618366079,720575941520333047,5,VNC_HTct_L,
720575941618366079,720575941521485643,4,VNC_WTct_L,
720575941618366079,720575941526507140,7,VNC_IntTct_L,
720575941618366079,720575941526690841,3,VNC_WTct_L,
720575941618366079,720575941527099981,9,VNC_HTct_R,
720575941618366079,720575941527099981,7,VNC_WTct_L,
720575941618366079,720575941527099981,14,VNC_WTct_R,
720575941618366079,720575941532246762,3,VNC_NTct_R,
720575941618366079,720575941532432618,9,VNC_WTct_R,
720575941618366079,720575941535331338,3,VNC_WTct_L,
720575941618366079,720575941543397737,27,VNC_WTct_L,
720575941618366079,720575941547226248,15,VNC_NTct_L,
720575941618366079,720575941547341684,3,VNC_NTct_L,
720575941618366079,720575941547341684,4,VNC_WTct_L,
720575941618366079,720575941549283839,3,VNC_HTct_L,
720575941618366079,720575941549478945,4,VNC_WTct_L,
720575941618366079,720575941551389979,3,VNC_WTct_R,
720575941618366079,720575941551588506,3,VNC_WTct_R,
720575941618366079,720575941551598746,7,VNC_WTct_L,
720575941618366079,720575941551632794,4,VNC_WTct_R,
720575941618366079,720575941553120795,3,VNC_ANm_L,
720575941618366079,720575941553120795,3,VNC_HTct_R,
720575941618366079,720575941553430355,4,VNC_HTct_L,
720575941618366079,720575941553430355,5,VNC_HTct_R,
720575941618366079,720575941553430355,3,VNC_WTct_L,
720575941618366079,720575941553479140,4,VNC_HTct_R,
720575941618366079,720575941553566180,3,VNC_HTct_L,
720575941618366079,720575941554049307,4,VNC_WTct_L,
720575941618366079,720575941561320493,15,VNC_HTct_L,
720575941618366079,720575941563206400,4,VNC_HTct_L,
720575941618366079,720575941563206400,6,VNC_WTct_L,
720575941618366079,720575941565495655,3,VNC_WTct_R,
720575941618366079,720575941566788602,5,VNC_HTct_R,
720575941618366079,720575941571423240,3,VNC_WTct_L,
720575941618366079,720575941572251144,3,VNC_HTct_L,
720575941618366079,720575941574155003,4,VNC_HTct_R,
720575941618366079,720575941575681718,7,VNC_HTct_L,
720575941618366079,720575941575681718,3,VNC_HTct_R,
720575941618366079,720575941575681718,21,VNC_WTct_L,
720575941618366079,720575941575681718,5,VNC_WTct_R,
720575941618366079,720575941575681718,3,VNC_unassigned_L,
720575941618366079,720575941576958197,3,VNC_WTct_L,
720575941618366079,720575941583595486,3,VNC_HTct_L,
720575941618366079,720575941594160421,3,VNC_NTct_R,
720575941618366079,720575941594160421,6,VNC_WTct_R,
720575941618366079,720575941595757724,3,VNC_WTct_R,
720575941618366079,720575941595766428,3,VNC_WTct_L,
720575941618366079,720575941601088441,9,VNC_HTct_L,
720575941618366079,720575941601243321,4,VNC_IntTct_L,
720575941618366079,720575941601243321,8,VNC_NTct_L,
720575941618366079,720575941607605101,11,VNC_NTct_R,
720575941618366079,720575941607605101,7,VNC_WTct_R,
720575941618366079,720575941610583260,3,VNC_HTct_L,
720575941618366079,720575941610618982,12,VNC_WTct_L,
720575941618366079,720575941621630716,10,VNC_HTct_L,
720575941618366079,720575941630302405,3,VNC_WTct_L,
720575941618366079,720575941630748859,29,VNC_HTct_L,
720575941618366079,720575941631436524,8,VNC_NTct_R,
720575941618366079,720575941631436524,3,VNC_WTct_R,
720575941618366079,720575941632614587,3,VNC_NTct_L,
720575941618366079,720575941640900965,5,VNC_HTct_R,
720575941618366079,720575941641473874,5,VNC_HTct_R,
720575941618366079,720575941644900472,3,VNC_IntTct_L,
720575941618366079,720575941649244437,14,VNC_HTct_L,
720575941618366079,720575941649244437,4,VNC_HTct_R,
720575941618366079,720575941649244437,3,VNC_IntTct_L,
720575941618366079,720575941649244437,11,VNC_WTct_L,
720575941618366079,720575941655477716,6,VNC_WTct_L,
720575941618366079,720575941656239440,5,VNC_HTct_L,
720575941618366079,720575941668606375,4,VNC_WTct_L,
720575941618366079,720575941668725169,10,VNC_HTct_L,
720575941618366079,720575941668725169,5,VNC_HTct_R,
720575941618366079,720575941668725169,5,VNC_WTct_L,
720575941618366079,720575941668725169,4,VNC_WTct_R,
720575941618655615,720575941442637519,12,VNC_T2_MesoNm_L,
720575941618655615,720575941453578409,4,VNC_T2_MesoNm_L,
720575941618655615,720575941551385371,16,VNC_T2_MesoNm_L,
720575941618655615,720575941552620543,4,VNC_IntTct_L,
720575941618655615,720575941552620543,9,VNC_T2_MesoNm_L,
720575941618655615,720575941637874975,6,VNC_T2_MesoNm_L,
720575941618895231,720575941408509867,8,VNC_HTct_L,
720575941618895231,720575941430842209,21,VNC_HTct_L,
720575941618895231,720575941431580686,5,VNC_HTct_L,
720575941618895231,720575941436996882,5,VNC_WTct_L,
720575941618895231,720575941447013813,9,VNC_HTct_L,
720575941618895231,720575941447013813,3,VNC_IntTct_L,
720575941618895231,720575941457147206,4,VNC_WTct_L,
720575941618895231,720575941459514512,10,VNC_HTct_L,
720575941618895231,720575941465484566,4,VNC_IntTct_L,
720575941618895231,720575941467216093,4,VNC_WTct_L,
720575941618895231,720575941473850720,3,VNC_HTct_L,
720575941618895231,720575941473850720,27,VNC_IntTct_L,
720575941618895231,720575941477927042,4,VNC_NTct_L,
720575941618895231,720575941481012989,6,VNC_IntTct_L,
720575941618895231,720575941495356286,3,VNC_NTct_L,
720575941618895231,720575941498935777,3,VNC_NTct_L,
720575941618895231,720575941501041643,4,VNC_IntTct_L,
720575941618895231,720575941501135191,4,VNC_IntTct_L,
720575941618895231,720575941517770412,3,VNC_HTct_L,
720575941618895231,720575941526701412,7,VNC_HTct_L,
720575941618895231,720575941526701412,3,VNC_IntTct_L,
720575941618895231,720575941530853507,6,VNC_HTct_L,
720575941618895231,720575941530853507,6,VNC_WTct_L,
720575941618895231,720575941542900997,7,VNC_IntTct_L,
720575941618895231,720575941542900997,5,VNC_NTct_L,
720575941618895231,720575941549386239,4,VNC_HTct_L,
720575941618895231,720575941551947263,4,VNC_IntTct_L,
720575941618895231,720575941553338778,6,VNC_WTct_L,
720575941618895231,720575941561320493,5,VNC_HTct_L,
720575941618895231,720575941565376046,3,VNC_IntTct_L,
720575941618895231,720575941565376046,3,VNC_WTct_L,
720575941618895231,720575941572251144,13,VNC_HTct_L,
720575941618895231,720575941572251144,16,VNC_IntTct_L,
720575941618895231,720575941575397263,7,VNC_HTct_L,
720575941618895231,720575941578442841,6,VNC_HTct_L,
720575941618895231,720575941583128454,52,VNC_HTct_L,
720575941618895231,720575941583128454,23,VNC_IntTct_L,
720575941618895231,720575941599444777,6,VNC_NTct_L,
720575941618895231,720575941601088441,30,VNC_HTct_L,
720575941618895231,720575941601088441,5,VNC_IntTct_L,
720575941618895231,720575941601243321,3,VNC_IntTct_L,
720575941618895231,720575941611080010,6,VNC_HTct_L,
720575941618895231,720575941612053094,3,VNC_HTct_L,
720575941618895231,720575941630748859,11,VNC_HTct_L,
720575941618895231,720575941640895589,3,VNC_HTct_L,
720575941618895231,720575941640895589,6,VNC_NTct_L,
720575941618895231,720575941652640273,4,VNC_LTct_L,
720575941618895231,720575941652781524,3,VNC_IntTct_L,
720575941618895231,720575941653563153,5,VNC_NTct_L,
720575941618895231,720575941668725169,8,VNC_HTct_L,
720575941618895231,720575941684876527,3,VNC_HTct_L,
720575941619883135,720575941490693065,5,VNC_AMNp_R,
720575941619883135,720575941490693065,3,VNC_T2_MesoNm_R,
720575941619883135,720575941490693577,6,VNC_T2_MesoNm_R,
720575941619883135,720575941498482043,7,VNC_IntTct_R,
720575941619883135,720575941505536290,3,VNC_T3_MetaNm_R,
720575941619883135,720575941507280965,3,VNC_AMNp_R,
720575941619883135,720575941511393233,5,VNC_IntTct_R,
720575941619883135,720575941522089463,5,VNC_IntTct_R,
720575941619883135,720575941554784676,4,VNC_AMNp_R,
720575941619883135,720575941596404101,3,VNC_AMNp_R,
720575941619883135,720575941596404101,5,VNC_T2_MesoNm_R,
720575941619883135,720575941623067338,4,VNC_LTct_R,
720575941619883135,720575941625907769,4,VNC_IntTct_R,
720575941619883135,720575941625907769,13,VNC_LTct_R,
720575941619883135,720575941625907769,7,VNC_T1_ProNm_R,
720575941619883135,720575941625907769,10,VNC_T2_MesoNm_R,
720575941619883135,720575941625907769,4,VNC_unassigned_R,
720575941619883135,720575941669866161,6,VNC_AMNp_R,
720575941619883135,720575941669866161,4,VNC_IntTct_R,
720575941620273535,720575941401795619,4,VNC_T1_ProNm_L,
720575941620273535,720575941483537338,3,VNC_T1_ProNm_R,
720575941620273535,720575941489801676,3,VNC_WTct_L,
720575941620273535,720575941497092169,3,VNC_AMNp_L,
720575941620273535,720575941497092169,3,VNC_IntTct_L,
720575941620273535,720575941497092169,3,VNC_WTct_L,
720575941620273535,720575941501026283,3,VNC_AMNp_L,
720575941620273535,720575941501026283,3,VNC_WTct_L,
720575941620273535,720575941504389655,4,VNC_WTct_L,
720575941620273535,720575941504424517,3,VNC_WTct_L,
720575941620273535,720575941513254915,4,VNC_HTct_L,
720575941620273535,720575941518793388,10,VNC_AMNp_L,
720575941620273535,720575941524113764,5,VNC_WTct_L,
720575941620273535,720575941557516782,5,VNC_WTct_L,
720575941620273535,720575941559096302,4,VNC_WTct_L,
720575941620273535,720575941562464866,3,VNC_WTct_L,
720575941620273535,720575941630622624,8,VNC_WTct_L,
720575941623407050,720575941433032718,14,VNC_IntTct_L,
720575941623407050,720575941433032718,7,VNC_NTct_L,
720575941623407050,720575941477166622,3,VNC_IntTct_L,
720575941623407050,720575941523112439,4,VNC_IntTct_L,
720575941623634122,720575941463655693,3,VNC_IntTct_R,
720575941623634122,720575941463655693,5,VNC_WTct_R,
720575941623634122,720575941504386327,3,VNC_WTct_R,
720575941623634122,720575941504389655,4,VNC_unassigned_R,
720575941623634122,720575941561365906,3,VNC_WTct_R,
720575941623634122,720575941644900472,6,VNC_WTct_R,
720575941623634122,720575941669866161,4,VNC_WTct_R,
720575941624257532,720575941431092911,3,VNC_T2_MesoNm_R,
720575941624257532,720575941449255290,3,VNC_IntTct_R,
720575941624257532,720575941485217744,4,VNC_T2_MesoNm_R,
720575941624257532,720575941496677760,5,VNC_IntTct_R,
720575941624257532,720575941537501160,3,VNC_T2_MesoNm_R,
720575941624257532,720575941546731041,6,VNC_IntTct_R,
720575941624257532,720575941549735742,5,VNC_IntTct_R,
720575941624257532,720575941626940710,3,VNC_IntTct_R,
720575941624257532,720575941658602520,3,VNC_IntTct_R,
720575941624437756,720575941430386446,4,VNC_IntTct_L,
720575941624437756,720575941501802434,5,VNC_IntTct_L,
720575941624437756,720575941501984651,6,VNC_IntTct_L,
720575941624437756,720575941544982716,3,VNC_IntTct_L,
720575941624536828,720575941506644540,3,VNC_IntTct_L,
720575941624536828,720575941591285388,4,VNC_HTct_L,
720575941624816124,720575941429324897,3,VNC_HTct_L,
720575941624816124,720575941430438414,7,VNC_HTct_L,
720575941624816124,720575941447305053,5,VNC_IntTct_L,
720575941624816124,720575941474337310,8,VNC_IntTct_L,
720575941624816124,720575941474394673,5,VNC_IntTct_L,
720575941624816124,720575941485288144,3,VNC_HTct_L,
720575941624816124,720575941490856880,4,VNC_IntTct_L,
720575941624816124,720575941504563781,10,VNC_HTct_L,
720575941624816124,720575941507787024,5,VNC_IntTct_L,
720575941624816124,720575941526764388,3,VNC_HTct_L,
720575941624816124,720575941533862682,5,VNC_IntTct_L,
720575941624816124,720575941536371442,5,VNC_HTct_L,
720575941624816124,720575941538289379,20,VNC_HTct_L,
720575941624816124,720575941554764196,3,VNC_IntTct_L,
720575941624816124,720575941564792071,6,VNC_IntTct_L,
720575941624816124,720575941564792071,3,VNC_WTct_L,
720575941624816124,720575941583595486,5,VNC_IntTct_L,
720575941624816124,720575941602315454,4,VNC_HTct_L,
720575941624816124,720575941610830253,5,VNC_HTct_L,
720575941624816124,720575941611080010,10,VNC_HTct_L,
720575941624816124,720575941611080010,5,VNC_IntTct_L,
720575941624816124,720575941612053094,4,VNC_HTct_L,
720575941624816124,720575941687929307,3,VNC_HTct_L,
720575941624831228,720575941415476252,3,VNC_WTct_R,
720575941624831228,720575941437158956,5,VNC_WTct_R,
720575941624831228,720575941437158956,3,VNC_unassigned_R,
720575941624831228,720575941449065565,4,VNC_WTct_R,
720575941624831228,720575941450532174,4,VNC_WTct_R,
720575941624831228,720575941458353363,3,VNC_WTct_R,
720575941624831228,720575941460235152,16,VNC_WTct_R,
720575941624831228,720575941470237504,4,VNC_T1_ProNm_R,
720575941624831228,720575941474704948,4,VNC_WTct_R,
720575941624831228,720575941482029251,7,VNC_WTct_R,
720575941624831228,720575941489677001,3,VNC_WTct_R,
720575941624831228,720575941489819081,8,VNC_WTct_R,
720575941624831228,720575941497887817,3,VNC_WTct_R,
720575941624831228,720575941512451907,5,VNC_WTct_R,
720575941624831228,720575941518936792,8,VNC_NTct_R,
720575941624831228,720575941518936792,6,VNC_WTct_R,
720575941624831228,720575941525142182,3,VNC_WTct_R,
720575941624831228,720575941530192843,3,VNC_WTct_R,
720575941624831228,720575941532432618,9,VNC_WTct_R,
720575941624831228,720575941542469212,3,VNC_WTct_R,
720575941624831228,720575941549632830,3,VNC_WTct_R,
720575941624831228,720575941549751358,7,VNC_WTct_R,
720575941624831228,720575941551321371,4,VNC_NTct_R,
720575941624831228,720575941551321371,23,VNC_WTct_R,
720575941624831228,720575941565168942,3,VNC_unassigned_R,
720575941624831228,720575941587178295,4,VNC_WTct_R,
720575941624831228,720575941599444777,5,VNC_NTct_R,
720575941624831228,720575941607605101,9,VNC_NTct_R,
720575941624831228,720575941607605101,17,VNC_T1_ProNm_R,
720575941624831228,720575941652647185,11,VNC_NTct_R,
720575941624831228,720575941652647185,22,VNC_WTct_R,
720575941624831228,720575941652647185,6,VNC_unassigned_R,
720575941624831228,720575941670676135,3,VNC_WTct_R,
720575941625794186,720575941595871424,3,VNC_IntTct_L,
720575941625972123,720575941400703267,3,VNC_NTct_R,
720575941625972123,720575941428210424,5,VNC_HTct_R,
720575941625972123,720575941431092911,10,VNC_HTct_R,
720575941625972123,720575941431092911,3,VNC_NTct_R,
720575941625972123,720575941440872655,4,VNC_HTct_R,
720575941625972123,720575941456348575,8,VNC_IntTct_R,
720575941625972123,720575941456348575,3,VNC_NTct_R,
720575941625972123,720575941464768790,7,VNC_IntTct_R,
720575941625972123,720575941464768790,8,VNC_NTct_R,
720575941625972123,720575941472135179,13,VNC_HTct_R,
720575941625972123,720575941472135179,25,VNC_IntTct_R,
720575941625972123,720575941472135179,23,VNC_NTct_R,
720575941625972123,720575941472739168,5,VNC_HTct_R,
720575941625972123,720575941472739168,3,VNC_IntTct_R,
720575941625972123,720575941476032542,4,VNC_IntTct_R,
720575941625972123,720575941477616864,5,VNC_HTct_R,
720575941625972123,720575941485377602,7,VNC_HTct_R,
720575941625972123,720575941492308606,3,VNC_HTct_R,
720575941625972123,720575941492308606,13,VNC_IntTct_R,
720575941625972123,720575941495559291,9,VNC_HTct_R,
720575941625972123,720575941495559291,3,VNC_WTct_R,
720575941625972123,720575941495591291,11,VNC_HTct_R,
720575941625972123,720575941495591291,8,VNC_IntTct_R,
720575941625972123,720575941496915618,4,VNC_HTct_R,
720575941625972123,720575941500898795,4,VNC_HTct_R,
720575941625972123,720575941512899427,5,VNC_NTct_R,
720575941625972123,720575941517717420,4,VNC_NTct_R,
720575941625972123,720575941519273944,3,VNC_WTct_R,
720575941625972123,720575941523994114,9,VNC_HTct_R,
720575941625972123,720575941524019970,4,VNC_NTct_R,
720575941625972123,720575941528356043,6,VNC_HTct_R,
720575941625972123,720575941528944568,8,VNC_HTct_R,
720575941625972123,720575941528944568,3,VNC_IntTct_R,
720575941625972123,720575941533221825,4,VNC_IntTct_R,
720575941625972123,720575941533258689,3,VNC_IntTct_R,
720575941625972123,720575941533761050,4,VNC_IntTct_R,
720575941625972123,720575941537697149,3,VNC_HTct_R,
720575941625972123,720575941545400508,13,VNC_HTct_R,
720575941625972123,720575941545400508,21,VNC_IntTct_R,
720575941625972123,720575941546491681,3,VNC_IntTct_R,
720575941625972123,720575941551579034,6,VNC_HTct_R,
720575941625972123,720575941551579034,5,VNC_IntTct_R,
720575941625972123,720575941553313434,4,VNC_HTct_R,
720575941625972123,720575941555526436,10,VNC_IntTct_R,
720575941625972123,720575941555526436,10,VNC_NTct_R,
720575941625972123,720575941557612915,4,VNC_IntTct_R,
720575941625972123,720575941559954703,4,VNC_HTct_R,
720575941625972123,720575941564125026,4,VNC_HTct_R,
720575941625972123,720575941567062260,9,VNC_HTct_R,
720575941625972123,720575941567062260,5,VNC_IntTct_R,
720575941625972123,720575941592154582,16,VNC_HTct_R,
720575941625972123,720575941592154582,9,VNC_IntTct_R,
720575941625972123,720575941594515158,10,VNC_HTct_R,
720575941625972123,720575941595804828,15,VNC_IntTct_R,
720575941625972123,720575941595804828,9,VNC_NTct_R,
720575941625972123,720575941595804828,4,VNC_unassigned_R,
720575941625972123,720575941601153270,3,VNC_HTct_R,
720575941625972123,720575941604997997,7,VNC_HTct_R,
720575941625972123,720575941608310346,5,VNC_HTct_R,
720575941625972123,720575941608310346,11,VNC_IntTct_R,
720575941625972123,720575941609358310,10,VNC_HTct_R,
720575941625972123,720575941609358310,12,VNC_IntTct_R,
720575941625972123,720575941609481062,3,VNC_HTct_R,
720575941625972123,720575941630301125,4,VNC_HTct_R,
720575941625972123,720575941650693905,8,VNC_HTct_R,
720575941625972123,720575941659696184,10,VNC_IntTct_R,
720575941625993371,720575941428428681,4,VNC_HTct_L,
720575941625993371,720575941526690841,17,VNC_HTct_L,
720575941625993371,720575941562134829,3,VNC_HTct_L,
720575941625993371,720575941562134829,7,VNC_WTct_L,
720575941626007195,720575941518466483,4,VNC_NTct_L,
720575941626007195,720575941523112439,7,VNC_NTct_L,
720575941626007195,720575941588061438,5,VNC_NTct_L,
720575941626007195,720575941611080010,3,VNC_HTct_L,
720575941626007195,720575941628426978,3,VNC_HTct_L,
720575941626032074,720575941595919217,3,VNC_T2_MesoNm_R,
720575941626056556,720575941506310309,10,VNC_AMNp_L,
720575941626056556,720575941506310309,9,VNC_T1_ProNm_L,
720575941626056556,720575941595871424,10,VNC_AMNp_L,
720575941626175643,720575941461251027,4,VNC_T1_ProNm_R,
720575941626175643,720575941501352535,43,VNC_T2_MesoNm_R,
720575941626175643,720575941536318869,10,VNC_T2_MesoNm_R,
720575941626175643,720575941547164084,3,VNC_T2_MesoNm_R,
720575941626175643,720575941595919217,6,VNC_T2_MesoNm_R,
720575941626175643,720575941627995705,9,VNC_T2_MesoNm_R,
720575941626175643,720575941652537361,41,VNC_T2_MesoNm_R,
720575941626175643,720575941731613483,3,VNC_T2_MesoNm_R,
720575941626175643,720575941731613483,4,VNC_T3_MetaNm_R,
720575941626193563,720575941568726004,3,VNC_IntTct_L,
720575941626193563,720575941579868917,3,VNC_IntTct_L,
720575941626193563,720575941630933947,5,VNC_IntTct_L,
720575941626256266,720575941440736207,4,VNC_T2_MesoNm_L,
720575941626256266,720575941466725206,3,VNC_T2_MesoNm_L,
720575941626256266,720575941487877328,10,VNC_AMNp_L,
720575941626256266,720575941487877328,12,VNC_T1_ProNm_L,
720575941626256266,720575941487877328,5,VNC_T2_MesoNm_L,
720575941626256266,720575941563971382,3,VNC_T2_MesoNm_L,
720575941626256266,720575941565531799,4,VNC_ANm_L,
720575941626256266,720575941615272601,5,VNC_T2_MesoNm_L,
720575941626282634,720575941470747968,3,VNC_IntTct_L,
720575941626500746,720575941447363677,3,VNC_WTct_R,
720575941626500746,720575941461251027,23,VNC_T1_ProNm_R,
720575941626500746,720575941461251027,3,VNC_unassigned_R,
720575941626500746,720575941476543297,5,VNC_T2_MesoNm_R,
720575941626500746,720575941501352535,35,VNC_T2_MesoNm_R,
720575941626500746,720575941540185213,9,VNC_T2_MesoNm_R,
720575941626500746,720575941586471646,3,VNC_T1_ProNm_R,
720575941626500746,720575941595919217,36,VNC_T2_MesoNm_R,
720575941626500746,720575941595919217,4,VNC_WTct_R,
720575941626500746,720575941613448668,136,VNC_T2_MesoNm_R,
720575941626500746,720575941613448668,3,VNC_WTct_R,
720575941626500746,720575941613448668,6,VNC_unassigned_R,
720575941626500746,720575941652537361,4,VNC_T2_MesoNm_R,
720575941626530442,720575941494983806,3,VNC_ANm_L,
720575941626967865,720575941438938175,10,VNC_HTct_L,
720575941626967865,720575941438938175,6,VNC_IntTct_L,
720575941626967865,720575941457797360,4,VNC_HTct_L,
720575941626967865,720575941457797360,11,VNC_IntTct_L,
720575941626967865,720575941467252189,3,VNC_IntTct_L,
720575941626967865,720575941478092963,13,VNC_IntTct_L,
720575941626967865,720575941480415939,5,VNC_HTct_L,
720575941626967865,720575941495592571,4,VNC_HTct_L,
720575941626967865,720575941504039618,13,VNC_IntTct_L,
720575941626967865,720575941508509569,11,VNC_HTct_L,
720575941626967865,720575941530853507,3,VNC_IntTct_L,
720575941626967865,720575941549683006,5,VNC_IntTct_L,
720575941626967865,720575941553338778,16,VNC_IntTct_L,
720575941626967865,720575941563253814,8,VNC_IntTct_L,
720575941626967865,720575941570823752,5,VNC_IntTct_L,
720575941626967865,720575941588615052,11,VNC_IntTct_L,
720575941626967865,720575941593948805,5,VNC_IntTct_L,
720575941626967865,720575941653507801,6,VNC_HTct_L,
720575941626967865,720575941665603059,3,VNC_HTct_L,
720575941626967865,720575941684706543,12,VNC_IntTct_L,
720575941627484454,720575941429556655,4,VNC_IntTct_R,
720575941627484454,720575941429556655,4,VNC_NTct_R,
720575941627484454,720575941464768790,5,VNC_IntTct_R,
720575941627484454,720575941464768790,4,VNC_NTct_R,
720575941627576377,720575941477166622,3,VNC_NTct_L,
720575941627576377,720575941547226248,6,VNC_IntTct_L,
720575941627576377,720575941547226248,7,VNC_NTct_L,
720575941627576377,720575941572851087,3,VNC_IntTct_L,
720575941627576377,720575941572851087,5,VNC_NTct_L,
720575941628153913,720575941438968923,3,VNC_LTct_R,
720575941628153913,720575941456667373,3,VNC_IntTct_R,
720575941628153913,720575941457431280,4,VNC_IntTct_R,
720575941628153913,720575941461221075,8,VNC_AMNp_R,
720575941628153913,720575941461221075,3,VNC_IntTct_R,
720575941628153913,720575941461221075,3,VNC_T2_MesoNm_R,
720575941628153913,720575941461221075,6,VNC_WTct_R,
720575941628153913,720575941474571572,4,VNC_T3_MetaNm_R,
720575941628153913,720575941501984651,8,VNC_AMNp_R,
720575941628153913,720575941505536290,6,VNC_T3_MetaNm_R,
720575941628153913,720575941512798929,5,VNC_T3_MetaNm_R,
720575941628153913,720575941546727713,5,VNC_IntTct_R,
720575941628153913,720575941557882895,3,VNC_IntTct_R,
720575941628153913,720575941563920999,9,VNC_IntTct_R,
720575941628153913,720575941569376250,4,VNC_AMNp_R,
720575941628153913,720575941594821334,3,VNC_T2_MesoNm_R,
720575941628153913,720575941625963419,5,VNC_AMNp_R,
720575941628153913,720575941625963419,9,VNC_IntTct_R,
720575941628153913,720575941625963419,5,VNC_T2_MesoNm_R,
720575941628153913,720575941681021885,10,VNC_AMNp_R,
720575941628153913,720575941681021885,6,VNC_T2_MesoNm_R,
720575941628167225,720575941437396012,4,VNC_unassigned_L,
720575941628167225,720575941440620379,3,VNC_WTct_L,
720575941628167225,720575941498948425,3,VNC_NTct_L,
720575941628167225,720575941498948425,7,VNC_WTct_L,
720575941628167225,720575941504389655,4,VNC_NTct_L,
720575941628167225,720575941544982716,7,VNC_WTct_L,
720575941628237625,720575941438631871,3,VNC_T2_MesoNm_L,
720575941628237625,720575941494021760,3,VNC_IntTct_L,
720575941628237625,720575941516734062,4,VNC_T2_MesoNm_L,
720575941628237625,720575941652640273,16,VNC_T2_MesoNm_L,
720575941628237625,720575941652640273,15,VNC_WTct_L,
720575941628710694,720575941400818723,5,VNC_IntTct_L,
720575941628710694,720575941523112439,5,VNC_IntTct_L,
720575941628710694,720575941632614587,3,VNC_IntTct_L,
720575941628710694,720575941644234696,5,VNC_HTct_L,
720575941628867042,720575941412443540,5,VNC_IntTct_R,
720575941628867042,720575941429556655,21,VNC_IntTct_R,
720575941628867042,720575941429556655,5,VNC_NTct_R,
720575941628867042,720575941464901398,5,VNC_HTct_R,
720575941628867042,720575941496830370,10,VNC_HTct_R,
720575941628867042,720575941501721138,12,VNC_HTct_R,
720575941628867042,720575941528944568,27,VNC_HTct_R,
720575941628867042,720575941528944568,11,VNC_IntTct_R,
720575941628867042,720575941532246762,5,VNC_HTct_R,
720575941628867042,720575941546491681,8,VNC_HTct_R,
720575941628867042,720575941549701182,3,VNC_HTct_R,
720575941628867042,720575941569707422,3,VNC_HTct_R,
720575941628867042,720575941574155003,6,VNC_HTct_R,
720575941628867042,720575941607605101,7,VNC_IntTct_R,
720575941628867042,720575941607605101,3,VNC_NTct_R,
720575941628867042,720575941609481062,3,VNC_HTct_R,
720575941628867042,720575941613256211,3,VNC_HTct_R,
720575941628867042,720575941623108298,3,VNC_HTct_R,
720575941628867042,720575941630959035,5,VNC_HTct_R,
720575941628867042,720575941649244437,4,VNC_IntTct_R,
720575941628867042,720575941650775313,3,VNC_IntTct_R,
720575941628867042,720575941652647185,3,VNC_HTct_R,
720575941629386732,720575941477297716,3,VNC_NTct_L,
720575941629386732,720575941642454885,3,VNC_NTct_L,
720575941629726246,720575941400818723,7,VNC_IntTct_L,
720575941629726246,720575941414508948,10,VNC_IntTct_L,
720575941629726246,720575941414508948,9,VNC_IntTct_R,
720575941629726246,720575941414508948,20,VNC_T1_ProNm_L,
720575941629726246,720575941433060622,3,VNC_IntTct_L,
720575941629726246,720575941457147206,8,VNC_IntTct_L,
720575941629726246,720575941457147206,3,VNC_LTct_L,
720575941629726246,720575941457147206,4,VNC_WTct_L,
720575941629726246,720575941457802480,3,VNC_IntTct_L,
720575941629726246,720575941457802480,8,VNC_LTct_L,
720575941629726246,720575941457802480,8,VNC_LTct_R,
720575941629726246,720575941458790726,4,VNC_LTct_R,
720575941629726246,720575941466725206,6,VNC_LTct_R,
720575941629726246,720575941469724125,3,VNC_IntTct_L,
720575941629726246,720575941469724125,7,VNC_IntTct_R,
720575941629726246,720575941474437681,3,VNC_IntTct_L,
720575941629726246,720575941474437681,7,VNC_LTct_R,
720575941629726246,720575941474741819,6,VNC_IntTct_L,
720575941629726246,720575941474741819,4,VNC_LTct_L,
720575941629726246,720575941474741819,3,VNC_LTct_R,
720575941629726246,720575941485322637,3,VNC_T3_MetaNm_L,
720575941629726246,720575941488475598,4,VNC_LTct_R,
720575941629726246,720575941490833072,4,VNC_IntTct_L,
720575941629726246,720575941492303998,3,VNC_LTct_R,
720575941629726246,720575941512896099,3,VNC_T2_MesoNm_L,
720575941629726246,720575941512987129,3,VNC_LTct_R,
720575941629726246,720575941515071299,9,VNC_LTct_L,
720575941629726246,720575941515936505,5,VNC_IntTct_L,
720575941629726246,720575941515936505,5,VNC_IntTct_R,
720575941629726246,720575941515936505,5,VNC_LTct_R,
720575941629726246,720575941515936505,3,VNC_T2_MesoNm_L,
720575941629726246,720575941515936505,4,VNC_T2_MesoNm_R,
720575941629726246,720575941516784494,5,VNC_LTct_R,
720575941629726246,720575941522089463,3,VNC_LTct_L,
720575941629726246,720575941523112439,5,VNC_IntTct_L,
720575941629726246,720575941524021069,3,VNC_IntTct_L,
720575941629726246,720575941526701412,8,VNC_HTct_L,
720575941629726246,720575941545471593,3,VNC_IntTct_L,
720575941629726246,720575941576941045,8,VNC_IntTct_L,
720575941629726246,720575941576941045,3,VNC_IntTct_R,
720575941629726246,720575941576941045,5,VNC_LTct_R,
720575941629726246,720575941595021681,5,VNC_LTct_R,
720575941629726246,720575941600259369,5,VNC_IntTct_L,
720575941629726246,720575941600259369,3,VNC_LTct_L,
720575941629726246,720575941600259369,5,VNC_LTct_R,
720575941629726246,720575941600259369,13,VNC_T2_MesoNm_L,
720575941629726246,720575941600259369,6,VNC_T2_MesoNm_R,
720575941629726246,720575941623108298,4,VNC_IntTct_R,
720575941629726246,720575941630933947,13,VNC_IntTct_L,
720575941629726246,720575941630933947,4,VNC_LTct_L,
720575941629726246,720575941632698555,3,VNC_T2_MesoNm_L,
720575941629726246,720575941636281205,6,VNC_LTct_L,
720575941629726246,720575941640957029,4,VNC_IntTct_L,
720575941629726246,720575941640957029,4,VNC_LTct_L,
720575941629726246,720575941653563153,3,VNC_IntTct_L,
720575941629726246,720575941653563153,3,VNC_IntTct_R,
720575941629726246,720575941663099516,5,VNC_LTct_R,
720575941629726246,720575941671138727,17,VNC_IntTct_L,
720575941629872422,720575941399253283,5,VNC_IntTct_R,
720575941629872422,720575941409904495,6,VNC_IntTct_R,
720575941629872422,720575941429556655,3,VNC_IntTct_R,
720575941629872422,720575941449255290,4,VNC_HTct_R,
720575941629872422,720575941449255290,4,VNC_IntTct_R,
720575941629872422,720575941449255290,3,VNC_WTct_R,
720575941629872422,720575941450625607,3,VNC_IntTct_R,
720575941629872422,720575941458334163,10,VNC_HTct_R,
720575941629872422,720575941460885005,3,VNC_HTct_R,
720575941629872422,720575941461076493,3,VNC_HTct_R,
720575941629872422,720575941476032542,7,VNC_HTct_R,
720575941629872422,720575941478390607,7,VNC_IntTct_R,
720575941629872422,720575941488675276,5,VNC_HTct_R,
720575941629872422,720575941489746663,5,VNC_IntTct_R,
720575941629872422,720575941489746663,4,VNC_NTct_R,
720575941629872422,720575941490785712,8,VNC_IntTct_R,
720575941629872422,720575941492308606,6,VNC_HTct_R,
720575941629872422,720575941492308606,6,VNC_IntTct_R,
720575941629872422,720575941495591291,5,VNC_HTct_R,
720575941629872422,720575941503451301,18,VNC_HTct_R,
720575941629872422,720575941503451301,8,VNC_IntTct_R,
720575941629872422,720575941516768472,4,VNC_IntTct_R,
720575941629872422,720575941518433719,4,VNC_IntTct_R,
720575941629872422,720575941532385624,7,VNC_HTct_R,
720575941629872422,720575941532385624,4,VNC_IntTct_R,
720575941629872422,720575941533761050,3,VNC_HTct_R,
720575941629872422,720575941546491681,3,VNC_HTct_R,
720575941629872422,720575941546491681,3,VNC_IntTct_R,
720575941629872422,720575941546731041,5,VNC_HTct_R,
720575941629872422,720575941546731041,9,VNC_IntTct_R,
720575941629872422,720575941557294095,5,VNC_HTct_R,
720575941629872422,720575941557294095,7,VNC_IntTct_R,
720575941629872422,720575941557612915,41,VNC_HTct_R,
720575941629872422,720575941557612915,5,VNC_IntTct_R,
720575941629872422,720575941558661165,5,VNC_HTct_R,
720575941629872422,720575941566956532,4,VNC_HTct_R,
720575941629872422,720575941566956532,3,VNC_IntTct_R,
720575941629872422,720575941572107017,6,VNC_IntTct_R,
720575941629872422,720575941572107017,4,VNC_NTct_R,
720575941629872422,720575941583169158,4,VNC_HTct_R,
720575941629872422,720575941590840062,3,VNC_IntTct_R,
720575941629872422,720575941593615211,3,VNC_IntTct_R,
720575941629872422,720575941595804828,3,VNC_WTct_R,
720575941629872422,720575941607605101,4,VNC_IntTct_R,
720575941629872422,720575941608287818,3,VNC_HTct_R,
720575941629872422,720575941608991050,10,VNC_HTct_R,
720575941629872422,720575941609358310,4,VNC_HTct_R,
720575941629872422,720575941610354153,5,VNC_IntTct_R,
720575941629872422,720575941612599449,11,VNC_IntTct_R,
720575941629872422,720575941612599449,3,VNC_NTct_R,
720575941629872422,720575941613256211,6,VNC_HTct_R,
720575941629872422,720575941623284362,5,VNC_HTct_R,
720575941629872422,720575941623284362,6,VNC_IntTct_R,
720575941629872422,720575941650753297,8,VNC_IntTct_R,
720575941629872422,720575941659696184,15,VNC_HTct_R,
720575941630049762,720575941413252241,3,VNC_IntTct_R,
720575941630049762,720575941413255569,8,VNC_HTct_R,
720575941630049762,720575941436996882,5,VNC_IntTct_R,
720575941630049762,720575941456348575,3,VNC_IntTct_R,
720575941630049762,720575941477884802,4,VNC_HTct_R,
720575941630049762,720575941505774209,3,VNC_IntTct_R,
720575941630049762,720575941526355844,5,VNC_IntTct_R,
720575941630049762,720575941587181879,9,VNC_IntTct_R,
720575941630049762,720575941629389804,3,VNC_HTct_R,
720575941630049762,720575941652647185,6,VNC_NTct_R,
720575941630081574,720575941611080010,4,VNC_IntTct_L,
720575941630522850,720575941501002731,3,VNC_T2_MesoNm_L,
720575941631013090,720575941470237504,5,VNC_T1_ProNm_R,
720575941631013090,720575941476543297,12,VNC_T2_MesoNm_R,
720575941631013090,720575941502853719,18,VNC_T2_MesoNm_R,
720575941631013090,720575941517770412,4,VNC_T2_MesoNm_R,
720575941631013090,720575941536318869,7,VNC_T2_MesoNm_R,
720575941631013090,720575941540185213,90,VNC_T2_MesoNm_R,
720575941631013090,720575941559929615,4,VNC_T2_MesoNm_R,
720575941631013090,720575941560635816,8,VNC_T2_MesoNm_R,
720575941631013090,720575941563920999,8,VNC_T1_ProNm_R,
720575941631013090,720575941569585266,47,VNC_T1_ProNm_R,
720575941631013090,720575941595919217,131,VNC_T2_MesoNm_R,
720575941631013090,720575941595919217,9,VNC_WTct_R,
720575941631013090,720575941611988582,5,VNC_T2_MesoNm_R,
720575941631013090,720575941613448668,71,VNC_T2_MesoNm_R,
720575941631013090,720575941625963419,7,VNC_T1_ProNm_R,
720575941631013090,720575941625963419,3,VNC_T2_MesoNm_R,
720575941631020192,720575941609001034,14,VNC_NTct_R,
720575941631028962,720575941461251027,6,VNC_T1_ProNm_R,
720575941631028962,720575941470237504,5,VNC_T1_ProNm_R,
720575941631028962,720575941476543297,3,VNC_T2_MesoNm_R,
720575941631028962,720575941498482043,10,VNC_IntTct_R,
720575941631028962,720575941498482043,7,VNC_T1_ProNm_R,
720575941631028962,720575941498482043,6,VNC_T2_MesoNm_R,
720575941631028962,720575941502853719,5,VNC_T2_MesoNm_R,
720575941631028962,720575941531517413,6,VNC_T2_MesoNm_R,
720575941631028962,720575941536318869,13,VNC_T2_MesoNm_R,
720575941631028962,720575941540185213,28,VNC_T2_MesoNm_R,
720575941631028962,720575941551960319,25,VNC_T2_MesoNm_R,
720575941631028962,720575941611988582,24,VNC_T2_MesoNm_R,
720575941631028962,720575941623130314,10,VNC_T1_ProNm_R,
720575941631060972,720575941536351681,3,VNC_T1_ProNm_R,
720575941631060972,720575941560088814,12,VNC_T1_ProNm_R,
720575941631315616,720575941560427379,4,VNC_ANm_L,
720575941631642860,720575941394069654,16,VNC_HTct_L,
720575941631642860,720575941399309603,3,VNC_NTct_L,
720575941631642860,720575941399309603,6,VNC_WTct_L,
720575941631642860,720575941400818723,3,VNC_NTct_L,
720575941631642860,720575941414326161,3,VNC_IntTct_L,
720575941631642860,720575941455940336,3,VNC_IntTct_L,
720575941631642860,720575941459514512,6,VNC_HTct_L,
720575941631642860,720575941464073558,10,VNC_IntTct_L,
720575941631642860,720575941465484566,27,VNC_HTct_L,
720575941631642860,720575941465484566,4,VNC_IntTct_L,
720575941631642860,720575941467216093,3,VNC_HTct_L,
720575941631642860,720575941467216093,4,VNC_WTct_L,
720575941631642860,720575941471203447,5,VNC_HTct_L,
720575941631642860,720575941472573499,3,VNC_IntTct_L,
720575941631642860,720575941474786625,4,VNC_HTct_L,
720575941631642860,720575941476130097,7,VNC_NTct_L,
720575941631642860,720575941478488143,3,VNC_HTct_L,
720575941631642860,720575941479167456,3,VNC_NTct_L,
720575941631642860,720575941501786930,4,VNC_HTct_L,
720575941631642860,720575941505478690,4,VNC_HTct_L,
720575941631642860,720575941508542674,11,VNC_HTct_L,
720575941631642860,720575941508542674,3,VNC_IntTct_L,
720575941631642860,720575941513177091,4,VNC_HTct_L,
720575941631642860,720575941520331511,3,VNC_HTct_L,
720575941631642860,720575941520333047,8,VNC_HTct_L,
720575941631642860,720575941524114532,9,VNC_HTct_L,
720575941631642860,720575941524114532,4,VNC_IntTct_L,
720575941631642860,720575941526507140,5,VNC_NTct_L,
720575941631642860,720575941534709482,3,VNC_HTct_L,
720575941631642860,720575941536294293,4,VNC_HTct_L,
720575941631642860,720575941537600973,3,VNC_WTct_L,
720575941631642860,720575941543669765,15,VNC_HTct_L,
720575941631642860,720575941543669765,5,VNC_IntTct_L,
720575941631642860,720575941560631464,4,VNC_IntTct_L,
720575941631642860,720575941560631464,4,VNC_NTct_L,
720575941631642860,720575941561320493,3,VNC_IntTct_L,
720575941631642860,720575941569659806,4,VNC_HTct_L,
720575941631642860,720575941572251144,26,VNC_HTct_L,
720575941631642860,720575941572251144,3,VNC_IntTct_L,
720575941631642860,720575941583128454,30,VNC_HTct_L,
720575941631642860,720575941583128454,7,VNC_IntTct_L,
720575941631642860,720575941583511518,3,VNC_IntTct_L,
720575941631642860,720575941590840062,4,VNC_IntTct_L,
720575941631642860,720575941601088441,9,VNC_HTct_L,
720575941631642860,720575941601209590,4,VNC_IntTct_L,
720575941631642860,720575941601209590,7,VNC_NTct_L,
720575941631642860,720575941608861929,4,VNC_HTct_L,
720575941631642860,720575941608861929,4,VNC_IntTct_L,
720575941631642860,720575941608861929,5,VNC_WTct_L,
720575941631642860,720575941612053094,4,VNC_HTct_L,
720575941631642860,720575941621616380,3,VNC_NTct_L,
720575941631642860,720575941630111941,3,VNC_HTct_L,
720575941631642860,720575941630748859,16,VNC_HTct_L,
720575941631642860,720575941652781524,3,VNC_IntTct_L,
720575941631642860,720575941678358973,3,VNC_HTct_L,
720575941631642860,720575941723242042,3,VNC_HTct_L,
720575941632002720,720575941457147206,6,VNC_unassigned_L,
720575941632002720,720575941498935777,3,VNC_HTct_L,
720575941632002720,720575941498935777,3,VNC_unassigned_R,
720575941632002720,720575941518434227,3,VNC_WTct_L,
720575941632002720,720575941519213016,4,VNC_WTct_L,
720575941632002720,720575941554049307,4,VNC_NTct_R,
720575941632002720,720575941594160421,3,VNC_unassigned_R,
720575941632002720,720575941653563153,5,VNC_NTct_L,
720575941632059372,720575941400818723,4,VNC_NTct_L,
720575941632059372,720575941477927042,13,VNC_NTct_L,
720575941632059372,720575941486866640,4,VNC_HTct_L,
720575941632059372,720575941495356286,14,VNC_HTct_L,
720575941632059372,720575941495356286,6,VNC_NTct_L,
720575941632059372,720575941501135191,4,VNC_NTct_L,
720575941632059372,720575941501135191,11,VNC_T1_ProNm_L,
720575941632059372,720575941512450371,75,VNC_T2_MesoNm_L,
720575941632059372,720575941512450371,17,VNC_WTct_L,
720575941632059372,720575941550878087,7,VNC_HTct_L,
720575941632059372,720575941579868917,8,VNC_IntTct_L,
720575941632059372,720575941579868917,20,VNC_NTct_L,
720575941632059372,720575941579868917,3,VNC_T1_ProNm_L,
720575941632059372,720575941579868917,3,VNC_unassigned_L,
720575941632059372,720575941601243321,3,VNC_NTct_L,
720575941632059372,720575941611080010,9,VNC_HTct_L,
720575941632059372,720575941611080010,4,VNC_T2_MesoNm_L,
720575941632059372,720575941652640273,4,VNC_WTct_L,
720575941632059372,720575941678358973,4,VNC_HTct_L,
720575941632167611,720575941477297716,41,VNC_NTct_L,
720575941632167611,720575941477297716,10,VNC_T1_ProNm_L,
720575941632167611,720575941477297716,22,VNC_unassigned_L,
720575941632167611,720575941525725954,17,VNC_NTct_L,
720575941632594592,720575941458334163,4,VNC_HTct_R,
720575941632594592,720575941470474763,4,VNC_WTct_R,
720575941632594592,720575941479961312,3,VNC_IntTct_R,
720575941632594592,720575941490785712,3,VNC_WTct_R,
720575941632594592,720575941503451301,3,VNC_HTct_R,
720575941632594592,720575941525219494,3,VNC_IntTct_R,
720575941632594592,720575941530192843,8,VNC_WTct_R,
720575941632594592,720575941557612915,3,VNC_IntTct_R,
720575941632594592,720575941608991050,5,VNC_HTct_R,
720575941632652987,720575941559929615,12,VNC_T2_MesoNm_R,
720575941632652987,720575941625962139,10,VNC_T2_MesoNm_R,
720575941632799392,720575941458373587,3,VNC_IntTct_R,
720575941632978629,720575941463655693,3,VNC_WTct_L,
720575941632978629,720575941485458754,3,VNC_WTct_L,
720575941632978629,720575941516099500,3,VNC_NTct_L,
720575941632978629,720575941521986227,3,VNC_unassigned_R,
720575941632978629,720575941554049307,3,VNC_HTct_R,
720575941632978629,720575941594160421,3,VNC_NTct_R,
720575941632978629,720575941594160421,8,VNC_WTct_R,
720575941632978629,720575941669049587,3,VNC_NTct_L,
720575941633124549,720575941450532174,3,VNC_T1_ProNm_R,
720575941633206944,720575941390682262,8,VNC_LTct_L,
720575941633206944,720575941390682262,3,VNC_LTct_R,
720575941633206944,720575941401776931,3,VNC_LTct_L,
720575941633206944,720575941450532174,8,VNC_LTct_L,
720575941633206944,720575941450532174,3,VNC_LTct_R,
720575941633206944,720575941460195780,3,VNC_LTct_R,
720575941633206944,720575941466509590,3,VNC_IntTct_L,
720575941633206944,720575941468720139,4,VNC_LTct_L,
720575941633206944,720575941473679402,4,VNC_LTct_L,
720575941633206944,720575941474741819,6,VNC_LTct_R,
720575941633206944,720575941478403178,3,VNC_LTct_L,
720575941633206944,720575941478523983,5,VNC_LTct_L,
720575941633206944,720575941491289033,4,VNC_LTct_R,
720575941633206944,720575941503455467,5,VNC_LTct_L,
720575941633206944,720575941521031927,6,VNC_LTct_L,
720575941633206944,720575941521031927,4,VNC_LTct_R,
720575941633206944,720575941523074379,4,VNC_LTct_R,
720575941633206944,720575941527110840,3,VNC_LTct_R,
720575941633206944,720575941527150776,5,VNC_LTct_R,
720575941633206944,720575941539355517,5,VNC_IntTct_R,
720575941633206944,720575941539355517,7,VNC_LTct_L,
720575941633206944,720575941539355517,31,VNC_LTct_R,
720575941633206944,720575941545471593,5,VNC_LTct_L,
720575941633206944,720575941563254070,3,VNC_IntTct_L,
720575941633206944,720575941563254070,5,VNC_LTct_L,
720575941633206944,720575941569652638,15,VNC_LTct_L,
720575941633206944,720575941580604661,3,VNC_LTct_L,
720575941633206944,720575941580604661,6,VNC_LTct_R,
720575941633206944,720575941583203462,4,VNC_LTct_L,
720575941633206944,720575941583203462,4,VNC_LTct_R,
720575941633206944,720575941615272601,41,VNC_LTct_L,
720575941633206944,720575941623067338,3,VNC_LTct_R,
720575941633206944,720575941625963419,3,VNC_LTct_R,
720575941633206944,720575941642372040,5,VNC_IntTct_L,
720575941633206944,720575941670676135,13,VNC_LTct_L,
720575941633779387,720575941470077047,3,VNC_WTct_L,
720575941633779387,720575941477297716,5,VNC_NTct_L,
720575941633779387,720575941535047690,3,VNC_T2_MesoNm_L,
720575941633779387,720575941572851087,3,VNC_IntTct_L,
720575941633779387,720575941590291084,3,VNC_WTct_L,
720575941633833403,720575941433032718,9,VNC_IntTct_L,
720575941633833403,720575941433032718,5,VNC_unassigned_L,
720575941633833403,720575941523112439,3,VNC_T1_ProNm_L,
720575941633911227,720575941400818723,10,VNC_IntTct_L,
720575941633911227,720575941400818723,11,VNC_NTct_L,
720575941633911227,720575941433032718,16,VNC_IntTct_L,
720575941633911227,720575941433032718,7,VNC_NTct_L,
720575941633911227,720575941436973586,3,VNC_HTct_L,
720575941633911227,720575941447025845,5,VNC_IntTct_L,
720575941633911227,720575941457147206,3,VNC_IntTct_L,
720575941633911227,720575941471203447,5,VNC_HTct_L,
720575941633911227,720575941471203447,3,VNC_IntTct_L,
720575941633911227,720575941475766122,5,VNC_HTct_L,
720575941633911227,720575941479098819,3,VNC_IntTct_L,
720575941633911227,720575941506644540,5,VNC_IntTct_L,
720575941633911227,720575941508542674,10,VNC_IntTct_L,
720575941633911227,720575941513242202,3,VNC_IntTct_L,
720575941633911227,720575941532349362,4,VNC_IntTct_L,
720575941633911227,720575941540205181,10,VNC_HTct_L,
720575941633911227,720575941540205181,4,VNC_IntTct_L,
720575941633911227,720575941543316329,3,VNC_IntTct_L,
720575941633911227,720575941552783495,10,VNC_HTct_L,
720575941633911227,720575941552783495,6,VNC_IntTct_L,
720575941633911227,720575941559020270,7,VNC_HTct_L,
720575941633911227,720575941571997085,5,VNC_NTct_L,
720575941633911227,720575941579219321,3,VNC_HTct_L,
720575941633911227,720575941588615052,8,VNC_IntTct_L,
720575941633911227,720575941592428907,6,VNC_HTct_L,
720575941633911227,720575941628591330,3,VNC_IntTct_L,
720575941633911227,720575941641574994,4,VNC_HTct_L,
720575941633911227,720575941665603059,5,VNC_HTct_L,
720575941633911227,720575941687929307,3,VNC_HTct_L,
720575941633911227,720575941687929307,7,VNC_IntTct_L,
720575941634269371,720575941545362281,3,VNC_AMNp_L,
720575941634269371,720575941605602669,4,VNC_AMNp_L,
720575941634269371,720575941630622624,31,VNC_AMNp_L,
720575941634269371,720575941630622624,9,VNC_unassigned_L,
720575941634269371,720575941691313115,13,VNC_AMNp_L,
720575941637734175,720575941496284489,5,VNC_HTct_R,
720575941637734175,720575941498935777,3,VNC_IntTct_R,
720575941637734175,720575941533682714,3,VNC_HTct_R,
720575941637734175,720575941562134829,6,VNC_HTct_R,
720575941637734175,720575941562134829,3,VNC_IntTct_R,
720575941637734175,720575941653563153,3,VNC_LTct_R,
720575941637734175,720575941668725169,4,VNC_HTct_R,
720575941637734175,720575941668725169,5,VNC_WTct_R,
720575941637800309,720575941477879426,4,VNC_unassigned_R,
720575941637800309,720575941529799608,7,VNC_HTct_R,
720575941637800309,720575941556244644,3,VNC_HTct_R,
720575941637800309,720575941575684953,3,VNC_HTct_R,
720575941637800309,720575941610493404,3,VNC_HTct_R,
720575941637800309,720575941612799251,4,VNC_HTct_R,
720575941637800309,720575941644908408,11,VNC_HTct_R,
720575941638407199,720575941394069654,33,VNC_HTct_L,
720575941638407199,720575941399309603,3,VNC_IntTct_L,
720575941638407199,720575941399309603,6,VNC_WTct_L,
720575941638407199,720575941400818723,18,VNC_IntTct_L,
720575941638407199,720575941400818723,24,VNC_NTct_L,
720575941638407199,720575941411791764,3,VNC_HTct_L,
720575941638407199,720575941414326161,5,VNC_HTct_L,
720575941638407199,720575941414326161,3,VNC_IntTct_L,
720575941638407199,720575941429210721,7,VNC_HTct_L,
720575941638407199,720575941429210721,4,VNC_WTct_L,
720575941638407199,720575941429361249,6,VNC_HTct_L,
720575941638407199,720575941429361249,5,VNC_WTct_L,
720575941638407199,720575941429512151,6,VNC_IntTct_L,
720575941638407199,720575941430842209,4,VNC_HTct_L,
720575941638407199,720575941447013813,4,VNC_HTct_L,
720575941638407199,720575941450876794,17,VNC_HTct_L,
720575941638407199,720575941450876794,12,VNC_IntTct_L,
720575941638407199,720575941450876794,9,VNC_WTct_L,
720575941638407199,720575941452168873,5,VNC_HTct_L,
720575941638407199,720575941457147206,4,VNC_HTct_L,
720575941638407199,720575941457147206,8,VNC_IntTct_L,
720575941638407199,720575941457147206,6,VNC_NTct_L,
720575941638407199,720575941459514512,10,VNC_HTct_L,
720575941638407199,720575941459514512,3,VNC_IntTct_L,
720575941638407199,720575941459926086,13,VNC_IntTct_L,
720575941638407199,720575941459926086,10,VNC_NTct_L,
720575941638407199,720575941464073558,13,VNC_HTct_L,
720575941638407199,720575941464073558,18,VNC_IntTct_L,
720575941638407199,720575941465484566,32,VNC_HTct_L,
720575941638407199,720575941465484566,15,VNC_IntTct_L,
720575941638407199,720575941467216093,6,VNC_HTct_L,
720575941638407199,720575941467216093,4,VNC_IntTct_L,
720575941638407199,720575941467216093,4,VNC_WTct_L,
720575941638407199,720575941471203447,5,VNC_HTct_L,
720575941638407199,720575941473850720,7,VNC_HTct_L,
720575941638407199,720575941473850720,25,VNC_IntTct_L,
720575941638407199,720575941473850720,5,VNC_NTct_L,
720575941638407199,720575941474786625,3,VNC_HTct_L,
720575941638407199,720575941476130097,8,VNC_IntTct_L,
720575941638407199,720575941476130097,4,VNC_NTct_L,
720575941638407199,720575941477166622,28,VNC_IntTct_L,
720575941638407199,720575941477166622,19,VNC_NTct_L,
720575941638407199,720575941477166622,3,VNC_WTct_L,
720575941638407199,720575941479167456,3,VNC_IntTct_L,
720575941638407199,720575941479167456,4,VNC_NTct_L,
720575941638407199,720575941490785712,6,VNC_IntTct_L,
720575941638407199,720575941501041643,3,VNC_IntTct_L,
720575941638407199,720575941501786930,3,VNC_HTct_L,
720575941638407199,720575941505478690,9,VNC_HTct_L,
720575941638407199,720575941505478690,15,VNC_IntTct_L,
720575941638407199,720575941508542674,3,VNC_HTct_L,
720575941638407199,720575941517764824,12,VNC_HTct_L,
720575941638407199,720575941517764824,9,VNC_IntTct_L,
720575941638407199,720575941518466483,4,VNC_IntTct_L,
720575941638407199,720575941518466483,3,VNC_NTct_L,
720575941638407199,720575941520331511,5,VNC_HTct_L,
720575941638407199,720575941520333047,24,VNC_HTct_L,
720575941638407199,720575941520333047,13,VNC_IntTct_L,
720575941638407199,720575941520333047,4,VNC_WTct_L,
720575941638407199,720575941523112439,15,VNC_IntTct_L,
720575941638407199,720575941523112439,10,VNC_NTct_L,
720575941638407199,720575941524114532,5,VNC_IntTct_L,
720575941638407199,720575941524280857,3,VNC_HTct_L,
720575941638407199,720575941524280857,4,VNC_WTct_L,
720575941638407199,720575941524369945,3,VNC_HTct_L,
720575941638407199,720575941535001010,4,VNC_HTct_L,
720575941638407199,720575941536208789,3,VNC_WTct_L,
720575941638407199,720575941536294293,5,VNC_HTct_L,
720575941638407199,720575941537600973,8,VNC_HTct_L,
720575941638407199,720575941537600973,4,VNC_IntTct_L,
720575941638407199,720575941537600973,3,VNC_WTct_L,
720575941638407199,720575941543669765,7,VNC_HTct_L,
720575941638407199,720575941543669765,6,VNC_IntTct_L,
720575941638407199,720575941549283839,8,VNC_HTct_L,
720575941638407199,720575941549840702,24,VNC_HTct_L,
720575941638407199,720575941550878087,10,VNC_HTct_L,
720575941638407199,720575941560631464,18,VNC_IntTct_L,
720575941638407199,720575941560631464,7,VNC_NTct_L,
720575941638407199,720575941572251144,70,VNC_HTct_L,
720575941638407199,720575941572251144,32,VNC_IntTct_L,
720575941638407199,720575941579868917,18,VNC_IntTct_L,
720575941638407199,720575941579868917,18,VNC_NTct_L,
720575941638407199,720575941583128454,98,VNC_HTct_L,
720575941638407199,720575941583128454,19,VNC_IntTct_L,
720575941638407199,720575941583511518,4,VNC_IntTct_L,
720575941638407199,720575941588018942,6,VNC_HTct_L,
720575941638407199,720575941591748648,4,VNC_HTct_L,
720575941638407199,720575941601088441,22,VNC_HTct_L,
720575941638407199,720575941601088441,6,VNC_IntTct_L,
720575941638407199,720575941601092537,4,VNC_IntTct_L,
720575941638407199,720575941601209590,7,VNC_IntTct_L,
720575941638407199,720575941601209590,5,VNC_NTct_L,
720575941638407199,720575941601243321,6,VNC_IntTct_L,
720575941638407199,720575941601243321,5,VNC_NTct_L,
720575941638407199,720575941610583260,3,VNC_HTct_L,
720575941638407199,720575941611080010,19,VNC_HTct_L,
720575941638407199,720575941611080010,4,VNC_IntTct_L,
720575941638407199,720575941611080010,5,VNC_WTct_L,
720575941638407199,720575941612599449,5,VNC_HTct_L,
720575941638407199,720575941621616380,11,VNC_IntTct_L,
720575941638407199,720575941621616380,5,VNC_NTct_L,
720575941638407199,720575941621616380,6,VNC_WTct_L,
720575941638407199,720575941628591330,11,VNC_HTct_L,
720575941638407199,720575941628591330,4,VNC_IntTct_L,
720575941638407199,720575941628591330,5,VNC_WTct_L,
720575941638407199,720575941630748859,20,VNC_HTct_L,
720575941638407199,720575941630748859,7,VNC_IntTct_L,
720575941638407199,720575941630933947,3,VNC_IntTct_L,
720575941638407199,720575941637950239,3,VNC_HTct_L,
720575941638407199,720575941652781524,9,VNC_IntTct_L,
720575941638407199,720575941656239440,3,VNC_WTct_L,
720575941638407199,720575941678358973,31,VNC_HTct_L,
720575941639588127,720575941350441008,3,VNC_IntTct_L,
720575941639588127,720575941350441008,3,VNC_WTct_L,
720575941639588127,720575941429324897,8,VNC_HTct_L,
720575941639588127,720575941430438414,10,VNC_HTct_L,
720575941639588127,720575941438938175,3,VNC_WTct_L,
720575941639588127,720575941439083983,6,VNC_HTct_L,
720575941639588127,720575941439083983,3,VNC_IntTct_L,
720575941639588127,720575941439083983,8,VNC_WTct_L,
720575941639588127,720575941451834281,4,VNC_HTct_L,
720575941639588127,720575941457797360,18,VNC_HTct_L,
720575941639588127,720575941457797360,7,VNC_IntTct_L,
720575941639588127,720575941457797360,12,VNC_WTct_L,
720575941639588127,720575941459562128,4,VNC_HTct_L,
720575941639588127,720575941459562128,4,VNC_IntTct_L,
720575941639588127,720575941459562128,7,VNC_WTct_L,
720575941639588127,720575941474337310,6,VNC_WTct_L,
720575941639588127,720575941474394673,9,VNC_HTct_L,
720575941639588127,720575941474394673,7,VNC_WTct_L,
720575941639588127,720575941475609194,3,VNC_IntTct_L,
720575941639588127,720575941485288144,7,VNC_HTct_L,
720575941639588127,720575941485288144,5,VNC_WTct_L,
720575941639588127,720575941494052992,3,VNC_HTct_L,
720575941639588127,720575941494052992,5,VNC_WTct_L,
720575941639588127,720575941498935777,10,VNC_NTct_L,
720575941639588127,720575941498935777,7,VNC_WTct_L,
720575941639588127,720575941499447691,4,VNC_NTct_L,
720575941639588127,720575941499447691,5,VNC_WTct_L,
720575941639588127,720575941501786930,11,VNC_HTct_L,
720575941639588127,720575941501786930,3,VNC_IntTct_L,
720575941639588127,720575941501786930,4,VNC_WTct_L,
720575941639588127,720575941501786930,7,VNC_unassigned_L,
720575941639588127,720575941503499755,28,VNC_HTct_L,
720575941639588127,720575941503499755,5,VNC_WTct_L,
720575941639588127,720575941503499755,3,VNC_unassigned_L,
720575941639588127,720575941504563781,3,VNC_HTct_L,
720575941639588127,720575941504563781,5,VNC_unassigned_L,
720575941639588127,720575941505991041,12,VNC_HTct_L,
720575941639588127,720575941505991041,5,VNC_WTct_L,
720575941639588127,720575941512798796,11,VNC_HTct_L,
720575941639588127,720575941512798796,3,VNC_IntTct_L,
720575941639588127,720575941512798796,9,VNC_WTct_L,
720575941639588127,720575941516590552,3,VNC_WTct_L,
720575941639588127,720575941520331511,5,VNC_WTct_L,
720575941639588127,720575941521485643,4,VNC_WTct_L,
720575941639588127,720575941533191105,4,VNC_HTct_L,
720575941639588127,720575941533191105,4,VNC_WTct_L,
720575941639588127,720575941534709482,3,VNC_HTct_L,
720575941639588127,720575941536708323,5,VNC_WTct_L,
720575941639588127,720575941538289379,19,VNC_HTct_L,
720575941639588127,720575941538289379,3,VNC_unassigned_L,
720575941639588127,720575941545234356,4,VNC_HTct_L,
720575941639588127,720575941549290495,3,VNC_IntTct_L,
720575941639588127,720575941549290495,4,VNC_WTct_L,
720575941639588127,720575941549394687,15,VNC_HTct_L,
720575941639588127,720575941549394687,3,VNC_IntTct_L,
720575941639588127,720575941549394687,23,VNC_WTct_L,
720575941639588127,720575941552587399,5,VNC_HTct_L,
720575941639588127,720575941552587399,3,VNC_WTct_L,
720575941639588127,720575941554264577,3,VNC_HTct_L,
720575941639588127,720575941556244644,4,VNC_WTct_L,
720575941639588127,720575941557242148,7,VNC_HTct_L,
720575941639588127,720575941562358023,4,VNC_WTct_L,
720575941639588127,720575941563318070,15,VNC_HTct_L,
720575941639588127,720575941563318070,12,VNC_IntTct_L,
720575941639588127,720575941563318070,12,VNC_WTct_L,
720575941639588127,720575941565243950,3,VNC_HTct_L,
720575941639588127,720575941575681718,5,VNC_HTct_L,
720575941639588127,720575941575681718,32,VNC_WTct_L,
720575941639588127,720575941575682998,3,VNC_IntTct_L,
720575941639588127,720575941575682998,6,VNC_WTct_L,
720575941639588127,720575941576986705,3,VNC_HTct_L,
720575941639588127,720575941579768565,7,VNC_HTct_L,
720575941639588127,720575941579768565,6,VNC_WTct_L,
720575941639588127,720575941579809013,8,VNC_IntTct_L,
720575941639588127,720575941579809013,7,VNC_NTct_L,
720575941639588127,720575941579809013,5,VNC_WTct_L,
720575941639588127,720575941583208582,8,VNC_IntTct_L,
720575941639588127,720575941583208582,11,VNC_WTct_L,
720575941639588127,720575941587284535,12,VNC_HTct_L,
720575941639588127,720575941588061438,5,VNC_NTct_L,
720575941639588127,720575941598634537,5,VNC_HTct_L,
720575941639588127,720575941602315454,22,VNC_HTct_L,
720575941639588127,720575941602315454,3,VNC_WTct_L,
720575941639588127,720575941621630716,26,VNC_HTct_L,
720575941639588127,720575941625372985,9,VNC_NTct_L,
720575941639588127,720575941642638792,4,VNC_IntTct_L,
720575941639588127,720575941653563153,7,VNC_NTct_L,
720575941639588127,720575941653563153,13,VNC_WTct_L,
720575941639588127,720575941656239440,4,VNC_HTct_L,
720575941639588127,720575941656239440,3,VNC_WTct_L,
720575941639588127,720575941668315891,4,VNC_HTct_L,
720575941639588127,720575941686858735,5,VNC_WTct_L,
720575941639763999,720575941449255290,3,VNC_IntTct_R,
720575941639763999,720575941485377602,6,VNC_HTct_R,
720575941639763999,720575941492308606,12,VNC_IntTct_R,
720575941639763999,720575941533761050,5,VNC_HTct_R,
720575941639763999,720575941533761050,5,VNC_IntTct_R,
720575941639763999,720575941545400508,8,VNC_HTct_R,
720575941639763999,720575941545400508,8,VNC_IntTct_R,
720575941639763999,720575941551579034,4,VNC_HTct_R,
720575941639763999,720575941551579034,4,VNC_IntTct_R,
720575941639763999,720575941557294095,3,VNC_HTct_R,
720575941639763999,720575941557294095,6,VNC_IntTct_R,
720575941639763999,720575941557294095,4,VNC_WTct_R,
720575941639763999,720575941592154582,3,VNC_IntTct_R,
720575941639763999,720575941595804828,20,VNC_IntTct_R,
720575941639763999,720575941609358310,6,VNC_HTct_R,
720575941639763999,720575941609358310,3,VNC_IntTct_R,
720575941639763999,720575941613256211,4,VNC_HTct_R,
720575941639763999,720575941657718552,3,VNC_IntTct_R,
720575941639763999,720575941658602520,3,VNC_HTct_R,
720575941639763999,720575941658602520,17,VNC_IntTct_R,
720575941639802655,720575941498935777,3,VNC_IntTct_R,
720575941639802655,720575941536208789,4,VNC_IntTct_R,
720575941639802655,720575941576941045,3,VNC_IntTct_R,
720575941639802655,720575941609001034,3,VNC_NTct_R,
720575941639802655,720575941610174950,4,VNC_NTct_R,
720575941640505375,720575941408509867,4,VNC_T2_MesoNm_L,
720575941640505375,720575941441993167,4,VNC_T2_MesoNm_L,
720575941640505375,720575941442357674,4,VNC_T2_MesoNm_L,
720575941640505375,720575941450559566,74,VNC_T2_MesoNm_L,
720575941640505375,720575941453578409,10,VNC_T2_MesoNm_L,
720575941640505375,720575941453578409,3,VNC_unassigned_L,
720575941640505375,720575941458382803,25,VNC_T2_MesoNm_L,
720575941640505375,720575941474467633,138,VNC_T2_MesoNm_L,
720575941640505375,720575941475702890,3,VNC_AMNp_L,
720575941640505375,720575941521069751,8,VNC_T1_ProNm_L,
720575941640505375,720575941521069751,4,VNC_T2_MesoNm_L,
720575941640505375,720575941521071543,4,VNC_T2_MesoNm_L,
720575941640505375,720575941548936253,11,VNC_T2_MesoNm_L,
720575941640505375,720575941552487169,22,VNC_T2_MesoNm_L,
720575941640505375,720575941572444830,10,VNC_T2_MesoNm_L,
720575941640505375,720575941572737679,22,VNC_T1_ProNm_L,
720575941640505375,720575941590291084,3,VNC_AMNp_L,
720575941640505375,720575941590291084,139,VNC_T2_MesoNm_L,
720575941640505375,720575941590291084,4,VNC_unassigned_L,
720575941640505375,720575941592919080,3,VNC_T1_ProNm_L,
720575941640505375,720575941611060042,7,VNC_T2_MesoNm_L,
720575941640505375,720575941611914669,7,VNC_T1_ProNm_L,
720575941640505375,720575941611914669,3,VNC_T2_MesoNm_L,
720575941640505375,720575941614874325,3,VNC_T1_ProNm_L,
720575941640505375,720575941632698555,10,VNC_T2_MesoNm_L,
720575941640505375,720575941649795057,8,VNC_T2_MesoNm_L,
720575941640505375,720575941670593703,12,VNC_T2_MesoNm_L,
720575941640775455,720575941625907769,5,VNC_IntTct_R,
720575941640840991,720575941490266828,3,VNC_ANm_R,
720575941640840991,720575941490266828,5,VNC_IntTct_R,
720575941640840991,720575941490266828,4,VNC_unassigned_L,
720575941642868385,720575941567089396,3,VNC_NTct_R,
720575941642906529,720575941438631871,4,VNC_T2_MesoNm_L,
720575941642906529,720575941501984651,5,VNC_IntTct_L,
720575941642906529,720575941501984651,10,VNC_T1_ProNm_L,
720575941642906529,720575941501984651,6,VNC_T2_MesoNm_L,
720575941642906529,720575941501984651,6,VNC_T3_MetaNm_L,
720575941642906529,720575941512450371,37,VNC_T2_MesoNm_L,
720575941642966629,720575941410021231,6,VNC_HTct_R,
720575941642966629,720575941438723263,4,VNC_HTct_R,
720575941642966629,720575941441318591,3,VNC_IntTct_R,
720575941642966629,720575941472561979,4,VNC_HTct_R,
720575941642966629,720575941477879426,3,VNC_IntTct_R,
720575941642966629,720575941478634831,3,VNC_HTct_R,
720575941642966629,720575941486846416,5,VNC_NTct_R,
720575941642966629,720575941496289609,5,VNC_HTct_R,
720575941642966629,720575941496318793,8,VNC_HTct_R,
720575941642966629,720575941513254905,4,VNC_IntTct_R,
720575941642966629,720575941520064435,3,VNC_IntTct_R,
720575941642966629,720575941521508939,3,VNC_IntTct_R,
720575941642966629,720575941526847910,5,VNC_IntTct_R,
720575941642966629,720575941528944568,7,VNC_HTct_R,
720575941642966629,720575941532509016,3,VNC_HTct_R,
720575941642966629,720575941559309171,5,VNC_HTct_R,
720575941642966629,720575941564066567,3,VNC_HTct_R,
720575941642966629,720575941564417024,10,VNC_HTct_R,
720575941642966629,720575941564417024,3,VNC_IntTct_R,
720575941642966629,720575941570772296,5,VNC_IntTct_R,
720575941642966629,720575941576984821,3,VNC_IntTct_R,
720575941642966629,720575941595782556,3,VNC_HTct_R,
720575941642966629,720575941608324717,7,VNC_HTct_R,
720575941642966629,720575941616420053,3,VNC_HTct_R,
720575941642966629,720575941622232828,3,VNC_HTct_R,
720575941642966629,720575941633054368,3,VNC_HTct_R,
720575941642966629,720575941650775313,3,VNC_IntTct_R,
720575941643030945,720575941505225266,4,VNC_HTct_L,
720575941643030945,720575941575681718,3,VNC_HTct_L,
720575941643030945,720575941581506143,3,VNC_HTct_L,
720575941643030945,720575941593875589,6,VNC_HTct_R,
720575941643030945,720575941614698709,6,VNC_HTct_L,
720575941643030945,720575941671138727,3,VNC_HTct_L,
720575941643030945,720575941671138727,3,VNC_WTct_L,
720575941643043272,720575941486560774,8,VNC_T2_MesoNm_R,
720575941643043272,720575941533738986,3,VNC_T2_MesoNm_R,
720575941643043272,720575941547164084,11,VNC_T2_MesoNm_R,
720575941643043272,720575941681021885,3,VNC_T2_MesoNm_R,
720575941643577445,720575941437396012,14,VNC_WTct_L,
720575941643577445,720575941437396012,3,VNC_WTct_R,
720575941643577445,720575941438261845,3,VNC_WTct_L,
720575941643577445,720575941450532174,3,VNC_IntTct_L,
720575941643577445,720575941450532174,3,VNC_WTct_R,
720575941643577445,720575941498948425,4,VNC_WTct_L,
720575941643577445,720575941504389655,3,VNC_IntTct_L,
720575941643577445,720575941504389655,12,VNC_WTct_L,
720575941643577445,720575941513152209,6,VNC_WTct_L,
720575941643577445,720575941518434227,4,VNC_WTct_L,
720575941643577445,720575941526690841,5,VNC_WTct_L,
720575941643577445,720575941555478564,3,VNC_HTct_L,
720575941643577445,720575941561365906,3,VNC_WTct_L,
720575941643577445,720575941567046644,3,VNC_WTct_L,
720575941644554184,720575941623130314,13,VNC_T1_ProNm_R,
720575941644756168,720575941408481195,3,VNC_AMNp_L,
720575941644756168,720575941505536290,4,VNC_T3_MetaNm_L,
720575941644756168,720575941691313115,3,VNC_AMNp_L,
720575941644756168,720575941691313115,4,VNC_T1_ProNm_L,
720575941645080481,720575941490266828,3,VNC_IntTct_R,
720575941645080481,720575941589863735,5,VNC_unassigned_L,
720575941645117304,720575941498482043,3,VNC_T1_ProNm_R,
720575941645117304,720575941623130314,4,VNC_NTct_R,
720575941645372792,720575941450876794,4,VNC_HTct_L,
720575941645372792,720575941508509569,11,VNC_HTct_L,
720575941645372792,720575941547226248,4,VNC_NTct_L,
720575941645372792,720575941572851087,4,VNC_NTct_L,
720575941645372792,720575941598634537,3,VNC_HTct_L,
720575941645444808,720575941399253283,7,VNC_IntTct_R,
720575941645444808,720575941413990172,8,VNC_HTct_R,
720575941645444808,720575941414897041,5,VNC_HTct_R,
720575941645444808,720575941430389006,11,VNC_HTct_R,
720575941645444808,720575941436996882,5,VNC_IntTct_R,
720575941645444808,720575941439011279,12,VNC_IntTct_R,
720575941645444808,720575941449255290,5,VNC_IntTct_R,
720575941645444808,720575941449255290,3,VNC_WTct_R,
720575941645444808,720575941452315443,4,VNC_HTct_R,
720575941645444808,720575941456348575,22,VNC_HTct_R,
720575941645444808,720575941456348575,48,VNC_IntTct_R,
720575941645444808,720575941456348575,4,VNC_NTct_R,
720575941645444808,720575941456348575,3,VNC_WTct_R,
720575941645444808,720575941458334163,14,VNC_HTct_R,
720575941645444808,720575941458334163,17,VNC_IntTct_R,
720575941645444808,720575941459554960,5,VNC_IntTct_R,
720575941645444808,720575941460885005,3,VNC_HTct_R,
720575941645444808,720575941477884802,21,VNC_HTct_R,
720575941645444808,720575941488675276,11,VNC_HTct_R,
720575941645444808,720575941488675276,3,VNC_unassigned_R,
720575941645444808,720575941495591291,6,VNC_HTct_R,
720575941645444808,720575941495591291,6,VNC_IntTct_R,
720575941645444808,720575941502578411,4,VNC_HTct_R,
720575941645444808,720575941503451301,17,VNC_HTct_R,
720575941645444808,720575941503451301,11,VNC_IntTct_R,
720575941645444808,720575941516768472,7,VNC_IntTct_R,
720575941645444808,720575941532385624,9,VNC_HTct_R,
720575941645444808,720575941532385624,7,VNC_IntTct_R,
720575941645444808,720575941533221825,3,VNC_IntTct_R,
720575941645444808,720575941533761050,4,VNC_IntTct_R,
720575941645444808,720575941537528050,6,VNC_HTct_R,
720575941645444808,720575941546491681,3,VNC_HTct_R,
720575941645444808,720575941546491681,9,VNC_IntTct_R,
720575941645444808,720575941546731041,8,VNC_HTct_R,
720575941645444808,720575941546731041,12,VNC_IntTct_R,
720575941645444808,720575941557612915,30,VNC_HTct_R,
720575941645444808,720575941557612915,19,VNC_IntTct_R,
720575941645444808,720575941558661165,4,VNC_HTct_R,
720575941645444808,720575941558661165,3,VNC_IntTct_R,
720575941645444808,720575941561304978,7,VNC_IntTct_R,
720575941645444808,720575941562021376,3,VNC_HTct_R,
720575941645444808,720575941562021376,7,VNC_IntTct_R,
720575941645444808,720575941564417024,6,VNC_HTct_R,
720575941645444808,720575941566956532,11,VNC_IntTct_R,
720575941645444808,720575941570823752,14,VNC_IntTct_R,
720575941645444808,720575941572107017,3,VNC_NTct_R,
720575941645444808,720575941583169158,11,VNC_HTct_R,
720575941645444808,720575941583169158,6,VNC_IntTct_R,
720575941645444808,720575941593615211,5,VNC_HTct_R,
720575941645444808,720575941593615211,12,VNC_IntTct_R,
720575941645444808,720575941601153270,3,VNC_HTct_R,
720575941645444808,720575941608310346,4,VNC_IntTct_R,
720575941645444808,720575941608817897,4,VNC_HTct_R,
720575941645444808,720575941608817897,3,VNC_WTct_R,
720575941645444808,720575941608991050,39,VNC_HTct_R,
720575941645444808,720575941608991050,31,VNC_IntTct_R,
720575941645444808,720575941612611993,3,VNC_IntTct_R,
720575941645444808,720575941613256211,6,VNC_HTct_R,
720575941645444808,720575941623284362,5,VNC_HTct_R,
720575941645444808,720575941623284362,20,VNC_IntTct_R,
720575941645444808,720575941626940710,6,VNC_HTct_R,
720575941645444808,720575941626940710,14,VNC_IntTct_R,
720575941645444808,720575941630959035,6,VNC_IntTct_R,
720575941645444808,720575941633054368,3,VNC_HTct_R,
720575941645444808,720575941659696184,7,VNC_HTct_R,
720575941645444808,720575941659696184,3,VNC_IntTct_R,
720575941650178289,720575941438659551,4,VNC_T3_MetaNm_L,
720575941650178289,720575941452198707,3,VNC_WTct_L,
720575941650178289,720575941458382803,5,VNC_T2_MesoNm_L,
720575941650178289,720575941516873838,5,VNC_T3_MetaNm_L,
720575941650178289,720575941527220920,7,VNC_T3_MetaNm_L,
720575941650178289,720575941548936253,5,VNC_T2_MesoNm_L,
720575941650178289,720575941552487169,14,VNC_T2_MesoNm_L,
720575941650178289,720575941564123026,3,VNC_T3_MetaNm_L,
720575941650178289,720575941566431286,18,VNC_T3_MetaNm_L,
720575941650178289,720575941572444830,7,VNC_T2_MesoNm_L,
720575941650178289,720575941590291084,3,VNC_T2_MesoNm_L,
720575941650178289,720575941645261768,4,VNC_T3_MetaNm_L,
720575941650178289,720575941662295352,5,VNC_T3_MetaNm_L,
720575941650178289,720575941670593703,3,VNC_T2_MesoNm_L,
720575941651139349,720575941428428681,3,VNC_HTct_R,
720575941651139349,720575941468312695,3,VNC_WTct_R,
720575941651139349,720575941524196683,4,VNC_WTct_L,
720575941651139349,720575941593875589,3,VNC_HTct_L,
720575941651139349,720575941623108298,4,VNC_HTct_R,
720575941651139349,720575941623108298,4,VNC_IntTct_R,
720575941651139349,720575941623108298,3,VNC_WTct_R,
720575941651139349,720575941671138727,8,VNC_HTct_L,
720575941651139349,720575941671138727,5,VNC_NTct_L,
720575941651139349,720575941671138727,7,VNC_WTct_L,
720575941651815445,720575941431580686,3,VNC_HTct_L,
720575941651815445,720575941433032718,3,VNC_IntTct_L,
720575941651815445,720575941433032718,3,VNC_unassigned_L,
720575941651815445,720575941436973586,6,VNC_HTct_L,
720575941651815445,720575941436996882,10,VNC_NTct_L,
720575941651815445,720575941438700479,5,VNC_HTct_L,
720575941651815445,720575941456348575,4,VNC_NTct_L,
720575941651815445,720575941457147206,5,VNC_HTct_L,
720575941651815445,720575941457147206,66,VNC_IntTct_L,
720575941651815445,720575941457147206,14,VNC_NTct_L,
720575941651815445,720575941475766122,3,VNC_HTct_L,
720575941651815445,720575941477884802,18,VNC_HTct_R,
720575941651815445,720575941477884802,4,VNC_T3_MetaNm_R,
720575941651815445,720575941477884802,5,VNC_unassigned_L,
720575941651815445,720575941495592571,8,VNC_HTct_L,
720575941651815445,720575941495592571,3,VNC_T3_MetaNm_L,
720575941651815445,720575941504563781,6,VNC_HTct_L,
720575941651815445,720575941504563781,4,VNC_T3_MetaNm_L,
720575941651815445,720575941512899427,3,VNC_NTct_L,
720575941651815445,720575941524369945,10,VNC_HTct_L,
720575941651815445,720575941525725954,4,VNC_NTct_L,
720575941651815445,720575941533831194,7,VNC_HTct_L,
720575941651815445,720575941535331338,7,VNC_IntTct_L,
720575941651815445,720575941540205181,5,VNC_HTct_L,
720575941651815445,720575941540246909,3,VNC_HTct_L,
720575941651815445,720575941546065032,14,VNC_HTct_L,
720575941651815445,720575941546773640,4,VNC_HTct_L,
720575941651815445,720575941549283839,4,VNC_HTct_L,
720575941651815445,720575941553338778,9,VNC_IntTct_L,
720575941651815445,720575941569659806,4,VNC_IntTct_L,
720575941651815445,720575941586402628,5,VNC_HTct_L,
720575941651815445,720575941591285388,3,VNC_HTct_L,
720575941651815445,720575941601209590,5,VNC_NTct_L,
720575941651815445,720575941612053094,33,VNC_HTct_L,
720575941651815445,720575941623307628,3,VNC_HTct_L,
720575941651815445,720575941630111941,4,VNC_IntTct_L,
720575941651815445,720575941632614587,62,VNC_IntTct_L,
720575941651815445,720575941632614587,4,VNC_NTct_L,
720575941651815445,720575941632896453,3,VNC_HTct_L,
720575941651815445,720575941632896453,31,VNC_IntTct_L,
720575941651815445,720575941642638792,7,VNC_NTct_L,
720575941651815445,720575941653507801,4,VNC_HTct_L,
720575941651815445,720575941665603059,8,VNC_HTct_L,
720575941651815445,720575941723242042,29,VNC_IntTct_L,
720575941651815445,720575941723242042,3,VNC_NTct_L,
720575941651866901,720575941447718734,3,VNC_IntTct_R,
720575941651866901,720575941449638493,4,VNC_HTct_R,
720575941651866901,720575941460225936,6,VNC_NTct_R,
720575941651866901,720575941495662971,5,VNC_IntTct_R,
720575941651866901,720575941523983618,6,VNC_NTct_R,
720575941651866901,720575941528944568,3,VNC_IntTct_R,
720575941651866901,720575941583601886,3,VNC_IntTct_R,
720575941652078869,720575941447898132,3,VNC_T1_ProNm_R,
720575941652078869,720575941476543297,5,VNC_T2_MesoNm_R,
720575941652078869,720575941490693577,12,VNC_T1_ProNm_R,
720575941652078869,720575941688644470,3,VNC_T3_MetaNm_R,
720575941652085745,720575941477166622,26,VNC_IntTct_L,
720575941652085745,720575941477166622,13,VNC_T1_ProNm_L,
720575941652156657,720575941424930644,4,VNC_IntTct_L,
720575941652156657,720575941433032718,3,VNC_IntTct_L,
720575941652156657,720575941466725206,4,VNC_T2_MesoNm_L,
720575941652156657,720575941501802434,3,VNC_HTct_L,
720575941652156657,720575941572859535,3,VNC_IntTct_L,
720575941652156657,720575941591285388,4,VNC_IntTct_L,
720575941652156657,720575941630111941,3,VNC_IntTct_L,
720575941652156657,720575941632896453,6,VNC_IntTct_L,
720575941652278033,720575941429324897,3,VNC_NTct_R,
720575941652278033,720575941549403903,5,VNC_NTct_R,
720575941652579093,720575941490693577,3,VNC_T1_ProNm_R,
720575941652579093,720575941551385371,4,VNC_T2_MesoNm_L,
720575941652579093,720575941558290980,4,VNC_T2_MesoNm_R,
720575941652614129,720575941394069654,7,VNC_HTct_L,
720575941652614129,720575941399309603,4,VNC_HTct_L,
720575941652614129,720575941410007663,3,VNC_HTct_L,
720575941652614129,720575941410007663,3,VNC_WTct_L,
720575941652614129,720575941411791764,3,VNC_HTct_L,
720575941652614129,720575941414326161,5,VNC_HTct_L,
720575941652614129,720575941429361249,4,VNC_HTct_L,
720575941652614129,720575941430842209,6,VNC_HTct_L,
720575941652614129,720575941433032718,6,VNC_HTct_L,
720575941652614129,720575941433032718,15,VNC_IntTct_L,
720575941652614129,720575941433032718,7,VNC_NTct_L,
720575941652614129,720575941438700479,10,VNC_HTct_L,
720575941652614129,720575941439063503,6,VNC_HTct_L,
720575941652614129,720575941447013813,7,VNC_HTct_L,
720575941652614129,720575941452164915,3,VNC_WTct_L,
720575941652614129,720575941452168873,5,VNC_HTct_L,
720575941652614129,720575941464073558,12,VNC_HTct_L,
720575941652614129,720575941464073558,7,VNC_IntTct_L,
720575941652614129,720575941467216093,6,VNC_HTct_L,
720575941652614129,720575941467216093,3,VNC_IntTct_L,
720575941652614129,720575941472573499,4,VNC_HTct_L,
720575941652614129,720575941473850720,6,VNC_HTct_L,
720575941652614129,720575941473850720,7,VNC_IntTct_L,
720575941652614129,720575941473850720,6,VNC_NTct_L,
720575941652614129,720575941476130097,3,VNC_IntTct_L,
720575941652614129,720575941476130097,3,VNC_NTct_L,
720575941652614129,720575941477166622,11,VNC_HTct_L,
720575941652614129,720575941477166622,32,VNC_IntTct_L,
720575941652614129,720575941477166622,8,VNC_NTct_L,
720575941652614129,720575941496803234,5,VNC_HTct_L,
720575941652614129,720575941501041643,16,VNC_IntTct_L,
720575941652614129,720575941501041643,11,VNC_NTct_L,
720575941652614129,720575941501129047,4,VNC_HTct_L,
720575941652614129,720575941504563781,11,VNC_HTct_L,
720575941652614129,720575941505478690,9,VNC_HTct_L,
720575941652614129,720575941508542674,3,VNC_HTct_L,
720575941652614129,720575941513177091,4,VNC_HTct_L,
720575941652614129,720575941516590552,3,VNC_IntTct_L,
720575941652614129,720575941517764824,18,VNC_HTct_L,
720575941652614129,720575941518407607,7,VNC_HTct_L,
720575941652614129,720575941518407607,5,VNC_IntTct_L,
720575941652614129,720575941520333047,16,VNC_HTct_L,
720575941652614129,720575941520333047,3,VNC_IntTct_L,
720575941652614129,720575941526507140,5,VNC_IntTct_L,
720575941652614129,720575941532349362,4,VNC_HTct_L,
720575941652614129,720575941536208789,4,VNC_HTct_L,
720575941652614129,720575941549840702,4,VNC_HTct_L,
720575941652614129,720575941550878087,17,VNC_HTct_L,
720575941652614129,720575941569659806,3,VNC_IntTct_L,
720575941652614129,720575941572251144,19,VNC_HTct_L,
720575941652614129,720575941572251144,3,VNC_IntTct_L,
720575941652614129,720575941579868917,14,VNC_IntTct_L,
720575941652614129,720575941579868917,19,VNC_NTct_L,
720575941652614129,720575941583128454,49,VNC_HTct_L,
720575941652614129,720575941583128454,9,VNC_IntTct_L,
720575941652614129,720575941583511518,3,VNC_IntTct_L,
720575941652614129,720575941588018942,12,VNC_HTct_L,
720575941652614129,720575941601088441,5,VNC_HTct_L,
720575941652614129,720575941601092537,16,VNC_HTct_L,
720575941652614129,720575941601092537,9,VNC_IntTct_L,
720575941652614129,720575941601092537,7,VNC_WTct_L,
720575941652614129,720575941601243321,29,VNC_IntTct_L,
720575941652614129,720575941601243321,12,VNC_NTct_L,
720575941652614129,720575941611080010,41,VNC_HTct_L,
720575941652614129,720575941611080010,9,VNC_WTct_L,
720575941652614129,720575941621616380,4,VNC_IntTct_L,
720575941652614129,720575941628591330,3,VNC_HTct_L,
720575941652614129,720575941629413356,4,VNC_WTct_L,
720575941652614129,720575941630111941,3,VNC_HTct_L,
720575941652614129,720575941630111941,3,VNC_IntTct_L,
720575941652614129,720575941630933947,4,VNC_IntTct_L,
720575941652614129,720575941652781524,3,VNC_NTct_L,
720575941652614129,720575941678358973,41,VNC_HTct_L,
720575941652633585,720575941399253283,4,VNC_WTct_R,
720575941652633585,720575941409904495,3,VNC_WTct_R,
720575941652633585,720575941411765140,4,VNC_WTct_R,
720575941652633585,720575941449255290,3,VNC_IntTct_R,
720575941652633585,720575941458334163,4,VNC_HTct_R,
720575941652633585,720575941460885005,15,VNC_HTct_R,
720575941652633585,720575941460885005,7,VNC_WTct_R,
720575941652633585,720575941472135179,21,VNC_IntTct_R,
720575941652633585,720575941472135179,11,VNC_NTct_R,
720575941652633585,720575941472739168,16,VNC_HTct_R,
720575941652633585,720575941472739168,11,VNC_IntTct_R,
720575941652633585,720575941472739168,5,VNC_WTct_R,
720575941652633585,720575941474711873,4,VNC_HTct_R,
720575941652633585,720575941478390607,3,VNC_IntTct_R,
720575941652633585,720575941495559291,5,VNC_IntTct_R,
720575941652633585,720575941495591291,18,VNC_HTct_R,
720575941652633585,720575941495591291,4,VNC_IntTct_R,
720575941652633585,720575941496318793,10,VNC_HTct_R,
720575941652633585,720575941496830370,13,VNC_HTct_R,
720575941652633585,720575941501721138,21,VNC_HTct_R,
720575941652633585,720575941503451301,8,VNC_HTct_R,
720575941652633585,720575941518433719,3,VNC_IntTct_R,
720575941652633585,720575941528356043,10,VNC_HTct_R,
720575941652633585,720575941528944568,49,VNC_HTct_R,
720575941652633585,720575941528944568,5,VNC_IntTct_R,
720575941652633585,720575941528944568,3,VNC_WTct_R,
720575941652633585,720575941532246762,5,VNC_HTct_R,
720575941652633585,720575941532246762,7,VNC_IntTct_R,
720575941652633585,720575941533761050,4,VNC_NTct_R,
720575941652633585,720575941537697149,4,VNC_HTct_R,
720575941652633585,720575941537697149,9,VNC_WTct_R,
720575941652633585,720575941545400508,7,VNC_HTct_R,
720575941652633585,720575941545400508,6,VNC_IntTct_R,
720575941652633585,720575941546491681,6,VNC_HTct_R,
720575941652633585,720575941546491681,8,VNC_IntTct_R,
720575941652633585,720575941557612915,47,VNC_HTct_R,
720575941652633585,720575941557612915,13,VNC_IntTct_R,
720575941652633585,720575941558661165,8,VNC_HTct_R,
720575941652633585,720575941567062260,4,VNC_HTct_R,
720575941652633585,720575941572107017,3,VNC_IntTct_R,
720575941652633585,720575941572107017,5,VNC_NTct_R,
720575941652633585,720575941576941045,11,VNC_IntTct_R,
720575941652633585,720575941590840062,3,VNC_HTct_R,
720575941652633585,720575941592154582,4,VNC_HTct_R,
720575941652633585,720575941594515158,3,VNC_HTct_R,
720575941652633585,720575941595804828,5,VNC_IntTct_R,
720575941652633585,720575941595804828,4,VNC_WTct_R,
720575941652633585,720575941601153270,6,VNC_HTct_R,
720575941652633585,720575941604997997,4,VNC_HTct_R,
720575941652633585,720575941608310346,27,VNC_IntTct_R,
720575941652633585,720575941608310346,8,VNC_NTct_R,
720575941652633585,720575941608310346,4,VNC_WTct_R,
720575941652633585,720575941608991050,29,VNC_HTct_R,
720575941652633585,720575941608991050,10,VNC_IntTct_R,
720575941652633585,720575941609001034,3,VNC_WTct_R,
720575941652633585,720575941609358310,8,VNC_HTct_R,
720575941652633585,720575941609358310,6,VNC_IntTct_R,
720575941652633585,720575941613256211,7,VNC_HTct_R,
720575941652633585,720575941630959035,3,VNC_IntTct_R,
720575941652633585,720575941652038421,10,VNC_HTct_R,
720575941652633585,720575941659696184,14,VNC_HTct_R,
720575941652633585,720575941659696184,3,VNC_IntTct_R,
720575941652633585,720575941667143601,4,VNC_IntTct_R,
720575941652728049,720575941431166679,12,VNC_T2_MesoNm_R,
720575941652728049,720575941440934351,4,VNC_T2_MesoNm_R,
720575941652728049,720575941450696029,6,VNC_T2_MesoNm_R,
720575941652728049,720575941476543297,5,VNC_T2_MesoNm_R,
720575941652728049,720575941501352535,81,VNC_T2_MesoNm_R,
720575941652728049,720575941501352535,3,VNC_WTct_R,
720575941652728049,720575941536318869,4,VNC_T2_MesoNm_R,
720575941652728049,720575941540185213,15,VNC_T2_MesoNm_R,
720575941652728049,720575941547164084,59,VNC_T2_MesoNm_R,
720575941652728049,720575941559929615,3,VNC_T2_MesoNm_R,
720575941652728049,720575941561420434,6,VNC_T2_MesoNm_R,
720575941652728049,720575941564962711,8,VNC_T3_MetaNm_R,
720575941652728049,720575941569585266,41,VNC_T1_ProNm_R,
720575941652728049,720575941586471646,6,VNC_T1_ProNm_R,
720575941652728049,720575941594870230,17,VNC_T3_MetaNm_R,
720575941652728049,720575941595919217,23,VNC_T2_MesoNm_R,
720575941652728049,720575941595919217,3,VNC_WTct_R,
720575941652728049,720575941607605101,3,VNC_IntTct_R,
720575941652728049,720575941607605101,3,VNC_T1_ProNm_R,
720575941652728049,720575941613448668,78,VNC_T2_MesoNm_R,
720575941652728049,720575941623130314,30,VNC_T1_ProNm_R,
720575941652728049,720575941627995705,21,VNC_T2_MesoNm_R,
720575941652728049,720575941652537361,13,VNC_T2_MesoNm_R,
720575941652728049,720575941688644470,3,VNC_ANm_R,
720575941652815857,720575941440423375,3,VNC_NTct_R,
720575941652815857,720575941461246931,3,VNC_NTct_R,
720575941652815857,720575941483682813,32,VNC_HTct_R,
720575941652815857,720575941485422221,4,VNC_NTct_R,
720575941652815857,720575941525971993,6,VNC_HTct_R,
720575941652815857,720575941532476248,3,VNC_HTct_R,
720575941652815857,720575941547178164,14,VNC_HTct_R,
720575941652815857,720575941556244644,8,VNC_HTct_R,
720575941652815857,720575941561870592,21,VNC_HTct_R,
720575941652815857,720575941574155003,3,VNC_HTct_R,
720575941652815857,720575941574728713,4,VNC_HTct_R,
720575941652815857,720575941593965957,5,VNC_HTct_R,
720575941652815857,720575941617239423,45,VNC_HTct_R,
720575941653640465,720575941456678893,3,VNC_T1_ProNm_L,
720575941653640465,720575941474467633,3,VNC_T2_MesoNm_L,
720575941653640465,720575941480223456,7,VNC_T2_MesoNm_L,
720575941653640465,720575941552487169,4,VNC_T2_MesoNm_L,
720575941653640465,720575941572444830,6,VNC_T2_MesoNm_L,
720575941653640465,720575941611060042,10,VNC_T2_MesoNm_L,
720575941653816081,720575941450586958,3,VNC_IntTct_R,
720575941653816081,720575941529827557,6,VNC_IntTct_L,
720575941653816081,720575941529827557,7,VNC_LTct_L,
720575941653816081,720575941529827557,4,VNC_LTct_R,
720575941653816081,720575941545408904,3,VNC_IntTct_R,
720575941653816081,720575941565301550,3,VNC_IntTct_L,
720575941653816081,720575941565301550,6,VNC_IntTct_R,
720575941653816081,720575941565301550,5,VNC_LTct_L,
720575941653816081,720575941565301550,3,VNC_unassigned_R,
720575941653816081,720575941589863735,3,VNC_ANm_L,
720575941653816081,720575941595871424,3,VNC_IntTct_L,
720575941653816081,720575941643002962,3,VNC_IntTct_R,
720575941653816081,720575941655477716,5,VNC_T3_MetaNm_L,
720575941653831185,720575941404724080,3,VNC_T1_ProNm_L,
720575941653831185,720575941442637519,33,VNC_T2_MesoNm_L,
720575941653831185,720575941480631170,4,VNC_T2_MesoNm_L,
720575941653831185,720575941642411877,12,VNC_T2_MesoNm_L,
720575941653831185,720575941703131610,4,VNC_T1_ProNm_L,
720575941654376916,720575941351927600,5,VNC_IntTct_R,
720575941654376916,720575941411829396,4,VNC_IntTct_R,
720575941654376916,720575941488475598,3,VNC_IntTct_R,
720575941654376916,720575941498935777,13,VNC_IntTct_R,
720575941654376916,720575941499426699,3,VNC_IntTct_R,
720575941654376916,720575941653563153,4,VNC_IntTct_R,
720575941655117012,720575941475780202,5,VNC_NTct_L,
720575941655117012,720575941477166622,5,VNC_HTct_L,
720575941655117012,720575941477166622,8,VNC_IntTct_L,
720575941655117012,720575941477166622,8,VNC_NTct_L,
720575941655117012,720575941572251144,3,VNC_IntTct_L,
720575941655117012,720575941588018942,3,VNC_IntTct_L,
720575941655820244,720575941560427379,3,VNC_T3_MetaNm_R,
720575941655820244,720575941592895784,6,VNC_T3_MetaNm_R,
720575941655820244,720575941602987510,6,VNC_T3_MetaNm_R,
720575941655820244,720575941603749817,10,VNC_T3_MetaNm_R,
720575941655820244,720575941653565201,3,VNC_T3_MetaNm_R,
720575941655820244,720575941688644470,9,VNC_T3_MetaNm_R,
720575941656710736,720575941433032718,6,VNC_IntTct_L,
720575941656710736,720575941433032718,4,VNC_NTct_L,
720575941656710736,720575941434457998,3,VNC_IntTct_L,
720575941656710736,720575941457147206,12,VNC_IntTct_L,
720575941656710736,720575941465484566,10,VNC_HTct_L,
720575941656710736,720575941465484566,10,VNC_IntTct_L,
720575941656710736,720575941480415939,3,VNC_HTct_L,
720575941656710736,720575941480550018,3,VNC_HTct_L,
720575941656710736,720575941530853507,3,VNC_IntTct_L,
720575941656710736,720575941536371442,4,VNC_IntTct_L,
720575941656710736,720575941547226248,4,VNC_NTct_L,
720575941656710736,720575941572251144,11,VNC_HTct_L,
720575941656710736,720575941572251144,28,VNC_IntTct_L,
720575941656710736,720575941576941045,3,VNC_IntTct_L,
720575941656710736,720575941581648479,5,VNC_HTct_L,
720575941656710736,720575941583128454,10,VNC_HTct_L,
720575941656710736,720575941630748859,10,VNC_HTct_L,
720575941656710736,720575941630748859,7,VNC_IntTct_L,
720575941656710736,720575941632896453,4,VNC_IntTct_L,
720575941657879576,720575941401776931,9,VNC_LTct_R,
720575941657879576,720575941449134202,10,VNC_LTct_R,
720575941657879576,720575941449245818,17,VNC_LTct_R,
720575941657879576,720575941450520745,4,VNC_T3_MetaNm_R,
720575941657879576,720575941457802480,10,VNC_LTct_R,
720575941657879576,720575941457932703,17,VNC_LTct_R,
720575941657879576,720575941461636804,3,VNC_LTct_R,
720575941657879576,720575941468720139,4,VNC_LTct_R,
720575941657879576,720575941474571572,6,VNC_T3_MetaNm_R,
720575941657879576,720575941474741819,19,VNC_LTct_R,
720575941657879576,720575941483537338,3,VNC_LTct_R,
720575941657879576,720575941488193481,11,VNC_LTct_R,
720575941657879576,720575941491289033,5,VNC_LTct_R,
720575941657879576,720575941505536290,5,VNC_T3_MetaNm_R,
720575941657879576,720575941512798929,6,VNC_T3_MetaNm_R,
720575941657879576,720575941516784494,4,VNC_LTct_R,
720575941657879576,720575941519453038,4,VNC_LTct_R,
720575941657879576,720575941523074379,6,VNC_LTct_R,
720575941657879576,720575941527110840,8,VNC_LTct_R,
720575941657879576,720575941527150776,20,VNC_LTct_R,
720575941657879576,720575941527241912,11,VNC_ANm_R,
720575941657879576,720575941527241912,14,VNC_T3_MetaNm_R,
720575941657879576,720575941528086660,6,VNC_LTct_R,
720575941657879576,720575941539355517,12,VNC_LTct_R,
720575941657879576,720575941542922781,23,VNC_T3_MetaNm_R,
720575941657879576,720575941545471593,3,VNC_LTct_R,
720575941657879576,720575941549350399,9,VNC_LTct_R,
720575941657879576,720575941551947263,5,VNC_LTct_R,
720575941657879576,720575941552496641,3,VNC_LTct_R,
720575941657879576,720575941558290980,7,VNC_LTct_R,
720575941657879576,720575941563254070,3,VNC_LTct_R,
720575941657879576,720575941579815669,4,VNC_LTct_R,
720575941657879576,720575941588646284,8,VNC_LTct_R,
720575941657879576,720575941595021681,4,VNC_LTct_R,
720575941657879576,720575941619873663,7,VNC_LTct_R,
720575941657879576,720575941623067338,17,VNC_LTct_R,
720575941657879576,720575941632901829,3,VNC_LTct_R,
720575941657879576,720575941642372040,7,VNC_LTct_R,
720575941657879576,720575941644081490,7,VNC_T3_MetaNm_R,
720575941657879576,720575941644138401,8,VNC_LTct_R,
720575941657989712,720575941456678893,4,VNC_T1_ProNm_L,
720575941657989712,720575941491338441,3,VNC_IntTct_R,
720575941658841112,720575941451768391,7,VNC_T2_MesoNm_L,
720575941658841112,720575941486560774,4,VNC_T2_MesoNm_R,
720575941658910488,720575941549403903,5,VNC_unassigned_R,
720575941658936144,720575941405813295,3,VNC_LTct_R,
720575941658936144,720575941408481195,3,VNC_LTct_R,
720575941658936144,720575941442377130,3,VNC_LTct_R,
720575941658936144,720575941449134202,3,VNC_LTct_R,
720575941658936144,720575941456642541,13,VNC_LTct_R,
720575941658936144,720575941488193481,7,VNC_LTct_R,
720575941658936144,720575941490160590,6,VNC_T3_MetaNm_R,
720575941658936144,720575941492492670,3,VNC_ANm_R,
720575941658936144,720575941492492670,3,VNC_T3_MetaNm_R,
720575941658936144,720575941498482043,6,VNC_IntTct_R,
720575941658936144,720575941498482043,3,VNC_LTct_R,
720575941658936144,720575941511262930,4,VNC_IntTct_R,
720575941658936144,720575941511262930,5,VNC_LTct_R,
720575941658936144,720575941511262930,4,VNC_T1_ProNm_R,
720575941658936144,720575941515612051,6,VNC_LTct_R,
720575941658936144,720575941516784494,3,VNC_LTct_R,
720575941658936144,720575941523074379,6,VNC_LTct_R,
720575941658936144,720575941527110840,3,VNC_LTct_R,
720575941658936144,720575941527150776,8,VNC_LTct_R,
720575941658936144,720575941527241912,7,VNC_ANm_R,
720575941658936144,720575941527241912,6,VNC_T3_MetaNm_R,
720575941658936144,720575941528086660,6,VNC_LTct_R,
720575941658936144,720575941528086660,4,VNC_T1_ProNm_R,
720575941658936144,720575941542922781,19,VNC_T3_MetaNm_R,
720575941658936144,720575941549350399,7,VNC_LTct_R,
720575941658936144,720575941551947263,4,VNC_T1_ProNm_R,
720575941658936144,720575941558290980,3,VNC_T1_ProNm_R,
720575941658936144,720575941559321971,17,VNC_LTct_R,
720575941658936144,720575941573038843,14,VNC_LTct_R,
720575941658936144,720575941573038843,3,VNC_T1_ProNm_R,
720575941658936144,720575941588646284,17,VNC_LTct_R,
720575941658936144,720575941588646284,4,VNC_T1_ProNm_R,
720575941658936144,720575941595021681,4,VNC_LTct_R,
720575941658936144,720575941595871424,3,VNC_LTct_R,
720575941658936144,720575941623067338,23,VNC_LTct_R,
720575941658936144,720575941623067338,3,VNC_T1_ProNm_R,
720575941658936144,720575941644138401,4,VNC_LTct_R,
720575941658936144,720575941652323289,6,VNC_LTct_R,
720575941658941264,720575941438382380,5,VNC_T2_MesoNm_L,
720575941658941264,720575941441993167,5,VNC_T1_ProNm_L,
720575941658941264,720575941441993167,7,VNC_T2_MesoNm_L,
720575941658941264,720575941441993167,3,VNC_unassigned_L,
720575941658941264,720575941449258106,3,VNC_T1_ProNm_L,
720575941658941264,720575941450559566,80,VNC_T2_MesoNm_L,
720575941658941264,720575941450559566,3,VNC_WTct_L,
720575941658941264,720575941450559566,6,VNC_unassigned_L,
720575941658941264,720575941458382803,11,VNC_T2_MesoNm_L,
720575941658941264,720575941470067063,3,VNC_T1_ProNm_L,
720575941658941264,720575941470067063,4,VNC_T2_MesoNm_L,
720575941658941264,720575941504381975,4,VNC_T2_MesoNm_L,
720575941658941264,720575941521069751,4,VNC_T1_ProNm_L,
720575941658941264,720575941521069751,3,VNC_T2_MesoNm_L,
720575941658941264,720575941543315205,5,VNC_ANm_L,
720575941658941264,720575941547336253,3,VNC_T1_ProNm_L,
720575941658941264,720575941548936253,19,VNC_T2_MesoNm_L,
720575941658941264,720575941552487169,8,VNC_T2_MesoNm_L,
720575941658941264,720575941554482259,4,VNC_ANm_L,
720575941658941264,720575941572444830,14,VNC_T2_MesoNm_L,
720575941658941264,720575941576945233,7,VNC_T2_MesoNm_L,
720575941658941264,720575941589863735,4,VNC_unassigned_L,
720575941658941264,720575941590291084,159,VNC_T2_MesoNm_L,
720575941658941264,720575941590291084,3,VNC_WTct_L,
720575941658941264,720575941590291084,9,VNC_unassigned_L,
720575941658941264,720575941613433564,15,VNC_T2_MesoNm_L,
720575941658941264,720575941619071871,6,VNC_ANm_L,
720575941658941264,720575941670676135,10,VNC_T1_ProNm_L,
720575941658941264,720575941670676135,3,VNC_T2_MesoNm_L,
720575941659400984,720575941430438414,3,VNC_HTct_L,
720575941659400984,720575941447013813,3,VNC_HTct_L,
720575941659400984,720575941473850720,5,VNC_IntTct_L,
720575941659400984,720575941514637827,3,VNC_NTct_L,
720575941659400984,720575941533862682,3,VNC_IntTct_L,
720575941659400984,720575941535331338,4,VNC_IntTct_L,
720575941659400984,720575941538289379,4,VNC_HTct_L,
720575941659400984,720575941560631464,3,VNC_NTct_L,
720575941659400984,720575941611080010,4,VNC_IntTct_L,
720575941659400984,720575941612053094,5,VNC_HTct_L,
720575941659400984,720575941628426978,9,VNC_HTct_L,
720575941659400984,720575941629413356,5,VNC_IntTct_L,
720575941659400984,720575941700494042,3,VNC_HTct_L,
720575941659595320,720575941536657123,9,VNC_NTct_L,
720575941659595320,720575941595131175,4,VNC_NTct_L,
720575941660948348,720575941408421291,3,VNC_LTct_L,
720575941661233976,720575941546491681,4,VNC_IntTct_R,
720575941661233976,720575941608310346,6,VNC_HTct_R,
720575941661233976,720575941608310346,5,VNC_IntTct_R,
720575941661233976,720575941608310346,3,VNC_unassigned_R,
720575941661415224,720575941498948425,4,VNC_unassigned_R,
720575941661415224,720575941512896099,3,VNC_HTct_L,
720575941661415224,720575941512896099,3,VNC_WTct_L,
720575941661415224,720575941515619939,5,VNC_HTct_L,
720575941661415224,720575941516099500,3,VNC_IntTct_L,
720575941661415224,720575941516099500,3,VNC_NTct_L,
720575941661415224,720575941554049307,3,VNC_WTct_R,
720575941661415224,720575941564147346,4,VNC_WTct_L,
720575941661415224,720575941583122527,3,VNC_WTct_L,
720575941661415224,720575941594160421,3,VNC_IntTct_R,
720575941661415224,720575941594160421,3,VNC_unassigned_R,
720575941662395704,720575941442637519,5,VNC_T2_MesoNm_L,
720575941662395704,720575941451768391,3,VNC_T2_MesoNm_L,
720575941662395704,720575941497092169,3,VNC_T2_MesoNm_L,
720575941662407992,720575941408421291,3,VNC_LTct_L,
720575941662407992,720575941408421291,8,VNC_T3_MetaNm_L,
720575941662407992,720575941408456110,3,VNC_LTct_R,
720575941662407992,720575941456642541,5,VNC_LTct_R,
720575941662407992,720575941513953939,8,VNC_LTct_R,
720575941662407992,720575941513953939,3,VNC_T3_MetaNm_R,
720575941662407992,720575941588646284,4,VNC_AMNp_R,
720575941662407992,720575941588646284,3,VNC_LTct_R,
720575941662407992,720575941623067338,13,VNC_LTct_R,
720575941662495356,720575941498935777,4,VNC_IntTct_L,
720575941662495356,720575941506644540,7,VNC_IntTct_L,
720575941662495356,720575941506644540,3,VNC_NTct_L,
720575941662495356,720575941653563153,3,VNC_NTct_L,
720575941662506040,720575941402032240,16,VNC_WTct_R,
720575941662506040,720575941405739823,3,VNC_unassigned_L,
720575941662506040,720575941407795118,4,VNC_WTct_R,
720575941662506040,720575941413872924,3,VNC_WTct_R,
720575941662506040,720575941413920540,3,VNC_WTct_R,
720575941662506040,720575941429466839,4,VNC_WTct_L,
720575941662506040,720575941435993888,4,VNC_WTct_R,
720575941662506040,720575941437158956,4,VNC_WTct_R,
720575941662506040,720575941437396012,8,VNC_WTct_L,
720575941662506040,720575941437396012,3,VNC_WTct_R,
720575941662506040,720575941437396012,7,VNC_unassigned_L,
720575941662506040,720575941439197269,7,VNC_WTct_R,
720575941662506040,720575941447423837,4,VNC_WTct_L,
720575941662506040,720575941447423837,5,VNC_WTct_R,
720575941662506040,720575941447423837,3,VNC_unassigned_L,
720575941662506040,720575941447779092,3,VNC_WTct_L,
720575941662506040,720575941447822158,4,VNC_WTct_R,
720575941662506040,720575941447887636,3,VNC_WTct_L,
720575941662506040,720575941450532174,3,VNC_HTct_R,
720575941662506040,720575941450532174,10,VNC_WTct_L,
720575941662506040,720575941450532174,12,VNC_WTct_R,
720575941662506040,720575941459912262,5,VNC_WTct_R,
720575941662506040,720575941468245879,3,VNC_WTct_L,
720575941662506040,720575941469657408,3,VNC_WTct_R,
720575941662506040,720575941470536715,19,VNC_WTct_L,
720575941662506040,720575941470536715,8,VNC_unassigned_L,
720575941662506040,720575941474704948,6,VNC_HTct_L,
720575941662506040,720575941474704948,4,VNC_HTct_R,
720575941662506040,720575941476443956,3,VNC_HTct_L,
720575941662506040,720575941484663558,5,VNC_WTct_R,
720575941662506040,720575941485135426,5,VNC_WTct_R,
720575941662506040,720575941485135426,4,VNC_unassigned_R,
720575941662506040,720575941485422221,6,VNC_WTct_R,
720575941662506040,720575941485422221,4,VNC_unassigned_R,
720575941662506040,720575941489677001,24,VNC_WTct_R,
720575941662506040,720575941489677001,5,VNC_unassigned_R,
720575941662506040,720575941489819081,9,VNC_WTct_R,
720575941662506040,720575941490266828,3,VNC_ANm_R,
720575941662506040,720575941492284286,4,VNC_WTct_R,
720575941662506040,720575941498948425,8,VNC_WTct_L,
720575941662506040,720575941498948425,12,VNC_WTct_R,
720575941662506040,720575941498948425,4,VNC_unassigned_L,
720575941662506040,720575941498948425,4,VNC_unassigned_R,
720575941662506040,720575941499447691,5,VNC_WTct_R,
720575941662506040,720575941500995051,5,VNC_WTct_L,
720575941662506040,720575941500995051,8,VNC_WTct_R,
720575941662506040,720575941500995051,3,VNC_unassigned_L,
720575941662506040,720575941500995051,5,VNC_unassigned_R,
720575941662506040,720575941504389655,4,VNC_WTct_L,
720575941662506040,720575941513264377,3,VNC_WTct_R,
720575941662506040,720575941516099500,4,VNC_WTct_L,
720575941662506040,720575941516099500,3,VNC_unassigned_L,
720575941662506040,720575941517484142,3,VNC_unassigned_L,
720575941662506040,720575941518434227,4,VNC_WTct_R,
720575941662506040,720575941524114276,3,VNC_WTct_R,
720575941662506040,720575941527843768,5,VNC_HTct_L,
720575941662506040,720575941534726376,3,VNC_WTct_R,
720575941662506040,720575941536248306,3,VNC_WTct_R,
720575941662506040,720575941536648168,3,VNC_unassigned_R,
720575941662506040,720575941537594573,13,VNC_WTct_R,
720575941662506040,720575941540255357,3,VNC_ANm_R,
720575941662506040,720575941542469212,4,VNC_WTct_R,
720575941662506040,720575941551937598,4,VNC_WTct_R,
720575941662506040,720575941554049307,4,VNC_WTct_R,
720575941662506040,720575941562464866,3,VNC_WTct_L,
720575941662506040,720575941564147346,4,VNC_WTct_L,
720575941662506040,720575941565495655,3,VNC_WTct_R,
720575941662506040,720575941566431286,3,VNC_WTct_R,
720575941662506040,720575941571427323,6,VNC_WTct_L,
720575941662506040,720575941571896477,3,VNC_WTct_R,
720575941662506040,720575941578709493,5,VNC_WTct_L,
720575941662506040,720575941578709493,5,VNC_unassigned_L,
720575941662506040,720575941580641913,3,VNC_WTct_R,
720575941662506040,720575941593188465,11,VNC_WTct_R,
720575941662506040,720575941594160421,3,VNC_WTct_R,
720575941662506040,720575941595757724,3,VNC_HTct_L,
720575941662506040,720575941595757724,7,VNC_WTct_R,
720575941662506040,720575941595757724,3,VNC_unassigned_L,
720575941662506040,720575941605399742,4,VNC_WTct_R,
720575941662506040,720575941614919893,4,VNC_WTct_R,
720575941662506040,720575941614919893,5,VNC_unassigned_R,
720575941662506040,720575941616556245,3,VNC_unassigned_L,
720575941662506040,720575941625169802,3,VNC_WTct_R,
720575941662506040,720575941632673516,10,VNC_WTct_R,
720575941662506040,720575941642530504,3,VNC_WTct_R,
720575941662506040,720575941650783249,4,VNC_WTct_R,
720575941662506040,720575941663489404,3,VNC_WTct_R,
720575941662506040,720575941669049587,3,VNC_HTct_L,
720575941662506040,720575941669049587,3,VNC_IntTct_L,
720575941662506040,720575941669049587,4,VNC_WTct_L,
720575941662506040,720575941669049587,8,VNC_WTct_R,
720575941662506040,720575941670676135,9,VNC_WTct_L,
720575941662506040,720575941670676135,3,VNC_WTct_R,
720575941662506040,720575941700592858,3,VNC_WTct_R,
720575941662506040,720575941700592858,4,VNC_unassigned_R,
720575941662645304,720575941447822158,3,VNC_WTct_R,
720575941662645304,720575941447822158,3,VNC_unassigned_R,
720575941662645304,720575941460195780,3,VNC_LTct_R,
720575941662645304,720575941477613024,4,VNC_WTct_R,
720575941662645304,720575941492284286,5,VNC_LTct_R,
720575941662645304,720575941499441291,3,VNC_WTct_R,
720575941662645304,720575941537594573,5,VNC_AMNp_R,
720575941662645304,720575941549350399,3,VNC_LTct_R,
720575941662645304,720575941555249665,3,VNC_T1_ProNm_R,
720575941662645304,720575941571957661,3,VNC_WTct_R,
720575941662645304,720575941592895784,6,VNC_ANm_R,
720575941662645304,720575941592895784,5,VNC_T3_MetaNm_R,
720575941662645304,720575941595919217,4,VNC_T2_MesoNm_R,
720575941662645304,720575941681021885,5,VNC_AMNp_R,
720575941662695992,720575941536351681,3,VNC_T1_ProNm_L,
720575941662695992,720575941592919080,12,VNC_T1_ProNm_L,
720575941662983224,720575941547226248,7,VNC_NTct_L,
720575941662983224,720575941572851087,3,VNC_NTct_L,
720575941663102520,720575941490693577,3,VNC_T1_ProNm_R,
720575941663102520,720575941557434862,4,VNC_T2_MesoNm_R,
720575941663102520,720575941586471646,3,VNC_T1_ProNm_R,
720575941663497084,720575941480631170,3,VNC_T2_MesoNm_L,
720575941663497084,720575941642411877,7,VNC_T2_MesoNm_L,
720575941663518844,720575941597149376,3,VNC_NTct_R,
720575941666660595,720575941475780202,3,VNC_T3_MetaNm_R,
720575941666660595,720575941492446078,3,VNC_IntTct_R,
720575941666660595,720575941496915618,3,VNC_HTct_R,
720575941666660595,720575941533864458,3,VNC_IntTct_R,
720575941666660595,720575941597512640,7,VNC_IntTct_R,
720575941666660595,720575941604997997,4,VNC_IntTct_R,
720575941666660595,720575941607605101,4,VNC_IntTct_R,
720575941666660595,720575941613256211,5,VNC_HTct_R,
720575941666660595,720575941623108298,8,VNC_IntTct_R,
720575941666660595,720575941623108298,3,VNC_unassigned_R,
720575941666660595,720575941649244949,4,VNC_IntTct_R,
720575941666660595,720575941667143601,4,VNC_IntTct_R,
720575941666660595,720575941667143601,4,VNC_unassigned_R,
720575941668465319,720575941433032718,5,VNC_IntTct_L,
720575941668465319,720575941433032718,3,VNC_T1_ProNm_L,
720575941668465319,720575941455940336,4,VNC_IntTct_L,
720575941668465319,720575941523112439,4,VNC_IntTct_L,
720575941668513011,720575941430016905,5,VNC_LTct_R,
720575941668513011,720575941433032718,3,VNC_IntTct_L,
720575941668513011,720575941442377130,3,VNC_IntTct_L,
720575941668513011,720575941442377130,5,VNC_LTct_L,
720575941668513011,720575941449245818,5,VNC_LTct_L,
720575941668513011,720575941450520745,23,VNC_T3_MetaNm_L,
720575941668513011,720575941450520745,16,VNC_T3_MetaNm_R,
720575941668513011,720575941457802480,4,VNC_LTct_L,
720575941668513011,720575941457802480,5,VNC_LTct_R,
720575941668513011,720575941465484566,5,VNC_IntTct_L,
720575941668513011,720575941474571572,4,VNC_T3_MetaNm_L,
720575941668513011,720575941474571572,3,VNC_T3_MetaNm_R,
720575941668513011,720575941474741819,5,VNC_IntTct_L,
720575941668513011,720575941474741819,33,VNC_LTct_L,
720575941668513011,720575941474741819,5,VNC_T2_MesoNm_L,
720575941668513011,720575941481012989,7,VNC_IntTct_L,
720575941668513011,720575941482212605,24,VNC_T3_MetaNm_L,
720575941668513011,720575941482212605,12,VNC_T3_MetaNm_R,
720575941668513011,720575941498819234,3,VNC_T3_MetaNm_L,
720575941668513011,720575941501984651,3,VNC_IntTct_L,
720575941668513011,720575941511393233,5,VNC_LTct_L,
720575941668513011,720575941512798929,7,VNC_T3_MetaNm_L,
720575941668513011,720575941516784494,3,VNC_LTct_L,
720575941668513011,720575941519453038,13,VNC_LTct_L,
720575941668513011,720575941519453038,3,VNC_LTct_R,
720575941668513011,720575941524114276,3,VNC_IntTct_L,
720575941668513011,720575941527241912,8,VNC_T3_MetaNm_R,
720575941668513011,720575941528086660,7,VNC_LTct_L,
720575941668513011,720575941534040754,3,VNC_T3_MetaNm_L,
720575941668513011,720575941535047690,3,VNC_IntTct_L,
720575941668513011,720575941541740829,6,VNC_LTct_L,
720575941668513011,720575941542922781,3,VNC_T3_MetaNm_R,
720575941668513011,720575941543669765,3,VNC_IntTct_L,
720575941668513011,720575941549386239,6,VNC_IntTct_L,
720575941668513011,720575941572251144,4,VNC_IntTct_L,
720575941668513011,720575941615272601,3,VNC_T1_ProNm_L,
720575941668513011,720575941623067338,4,VNC_LTct_R,
720575941668513011,720575941623972251,6,VNC_LTct_L,
720575941668513011,720575941645095585,12,VNC_T3_MetaNm_L,
720575941668513011,720575941645095585,31,VNC_T3_MetaNm_R,
720575941668914609,720575941400818723,3,VNC_NTct_L,
720575941668914609,720575941433032718,9,VNC_IntTct_L,
720575941668914609,720575941433032718,5,VNC_NTct_L,
720575941668914609,720575941433032718,4,VNC_unassigned_L,
720575941668914609,720575941523112439,4,VNC_IntTct_L,
720575941668914609,720575941590870379,3,VNC_IntTct_L,
720575941669726129,720575941551947263,8,VNC_T1_ProNm_R,
720575941669726129,720575941558290980,5,VNC_T1_ProNm_R,
720575941669801905,720575941572737679,5,VNC_T1_ProNm_L,
720575941671438247,720575941612696934,6,VNC_ANm_R,
720575941671947687,720575941431092911,8,VNC_HTct_R,
720575941671947687,720575941535066339,4,VNC_NTct_R,
720575941681032125,720575941431311575,9,VNC_WTct_R,
720575941681032125,720575941463655693,4,VNC_WTct_R,
720575941681032125,720575941485458754,7,VNC_WTct_R,
720575941681032125,720575941500983019,6,VNC_WTct_L,
720575941681032125,720575941500983019,5,VNC_WTct_R,
720575941681032125,720575941507280965,6,VNC_WTct_R,
720575941681032125,720575941527099981,4,VNC_WTct_R,
720575941681032125,720575941535952577,6,VNC_WTct_R,
720575941681032125,720575941542282245,6,VNC_WTct_R,
720575941681032125,720575941551384091,6,VNC_WTct_R,
720575941681032125,720575941594160421,5,VNC_HTct_R,
720575941681032125,720575941594160421,3,VNC_WTct_R,
720575941681032125,720575941663099516,3,VNC_WTct_R,
720575941681384637,720575941437396012,5,VNC_NTct_L,
720575941681384637,720575941477927042,5,VNC_HTct_L,
720575941681384637,720575941477927042,4,VNC_NTct_L,
720575941681384637,720575941496957346,3,VNC_HTct_R,
720575941681384637,720575941498948425,3,VNC_NTct_L,
720575941681384637,720575941545372296,3,VNC_HTct_L,
720575941681384637,720575941547347316,3,VNC_unassigned_L,
720575941681384637,720575941551321371,6,VNC_HTct_R,
720575941681384637,720575941551321371,3,VNC_WTct_R,
720575941681384637,720575941614698709,4,VNC_HTct_L,
720575941681384637,720575941623108298,4,VNC_HTct_R,
720575941681384637,720575941623108298,3,VNC_WTct_R,
720575941681384637,720575941652647185,4,VNC_HTct_R,
720575941681384637,720575941652647185,3,VNC_unassigned_R,
720575941681384637,720575941668725169,3,VNC_HTct_R,
720575941681384637,720575941671138727,4,VNC_HTct_L,
720575941681384637,720575941671138727,3,VNC_WTct_L,
720575941681678525,720575941433032718,12,VNC_IntTct_L,
720575941681678525,720575941434457998,4,VNC_IntTct_L,
720575941681678525,720575941439050703,4,VNC_IntTct_L,
720575941681678525,720575941457147206,8,VNC_IntTct_L,
720575941681678525,720575941465484566,22,VNC_HTct_L,
720575941681678525,720575941465484566,6,VNC_IntTct_L,
720575941681678525,720575941475766122,3,VNC_HTct_L,
720575941681678525,720575941508509569,3,VNC_HTct_L,
720575941681678525,720575941518125528,6,VNC_HTct_L,
720575941681678525,720575941533862682,5,VNC_IntTct_L,
720575941681678525,720575941535331338,4,VNC_IntTct_L,
720575941681678525,720575941540205181,7,VNC_HTct_L,
720575941681678525,720575941543316329,7,VNC_HTct_L,
720575941681678525,720575941559020270,3,VNC_HTct_L,
720575941681678525,720575941571524872,3,VNC_NTct_L,
720575941681678525,720575941572251144,37,VNC_HTct_L,
720575941681678525,720575941572251144,5,VNC_IntTct_L,
720575941681678525,720575941583128454,12,VNC_HTct_L,
720575941681678525,720575941623307628,4,VNC_HTct_L,
720575941681678525,720575941630748859,19,VNC_HTct_L,
720575941681678525,720575941630748859,9,VNC_IntTct_L,
720575941688133871,720575941592408615,3,VNC_T1_ProNm_L,
720575941688133871,720575941613433564,7,VNC_T1_ProNm_L,
720575941688189935,720575941408509867,3,VNC_IntTct_R,
720575941688189935,720575941456348575,3,VNC_IntTct_R,
720575941688189935,720575941458334163,3,VNC_HTct_R,
720575941688189935,720575941459554960,6,VNC_HTct_R,
720575941688189935,720575941468312695,3,VNC_HTct_R,
720575941688189935,720575941474334779,7,VNC_HTct_R,
720575941688189935,720575941474334779,4,VNC_IntTct_R,
720575941688189935,720575941490785712,3,VNC_IntTct_R,
720575941688189935,720575941495591291,4,VNC_IntTct_R,
720575941688189935,720575941503451301,8,VNC_HTct_R,
720575941688189935,720575941503451301,5,VNC_IntTct_R,
720575941688189935,720575941517770412,4,VNC_HTct_R,
720575941688189935,720575941517770412,3,VNC_IntTct_R,
720575941688189935,720575941528944568,3,VNC_HTct_R,
720575941688189935,720575941532246762,21,VNC_IntTct_R,
720575941688189935,720575941535331338,7,VNC_HTct_R,
720575941688189935,720575941551947263,9,VNC_IntTct_R,
720575941688189935,720575941554049307,4,VNC_NTct_R,
720575941688189935,720575941557612915,19,VNC_HTct_R,
720575941688189935,720575941557612915,29,VNC_IntTct_R,
720575941688189935,720575941557612915,4,VNC_unassigned_R,
720575941688189935,720575941559929615,8,VNC_IntTct_R,
720575941688189935,720575941559929615,10,VNC_T2_MesoNm_R,
720575941688189935,720575941583254918,3,VNC_WTct_R,
720575941688189935,720575941601153270,15,VNC_HTct_R,
720575941688189935,720575941607605101,3,VNC_IntTct_R,
720575941688189935,720575941608991050,19,VNC_HTct_R,
720575941688189935,720575941608991050,7,VNC_IntTct_R,
720575941688189935,720575941623130314,7,VNC_IntTct_R,
720575941688189935,720575941625963419,3,VNC_IntTct_R,
720575941688189935,720575941640892517,4,VNC_IntTct_R,
720575941688189935,720575941649244437,3,VNC_IntTct_R,
720575941688189935,720575941650753297,3,VNC_IntTct_R,
720575941688189935,720575941652038421,5,VNC_HTct_R,
720575941688189935,720575941652038421,3,VNC_T3_MetaNm_R,
720575941688189935,720575941652647185,4,VNC_NTct_R,
720575941688189935,720575941653563153,3,VNC_IntTct_R,
720575941688189935,720575941655866648,5,VNC_IntTct_R,
720575941688189935,720575941655866648,3,VNC_T3_MetaNm_R,
720575941688189935,720575941659696184,11,VNC_HTct_R,
720575941688189935,720575941668725169,3,VNC_WTct_R,
720575941688189935,720575941684876527,3,VNC_IntTct_R,
720575941688242328,720575941461251027,3,VNC_T1_ProNm_R,
720575941688517388,720575941474640682,3,VNC_WTct_R,
720575941688517388,720575941533234954,4,VNC_unassigned_R,
720575941688517388,720575941540185213,21,VNC_T2_MesoNm_R,
720575941688517388,720575941546727713,4,VNC_T2_MesoNm_R,
720575941688517388,720575941546727713,3,VNC_unassigned_R,
720575941688517388,720575941551321371,10,VNC_NTct_R,
720575941688517388,720575941566918388,4,VNC_WTct_R,
720575941688517388,720575941595919217,3,VNC_T2_MesoNm_R,
720575941688517388,720575941613448668,43,VNC_T2_MesoNm_R,
720575941688517388,720575941665520371,3,VNC_WTct_R,
720575941688574360,720575941450876794,3,VNC_HTct_L,
720575941688574360,720575941475766122,6,VNC_HTct_L,
720575941688574360,720575941477446762,8,VNC_HTct_L,
720575941688574360,720575941477446762,4,VNC_NTct_L,
720575941688574360,720575941526764388,5,VNC_IntTct_L,
720575941688574360,720575941547226248,6,VNC_NTct_L,
720575941688574360,720575941555186074,4,VNC_NTct_L,
720575941688574360,720575941586381534,3,VNC_IntTct_L,
720575941688574360,720575941601243321,3,VNC_IntTct_L,
720575941688574360,720575941640895589,3,VNC_NTct_L,
720575941688574360,720575941700629722,3,VNC_HTct_L,
720575941688574360,720575941723242042,3,VNC_IntTct_L,
720575941688582518,720575941459114451,3,VNC_HTct_R,
720575941688582518,720575941468312695,4,VNC_HTct_R,
720575941688582518,720575941532246762,3,VNC_IntTct_R,
720575941688582518,720575941574155003,5,VNC_HTct_R,
720575941688582518,720575941650753297,4,VNC_NTct_R,
720575941688644315,720575941477166622,4,VNC_NTct_L,
720575941688644315,720575941477166622,3,VNC_unassigned_L,
720575941688644315,720575941478092963,3,VNC_IntTct_L,
720575941688644315,720575941547226248,4,VNC_IntTct_L,
720575941688644315,720575941547226248,8,VNC_NTct_L,
720575941688644315,720575941572851087,3,VNC_NTct_L,
720575941688674200,720575941429556655,4,VNC_IntTct_R,
720575941688806412,720575941551321371,3,VNC_NTct_R,
720575941689709019,720575941411546001,4,VNC_WTct_R,
720575941689709019,720575941495662971,3,VNC_WTct_R,
720575941689709019,720575941505739102,3,VNC_WTct_R,
720575941690766555,720575941640900453,4,VNC_T2_MesoNm_R,
720575941690788827,720575941450696029,5,VNC_T2_MesoNm_R,
720575941690874331,720575941394069654,4,VNC_IntTct_L,
720575941690874331,720575941452168873,4,VNC_HTct_L,
720575941690874331,720575941476130097,3,VNC_NTct_L,
720575941690874331,720575941524114532,3,VNC_IntTct_L,
720575941690874331,720575941525725954,6,VNC_NTct_L,
720575941690874331,720575941571997085,5,VNC_IntTct_L,
720575941690874331,720575941583128454,4,VNC_HTct_L,
720575941690874331,720575941583128454,4,VNC_unassigned_L,
720575941690874331,720575941601243321,4,VNC_IntTct_L,
720575941690874331,720575941611080010,6,VNC_HTct_L,
720575941690964888,720575941434457998,3,VNC_IntTct_L,
720575941690964888,720575941477166622,3,VNC_IntTct_L,
720575941690964888,720575941489320757,3,VNC_HTct_L,
720575941690964888,720575941591748648,3,VNC_IntTct_L,
720575941690964888,720575941687572492,4,VNC_IntTct_L,
720575941691021720,720575941523112439,9,VNC_NTct_L,
720575941691021720,720575941579868917,39,VNC_NTct_L,
720575941691031704,720575941401795619,56,VNC_T1_ProNm_L,
720575941691308952,720575941457134918,5,VNC_T2_MesoNm_L,
720575941691311512,720575941501002731,8,VNC_T2_MesoNm_L,
720575941691311512,720575941501135191,7,VNC_NTct_L,
720575941691311512,720575941501135191,62,VNC_T1_ProNm_L,
720575941691311512,720575941512450371,31,VNC_T2_MesoNm_L,
720575941700293082,720575941351927600,4,VNC_WTct_R,
720575941700293082,720575941519273944,3,VNC_HTct_R,
720575941700293082,720575941526690841,12,VNC_HTct_R,
720575941700293082,720575941526690841,3,VNC_NTct_R,
720575941700293082,720575941526690841,4,VNC_WTct_R,
720575941700293082,720575941533780762,3,VNC_WTct_R,
720575941700293082,720575941535952577,3,VNC_HTct_R,
720575941700293082,720575941562134829,11,VNC_HTct_R,
720575941700293082,720575941562134829,11,VNC_WTct_R,
720575941700293082,720575941575681718,3,VNC_HTct_R,
720575941700293082,720575941649244437,3,VNC_NTct_R,
720575941700293082,720575941668725169,4,VNC_HTct_R,
720575941700293082,720575941668725169,4,VNC_WTct_R,
720575941700316378,720575941511393233,3,VNC_WTct_L,
720575941700316378,720575941515619939,3,VNC_NTct_L,
720575941700316378,720575941527099981,3,VNC_WTct_L,
720575941700316378,720575941542469212,3,VNC_WTct_L,
720575941700316378,720575941644900472,3,VNC_HTct_L,
720575941701235930,720575941400818723,3,VNC_IntTct_L,
720575941701235930,720575941414326161,4,VNC_IntTct_L,
720575941701235930,720575941414508948,9,VNC_IntTct_L,
720575941701235930,720575941428209912,3,VNC_HTct_L,
720575941701235930,720575941429543127,4,VNC_IntTct_L,
720575941701235930,720575941447013813,7,VNC_HTct_L,
720575941701235930,720575941447013813,3,VNC_IntTct_L,
720575941701235930,720575941455940336,7,VNC_IntTct_L,
720575941701235930,720575941464073558,4,VNC_IntTct_L,
720575941701235930,720575941465484566,7,VNC_HTct_L,
720575941701235930,720575941465484566,47,VNC_IntTct_L,
720575941701235930,720575941467216093,4,VNC_WTct_L,
720575941701235930,720575941468312695,6,VNC_IntTct_L,
720575941701235930,720575941469724125,5,VNC_IntTct_L,
720575941701235930,720575941472042282,3,VNC_NTct_L,
720575941701235930,720575941473850720,7,VNC_HTct_L,
720575941701235930,720575941473850720,20,VNC_IntTct_L,
720575941701235930,720575941474741819,6,VNC_IntTct_L,
720575941701235930,720575941477927042,4,VNC_NTct_L,
720575941701235930,720575941477927042,5,VNC_WTct_L,
720575941701235930,720575941478092963,7,VNC_IntTct_L,
720575941701235930,720575941481020925,4,VNC_IntTct_L,
720575941701235930,720575941483838349,3,VNC_HTct_L,
720575941701235930,720575941512450371,17,VNC_T2_MesoNm_L,
720575941701235930,720575941516784494,3,VNC_IntTct_L,
720575941701235930,720575941518866542,7,VNC_IntTct_L,
720575941701235930,720575941524114532,4,VNC_IntTct_L,
720575941701235930,720575941524280857,7,VNC_IntTct_L,
720575941701235930,720575941530853507,10,VNC_IntTct_L,
720575941701235930,720575941533831194,5,VNC_HTct_L,
720575941701235930,720575941535331338,10,VNC_IntTct_L,
720575941701235930,720575941536208789,17,VNC_IntTct_L,
720575941701235930,720575941536371442,6,VNC_HTct_L,
720575941701235930,720575941540100381,5,VNC_IntTct_L,
720575941701235930,720575941549386239,4,VNC_IntTct_L,
720575941701235930,720575941553338778,7,VNC_IntTct_L,
720575941701235930,720575941565376046,4,VNC_IntTct_L,
720575941701235930,720575941566954228,11,VNC_IntTct_L,
720575941701235930,720575941570823752,5,VNC_IntTct_L,
720575941701235930,720575941572251144,14,VNC_HTct_L,
720575941701235930,720575941572251144,77,VNC_IntTct_L,
720575941701235930,720575941578442841,4,VNC_HTct_L,
720575941701235930,720575941579868917,6,VNC_IntTct_L,
720575941701235930,720575941583128454,24,VNC_HTct_L,
720575941701235930,720575941583128454,29,VNC_IntTct_L,
720575941701235930,720575941583595486,5,VNC_HTct_L,
720575941701235930,720575941583595486,13,VNC_IntTct_L,
720575941701235930,720575941593948805,3,VNC_IntTct_L,
720575941701235930,720575941601243321,4,VNC_NTct_L,
720575941701235930,720575941612053094,7,VNC_HTct_L,
720575941701235930,720575941619873663,4,VNC_IntTct_L,
720575941701235930,720575941621616380,8,VNC_IntTct_L,
720575941701235930,720575941621616380,5,VNC_NTct_L,
720575941701235930,720575941629354476,3,VNC_IntTct_L,
720575941701235930,720575941630748859,24,VNC_HTct_L,
720575941701235930,720575941632025580,8,VNC_HTct_L,
720575941701235930,720575941632698555,9,VNC_T2_MesoNm_L,
720575941701235930,720575941650775313,8,VNC_IntTct_L,
720575941701235930,720575941652640273,4,VNC_T2_MesoNm_L,
720575941701235930,720575941652781524,4,VNC_IntTct_L,
720575941701235930,720575941671138727,4,VNC_IntTct_L,
720575941701235930,720575941671138727,5,VNC_WTct_L,
720575941701672666,720575941433032718,5,VNC_HTct_L,
720575941701672666,720575941433032718,11,VNC_IntTct_L,
720575941701672666,720575941433032718,5,VNC_NTct_L,
720575941701672666,720575941474426929,13,VNC_HTct_L,
720575941701672666,720575941474426929,4,VNC_IntTct_L,
720575941701672666,720575941474426929,5,VNC_NTct_L,
720575941701672666,720575941474426929,4,VNC_WTct_L,
720575941701672666,720575941474426929,3,VNC_unassigned_L,
720575941701672666,720575941477446762,11,VNC_HTct_L,
720575941701672666,720575941477446762,8,VNC_IntTct_L,
720575941701672666,720575941477446762,16,VNC_NTct_L,
720575941701672666,720575941477446762,7,VNC_WTct_L,
720575941701672666,720575941477446762,3,VNC_unassigned_L,
720575941701672666,720575941485321869,3,VNC_IntTct_L,
720575941701672666,720575941514637827,3,VNC_IntTct_L,
720575941701672666,720575941514637827,12,VNC_NTct_L,
720575941701672666,720575941571524872,4,VNC_IntTct_L,
720575941701672666,720575941571524872,4,VNC_WTct_L,
720575941701672666,720575941572172553,3,VNC_WTct_L,
720575941703187674,720575941483537338,3,VNC_T1_ProNm_R,
720575941703187674,720575941505536290,5,VNC_LTct_R,
720575941703187674,720575941505536290,5,VNC_T3_MetaNm_R,
720575941703187674,720575941534040754,6,VNC_T3_MetaNm_R,
720575941703187674,720575941573489416,8,VNC_T2_MesoNm_R,
720575941703187674,720575941580604661,12,VNC_AMNp_R,
720575941703187674,720575941580604661,9,VNC_LTct_R,
720575941703187674,720575941580604661,4,VNC_T1_ProNm_R,
720575941703187674,720575941625907769,3,VNC_LTct_R,
720575941703187674,720575941685980278,6,VNC_LTct_R,
720575941703384026,720575941424930644,3,VNC_IntTct_L,
720575941703384026,720575941429439959,4,VNC_IntTct_L,
720575941703384026,720575941461235088,3,VNC_IntTct_L,
720575941703384026,720575941474741819,5,VNC_IntTct_L,
720575941703384026,720575941508255266,3,VNC_IntTct_L,
720575941703384026,720575941535047690,9,VNC_IntTct_L,
720575941703384026,720575941547336253,3,VNC_IntTct_L,
720575941703384026,720575941563254070,8,VNC_IntTct_L,
720575941703384026,720575941703131610,5,VNC_IntTct_L,
720575941720258362,720575941543825413,3,VNC_NTct_L,
720575941720258362,720575941571997085,4,VNC_NTct_L,
720575941721638714,720575941431092911,3,VNC_IntTct_R,
720575941721638714,720575941450520745,3,VNC_T3_MetaNm_R,
720575941721638714,720575941474571572,3,VNC_T3_MetaNm_R,
720575941721638714,720575941492308606,5,VNC_IntTct_R,
720575941721638714,720575941501984651,34,VNC_IntTct_R,
720575941721638714,720575941501984651,4,VNC_LTct_R,
720575941721638714,720575941501984651,6,VNC_T2_MesoNm_R,
720575941721638714,720575941608310346,9,VNC_IntTct_R,
720575941721638714,720575941640892517,5,VNC_T2_MesoNm_R,
720575941721638714,720575941655866648,5,VNC_IntTct_R,
720575941722108218,720575941498935777,6,VNC_IntTct_L,
720575941722108218,720575941506644540,3,VNC_IntTct_L,
720575941722108218,720575941559096302,3,VNC_IntTct_L,
720575941722108218,720575941625193354,4,VNC_IntTct_L,
720575941722108218,720575941653563153,4,VNC_IntTct_L,
720575941722210362,720575941526690841,5,VNC_HTct_L,
720575941722210362,720575941526690841,3,VNC_WTct_L,
720575941722210362,720575941552622398,3,VNC_IntTct_L,
720575941722210362,720575941614889941,3,VNC_IntTct_L,
720575941722210362,720575941649244437,6,VNC_HTct_L,
720575941722210362,720575941649244437,3,VNC_WTct_L,
720575941722210362,720575941668725169,4,VNC_HTct_L,
720575941730244651,720575941464768790,5,VNC_unassigned_R,
720575941730332715,720575941430950497,3,VNC_HTct_R,
720575941730332715,720575941524196683,4,VNC_HTct_R,
720575941730332715,720575941575681718,4,VNC_HTct_L,
720575941730332715,720575941575681718,5,VNC_HTct_R,
720575941730332715,720575941575865433,4,VNC_HTct_R,
720575941730332715,720575941580641913,5,VNC_WTct_L,
720575941730332715,720575941586381892,3,VNC_HTct_R,
720575941730332715,720575941593875589,3,VNC_HTct_R,
720575941730332715,720575941649244437,6,VNC_HTct_L,
720575941730332715,720575941668725169,3,VNC_HTct_R,
720575941731655979,720575941477166622,4,VNC_IntTct_L,
720575941731655979,720575941477166622,5,VNC_NTct_L,
720575941731655979,720575941479167456,5,VNC_NTct_L,
720575941731655979,720575941518936792,5,VNC_NTct_L,
720575941731655979,720575941560631464,4,VNC_NTct_L,
720575941731655979,720575941599444777,3,VNC_NTct_L,
720575941731655979,720575941652781524,4,VNC_NTct_L,
720575941732549163,720575941565522839,7,VNC_AMNp_R,
720575941732549163,720575941565522839,5,VNC_T1_ProNm_R,
720575941732549163,720575941669866161,4,VNC_IntTct_R,
720575941732549163,720575941669866161,3,VNC_T1_ProNm_R,
720575941732586539,720575941447013813,13,VNC_HTct_L,
720575941732586539,720575941459514512,4,VNC_HTct_L,
720575941732586539,720575941473850720,11,VNC_IntTct_L,
720575941732586539,720575941473850720,4,VNC_NTct_L,
720575941732586539,720575941474459707,7,VNC_HTct_L,
720575941732586539,720575941492354174,3,VNC_HTct_L,
720575941732586539,720575941495356286,3,VNC_HTct_L,
720575941732586539,720575941501041643,4,VNC_NTct_L,
720575941732586539,720575941501041643,7,VNC_unassigned_L,
720575941732586539,720575941516099500,8,VNC_HTct_L,
720575941732586539,720575941516099500,5,VNC_NTct_L,
720575941732586539,720575941516099500,8,VNC_WTct_L,
720575941732586539,720575941518434227,3,VNC_HTct_L,
720575941732586539,720575941518936792,3,VNC_NTct_L,
720575941732586539,720575941526764388,5,VNC_IntTct_L,
720575941732586539,720575941534709482,7,VNC_HTct_L,
720575941732586539,720575941542900997,4,VNC_NTct_L,
720575941732586539,720575941555526436,5,VNC_IntTct_L,
720575941732586539,720575941555526436,3,VNC_NTct_L,
720575941732586539,720575941555526436,3,VNC_unassigned_L,
720575941732586539,720575941561320493,5,VNC_HTct_L,
720575941732586539,720575941561320493,3,VNC_unassigned_L,
720575941732586539,720575941562467682,4,VNC_HTct_L,
720575941732586539,720575941566756602,3,VNC_HTct_L,
720575941732586539,720575941572251144,5,VNC_HTct_L,
720575941732586539,720575941583128454,15,VNC_HTct_L,
720575941732586539,720575941595131175,3,VNC_NTct_L,
720575941732586539,720575941595131175,5,VNC_unassigned_L,
720575941732586539,720575941599444777,3,VNC_unassigned_L,
720575941732586539,720575941601088441,13,VNC_HTct_L,
720575941732586539,720575941601092537,3,VNC_HTct_L,
720575941732586539,720575941601209590,3,VNC_NTct_L,
720575941732586539,720575941628630054,3,VNC_HTct_L,
720575941732586539,720575941640895589,3,VNC_NTct_L,
720575941732586539,720575941641574994,4,VNC_HTct_L,
720575941733034283,720575941394069654,11,VNC_HTct_L,
720575941733034283,720575941399253283,4,VNC_HTct_R,
720575941733034283,720575941399253283,12,VNC_IntTct_R,
720575941733034283,720575941399253283,6,VNC_WTct_R,
720575941733034283,720575941399309603,9,VNC_IntTct_L,
720575941733034283,720575941399309603,3,VNC_NTct_L,
720575941733034283,720575941410007663,3,VNC_HTct_L,
720575941733034283,720575941412323473,17,VNC_IntTct_L,
720575941733034283,720575941412323473,5,VNC_WTct_L,
720575941733034283,720575941412443540,8,VNC_IntTct_L,
720575941733034283,720575941412443540,4,VNC_IntTct_R,
720575941733034283,720575941414326161,3,VNC_HTct_L,
720575941733034283,720575941414326161,17,VNC_IntTct_L,
720575941733034283,720575941429512151,3,VNC_IntTct_R,
720575941733034283,720575941436996882,4,VNC_IntTct_R,
720575941733034283,720575941439050703,9,VNC_IntTct_L,
720575941733034283,720575941449255290,4,VNC_HTct_R,
720575941733034283,720575941449255290,32,VNC_IntTct_R,
720575941733034283,720575941449255290,4,VNC_WTct_R,
720575941733034283,720575941450876794,5,VNC_IntTct_L,
720575941733034283,720575941456348575,14,VNC_IntTct_R,
720575941733034283,720575941456348575,3,VNC_LTct_R,
720575941733034283,720575941456348575,3,VNC_WTct_R,
720575941733034283,720575941457147206,5,VNC_HTct_L,
720575941733034283,720575941457147206,19,VNC_IntTct_L,
720575941733034283,720575941457147206,3,VNC_NTct_L,
720575941733034283,720575941457147206,7,VNC_WTct_L,
720575941733034283,720575941459554960,5,VNC_IntTct_R,
720575941733034283,720575941460885005,4,VNC_HTct_R,
720575941733034283,720575941464073558,5,VNC_HTct_L,
720575941733034283,720575941464073558,5,VNC_IntTct_L,
720575941733034283,720575941465484566,5,VNC_IntTct_L,
720575941733034283,720575941471203447,14,VNC_HTct_L,
720575941733034283,720575941471203447,3,VNC_IntTct_L,
720575941733034283,720575941474741819,9,VNC_IntTct_L,
720575941733034283,720575941474741819,3,VNC_LTct_L,
720575941733034283,720575941475749994,4,VNC_IntTct_L,
720575941733034283,720575941475749994,3,VNC_IntTct_R,
720575941733034283,720575941481020925,4,VNC_IntTct_L,
720575941733034283,720575941495591291,3,VNC_IntTct_R,
720575941733034283,720575941503451301,3,VNC_IntTct_R,
720575941733034283,720575941505478690,7,VNC_HTct_L,
720575941733034283,720575941505478690,17,VNC_IntTct_L,
720575941733034283,720575941505478690,5,VNC_WTct_L,
720575941733034283,720575941508542674,10,VNC_HTct_L,
720575941733034283,720575941508542674,5,VNC_IntTct_L,
720575941733034283,720575941508542674,3,VNC_WTct_L,
720575941733034283,720575941516768472,4,VNC_IntTct_L,
720575941733034283,720575941516768472,9,VNC_IntTct_R,
720575941733034283,720575941520333047,4,VNC_HTct_L,
720575941733034283,720575941524114532,22,VNC_IntTct_L,
720575941733034283,720575941528086660,5,VNC_IntTct_R,
720575941733034283,720575941530853507,4,VNC_IntTct_L,
720575941733034283,720575941532385624,5,VNC_HTct_R,
720575941733034283,720575941532385624,13,VNC_IntTct_R,
720575941733034283,720575941533221825,3,VNC_HTct_R,
720575941733034283,720575941533761050,3,VNC_IntTct_R,
720575941733034283,720575941535331338,3,VNC_IntTct_L,
720575941733034283,720575941535331338,5,VNC_WTct_L,
720575941733034283,720575941543669765,10,VNC_HTct_L,
720575941733034283,720575941543669765,21,VNC_IntTct_L,
720575941733034283,720575941546731041,11,VNC_HTct_R,
720575941733034283,720575941546731041,13,VNC_IntTct_R,
720575941733034283,720575941546731041,9,VNC_LTct_L,
720575941733034283,720575941546731041,3,VNC_LTct_R,
720575941733034283,720575941549386239,5,VNC_IntTct_L,
720575941733034283,720575941557612915,15,VNC_HTct_R,
720575941733034283,720575941558661165,4,VNC_HTct_R,
720575941733034283,720575941558661165,20,VNC_IntTct_R,
720575941733034283,720575941560090862,5,VNC_IntTct_R,
720575941733034283,720575941560090862,4,VNC_NTct_R,
720575941733034283,720575941566956532,4,VNC_HTct_R,
720575941733034283,720575941566956532,10,VNC_IntTct_R,
720575941733034283,720575941570823752,3,VNC_HTct_R,
720575941733034283,720575941570823752,3,VNC_IntTct_L,
720575941733034283,720575941570823752,4,VNC_IntTct_R,
720575941733034283,720575941571516936,3,VNC_WTct_L,
720575941733034283,720575941572251144,13,VNC_HTct_L,
720575941733034283,720575941572251144,13,VNC_IntTct_L,
720575941733034283,720575941583128454,19,VNC_HTct_L,
720575941733034283,720575941583128454,3,VNC_IntTct_L,
720575941733034283,720575941583169158,3,VNC_HTct_R,
720575941733034283,720575941583511518,5,VNC_IntTct_L,
720575941733034283,720575941588018942,3,VNC_HTct_L,
720575941733034283,720575941593615211,21,VNC_IntTct_R,
720575941733034283,720575941601088441,3,VNC_HTct_L,
720575941733034283,720575941601209590,3,VNC_NTct_L,
720575941733034283,720575941604997997,3,VNC_HTct_R,
720575941733034283,720575941605016941,3,VNC_IntTct_L,
720575941733034283,720575941605016941,3,VNC_WTct_L,
720575941733034283,720575941608310346,4,VNC_IntTct_R,
720575941733034283,720575941608861929,19,VNC_IntTct_L,
720575941733034283,720575941608861929,6,VNC_WTct_L,
720575941733034283,720575941608991050,8,VNC_HTct_R,
720575941733034283,720575941608991050,9,VNC_IntTct_R,
720575941733034283,720575941613256211,3,VNC_HTct_R,
720575941733034283,720575941623108298,3,VNC_WTct_R,
720575941733034283,720575941623284362,8,VNC_IntTct_R,
720575941733034283,720575941623347099,6,VNC_IntTct_L,
720575941733034283,720575941623347099,3,VNC_IntTct_R,
720575941733034283,720575941630959035,11,VNC_HTct_R,
720575941733034283,720575941630959035,16,VNC_IntTct_R,
720575941733034283,720575941632896453,3,VNC_HTct_L,
720575941733034283,720575941650775313,8,VNC_IntTct_L,
720575941733034283,720575941650775313,3,VNC_IntTct_R,
720575941733034283,720575941656239440,3,VNC_HTct_L,
720575941733034283,720575941667143601,3,VNC_IntTct_R,
720575941733034283,720575941723242042,14,VNC_IntTct_L,
720575941733034283,720575941723242042,3,VNC_WTct_L,
720575941733143339,720575941431311575,6,VNC_WTct_L,
720575941733143339,720575941434870560,4,VNC_IntTct_L,
720575941733143339,720575941434870560,4,VNC_WTct_L,
720575941733143339,720575941477598432,9,VNC_IntTct_L,
720575941733143339,720575941495592571,6,VNC_HTct_L,
720575941733143339,720575941508509569,33,VNC_HTct_L,
720575941733143339,720575941508509569,3,VNC_IntTct_L,
720575941733143339,720575941518125528,46,VNC_HTct_L,
720575941733143339,720575941518125528,4,VNC_IntTct_L,
720575941733143339,720575941526764388,10,VNC_HTct_L,
720575941733143339,720575941526764388,7,VNC_IntTct_L,
720575941733143339,720575941526764388,5,VNC_NTct_L,
720575941733143339,720575941540205181,11,VNC_HTct_L,
720575941733143339,720575941540205181,6,VNC_IntTct_L,
720575941733143339,720575941559020270,19,VNC_HTct_L,
720575941733143339,720575941559020270,9,VNC_IntTct_L,
720575941733143339,720575941570817352,7,VNC_IntTct_L,
720575941733143339,720575941586402628,7,VNC_HTct_L,
720575941733143339,720575941602811577,5,VNC_IntTct_L,
720575941733143339,720575941623307628,22,VNC_HTct_L,
720575941733143339,720575941623307628,8,VNC_IntTct_L,
720575941733143339,720575941653507801,7,VNC_HTct_L,
720575941733215019,720575941459926086,10,VNC_NTct_L,
720575941733215019,720575941459926086,7,VNC_T1_ProNm_L,
720575941733215019,720575941473850720,4,VNC_NTct_L,
720575941733215019,720575941504505157,6,VNC_NTct_L,
720575941733215019,720575941504505157,3,VNC_T1_ProNm_L,
720575941733215019,720575941547226248,3,VNC_NTct_L,
720575941733215019,720575941595131175,23,VNC_NTct_L,
720575941733215019,720575941595131175,5,VNC_unassigned_L,
720575941733215019,720575941639451167,7,VNC_NTct_L,
