interneuron_id,cluster,hub_score,target_score,n_mn_targets,integration_score_norm,n_muscle_types,cluster_score,dn_score,n_dn_inputs,composite_score,neuron_name,rank,priority_tier
720575941610354153,2,11.999999999999977,12.0,3,0.0,1.0,100.0,0.0,0,28.599999999999994,720575941610354153,252,Tier 3: Lower Priority
720575941570772296,5,11.999999999999977,12.0,3,0.0,1.0,100.0,0.0,0,28.599999999999994,720575941570772296,253,Tier 3: Lower Priority
720575941662449020,5,11.999999999999977,12.0,3,0.0,1.0,100.0,0.0,0,28.599999999999994,720575941662449020,254,Tier 3: Lower Priority
720575941449942877,2,11.999999999999977,12.0,3,0.0,1.0,100.0,0.0,0,28.599999999999994,720575941449942877,255,Tier 3: Lower Priority
720575941457153094,5,11.999999999999977,12.0,3,0.0,1.0,100.0,0.0,0,28.599999999999994,720575941457153094,256,Tier 3: Lower Priority
720575941526856614,5,11.999999999999977,12.0,3,0.0,1.0,100.0,0.0,0,28.599999999999994,720575941526856614,257,Tier 3: Lower Priority
720575941501837506,2,11.999999999999977,12.0,3,0.0,1.0,100.0,0.0,0,28.599999999999994,720575941501837506,258,Tier 3: Lower Priority
720575941505369509,5,11.999999999999977,12.0,3,0.0,1.0,100.0,0.0,0,28.599999999999994,720575941505369509,259,Tier 3: Lower Priority
720575941481020925,5,11.999999999999977,12.0,3,0.0,1.0,100.0,0.0,0,28.599999999999994,720575941481020925,260,Tier 3: Lower Priority
720575941590840062,5,11.999999999999977,12.0,3,0.0,1.0,100.0,0.0,0,28.599999999999994,720575941590840062,261,Tier 3: Lower Priority
720575941437158956,5,11.999999999999977,12.0,3,0.0,1.0,100.0,0.0,0,28.599999999999994,720575941437158956,262,Tier 3: Lower Priority
720575941474745396,2,11.999999999999977,12.0,3,0.0,1.0,100.0,0.0,0,28.599999999999994,720575941474745396,263,Tier 3: Lower Priority
720575941570676552,5,11.999999999999977,12.0,3,0.0,1.0,100.0,0.0,0,28.599999999999994,720575941570676552,264,Tier 3: Lower Priority
720575941498696354,5,11.999999999999977,12.0,3,0.0,1.0,100.0,0.0,0,28.599999999999994,720575941498696354,265,Tier 3: Lower Priority
720575941457140550,5,11.999999999999977,12.0,3,0.0,1.0,100.0,0.0,0,28.599999999999994,720575941457140550,266,Tier 3: Lower Priority
720575941617190527,2,11.999999999999977,12.0,3,0.0,1.0,100.0,0.0,0,28.599999999999994,720575941617190527,267,Tier 3: Lower Priority
720575941494021760,5,11.999999999999977,12.0,3,0.0,1.0,100.0,0.0,0,28.599999999999994,720575941494021760,268,Tier 3: Lower Priority
720575941555505188,5,11.999999999999977,12.0,3,0.0,1.0,100.0,0.0,0,28.599999999999994,720575941555505188,269,Tier 3: Lower Priority
720575941687834331,5,11.999999999999977,12.0,3,0.0,1.0,100.0,0.0,0,28.599999999999994,720575941687834331,270,Tier 3: Lower Priority
720575941625932682,5,11.999999999999977,12.0,3,0.0,1.0,100.0,0.0,0,28.599999999999994,720575941625932682,271,Tier 3: Lower Priority
720575941575696217,2,11.999999999999977,12.0,3,0.0,1.0,100.0,0.0,0,28.599999999999994,720575941575696217,272,Tier 3: Lower Priority
720575941651847189,5,11.999999999999977,12.0,3,0.0,1.0,100.0,0.0,0,28.599999999999994,720575941651847189,273,Tier 3: Lower Priority
720575941456176799,2,11.999999999999977,12.0,3,0.0,1.0,100.0,0.0,0,28.599999999999994,720575941456176799,274,Tier 3: Lower Priority
720575941531319427,5,11.999999999999977,12.0,3,0.0,1.0,100.0,0.0,0,28.599999999999994,720575941531319427,275,Tier 3: Lower Priority
720575941470111863,5,11.999999999999977,12.0,3,0.0,1.0,100.0,0.0,0,28.599999999999994,720575941470111863,276,Tier 3: Lower Priority
720575941489089255,5,11.999999999999977,12.0,3,0.0,1.0,100.0,0.0,0,28.599999999999994,720575941489089255,277,Tier 3: Lower Priority
720575941472050218,5,11.999999999999977,12.0,3,0.0,1.0,100.0,0.0,0,28.599999999999994,720575941472050218,278,Tier 3: Lower Priority
720575941456314271,5,11.999999999999977,12.0,3,0.0,1.0,100.0,0.0,0,28.599999999999994,720575941456314271,279,Tier 3: Lower Priority
720575941595021681,5,11.999999999999977,12.0,3,0.0,1.0,100.0,0.0,0,28.599999999999994,720575941595021681,280,Tier 3: Lower Priority
720575941493701246,2,11.999999999999977,12.0,3,0.0,1.0,100.0,0.0,0,28.599999999999994,720575941493701246,281,Tier 3: Lower Priority
720575941562339079,5,11.999999999999977,12.0,3,0.0,1.0,100.0,0.0,0,28.599999999999994,720575941562339079,282,Tier 3: Lower Priority
720575941587528772,2,11.999999999999977,12.0,3,0.0,1.0,100.0,0.0,0,28.599999999999994,720575941587528772,283,Tier 3: Lower Priority
720575941447887636,5,11.999999999999977,12.0,3,0.0,1.0,100.0,0.0,0,28.599999999999994,720575941447887636,284,Tier 3: Lower Priority
720575941516784494,5,11.999999999999977,12.0,3,0.0,1.0,100.0,0.0,0,28.599999999999994,720575941516784494,285,Tier 3: Lower Priority
720575941629354476,5,11.999999999999977,12.0,3,0.0,1.0,100.0,0.0,0,28.599999999999994,720575941629354476,286,Tier 3: Lower Priority
720575941465484566,1,3.999999999999645,4.0,1,0.0,1.0,77.18446601941747,32.35294117647059,33,28.58435179897191,720575941465484566,287,Tier 3: Lower Priority
720575941429556655,4,7.999999999999812,8.0,2,0.0,1.0,86.2864077669903,17.647058823529413,18,28.38336664762987,720575941429556655,288,Tier 3: Lower Priority
720575941547226248,5,7.999999999999812,8.0,2,0.0,1.0,100.0,3.9215686274509802,4,28.380392156862687,720575941547226248,289,Tier 3: Lower Priority
720575941609429350,5,7.999999999999812,8.0,2,0.0,1.0,100.0,3.9215686274509802,4,28.380392156862687,720575941609429350,290,Tier 3: Lower Priority
720575941600259369,5,7.999999999999812,8.0,2,0.0,1.0,100.0,3.9215686274509802,4,28.380392156862687,720575941600259369,291,Tier 3: Lower Priority
720575941649244437,4,19.99999999999979,20.0,5,0.0,1.0,86.2864077669903,2.9411764705882355,3,28.306896059394568,720575941649244437,292,Tier 3: Lower Priority
720575941603749817,3,23.999999999999954,24.0,6,20.0,2.0,66.86893203883496,0.9803921568627451,1,28.16233104892441,720575941603749817,293,Tier 3: Lower Priority
720575941631436524,5,7.999999999999812,8.0,2,0.0,1.0,100.0,2.9411764705882355,3,28.135294117647,720575941631436524,294,Tier 3: Lower Priority
720575941576941045,5,7.999999999999812,8.0,2,0.0,1.0,100.0,2.9411764705882355,3,28.135294117647,720575941576941045,295,Tier 3: Lower Priority
720575941537501160,5,7.999999999999812,8.0,2,0.0,1.0,100.0,2.9411764705882355,3,28.135294117647,720575941537501160,296,Tier 3: Lower Priority
720575941485458754,5,7.999999999999812,8.0,2,0.0,1.0,100.0,2.9411764705882355,3,28.135294117647,720575941485458754,297,Tier 3: Lower Priority
720575941438938175,4,15.999999999999623,16.0,4,0.0,1.0,86.2864077669903,6.862745098039215,7,28.087288216257264,720575941438938175,298,Tier 3: Lower Priority
720575941546335676,4,19.99999999999979,20.0,5,0.0,1.0,86.2864077669903,1.9607843137254901,2,28.06179802017888,720575941546335676,299,Tier 3: Lower Priority
720575941470474763,4,19.99999999999979,20.0,5,0.0,1.0,86.2864077669903,1.9607843137254901,2,28.06179802017888,720575941470474763,300,Tier 3: Lower Priority
720575941644138401,4,19.99999999999979,20.0,5,0.0,1.0,86.2864077669903,1.9607843137254901,2,28.06179802017888,720575941644138401,301,Tier 3: Lower Priority
720575941642372040,1,19.99999999999979,20.0,5,10.0,2.0,77.18446601941747,2.9411764705882355,3,28.03141062250136,720575941642372040,302,Tier 3: Lower Priority
720575941501721138,5,3.999999999999645,4.0,1,0.0,1.0,100.0,6.862745098039215,7,27.915686274509696,720575941501721138,303,Tier 3: Lower Priority
720575941439050703,5,3.999999999999645,4.0,1,0.0,1.0,100.0,6.862745098039215,7,27.915686274509696,720575941439050703,304,Tier 3: Lower Priority
720575941496830370,5,3.999999999999645,4.0,1,0.0,1.0,100.0,6.862745098039215,7,27.915686274509696,720575941496830370,305,Tier 3: Lower Priority
720575941678358973,5,3.999999999999645,4.0,1,0.0,1.0,100.0,6.862745098039215,7,27.915686274509696,720575941678358973,306,Tier 3: Lower Priority
720575941550878087,5,3.999999999999645,4.0,1,0.0,1.0,100.0,6.862745098039215,7,27.915686274509696,720575941550878087,307,Tier 3: Lower Priority
720575941411791764,5,7.999999999999812,8.0,2,0.0,1.0,100.0,1.9607843137254901,2,27.890196078431313,720575941411791764,308,Tier 3: Lower Priority
720575941523692290,5,7.999999999999812,8.0,2,0.0,1.0,100.0,1.9607843137254901,2,27.890196078431313,720575941523692290,309,Tier 3: Lower Priority
720575941512798796,5,7.999999999999812,8.0,2,0.0,1.0,100.0,1.9607843137254901,2,27.890196078431313,720575941512798796,310,Tier 3: Lower Priority
720575941519273944,5,7.999999999999812,8.0,2,0.0,1.0,100.0,1.9607843137254901,2,27.890196078431313,720575941519273944,311,Tier 3: Lower Priority
720575941449245818,5,7.999999999999812,8.0,2,0.0,1.0,100.0,1.9607843137254901,2,27.890196078431313,720575941449245818,312,Tier 3: Lower Priority
720575941547177076,1,28.000000000000124,28.0,7,0.0,1.0,77.18446601941747,0.0,0,27.696116504854405,720575941547177076,313,Tier 3: Lower Priority
720575941617069695,1,28.000000000000124,28.0,7,0.0,1.0,77.18446601941747,0.0,0,27.696116504854405,720575941617069695,314,Tier 3: Lower Priority
720575941400818723,4,7.999999999999812,8.0,2,0.0,1.0,86.2864077669903,14.705882352941176,15,27.64807252998281,720575941400818723,315,Tier 3: Lower Priority
720575941488193481,5,7.999999999999812,8.0,2,0.0,1.0,100.0,0.9803921568627451,1,27.64509803921563,720575941488193481,316,Tier 3: Lower Priority
720575941563316022,5,7.999999999999812,8.0,2,0.0,1.0,100.0,0.9803921568627451,1,27.64509803921563,720575941563316022,317,Tier 3: Lower Priority
720575941536294293,5,7.999999999999812,8.0,2,0.0,1.0,100.0,0.9803921568627451,1,27.64509803921563,720575941536294293,318,Tier 3: Lower Priority
720575941629413356,5,7.999999999999812,8.0,2,0.0,1.0,100.0,0.9803921568627451,1,27.64509803921563,720575941629413356,319,Tier 3: Lower Priority
720575941438261845,5,7.999999999999812,8.0,2,0.0,1.0,100.0,0.9803921568627451,1,27.64509803921563,720575941438261845,320,Tier 3: Lower Priority
720575941514065043,5,7.999999999999812,8.0,2,0.0,1.0,100.0,0.9803921568627451,1,27.64509803921563,720575941514065043,321,Tier 3: Lower Priority
720575941535952577,5,7.999999999999812,8.0,2,0.0,1.0,100.0,0.9803921568627451,1,27.64509803921563,720575941535952577,322,Tier 3: Lower Priority
720575941544695732,5,7.999999999999812,8.0,2,0.0,1.0,100.0,0.9803921568627451,1,27.64509803921563,720575941544695732,323,Tier 3: Lower Priority
720575941571516936,5,7.999999999999812,8.0,2,0.0,1.0,100.0,0.9803921568627451,1,27.64509803921563,720575941571516936,324,Tier 3: Lower Priority
720575941562021376,5,7.999999999999812,8.0,2,0.0,1.0,100.0,0.9803921568627451,1,27.64509803921563,720575941562021376,325,Tier 3: Lower Priority
720575941475749994,5,7.999999999999812,8.0,2,0.0,1.0,100.0,0.9803921568627451,1,27.64509803921563,720575941475749994,326,Tier 3: Lower Priority
720575941588652940,5,7.999999999999812,8.0,2,0.0,1.0,100.0,0.9803921568627451,1,27.64509803921563,720575941588652940,327,Tier 3: Lower Priority
720575941610587612,5,7.999999999999812,8.0,2,0.0,1.0,100.0,0.9803921568627451,1,27.64509803921563,720575941610587612,328,Tier 3: Lower Priority
720575941350409264,5,7.999999999999812,8.0,2,0.0,1.0,100.0,0.9803921568627451,1,27.64509803921563,720575941350409264,329,Tier 3: Lower Priority
720575941573038843,5,7.999999999999812,8.0,2,0.0,1.0,100.0,0.9803921568627451,1,27.64509803921563,720575941573038843,330,Tier 3: Lower Priority
720575941524196683,2,7.999999999999812,8.0,2,0.0,1.0,100.0,0.9803921568627451,1,27.64509803921563,720575941524196683,331,Tier 3: Lower Priority
720575941632901829,5,7.999999999999812,8.0,2,0.0,1.0,100.0,0.9803921568627451,1,27.64509803921563,720575941632901829,332,Tier 3: Lower Priority
720575941447822158,5,7.999999999999812,8.0,2,0.0,1.0,100.0,0.9803921568627451,1,27.64509803921563,720575941447822158,333,Tier 3: Lower Priority
720575941430389006,5,7.999999999999812,8.0,2,0.0,1.0,100.0,0.9803921568627451,1,27.64509803921563,720575941430389006,334,Tier 3: Lower Priority
720575941555504723,5,7.999999999999812,8.0,2,0.0,1.0,100.0,0.9803921568627451,1,27.64509803921563,720575941555504723,335,Tier 3: Lower Priority
720575941464768790,4,11.999999999999977,12.0,3,0.0,1.0,86.2864077669903,9.803921568627452,10,27.622582333904433,720575941464768790,336,Tier 3: Lower Priority
720575941523112439,4,11.999999999999977,12.0,3,0.0,1.0,86.2864077669903,9.803921568627452,10,27.622582333904433,720575941523112439,337,Tier 3: Lower Priority
720575941503451301,1,3.999999999999645,4.0,1,0.0,1.0,77.18446601941747,28.431372549019606,29,27.60395964210916,720575941503451301,338,Tier 3: Lower Priority
720575941496878498,4,19.99999999999979,20.0,5,0.0,1.0,86.2864077669903,0.0,0,27.57160194174751,720575941496878498,339,Tier 3: Lower Priority
720575941350393904,4,19.99999999999979,20.0,5,0.0,1.0,86.2864077669903,0.0,0,27.57160194174751,720575941350393904,340,Tier 3: Lower Priority
720575941513033219,4,19.99999999999979,20.0,5,0.0,1.0,86.2864077669903,0.0,0,27.57160194174751,720575941513033219,341,Tier 3: Lower Priority
720575941543647420,4,19.99999999999979,20.0,5,0.0,1.0,86.2864077669903,0.0,0,27.57160194174751,720575941543647420,342,Tier 3: Lower Priority
720575941550971783,4,19.99999999999979,20.0,5,0.0,1.0,86.2864077669903,0.0,0,27.57160194174751,720575941550971783,343,Tier 3: Lower Priority
720575941573188278,4,19.99999999999979,20.0,5,0.0,1.0,86.2864077669903,0.0,0,27.57160194174751,720575941573188278,344,Tier 3: Lower Priority
720575941568855540,4,19.99999999999979,20.0,5,0.0,1.0,86.2864077669903,0.0,0,27.57160194174751,720575941568855540,345,Tier 3: Lower Priority
720575941550948231,4,19.99999999999979,20.0,5,0.0,1.0,86.2864077669903,0.0,0,27.57160194174751,720575941550948231,346,Tier 3: Lower Priority
720575941626235530,4,19.99999999999979,20.0,5,0.0,1.0,86.2864077669903,0.0,0,27.57160194174751,720575941626235530,347,Tier 3: Lower Priority
720575941484346621,4,19.99999999999979,20.0,5,0.0,1.0,86.2864077669903,0.0,0,27.57160194174751,720575941484346621,348,Tier 3: Lower Priority
720575941610056166,4,19.99999999999979,20.0,5,0.0,1.0,86.2864077669903,0.0,0,27.57160194174751,720575941610056166,349,Tier 3: Lower Priority
720575941518410094,4,19.99999999999979,20.0,5,0.0,1.0,86.2864077669903,0.0,0,27.57160194174751,720575941518410094,350,Tier 3: Lower Priority
720575941602987510,3,15.999999999999623,16.0,4,30.0,2.0,66.86893203883496,0.0,0,27.517233009708626,720575941602987510,351,Tier 3: Lower Priority
720575941521031927,5,3.999999999999645,4.0,1,0.0,1.0,100.0,4.901960784313726,5,27.425490196078325,720575941521031927,352,Tier 3: Lower Priority
720575941411765140,5,3.999999999999645,4.0,1,0.0,1.0,100.0,4.901960784313726,5,27.425490196078325,720575941411765140,353,Tier 3: Lower Priority
720575941453948397,2,7.999999999999812,8.0,2,0.0,1.0,100.0,0.0,0,27.39999999999994,720575941453948397,354,Tier 3: Lower Priority
720575941494969726,5,7.999999999999812,8.0,2,0.0,1.0,100.0,0.0,0,27.39999999999994,720575941494969726,355,Tier 3: Lower Priority
720575941442347178,2,7.999999999999812,8.0,2,0.0,1.0,100.0,0.0,0,27.39999999999994,720575941442347178,356,Tier 3: Lower Priority
720575941442374058,5,7.999999999999812,8.0,2,0.0,1.0,100.0,0.0,0,27.39999999999994,720575941442374058,357,Tier 3: Lower Priority
720575941595768476,2,7.999999999999812,8.0,2,0.0,1.0,100.0,0.0,0,27.39999999999994,720575941595768476,358,Tier 3: Lower Priority
720575941625387321,5,7.999999999999812,8.0,2,0.0,1.0,100.0,0.0,0,27.39999999999994,720575941625387321,359,Tier 3: Lower Priority
720575941429210721,5,7.999999999999812,8.0,2,0.0,1.0,100.0,0.0,0,27.39999999999994,720575941429210721,360,Tier 3: Lower Priority
720575941539054541,5,7.999999999999812,8.0,2,0.0,1.0,100.0,0.0,0,27.39999999999994,720575941539054541,361,Tier 3: Lower Priority
720575941496284489,5,7.999999999999812,8.0,2,0.0,1.0,100.0,0.0,0,27.39999999999994,720575941496284489,362,Tier 3: Lower Priority
720575941521101495,5,7.999999999999812,8.0,2,0.0,1.0,100.0,0.0,0,27.39999999999994,720575941521101495,363,Tier 3: Lower Priority
720575941450477225,5,7.999999999999812,8.0,2,0.0,1.0,100.0,0.0,0,27.39999999999994,720575941450477225,364,Tier 3: Lower Priority
720575941430294703,5,7.999999999999812,8.0,2,0.0,1.0,100.0,0.0,0,27.39999999999994,720575941430294703,365,Tier 3: Lower Priority
720575941501848626,5,7.999999999999812,8.0,2,0.0,1.0,100.0,0.0,0,27.39999999999994,720575941501848626,366,Tier 3: Lower Priority
720575941551357723,5,7.999999999999812,8.0,2,0.0,1.0,100.0,0.0,0,27.39999999999994,720575941551357723,367,Tier 3: Lower Priority
720575941414026524,5,7.999999999999812,8.0,2,0.0,1.0,100.0,0.0,0,27.39999999999994,720575941414026524,368,Tier 3: Lower Priority
720575941623439754,5,7.999999999999812,8.0,2,0.0,1.0,100.0,0.0,0,27.39999999999994,720575941623439754,369,Tier 3: Lower Priority
720575941503638578,5,7.999999999999812,8.0,2,0.0,1.0,100.0,0.0,0,27.39999999999994,720575941503638578,370,Tier 3: Lower Priority
720575941623328108,5,7.999999999999812,8.0,2,0.0,1.0,100.0,0.0,0,27.39999999999994,720575941623328108,371,Tier 3: Lower Priority
720575941551502490,5,7.999999999999812,8.0,2,0.0,1.0,100.0,0.0,0,27.39999999999994,720575941551502490,372,Tier 3: Lower Priority
720575941623326572,5,7.999999999999812,8.0,2,0.0,1.0,100.0,0.0,0,27.39999999999994,720575941623326572,373,Tier 3: Lower Priority
720575941505819009,5,7.999999999999812,8.0,2,0.0,1.0,100.0,0.0,0,27.39999999999994,720575941505819009,374,Tier 3: Lower Priority
720575941668742567,5,7.999999999999812,8.0,2,0.0,1.0,100.0,0.0,0,27.39999999999994,720575941668742567,375,Tier 3: Lower Priority
720575941449358970,5,7.999999999999812,8.0,2,0.0,1.0,100.0,0.0,0,27.39999999999994,720575941449358970,376,Tier 3: Lower Priority
720575941592149718,5,7.999999999999812,8.0,2,0.0,1.0,100.0,0.0,0,27.39999999999994,720575941592149718,377,Tier 3: Lower Priority
720575941546436713,2,7.999999999999812,8.0,2,0.0,1.0,100.0,0.0,0,27.39999999999994,720575941546436713,378,Tier 3: Lower Priority
720575941413872924,5,7.999999999999812,8.0,2,0.0,1.0,100.0,0.0,0,27.39999999999994,720575941413872924,379,Tier 3: Lower Priority
720575941520331511,5,7.999999999999812,8.0,2,0.0,1.0,100.0,0.0,0,27.39999999999994,720575941520331511,380,Tier 3: Lower Priority
720575941496948297,2,7.999999999999812,8.0,2,0.0,1.0,100.0,0.0,0,27.39999999999994,720575941496948297,381,Tier 3: Lower Priority
720575941609422822,5,7.999999999999812,8.0,2,0.0,1.0,100.0,0.0,0,27.39999999999994,720575941609422822,382,Tier 3: Lower Priority
720575941498803874,5,7.999999999999812,8.0,2,0.0,1.0,100.0,0.0,0,27.39999999999994,720575941498803874,383,Tier 3: Lower Priority
720575941575519336,5,7.999999999999812,8.0,2,0.0,1.0,100.0,0.0,0,27.39999999999994,720575941575519336,384,Tier 3: Lower Priority
720575941605016941,5,7.999999999999812,8.0,2,0.0,1.0,100.0,0.0,0,27.39999999999994,720575941605016941,385,Tier 3: Lower Priority
720575941564530327,5,7.999999999999812,8.0,2,0.0,1.0,100.0,0.0,0,27.39999999999994,720575941564530327,386,Tier 3: Lower Priority
720575941459562128,5,7.999999999999812,8.0,2,0.0,1.0,100.0,0.0,0,27.39999999999994,720575941459562128,387,Tier 3: Lower Priority
720575941532423000,5,7.999999999999812,8.0,2,0.0,1.0,100.0,0.0,0,27.39999999999994,720575941532423000,388,Tier 3: Lower Priority
720575941568726004,5,7.999999999999812,8.0,2,0.0,1.0,100.0,0.0,0,27.39999999999994,720575941568726004,389,Tier 3: Lower Priority
720575941485138896,5,7.999999999999812,8.0,2,0.0,1.0,100.0,0.0,0,27.39999999999994,720575941485138896,390,Tier 3: Lower Priority
720575941474347294,5,7.999999999999812,8.0,2,0.0,1.0,100.0,0.0,0,27.39999999999994,720575941474347294,391,Tier 3: Lower Priority
720575941484125702,5,7.999999999999812,8.0,2,0.0,1.0,100.0,0.0,0,27.39999999999994,720575941484125702,392,Tier 3: Lower Priority
720575941571690760,5,7.999999999999812,8.0,2,0.0,1.0,100.0,0.0,0,27.39999999999994,720575941571690760,393,Tier 3: Lower Priority
720575941563450678,5,7.999999999999812,8.0,2,0.0,1.0,100.0,0.0,0,27.39999999999994,720575941563450678,394,Tier 3: Lower Priority
720575941525445145,5,7.999999999999812,8.0,2,0.0,1.0,100.0,0.0,0,27.39999999999994,720575941525445145,395,Tier 3: Lower Priority
720575941644491640,5,7.999999999999812,8.0,2,0.0,1.0,100.0,0.0,0,27.39999999999994,720575941644491640,396,Tier 3: Lower Priority
720575941457979039,5,7.999999999999812,8.0,2,0.0,1.0,100.0,0.0,0,27.39999999999994,720575941457979039,397,Tier 3: Lower Priority
720575941474711873,5,7.999999999999812,8.0,2,0.0,1.0,100.0,0.0,0,27.39999999999994,720575941474711873,398,Tier 3: Lower Priority
720575941525782349,5,7.999999999999812,8.0,2,0.0,1.0,100.0,0.0,0,27.39999999999994,720575941525782349,399,Tier 3: Lower Priority
720575941472595003,5,7.999999999999812,8.0,2,0.0,1.0,100.0,0.0,0,27.39999999999994,720575941472595003,400,Tier 3: Lower Priority
720575941479721635,5,7.999999999999812,8.0,2,0.0,1.0,100.0,0.0,0,27.39999999999994,720575941479721635,401,Tier 3: Lower Priority
720575941437157676,5,7.999999999999812,8.0,2,0.0,1.0,100.0,0.0,0,27.39999999999994,720575941437157676,402,Tier 3: Lower Priority
720575941533191105,5,7.999999999999812,8.0,2,0.0,1.0,100.0,0.0,0,27.39999999999994,720575941533191105,403,Tier 3: Lower Priority
720575941729855787,5,7.999999999999812,8.0,2,0.0,1.0,100.0,0.0,0,27.39999999999994,720575941729855787,404,Tier 3: Lower Priority
720575941533073674,5,7.999999999999812,8.0,2,0.0,1.0,100.0,0.0,0,27.39999999999994,720575941533073674,405,Tier 3: Lower Priority
720575941576958197,5,7.999999999999812,8.0,2,0.0,1.0,100.0,0.0,0,27.39999999999994,720575941576958197,406,Tier 3: Lower Priority
720575941579779961,5,7.999999999999812,8.0,2,0.0,1.0,100.0,0.0,0,27.39999999999994,720575941579779961,407,Tier 3: Lower Priority
720575941578793809,5,7.999999999999812,8.0,2,0.0,1.0,100.0,0.0,0,27.39999999999994,720575941578793809,408,Tier 3: Lower Priority
720575941478399055,5,7.999999999999812,8.0,2,0.0,1.0,100.0,0.0,0,27.39999999999994,720575941478399055,409,Tier 3: Lower Priority
720575941477425770,5,7.999999999999812,8.0,2,0.0,1.0,100.0,0.0,0,27.39999999999994,720575941477425770,410,Tier 3: Lower Priority
720575941458656467,5,7.999999999999812,8.0,2,0.0,1.0,100.0,0.0,0,27.39999999999994,720575941458656467,411,Tier 3: Lower Priority
720575941458635475,5,7.999999999999812,8.0,2,0.0,1.0,100.0,0.0,0,27.39999999999994,720575941458635475,412,Tier 3: Lower Priority
720575941645114785,5,7.999999999999812,8.0,2,0.0,1.0,100.0,0.0,0,27.39999999999994,720575941645114785,413,Tier 3: Lower Priority
720575941436750911,2,7.999999999999812,8.0,2,0.0,1.0,100.0,0.0,0,27.39999999999994,720575941436750911,414,Tier 3: Lower Priority
720575941649214997,2,7.999999999999812,8.0,2,0.0,1.0,100.0,0.0,0,27.39999999999994,720575941649214997,415,Tier 3: Lower Priority
720575941572945039,5,7.999999999999812,8.0,2,0.0,1.0,100.0,0.0,0,27.39999999999994,720575941572945039,416,Tier 3: Lower Priority
720575941534843073,5,7.999999999999812,8.0,2,0.0,1.0,100.0,0.0,0,27.39999999999994,720575941534843073,417,Tier 3: Lower Priority
720575941454024429,5,7.999999999999812,8.0,2,0.0,1.0,100.0,0.0,0,27.39999999999994,720575941454024429,418,Tier 3: Lower Priority
720575941575691624,5,7.999999999999812,8.0,2,0.0,1.0,100.0,0.0,0,27.39999999999994,720575941575691624,419,Tier 3: Lower Priority
720575941670445479,2,7.999999999999812,8.0,2,0.0,1.0,100.0,0.0,0,27.39999999999994,720575941670445479,420,Tier 3: Lower Priority
720575941585289950,5,7.999999999999812,8.0,2,0.0,1.0,100.0,0.0,0,27.39999999999994,720575941585289950,421,Tier 3: Lower Priority
720575941492284286,5,7.999999999999812,8.0,2,0.0,1.0,100.0,0.0,0,27.39999999999994,720575941492284286,422,Tier 3: Lower Priority
720575941609330605,5,7.999999999999812,8.0,2,0.0,1.0,100.0,0.0,0,27.39999999999994,720575941609330605,423,Tier 3: Lower Priority
720575941491903152,2,7.999999999999812,8.0,2,0.0,1.0,100.0,0.0,0,27.39999999999994,720575941491903152,424,Tier 3: Lower Priority
720575941573204662,2,7.999999999999812,8.0,2,0.0,1.0,100.0,0.0,0,27.39999999999994,720575941573204662,425,Tier 3: Lower Priority
720575941460384723,5,7.999999999999812,8.0,2,0.0,1.0,100.0,0.0,0,27.39999999999994,720575941460384723,426,Tier 3: Lower Priority
720575941572815247,5,7.999999999999812,8.0,2,0.0,1.0,100.0,0.0,0,27.39999999999994,720575941572815247,427,Tier 3: Lower Priority
720575941557882895,5,7.999999999999812,8.0,2,0.0,1.0,100.0,0.0,0,27.39999999999994,720575941557882895,428,Tier 3: Lower Priority
720575941557624947,5,7.999999999999812,8.0,2,0.0,1.0,100.0,0.0,0,27.39999999999994,720575941557624947,429,Tier 3: Lower Priority
720575941488811468,5,7.999999999999812,8.0,2,0.0,1.0,100.0,0.0,0,27.39999999999994,720575941488811468,430,Tier 3: Lower Priority
720575941628690982,5,7.999999999999812,8.0,2,0.0,1.0,100.0,0.0,0,27.39999999999994,720575941628690982,431,Tier 3: Lower Priority
720575941411210667,5,7.999999999999812,8.0,2,0.0,1.0,100.0,0.0,0,27.39999999999994,720575941411210667,432,Tier 3: Lower Priority
720575941533780762,5,7.999999999999812,8.0,2,0.0,1.0,100.0,0.0,0,27.39999999999994,720575941533780762,433,Tier 3: Lower Priority
720575941629389804,5,7.999999999999812,8.0,2,0.0,1.0,100.0,0.0,0,27.39999999999994,720575941629389804,434,Tier 3: Lower Priority
720575941435993888,5,7.999999999999812,8.0,2,0.0,1.0,100.0,0.0,0,27.39999999999994,720575941435993888,435,Tier 3: Lower Priority
720575941700457946,5,7.999999999999812,8.0,2,0.0,1.0,100.0,0.0,0,27.39999999999994,720575941700457946,436,Tier 3: Lower Priority
720575941579017337,5,7.999999999999812,8.0,2,0.0,1.0,100.0,0.0,0,27.39999999999994,720575941579017337,437,Tier 3: Lower Priority
720575941611260262,2,7.999999999999812,8.0,2,0.0,1.0,100.0,0.0,0,27.39999999999994,720575941611260262,438,Tier 3: Lower Priority
720575941490220750,5,7.999999999999812,8.0,2,0.0,1.0,100.0,0.0,0,27.39999999999994,720575941490220750,439,Tier 3: Lower Priority
720575941534709482,5,7.999999999999812,8.0,2,0.0,1.0,100.0,0.0,0,27.39999999999994,720575941534709482,440,Tier 3: Lower Priority
720575941535331338,4,11.999999999999977,12.0,3,0.0,1.0,86.2864077669903,8.823529411764707,9,27.377484294688745,720575941535331338,441,Tier 3: Lower Priority
720575941555186074,5,3.999999999999645,4.0,1,0.0,1.0,100.0,3.9215686274509802,4,27.180392156862638,720575941555186074,442,Tier 3: Lower Priority
720575941507793680,5,3.999999999999645,4.0,1,0.0,1.0,100.0,3.9215686274509802,4,27.180392156862638,720575941507793680,443,Tier 3: Lower Priority
720575941459559824,5,3.999999999999645,4.0,1,0.0,1.0,100.0,3.9215686274509802,4,27.180392156862638,720575941459559824,444,Tier 3: Lower Priority
720575941485217744,5,3.999999999999645,4.0,1,0.0,1.0,100.0,3.9215686274509802,4,27.180392156862638,720575941485217744,445,Tier 3: Lower Priority
720575941477884802,4,11.999999999999977,12.0,3,0.0,1.0,86.2864077669903,7.8431372549019605,8,27.132386255473058,720575941477884802,446,Tier 3: Lower Priority
720575941623347099,1,23.999999999999954,24.0,6,0.0,1.0,77.18446601941747,1.9607843137254901,2,26.986312583285724,720575941623347099,447,Tier 3: Lower Priority
720575941475988529,5,3.999999999999645,4.0,1,0.0,1.0,100.0,2.9411764705882355,3,26.93529411764695,720575941475988529,448,Tier 3: Lower Priority
720575941545471593,5,3.999999999999645,4.0,1,0.0,1.0,100.0,2.9411764705882355,3,26.93529411764695,720575941545471593,449,Tier 3: Lower Priority
720575941569652638,5,3.999999999999645,4.0,1,0.0,1.0,100.0,2.9411764705882355,3,26.93529411764695,720575941569652638,450,Tier 3: Lower Priority
720575941392667286,5,3.999999999999645,4.0,1,0.0,1.0,100.0,2.9411764705882355,3,26.93529411764695,720575941392667286,451,Tier 3: Lower Priority
720575941470786368,5,3.999999999999645,4.0,1,0.0,1.0,100.0,2.9411764705882355,3,26.93529411764695,720575941470786368,452,Tier 3: Lower Priority
720575941461221075,5,3.999999999999645,4.0,1,0.0,1.0,100.0,2.9411764705882355,3,26.93529411764695,720575941461221075,453,Tier 3: Lower Priority
720575941478403178,5,3.999999999999645,4.0,1,0.0,1.0,100.0,2.9411764705882355,3,26.93529411764695,720575941478403178,454,Tier 3: Lower Priority
720575941630959035,5,3.999999999999645,4.0,1,0.0,1.0,100.0,2.9411764705882355,3,26.93529411764695,720575941630959035,455,Tier 3: Lower Priority
720575941498948425,5,3.999999999999645,4.0,1,0.0,1.0,100.0,2.9411764705882355,3,26.93529411764695,720575941498948425,456,Tier 3: Lower Priority
720575941408481195,5,3.999999999999645,4.0,1,0.0,1.0,100.0,2.9411764705882355,3,26.93529411764695,720575941408481195,457,Tier 3: Lower Priority
720575941669866161,5,3.999999999999645,4.0,1,0.0,1.0,100.0,2.9411764705882355,3,26.93529411764695,720575941669866161,458,Tier 3: Lower Priority
720575941501802434,5,3.999999999999645,4.0,1,0.0,1.0,100.0,2.9411764705882355,3,26.93529411764695,720575941501802434,459,Tier 3: Lower Priority
720575941601298617,5,3.999999999999645,4.0,1,0.0,1.0,100.0,2.9411764705882355,3,26.93529411764695,720575941601298617,460,Tier 3: Lower Priority
720575941436996882,4,11.999999999999977,12.0,3,0.0,1.0,86.2864077669903,6.862745098039215,7,26.88728821625737,720575941436996882,461,Tier 3: Lower Priority
720575941625963419,4,11.999999999999977,12.0,3,0.0,1.0,86.2864077669903,6.862745098039215,7,26.88728821625737,720575941625963419,462,Tier 3: Lower Priority
720575941609479526,4,15.999999999999623,16.0,4,0.0,1.0,86.2864077669903,1.9607843137254901,2,26.86179802017883,720575941609479526,463,Tier 3: Lower Priority
720575941563314486,3,19.99999999999979,20.0,5,20.0,2.0,66.86893203883496,0.0,0,26.717233009708675,720575941563314486,464,Tier 3: Lower Priority
720575941563920999,5,3.999999999999645,4.0,1,0.0,1.0,100.0,1.9607843137254901,2,26.690196078431264,720575941563920999,465,Tier 3: Lower Priority
720575941481050877,5,3.999999999999645,4.0,1,0.0,1.0,100.0,1.9607843137254901,2,26.690196078431264,720575941481050877,466,Tier 3: Lower Priority
720575941592602149,5,3.999999999999645,4.0,1,0.0,1.0,100.0,1.9607843137254901,2,26.690196078431264,720575941592602149,467,Tier 3: Lower Priority
720575941414326161,5,3.999999999999645,4.0,1,0.0,1.0,100.0,1.9607843137254901,2,26.690196078431264,720575941414326161,468,Tier 3: Lower Priority
720575941474935105,5,3.999999999999645,4.0,1,0.0,1.0,100.0,1.9607843137254901,2,26.690196078431264,720575941474935105,469,Tier 3: Lower Priority
720575941621630716,5,3.999999999999645,4.0,1,0.0,1.0,100.0,1.9607843137254901,2,26.690196078431264,720575941621630716,470,Tier 3: Lower Priority
720575941654985945,5,3.999999999999645,4.0,1,0.0,1.0,100.0,1.9607843137254901,2,26.690196078431264,720575941654985945,471,Tier 3: Lower Priority
720575941523074379,5,3.999999999999645,4.0,1,0.0,1.0,100.0,1.9607843137254901,2,26.690196078431264,720575941523074379,472,Tier 3: Lower Priority
720575941606622317,5,3.999999999999645,4.0,1,0.0,1.0,100.0,1.9607843137254901,2,26.690196078431264,720575941606622317,473,Tier 3: Lower Priority
720575941611914669,5,3.999999999999645,4.0,1,0.0,1.0,100.0,1.9607843137254901,2,26.690196078431264,720575941611914669,474,Tier 3: Lower Priority
720575941723242042,4,11.999999999999977,12.0,3,0.0,1.0,86.2864077669903,5.882352941176471,6,26.642190177041684,720575941723242042,475,Tier 3: Lower Priority
720575941613367260,4,15.999999999999623,16.0,4,0.0,1.0,86.2864077669903,0.9803921568627451,1,26.616699980963148,720575941613367260,476,Tier 3: Lower Priority
720575941410007663,4,15.999999999999623,16.0,4,0.0,1.0,86.2864077669903,0.9803921568627451,1,26.616699980963148,720575941410007663,477,Tier 3: Lower Priority
720575941460571588,4,15.999999999999623,16.0,4,0.0,1.0,86.2864077669903,0.9803921568627451,1,26.616699980963148,720575941460571588,478,Tier 3: Lower Priority
720575941684876527,4,15.999999999999623,16.0,4,0.0,1.0,86.2864077669903,0.9803921568627451,1,26.616699980963148,720575941684876527,479,Tier 3: Lower Priority
720575941517717420,4,15.999999999999623,16.0,4,0.0,1.0,86.2864077669903,0.9803921568627451,1,26.616699980963148,720575941517717420,480,Tier 3: Lower Priority
720575941521986227,4,15.999999999999623,16.0,4,0.0,1.0,86.2864077669903,0.9803921568627451,1,26.616699980963148,720575941521986227,481,Tier 3: Lower Priority
720575941631436780,4,15.999999999999623,16.0,4,0.0,1.0,86.2864077669903,0.9803921568627451,1,26.616699980963148,720575941631436780,482,Tier 3: Lower Priority
720575941532476248,4,15.999999999999623,16.0,4,0.0,1.0,86.2864077669903,0.9803921568627451,1,26.616699980963148,720575941532476248,483,Tier 3: Lower Priority
720575941583588830,1,19.99999999999979,20.0,5,0.0,1.0,77.18446601941747,4.901960784313726,5,26.521606700932736,720575941583588830,484,Tier 3: Lower Priority
720575941551443610,1,23.999999999999954,24.0,6,0.0,1.0,77.18446601941747,0.0,0,26.496116504854353,720575941551443610,485,Tier 3: Lower Priority
720575941625907769,4,3.999999999999645,4.0,1,0.0,1.0,86.2864077669903,14.705882352941176,15,26.44807252998276,720575941625907769,486,Tier 3: Lower Priority
720575941689397656,5,3.999999999999645,4.0,1,0.0,1.0,100.0,0.9803921568627451,1,26.44509803921558,720575941689397656,487,Tier 3: Lower Priority
720575941464168534,5,3.999999999999645,4.0,1,0.0,1.0,100.0,0.9803921568627451,1,26.44509803921558,720575941464168534,488,Tier 3: Lower Priority
720575941504381975,2,3.999999999999645,4.0,1,0.0,1.0,100.0,0.9803921568627451,1,26.44509803921558,720575941504381975,489,Tier 3: Lower Priority
720575941652314841,5,3.999999999999645,4.0,1,0.0,1.0,100.0,0.9803921568627451,1,26.44509803921558,720575941652314841,490,Tier 3: Lower Priority
720575941478598735,5,3.999999999999645,4.0,1,0.0,1.0,100.0,0.9803921568627451,1,26.44509803921558,720575941478598735,491,Tier 3: Lower Priority
720575941428238840,5,3.999999999999645,4.0,1,0.0,1.0,100.0,0.9803921568627451,1,26.44509803921558,720575941428238840,492,Tier 3: Lower Priority
720575941468720139,5,3.999999999999645,4.0,1,0.0,1.0,100.0,0.9803921568627451,1,26.44509803921558,720575941468720139,493,Tier 3: Lower Priority
720575941547178164,5,3.999999999999645,4.0,1,0.0,1.0,100.0,0.9803921568627451,1,26.44509803921558,720575941547178164,494,Tier 3: Lower Priority
720575941475702890,5,3.999999999999645,4.0,1,0.0,1.0,100.0,0.9803921568627451,1,26.44509803921558,720575941475702890,495,Tier 3: Lower Priority
720575941579027321,5,3.999999999999645,4.0,1,0.0,1.0,100.0,0.9803921568627451,1,26.44509803921558,720575941579027321,496,Tier 3: Lower Priority
720575941594870230,5,3.999999999999645,4.0,1,0.0,1.0,100.0,0.9803921568627451,1,26.44509803921558,720575941594870230,497,Tier 3: Lower Priority
720575941561870592,5,3.999999999999645,4.0,1,0.0,1.0,100.0,0.9803921568627451,1,26.44509803921558,720575941561870592,498,Tier 3: Lower Priority
720575941630620576,5,3.999999999999645,4.0,1,0.0,1.0,100.0,0.9803921568627451,1,26.44509803921558,720575941630620576,499,Tier 3: Lower Priority
720575941686473996,5,3.999999999999645,4.0,1,0.0,1.0,100.0,0.9803921568627451,1,26.44509803921558,720575941686473996,500,Tier 3: Lower Priority
720575941458373587,5,3.999999999999645,4.0,1,0.0,1.0,100.0,0.9803921568627451,1,26.44509803921558,720575941458373587,501,Tier 3: Lower Priority
720575941644900472,5,3.999999999999645,4.0,1,0.0,1.0,100.0,0.9803921568627451,1,26.44509803921558,720575941644900472,502,Tier 3: Lower Priority
720575941546773640,5,3.999999999999645,4.0,1,0.0,1.0,100.0,0.9803921568627451,1,26.44509803921558,720575941546773640,503,Tier 3: Lower Priority
720575941533221825,4,15.999999999999623,16.0,4,0.0,1.0,86.2864077669903,0.0,0,26.37160194174746,720575941533221825,504,Tier 3: Lower Priority
720575941612027238,4,15.999999999999623,16.0,4,0.0,1.0,86.2864077669903,0.0,0,26.37160194174746,720575941612027238,505,Tier 3: Lower Priority
720575941536368370,4,15.999999999999623,16.0,4,0.0,1.0,86.2864077669903,0.0,0,26.37160194174746,720575941536368370,506,Tier 3: Lower Priority
720575941610536924,4,15.999999999999623,16.0,4,0.0,1.0,86.2864077669903,0.0,0,26.37160194174746,720575941610536924,507,Tier 3: Lower Priority
720575941679017405,4,15.999999999999623,16.0,4,0.0,1.0,86.2864077669903,0.0,0,26.37160194174746,720575941679017405,508,Tier 3: Lower Priority
720575941687572492,4,15.999999999999623,16.0,4,0.0,1.0,86.2864077669903,0.0,0,26.37160194174746,720575941687572492,509,Tier 3: Lower Priority
720575941474437681,4,15.999999999999623,16.0,4,0.0,1.0,86.2864077669903,0.0,0,26.37160194174746,720575941474437681,510,Tier 3: Lower Priority
720575941559310125,4,15.999999999999623,16.0,4,0.0,1.0,86.2864077669903,0.0,0,26.37160194174746,720575941559310125,511,Tier 3: Lower Priority
720575941628602594,4,15.999999999999623,16.0,4,0.0,1.0,86.2864077669903,0.0,0,26.37160194174746,720575941628602594,512,Tier 3: Lower Priority
720575941562594194,4,15.999999999999623,16.0,4,0.0,1.0,86.2864077669903,0.0,0,26.37160194174746,720575941562594194,513,Tier 3: Lower Priority
720575941457930655,4,15.999999999999623,16.0,4,0.0,1.0,86.2864077669903,0.0,0,26.37160194174746,720575941457930655,514,Tier 3: Lower Priority
720575941492350590,4,15.999999999999623,16.0,4,0.0,1.0,86.2864077669903,0.0,0,26.37160194174746,720575941492350590,515,Tier 3: Lower Priority
720575941556222628,4,15.999999999999623,16.0,4,0.0,1.0,86.2864077669903,0.0,0,26.37160194174746,720575941556222628,516,Tier 3: Lower Priority
720575941496949410,4,15.999999999999623,16.0,4,0.0,1.0,86.2864077669903,0.0,0,26.37160194174746,720575941496949410,517,Tier 3: Lower Priority
720575941553425235,4,15.999999999999623,16.0,4,0.0,1.0,86.2864077669903,0.0,0,26.37160194174746,720575941553425235,518,Tier 3: Lower Priority
720575941499544715,4,15.999999999999623,16.0,4,0.0,1.0,86.2864077669903,0.0,0,26.37160194174746,720575941499544715,519,Tier 3: Lower Priority
720575941498287522,4,15.999999999999623,16.0,4,0.0,1.0,86.2864077669903,0.0,0,26.37160194174746,720575941498287522,520,Tier 3: Lower Priority
720575941470077047,4,15.999999999999623,16.0,4,0.0,1.0,86.2864077669903,0.0,0,26.37160194174746,720575941470077047,521,Tier 3: Lower Priority
720575941474640682,4,7.999999999999812,8.0,2,10.0,2.0,86.2864077669903,0.9803921568627451,1,26.216699980963202,720575941474640682,522,Tier 3: Lower Priority
720575941607605101,4,3.999999999999645,4.0,1,0.0,1.0,86.2864077669903,13.72549019607843,14,26.202974490767073,720575941607605101,523,Tier 3: Lower Priority
720575941531197387,5,3.999999999999645,4.0,1,0.0,1.0,100.0,0.0,0,26.199999999999893,720575941531197387,524,Tier 3: Lower Priority
720575941720467514,5,3.999999999999645,4.0,1,0.0,1.0,100.0,0.0,0,26.199999999999893,720575941720467514,525,Tier 3: Lower Priority
720575941404452720,2,3.999999999999645,4.0,1,0.0,1.0,100.0,0.0,0,26.199999999999893,720575941404452720,526,Tier 3: Lower Priority
720575941405666351,5,3.999999999999645,4.0,1,0.0,1.0,100.0,0.0,0,26.199999999999893,720575941405666351,527,Tier 3: Lower Priority
720575941573489416,5,3.999999999999645,4.0,1,0.0,1.0,100.0,0.0,0,26.199999999999893,720575941573489416,528,Tier 3: Lower Priority
720575941435581740,5,3.999999999999645,4.0,1,0.0,1.0,100.0,0.0,0,26.199999999999893,720575941435581740,529,Tier 3: Lower Priority
720575941390320644,5,3.999999999999645,4.0,1,0.0,1.0,100.0,0.0,0,26.199999999999893,720575941390320644,530,Tier 3: Lower Priority
720575941571904669,2,3.999999999999645,4.0,1,0.0,1.0,100.0,0.0,0,26.199999999999893,720575941571904669,531,Tier 3: Lower Priority
720575941432743054,5,3.999999999999645,4.0,1,0.0,1.0,100.0,0.0,0,26.199999999999893,720575941432743054,532,Tier 3: Lower Priority
720575941435625516,5,3.999999999999645,4.0,1,0.0,1.0,100.0,0.0,0,26.199999999999893,720575941435625516,533,Tier 3: Lower Priority
720575941562051752,5,3.999999999999645,4.0,1,0.0,1.0,100.0,0.0,0,26.199999999999893,720575941562051752,534,Tier 3: Lower Priority
720575941574248187,5,3.999999999999645,4.0,1,0.0,1.0,100.0,0.0,0,26.199999999999893,720575941574248187,535,Tier 3: Lower Priority
720575941605598061,5,3.999999999999645,4.0,1,0.0,1.0,100.0,0.0,0,26.199999999999893,720575941605598061,536,Tier 3: Lower Priority
720575941562043392,5,3.999999999999645,4.0,1,0.0,1.0,100.0,0.0,0,26.199999999999893,720575941562043392,537,Tier 3: Lower Priority
720575941574728713,5,3.999999999999645,4.0,1,0.0,1.0,100.0,0.0,0,26.199999999999893,720575941574728713,538,Tier 3: Lower Priority
720575941408464299,5,3.999999999999645,4.0,1,0.0,1.0,100.0,0.0,0,26.199999999999893,720575941408464299,539,Tier 3: Lower Priority
720575941580626041,5,3.999999999999645,4.0,1,0.0,1.0,100.0,0.0,0,26.199999999999893,720575941580626041,540,Tier 3: Lower Priority
720575941571847069,5,3.999999999999645,4.0,1,0.0,1.0,100.0,0.0,0,26.199999999999893,720575941571847069,541,Tier 3: Lower Priority
720575941580348753,5,3.999999999999645,4.0,1,0.0,1.0,100.0,0.0,0,26.199999999999893,720575941580348753,542,Tier 3: Lower Priority
720575941720629050,5,3.999999999999645,4.0,1,0.0,1.0,100.0,0.0,0,26.199999999999893,720575941720629050,543,Tier 3: Lower Priority
720575941567089396,5,3.999999999999645,4.0,1,0.0,1.0,100.0,0.0,0,26.199999999999893,720575941567089396,544,Tier 3: Lower Priority
720575941572851087,5,3.999999999999645,4.0,1,0.0,1.0,100.0,0.0,0,26.199999999999893,720575941572851087,545,Tier 3: Lower Priority
720575941608378698,5,3.999999999999645,4.0,1,0.0,1.0,100.0,0.0,0,26.199999999999893,720575941608378698,546,Tier 3: Lower Priority
720575941559331443,5,3.999999999999645,4.0,1,0.0,1.0,100.0,0.0,0,26.199999999999893,720575941559331443,547,Tier 3: Lower Priority
720575941567151918,5,3.999999999999645,4.0,1,0.0,1.0,100.0,0.0,0,26.199999999999893,720575941567151918,548,Tier 3: Lower Priority
720575941399188003,5,3.999999999999645,4.0,1,0.0,1.0,100.0,0.0,0,26.199999999999893,720575941399188003,549,Tier 3: Lower Priority
720575941572153865,2,3.999999999999645,4.0,1,0.0,1.0,100.0,0.0,0,26.199999999999893,720575941572153865,550,Tier 3: Lower Priority
720575941576983285,5,3.999999999999645,4.0,1,0.0,1.0,100.0,0.0,0,26.199999999999893,720575941576983285,551,Tier 3: Lower Priority
720575941684940271,5,3.999999999999645,4.0,1,0.0,1.0,100.0,0.0,0,26.199999999999893,720575941684940271,552,Tier 3: Lower Priority
720575941576979701,2,3.999999999999645,4.0,1,0.0,1.0,100.0,0.0,0,26.199999999999893,720575941576979701,553,Tier 3: Lower Priority
720575941723152698,5,3.999999999999645,4.0,1,0.0,1.0,100.0,0.0,0,26.199999999999893,720575941723152698,554,Tier 3: Lower Priority
720575941576933109,5,3.999999999999645,4.0,1,0.0,1.0,100.0,0.0,0,26.199999999999893,720575941576933109,555,Tier 3: Lower Priority
720575941559370285,5,3.999999999999645,4.0,1,0.0,1.0,100.0,0.0,0,26.199999999999893,720575941559370285,556,Tier 3: Lower Priority
720575941534104298,5,3.999999999999645,4.0,1,0.0,1.0,100.0,0.0,0,26.199999999999893,720575941534104298,557,Tier 3: Lower Priority
720575941605021293,5,3.999999999999645,4.0,1,0.0,1.0,100.0,0.0,0,26.199999999999893,720575941605021293,558,Tier 3: Lower Priority
720575941593189489,5,3.999999999999645,4.0,1,0.0,1.0,100.0,0.0,0,26.199999999999893,720575941593189489,559,Tier 3: Lower Priority
720575941551926527,5,3.999999999999645,4.0,1,0.0,1.0,100.0,0.0,0,26.199999999999893,720575941551926527,560,Tier 3: Lower Priority
720575941551588506,5,3.999999999999645,4.0,1,0.0,1.0,100.0,0.0,0,26.199999999999893,720575941551588506,561,Tier 3: Lower Priority
720575941590250536,5,3.999999999999645,4.0,1,0.0,1.0,100.0,0.0,0,26.199999999999893,720575941590250536,562,Tier 3: Lower Priority
720575941551313435,5,3.999999999999645,4.0,1,0.0,1.0,100.0,0.0,0,26.199999999999893,720575941551313435,563,Tier 3: Lower Priority
720575941549380351,5,3.999999999999645,4.0,1,0.0,1.0,100.0,0.0,0,26.199999999999893,720575941549380351,564,Tier 3: Lower Priority
720575941549297919,5,3.999999999999645,4.0,1,0.0,1.0,100.0,0.0,0,26.199999999999893,720575941549297919,565,Tier 3: Lower Priority
720575941549290495,5,3.999999999999645,4.0,1,0.0,1.0,100.0,0.0,0,26.199999999999893,720575941549290495,566,Tier 3: Lower Priority
720575941425134420,5,3.999999999999645,4.0,1,0.0,1.0,100.0,0.0,0,26.199999999999893,720575941425134420,567,Tier 3: Lower Priority
720575941552299521,5,3.999999999999645,4.0,1,0.0,1.0,100.0,0.0,0,26.199999999999893,720575941552299521,568,Tier 3: Lower Priority
720575941594821334,5,3.999999999999645,4.0,1,0.0,1.0,100.0,0.0,0,26.199999999999893,720575941594821334,569,Tier 3: Lower Priority
720575941543648005,5,3.999999999999645,4.0,1,0.0,1.0,100.0,0.0,0,26.199999999999893,720575941543648005,570,Tier 3: Lower Priority
720575941536371442,5,3.999999999999645,4.0,1,0.0,1.0,100.0,0.0,0,26.199999999999893,720575941536371442,571,Tier 3: Lower Priority
720575941688042203,5,3.999999999999645,4.0,1,0.0,1.0,100.0,0.0,0,26.199999999999893,720575941688042203,572,Tier 3: Lower Priority
720575941595757724,5,3.999999999999645,4.0,1,0.0,1.0,100.0,0.0,0,26.199999999999893,720575941595757724,573,Tier 3: Lower Priority
720575941595766428,5,3.999999999999645,4.0,1,0.0,1.0,100.0,0.0,0,26.199999999999893,720575941595766428,574,Tier 3: Lower Priority
720575941540870685,5,3.999999999999645,4.0,1,0.0,1.0,100.0,0.0,0,26.199999999999893,720575941540870685,575,Tier 3: Lower Priority
720575941413914652,5,3.999999999999645,4.0,1,0.0,1.0,100.0,0.0,0,26.199999999999893,720575941413914652,576,Tier 3: Lower Priority
720575941552329729,5,3.999999999999645,4.0,1,0.0,1.0,100.0,0.0,0,26.199999999999893,720575941552329729,577,Tier 3: Lower Priority
720575941559274867,5,3.999999999999645,4.0,1,0.0,1.0,100.0,0.0,0,26.199999999999893,720575941559274867,578,Tier 3: Lower Priority
720575941557507443,5,3.999999999999645,4.0,1,0.0,1.0,100.0,0.0,0,26.199999999999893,720575941557507443,579,Tier 3: Lower Priority
720575941540727581,5,3.999999999999645,4.0,1,0.0,1.0,100.0,0.0,0,26.199999999999893,720575941540727581,580,Tier 3: Lower Priority
720575941559261555,5,3.999999999999645,4.0,1,0.0,1.0,100.0,0.0,0,26.199999999999893,720575941559261555,581,Tier 3: Lower Priority
720575941604967789,2,3.999999999999645,4.0,1,0.0,1.0,100.0,0.0,0,26.199999999999893,720575941604967789,582,Tier 3: Lower Priority
720575941583646430,5,3.999999999999645,4.0,1,0.0,1.0,100.0,0.0,0,26.199999999999893,720575941583646430,583,Tier 3: Lower Priority
720575941558635053,5,3.999999999999645,4.0,1,0.0,1.0,100.0,0.0,0,26.199999999999893,720575941558635053,584,Tier 3: Lower Priority
720575941584194270,5,3.999999999999645,4.0,1,0.0,1.0,100.0,0.0,0,26.199999999999893,720575941584194270,585,Tier 3: Lower Priority
720575941586363716,5,3.999999999999645,4.0,1,0.0,1.0,100.0,0.0,0,26.199999999999893,720575941586363716,586,Tier 3: Lower Priority
720575941557362852,5,3.999999999999645,4.0,1,0.0,1.0,100.0,0.0,0,26.199999999999893,720575941557362852,587,Tier 3: Lower Priority
720575941535001010,5,3.999999999999645,4.0,1,0.0,1.0,100.0,0.0,0,26.199999999999893,720575941535001010,588,Tier 3: Lower Priority
720575941586427460,5,3.999999999999645,4.0,1,0.0,1.0,100.0,0.0,0,26.199999999999893,720575941586427460,589,Tier 3: Lower Priority
720575941555938899,2,3.999999999999645,4.0,1,0.0,1.0,100.0,0.0,0,26.199999999999893,720575941555938899,590,Tier 3: Lower Priority
720575941534854337,5,3.999999999999645,4.0,1,0.0,1.0,100.0,0.0,0,26.199999999999893,720575941534854337,591,Tier 3: Lower Priority
720575941554784676,5,3.999999999999645,4.0,1,0.0,1.0,100.0,0.0,0,26.199999999999893,720575941554784676,592,Tier 3: Lower Priority
720575941554439251,5,3.999999999999645,4.0,1,0.0,1.0,100.0,0.0,0,26.199999999999893,720575941554439251,593,Tier 3: Lower Priority
720575941554264577,5,3.999999999999645,4.0,1,0.0,1.0,100.0,0.0,0,26.199999999999893,720575941554264577,594,Tier 3: Lower Priority
720575941413252241,5,3.999999999999645,4.0,1,0.0,1.0,100.0,0.0,0,26.199999999999893,720575941413252241,595,Tier 3: Lower Priority
720575941587362103,5,3.999999999999645,4.0,1,0.0,1.0,100.0,0.0,0,26.199999999999893,720575941587362103,596,Tier 3: Lower Priority
720575941524748621,2,3.999999999999645,4.0,1,0.0,1.0,100.0,0.0,0,26.199999999999893,720575941524748621,597,Tier 3: Lower Priority
720575941499426699,5,3.999999999999645,4.0,1,0.0,1.0,100.0,0.0,0,26.199999999999893,720575941499426699,598,Tier 3: Lower Priority
720575941631841477,2,3.999999999999645,4.0,1,0.0,1.0,100.0,0.0,0,26.199999999999893,720575941631841477,599,Tier 3: Lower Priority
720575941508278562,5,3.999999999999645,4.0,1,0.0,1.0,100.0,0.0,0,26.199999999999893,720575941508278562,600,Tier 3: Lower Priority
720575941489071335,5,3.999999999999645,4.0,1,0.0,1.0,100.0,0.0,0,26.199999999999893,720575941489071335,601,Tier 3: Lower Priority
720575941508439762,5,3.999999999999645,4.0,1,0.0,1.0,100.0,0.0,0,26.199999999999893,720575941508439762,602,Tier 3: Lower Priority
720575941488475598,5,3.999999999999645,4.0,1,0.0,1.0,100.0,0.0,0,26.199999999999893,720575941488475598,603,Tier 3: Lower Priority
720575941488015312,5,3.999999999999645,4.0,1,0.0,1.0,100.0,0.0,0,26.199999999999893,720575941488015312,604,Tier 3: Lower Priority
720575941508926418,5,3.999999999999645,4.0,1,0.0,1.0,100.0,0.0,0,26.199999999999893,720575941508926418,605,Tier 3: Lower Priority
720575941665520371,5,3.999999999999645,4.0,1,0.0,1.0,100.0,0.0,0,26.199999999999893,720575941665520371,606,Tier 3: Lower Priority
720575941666130675,5,3.999999999999645,4.0,1,0.0,1.0,100.0,0.0,0,26.199999999999893,720575941666130675,607,Tier 3: Lower Priority
720575941457686256,5,3.999999999999645,4.0,1,0.0,1.0,100.0,0.0,0,26.199999999999893,720575941457686256,608,Tier 3: Lower Priority
720575941446819348,2,3.999999999999645,4.0,1,0.0,1.0,100.0,0.0,0,26.199999999999893,720575941446819348,609,Tier 3: Lower Priority
720575941513136593,5,3.999999999999645,4.0,1,0.0,1.0,100.0,0.0,0,26.199999999999893,720575941513136593,610,Tier 3: Lower Priority
720575941513254915,5,3.999999999999645,4.0,1,0.0,1.0,100.0,0.0,0,26.199999999999893,720575941513254915,611,Tier 3: Lower Priority
720575941642476961,5,3.999999999999645,4.0,1,0.0,1.0,100.0,0.0,0,26.199999999999893,720575941642476961,612,Tier 3: Lower Priority
720575941625319225,5,3.999999999999645,4.0,1,0.0,1.0,100.0,0.0,0,26.199999999999893,720575941625319225,613,Tier 3: Lower Priority
720575941479961312,2,3.999999999999645,4.0,1,0.0,1.0,100.0,0.0,0,26.199999999999893,720575941479961312,614,Tier 3: Lower Priority
720575941479369346,5,3.999999999999645,4.0,1,0.0,1.0,100.0,0.0,0,26.199999999999893,720575941479369346,615,Tier 3: Lower Priority
720575941479167456,5,3.999999999999645,4.0,1,0.0,1.0,100.0,0.0,0,26.199999999999893,720575941479167456,616,Tier 3: Lower Priority
720575941458353363,5,3.999999999999645,4.0,1,0.0,1.0,100.0,0.0,0,26.199999999999893,720575941458353363,617,Tier 3: Lower Priority
720575941641423442,5,3.999999999999645,4.0,1,0.0,1.0,100.0,0.0,0,26.199999999999893,720575941641423442,618,Tier 3: Lower Priority
720575941641495634,5,3.999999999999645,4.0,1,0.0,1.0,100.0,0.0,0,26.199999999999893,720575941641495634,619,Tier 3: Lower Priority
720575941477996195,2,3.999999999999645,4.0,1,0.0,1.0,100.0,0.0,0,26.199999999999893,720575941477996195,620,Tier 3: Lower Priority
720575941442313898,2,3.999999999999645,4.0,1,0.0,1.0,100.0,0.0,0,26.199999999999893,720575941442313898,621,Tier 3: Lower Priority
720575941642454885,5,3.999999999999645,4.0,1,0.0,1.0,100.0,0.0,0,26.199999999999893,720575941642454885,622,Tier 3: Lower Priority
720575941516527726,5,3.999999999999645,4.0,1,0.0,1.0,100.0,0.0,0,26.199999999999893,720575941516527726,623,Tier 3: Lower Priority
720575941507943440,5,3.999999999999645,4.0,1,0.0,1.0,100.0,0.0,0,26.199999999999893,720575941507943440,624,Tier 3: Lower Priority
720575941456206495,5,3.999999999999645,4.0,1,0.0,1.0,100.0,0.0,0,26.199999999999893,720575941456206495,625,Tier 3: Lower Priority
720575941490785712,2,3.999999999999645,4.0,1,0.0,1.0,100.0,0.0,0,26.199999999999893,720575941490785712,626,Tier 3: Lower Priority
720575941507848208,5,3.999999999999645,4.0,1,0.0,1.0,100.0,0.0,0,26.199999999999893,720575941507848208,627,Tier 3: Lower Priority
720575941452198707,5,3.999999999999645,4.0,1,0.0,1.0,100.0,0.0,0,26.199999999999893,720575941452198707,628,Tier 3: Lower Priority
720575941655860504,5,3.999999999999645,4.0,1,0.0,1.0,100.0,0.0,0,26.199999999999893,720575941655860504,629,Tier 3: Lower Priority
720575941452199475,5,3.999999999999645,4.0,1,0.0,1.0,100.0,0.0,0,26.199999999999893,720575941452199475,630,Tier 3: Lower Priority
720575941530837891,5,3.999999999999645,4.0,1,0.0,1.0,100.0,0.0,0,26.199999999999893,720575941530837891,631,Tier 3: Lower Priority
720575941499420555,5,3.999999999999645,4.0,1,0.0,1.0,100.0,0.0,0,26.199999999999893,720575941499420555,632,Tier 3: Lower Priority
720575941625347722,5,3.999999999999645,4.0,1,0.0,1.0,100.0,0.0,0,26.199999999999893,720575941625347722,633,Tier 3: Lower Priority
720575941496803234,5,3.999999999999645,4.0,1,0.0,1.0,100.0,0.0,0,26.199999999999893,720575941496803234,634,Tier 3: Lower Priority
720575941504235031,5,3.999999999999645,4.0,1,0.0,1.0,100.0,0.0,0,26.199999999999893,720575941504235031,635,Tier 3: Lower Priority
720575941504365847,5,3.999999999999645,4.0,1,0.0,1.0,100.0,0.0,0,26.199999999999893,720575941504365847,636,Tier 3: Lower Priority
720575941496047433,5,3.999999999999645,4.0,1,0.0,1.0,100.0,0.0,0,26.199999999999893,720575941496047433,637,Tier 3: Lower Priority
720575941495495547,5,3.999999999999645,4.0,1,0.0,1.0,100.0,0.0,0,26.199999999999893,720575941495495547,638,Tier 3: Lower Priority
720575941493443015,5,3.999999999999645,4.0,1,0.0,1.0,100.0,0.0,0,26.199999999999893,720575941493443015,639,Tier 3: Lower Priority
720575941492446078,5,3.999999999999645,4.0,1,0.0,1.0,100.0,0.0,0,26.199999999999893,720575941492446078,640,Tier 3: Lower Priority
720575941492413054,5,3.999999999999645,4.0,1,0.0,1.0,100.0,0.0,0,26.199999999999893,720575941492413054,641,Tier 3: Lower Priority
720575941492303998,5,3.999999999999645,4.0,1,0.0,1.0,100.0,0.0,0,26.199999999999893,720575941492303998,642,Tier 3: Lower Priority
720575941505774209,5,3.999999999999645,4.0,1,0.0,1.0,100.0,0.0,0,26.199999999999893,720575941505774209,643,Tier 3: Lower Priority
720575941491651559,5,3.999999999999645,4.0,1,0.0,1.0,100.0,0.0,0,26.199999999999893,720575941491651559,644,Tier 3: Lower Priority
720575941491338441,5,3.999999999999645,4.0,1,0.0,1.0,100.0,0.0,0,26.199999999999893,720575941491338441,645,Tier 3: Lower Priority
720575941628010553,5,3.999999999999645,4.0,1,0.0,1.0,100.0,0.0,0,26.199999999999893,720575941628010553,646,Tier 3: Lower Priority
720575941491136718,5,3.999999999999645,4.0,1,0.0,1.0,100.0,0.0,0,26.199999999999893,720575941491136718,647,Tier 3: Lower Priority
720575941455932912,5,3.999999999999645,4.0,1,0.0,1.0,100.0,0.0,0,26.199999999999893,720575941455932912,648,Tier 3: Lower Priority
720575941490833072,5,3.999999999999645,4.0,1,0.0,1.0,100.0,0.0,0,26.199999999999893,720575941490833072,649,Tier 3: Lower Priority
720575941507313954,2,3.999999999999645,4.0,1,0.0,1.0,100.0,0.0,0,26.199999999999893,720575941507313954,650,Tier 3: Lower Priority
720575941614737877,5,3.999999999999645,4.0,1,0.0,1.0,100.0,0.0,0,26.199999999999893,720575941614737877,651,Tier 3: Lower Priority
720575941480410822,5,3.999999999999645,4.0,1,0.0,1.0,100.0,0.0,0,26.199999999999893,720575941480410822,652,Tier 3: Lower Priority
720575941516842094,5,3.999999999999645,4.0,1,0.0,1.0,100.0,0.0,0,26.199999999999893,720575941516842094,653,Tier 3: Lower Priority
720575941526668109,2,3.999999999999645,4.0,1,0.0,1.0,100.0,0.0,0,26.199999999999893,720575941526668109,654,Tier 3: Lower Priority
720575941476452458,5,3.999999999999645,4.0,1,0.0,1.0,100.0,0.0,0,26.199999999999893,720575941476452458,655,Tier 3: Lower Priority
720575941611645203,5,3.999999999999645,4.0,1,0.0,1.0,100.0,0.0,0,26.199999999999893,720575941611645203,656,Tier 3: Lower Priority
720575941476037406,5,3.999999999999645,4.0,1,0.0,1.0,100.0,0.0,0,26.199999999999893,720575941476037406,657,Tier 3: Lower Priority
720575941524113764,5,3.999999999999645,4.0,1,0.0,1.0,100.0,0.0,0,26.199999999999893,720575941524113764,658,Tier 3: Lower Priority
720575941475996465,5,3.999999999999645,4.0,1,0.0,1.0,100.0,0.0,0,26.199999999999893,720575941475996465,659,Tier 3: Lower Priority
720575941475745642,2,3.999999999999645,4.0,1,0.0,1.0,100.0,0.0,0,26.199999999999893,720575941475745642,660,Tier 3: Lower Priority
720575941437526869,5,3.999999999999645,4.0,1,0.0,1.0,100.0,0.0,0,26.199999999999893,720575941437526869,661,Tier 3: Lower Priority
720575941472042282,2,3.999999999999645,4.0,1,0.0,1.0,100.0,0.0,0,26.199999999999893,720575941472042282,662,Tier 3: Lower Priority
720575941526497156,5,3.999999999999645,4.0,1,0.0,1.0,100.0,0.0,0,26.199999999999893,720575941526497156,663,Tier 3: Lower Priority
720575941470067063,5,3.999999999999645,4.0,1,0.0,1.0,100.0,0.0,0,26.199999999999893,720575941470067063,664,Tier 3: Lower Priority
720575941521503819,5,3.999999999999645,4.0,1,0.0,1.0,100.0,0.0,0,26.199999999999893,720575941521503819,665,Tier 3: Lower Priority
720575941610493404,5,3.999999999999645,4.0,1,0.0,1.0,100.0,0.0,0,26.199999999999893,720575941610493404,666,Tier 3: Lower Priority
720575941468679947,2,3.999999999999645,4.0,1,0.0,1.0,100.0,0.0,0,26.199999999999893,720575941468679947,667,Tier 3: Lower Priority
720575941464860950,5,3.999999999999645,4.0,1,0.0,1.0,100.0,0.0,0,26.199999999999893,720575941464860950,668,Tier 3: Lower Priority
720575941529077176,5,3.999999999999645,4.0,1,0.0,1.0,100.0,0.0,0,26.199999999999893,720575941529077176,669,Tier 3: Lower Priority
720575941461227152,5,3.999999999999645,4.0,1,0.0,1.0,100.0,0.0,0,26.199999999999893,720575941461227152,670,Tier 3: Lower Priority
720575941463655693,5,3.999999999999645,4.0,1,0.0,1.0,100.0,0.0,0,26.199999999999893,720575941463655693,671,Tier 3: Lower Priority
720575941463352333,5,3.999999999999645,4.0,1,0.0,1.0,100.0,0.0,0,26.199999999999893,720575941463352333,672,Tier 3: Lower Priority
720575941610008138,5,3.999999999999645,4.0,1,0.0,1.0,100.0,0.0,0,26.199999999999893,720575941610008138,673,Tier 3: Lower Priority
720575941529799608,5,3.999999999999645,4.0,1,0.0,1.0,100.0,0.0,0,26.199999999999893,720575941529799608,674,Tier 3: Lower Priority
720575941523052279,5,3.999999999999645,4.0,1,0.0,1.0,100.0,0.0,0,26.199999999999893,720575941523052279,675,Tier 3: Lower Priority
720575941475696746,5,3.999999999999645,4.0,1,0.0,1.0,100.0,0.0,0,26.199999999999893,720575941475696746,676,Tier 3: Lower Priority
720575941441228735,5,3.999999999999645,4.0,1,0.0,1.0,100.0,0.0,0,26.199999999999893,720575941441228735,677,Tier 3: Lower Priority
720575941477051166,2,3.999999999999645,4.0,1,0.0,1.0,100.0,0.0,0,26.199999999999893,720575941477051166,678,Tier 3: Lower Priority
720575941458873796,5,3.999999999999645,4.0,1,0.0,1.0,100.0,0.0,0,26.199999999999893,720575941458873796,679,Tier 3: Lower Priority
720575941518439347,2,3.999999999999645,4.0,1,0.0,1.0,100.0,0.0,0,26.199999999999893,720575941518439347,680,Tier 3: Lower Priority
720575941477335092,5,3.999999999999645,4.0,1,0.0,1.0,100.0,0.0,0,26.199999999999893,720575941477335092,681,Tier 3: Lower Priority
720575941612500889,5,3.999999999999645,4.0,1,0.0,1.0,100.0,0.0,0,26.199999999999893,720575941612500889,682,Tier 3: Lower Priority
720575941520255223,5,3.999999999999645,4.0,1,0.0,1.0,100.0,0.0,0,26.199999999999893,720575941520255223,683,Tier 3: Lower Priority
720575941440287167,5,3.999999999999645,4.0,1,0.0,1.0,100.0,0.0,0,26.199999999999893,720575941440287167,684,Tier 3: Lower Priority
720575941612326675,5,3.999999999999645,4.0,1,0.0,1.0,100.0,0.0,0,26.199999999999893,720575941612326675,685,Tier 3: Lower Priority
720575941508509569,4,11.999999999999977,12.0,3,0.0,1.0,86.2864077669903,3.9215686274509802,4,26.151994098610313,720575941508509569,686,Tier 3: Lower Priority
720575941478092963,4,11.999999999999977,12.0,3,0.0,1.0,86.2864077669903,2.9411764705882355,3,25.906896059394626,720575941478092963,687,Tier 3: Lower Priority
720575941572107017,4,11.999999999999977,12.0,3,0.0,1.0,86.2864077669903,2.9411764705882355,3,25.906896059394626,720575941572107017,688,Tier 3: Lower Priority
720575941612053094,1,15.999999999999623,16.0,4,0.0,1.0,77.18446601941747,6.862745098039215,7,25.811802779364058,720575941612053094,689,Tier 3: Lower Priority
720575941613256211,4,11.999999999999977,12.0,3,0.0,1.0,86.2864077669903,1.9607843137254901,2,25.66179802017894,720575941613256211,690,Tier 3: Lower Priority
720575941460885005,4,11.999999999999977,12.0,3,0.0,1.0,86.2864077669903,1.9607843137254901,2,25.66179802017894,720575941460885005,691,Tier 3: Lower Priority
720575941667143601,4,11.999999999999977,12.0,3,0.0,1.0,86.2864077669903,1.9607843137254901,2,25.66179802017894,720575941667143601,692,Tier 3: Lower Priority
720575941623399788,4,11.999999999999977,12.0,3,0.0,1.0,86.2864077669903,1.9607843137254901,2,25.66179802017894,720575941623399788,693,Tier 3: Lower Priority
720575941630748859,1,3.999999999999645,4.0,1,0.0,1.0,77.18446601941747,20.58823529411765,21,25.643175328383673,720575941630748859,694,Tier 3: Lower Priority
720575941592094422,1,19.99999999999979,20.0,5,0.0,1.0,77.18446601941747,0.9803921568627451,1,25.54121454406999,720575941592094422,695,Tier 3: Lower Priority
720575941609001034,4,3.999999999999645,4.0,1,0.0,1.0,86.2864077669903,10.784313725490197,11,25.467680373120015,720575941609001034,696,Tier 3: Lower Priority
720575941413990172,4,11.999999999999977,12.0,3,0.0,1.0,86.2864077669903,0.9803921568627451,1,25.416699980963255,720575941413990172,697,Tier 3: Lower Priority
720575941663099516,4,11.999999999999977,12.0,3,0.0,1.0,86.2864077669903,0.9803921568627451,1,25.416699980963255,720575941663099516,698,Tier 3: Lower Priority
720575941524294169,4,11.999999999999977,12.0,3,0.0,1.0,86.2864077669903,0.9803921568627451,1,25.416699980963255,720575941524294169,699,Tier 3: Lower Priority
720575941475609194,1,19.99999999999979,20.0,5,0.0,1.0,77.18446601941747,0.0,0,25.296116504854304,720575941475609194,700,Tier 3: Lower Priority
720575941494052992,1,19.99999999999979,20.0,5,0.0,1.0,77.18446601941747,0.0,0,25.296116504854304,720575941494052992,701,Tier 3: Lower Priority
720575941564553223,1,19.99999999999979,20.0,5,0.0,1.0,77.18446601941747,0.0,0,25.296116504854304,720575941564553223,702,Tier 3: Lower Priority
720575941498935777,4,7.999999999999812,8.0,2,0.0,1.0,86.2864077669903,4.901960784313726,5,25.197092137825948,720575941498935777,703,Tier 3: Lower Priority
720575941394069654,4,7.999999999999812,8.0,2,0.0,1.0,86.2864077669903,4.901960784313726,5,25.197092137825948,720575941394069654,704,Tier 3: Lower Priority
720575941514103107,4,11.999999999999977,12.0,3,0.0,1.0,86.2864077669903,0.0,0,25.171601941747568,720575941514103107,705,Tier 3: Lower Priority
720575941552351745,4,11.999999999999977,12.0,3,0.0,1.0,86.2864077669903,0.0,0,25.171601941747568,720575941552351745,706,Tier 3: Lower Priority
720575941609481062,4,11.999999999999977,12.0,3,0.0,1.0,86.2864077669903,0.0,0,25.171601941747568,720575941609481062,707,Tier 3: Lower Priority
720575941591271308,4,11.999999999999977,12.0,3,0.0,1.0,86.2864077669903,0.0,0,25.171601941747568,720575941591271308,708,Tier 3: Lower Priority
720575941574704649,4,11.999999999999977,12.0,3,0.0,1.0,86.2864077669903,0.0,0,25.171601941747568,720575941574704649,709,Tier 3: Lower Priority
720575941555575332,4,11.999999999999977,12.0,3,0.0,1.0,86.2864077669903,0.0,0,25.171601941747568,720575941555575332,710,Tier 3: Lower Priority
720575941477573344,4,11.999999999999977,12.0,3,0.0,1.0,86.2864077669903,0.0,0,25.171601941747568,720575941477573344,711,Tier 3: Lower Priority
720575941436391698,4,11.999999999999977,12.0,3,0.0,1.0,86.2864077669903,0.0,0,25.171601941747568,720575941436391698,712,Tier 3: Lower Priority
720575941608900585,4,11.999999999999977,12.0,3,0.0,1.0,86.2864077669903,0.0,0,25.171601941747568,720575941608900585,713,Tier 3: Lower Priority
720575941554482259,4,11.999999999999977,12.0,3,0.0,1.0,86.2864077669903,0.0,0,25.171601941747568,720575941554482259,714,Tier 3: Lower Priority
720575941549701182,4,11.999999999999977,12.0,3,0.0,1.0,86.2864077669903,0.0,0,25.171601941747568,720575941549701182,715,Tier 3: Lower Priority
720575941591748648,4,11.999999999999977,12.0,3,0.0,1.0,86.2864077669903,0.0,0,25.171601941747568,720575941591748648,716,Tier 3: Lower Priority
720575941588095300,4,11.999999999999977,12.0,3,0.0,1.0,86.2864077669903,0.0,0,25.171601941747568,720575941588095300,717,Tier 3: Lower Priority
720575941565522839,4,11.999999999999977,12.0,3,0.0,1.0,86.2864077669903,0.0,0,25.171601941747568,720575941565522839,718,Tier 3: Lower Priority
720575941581648479,4,11.999999999999977,12.0,3,0.0,1.0,86.2864077669903,0.0,0,25.171601941747568,720575941581648479,719,Tier 3: Lower Priority
720575941487942608,4,11.999999999999977,12.0,3,0.0,1.0,86.2864077669903,0.0,0,25.171601941747568,720575941487942608,720,Tier 3: Lower Priority
720575941510611922,4,11.999999999999977,12.0,3,0.0,1.0,86.2864077669903,0.0,0,25.171601941747568,720575941510611922,721,Tier 3: Lower Priority
720575941668285171,4,11.999999999999977,12.0,3,0.0,1.0,86.2864077669903,0.0,0,25.171601941747568,720575941668285171,722,Tier 3: Lower Priority
720575941594213927,4,11.999999999999977,12.0,3,0.0,1.0,86.2864077669903,0.0,0,25.171601941747568,720575941594213927,723,Tier 3: Lower Priority
720575941604997997,4,11.999999999999977,12.0,3,0.0,1.0,86.2864077669903,0.0,0,25.171601941747568,720575941604997997,724,Tier 3: Lower Priority
720575941543315205,4,11.999999999999977,12.0,3,0.0,1.0,86.2864077669903,0.0,0,25.171601941747568,720575941543315205,725,Tier 3: Lower Priority
720575941566716206,4,11.999999999999977,12.0,3,0.0,1.0,86.2864077669903,0.0,0,25.171601941747568,720575941566716206,726,Tier 3: Lower Priority
720575941411656081,4,11.999999999999977,12.0,3,0.0,1.0,86.2864077669903,0.0,0,25.171601941747568,720575941411656081,727,Tier 3: Lower Priority
720575941456667373,4,11.999999999999977,12.0,3,0.0,1.0,86.2864077669903,0.0,0,25.171601941747568,720575941456667373,728,Tier 3: Lower Priority
720575941508354770,4,11.999999999999977,12.0,3,0.0,1.0,86.2864077669903,0.0,0,25.171601941747568,720575941508354770,729,Tier 3: Lower Priority
720575941432002574,4,11.999999999999977,12.0,3,0.0,1.0,86.2864077669903,0.0,0,25.171601941747568,720575941432002574,730,Tier 3: Lower Priority
720575941572094203,4,11.999999999999977,12.0,3,0.0,1.0,86.2864077669903,0.0,0,25.171601941747568,720575941572094203,731,Tier 3: Lower Priority
720575941513791820,4,11.999999999999977,12.0,3,0.0,1.0,86.2864077669903,0.0,0,25.171601941747568,720575941513791820,732,Tier 3: Lower Priority
720575941533738986,4,11.999999999999977,12.0,3,0.0,1.0,86.2864077669903,0.0,0,25.171601941747568,720575941533738986,733,Tier 3: Lower Priority
720575941564034614,4,11.999999999999977,12.0,3,0.0,1.0,86.2864077669903,0.0,0,25.171601941747568,720575941564034614,734,Tier 3: Lower Priority
720575941649244949,4,11.999999999999977,12.0,3,0.0,1.0,86.2864077669903,0.0,0,25.171601941747568,720575941649244949,735,Tier 3: Lower Priority
720575941487910608,4,11.999999999999977,12.0,3,0.0,1.0,86.2864077669903,0.0,0,25.171601941747568,720575941487910608,736,Tier 3: Lower Priority
720575941458334163,1,3.999999999999645,4.0,1,0.0,1.0,77.18446601941747,18.627450980392158,19,25.1529792499523,720575941458334163,737,Tier 3: Lower Priority
720575941490813872,1,15.999999999999623,16.0,4,0.0,1.0,77.18446601941747,3.9215686274509802,4,25.076508661717,720575941490813872,738,Tier 3: Lower Priority
720575941412443540,1,15.999999999999623,16.0,4,0.0,1.0,77.18446601941747,2.9411764705882355,3,24.831410622501313,720575941412443540,739,Tier 3: Lower Priority
720575941477297716,4,3.999999999999645,4.0,1,0.0,1.0,86.2864077669903,7.8431372549019605,8,24.732386255472957,720575941477297716,740,Tier 3: Lower Priority
720575941412445332,3,19.99999999999979,20.0,5,10.0,2.0,66.86893203883496,0.0,0,24.717233009708675,720575941412445332,741,Tier 3: Lower Priority
720575941563318070,4,7.999999999999812,8.0,2,0.0,1.0,86.2864077669903,2.9411764705882355,3,24.706896059394573,720575941563318070,742,Tier 3: Lower Priority
720575941569707422,4,7.999999999999812,8.0,2,0.0,1.0,86.2864077669903,2.9411764705882355,3,24.706896059394573,720575941569707422,743,Tier 3: Lower Priority
720575941650775313,1,15.999999999999623,16.0,4,0.0,1.0,77.18446601941747,1.9607843137254901,2,24.586312583285626,720575941650775313,744,Tier 3: Lower Priority
720575941530853507,1,15.999999999999623,16.0,4,0.0,1.0,77.18446601941747,1.9607843137254901,2,24.586312583285626,720575941530853507,745,Tier 3: Lower Priority
720575941513220601,3,11.999999999999977,12.0,3,20.0,2.0,66.86893203883496,0.9803921568627451,1,24.56233104892442,720575941513220601,746,Tier 3: Lower Priority
720575941441993167,3,15.999999999999623,16.0,4,10.0,2.0,66.86893203883496,3.9215686274509802,4,24.49762516657137,720575941441993167,747,Tier 3: Lower Priority
720575941592919080,4,3.999999999999645,4.0,1,0.0,1.0,86.2864077669903,6.862745098039215,7,24.48728821625727,720575941592919080,748,Tier 3: Lower Priority
720575941503499755,4,7.999999999999812,8.0,2,0.0,1.0,86.2864077669903,1.9607843137254901,2,24.461798020178886,720575941503499755,749,Tier 3: Lower Priority
720575941602315454,4,7.999999999999812,8.0,2,0.0,1.0,86.2864077669903,1.9607843137254901,2,24.461798020178886,720575941602315454,750,Tier 3: Lower Priority
720575941559309171,4,7.999999999999812,8.0,2,0.0,1.0,86.2864077669903,1.9607843137254901,2,24.461798020178886,720575941559309171,751,Tier 3: Lower Priority
720575941496222945,4,7.999999999999812,8.0,2,0.0,1.0,86.2864077669903,1.9607843137254901,2,24.461798020178886,720575941496222945,752,Tier 3: Lower Priority
720575941430016905,4,7.999999999999812,8.0,2,0.0,1.0,86.2864077669903,1.9607843137254901,2,24.461798020178886,720575941430016905,753,Tier 3: Lower Priority
720575941588018942,4,7.999999999999812,8.0,2,0.0,1.0,86.2864077669903,1.9607843137254901,2,24.461798020178886,720575941588018942,754,Tier 3: Lower Priority
720575941644908408,1,11.999999999999977,12.0,3,0.0,1.0,77.18446601941747,5.882352941176471,6,24.366704740148478,720575941644908408,755,Tier 3: Lower Priority
720575941459554960,1,15.999999999999623,16.0,4,0.0,1.0,77.18446601941747,0.9803921568627451,1,24.341214544069942,720575941459554960,756,Tier 3: Lower Priority
720575941610583260,1,15.999999999999623,16.0,4,0.0,1.0,77.18446601941747,0.9803921568627451,1,24.341214544069942,720575941610583260,757,Tier 3: Lower Priority
720575941549283839,1,15.999999999999623,16.0,4,0.0,1.0,77.18446601941747,0.9803921568627451,1,24.341214544069942,720575941549283839,758,Tier 3: Lower Priority
720575941626975782,1,15.999999999999623,16.0,4,0.0,1.0,77.18446601941747,0.9803921568627451,1,24.341214544069942,720575941626975782,759,Tier 3: Lower Priority
720575941596078961,1,15.999999999999623,16.0,4,0.0,1.0,77.18446601941747,0.9803921568627451,1,24.341214544069942,720575941596078961,760,Tier 3: Lower Priority
720575941652640273,4,3.999999999999645,4.0,1,0.0,1.0,86.2864077669903,5.882352941176471,6,24.242190177041586,720575941652640273,761,Tier 3: Lower Priority
720575941658910032,4,7.999999999999812,8.0,2,0.0,1.0,86.2864077669903,0.9803921568627451,1,24.216699980963202,720575941658910032,762,Tier 3: Lower Priority
720575941501786930,4,7.999999999999812,8.0,2,0.0,1.0,86.2864077669903,0.9803921568627451,1,24.216699980963202,720575941501786930,763,Tier 3: Lower Priority
720575941579867125,4,7.999999999999812,8.0,2,0.0,1.0,86.2864077669903,0.9803921568627451,1,24.216699980963202,720575941579867125,764,Tier 3: Lower Priority
720575941593836933,4,7.999999999999812,8.0,2,0.0,1.0,86.2864077669903,0.9803921568627451,1,24.216699980963202,720575941593836933,765,Tier 3: Lower Priority
720575941583208582,4,7.999999999999812,8.0,2,0.0,1.0,86.2864077669903,0.9803921568627451,1,24.216699980963202,720575941583208582,766,Tier 3: Lower Priority
720575941496915618,4,7.999999999999812,8.0,2,0.0,1.0,86.2864077669903,0.9803921568627451,1,24.216699980963202,720575941496915618,767,Tier 3: Lower Priority
720575941526718564,4,7.999999999999812,8.0,2,0.0,1.0,86.2864077669903,0.9803921568627451,1,24.216699980963202,720575941526718564,768,Tier 3: Lower Priority
720575941438723263,4,7.999999999999812,8.0,2,0.0,1.0,86.2864077669903,0.9803921568627451,1,24.216699980963202,720575941438723263,769,Tier 3: Lower Priority
720575941537600973,4,7.999999999999812,8.0,2,0.0,1.0,86.2864077669903,0.9803921568627451,1,24.216699980963202,720575941537600973,770,Tier 3: Lower Priority
720575941559947279,4,7.999999999999812,8.0,2,0.0,1.0,86.2864077669903,0.9803921568627451,1,24.216699980963202,720575941559947279,771,Tier 3: Lower Priority
720575941630622624,4,7.999999999999812,8.0,2,0.0,1.0,86.2864077669903,0.9803921568627451,1,24.216699980963202,720575941630622624,772,Tier 3: Lower Priority
720575941524369945,1,11.999999999999977,12.0,3,0.0,1.0,77.18446601941747,4.901960784313726,5,24.121606700932794,720575941524369945,773,Tier 3: Lower Priority
720575941459312966,1,15.999999999999623,16.0,4,0.0,1.0,77.18446601941747,0.0,0,24.096116504854255,720575941459312966,774,Tier 3: Lower Priority
720575941684990447,1,15.999999999999623,16.0,4,0.0,1.0,77.18446601941747,0.0,0,24.096116504854255,720575941684990447,775,Tier 3: Lower Priority
720575941570817352,1,15.999999999999623,16.0,4,0.0,1.0,77.18446601941747,0.0,0,24.096116504854255,720575941570817352,776,Tier 3: Lower Priority
720575941474337310,1,15.999999999999623,16.0,4,0.0,1.0,77.18446601941747,0.0,0,24.096116504854255,720575941474337310,777,Tier 3: Lower Priority
720575941488732876,1,15.999999999999623,16.0,4,0.0,1.0,77.18446601941747,0.0,0,24.096116504854255,720575941488732876,778,Tier 3: Lower Priority
720575941543613033,1,15.999999999999623,16.0,4,0.0,1.0,77.18446601941747,0.0,0,24.096116504854255,720575941543613033,779,Tier 3: Lower Priority
720575941457073478,1,15.999999999999623,16.0,4,0.0,1.0,77.18446601941747,0.0,0,24.096116504854255,720575941457073478,780,Tier 3: Lower Priority
720575941625095067,1,15.999999999999623,16.0,4,0.0,1.0,77.18446601941747,0.0,0,24.096116504854255,720575941625095067,781,Tier 3: Lower Priority
720575941581637215,1,15.999999999999623,16.0,4,0.0,1.0,77.18446601941747,0.0,0,24.096116504854255,720575941581637215,782,Tier 3: Lower Priority
720575941528086660,4,3.999999999999645,4.0,1,0.0,1.0,86.2864077669903,4.901960784313726,5,23.9970921378259,720575941528086660,783,Tier 3: Lower Priority
720575941474334779,4,3.999999999999645,4.0,1,0.0,1.0,86.2864077669903,4.901960784313726,5,23.9970921378259,720575941474334779,784,Tier 3: Lower Priority
720575941438674367,4,7.999999999999812,8.0,2,0.0,1.0,86.2864077669903,0.0,0,23.971601941747515,720575941438674367,785,Tier 3: Lower Priority
720575941438710719,4,7.999999999999812,8.0,2,0.0,1.0,86.2864077669903,0.0,0,23.971601941747515,720575941438710719,786,Tier 3: Lower Priority
720575941474806068,4,7.999999999999812,8.0,2,0.0,1.0,86.2864077669903,0.0,0,23.971601941747515,720575941474806068,787,Tier 3: Lower Priority
720575941533864458,4,7.999999999999812,8.0,2,0.0,1.0,86.2864077669903,0.0,0,23.971601941747515,720575941533864458,788,Tier 3: Lower Priority
720575941542265093,4,7.999999999999812,8.0,2,0.0,1.0,86.2864077669903,0.0,0,23.971601941747515,720575941542265093,789,Tier 3: Lower Priority
720575941656239440,4,7.999999999999812,8.0,2,0.0,1.0,86.2864077669903,0.0,0,23.971601941747515,720575941656239440,790,Tier 3: Lower Priority
720575941481113597,4,7.999999999999812,8.0,2,0.0,1.0,86.2864077669903,0.0,0,23.971601941747515,720575941481113597,791,Tier 3: Lower Priority
720575941668869363,4,7.999999999999812,8.0,2,0.0,1.0,86.2864077669903,0.0,0,23.971601941747515,720575941668869363,792,Tier 3: Lower Priority
720575941515062851,4,7.999999999999812,8.0,2,0.0,1.0,86.2864077669903,0.0,0,23.971601941747515,720575941515062851,793,Tier 3: Lower Priority
720575941537584882,4,7.999999999999812,8.0,2,0.0,1.0,86.2864077669903,0.0,0,23.971601941747515,720575941537584882,794,Tier 3: Lower Priority
720575941478544719,4,7.999999999999812,8.0,2,0.0,1.0,86.2864077669903,0.0,0,23.971601941747515,720575941478544719,795,Tier 3: Lower Priority
720575941516616664,4,7.999999999999812,8.0,2,0.0,1.0,86.2864077669903,0.0,0,23.971601941747515,720575941516616664,796,Tier 3: Lower Priority
720575941600370985,4,7.999999999999812,8.0,2,0.0,1.0,86.2864077669903,0.0,0,23.971601941747515,720575941600370985,797,Tier 3: Lower Priority
720575941577669457,4,7.999999999999812,8.0,2,0.0,1.0,86.2864077669903,0.0,0,23.971601941747515,720575941577669457,798,Tier 3: Lower Priority
720575941687929307,4,7.999999999999812,8.0,2,0.0,1.0,86.2864077669903,0.0,0,23.971601941747515,720575941687929307,799,Tier 3: Lower Priority
720575941577217113,4,7.999999999999812,8.0,2,0.0,1.0,86.2864077669903,0.0,0,23.971601941747515,720575941577217113,800,Tier 3: Lower Priority
720575941439063503,4,7.999999999999812,8.0,2,0.0,1.0,86.2864077669903,0.0,0,23.971601941747515,720575941439063503,801,Tier 3: Lower Priority
720575941540690717,4,7.999999999999812,8.0,2,0.0,1.0,86.2864077669903,0.0,0,23.971601941747515,720575941540690717,802,Tier 3: Lower Priority
720575941616420053,4,7.999999999999812,8.0,2,0.0,1.0,86.2864077669903,0.0,0,23.971601941747515,720575941616420053,803,Tier 3: Lower Priority
720575941581678175,4,7.999999999999812,8.0,2,0.0,1.0,86.2864077669903,0.0,0,23.971601941747515,720575941581678175,804,Tier 3: Lower Priority
720575941480440262,4,7.999999999999812,8.0,2,0.0,1.0,86.2864077669903,0.0,0,23.971601941747515,720575941480440262,805,Tier 3: Lower Priority
720575941529746405,4,7.999999999999812,8.0,2,0.0,1.0,86.2864077669903,0.0,0,23.971601941747515,720575941529746405,806,Tier 3: Lower Priority
720575941565113095,4,7.999999999999812,8.0,2,0.0,1.0,86.2864077669903,0.0,0,23.971601941747515,720575941565113095,807,Tier 3: Lower Priority
720575941645100664,4,7.999999999999812,8.0,2,0.0,1.0,86.2864077669903,0.0,0,23.971601941747515,720575941645100664,808,Tier 3: Lower Priority
720575941452168873,4,7.999999999999812,8.0,2,0.0,1.0,86.2864077669903,0.0,0,23.971601941747515,720575941452168873,809,Tier 3: Lower Priority
720575941560632744,4,7.999999999999812,8.0,2,0.0,1.0,86.2864077669903,0.0,0,23.971601941747515,720575941560632744,810,Tier 3: Lower Priority
720575941571896477,4,7.999999999999812,8.0,2,0.0,1.0,86.2864077669903,0.0,0,23.971601941747515,720575941571896477,811,Tier 3: Lower Priority
720575941547390269,4,7.999999999999812,8.0,2,0.0,1.0,86.2864077669903,0.0,0,23.971601941747515,720575941547390269,812,Tier 3: Lower Priority
720575941504134981,4,7.999999999999812,8.0,2,0.0,1.0,86.2864077669903,0.0,0,23.971601941747515,720575941504134981,813,Tier 3: Lower Priority
720575941414303377,4,7.999999999999812,8.0,2,0.0,1.0,86.2864077669903,0.0,0,23.971601941747515,720575941414303377,814,Tier 3: Lower Priority
720575941495663232,4,7.999999999999812,8.0,2,0.0,1.0,86.2864077669903,0.0,0,23.971601941747515,720575941495663232,815,Tier 3: Lower Priority
720575941495592571,4,7.999999999999812,8.0,2,0.0,1.0,86.2864077669903,0.0,0,23.971601941747515,720575941495592571,816,Tier 3: Lower Priority
720575941504505157,4,7.999999999999812,8.0,2,0.0,1.0,86.2864077669903,0.0,0,23.971601941747515,720575941504505157,817,Tier 3: Lower Priority
720575941549481761,4,7.999999999999812,8.0,2,0.0,1.0,86.2864077669903,0.0,0,23.971601941747515,720575941549481761,818,Tier 3: Lower Priority
720575941575512424,4,7.999999999999812,8.0,2,0.0,1.0,86.2864077669903,0.0,0,23.971601941747515,720575941575512424,819,Tier 3: Lower Priority
720575941492492670,4,7.999999999999812,8.0,2,0.0,1.0,86.2864077669903,0.0,0,23.971601941747515,720575941492492670,820,Tier 3: Lower Priority
720575941527843768,4,7.999999999999812,8.0,2,0.0,1.0,86.2864077669903,0.0,0,23.971601941747515,720575941527843768,821,Tier 3: Lower Priority
720575941549399039,4,7.999999999999812,8.0,2,0.0,1.0,86.2864077669903,0.0,0,23.971601941747515,720575941549399039,822,Tier 3: Lower Priority
720575941544636596,4,7.999999999999812,8.0,2,0.0,1.0,86.2864077669903,0.0,0,23.971601941747515,720575941544636596,823,Tier 3: Lower Priority
720575941660856956,4,7.999999999999812,8.0,2,0.0,1.0,86.2864077669903,0.0,0,23.971601941747515,720575941660856956,824,Tier 3: Lower Priority
720575941468966208,4,7.999999999999812,8.0,2,0.0,1.0,86.2864077669903,0.0,0,23.971601941747515,720575941468966208,825,Tier 3: Lower Priority
720575941496289609,4,7.999999999999812,8.0,2,0.0,1.0,86.2864077669903,0.0,0,23.971601941747515,720575941496289609,826,Tier 3: Lower Priority
720575941680033213,4,7.999999999999812,8.0,2,0.0,1.0,86.2864077669903,0.0,0,23.971601941747515,720575941680033213,827,Tier 3: Lower Priority
720575941551589274,4,7.999999999999812,8.0,2,0.0,1.0,86.2864077669903,0.0,0,23.971601941747515,720575941551589274,828,Tier 3: Lower Priority
720575941507228545,4,7.999999999999812,8.0,2,0.0,1.0,86.2864077669903,0.0,0,23.971601941747515,720575941507228545,829,Tier 3: Lower Priority
720575941532349362,4,7.999999999999812,8.0,2,0.0,1.0,86.2864077669903,0.0,0,23.971601941747515,720575941532349362,830,Tier 3: Lower Priority
720575941390684310,4,7.999999999999812,8.0,2,0.0,1.0,86.2864077669903,0.0,0,23.971601941747515,720575941390684310,831,Tier 3: Lower Priority
720575941456244127,4,7.999999999999812,8.0,2,0.0,1.0,86.2864077669903,0.0,0,23.971601941747515,720575941456244127,832,Tier 3: Lower Priority
720575941489320757,4,7.999999999999812,8.0,2,0.0,1.0,86.2864077669903,0.0,0,23.971601941747515,720575941489320757,833,Tier 3: Lower Priority
720575941529212619,4,7.999999999999812,8.0,2,0.0,1.0,86.2864077669903,0.0,0,23.971601941747515,720575941529212619,834,Tier 3: Lower Priority
720575941488755148,4,7.999999999999812,8.0,2,0.0,1.0,86.2864077669903,0.0,0,23.971601941747515,720575941488755148,835,Tier 3: Lower Priority
720575941579072889,1,11.999999999999977,12.0,3,0.0,1.0,77.18446601941747,3.9215686274509802,4,23.876508661717107,720575941579072889,836,Tier 3: Lower Priority
720575941467252189,1,11.999999999999977,12.0,3,0.0,1.0,77.18446601941747,3.9215686274509802,4,23.876508661717107,720575941467252189,837,Tier 3: Lower Priority
720575941572444830,4,3.999999999999645,4.0,1,0.0,1.0,86.2864077669903,3.9215686274509802,4,23.75199409861021,720575941572444830,838,Tier 3: Lower Priority
720575941657718552,4,3.999999999999645,4.0,1,0.0,1.0,86.2864077669903,3.9215686274509802,4,23.75199409861021,720575941657718552,839,Tier 3: Lower Priority
720575941491175399,4,3.999999999999645,4.0,1,0.0,1.0,86.2864077669903,3.9215686274509802,4,23.75199409861021,720575941491175399,840,Tier 3: Lower Priority
720575941566802170,4,3.999999999999645,4.0,1,0.0,1.0,86.2864077669903,3.9215686274509802,4,23.75199409861021,720575941566802170,841,Tier 3: Lower Priority
720575941572737679,4,3.999999999999645,4.0,1,0.0,1.0,86.2864077669903,3.9215686274509802,4,23.75199409861021,720575941572737679,842,Tier 3: Lower Priority
720575941441318591,4,3.999999999999645,4.0,1,0.0,1.0,86.2864077669903,3.9215686274509802,4,23.75199409861021,720575941441318591,843,Tier 3: Lower Priority
720575941576014774,4,3.999999999999645,4.0,1,0.0,1.0,86.2864077669903,3.9215686274509802,4,23.75199409861021,720575941576014774,844,Tier 3: Lower Priority
720575941504039618,1,11.999999999999977,12.0,3,0.0,1.0,77.18446601941747,2.9411764705882355,3,23.63141062250142,720575941504039618,845,Tier 3: Lower Priority
720575941630302405,1,11.999999999999977,12.0,3,0.0,1.0,77.18446601941747,2.9411764705882355,3,23.63141062250142,720575941630302405,846,Tier 3: Lower Priority
720575941457797360,1,11.999999999999977,12.0,3,0.0,1.0,77.18446601941747,2.9411764705882355,3,23.63141062250142,720575941457797360,847,Tier 3: Lower Priority
720575941525725954,4,3.999999999999645,4.0,1,0.0,1.0,86.2864077669903,2.9411764705882355,3,23.506896059394524,720575941525725954,848,Tier 3: Lower Priority
720575941526847910,4,3.999999999999645,4.0,1,0.0,1.0,86.2864077669903,2.9411764705882355,3,23.506896059394524,720575941526847910,849,Tier 3: Lower Priority
720575941551960319,4,3.999999999999645,4.0,1,0.0,1.0,86.2864077669903,2.9411764705882355,3,23.506896059394524,720575941551960319,850,Tier 3: Lower Priority
720575941511388881,4,3.999999999999645,4.0,1,0.0,1.0,86.2864077669903,2.9411764705882355,3,23.506896059394524,720575941511388881,851,Tier 3: Lower Priority
720575941586381534,4,3.999999999999645,4.0,1,0.0,1.0,86.2864077669903,2.9411764705882355,3,23.506896059394524,720575941586381534,852,Tier 3: Lower Priority
720575941442357674,4,3.999999999999645,4.0,1,0.0,1.0,86.2864077669903,2.9411764705882355,3,23.506896059394524,720575941442357674,853,Tier 3: Lower Priority
720575941597149376,4,3.999999999999645,4.0,1,0.0,1.0,86.2864077669903,2.9411764705882355,3,23.506896059394524,720575941597149376,854,Tier 3: Lower Priority
720575941442637519,4,3.999999999999645,4.0,1,0.0,1.0,86.2864077669903,2.9411764705882355,3,23.506896059394524,720575941442637519,855,Tier 3: Lower Priority
720575941483682813,4,3.999999999999645,4.0,1,0.0,1.0,86.2864077669903,2.9411764705882355,3,23.506896059394524,720575941483682813,856,Tier 3: Lower Priority
720575941399253283,1,7.999999999999812,8.0,2,0.0,1.0,77.18446601941747,6.862745098039215,7,23.411802779364113,720575941399253283,857,Tier 3: Lower Priority
720575941506644540,1,7.999999999999812,8.0,2,0.0,1.0,77.18446601941747,6.862745098039215,7,23.411802779364113,720575941506644540,858,Tier 3: Lower Priority
720575941583254918,1,11.999999999999977,12.0,3,0.0,1.0,77.18446601941747,1.9607843137254901,2,23.386312583285733,720575941583254918,859,Tier 3: Lower Priority
720575941430842209,1,11.999999999999977,12.0,3,0.0,1.0,77.18446601941747,1.9607843137254901,2,23.386312583285733,720575941430842209,860,Tier 3: Lower Priority
720575941407101614,1,11.999999999999977,12.0,3,0.0,1.0,77.18446601941747,1.9607843137254901,2,23.386312583285733,720575941407101614,861,Tier 3: Lower Priority
720575941486866640,4,3.999999999999645,4.0,1,0.0,1.0,86.2864077669903,1.9607843137254901,2,23.261798020178837,720575941486866640,862,Tier 3: Lower Priority
720575941414456212,4,3.999999999999645,4.0,1,0.0,1.0,86.2864077669903,1.9607843137254901,2,23.261798020178837,720575941414456212,863,Tier 3: Lower Priority
720575941593965957,4,3.999999999999645,4.0,1,0.0,1.0,86.2864077669903,1.9607843137254901,2,23.261798020178837,720575941593965957,864,Tier 3: Lower Priority
720575941653507801,4,3.999999999999645,4.0,1,0.0,1.0,86.2864077669903,1.9607843137254901,2,23.261798020178837,720575941653507801,865,Tier 3: Lower Priority
720575941480550018,4,3.999999999999645,4.0,1,0.0,1.0,86.2864077669903,1.9607843137254901,2,23.261798020178837,720575941480550018,866,Tier 3: Lower Priority
720575941549403903,4,3.999999999999645,4.0,1,0.0,1.0,86.2864077669903,1.9607843137254901,2,23.261798020178837,720575941549403903,867,Tier 3: Lower Priority
720575941508542674,1,7.999999999999812,8.0,2,0.0,1.0,77.18446601941747,5.882352941176471,6,23.166704740148425,720575941508542674,868,Tier 3: Lower Priority
720575941630933947,1,7.999999999999812,8.0,2,0.0,1.0,77.18446601941747,5.882352941176471,6,23.166704740148425,720575941630933947,869,Tier 3: Lower Priority
720575941581641311,1,11.999999999999977,12.0,3,0.0,1.0,77.18446601941747,0.9803921568627451,1,23.14121454407005,720575941581641311,870,Tier 3: Lower Priority
720575941488675276,1,11.999999999999977,12.0,3,0.0,1.0,77.18446601941747,0.9803921568627451,1,23.14121454407005,720575941488675276,871,Tier 3: Lower Priority
720575941414464660,1,11.999999999999977,12.0,3,0.0,1.0,77.18446601941747,0.9803921568627451,1,23.14121454407005,720575941414464660,872,Tier 3: Lower Priority
720575941413920540,4,3.999999999999645,4.0,1,0.0,1.0,86.2864077669903,0.9803921568627451,1,23.016699980963153,720575941413920540,873,Tier 3: Lower Priority
720575941552622398,4,3.999999999999645,4.0,1,0.0,1.0,86.2864077669903,0.9803921568627451,1,23.016699980963153,720575941552622398,874,Tier 3: Lower Priority
720575941499725986,4,3.999999999999645,4.0,1,0.0,1.0,86.2864077669903,0.9803921568627451,1,23.016699980963153,720575941499725986,875,Tier 3: Lower Priority
720575941573956239,4,3.999999999999645,4.0,1,0.0,1.0,86.2864077669903,0.9803921568627451,1,23.016699980963153,720575941573956239,876,Tier 3: Lower Priority
720575941587284535,4,3.999999999999645,4.0,1,0.0,1.0,86.2864077669903,0.9803921568627451,1,23.016699980963153,720575941587284535,877,Tier 3: Lower Priority
720575941591499627,4,3.999999999999645,4.0,1,0.0,1.0,86.2864077669903,0.9803921568627451,1,23.016699980963153,720575941591499627,878,Tier 3: Lower Priority
720575941547347316,4,3.999999999999645,4.0,1,0.0,1.0,86.2864077669903,0.9803921568627451,1,23.016699980963153,720575941547347316,879,Tier 3: Lower Priority
720575941587190583,4,3.999999999999645,4.0,1,0.0,1.0,86.2864077669903,0.9803921568627451,1,23.016699980963153,720575941587190583,880,Tier 3: Lower Priority
720575941584808158,4,3.999999999999645,4.0,1,0.0,1.0,86.2864077669903,0.9803921568627451,1,23.016699980963153,720575941584808158,881,Tier 3: Lower Priority
720575941473384234,4,3.999999999999645,4.0,1,0.0,1.0,86.2864077669903,0.9803921568627451,1,23.016699980963153,720575941473384234,882,Tier 3: Lower Priority
720575941449638493,4,3.999999999999645,4.0,1,0.0,1.0,86.2864077669903,0.9803921568627451,1,23.016699980963153,720575941449638493,883,Tier 3: Lower Priority
720575941515936249,4,3.999999999999645,4.0,1,0.0,1.0,86.2864077669903,0.9803921568627451,1,23.016699980963153,720575941515936249,884,Tier 3: Lower Priority
720575941432722574,4,3.999999999999645,4.0,1,0.0,1.0,86.2864077669903,0.9803921568627451,1,23.016699980963153,720575941432722574,885,Tier 3: Lower Priority
720575941570823752,4,3.999999999999645,4.0,1,0.0,1.0,86.2864077669903,0.9803921568627451,1,23.016699980963153,720575941570823752,886,Tier 3: Lower Priority
720575941601209590,4,3.999999999999645,4.0,1,0.0,1.0,86.2864077669903,0.9803921568627451,1,23.016699980963153,720575941601209590,887,Tier 3: Lower Priority
720575941428965368,4,3.999999999999645,4.0,1,0.0,1.0,86.2864077669903,0.9803921568627451,1,23.016699980963153,720575941428965368,888,Tier 3: Lower Priority
720575941569574046,4,3.999999999999645,4.0,1,0.0,1.0,86.2864077669903,0.9803921568627451,1,23.016699980963153,720575941569574046,889,Tier 3: Lower Priority
720575941518537582,4,3.999999999999645,4.0,1,0.0,1.0,86.2864077669903,0.9803921568627451,1,23.016699980963153,720575941518537582,890,Tier 3: Lower Priority
720575941684992751,4,3.999999999999645,4.0,1,0.0,1.0,86.2864077669903,0.9803921568627451,1,23.016699980963153,720575941684992751,891,Tier 3: Lower Priority
720575941476101937,4,3.999999999999645,4.0,1,0.0,1.0,86.2864077669903,0.9803921568627451,1,23.016699980963153,720575941476101937,892,Tier 3: Lower Priority
720575941404758384,4,3.999999999999645,4.0,1,0.0,1.0,86.2864077669903,0.9803921568627451,1,23.016699980963153,720575941404758384,893,Tier 3: Lower Priority
720575941611343337,4,3.999999999999645,4.0,1,0.0,1.0,86.2864077669903,0.9803921568627451,1,23.016699980963153,720575941611343337,894,Tier 3: Lower Priority
720575941653565201,4,3.999999999999645,4.0,1,0.0,1.0,86.2864077669903,0.9803921568627451,1,23.016699980963153,720575941653565201,895,Tier 3: Lower Priority
720575941563253814,4,3.999999999999645,4.0,1,0.0,1.0,86.2864077669903,0.9803921568627451,1,23.016699980963153,720575941563253814,896,Tier 3: Lower Priority
720575941390688150,4,3.999999999999645,4.0,1,0.0,1.0,86.2864077669903,0.9803921568627451,1,23.016699980963153,720575941390688150,897,Tier 3: Lower Priority
720575941594515158,4,3.999999999999645,4.0,1,0.0,1.0,86.2864077669903,0.9803921568627451,1,23.016699980963153,720575941594515158,898,Tier 3: Lower Priority
720575941461246931,4,3.999999999999645,4.0,1,0.0,1.0,86.2864077669903,0.9803921568627451,1,23.016699980963153,720575941461246931,899,Tier 3: Lower Priority
720575941542469212,3,15.999999999999623,16.0,4,0.0,1.0,66.86893203883496,5.882352941176471,6,22.987821245002742,720575941542469212,900,Tier 3: Lower Priority
720575941457431280,3,19.99999999999979,20.0,5,0.0,1.0,66.86893203883496,0.9803921568627451,1,22.962331048924362,720575941457431280,901,Tier 3: Lower Priority
720575941545400508,1,7.999999999999812,8.0,2,0.0,1.0,77.18446601941747,4.901960784313726,5,22.92160670093274,720575941545400508,902,Tier 3: Lower Priority
720575941557294095,1,7.999999999999812,8.0,2,0.0,1.0,77.18446601941747,4.901960784313726,5,22.92160670093274,720575941557294095,903,Tier 3: Lower Priority
720575941566956532,1,7.999999999999812,8.0,2,0.0,1.0,77.18446601941747,4.901960784313726,5,22.92160670093274,720575941566956532,904,Tier 3: Lower Priority
720575941651851797,1,11.999999999999977,12.0,3,0.0,1.0,77.18446601941747,0.0,0,22.896116504854362,720575941651851797,905,Tier 3: Lower Priority
720575941533819162,1,11.999999999999977,12.0,3,0.0,1.0,77.18446601941747,0.0,0,22.896116504854362,720575941533819162,906,Tier 3: Lower Priority
720575941447025845,1,11.999999999999977,12.0,3,0.0,1.0,77.18446601941747,0.0,0,22.896116504854362,720575941447025845,907,Tier 3: Lower Priority
720575941571957661,1,11.999999999999977,12.0,3,0.0,1.0,77.18446601941747,0.0,0,22.896116504854362,720575941571957661,908,Tier 3: Lower Priority
720575941534822632,1,11.999999999999977,12.0,3,0.0,1.0,77.18446601941747,0.0,0,22.896116504854362,720575941534822632,909,Tier 3: Lower Priority
720575941549478945,1,11.999999999999977,12.0,3,0.0,1.0,77.18446601941747,0.0,0,22.896116504854362,720575941549478945,910,Tier 3: Lower Priority
720575941469045824,1,11.999999999999977,12.0,3,0.0,1.0,77.18446601941747,0.0,0,22.896116504854362,720575941469045824,911,Tier 3: Lower Priority
720575941549386239,1,11.999999999999977,12.0,3,0.0,1.0,77.18446601941747,0.0,0,22.896116504854362,720575941549386239,912,Tier 3: Lower Priority
720575941536648168,1,11.999999999999977,12.0,3,0.0,1.0,77.18446601941747,0.0,0,22.896116504854362,720575941536648168,913,Tier 3: Lower Priority
720575941495662971,1,11.999999999999977,12.0,3,0.0,1.0,77.18446601941747,0.0,0,22.896116504854362,720575941495662971,914,Tier 3: Lower Priority
720575941516873838,1,11.999999999999977,12.0,3,0.0,1.0,77.18446601941747,0.0,0,22.896116504854362,720575941516873838,915,Tier 3: Lower Priority
720575941573255581,1,11.999999999999977,12.0,3,0.0,1.0,77.18446601941747,0.0,0,22.896116504854362,720575941573255581,916,Tier 3: Lower Priority
720575941518866542,1,11.999999999999977,12.0,3,0.0,1.0,77.18446601941747,0.0,0,22.896116504854362,720575941518866542,917,Tier 3: Lower Priority
720575941557434862,4,3.999999999999645,4.0,1,0.0,1.0,86.2864077669903,0.0,0,22.771601941747466,720575941557434862,918,Tier 3: Lower Priority
720575941525755394,4,3.999999999999645,4.0,1,0.0,1.0,86.2864077669903,0.0,0,22.771601941747466,720575941525755394,919,Tier 3: Lower Priority
720575941557576563,4,3.999999999999645,4.0,1,0.0,1.0,86.2864077669903,0.0,0,22.771601941747466,720575941557576563,920,Tier 3: Lower Priority
720575941555222273,4,3.999999999999645,4.0,1,0.0,1.0,86.2864077669903,0.0,0,22.771601941747466,720575941555222273,921,Tier 3: Lower Priority
720575941587602244,4,3.999999999999645,4.0,1,0.0,1.0,86.2864077669903,0.0,0,22.771601941747466,720575941587602244,922,Tier 3: Lower Priority
720575941447363677,4,3.999999999999645,4.0,1,0.0,1.0,86.2864077669903,0.0,0,22.771601941747466,720575941447363677,923,Tier 3: Lower Priority
720575941530839427,4,3.999999999999645,4.0,1,0.0,1.0,86.2864077669903,0.0,0,22.771601941747466,720575941530839427,924,Tier 3: Lower Priority
720575941447279965,4,3.999999999999645,4.0,1,0.0,1.0,86.2864077669903,0.0,0,22.771601941747466,720575941447279965,925,Tier 3: Lower Priority
720575941525182630,4,3.999999999999645,4.0,1,0.0,1.0,86.2864077669903,0.0,0,22.771601941747466,720575941525182630,926,Tier 3: Lower Priority
720575941531464677,4,3.999999999999645,4.0,1,0.0,1.0,86.2864077669903,0.0,0,22.771601941747466,720575941531464677,927,Tier 3: Lower Priority
720575941668606375,4,3.999999999999645,4.0,1,0.0,1.0,86.2864077669903,0.0,0,22.771601941747466,720575941668606375,928,Tier 3: Lower Priority
720575941643002962,4,3.999999999999645,4.0,1,0.0,1.0,86.2864077669903,0.0,0,22.771601941747466,720575941643002962,929,Tier 3: Lower Priority
720575941609520742,4,3.999999999999645,4.0,1,0.0,1.0,86.2864077669903,0.0,0,22.771601941747466,720575941609520742,930,Tier 3: Lower Priority
720575941440213695,4,3.999999999999645,4.0,1,0.0,1.0,86.2864077669903,0.0,0,22.771601941747466,720575941440213695,931,Tier 3: Lower Priority
720575941445324052,4,3.999999999999645,4.0,1,0.0,1.0,86.2864077669903,0.0,0,22.771601941747466,720575941445324052,932,Tier 3: Lower Priority
720575941429324641,4,3.999999999999645,4.0,1,0.0,1.0,86.2864077669903,0.0,0,22.771601941747466,720575941429324641,933,Tier 3: Lower Priority
720575941534726376,4,3.999999999999645,4.0,1,0.0,1.0,86.2864077669903,0.0,0,22.771601941747466,720575941534726376,934,Tier 3: Lower Priority
720575941524019970,4,3.999999999999645,4.0,1,0.0,1.0,86.2864077669903,0.0,0,22.771601941747466,720575941524019970,935,Tier 3: Lower Priority
720575941535136739,4,3.999999999999645,4.0,1,0.0,1.0,86.2864077669903,0.0,0,22.771601941747466,720575941535136739,936,Tier 3: Lower Priority
720575941535137763,4,3.999999999999645,4.0,1,0.0,1.0,86.2864077669903,0.0,0,22.771601941747466,720575941535137763,937,Tier 3: Lower Priority
720575941591287692,4,3.999999999999645,4.0,1,0.0,1.0,86.2864077669903,0.0,0,22.771601941747466,720575941591287692,938,Tier 3: Lower Priority
720575941686037878,4,3.999999999999645,4.0,1,0.0,1.0,86.2864077669903,0.0,0,22.771601941747466,720575941686037878,939,Tier 3: Lower Priority
720575941547336253,4,3.999999999999645,4.0,1,0.0,1.0,86.2864077669903,0.0,0,22.771601941747466,720575941547336253,940,Tier 3: Lower Priority
720575941685747212,4,3.999999999999645,4.0,1,0.0,1.0,86.2864077669903,0.0,0,22.771601941747466,720575941685747212,941,Tier 3: Lower Priority
720575941592547879,4,3.999999999999645,4.0,1,0.0,1.0,86.2864077669903,0.0,0,22.771601941747466,720575941592547879,942,Tier 3: Lower Priority
720575941435780114,4,3.999999999999645,4.0,1,0.0,1.0,86.2864077669903,0.0,0,22.771601941747466,720575941435780114,943,Tier 3: Lower Priority
720575941435693356,4,3.999999999999645,4.0,1,0.0,1.0,86.2864077669903,0.0,0,22.771601941747466,720575941435693356,944,Tier 3: Lower Priority
720575941545440392,4,3.999999999999645,4.0,1,0.0,1.0,86.2864077669903,0.0,0,22.771601941747466,720575941545440392,945,Tier 3: Lower Priority
720575941545408904,4,3.999999999999645,4.0,1,0.0,1.0,86.2864077669903,0.0,0,22.771601941747466,720575941545408904,946,Tier 3: Lower Priority
720575941665441523,4,3.999999999999645,4.0,1,0.0,1.0,86.2864077669903,0.0,0,22.771601941747466,720575941665441523,947,Tier 3: Lower Priority
720575941562321671,4,3.999999999999645,4.0,1,0.0,1.0,86.2864077669903,0.0,0,22.771601941747466,720575941562321671,948,Tier 3: Lower Priority
720575941431129815,4,3.999999999999645,4.0,1,0.0,1.0,86.2864077669903,0.0,0,22.771601941747466,720575941431129815,949,Tier 3: Lower Priority
720575941656252752,4,3.999999999999645,4.0,1,0.0,1.0,86.2864077669903,0.0,0,22.771601941747466,720575941656252752,950,Tier 3: Lower Priority
720575941575682998,4,3.999999999999645,4.0,1,0.0,1.0,86.2864077669903,0.0,0,22.771601941747466,720575941575682998,951,Tier 3: Lower Priority
720575941478179235,4,3.999999999999645,4.0,1,0.0,1.0,86.2864077669903,0.0,0,22.771601941747466,720575941478179235,952,Tier 3: Lower Priority
720575941641490258,4,3.999999999999645,4.0,1,0.0,1.0,86.2864077669903,0.0,0,22.771601941747466,720575941641490258,953,Tier 3: Lower Priority
720575941479084227,4,3.999999999999645,4.0,1,0.0,1.0,86.2864077669903,0.0,0,22.771601941747466,720575941479084227,954,Tier 3: Lower Priority
720575941472561979,4,3.999999999999645,4.0,1,0.0,1.0,86.2864077669903,0.0,0,22.771601941747466,720575941472561979,955,Tier 3: Lower Priority
720575941571492859,4,3.999999999999645,4.0,1,0.0,1.0,86.2864077669903,0.0,0,22.771601941747466,720575941571492859,956,Tier 3: Lower Priority
720575941485260240,4,3.999999999999645,4.0,1,0.0,1.0,86.2864077669903,0.0,0,22.771601941747466,720575941485260240,957,Tier 3: Lower Priority
720575941471907904,4,3.999999999999645,4.0,1,0.0,1.0,86.2864077669903,0.0,0,22.771601941747466,720575941471907904,958,Tier 3: Lower Priority
720575941393490838,4,3.999999999999645,4.0,1,0.0,1.0,86.2864077669903,0.0,0,22.771601941747466,720575941393490838,959,Tier 3: Lower Priority
720575941488278480,4,3.999999999999645,4.0,1,0.0,1.0,86.2864077669903,0.0,0,22.771601941747466,720575941488278480,960,Tier 3: Lower Priority
720575941492354174,4,3.999999999999645,4.0,1,0.0,1.0,86.2864077669903,0.0,0,22.771601941747466,720575941492354174,961,Tier 3: Lower Priority
720575941400703267,4,3.999999999999645,4.0,1,0.0,1.0,86.2864077669903,0.0,0,22.771601941747466,720575941400703267,962,Tier 3: Lower Priority
720575941494144199,4,3.999999999999645,4.0,1,0.0,1.0,86.2864077669903,0.0,0,22.771601941747466,720575941494144199,963,Tier 3: Lower Priority
720575941458139551,4,3.999999999999645,4.0,1,0.0,1.0,86.2864077669903,0.0,0,22.771601941747466,720575941458139551,964,Tier 3: Lower Priority
720575941579161465,4,3.999999999999645,4.0,1,0.0,1.0,86.2864077669903,0.0,0,22.771601941747466,720575941579161465,965,Tier 3: Lower Priority
720575941544688308,4,3.999999999999645,4.0,1,0.0,1.0,86.2864077669903,0.0,0,22.771601941747466,720575941544688308,966,Tier 3: Lower Priority
720575941507266594,4,3.999999999999645,4.0,1,0.0,1.0,86.2864077669903,0.0,0,22.771601941747466,720575941507266594,967,Tier 3: Lower Priority
720575941410025071,4,3.999999999999645,4.0,1,0.0,1.0,86.2864077669903,0.0,0,22.771601941747466,720575941410025071,968,Tier 3: Lower Priority
720575941520284919,4,3.999999999999645,4.0,1,0.0,1.0,86.2864077669903,0.0,0,22.771601941747466,720575941520284919,969,Tier 3: Lower Priority
720575941513264377,4,3.999999999999645,4.0,1,0.0,1.0,86.2864077669903,0.0,0,22.771601941747466,720575941513264377,970,Tier 3: Lower Priority
720575941505610263,4,3.999999999999645,4.0,1,0.0,1.0,86.2864077669903,0.0,0,22.771601941747466,720575941505610263,971,Tier 3: Lower Priority
720575941565531799,4,3.999999999999645,4.0,1,0.0,1.0,86.2864077669903,0.0,0,22.771601941747466,720575941565531799,972,Tier 3: Lower Priority
720575941565459095,4,3.999999999999645,4.0,1,0.0,1.0,86.2864077669903,0.0,0,22.771601941747466,720575941565459095,973,Tier 3: Lower Priority
720575941565122614,4,3.999999999999645,4.0,1,0.0,1.0,86.2864077669903,0.0,0,22.771601941747466,720575941565122614,974,Tier 3: Lower Priority
720575941450080349,4,3.999999999999645,4.0,1,0.0,1.0,86.2864077669903,0.0,0,22.771601941747466,720575941450080349,975,Tier 3: Lower Priority
720575941658602520,1,3.999999999999645,4.0,1,0.0,1.0,77.18446601941747,8.823529411764707,9,22.701998857795438,720575941658602520,976,Tier 3: Lower Priority
720575941399309603,1,7.999999999999812,8.0,2,0.0,1.0,77.18446601941747,3.9215686274509802,4,22.676508661717055,720575941399309603,977,Tier 3: Lower Priority
720575941492308606,1,7.999999999999812,8.0,2,0.0,1.0,77.18446601941747,3.9215686274509802,4,22.676508661717055,720575941492308606,978,Tier 3: Lower Priority
720575941595804828,1,7.999999999999812,8.0,2,0.0,1.0,77.18446601941747,3.9215686274509802,4,22.676508661717055,720575941595804828,979,Tier 3: Lower Priority
720575941645261768,1,7.999999999999812,8.0,2,0.0,1.0,77.18446601941747,3.9215686274509802,4,22.676508661717055,720575941645261768,980,Tier 3: Lower Priority
720575941583511518,1,7.999999999999812,8.0,2,0.0,1.0,77.18446601941747,3.9215686274509802,4,22.676508661717055,720575941583511518,981,Tier 3: Lower Priority
720575941471203447,1,7.999999999999812,8.0,2,0.0,1.0,77.18446601941747,2.9411764705882355,3,22.431410622501367,720575941471203447,982,Tier 3: Lower Priority
720575941532385624,1,7.999999999999812,8.0,2,0.0,1.0,77.18446601941747,2.9411764705882355,3,22.431410622501367,720575941532385624,983,Tier 3: Lower Priority
720575941533761050,1,7.999999999999812,8.0,2,0.0,1.0,77.18446601941747,2.9411764705882355,3,22.431410622501367,720575941533761050,984,Tier 3: Lower Priority
720575941614889941,1,7.999999999999812,8.0,2,0.0,1.0,77.18446601941747,2.9411764705882355,3,22.431410622501367,720575941614889941,985,Tier 3: Lower Priority
720575941623972251,1,7.999999999999812,8.0,2,0.0,1.0,77.18446601941747,2.9411764705882355,3,22.431410622501367,720575941623972251,986,Tier 3: Lower Priority
720575941524021860,3,11.999999999999977,12.0,3,10.0,2.0,66.86893203883496,0.0,0,22.317233009708733,720575941524021860,987,Tier 3: Lower Priority
720575941610953446,3,11.999999999999977,12.0,3,10.0,2.0,66.86893203883496,0.0,0,22.317233009708733,720575941610953446,988,Tier 3: Lower Priority
720575941526701412,3,11.999999999999977,12.0,3,0.0,1.0,66.86893203883496,7.8431372549019605,8,22.278017323434224,720575941526701412,989,Tier 3: Lower Priority
720575941513160697,3,15.999999999999623,16.0,4,0.0,1.0,66.86893203883496,2.9411764705882355,3,22.252527127355684,720575941513160697,990,Tier 3: Lower Priority
720575941546065032,1,7.999999999999812,8.0,2,0.0,1.0,77.18446601941747,1.9607843137254901,2,22.18631258328568,720575941546065032,991,Tier 3: Lower Priority
720575941496227041,1,7.999999999999812,8.0,2,0.0,1.0,77.18446601941747,1.9607843137254901,2,22.18631258328568,720575941496227041,992,Tier 3: Lower Priority
720575941438659551,1,7.999999999999812,8.0,2,0.0,1.0,77.18446601941747,1.9607843137254901,2,22.18631258328568,720575941438659551,993,Tier 3: Lower Priority
720575941412323473,1,7.999999999999812,8.0,2,0.0,1.0,77.18446601941747,1.9607843137254901,2,22.18631258328568,720575941412323473,994,Tier 3: Lower Priority
720575941609358310,1,3.999999999999645,4.0,1,0.0,1.0,77.18446601941747,5.882352941176471,6,21.96670474014838,720575941609358310,995,Tier 3: Lower Priority
720575941621725180,1,7.999999999999812,8.0,2,0.0,1.0,77.18446601941747,0.9803921568627451,1,21.941214544069997,720575941621725180,996,Tier 3: Lower Priority
720575941438748351,1,7.999999999999812,8.0,2,0.0,1.0,77.18446601941747,0.9803921568627451,1,21.941214544069997,720575941438748351,997,Tier 3: Lower Priority
720575941402059632,1,7.999999999999812,8.0,2,0.0,1.0,77.18446601941747,0.9803921568627451,1,21.941214544069997,720575941402059632,998,Tier 3: Lower Priority
720575941667164081,1,7.999999999999812,8.0,2,0.0,1.0,77.18446601941747,0.9803921568627451,1,21.941214544069997,720575941667164081,999,Tier 3: Lower Priority
720575941533831194,1,7.999999999999812,8.0,2,0.0,1.0,77.18446601941747,0.9803921568627451,1,21.941214544069997,720575941533831194,1000,Tier 3: Lower Priority
720575941428210424,1,7.999999999999812,8.0,2,0.0,1.0,77.18446601941747,0.9803921568627451,1,21.941214544069997,720575941428210424,1001,Tier 3: Lower Priority
720575941630301125,1,7.999999999999812,8.0,2,0.0,1.0,77.18446601941747,0.9803921568627451,1,21.941214544069997,720575941630301125,1002,Tier 3: Lower Priority
720575941567639922,1,7.999999999999812,8.0,2,0.0,1.0,77.18446601941747,0.9803921568627451,1,21.941214544069997,720575941567639922,1003,Tier 3: Lower Priority
720575941546727713,1,7.999999999999812,8.0,2,0.0,1.0,77.18446601941747,0.9803921568627451,1,21.941214544069997,720575941546727713,1004,Tier 3: Lower Priority
720575941514097043,1,7.999999999999812,8.0,2,0.0,1.0,77.18446601941747,0.9803921568627451,1,21.941214544069997,720575941514097043,1005,Tier 3: Lower Priority
720575941613403100,1,7.999999999999812,8.0,2,0.0,1.0,77.18446601941747,0.9803921568627451,1,21.941214544069997,720575941613403100,1006,Tier 3: Lower Priority
720575941452315443,1,7.999999999999812,8.0,2,0.0,1.0,77.18446601941747,0.9803921568627451,1,21.941214544069997,720575941452315443,1007,Tier 3: Lower Priority
720575941514046355,1,7.999999999999812,8.0,2,0.0,1.0,77.18446601941747,0.9803921568627451,1,21.941214544069997,720575941514046355,1008,Tier 3: Lower Priority
720575941583169158,1,7.999999999999812,8.0,2,0.0,1.0,77.18446601941747,0.9803921568627451,1,21.941214544069997,720575941583169158,1009,Tier 3: Lower Priority
720575941608861929,1,3.999999999999645,4.0,1,0.0,1.0,77.18446601941747,4.901960784313726,5,21.721606700932693,720575941608861929,1010,Tier 3: Lower Priority
720575941574412943,1,7.999999999999812,8.0,2,0.0,1.0,77.18446601941747,0.0,0,21.69611650485431,720575941574412943,1011,Tier 3: Lower Priority
720575941662295352,1,7.999999999999812,8.0,2,0.0,1.0,77.18446601941747,0.0,0,21.69611650485431,720575941662295352,1012,Tier 3: Lower Priority
720575941626734630,1,7.999999999999812,8.0,2,0.0,1.0,77.18446601941747,0.0,0,21.69611650485431,720575941626734630,1013,Tier 3: Lower Priority
720575941687911663,1,7.999999999999812,8.0,2,0.0,1.0,77.18446601941747,0.0,0,21.69611650485431,720575941687911663,1014,Tier 3: Lower Priority
720575941490856880,1,7.999999999999812,8.0,2,0.0,1.0,77.18446601941747,0.0,0,21.69611650485431,720575941490856880,1015,Tier 3: Lower Priority
720575941553506020,1,7.999999999999812,8.0,2,0.0,1.0,77.18446601941747,0.0,0,21.69611650485431,720575941553506020,1016,Tier 3: Lower Priority
720575941667146417,1,7.999999999999812,8.0,2,0.0,1.0,77.18446601941747,0.0,0,21.69611650485431,720575941667146417,1017,Tier 3: Lower Priority
720575941491289033,1,7.999999999999812,8.0,2,0.0,1.0,77.18446601941747,0.0,0,21.69611650485431,720575941491289033,1018,Tier 3: Lower Priority
720575941428412809,1,7.999999999999812,8.0,2,0.0,1.0,77.18446601941747,0.0,0,21.69611650485431,720575941428412809,1019,Tier 3: Lower Priority
720575941404724848,1,7.999999999999812,8.0,2,0.0,1.0,77.18446601941747,0.0,0,21.69611650485431,720575941404724848,1020,Tier 3: Lower Priority
720575941569471390,1,7.999999999999812,8.0,2,0.0,1.0,77.18446601941747,0.0,0,21.69611650485431,720575941569471390,1021,Tier 3: Lower Priority
720575941513242202,1,7.999999999999812,8.0,2,0.0,1.0,77.18446601941747,0.0,0,21.69611650485431,720575941513242202,1022,Tier 3: Lower Priority
720575941629727270,1,7.999999999999812,8.0,2,0.0,1.0,77.18446601941747,0.0,0,21.69611650485431,720575941629727270,1023,Tier 3: Lower Priority
720575941393490326,1,7.999999999999812,8.0,2,0.0,1.0,77.18446601941747,0.0,0,21.69611650485431,720575941393490326,1024,Tier 3: Lower Priority
720575941612197734,1,7.999999999999812,8.0,2,0.0,1.0,77.18446601941747,0.0,0,21.69611650485431,720575941612197734,1025,Tier 3: Lower Priority
720575941488531662,1,7.999999999999812,8.0,2,0.0,1.0,77.18446601941747,0.0,0,21.69611650485431,720575941488531662,1026,Tier 3: Lower Priority
720575941583296902,1,7.999999999999812,8.0,2,0.0,1.0,77.18446601941747,0.0,0,21.69611650485431,720575941583296902,1027,Tier 3: Lower Priority
720575941447786574,1,7.999999999999812,8.0,2,0.0,1.0,77.18446601941747,0.0,0,21.69611650485431,720575941447786574,1028,Tier 3: Lower Priority
720575941500898795,1,7.999999999999812,8.0,2,0.0,1.0,77.18446601941747,0.0,0,21.69611650485431,720575941500898795,1029,Tier 3: Lower Priority
720575941576368744,1,7.999999999999812,8.0,2,0.0,1.0,77.18446601941747,0.0,0,21.69611650485431,720575941576368744,1030,Tier 3: Lower Priority
720575941636535413,1,7.999999999999812,8.0,2,0.0,1.0,77.18446601941747,0.0,0,21.69611650485431,720575941636535413,1031,Tier 3: Lower Priority
720575941501884610,1,7.999999999999812,8.0,2,0.0,1.0,77.18446601941747,0.0,0,21.69611650485431,720575941501884610,1032,Tier 3: Lower Priority
720575941567123444,1,7.999999999999812,8.0,2,0.0,1.0,77.18446601941747,0.0,0,21.69611650485431,720575941567123444,1033,Tier 3: Lower Priority
720575941477616864,1,7.999999999999812,8.0,2,0.0,1.0,77.18446601941747,0.0,0,21.69611650485431,720575941477616864,1034,Tier 3: Lower Priority
720575941436828639,1,7.999999999999812,8.0,2,0.0,1.0,77.18446601941747,0.0,0,21.69611650485431,720575941436828639,1035,Tier 3: Lower Priority
720575941574190331,1,7.999999999999812,8.0,2,0.0,1.0,77.18446601941747,0.0,0,21.69611650485431,720575941574190331,1036,Tier 3: Lower Priority
720575941539741788,1,7.999999999999812,8.0,2,0.0,1.0,77.18446601941747,0.0,0,21.69611650485431,720575941539741788,1037,Tier 3: Lower Priority
720575941537925106,1,7.999999999999812,8.0,2,0.0,1.0,77.18446601941747,0.0,0,21.69611650485431,720575941537925106,1038,Tier 3: Lower Priority
720575941438935131,1,7.999999999999812,8.0,2,0.0,1.0,77.18446601941747,0.0,0,21.69611650485431,720575941438935131,1039,Tier 3: Lower Priority
720575941478523983,1,7.999999999999812,8.0,2,0.0,1.0,77.18446601941747,0.0,0,21.69611650485431,720575941478523983,1040,Tier 3: Lower Priority
720575941553313434,1,7.999999999999812,8.0,2,0.0,1.0,77.18446601941747,0.0,0,21.69611650485431,720575941553313434,1041,Tier 3: Lower Priority
720575941409939055,1,7.999999999999812,8.0,2,0.0,1.0,77.18446601941747,0.0,0,21.69611650485431,720575941409939055,1042,Tier 3: Lower Priority
720575941433406752,1,7.999999999999812,8.0,2,0.0,1.0,77.18446601941747,0.0,0,21.69611650485431,720575941433406752,1043,Tier 3: Lower Priority
720575941481588934,1,7.999999999999812,8.0,2,0.0,1.0,77.18446601941747,0.0,0,21.69611650485431,720575941481588934,1044,Tier 3: Lower Priority
720575941474413873,1,7.999999999999812,8.0,2,0.0,1.0,77.18446601941747,0.0,0,21.69611650485431,720575941474413873,1045,Tier 3: Lower Priority
720575941657510992,1,7.999999999999812,8.0,2,0.0,1.0,77.18446601941747,0.0,0,21.69611650485431,720575941657510992,1046,Tier 3: Lower Priority
720575941484048390,1,7.999999999999812,8.0,2,0.0,1.0,77.18446601941747,0.0,0,21.69611650485431,720575941484048390,1047,Tier 3: Lower Priority
720575941533768474,1,7.999999999999812,8.0,2,0.0,1.0,77.18446601941747,0.0,0,21.69611650485431,720575941533768474,1048,Tier 3: Lower Priority
720575941533802266,1,7.999999999999812,8.0,2,0.0,1.0,77.18446601941747,0.0,0,21.69611650485431,720575941533802266,1049,Tier 3: Lower Priority
720575941430163982,1,7.999999999999812,8.0,2,0.0,1.0,77.18446601941747,0.0,0,21.69611650485431,720575941430163982,1050,Tier 3: Lower Priority
720575941569376250,3,15.999999999999623,16.0,4,0.0,1.0,66.86893203883496,0.0,0,21.517233009708626,720575941569376250,1051,Tier 3: Lower Priority
720575941449258106,3,15.999999999999623,16.0,4,0.0,1.0,66.86893203883496,0.0,0,21.517233009708626,720575941449258106,1052,Tier 3: Lower Priority
720575941487877328,1,3.999999999999645,4.0,1,0.0,1.0,77.18446601941747,2.9411764705882355,3,21.23141062250132,720575941487877328,1053,Tier 3: Lower Priority
720575941516777107,1,3.999999999999645,4.0,1,0.0,1.0,77.18446601941747,2.9411764705882355,3,21.23141062250132,720575941516777107,1054,Tier 3: Lower Priority
720575941507280965,3,7.999999999999812,8.0,2,10.0,2.0,66.86893203883496,0.0,0,21.117233009708684,720575941507280965,1055,Tier 3: Lower Priority
720575941663489404,3,7.999999999999812,8.0,2,10.0,2.0,66.86893203883496,0.0,0,21.117233009708684,720575941663489404,1056,Tier 3: Lower Priority
720575941587367991,3,7.999999999999812,8.0,2,10.0,2.0,66.86893203883496,0.0,0,21.117233009708684,720575941587367991,1057,Tier 3: Lower Priority
720575941589863735,3,11.999999999999977,12.0,3,0.0,1.0,66.86893203883496,2.9411764705882355,3,21.05252712735579,720575941589863735,1058,Tier 3: Lower Priority
720575941561320493,3,11.999999999999977,12.0,3,0.0,1.0,66.86893203883496,2.9411764705882355,3,21.05252712735579,720575941561320493,1059,Tier 3: Lower Priority
720575941592154582,1,3.999999999999645,4.0,1,0.0,1.0,77.18446601941747,1.9607843137254901,2,20.98631258328563,720575941592154582,1060,Tier 3: Lower Priority
720575941518419123,1,3.999999999999645,4.0,1,0.0,1.0,77.18446601941747,1.9607843137254901,2,20.98631258328563,720575941518419123,1061,Tier 3: Lower Priority
720575941566431286,1,3.999999999999645,4.0,1,0.0,1.0,77.18446601941747,1.9607843137254901,2,20.98631258328563,720575941566431286,1062,Tier 3: Lower Priority
720575941474426929,1,3.999999999999645,4.0,1,0.0,1.0,77.18446601941747,1.9607843137254901,2,20.98631258328563,720575941474426929,1063,Tier 3: Lower Priority
720575941614874325,3,11.999999999999977,12.0,3,0.0,1.0,66.86893203883496,1.9607843137254901,2,20.807429088140104,720575941614874325,1064,Tier 3: Lower Priority
720575941450576297,1,3.999999999999645,4.0,1,0.0,1.0,77.18446601941747,0.9803921568627451,1,20.741214544069948,720575941450576297,1065,Tier 3: Lower Priority
720575941496146657,1,3.999999999999645,4.0,1,0.0,1.0,77.18446601941747,0.9803921568627451,1,20.741214544069948,720575941496146657,1066,Tier 3: Lower Priority
720575941691013016,1,3.999999999999645,4.0,1,0.0,1.0,77.18446601941747,0.9803921568627451,1,20.741214544069948,720575941691013016,1067,Tier 3: Lower Priority
720575941451768391,1,3.999999999999645,4.0,1,0.0,1.0,77.18446601941747,0.9803921568627451,1,20.741214544069948,720575941451768391,1068,Tier 3: Lower Priority
720575941450008391,1,3.999999999999645,4.0,1,0.0,1.0,77.18446601941747,0.9803921568627451,1,20.741214544069948,720575941450008391,1069,Tier 3: Lower Priority
720575941617646805,1,3.999999999999645,4.0,1,0.0,1.0,77.18446601941747,0.9803921568627451,1,20.741214544069948,720575941617646805,1070,Tier 3: Lower Priority
720575941614802389,1,3.999999999999645,4.0,1,0.0,1.0,77.18446601941747,0.9803921568627451,1,20.741214544069948,720575941614802389,1071,Tier 3: Lower Priority
720575941527220920,1,3.999999999999645,4.0,1,0.0,1.0,77.18446601941747,0.9803921568627451,1,20.741214544069948,720575941527220920,1072,Tier 3: Lower Priority
720575941486560774,1,3.999999999999645,4.0,1,0.0,1.0,77.18446601941747,0.9803921568627451,1,20.741214544069948,720575941486560774,1073,Tier 3: Lower Priority
720575941485377602,1,3.999999999999645,4.0,1,0.0,1.0,77.18446601941747,0.9803921568627451,1,20.741214544069948,720575941485377602,1074,Tier 3: Lower Priority
720575941532334424,1,3.999999999999645,4.0,1,0.0,1.0,77.18446601941747,0.9803921568627451,1,20.741214544069948,720575941532334424,1075,Tier 3: Lower Priority
720575941540246909,1,3.999999999999645,4.0,1,0.0,1.0,77.18446601941747,0.9803921568627451,1,20.741214544069948,720575941540246909,1076,Tier 3: Lower Priority
720575941474786625,1,3.999999999999645,4.0,1,0.0,1.0,77.18446601941747,0.9803921568627451,1,20.741214544069948,720575941474786625,1077,Tier 3: Lower Priority
720575941665522419,1,3.999999999999645,4.0,1,0.0,1.0,77.18446601941747,0.9803921568627451,1,20.741214544069948,720575941665522419,1078,Tier 3: Lower Priority
720575941630111941,1,3.999999999999645,4.0,1,0.0,1.0,77.18446601941747,0.9803921568627451,1,20.741214544069948,720575941630111941,1079,Tier 3: Lower Priority
720575941545372296,1,3.999999999999645,4.0,1,0.0,1.0,77.18446601941747,0.9803921568627451,1,20.741214544069948,720575941545372296,1080,Tier 3: Lower Priority
720575941523994114,1,3.999999999999645,4.0,1,0.0,1.0,77.18446601941747,0.9803921568627451,1,20.741214544069948,720575941523994114,1081,Tier 3: Lower Priority
720575941641473874,3,11.999999999999977,12.0,3,0.0,1.0,66.86893203883496,0.9803921568627451,1,20.56233104892442,720575941641473874,1082,Tier 3: Lower Priority
720575941477497312,1,3.999999999999645,4.0,1,0.0,1.0,77.18446601941747,0.0,0,20.49611650485426,720575941477497312,1083,Tier 3: Lower Priority
720575941479505315,1,3.999999999999645,4.0,1,0.0,1.0,77.18446601941747,0.0,0,20.49611650485426,720575941479505315,1084,Tier 3: Lower Priority
720575941477447530,1,3.999999999999645,4.0,1,0.0,1.0,77.18446601941747,0.0,0,20.49611650485426,720575941477447530,1085,Tier 3: Lower Priority
720575941459562640,1,3.999999999999645,4.0,1,0.0,1.0,77.18446601941747,0.0,0,20.49611650485426,720575941459562640,1086,Tier 3: Lower Priority
720575941392423830,1,3.999999999999645,4.0,1,0.0,1.0,77.18446601941747,0.0,0,20.49611650485426,720575941392423830,1087,Tier 3: Lower Priority
720575941479098819,1,3.999999999999645,4.0,1,0.0,1.0,77.18446601941747,0.0,0,20.49611650485426,720575941479098819,1088,Tier 3: Lower Priority
720575941460225936,1,3.999999999999645,4.0,1,0.0,1.0,77.18446601941747,0.0,0,20.49611650485426,720575941460225936,1089,Tier 3: Lower Priority
720575941576927057,1,3.999999999999645,4.0,1,0.0,1.0,77.18446601941747,0.0,0,20.49611650485426,720575941576927057,1090,Tier 3: Lower Priority
720575941483838349,1,3.999999999999645,4.0,1,0.0,1.0,77.18446601941747,0.0,0,20.49611650485426,720575941483838349,1091,Tier 3: Lower Priority
720575941392743940,1,3.999999999999645,4.0,1,0.0,1.0,77.18446601941747,0.0,0,20.49611650485426,720575941392743940,1092,Tier 3: Lower Priority
720575941470778944,1,3.999999999999645,4.0,1,0.0,1.0,77.18446601941747,0.0,0,20.49611650485426,720575941470778944,1093,Tier 3: Lower Priority
720575941568697844,1,3.999999999999645,4.0,1,0.0,1.0,77.18446601941747,0.0,0,20.49611650485426,720575941568697844,1094,Tier 3: Lower Priority
720575941576984821,1,3.999999999999645,4.0,1,0.0,1.0,77.18446601941747,0.0,0,20.49611650485426,720575941576984821,1095,Tier 3: Lower Priority
720575941650693905,1,3.999999999999645,4.0,1,0.0,1.0,77.18446601941747,0.0,0,20.49611650485426,720575941650693905,1096,Tier 3: Lower Priority
720575941722194234,1,3.999999999999645,4.0,1,0.0,1.0,77.18446601941747,0.0,0,20.49611650485426,720575941722194234,1097,Tier 3: Lower Priority
720575941488419022,1,3.999999999999645,4.0,1,0.0,1.0,77.18446601941747,0.0,0,20.49611650485426,720575941488419022,1098,Tier 3: Lower Priority
720575941650696977,1,3.999999999999645,4.0,1,0.0,1.0,77.18446601941747,0.0,0,20.49611650485426,720575941650696977,1099,Tier 3: Lower Priority
720575941570324126,1,3.999999999999645,4.0,1,0.0,1.0,77.18446601941747,0.0,0,20.49611650485426,720575941570324126,1100,Tier 3: Lower Priority
720575941545281928,1,3.999999999999645,4.0,1,0.0,1.0,77.18446601941747,0.0,0,20.49611650485426,720575941545281928,1101,Tier 3: Lower Priority
720575941500963307,1,3.999999999999645,4.0,1,0.0,1.0,77.18446601941747,0.0,0,20.49611650485426,720575941500963307,1102,Tier 3: Lower Priority
720575941534912088,1,3.999999999999645,4.0,1,0.0,1.0,77.18446601941747,0.0,0,20.49611650485426,720575941534912088,1103,Tier 3: Lower Priority
720575941608817897,1,3.999999999999645,4.0,1,0.0,1.0,77.18446601941747,0.0,0,20.49611650485426,720575941608817897,1104,Tier 3: Lower Priority
720575941608410698,1,3.999999999999645,4.0,1,0.0,1.0,77.18446601941747,0.0,0,20.49611650485426,720575941608410698,1105,Tier 3: Lower Priority
720575941587989502,1,3.999999999999645,4.0,1,0.0,1.0,77.18446601941747,0.0,0,20.49611650485426,720575941587989502,1106,Tier 3: Lower Priority
720575941552472065,1,3.999999999999645,4.0,1,0.0,1.0,77.18446601941747,0.0,0,20.49611650485426,720575941552472065,1107,Tier 3: Lower Priority
720575941532526168,1,3.999999999999645,4.0,1,0.0,1.0,77.18446601941747,0.0,0,20.49611650485426,720575941532526168,1108,Tier 3: Lower Priority
720575941533531402,1,3.999999999999645,4.0,1,0.0,1.0,77.18446601941747,0.0,0,20.49611650485426,720575941533531402,1109,Tier 3: Lower Priority
720575941551622023,1,3.999999999999645,4.0,1,0.0,1.0,77.18446601941747,0.0,0,20.49611650485426,720575941551622023,1110,Tier 3: Lower Priority
720575941551579034,1,3.999999999999645,4.0,1,0.0,1.0,77.18446601941747,0.0,0,20.49611650485426,720575941551579034,1111,Tier 3: Lower Priority
720575941686858735,1,3.999999999999645,4.0,1,0.0,1.0,77.18446601941747,0.0,0,20.49611650485426,720575941686858735,1112,Tier 3: Lower Priority
720575941687863515,1,3.999999999999645,4.0,1,0.0,1.0,77.18446601941747,0.0,0,20.49611650485426,720575941687863515,1113,Tier 3: Lower Priority
720575941439870399,1,3.999999999999645,4.0,1,0.0,1.0,77.18446601941747,0.0,0,20.49611650485426,720575941439870399,1114,Tier 3: Lower Priority
720575941535749859,1,3.999999999999645,4.0,1,0.0,1.0,77.18446601941747,0.0,0,20.49611650485426,720575941535749859,1115,Tier 3: Lower Priority
720575941537933042,1,3.999999999999645,4.0,1,0.0,1.0,77.18446601941747,0.0,0,20.49611650485426,720575941537933042,1116,Tier 3: Lower Priority
720575941539929117,1,3.999999999999645,4.0,1,0.0,1.0,77.18446601941747,0.0,0,20.49611650485426,720575941539929117,1117,Tier 3: Lower Priority
720575941670585767,1,3.999999999999645,4.0,1,0.0,1.0,77.18446601941747,0.0,0,20.49611650485426,720575941670585767,1118,Tier 3: Lower Priority
720575941540255357,1,3.999999999999645,4.0,1,0.0,1.0,77.18446601941747,0.0,0,20.49611650485426,720575941540255357,1119,Tier 3: Lower Priority
720575941436378898,1,3.999999999999645,4.0,1,0.0,1.0,77.18446601941747,0.0,0,20.49611650485426,720575941436378898,1120,Tier 3: Lower Priority
720575941546220980,1,3.999999999999645,4.0,1,0.0,1.0,77.18446601941747,0.0,0,20.49611650485426,720575941546220980,1121,Tier 3: Lower Priority
720575941503526891,1,3.999999999999645,4.0,1,0.0,1.0,77.18446601941747,0.0,0,20.49611650485426,720575941503526891,1122,Tier 3: Lower Priority
720575941532377834,1,3.999999999999645,4.0,1,0.0,1.0,77.18446601941747,0.0,0,20.49611650485426,720575941532377834,1123,Tier 3: Lower Priority
720575941562467682,1,3.999999999999645,4.0,1,0.0,1.0,77.18446601941747,0.0,0,20.49611650485426,720575941562467682,1124,Tier 3: Lower Priority
720575941519973303,1,3.999999999999645,4.0,1,0.0,1.0,77.18446601941747,0.0,0,20.49611650485426,720575941519973303,1125,Tier 3: Lower Priority
720575941452164915,1,3.999999999999645,4.0,1,0.0,1.0,77.18446601941747,0.0,0,20.49611650485426,720575941452164915,1126,Tier 3: Lower Priority
720575941623388524,1,3.999999999999645,4.0,1,0.0,1.0,77.18446601941747,0.0,0,20.49611650485426,720575941623388524,1127,Tier 3: Lower Priority
720575941411572847,1,3.999999999999645,4.0,1,0.0,1.0,77.18446601941747,0.0,0,20.49611650485426,720575941411572847,1128,Tier 3: Lower Priority
720575941565251374,1,3.999999999999645,4.0,1,0.0,1.0,77.18446601941747,0.0,0,20.49611650485426,720575941565251374,1129,Tier 3: Lower Priority
720575941659675704,1,3.999999999999645,4.0,1,0.0,1.0,77.18446601941747,0.0,0,20.49611650485426,720575941659675704,1130,Tier 3: Lower Priority
720575941661308472,1,3.999999999999645,4.0,1,0.0,1.0,77.18446601941747,0.0,0,20.49611650485426,720575941661308472,1131,Tier 3: Lower Priority
720575941513677571,1,3.999999999999645,4.0,1,0.0,1.0,77.18446601941747,0.0,0,20.49611650485426,720575941513677571,1132,Tier 3: Lower Priority
720575941413308561,1,3.999999999999645,4.0,1,0.0,1.0,77.18446601941747,0.0,0,20.49611650485426,720575941413308561,1133,Tier 3: Lower Priority
720575941528712376,1,3.999999999999645,4.0,1,0.0,1.0,77.18446601941747,0.0,0,20.49611650485426,720575941528712376,1134,Tier 3: Lower Priority
720575941642638792,1,3.999999999999645,4.0,1,0.0,1.0,77.18446601941747,0.0,0,20.49611650485426,720575941642638792,1135,Tier 3: Lower Priority
720575941449886791,1,3.999999999999645,4.0,1,0.0,1.0,77.18446601941747,0.0,0,20.49611650485426,720575941449886791,1136,Tier 3: Lower Priority
720575941523983618,1,3.999999999999645,4.0,1,0.0,1.0,77.18446601941747,0.0,0,20.49611650485426,720575941523983618,1137,Tier 3: Lower Priority
720575941688187032,1,3.999999999999645,4.0,1,0.0,1.0,77.18446601941747,0.0,0,20.49611650485426,720575941688187032,1138,Tier 3: Lower Priority
720575941688135064,1,3.999999999999645,4.0,1,0.0,1.0,77.18446601941747,0.0,0,20.49611650485426,720575941688135064,1139,Tier 3: Lower Priority
720575941524187492,1,3.999999999999645,4.0,1,0.0,1.0,77.18446601941747,0.0,0,20.49611650485426,720575941524187492,1140,Tier 3: Lower Priority
720575941557878287,1,3.999999999999645,4.0,1,0.0,1.0,77.18446601941747,0.0,0,20.49611650485426,720575941557878287,1141,Tier 3: Lower Priority
720575941557556974,1,3.999999999999645,4.0,1,0.0,1.0,77.18446601941747,0.0,0,20.49611650485426,720575941557556974,1142,Tier 3: Lower Priority
720575941447808334,1,3.999999999999645,4.0,1,0.0,1.0,77.18446601941747,0.0,0,20.49611650485426,720575941447808334,1143,Tier 3: Lower Priority
720575941533866506,3,11.999999999999977,12.0,3,0.0,1.0,66.86893203883496,0.0,0,20.317233009708733,720575941533866506,1144,Tier 3: Lower Priority
720575941431099567,3,11.999999999999977,12.0,3,0.0,1.0,66.86893203883496,0.0,0,20.317233009708733,720575941431099567,1145,Tier 3: Lower Priority
720575941474459707,3,11.999999999999977,12.0,3,0.0,1.0,66.86893203883496,0.0,0,20.317233009708733,720575941474459707,1146,Tier 3: Lower Priority
720575941557884687,3,11.999999999999977,12.0,3,0.0,1.0,66.86893203883496,0.0,0,20.317233009708733,720575941557884687,1147,Tier 3: Lower Priority
720575941542432092,3,11.999999999999977,12.0,3,0.0,1.0,66.86893203883496,0.0,0,20.317233009708733,720575941542432092,1148,Tier 3: Lower Priority
720575941587178295,3,11.999999999999977,12.0,3,0.0,1.0,66.86893203883496,0.0,0,20.317233009708733,720575941587178295,1149,Tier 3: Lower Priority
720575941575397263,3,3.999999999999645,4.0,1,0.0,1.0,66.86893203883496,7.8431372549019605,8,19.878017323434122,720575941575397263,1150,Tier 3: Lower Priority
720575941437525589,3,7.999999999999812,8.0,2,0.0,1.0,66.86893203883496,2.9411764705882355,3,19.852527127355742,720575941437525589,1151,Tier 3: Lower Priority
720575941527099981,3,7.999999999999812,8.0,2,0.0,1.0,66.86893203883496,2.9411764705882355,3,19.852527127355742,720575941527099981,1152,Tier 3: Lower Priority
720575941461076493,3,7.999999999999812,8.0,2,0.0,1.0,66.86893203883496,2.9411764705882355,3,19.852527127355742,720575941461076493,1153,Tier 3: Lower Priority
720575941549394687,3,7.999999999999812,8.0,2,0.0,1.0,66.86893203883496,1.9607843137254901,2,19.607429088140055,720575941549394687,1154,Tier 3: Lower Priority
720575941431311575,3,7.999999999999812,8.0,2,0.0,1.0,66.86893203883496,1.9607843137254901,2,19.607429088140055,720575941431311575,1155,Tier 3: Lower Priority
720575941478488143,3,7.999999999999812,8.0,2,0.0,1.0,66.86893203883496,0.9803921568627451,1,19.36233104892437,720575941478488143,1156,Tier 3: Lower Priority
720575941720432186,3,7.999999999999812,8.0,2,0.0,1.0,66.86893203883496,0.9803921568627451,1,19.36233104892437,720575941720432186,1157,Tier 3: Lower Priority
720575941553479140,3,7.999999999999812,8.0,2,0.0,1.0,66.86893203883496,0.9803921568627451,1,19.36233104892437,720575941553479140,1158,Tier 3: Lower Priority
720575941608350794,3,7.999999999999812,8.0,2,0.0,1.0,66.86893203883496,0.9803921568627451,1,19.36233104892437,720575941608350794,1159,Tier 3: Lower Priority
720575941504563781,3,3.999999999999645,4.0,1,0.0,1.0,66.86893203883496,4.901960784313726,5,19.142723205787064,720575941504563781,1160,Tier 3: Lower Priority
720575941619071871,3,7.999999999999812,8.0,2,0.0,1.0,66.86893203883496,0.0,0,19.117233009708684,720575941619071871,1161,Tier 3: Lower Priority
720575941559096302,3,7.999999999999812,8.0,2,0.0,1.0,66.86893203883496,0.0,0,19.117233009708684,720575941559096302,1162,Tier 3: Lower Priority
720575941556251556,3,7.999999999999812,8.0,2,0.0,1.0,66.86893203883496,0.0,0,19.117233009708684,720575941556251556,1163,Tier 3: Lower Priority
720575941641574994,3,7.999999999999812,8.0,2,0.0,1.0,66.86893203883496,0.0,0,19.117233009708684,720575941641574994,1164,Tier 3: Lower Priority
720575941586441950,3,7.999999999999812,8.0,2,0.0,1.0,66.86893203883496,0.0,0,19.117233009708684,720575941586441950,1165,Tier 3: Lower Priority
720575941532432618,3,7.999999999999812,8.0,2,0.0,1.0,66.86893203883496,0.0,0,19.117233009708684,720575941532432618,1166,Tier 3: Lower Priority
720575941451662663,3,7.999999999999812,8.0,2,0.0,1.0,66.86893203883496,0.0,0,19.117233009708684,720575941451662663,1167,Tier 3: Lower Priority
720575941553430355,3,7.999999999999812,8.0,2,0.0,1.0,66.86893203883496,0.0,0,19.117233009708684,720575941553430355,1168,Tier 3: Lower Priority
720575941547341684,3,7.999999999999812,8.0,2,0.0,1.0,66.86893203883496,0.0,0,19.117233009708684,720575941547341684,1169,Tier 3: Lower Priority
720575941545286792,3,7.999999999999812,8.0,2,0.0,1.0,66.86893203883496,0.0,0,19.117233009708684,720575941545286792,1170,Tier 3: Lower Priority
720575941589857790,3,7.999999999999812,8.0,2,0.0,1.0,66.86893203883496,0.0,0,19.117233009708684,720575941589857790,1171,Tier 3: Lower Priority
720575941451814215,3,7.999999999999812,8.0,2,0.0,1.0,66.86893203883496,0.0,0,19.117233009708684,720575941451814215,1172,Tier 3: Lower Priority
720575941505105212,3,7.999999999999812,8.0,2,0.0,1.0,66.86893203883496,0.0,0,19.117233009708684,720575941505105212,1173,Tier 3: Lower Priority
720575941604953453,3,7.999999999999812,8.0,2,0.0,1.0,66.86893203883496,0.0,0,19.117233009708684,720575941604953453,1174,Tier 3: Lower Priority
720575941551384091,3,7.999999999999812,8.0,2,0.0,1.0,66.86893203883496,0.0,0,19.117233009708684,720575941551384091,1175,Tier 3: Lower Priority
720575941566753274,3,7.999999999999812,8.0,2,0.0,1.0,66.86893203883496,0.0,0,19.117233009708684,720575941566753274,1176,Tier 3: Lower Priority
720575941474394673,3,7.999999999999812,8.0,2,0.0,1.0,66.86893203883496,0.0,0,19.117233009708684,720575941474394673,1177,Tier 3: Lower Priority
720575941473315643,3,7.999999999999812,8.0,2,0.0,1.0,66.86893203883496,0.0,0,19.117233009708684,720575941473315643,1178,Tier 3: Lower Priority
720575941573233403,3,7.999999999999812,8.0,2,0.0,1.0,66.86893203883496,0.0,0,19.117233009708684,720575941573233403,1179,Tier 3: Lower Priority
720575941595664165,3,7.999999999999812,8.0,2,0.0,1.0,66.86893203883496,0.0,0,19.117233009708684,720575941595664165,1180,Tier 3: Lower Priority
720575941497887817,3,7.999999999999812,8.0,2,0.0,1.0,66.86893203883496,0.0,0,19.117233009708684,720575941497887817,1181,Tier 3: Lower Priority
720575941569639326,3,7.999999999999812,8.0,2,0.0,1.0,66.86893203883496,0.0,0,19.117233009708684,720575941569639326,1182,Tier 3: Lower Priority
720575941629131490,3,7.999999999999812,8.0,2,0.0,1.0,66.86893203883496,0.0,0,19.117233009708684,720575941629131490,1183,Tier 3: Lower Priority
720575941542282245,3,7.999999999999812,8.0,2,0.0,1.0,66.86893203883496,0.0,0,19.117233009708684,720575941542282245,1184,Tier 3: Lower Priority
720575941468245879,3,7.999999999999812,8.0,2,0.0,1.0,66.86893203883496,0.0,0,19.117233009708684,720575941468245879,1185,Tier 3: Lower Priority
720575941544696756,3,7.999999999999812,8.0,2,0.0,1.0,66.86893203883496,0.0,0,19.117233009708684,720575941544696756,1186,Tier 3: Lower Priority
720575941490160590,3,7.999999999999812,8.0,2,0.0,1.0,66.86893203883496,0.0,0,19.117233009708684,720575941490160590,1187,Tier 3: Lower Priority
720575941479863491,3,7.999999999999812,8.0,2,0.0,1.0,66.86893203883496,0.0,0,19.117233009708684,720575941479863491,1188,Tier 3: Lower Priority
720575941535181283,3,7.999999999999812,8.0,2,0.0,1.0,66.86893203883496,0.0,0,19.117233009708684,720575941535181283,1189,Tier 3: Lower Priority
720575941449617230,3,3.999999999999645,4.0,1,0.0,1.0,66.86893203883496,2.9411764705882355,3,18.65252712735569,720575941449617230,1190,Tier 3: Lower Priority
720575941526764388,3,3.999999999999645,4.0,1,0.0,1.0,66.86893203883496,1.9607843137254901,2,18.407429088140002,720575941526764388,1191,Tier 3: Lower Priority
720575941351927600,3,3.999999999999645,4.0,1,0.0,1.0,66.86893203883496,0.9803921568627451,1,18.16233104892432,720575941351927600,1192,Tier 3: Lower Priority
720575941529753476,3,3.999999999999645,4.0,1,0.0,1.0,66.86893203883496,0.9803921568627451,1,18.16233104892432,720575941529753476,1193,Tier 3: Lower Priority
720575941684748271,3,3.999999999999645,4.0,1,0.0,1.0,66.86893203883496,0.9803921568627451,1,18.16233104892432,720575941684748271,1194,Tier 3: Lower Priority
720575941520064435,3,3.999999999999645,4.0,1,0.0,1.0,66.86893203883496,0.9803921568627451,1,18.16233104892432,720575941520064435,1195,Tier 3: Lower Priority
720575941513254905,3,3.999999999999645,4.0,1,0.0,1.0,66.86893203883496,0.9803921568627451,1,18.16233104892432,720575941513254905,1196,Tier 3: Lower Priority
720575941496318793,3,3.999999999999645,4.0,1,0.0,1.0,66.86893203883496,0.9803921568627451,1,18.16233104892432,720575941496318793,1197,Tier 3: Lower Priority
720575941546689825,3,3.999999999999645,4.0,1,0.0,1.0,66.86893203883496,0.0,0,17.91723300970863,720575941546689825,1198,Tier 3: Lower Priority
720575941435653164,3,3.999999999999645,4.0,1,0.0,1.0,66.86893203883496,0.0,0,17.91723300970863,720575941435653164,1199,Tier 3: Lower Priority
720575941544606388,3,3.999999999999645,4.0,1,0.0,1.0,66.86893203883496,0.0,0,17.91723300970863,720575941544606388,1200,Tier 3: Lower Priority
720575941642447973,3,3.999999999999645,4.0,1,0.0,1.0,66.86893203883496,0.0,0,17.91723300970863,720575941642447973,1201,Tier 3: Lower Priority
720575941551996159,3,3.999999999999645,4.0,1,0.0,1.0,66.86893203883496,0.0,0,17.91723300970863,720575941551996159,1202,Tier 3: Lower Priority
720575941562055080,3,3.999999999999645,4.0,1,0.0,1.0,66.86893203883496,0.0,0,17.91723300970863,720575941562055080,1203,Tier 3: Lower Priority
720575941680340157,3,3.999999999999645,4.0,1,0.0,1.0,66.86893203883496,0.0,0,17.91723300970863,720575941680340157,1204,Tier 3: Lower Priority
720575941563206400,3,3.999999999999645,4.0,1,0.0,1.0,66.86893203883496,0.0,0,17.91723300970863,720575941563206400,1205,Tier 3: Lower Priority
720575941564098567,3,3.999999999999645,4.0,1,0.0,1.0,66.86893203883496,0.0,0,17.91723300970863,720575941564098567,1206,Tier 3: Lower Priority
720575941581672569,3,3.999999999999645,4.0,1,0.0,1.0,66.86893203883496,0.0,0,17.91723300970863,720575941581672569,1207,Tier 3: Lower Priority
720575941565290286,3,3.999999999999645,4.0,1,0.0,1.0,66.86893203883496,0.0,0,17.91723300970863,720575941565290286,1208,Tier 3: Lower Priority
720575941566777338,3,3.999999999999645,4.0,1,0.0,1.0,66.86893203883496,0.0,0,17.91723300970863,720575941566777338,1209,Tier 3: Lower Priority
720575941567139630,3,3.999999999999645,4.0,1,0.0,1.0,66.86893203883496,0.0,0,17.91723300970863,720575941567139630,1210,Tier 3: Lower Priority
720575941568553586,3,3.999999999999645,4.0,1,0.0,1.0,66.86893203883496,0.0,0,17.91723300970863,720575941568553586,1211,Tier 3: Lower Priority
720575941568555634,3,3.999999999999645,4.0,1,0.0,1.0,66.86893203883496,0.0,0,17.91723300970863,720575941568555634,1212,Tier 3: Lower Priority
720575941578722641,3,3.999999999999645,4.0,1,0.0,1.0,66.86893203883496,0.0,0,17.91723300970863,720575941578722641,1213,Tier 3: Lower Priority
720575941569613470,3,3.999999999999645,4.0,1,0.0,1.0,66.86893203883496,0.0,0,17.91723300970863,720575941569613470,1214,Tier 3: Lower Priority
720575941571423240,3,3.999999999999645,4.0,1,0.0,1.0,66.86893203883496,0.0,0,17.91723300970863,720575941571423240,1215,Tier 3: Lower Priority
720575941571975496,3,3.999999999999645,4.0,1,0.0,1.0,66.86893203883496,0.0,0,17.91723300970863,720575941571975496,1216,Tier 3: Lower Priority
720575941688628342,3,3.999999999999645,4.0,1,0.0,1.0,66.86893203883496,0.0,0,17.91723300970863,720575941688628342,1217,Tier 3: Lower Priority
720575941531288523,3,3.999999999999645,4.0,1,0.0,1.0,66.86893203883496,0.0,0,17.91723300970863,720575941531288523,1218,Tier 3: Lower Priority
720575941543893353,3,3.999999999999645,4.0,1,0.0,1.0,66.86893203883496,0.0,0,17.91723300970863,720575941543893353,1219,Tier 3: Lower Priority
720575941505457954,3,3.999999999999645,4.0,1,0.0,1.0,66.86893203883496,0.0,0,17.91723300970863,720575941505457954,1220,Tier 3: Lower Priority
720575941623353755,3,3.999999999999645,4.0,1,0.0,1.0,66.86893203883496,0.0,0,17.91723300970863,720575941623353755,1221,Tier 3: Lower Priority
720575941456340895,3,3.999999999999645,4.0,1,0.0,1.0,66.86893203883496,0.0,0,17.91723300970863,720575941456340895,1222,Tier 3: Lower Priority
720575941457686512,3,3.999999999999645,4.0,1,0.0,1.0,66.86893203883496,0.0,0,17.91723300970863,720575941457686512,1223,Tier 3: Lower Priority
720575941458789958,3,3.999999999999645,4.0,1,0.0,1.0,66.86893203883496,0.0,0,17.91723300970863,720575941458789958,1224,Tier 3: Lower Priority
720575941460225168,3,3.999999999999645,4.0,1,0.0,1.0,66.86893203883496,0.0,0,17.91723300970863,720575941460225168,1225,Tier 3: Lower Priority
720575941464777814,3,3.999999999999645,4.0,1,0.0,1.0,66.86893203883496,0.0,0,17.91723300970863,720575941464777814,1226,Tier 3: Lower Priority
720575941464839446,3,3.999999999999645,4.0,1,0.0,1.0,66.86893203883496,0.0,0,17.91723300970863,720575941464839446,1227,Tier 3: Lower Priority
720575941628617186,3,3.999999999999645,4.0,1,0.0,1.0,66.86893203883496,0.0,0,17.91723300970863,720575941628617186,1228,Tier 3: Lower Priority
720575941650798609,3,3.999999999999645,4.0,1,0.0,1.0,66.86893203883496,0.0,0,17.91723300970863,720575941650798609,1229,Tier 3: Lower Priority
720575941489037031,3,3.999999999999645,4.0,1,0.0,1.0,66.86893203883496,0.0,0,17.91723300970863,720575941489037031,1230,Tier 3: Lower Priority
720575941488156361,3,3.999999999999645,4.0,1,0.0,1.0,66.86893203883496,0.0,0,17.91723300970863,720575941488156361,1231,Tier 3: Lower Priority
720575941485775110,3,3.999999999999645,4.0,1,0.0,1.0,66.86893203883496,0.0,0,17.91723300970863,720575941485775110,1232,Tier 3: Lower Priority
720575941485316493,3,3.999999999999645,4.0,1,0.0,1.0,66.86893203883496,0.0,0,17.91723300970863,720575941485316493,1233,Tier 3: Lower Priority
720575941484086534,3,3.999999999999645,4.0,1,0.0,1.0,66.86893203883496,0.0,0,17.91723300970863,720575941484086534,1234,Tier 3: Lower Priority
720575941632722875,3,3.999999999999645,4.0,1,0.0,1.0,66.86893203883496,0.0,0,17.91723300970863,720575941632722875,1235,Tier 3: Lower Priority
720575941505159484,3,3.999999999999645,4.0,1,0.0,1.0,66.86893203883496,0.0,0,17.91723300970863,720575941505159484,1236,Tier 3: Lower Priority
720575941505987713,3,3.999999999999645,4.0,1,0.0,1.0,66.86893203883496,0.0,0,17.91723300970863,720575941505987713,1237,Tier 3: Lower Priority
720575941542286085,3,3.999999999999645,4.0,1,0.0,1.0,66.86893203883496,0.0,0,17.91723300970863,720575941542286085,1238,Tier 3: Lower Priority
720575941511201868,3,3.999999999999645,4.0,1,0.0,1.0,66.86893203883496,0.0,0,17.91723300970863,720575941511201868,1239,Tier 3: Lower Priority
720575941595969984,3,3.999999999999645,4.0,1,0.0,1.0,66.86893203883496,0.0,0,17.91723300970863,720575941595969984,1240,Tier 3: Lower Priority
720575941539037170,3,3.999999999999645,4.0,1,0.0,1.0,66.86893203883496,0.0,0,17.91723300970863,720575941539037170,1241,Tier 3: Lower Priority
720575941536906389,3,3.999999999999645,4.0,1,0.0,1.0,66.86893203883496,0.0,0,17.91723300970863,720575941536906389,1242,Tier 3: Lower Priority
720575941442379178,3,3.999999999999645,4.0,1,0.0,1.0,66.86893203883496,0.0,0,17.91723300970863,720575941442379178,1243,Tier 3: Lower Priority
720575941532384387,3,3.999999999999645,4.0,1,0.0,1.0,66.86893203883496,0.0,0,17.91723300970863,720575941532384387,1244,Tier 3: Lower Priority
720575941609413862,3,3.999999999999645,4.0,1,0.0,1.0,66.86893203883496,0.0,0,17.91723300970863,720575941609413862,1245,Tier 3: Lower Priority
720575941530787203,3,3.999999999999645,4.0,1,0.0,1.0,66.86893203883496,0.0,0,17.91723300970863,720575941530787203,1246,Tier 3: Lower Priority
720575941530751363,3,3.999999999999645,4.0,1,0.0,1.0,66.86893203883496,0.0,0,17.91723300970863,720575941530751363,1247,Tier 3: Lower Priority
720575941530265035,3,3.999999999999645,4.0,1,0.0,1.0,66.86893203883496,0.0,0,17.91723300970863,720575941530265035,1248,Tier 3: Lower Priority
720575941524185419,3,3.999999999999645,4.0,1,0.0,1.0,66.86893203883496,0.0,0,17.91723300970863,720575941524185419,1249,Tier 3: Lower Priority
720575941521508939,3,3.999999999999645,4.0,1,0.0,1.0,66.86893203883496,0.0,0,17.91723300970863,720575941521508939,1250,Tier 3: Lower Priority
720575941516572632,3,3.999999999999645,4.0,1,0.0,1.0,66.86893203883496,0.0,0,17.91723300970863,720575941516572632,1251,Tier 3: Lower Priority
720575941513167609,3,3.999999999999645,4.0,1,0.0,1.0,66.86893203883496,0.0,0,17.91723300970863,720575941513167609,1252,Tier 3: Lower Priority
720575941450080071,3,3.999999999999645,4.0,1,0.0,1.0,66.86893203883496,0.0,0,17.91723300970863,720575941450080071,1253,Tier 3: Lower Priority
720575941512451907,3,3.999999999999645,4.0,1,0.0,1.0,66.86893203883496,0.0,0,17.91723300970863,720575941512451907,1254,Tier 3: Lower Priority
720575941350374960,3,3.999999999999645,4.0,1,0.0,1.0,66.86893203883496,0.0,0,17.91723300970863,720575941350374960,1255,Tier 3: Lower Priority
