interneuron_id,neuron_name,cluster,function,is_hub,degree_centrality,betweenness_centrality,n_target_mns,total_synapses,avg_shrec,max_shrec,hub_score,cluster_score,shrec_score_norm,connectivity_score,composite_score,rank
720575941564147346,IN19B043,1,power_control,True,0.35149156939040205,0.010441781495660338,34,900,1.4206216282782969,6.199460916442049,55.09920048900602,100,39.25076670976927,100.0,71.34245182414412,1
720575941669049587,IN19B043,1,power_control,True,0.35149156939040205,0.010441781495660338,32,893,1.5515713935500042,5.8212058212058215,55.09920048900602,100,38.73697047238475,94.11764705882352,70.03753217656269,2
720575941516099500,IN19B043,1,power_control,True,0.3463035019455253,0.01012237534496062,29,646,0.9712119669213785,2.4258760107816713,54.18528373369839,100,18.94876759671056,85.29411764705883,63.051600548698914,3
720575941594160421,IN19B043,1,power_control,True,0.3463035019455253,0.010029843825684746,26,644,0.9442733405678578,2.1627774615822424,54.128939585369054,100,17.571275127410978,76.47058823529412,60.92561830452229,4
720575941554049307,IN19B043,1,power_control,True,0.3411154345006485,0.009745536225229006,25,732,1.0484286066183612,2.11733568592854,53.23639498450747,100,18.273835762778255,73.52941176470588,60.24525978898798,5
720575941518434227,IN19B043,1,power_control,True,0.32814526588845655,0.007994912440858419,23,709,1.2555624769763778,3.118503118503119,50.37184673035967,100,24.419917508805174,67.64705882352942,59.74594516101508,6
720575941402032240,IN19B043,1,power_control,True,0.3372243839169909,0.009241001737349206,23,505,0.9953368854866771,2.142161635832522,52.389606286110215,100,17.92294860215471,67.64705882352942,58.727030801077625,7
720575941515619939,IN19B043,1,power_control,True,0.33981841763942927,0.00859407270195467,22,420,0.9246052873127933,2.4691358024691357,52.35539149757531,100,18.734132814328284,64.70588235294117,58.331327123442904,8
720575941524114276,IN06B013,5,steering_control,True,0.35797665369649806,0.08211280320986335,12,482,0.6945546946534308,0.9589041095890412,99.64028776978418,75,10.175211204155488,35.294117647058826,58.2447126613859,9
720575941562464866,IN11B013,3,power_control,True,0.19844357976653695,0.0013359131265106405,12,351,3.4650838813767533,8.768971332209107,28.33144774791863,100,68.10103306525089,35.294117647058826,57.58351612010007,10
720575941637958687,IN19B067,1,power_control,True,0.32555123216601817,0.00895981549927198,23,550,0.82692409898265,1.259964001028542,50.59968176481795,100,12.629146865726334,67.64705882352942,56.86660301058285,11
720575941511393233,IN06B013,5,steering_control,True,0.36057068741893644,0.08099217173877217,9,391,0.774374312492213,1.0729938038385975,99.31762683328014,75,11.36149312562707,26.47058823529412,56.67977897844963,12
720575941632673516,IN11B013,3,power_control,True,0.2464332036316472,0.003223307107944335,14,453,2.588113745822419,6.2983425414364635,36.13539300495667,100,49.77213730712775,41.17647058823529,56.51894634591599,13
720575941703124698,IN19B040,1,power_control,True,0.3138780804150454,0.007236052829824347,19,305,1.2582682369509512,2.8455284552845526,47.9313458539623,100,23.255687595411086,55.88235294117647,56.36979624327675,14
720575941486089538,IN11B013,3,power_control,True,0.22308690012970167,0.002216304963403423,10,414,3.7239981496293724,7.0588235294117645,32.28480075850775,100,62.8986947367177,29.411764705882355,56.29246685290823,15
720575941505835137,IN11B013,3,power_control,True,0.23476005188067445,0.002574023514056015,15,403,2.574144645065231,6.097560975609756,34.12132721615078,100,48.77786575568953,44.11764705882353,56.25439401553233,16
720575941407795118,IN19B067,1,power_control,True,0.33073929961089493,0.0082556369156864,21,467,0.8613350062694666,1.6176470588235297,50.890318900947776,100,14.482729726653806,61.76470588235294,56.240719278418375,17
720575941484663558,IN19B067,1,power_control,True,0.3125810635538262,0.007658045222037216,23,275,0.6410512330050373,1.2658227848101267,48.00844868783482,100,11.0480517131039,67.64705882352942,55.6939592993323,18
720575941571427323,IN11B013,3,power_control,True,0.20233463035019456,0.0015373439962516598,14,323,2.7910791844333147,6.4449064449064455,28.9936710641281,100,52.164109091475915,41.17647058823529,54.97442270975447,19
720575941477897346,IN19B040,1,power_control,True,0.2853437094682231,0.00544735174623962,18,359,1.2899033835823412,3.3823529411764706,42.88533824889868,100,25.864659818202348,52.94117647058824,54.92000172333783,20
720575941618008447,IN19B067,1,power_control,True,0.31906614785992216,0.007604968985446601,20,431,0.692985327433507,1.1689457432730481,48.875410164210905,100,11.075463938693856,58.82352941176471,54.19619491628968,21
720575941489819081,IN11B013,3,power_control,True,0.18028534370946822,0.0012690875578206954,10,428,3.555418679399112,6.961325966850829,25.772770815397188,100,61.01740713594174,29.411764705882355,53.868535969781064,22
720575941612696934,IN19B040,3,power_control,True,0.2827496757457847,0.004703120243294502,18,185,0.9907941756495455,1.911764705882353,42.07244973322405,100,16.881307618089906,52.94117647058824,52.43029711860734,23
720575941561308818,IN19B043,1,power_control,True,0.29961089494163423,0.006154939535746868,16,413,0.8720748943722916,1.5792442188381277,45.294618767737575,100,14.408482228123152,47.05882352941176,51.60227089323441,24
720575941460235152,IN19B043,1,power_control,True,0.3009079118028534,0.006021118408883865,16,403,0.8871992358272368,1.4777238641376267,45.392988731093375,100,14.097529401983572,47.05882352941176,51.55404367570626,25
720575941439197269,IN12A052,3,power_control,True,0.2607003891050583,0.0037546026835496883,16,151,0.979824560837931,1.911764705882353,38.437325943996505,100,16.786492192176013,47.05882352941176,50.139585537125306,26
720575941408509867,IN18B034,1,power_control,True,0.29182879377431903,0.006167708716765589,16,272,0.623188412222086,0.9485094850948509,44.223257466870706,100,9.513136236328036,47.05882352941176,50.05702600502557,27
720575941611056714,IN12A052,3,power_control,True,0.25940337224383914,0.0036590017218646425,15,114,0.8906287942355632,2.006172839506173,38.19925664047709,100,16.42626884415267,44.11764705882353,49.389873614946,28
720575941519213016,IN01A020,1,power_control,True,0.26588845654993515,0.004057478586210045,16,457,0.8107420936793612,1.1804384485666104,39.341177126462156,100,12.143290558354607,47.05882352941176,49.24994048340965,29
720575941512896099,IN01A020,1,power_control,True,0.23865110246433202,0.00307553278663376,16,520,0.79372253905591,1.4997794441993826,34.96627380516692,100,13.38552341547068,47.05882352941176,48.2480277013001,30
720575941447887636,IN12A052,3,power_control,True,0.25940337224383914,0.0036590017218646425,14,100,0.750231089501166,1.5432098765432098,38.19925664047709,100,13.198557396847487,41.17647058823529,47.99471045900206,31
720575941671138727,IN13A013,5,steering_control,True,0.2814526588845655,0.018959500694924872,15,438,0.983583131840198,2.591549295774648,50.57356655676616,75,19.776483634570432,44.11764705882353,47.68972028743717,32
720575941477553376,IN19B067,1,power_control,True,0.2723735408560311,0.0053105548468717935,14,212,0.5203387800862688,0.9306260575296108,41.003478943317255,100,8.546355041102581,41.17647058823529,47.67292656091788,33
720575941517770412,IN18B034,1,power_control,True,0.2723735408560311,0.005226923460014435,11,215,0.763862103114911,1.6172506738544474,40.95255424973225,100,13.638502063370748,32.35294117647059,47.165980026056474,34
720575941581685113,IN19B075,1,power_control,True,0.2736705577172503,0.0030786725723911407,12,273,0.6217358664418008,1.0388679921189323,39.82430078652458,100,9.893699395010513,35.294117647058826,46.47953861412177,35
720575941528944568,IN06A002,4,steering_control,True,0.09597924773022048,0.0013889310815535668,6,291,3.2700592537770294,11.492537313432836,14.155098264847853,75,78.26462608169723,17.647058823529413,46.09209776458455,36
720575941652536593,IN19B067,1,power_control,True,0.2490272373540856,0.003448446997807659,13,245,0.5841053989249486,1.0395010395010396,36.63219706559504,100,9.571196124604764,38.23529411764706,46.02951697435911,37
720575941576958197,IN12A052,3,power_control,True,0.23476005188067445,0.002851684260152814,11,75,0.8156935949061268,1.8867924528301887,34.29039996439636,100,15.259187250708164,32.35294117647059,45.572505037290064,38
720575941456348575,IN18B020,5,steering_control,True,0.23605706874189364,0.05459569823312303,6,191,0.8386220716895124,1.4925373134328357,65.97814032547456,75,13.742102754502131,17.647058823529413,45.508379550973785,39
720575941595757724,IN12A052,3,power_control,True,0.2438391699092088,0.003139211916774272,11,69,0.752799962897982,1.3888888888888888,35.72447366215747,100,12.549364846351311,32.35294117647059,45.32527154552919,40
720575941551389979,IN19B043,1,power_control,True,0.2464332036316472,0.003729800863711372,11,233,0.6398290541235206,1.2195121951219512,36.44380639237479,100,10.836006721976755,32.35294117647059,45.11273183350074,41
720575941623108298,IN13A013,5,steering_control,True,0.2477302204928664,0.011963942374704623,14,539,1.233829909962519,2.4133663366336635,41.63758310762863,75,21.164270054798216,41.17647058823529,44.7676365636352,42
720575941449835898,IN19B075,1,power_control,True,0.2619974059662776,0.0032296148558744048,9,179,0.7361569666515021,1.0802469135802468,38.29750729027847,100,11.062718765959508,26.47058823529412,44.54904952563224,43
720575941431075503,IN19B031,3,power_control,True,0.23865110246433202,0.0024469552228919373,11,70,0.6729560079064303,1.078167115902965,34.583521335898936,100,10.507395342004095,32.35294117647059,44.47249347156482,44
720575941489677001,IN11B013,3,power_control,True,0.15953307392996108,0.0006831712022392594,8,201,1.817990210582133,3.4254143646408837,22.53829770070616,100,30.61650229337117,23.52941176470588,44.12149723649581,45
720575941611080010,IN06A002,4,steering_control,True,0.09597924773022048,0.0013889310815535668,5,310,2.9213025780189956,10.606060606060606,14.155098264847853,75,71.39341242318588,14.705882352941178,43.78605905583906,46
720575941470536715,IN11B013,3,power_control,True,0.16601815823605706,0.0007457172006554526,10,132,1.2602813190029785,2.7777777777777777,23.47566368800322,100,22.978328148333716,29.411764705882355,43.66963408466086,47
720575941438440236,IN03B078,3,power_control,True,0.1815823605706874,0.01646283086574594,7,66,0.9791081195846126,1.6975308641975309,35.20437739692943,100,15.848243336707878,20.588235294117645,43.64102111207932,48
720575941729958699,IN06A033,5,steering_control,True,0.21141374837872892,0.029776498991734946,9,459,1.1327582770088371,2.3088023088023086,47.44800606476012,75,19.83574002697187,26.47058823529412,43.23745447322983,49
720575941435993888,IN12A052,3,power_control,True,0.22827496757457846,0.0020444843113535914,10,63,0.6031957617319843,0.9282178217821782,32.89960045560579,100,9.25204865139513,29.411764705882355,43.06524524070699,50
720575941511275986,IN19B008,5,steering_control,True,0.2153047989623865,0.01775368305571239,12,771,1.1539015259687242,2.3489389275878825,40.66666009097656,75,20.193111206299175,35.294117647058826,43.05709935827953,51
720575941610618982,IN06B066,1,power_control,True,0.20103761348897534,0.0016151786378651221,11,177,0.6795982914451622,1.078167115902965,28.861209897536636,100,10.564807653519253,32.35294117647059,42.770153117934925,52
720575941575681718,IN19B008,5,steering_control,True,0.1867704280155642,0.014525935025987306,13,880,1.2424404117533652,2.517235850569184,34.744390264988375,75,21.690594415236532,38.23529411764706,42.24302450683506,53
720575941567030516,IN07B077,1,power_control,True,0.17380025940337224,0.03086119468814464,3,42,0.5515249534736641,0.6815968841285297,42.89266993750637,100,7.732472869147696,8.823529411764707,41.56562508089178,54
720575941415476252,IN06B052,1,power_control,True,0.19325551232166016,0.0011033982112724767,10,180,0.6368940553351494,0.764379896808714,27.470440668121334,100,8.830517139481067,29.411764705882355,41.33111442648313,55
720575941543397737,IN06B066,1,power_control,True,0.1815823605706874,0.0012119743240166887,8,273,1.030868743830025,1.4418516410548283,25.91784962929786,100,15.183263571439817,23.52941176470588,41.27705313459049,56
720575941528729784,IN17A069,1,power_control,True,0.13878080415045396,0.02070700670359889,6,178,0.6771106049738767,0.910643141718839,31.853482526852208,100,9.81446736571972,17.647058823529413,40.539073364191474,57
720575941459906630,IN19B031,3,power_control,True,0.1867704280155642,0.0009576893232874936,7,63,0.7972691794096523,1.5177065767284992,26.482435263877168,100,13.494173326700146,20.588235294117645,40.435920969661716,58
720575941687834331,IN03B065,3,power_control,True,0.1569390402075227,0.0006112803858160415,6,70,1.2450940961965886,2.314814814814815,22.134809826733854,100,20.832868482587706,17.647058823529413,40.378071833372964,59
720575941562339079,IN19B041,3,power_control,True,0.17898832684824903,0.0006542610948672118,7,81,0.82691906423445,1.670792079207921,25.218535529855817,100,14.41647225964172,20.588235294117645,40.2873257826907,60
720575941551598746,IN06B066,1,power_control,True,0.17509727626459143,0.0011066697961870928,7,201,0.8885112571607398,1.4553014553014554,24.954447184991697,100,14.011317767345046,20.588235294117645,40.1068106561573,61
720575941570304926,IN06B053,3,power_control,True,0.15953307392996108,0.0006831712022392594,7,79,1.003022298275955,1.8784530386740332,22.53829770070616,100,16.842073522545537,20.588235294117645,40.08965474967176,62
720575941429532119,IN06B053,3,power_control,True,0.17380025940337224,0.0007291161037407261,6,61,1.0656637043584076,1.6863406408094435,24.54469166462209,100,16.54769832605551,17.647058823529413,40.02974384560639,63
720575941562594194,IN03A011,5,steering_control,True,0.11543450064850842,0.0017315968145301926,4,709,3.5655739043070516,5.2690898844745,17.061595474887852,75,53.74285760243156,11.76470588235294,39.65713421954484,64
720575941459883846,IN06B066,1,power_control,True,0.1621271076523995,0.0007758125952369904,8,271,0.8059476864338253,1.2038983374737244,22.954420983386584,100,12.203916041948741,23.52941176470588,39.64318765844433,65
720575941504456386,IN06B066,1,power_control,True,0.1815823605706874,0.0007661847857371297,7,158,0.6762948480130399,1.0802469135802468,25.646400159268065,100,10.54530294304436,20.588235294117645,39.447892842365036,66
720575941412445332,IN03B065,3,power_control,True,0.17380025940337224,0.0011335313221387854,7,50,0.6654293662520635,1.2154696132596685,24.790947548351,100,11.039694137532877,20.588235294117645,39.31485485771205,67
720575941562134829,IN19B020,1,power_control,True,0.16861219195849544,0.0006993114995596522,6,78,0.9165908136456092,1.5177065767284992,23.807118631120225,100,14.525525089283935,17.647058823529413,39.302928626362934,68
720575941431072137,IN03B065,3,power_control,True,0.1569390402075227,0.0006112803858160415,6,61,0.9613185563103731,1.854974704890388,22.134809826733854,100,16.379462902904866,17.647058823529413,39.26472043845226,69
720575941644491640,IN17A117,3,power_control,True,0.15953307392996108,0.0006645371325364502,6,52,0.9222414420862503,1.6863406408094435,22.52695107205972,100,15.308033751099753,17.647058823529413,39.11450552409874,70
720575941551632794,IN06B066,1,power_control,True,0.1556420233463035,0.00039117960335109203,8,229,0.6643041997234154,1.2179831631739209,21.820930286617283,100,11.040904380046387,23.52941176470588,39.012387533937954,71
720575941527833016,IN19B067,1,power_control,True,0.16472114137483787,0.0006647090382122708,7,214,0.7445917707535231,1.131396245821548,23.246480209027247,100,11.35815746621313,20.588235294117645,38.93113048808499,72
720575941457147206,IN18B020,5,steering_control,True,0.20363164721141375,0.03188010870365979,5,181,0.7587814033386445,1.193274272283493,47.64979611738096,75,11.75001458232601,14.705882352941178,38.92361895138403,73
720575941489089255,IN19B037,5,steering_control,True,0.1517509727626459,0.03794404320440771,6,183,0.8775440426966861,1.3047711781888995,44.14799304696854,75,13.261618636366272,17.647058823529413,38.839214337888016,74
720575941603916222,IN06B066,1,power_control,True,0.16990920881971464,0.0005579851048232494,6,83,0.7843388106588196,1.3259668508287292,23.900918498473935,100,12.548217888728725,17.647058823529413,38.836741786430245,75
720575941642530504,IN19B075,1,power_control,True,0.18547341115434499,0.0009463644400449474,7,115,0.5143117423954217,0.6237006237006237,26.295683218536787,100,7.15893564302601,20.588235294117645,38.796085935141065,76
720575941494733767,IN03B078,3,power_control,True,0.14267185473411154,0.00045210355995049426,8,46,0.6966265006436025,1.3550135501355014,20.059466856123628,100,11.916452056483998,23.52941176470588,38.70283542389926,77
720575941580641913,IN19B075,1,power_control,True,0.17250324254215305,0.0006596170976410613,6,62,0.7349139988641168,1.0294117647058822,24.322516323167683,100,10.830809316272429,17.647058823529413,38.533868990724294,78
720575941503667109,IN06B066,1,power_control,True,0.16342412451361868,0.0007554530294676448,7,184,0.6703138352811847,0.9232798417234557,23.12187978347572,100,9.810697609994728,20.588235294117645,38.50688539636493,79
720575941537594573,IN17A071,1,power_control,True,0.13748378728923474,0.0006128539246506007,7,283,0.857304678322497,1.4656724093597326,19.4379262569269,100,13.786705338592574,20.588235294117645,38.39570127054974,80
720575941526690841,IN19B020,1,power_control,True,0.1815823605706874,0.0009046801664591897,6,77,0.5678936659227709,0.796812749003984,25.730732550386232,100,8.375219006776625,17.647058823529413,38.34243628151591,81
720575941567684340,IN03B078,1,power_control,True,0.17380025940337224,0.0009330937625966269,6,73,0.5963104170770055,0.9485094850948509,24.668897422361585,100,9.280817362679523,17.647058823529413,38.25028533208424,82
720575941472050218,IN17A116,3,power_control,True,0.1556420233463035,0.0006401120817444912,7,59,0.6198486421162493,0.9944751381215469,21.972509862921104,100,9.684249505783647,20.588235294117645,38.13046239414577,83
720575941563920999,IN02A010,5,steering_control,False,0.0,0.0,1,237,5.784720527215035,5.784720527215035,0.0,75,75.16729060541607,2.941176470588235,38.13005794547166,84
720575941571524872,IN07B077,1,power_control,True,0.14267185473411154,0.01669850043306419,4,75,0.48962040031097276,0.5495713343591998,29.952197488879683,100,6.623006472919053,11.76470588235294,37.99435204136426,85
720575941642372040,IN18B032,2,steering_control,True,0.20492866407263294,0.022230296479498042,7,135,0.663227931899337,0.9207090834134947,41.95370363072281,75,9.738266420175922,20.588235294117645,37.888324753084355,86
720575941399264291,IN03B089,1,power_control,True,0.16083009079118027,0.0007098443770943402,5,63,0.6292358153020311,1.2345679012345678,22.73439560382544,100,10.80994658486913,14.705882352941178,37.46398179795315,87
720575941504424517,IN17A071,1,power_control,True,0.1504539559014267,0.000608066968843421,6,183,0.6748699999687822,0.872699677480554,21.2335725423456,100,9.630022078121785,17.647058823529413,37.30698904694001,88
720575941669827505,IN07B038,3,power_control,True,0.13488975356679636,0.00010960848300755917,5,66,0.8697532723169739,1.670792079207921,18.771778597660596,100,14.78670802021999,14.705882352941178,37.269387054941404,89
720575941576933109,IN17A119,3,power_control,True,0.14656290531776914,0.00047506911616724965,5,43,0.7992329959277412,1.2345679012345678,20.61301935210294,100,12.279310401374477,14.705882352941178,37.19490987656273,90
720575941499544715,IN03A011,5,steering_control,True,0.11154345006485084,0.0029367828345587634,5,648,2.5464036118261126,4.43494523109805,17.25588712028222,75,41.304629137630315,14.705882352941178,37.194099891080484,91
720575941438951515,IN03B089,1,power_control,True,0.15953307392996108,0.0006851878726812284,5,68,0.6899716122597637,0.8823529411764706,22.539525688524826,100,9.80255022405028,14.705882352941178,37.15367173315825,92
720575941572815247,IN11B015,3,power_control,True,0.11154345006485084,7.231579441387899e-05,4,43,1.0877923940877603,2.5295109612141653,15.511660319971982,100,20.40730517567179,11.76470588235294,37.108265566380126,93
720575941447779092,IN18B026,1,power_control,True,0.1582360570687419,0.0010050385550251408,4,49,0.7929597505530459,1.141304347826087,22.554432551808016,100,11.81933083836164,11.76470588235294,37.0741036516034,94
720575941440620123,IN03B089,1,power_control,True,0.16472114137483787,0.0006981362257345419,5,72,0.5864407246206012,0.8130081300813009,23.26683463989282,100,8.605990189351367,14.705882352941178,37.07272440989392,95
720575941630936251,IN03B089,1,power_control,True,0.16472114137483787,0.0007165877613377737,5,85,0.5080194434599299,0.6685523270763692,23.278070120160177,100,7.299682443567245,14.705882352941178,36.7495181175281,96
720575941551937598,IN19B075,1,power_control,True,0.16083009079118027,0.0005314453182398362,5,99,0.5554559768569872,0.6616674018526687,22.62576512728541,100,7.679744323066529,14.705882352941178,36.648842089540494,97
720575941604946797,IN11B015,3,power_control,True,0.13618677042801555,0.0004025108455994582,4,45,0.9976952313240348,1.1952191235059761,19.129988362346946,100,13.823518043511312,11.76470588235294,36.5478171960525,98
720575941571514619,IN03B089,1,power_control,True,0.14267185473411154,0.0002800929883397116,6,143,0.5657655848270651,0.7034513079797757,19.954726447267316,100,7.950642130361061,17.647058823529413,36.50349023147635,99
720575941512808780,IN19B075,1,power_control,True,0.1543450064850843,0.0009720675709786427,5,129,0.5347028527047809,0.7018912068629363,21.994787566327304,100,7.675365197481785,14.705882352941178,36.458454039856875,100
720575941547178164,IN07B038,3,power_control,True,0.13229571984435798,0.00032832788115737233,5,33,0.8017889402039099,1.0395010395010396,18.545248642071794,100,11.452735087937896,14.705882352941178,36.36793483519425,101
720575941574184699,INXXX076,1,power_control,True,0.14137483787289234,0.0007931523429405599,4,108,0.7665988627055645,1.1280315848843767,20.08728163377431,100,11.533736423438324,11.76470588235294,36.26255977246246,102
720575941429422295,IN19B075,1,power_control,True,0.1517509727626459,0.0007568066642596211,4,34,0.6043392911403666,1.0395010395010396,21.503999000689785,100,9.74608696090554,11.76470588235294,36.240662616903904,103
720575941485422221,IN19B023,5,steering_control,True,0.1543450064850843,0.03697239105908942,4,78,0.5647195447253918,0.6716417910447761,43.91604836904366,75,7.803208670474399,11.76470588235294,36.22855785480228,104
720575941450532174,IN11A001,5,steering_control,True,0.19195849546044097,0.013439858598986621,6,192,0.8968179062839035,1.353546291283162,34.80248276222733,75,13.640414917812755,17.647058823529413,36.13026032282727,105
720575941449942877,IN17A072,1,power_control,True,0.1569390402075227,0.0004810817369377756,4,42,0.5955084346974902,0.7716049382716049,22.055529468623615,100,8.504235808365681,11.76470588235294,36.09565896914909,106
720575941614919893,IN17A071,1,power_control,True,0.10765239948119325,0.00012633091692419197,5,249,1.0471994366135795,1.200071646068422,15.004982778760885,100,14.272517281721028,14.705882352941178,36.01080062464676,107
720575941414508948,IN12A001,3,power_control,True,0.13229571984435798,0.00032832788115737233,4,30,0.8436720036082539,1.0802469135802468,18.545248642071794,100,11.992020678220715,11.76470588235294,35.91452093864731,108
720575941655827480,IN03B086,1,power_control,True,0.14656290531776914,0.00045724163088041306,4,74,0.5935575879851532,0.9687836383207751,20.602163867580465,100,9.3452291263369,11.76470588235294,35.86989761832895,109
720575941655477716,IN06B053,1,power_control,True,0.14656290531776914,0.0005395971990635114,4,73,0.620072011336372,0.7722911303533817,20.65231169164915,100,8.71953547956292,11.76470588235294,35.72851855385606,110
720575941590898027,IN03B089,1,power_control,True,0.14396887159533073,0.0003282477767170823,4,92,0.6195706655656672,0.8611410118406888,20.163904900972227,100,9.101756796687996,11.76470588235294,35.67755184593425,111
720575941623972251,IN18B032,2,steering_control,True,0.16601815823605706,0.01262443945087032,6,117,0.9206786844605785,1.8867924528301887,30.708836704795317,75,16.166621664008986,17.647058823529413,35.53371819214672,112
720575941583637214,IN07B048,1,power_control,True,0.14526588845654992,0.0004388246771766801,4,43,0.5458643175501502,0.6775067750677507,20.411093329761467,100,7.665750759116568,11.76470588235294,35.39270686517817,113
720575941411210667,IN19B041,3,power_control,True,0.12710765239948119,0.00012532000020987506,5,36,0.6274722494125256,0.7065217391304348,17.702208939551365,100,8.49735958152342,14.705882352941178,35.3761790478345,114
720575941531319427,IN11A043,3,power_control,True,0.12970168612191957,0.0003492633947078923,4,34,0.6308548428121389,1.0764262648008611,18.198284432098927,100,10.135921776394088,11.76470588235294,35.34640695019879,115
720575941605602669,IN06B066,1,power_control,True,0.10116731517509728,2.6916042801045532e-05,5,187,0.8799544046381758,1.1762473913868337,14.045166653199319,100,12.723290573596252,14.705882352941178,35.335549109947095,116
720575941460384723,IN03B075,3,power_control,True,0.13488975356679636,0.0003700254569969809,4,35,0.6675335607943593,0.7789678675754625,18.930351295102096,100,9.158815622295563,11.76470588235294,35.321750470575104,117
720575941628377314,IN03B086,1,power_control,True,0.10765239948119325,0.00012633091692419197,5,181,0.7726194426189601,0.977114939573155,15.004982778760885,100,10.92918965966305,14.705882352941178,35.174968719132266,118
720575941649244437,IN06B042,5,steering_control,True,0.07652399481193255,0.014607012056959008,12,183,0.7925818053337648,1.58311345646438,19.50598978000069,75,13.738220595616646,35.294117647058826,35.09517561231613,119
720575941485135426,IN17A081,1,power_control,True,0.10765239948119325,0.00012633091692419197,5,173,0.7395291212515087,0.9514013885317563,15.004982778760885,100,10.531304149187621,14.705882352941178,35.07549734151341,120
720575941534822632,IN03B063,2,steering_control,True,0.17509727626459143,0.021433552615240985,4,70,0.7080885830394905,1.141552511415525,37.331860952673324,75,11.086829976726293,11.76470588235294,35.074206956454155,121
720575941537687757,IN03B089,1,power_control,True,0.125810635538262,0.00036951267008183036,4,103,0.7128506130124332,0.8086253369272237,17.671046243938488,100,9.679540996413316,11.76470588235294,35.07414029875546,122
720575941474447134,IN06B066,1,power_control,True,0.10246433203631647,0.00011399160123771231,4,176,0.9308812480415047,1.2896292315959161,14.278044681475949,100,13.656759332662638,11.76470588235294,35.05054441407903,123
720575941491338441,IN11A043,3,power_control,True,0.13748378728923474,0.00025882178702348036,4,29,0.5149238283601095,0.7459593866556155,19.222349560122208,100,7.696131191188025,11.76470588235294,35.04367884230425,124
720575941501026283,IN17A081,1,power_control,True,0.10765239948119325,0.00012076760020179079,5,162,0.7189151821786502,0.948586605957124,15.001595172623396,100,10.340882261127962,14.705882352941178,35.026875587657244,125
720575941537719165,IN03B086,1,power_control,True,0.13618677042801555,0.00015660077827456365,4,94,0.5458215041047833,0.7254341613541437,18.980249187874726,100,7.873895954842904,11.76470588235294,35.01548992154373,126
720575941437603669,IN03B089,1,power_control,True,0.10765239948119325,0.00012633091692419197,5,158,0.6439617067764253,1.07469102632993,15.004982778760885,100,10.241661015561995,14.705882352941178,35.003086558107,127
720575941551357723,IN03B075,3,power_control,True,0.13359273670557717,0.00033508563408594195,3,24,0.7181246889255845,0.9737098344693282,18.729219677548027,100,10.443352022194363,8.823529411764707,34.99430979116594,128
720575941498948425,dMS10,3,power_control,True,0.13359273670557717,0.0002125023005195241,3,22,0.6669721206513582,0.9944751381215469,18.65457642535438,100,10.091559403586054,8.823529411764707,34.88396866085577,129
720575941581683039,IN07B081,1,power_control,True,0.13618677042801555,0.00015660077827456365,4,84,0.497153191790636,0.6616674018526687,18.980249187874726,100,7.175806537376991,11.76470588235294,34.84096756717725,130
720575941530861699,IN03B086,1,power_control,True,0.10765239948119325,0.00012633091692419197,5,158,0.6819210916467539,0.8381120423467137,15.004982778760885,100,9.540489234066099,14.705882352941178,34.827793612733025,131
720575941438729919,IN06B066,1,power_control,True,0.10116731517509728,2.6916042801045532e-05,4,158,0.9073577094601634,1.1844331641285957,14.045166653199319,100,12.995763367243903,11.76470588235294,34.81543201424136,132
720575941539054541,IN03B065,3,power_control,True,0.1232166018158236,0.00016958743533491874,4,33,0.6293887087362521,0.8044554455445545,17.189595851748127,100,8.939999637085224,11.76470588235294,34.744819841266334,133
720575941600259369,IN12A001,3,power_control,True,0.10635538261997406,0.0001731781596658469,2,28,1.116996036589547,1.557935735150925,14.853652813601796,100,16.43274256264681,5.88235294117647,34.740752072977536,134
720575941530192843,IN11B004,5,steering_control,True,0.16731517509727625,0.011468248057088288,8,156,0.5795964908669081,0.8782201405152225,30.184666560546916,75,8.830546920097124,23.52941176470588,34.71891905112953,135
720575941446990261,IN19B067,1,power_control,True,0.10765239948119325,0.00012076760020179079,5,142,0.6369277558144836,0.8178228990411731,15.001595172623396,100,9.063320191182727,14.705882352941178,34.70748507017093,136
720575941505493026,IN03B089,1,power_control,True,0.14785992217898833,0.0004480240424061838,3,56,0.49421546773595654,0.5264184051472022,20.776407223097966,100,6.561993477574626,8.823529411764707,34.63812641867599,137
720575941532507480,IN06B066,1,power_control,True,0.10116731517509728,2.6916042801045532e-05,4,140,0.7876457162807943,1.1572756592676912,14.045166653199319,100,11.842884771891681,11.76470588235294,34.5272123654033,138
720575941576934645,IN19B067,1,power_control,True,0.10765239948119325,0.00012076760020179079,5,131,0.5844632027255307,0.7050197405527355,15.001595172623396,100,8.119077941338958,14.705882352941178,34.47142450771,139
720575941563314486,IN19B070,5,steering_control,True,0.19584954604409857,0.01803349625833964,4,32,0.5432201088109986,0.6745362563237773,38.13920178307522,75,7.629971961426641,11.76470588235294,34.45219470174981,140
720575941563872359,IN03B086,1,power_control,True,0.10765239948119325,0.00012076760020179079,5,130,0.5788665214560492,0.6793159990630124,15.001595172623396,100,7.9588752849042175,14.705882352941178,34.43137384360131,141
720575941621586172,IN03B086,1,power_control,True,0.10765239948119325,0.00012633091692419197,5,123,0.5208330892690893,0.7057785619761799,15.004982778760885,100,7.572394972185544,14.705882352941178,34.33577004726288,142
720575941624764268,IN03B089,1,power_control,True,0.10765239948119325,0.00012076760020179079,5,121,0.5419745652690214,0.6486181613085167,15.001595172623396,100,7.5064456125002,14.705882352941178,34.318266425500305,143
720575941625170314,IN06B066,1,power_control,True,0.09597924773022048,9.597510252822186e-05,3,141,0.9975497339220083,1.2179831631739209,13.36779352765552,100,13.921298796948571,8.823529411764707,34.25536863988674,144
720575941547177076,IN06A022,2,steering_control,True,0.19325551232166016,0.010071484006308444,5,173,0.712057719483002,1.0502283105022832,32.93127347644441,75,10.723817473073613,14.705882352941178,34.251512881789964,145
720575941498696354,IN08B051,5,steering_control,True,0.125810635538262,0.030496780308983076,4,121,0.635817972241257,0.8846226237530586,36.01609504339439,75,9.34435000029386,11.76470588235294,34.24385718956237,146
720575941550948231,IN11A019,5,steering_control,True,0.1841763942931258,0.011290053435309163,6,155,0.5367166693917472,0.9365049634763064,32.41429006591469,75,8.713493729156333,17.647058823529413,34.18207221676938,147
720575941685707788,IN06B066,1,power_control,True,0.10765239948119325,0.00012633091692419197,4,130,0.6678741750526865,0.7474170147285117,15.004982778760885,100,9.02449301053308,11.76470588235294,34.110559262732124,148
720575941587528772,IN03B085,1,power_control,True,0.13359273670557717,0.00018200061924655823,3,34,0.5108856111757002,0.5882352941176471,18.636003389189113,100,6.975024802041979,8.823529411764707,34.099263099620174,149
720575941432778638,IN03B090,1,power_control,True,0.13488975356679636,0.00027784408729956067,3,44,0.46745216565672804,0.5382131324004306,18.874220359307696,100,6.381980671308749,8.823529411764707,34.022467157972436,150
720575941430389006,IN06A020,4,steering_control,True,0.09597924773022048,0.0013889310815535668,2,69,2.402347765305703,4.253731343283582,14.155098264847853,75,39.27109011927297,5.88235294117647,33.99077259750789,151
720575941501903154,IN12A061,3,power_control,True,0.12062256809338522,0.00021977432804826807,3,30,0.6256911595087756,0.7045171985080813,16.860443345930626,100,8.473243748977264,8.823529411764707,33.94114982337644,152
720575941720467514,IN17A119,3,power_control,True,0.12710765239948119,0.00027914735607773743,3,17,0.5128244724050618,0.6260671599317018,17.79587725305097,100,7.15637645379767,8.823529411764707,33.89256317171765,153
720575941482478778,IN06B066,1,power_control,True,0.09597924773022048,9.597510252822186e-05,3,122,0.8586745468252454,1.1284255776464267,13.36779352765552,100,12.331303032683692,8.823529411764707,33.85786969882052,154
720575941533786906,IN17A077,1,power_control,True,0.1309987029831388,0.0001928247120622325,3,56,0.4707772426622068,0.5350659277660997,18.282882148680468,100,6.397028457323215,8.823529411764707,33.84882764128788,155
720575941472090922,IN03B089,1,power_control,True,0.10635538261997406,0.00011654467719384442,4,107,0.586791794965257,0.7019540884082717,14.819167641827026,100,8.125867457511209,11.76470588235294,33.8301583333965,156
720575941560410739,IN19B066,3,power_control,True,0.11413748378728923,0.0002335315439433412,3,26,0.6053911703857056,0.8763388510223954,15.969539792826835,100,9.04531736764355,8.823529411764707,33.81689716211188,157
720575941468683997,IN06B066,1,power_control,True,0.10246433203631647,0.00011399160123771231,4,119,0.6360664566903481,0.7343722013254523,14.278044681475949,100,8.692810862899776,11.76470588235294,33.80955729663832,158
720575941490220750,IN19B058,3,power_control,True,0.10505836575875487,2.838856145835005e-05,3,32,0.7755434428909428,0.910643141718839,14.585631642286117,100,10.665267654635796,8.823529411764707,33.806712288697724,159
720575941535419418,IN06B069,1,power_control,True,0.10765239948119325,0.00012633091692419197,4,101,0.5114373497999631,0.7522837184309511,15.004982778760885,100,7.693510903438416,11.76470588235294,33.77781373595846,160
720575941539218301,IN18B026,3,power_control,True,0.11284046692607004,0.0001412172069514892,3,35,0.6394433947601544,0.8288437629506838,15.73347177568708,100,9.133011929983294,8.823529411764707,33.768000397554886,161
720575941553418724,IN06B069,1,power_control,True,0.10635538261997406,0.00011654467719384442,4,105,0.5664261643385677,0.6640106241699867,14.819167641827026,100,7.784759237483582,11.76470588235294,33.74488127838959,162
720575941390660502,IN03B090,1,power_control,True,0.12970168612191957,0.0003680408501981607,3,39,0.44611685797039574,0.5059021922428331,18.209718370995326,100,6.056996223719169,8.823529411764707,33.74187044958133,163
720575941461240019,IN06B066,1,power_control,True,0.10246433203631647,0.00011399160123771231,3,106,0.7369061658573556,0.9851334408024359,14.278044681475949,100,10.655389070685324,8.823529411764707,33.711966554467054,164
720575941729980203,IN03B086,1,power_control,True,0.09597924773022048,7.34439128142815e-05,5,108,0.5201712157175883,0.5616662766206413,13.35407387077305,100,6.939692073971273,14.705882352941178,33.68232165031297,165
720575941447294045,IN06B066,1,power_control,True,0.09597924773022048,1.88457156827487e-05,3,111,0.8343212809714213,1.024473534433694,13.320828021771895,100,11.668547666159778,8.823529411764707,33.67809120542445,166
720575941729950507,IN03B081,1,power_control,True,0.09597924773022048,7.34439128142815e-05,4,105,0.6070645528976332,0.912707699508542,13.35407387077305,100,9.218009289359001,11.76470588235294,33.663665660042255,167
720575941609422822,IN03B075,3,power_control,True,0.11802853437094682,0.00017569932488702584,3,27,0.5293769443421358,0.6188118811881188,16.47389303356542,100,7.267881907735509,8.823529411764707,33.523844269356445,168
720575941553338778,IN12A012,5,steering_control,True,0.10116731517509728,0.01486639432801693,8,238,0.6730168999989372,1.5529411764705883,23.081198614798076,75,12.573497118678542,23.52941176470588,33.52361621705023,169
720575941571515131,IN03B086,1,power_control,True,0.09987029831387807,6.453707727244656e-05,4,105,0.5771732677025665,0.6594856012310398,13.888218679697074,100,7.85796460650824,11.76470588235294,33.48389793200677,170
720575941552793939,IN06B066,1,power_control,True,0.09597924773022048,1.88457156827487e-05,3,98,0.7571019701180687,0.9870276367738298,13.320828021771895,100,10.838191677749286,8.823529411764707,33.47050220832183,171
720575941651847189,IN07B048,3,power_control,True,0.11673151750972763,0.0001698146666085181,3,21,0.5249766644079253,0.5882352941176471,16.2904536415211,100,7.096820255823469,8.823529411764707,33.42604703876514,172
720575941654367444,IN06B066,1,power_control,True,0.09727626459143969,9.095473272023282e-05,4,112,0.5943214040528271,0.6552773227240815,13.544592647013845,100,7.987875091525513,11.76470588235294,33.41328774345612,173
720575941447591246,IN03B081,1,power_control,True,0.09987029831387807,6.453707727244656e-05,3,87,0.6484784034028777,0.9012969883490877,13.888218679697074,100,9.526324243055894,8.823529411764707,33.31275254702604,174
720575941493701246,IN03B089,1,power_control,True,0.1245136186770428,0.0006274356117397025,2,21,0.5036188725066191,0.5842259006815969,17.648244163996488,100,6.8947715726895,5.88235294117647,33.19463673060662,175
720575941700592858,IN17A045,1,power_control,True,0.09987029831387807,2.377341795374531e-05,3,96,0.6226670990392605,0.7881067526419488,13.863396935873205,100,8.810774242940203,8.823529411764707,33.12641852384995,176
720575941524021860,vMS11,3,power_control,True,0.11024643320363164,2.365567310573878e-05,2,16,0.6956616240653799,0.7716049382716049,15.302174159727397,100,9.369905886087716,5.88235294117647,33.109599307675445,177
720575941513033219,IN06A033,5,steering_control,True,0.13748378728923474,0.0038488260991963613,6,345,1.1612873978220277,1.7365749398877905,21.408369383972072,75,17.5927697081566,17.647058823529413,33.100115006936655,178
720575941525224614,IN03B057,1,power_control,True,0.10246433203631647,0.00010082833863027344,3,77,0.5492436248047786,0.6829823562891292,14.27002932814926,100,7.7187819997997025,8.823529411764707,32.975410180747645,179
720575941472042282,IN12A058,1,power_control,True,0.0946822308690013,0.00015753772157496267,2,26,0.7535503156040464,1.078167115902965,13.22542402647394,100,11.204009010014925,5.88235294117647,32.94510004868121,180
720575941449258106,IN17A035,5,steering_control,True,0.16861219195849544,0.012385779132183018,4,103,0.6552282374177187,1.0395010395010396,30.92322426616667,75,10.185943528201555,11.76470588235294,32.926394338370976,181
720575941505889409,IN03B086,1,power_control,True,0.09597924773022048,1.88457156827487e-05,3,81,0.6000507055982441,0.7398975526465565,13.320828021771895,100,8.405549028141793,8.823529411764707,32.86234154591995,182
720575941489038311,IN07B081,3,power_control,True,0.10635538261997406,0.0001731781596658469,2,19,0.6583101334393899,0.7323943661971831,14.853652813601796,100,8.876468324139449,5.88235294117647,32.85168351335069,183
720575941586363716,IN17A111,3,power_control,True,0.10116731517509728,4.705153154293887e-05,2,15,0.7032753010474313,0.8431703204047217,14.057427523584192,100,9.747070281198912,5.88235294117647,32.83046641561028,184
720575941525142182,IN06B069,1,power_control,True,0.09987029831387807,2.377341795374531e-05,3,84,0.5451932554871998,0.6627261329034569,13.863396935873205,100,7.595645069840303,8.823529411764707,32.82263623057498,185
720575941571904669,IN03B085,3,power_control,True,0.10635538261997406,0.0001731781596658469,2,16,0.6148360464637876,0.7789678675754625,14.853652813601796,100,8.703326769526887,5.88235294117647,32.808398124697554,186
720575941574412943,IN03B072,2,steering_control,True,0.18547341115434499,0.01483576365909569,3,44,0.5422828645475796,0.593607305936073,34.75319451768968,75,7.269777442751642,8.823529411764707,32.758108598347754,187
720575941578793809,IN17A072,3,power_control,True,0.0933852140077821,1.5741169879289127e-05,2,21,0.7705984970477724,0.9239130434782609,12.959225376369826,100,10.68025890292829,5.88235294117647,32.734302926878314,188
720575941631436780,IN06B047,5,steering_control,True,0.11543450064850842,0.0017315968145301926,7,371,1.0755603056300516,2.225979149056072,17.061595474887852,75,18.98101712793634,20.588235294117645,32.73137998327397,189
720575941505887361,IN03B086,1,power_control,True,0.08949416342412451,1.3437883547056177e-05,3,84,0.5933964077090524,0.796812749003984,12.41825451752676,100,8.595650933144547,8.823529411764707,32.639094970897105,190
720575941575696217,IN06B069,1,power_control,True,0.0946822308690013,8.268464795308769e-05,3,81,0.5509352053118001,0.5881236956934168,13.179844609686423,100,7.320706337981969,8.823529411764707,32.54883584975436,191
720575941585289950,IN07B048,3,power_control,True,0.10116731517509728,0.00010151971298125361,2,21,0.6232613092811409,0.7045171985080813,14.090594203632312,100,8.452241435933763,5.88235294117647,32.51670920830843,192
720575941439017423,IN19A026,5,steering_control,True,0.05188067444876783,0.0003888833046301402,3,315,2.33541439945014,4.2823529411764705,7.431042819350221,75,38.81707679077068,8.823529411764707,32.44828792585068,193
720575941670676135,IN11A001,5,steering_control,True,0.14267185473411154,0.006962430069638486,4,186,0.9569650415970261,1.8163615560640733,24.023724715552042,75,16.173841202120293,11.76470588235294,32.35351889166627,194
720575941555504723,IN01A017,5,steering_control,True,0.08041504539559013,0.004455518428339678,3,184,1.982478381827742,3.0998291432755676,13.864126465590314,75,30.621742076210843,8.823529411764707,32.32937934108275,195
720575941574155003,IN06A013,3,power_control,True,0.0920881971465629,2.6300521754130547e-05,2,25,0.6508808516574824,0.8044554455445545,12.785799045328504,100,9.12576611292548,5.88235294117647,32.293651830065215,196
720575941639303285,IN17A113,3,power_control,True,0.11024643320363164,2.365567310573878e-05,2,11,0.45683359415753777,0.4629629629629629,15.302174159727397,100,5.962812373395067,5.88235294117647,32.25782592950228,197
720575941456206495,IN03B075,3,power_control,True,0.0907911802853437,2.2875323171922193e-05,2,27,0.6213615728312845,0.7874015748031495,12.603857263644667,100,8.796421997986316,5.88235294117647,32.15673326682527,198
720575941554554266,INXXX076,1,power_control,True,0.08041504539559013,1.5210571068007053e-05,2,67,0.7973894677431045,0.8228336333247621,11.16034113389048,100,10.472064514085385,5.88235294117647,32.14258905692379,199
720575941562066856,IN11B014,5,steering_control,True,0.1582360570687419,0.00838060534942481,4,86,0.8207789241962775,0.9577464788732395,27.045551175263878,75,11.261188827266075,11.76470588235294,32.031903735866265,200
720575941481036797,IN03B086,1,power_control,True,0.08819714656290531,1.6923842035259512e-05,2,64,0.6403455958123039,0.7254341613541437,12.240521066821918,100,8.690911152576476,5.88235294117647,32.02135469642599,201
720575941516616664,IN06A040,5,steering_control,True,0.06744487678339818,0.0005248763858465779,2,290,2.480825140923663,3.5186488388458828,9.672124895453027,75,36.751319949103646,5.88235294117647,32.01593804414711,202
720575941428428681,IN19B088,3,power_control,True,0.09857328145265888,4.170190989336796e-05,2,13,0.49945982167277503,0.5569306930693069,13.694457810101168,100,6.740071106245929,5.88235294117647,31.969825707827127,203
720575941515936505,IN12A001,3,power_control,True,0.0933852140077821,2.0307819647741424e-05,2,13,0.572582993593477,0.5882352941176471,12.962006093620936,100,7.5083036538682055,5.88235294117647,31.942148329788626,204
720575941536708323,IN07B048,3,power_control,True,0.09727626459143969,0.00012665607317584947,2,7,0.5129692375930733,0.5390835579514826,13.566331851534954,100,6.779192574425043,5.88235294117647,31.94116828730204,205
720575941468725259,IN03B086,1,power_control,True,0.08690012970168612,9.181317827421835e-06,3,55,0.45477167973611227,0.49145799204306106,12.055950385954969,100,6.068962178508118,8.823529411764707,31.898731542766463,206
720575941613367260,IN06B047,5,steering_control,True,0.13488975356679636,0.003495102134550794,6,294,0.9456836218224662,1.193274272283493,20.833268109162606,75,13.365496415929844,17.647058823529413,31.870766301437126,207
720575941498803874,IN01A017,5,steering_control,True,0.08560311284046693,0.005168548825411215,2,132,1.8866674074832646,3.0846295808067494,15.0177282827791,75,29.72747579340352,5.88235294117647,31.863658021419905,208
720575941537796989,IN06A003,5,steering_control,True,0.0907911802853437,0.00294460408817362,6,296,1.0717713283839982,2.658823529411765,14.382951784102312,75,20.83142137731563,17.647058823529413,31.802152644265483,209
720575941626286474,IN17A072,3,power_control,True,0.0907911802853437,2.2875323171922193e-05,2,21,0.5202445207035219,0.6260671599317018,12.603857263644667,100,7.220511343837314,5.88235294117647,31.76275560328802,210
720575941611914669,IN02A010,5,steering_control,False,0.0,0.0,2,216,2.847350382283153,5.141049301344582,0.0,75,46.97786169951752,5.88235294117647,31.670936013114673,211
720575941583208582,IN12A061,3,power_control,True,0.07652399481193255,0.0,1,9,0.8763388510223954,0.8763388510223954,10.611510791366905,100,11.38724278445477,2.941176470588235,31.61849922764141,212
720575941533234954,IN19B067,1,power_control,True,0.0946822308690013,8.202067131385866e-05,2,40,0.42454763056512657,0.4371303677037799,13.179440302067347,100,5.571361377457206,5.88235294117647,31.5231430232198,213
720575941643002962,IN17A114,3,power_control,True,0.0933852140077821,2.0307819647741424e-05,2,10,0.43717239370995925,0.4411764705882353,12.962006093620936,100,5.698086186530578,5.88235294117647,31.489593962954217,214
720575941663489404,IN17A086,5,steering_control,True,0.16601815823605706,0.004147854488065411,5,73,0.5614117718169258,0.7398975526465565,25.54728781628611,75,8.07157495282099,14.705882352941178,31.37325655367932,215
720575941513177337,IN03B089,1,power_control,True,0.07911802853437094,3.242884965591119e-06,2,41,0.5327432372603973,0.6204173716864072,10.973197674035715,100,7.303963251832562,5.88235294117647,31.294420703404146,216
720575941610056166,IN06A033,5,steering_control,True,0.11413748378728923,0.0051454808944007766,7,212,0.6962521281987055,1.12209457654288,18.96051632659801,75,10.899867402048368,20.588235294117645,31.280768807315024,217
720575941518406766,IN00A022,5,steering_control,True,0.11802853437094682,0.02276323286145148,3,63,0.4751312764450745,0.6063801740047456,30.227858708586517,75,6.744925652886865,8.823529411764707,31.269294908150613,218
720575941601266678,IN03B086,1,power_control,True,0.08430609597924772,7.011281848467721e-06,2,36,0.4620329462836006,0.47941342357586014,11.694916780817005,100,6.079322950867226,5.88235294117647,31.2047763601972,219
720575941489388236,IN19B067,1,power_control,True,0.08041504539559013,1.5210571068007053e-05,2,41,0.49237707204206543,0.565698122910774,11.16034113389048,100,6.716995656667219,5.88235294117647,31.203821842569244,220
720575941512899427,IN03B081,1,power_control,True,0.08690012970168612,2.6951163013445404e-06,2,41,0.4204782566559674,0.4396570674873599,12.052000818242915,100,5.547180691964471,5.88235294117647,31.178866006699284,221
720575941575691624,IN10B023,4,steering_control,True,0.09597924773022048,0.0013889310815535668,6,120,1.047482970820827,2.157943067033976,14.155098264847853,75,18.442330673905435,17.647058823529413,31.136523912636598,222
720575941552643390,IN10B023,4,steering_control,True,0.09597924773022048,0.0013889310815535668,6,92,0.9289297315077505,2.164179104477612,14.155098264847853,75,17.444751314291704,17.647058823529413,30.887129072733167,223
720575941652038421,IN18B041,4,steering_control,True,0.13229571984435798,0.010394094382471736,2,45,1.030667823943042,1.1937557392102847,24.674479473217787,75,14.102148654191698,5.88235294117647,30.854351593748554,224
720575941614850517,IN19A026,5,steering_control,True,0.05058365758754864,0.0007647072901296796,3,278,2.0062748816196865,3.4394608412735304,7.480032859049015,75,32.30504459464915,8.823529411764707,30.834976888729933,225
720575941411758740,IN19B066,3,power_control,True,0.07652399481193255,0.0,1,6,0.5842259006815969,0.5842259006815969,10.611510791366905,100,7.591495189636513,2.941176470588235,30.66956232893685,226
720575941428965368,IN12A036,3,power_control,True,0.07652399481193255,0.0,1,6,0.5842259006815969,0.5842259006815969,10.611510791366905,100,7.591495189636513,2.941176470588235,30.66956232893685,227
720575941549290495,IN12A061,3,power_control,True,0.07652399481193255,0.0,1,6,0.5842259006815969,0.5842259006815969,10.611510791366905,100,7.591495189636513,2.941176470588235,30.66956232893685,228
720575941474806068,IN06A040,5,steering_control,True,0.06744487678339818,0.0007157632224906554,2,241,2.1307458792126153,2.8927861146266496,9.788359410158492,75,31.002514628497185,5.88235294117647,30.613607068407138,229
720575941574248187,IN13A012,3,power_control,True,0.07522697795071336,0.0,1,10,0.5633802816901409,0.5633802816901409,10.431654676258992,100,7.3206249387386855,2.941176470588235,30.54788793168002,230
720575941484346621,dMS5,5,steering_control,True,0.12840466926070038,0.0036627073704956674,6,207,0.5882747083052858,0.8177008177008177,20.036045452359843,75,8.642258392160477,17.647058823529413,30.450789998453956,231
720575941668725169,IN06B042,5,steering_control,True,0.042801556420233464,0.0002225568415484105,9,183,1.1249971678623438,1.9525065963060684,6.070770763234419,75,18.218539480952558,26.47058823529412,30.41998374626729,232
720575941532476248,IN06A033,5,steering_control,True,0.11284046692607004,0.002915966624246258,4,212,1.1910580651676015,1.3468013468013467,17.423067861088697,75,16.154323048357277,11.76470588235294,30.368442296886514,233
720575941438382380,IN03A044,3,power_control,True,0.07522697795071336,0.0,1,9,0.5070422535211268,0.5070422535211268,10.431654676258992,100,6.588562444864817,2.941176470588235,30.364872308211552,234
720575941499761058,IN19B058,3,power_control,True,0.07522697795071336,0.0,1,9,0.5070422535211268,0.5070422535211268,10.431654676258992,100,6.588562444864817,2.941176470588235,30.364872308211552,235
720575941656239440,IN12A061,3,power_control,True,0.07522697795071336,0.0,1,9,0.5070422535211268,0.5070422535211268,10.431654676258992,100,6.588562444864817,2.941176470588235,30.364872308211552,236
720575941689109878,IN17A112,3,power_control,True,0.07652399481193255,0.0,1,5,0.4868549172346641,0.4868549172346641,10.611510791366905,100,6.326245991363761,2.941176470588235,30.35325002936866,237
720575941485378626,IN19B058,5,steering_control,True,0.13618677042801555,0.009419335183955959,3,52,0.7128183380537939,0.7747795885653219,24.62049896841611,75,9.532011045969089,8.823529411764707,30.283858334370045,238
720575941564034614,IN07B039,5,steering_control,True,0.0946822308690013,0.0009680979608243509,3,235,1.4601287010869763,2.251935256861365,13.718989102542384,75,22.417944562447904,8.823529411764707,30.23488875372763,239
720575941586381892,IN19B088,3,power_control,True,0.07522697795071336,0.0,1,8,0.4507042253521127,0.4507042253521127,10.431654676258992,100,5.856499950990948,2.941176470588235,30.181856684743085,240
720575941632698555,IN19A016,3,power_control,True,0.07522697795071336,0.0,1,8,0.4507042253521127,0.4507042253521127,10.431654676258992,100,5.856499950990948,2.941176470588235,30.181856684743085,241
720575941691313115,IN10B006,3,power_control,True,0.07522697795071336,0.0,1,8,0.4507042253521127,0.4507042253521127,10.431654676258992,100,5.856499950990948,2.941176470588235,30.181856684743085,242
720575941546335676,IN06B047,5,steering_control,True,0.09597924773022048,0.0015991169600066638,3,208,1.4455360451372388,2.030456852791878,14.283084321977034,75,21.328238650836262,8.823529411764707,30.131690841655114,243
720575941430842209,IN18B041,2,steering_control,True,0.13359273670557717,0.008713807727639687,3,75,0.6903122110424974,0.8955223880597015,23.8311780604201,75,9.862789821507086,8.823529411764707,30.129756755855745,244
720575941536371442,IN06A020,4,steering_control,True,0.09597924773022048,0.0013889310815535668,2,60,1.4922632018968518,2.3875114784205693,14.155098264847853,75,23.285542432396298,5.88235294117647,29.994385675788724,245
720575941535943178,dMS5,5,steering_control,True,0.12840466926070038,0.0036627073704956674,5,178,0.5984560115355492,0.8955728286583305,20.036045452359843,75,9.069053892426009,14.705882352941178,29.969253579402693,246
720575941593615211,IN14B007,5,steering_control,True,0.10376134889753566,0.005258872808798173,6,185,0.6313744426899749,0.8747772557913494,17.590713833310428,75,9.263108787004002,17.647058823529413,29.872403111450012,247
720575941550878087,w-cHIN,4,steering_control,False,0.0,0.0,2,66,2.4626865671641793,4.104477611940299,0.0,75,39.143275485142105,5.88235294117647,29.71228945952082,248
720575941507787024,IN08B051,5,steering_control,True,0.10116731517509728,0.008389473643245594,5,149,0.5858937397834201,0.7984420642648491,19.137282178150755,75,8.537890503050882,14.705882352941178,29.566833749796185,249
720575941610587612,IN02A010,5,steering_control,False,0.0,0.0,1,129,3.148645350256285,3.148645350256285,0.0,75,40.91384172193533,2.941176470588235,29.56669572460148,250
720575941521101495,IN02A010,5,steering_control,False,0.0,0.0,1,118,3.11099393619826,3.11099393619826,0.0,75,40.4245951336361,2.941176470588235,29.444384077526674,251
720575941441993167,IN08B006,5,steering_control,True,0.14007782101167315,0.0056831483499286874,3,83,0.5488196041800291,0.6458557588805167,22.885034256788703,75,7.553592187618687,8.823529411764707,29.268614206294227,252
720575941566788602,IN03B069,4,steering_control,True,0.09597924773022048,0.0013889310815535668,2,39,1.2973013719282378,2.0895522388059704,14.155098264847853,75,20.30408149763903,5.88235294117647,29.249020442099408,253
720575941641473874,IN03B069,5,steering_control,True,0.08300907911802853,0.003333792678492629,2,72,1.3300710977982064,2.164179104477612,13.540799202573798,75,20.912000634317018,5.88235294117647,29.216710507586686,254
720575941543647420,IN06B047,5,steering_control,True,0.09597924773022048,0.0015991169600066638,3,158,1.117385931588723,1.7632914774245259,14.283084321977034,75,17.32954343121824,8.823529411764707,29.13201703675061,255
720575941573255581,IN03B063,2,steering_control,True,0.09857328145265888,0.00034366872488869626,3,98,1.1545056160425966,1.643835616438356,13.878330971892737,75,17.130675371844717,8.823529411764707,28.96087401688194,256
720575941583601886,IN12A012,5,steering_control,True,0.06485084306095978,0.0038838933547948027,6,251,0.77918955586569,1.4408552172902627,11.357780036488228,75,13.003549508272075,17.647058823529413,28.93763315272037,257
720575941588095300,IN07B039,5,steering_control,True,0.09597924773022048,0.0015991169600066638,3,176,1.179957228343777,1.4463930573133248,14.283084321977034,75,16.4916620209098,8.823529411764707,28.9225466841735,258
720575941518410094,IN06B047,5,steering_control,True,0.11802853437094682,0.0026916240176618933,3,103,0.7464488672181581,1.267962806424345,18.005885971587936,75,11.9683624232716,8.823529411764707,28.90856227964722,259
720575941550971783,IN06A016,5,steering_control,True,0.07263294422827496,0.0006875403198302474,3,78,1.2408663433627913,2.321899736147757,10.490598424741782,75,20.827150078832233,8.823529411764707,28.868672929483534,260
720575941556222628,IN06B047,5,steering_control,True,0.0946822308690013,0.0009680979608243509,3,180,1.1684814903626741,1.5231681898348564,13.718989102542384,75,16.72649362011889,8.823529411764707,28.812026018145378,261
720575941521986227,IN07B031,5,steering_control,True,0.11543450064850842,0.008155058703842342,3,83,0.5685187551929661,0.6679134384183809,20.972959865222393,75,7.819826238928833,8.823529411764707,28.761550401651867,262
720575941570676552,IN06A003,5,steering_control,True,0.07782101167315175,0.0020312898672700673,3,135,1.0232912015357865,2.164705882352941,12.02825676278536,75,18.262652723878475,8.823529411764707,28.68884609215817,263
720575941617069695,IN06A022,2,steering_control,True,0.13618677042801555,0.002977357498721339,3,100,0.5770479697563338,0.6596124776693693,20.697859968520895,75,7.8574335936265,8.823529411764707,28.688422271315833,264
720575941581648479,IN07B039,5,steering_control,True,0.09597924773022048,0.0015991169600066638,3,158,1.0531760015605345,1.4825528837461581,14.283084321977034,75,15.55315229454635,8.823529411764707,28.68791925258264,265
720575941492350590,IN16B068,5,steering_control,True,0.09597924773022048,0.0008954593688691355,3,159,1.0139157876417808,1.5873015873015872,13.854614239583718,75,15.669533088366048,8.823529411764707,28.58847342631957,266
720575941566918388,IN06A003,5,steering_control,True,0.07782101167315175,0.0020483579730110673,4,165,0.9305519447134796,1.6964908203578897,12.038649847099736,75,15.42402511949822,11.76470588235294,28.570542410475063,267
720575941521069751,IN04B006,5,steering_control,True,0.10505836575875487,0.003296476671502793,4,105,0.7198305772391189,0.819672131147541,16.575630754660764,75,9.787932765520457,11.76470588235294,28.52261359424893,268
720575941604989293,IN11A043,5,steering_control,True,0.1245136186770428,0.00020172818606407008,3,13,0.7687893930164869,1.0118043844856661,17.38902306263693,75,11.047006390432271,8.823529411764707,28.49316439875209,269
720575941487910608,IN07B039,5,steering_control,True,0.0946822308690013,0.0009680979608243509,3,167,1.0944751071482577,1.354679802955665,13.718989102542384,75,15.353788522337766,8.823529411764707,28.468849743700098,270
720575941457979039,IN17A078,5,steering_control,True,0.08041504539559013,0.004455518428339678,3,95,0.9905379133135882,1.5133024164022455,13.864126465590314,75,15.145522923876293,8.823529411764707,28.46032455299911,271
720575941636535413,IN03B063,2,steering_control,True,0.08560311284046693,0.0002250879244658642,3,165,1.0719303502088697,1.8501170960187354,12.00756378485611,75,17.314397756777275,8.823529411764707,28.445574457004092,272
720575941505725790,IN08B051,5,steering_control,True,0.08949416342412451,0.00339745525057716,5,160,0.613632588411596,0.9882352941176471,14.478845092166658,75,9.603373921490464,14.705882352941178,28.43567347861085,273
720575941610953446,IN03B065,3,power_control,False,0.0,0.0,1,14,0.8663366336633664,0.8663366336633664,0.0,100,11.257272879186655,2.941176470588235,28.402553513914313,274
720575941573188278,IN06B047,5,steering_control,True,0.10894941634241245,0.002441437526873665,3,122,0.7678320759932413,1.12209457654288,16.59454999825805,75,11.518565811572026,8.823529411764707,28.372712334723364,275
720575941687911663,INXXX142,2,steering_control,True,0.09857328145265888,0.00034366872488869626,3,119,0.987184876421392,1.4155251141552512,13.878330971892737,75,14.691146327373897,8.823529411764707,28.350991755764237,276
720575941487942608,IN01A024,5,steering_control,True,0.0946822308690013,0.0009680979608243509,3,133,0.951867000664946,1.4933784164553396,13.718989102542384,75,14.724590103066284,8.823529411764707,28.311550138882225,277
720575941410007663,IN11B017,5,steering_control,True,0.11673151750972763,0.009851908984315323,2,32,0.4809362552394292,0.4868549172346641,22.18605940531495,75,6.275088273653893,5.88235294117647,28.151060478243252,278
720575941414464660,IN12A018,2,steering_control,True,0.13748378728923474,0.0015999472011038985,2,37,0.6223198913520045,0.776255707762557,20.038985554543675,75,8.75621342650397,5.88235294117647,28.12721961122439,279
720575941610536924,dMS2,5,steering_control,True,0.07392996108949416,0.0003821971227883465,2,141,1.4956678849973595,1.6564253272775848,10.484525436770907,75,20.13427118556194,5.88235294117647,28.10539601565705,280
720575941438748351,IN17A027,2,steering_control,True,0.09857328145265888,0.00034366872488869626,2,100,1.1312681100126107,1.4406184118060434,13.878330971892737,75,16.045696120561402,5.88235294117647,28.101393909943464,281
720575941470077047,IN06B047,5,steering_control,True,0.07522697795071336,0.0002523930287895343,4,191,0.9856033823445722,1.5482054890921886,10.58534144551011,75,15.254722533777425,11.76470588235294,28.092224243567976,282
720575941546727713,IN17A039,2,steering_control,True,0.08560311284046693,0.0002250879244658642,4,184,0.8934151069150855,1.2646370023419204,12.00756378485611,75,13.224189817668602,11.76470588235294,28.01125776634457,283
720575941516842094,IN17A048,5,steering_control,True,0.08041504539559013,0.004455518428339678,2,70,1.0300492897970484,1.5377105198926042,13.864126465590314,75,15.593229022322639,5.88235294117647,27.984015783493046,284
720575941565168942,IN06A003,5,steering_control,True,0.05058365758754864,0.0007647072901296796,6,237,0.838443049135286,1.5105740181268883,7.480032859049015,75,13.819026757795719,17.647058823529413,27.97817831186952,285
720575941535907521,IN06B079,1,power_control,False,0.0,0.0,1,26,0.7332205301748449,0.7332205301748449,0.0,100,9.527547685357877,2.941176470588235,27.970122215457117,286
720575941533738986,IN06B047,5,steering_control,True,0.07522697795071336,0.000569582280742166,3,165,1.1268234664811307,1.6271921894774906,10.778483829860308,75,16.818996107032348,8.823529411764707,27.953000058069122,287
720575941456667373,IN01A024,5,steering_control,True,0.09597924773022048,0.0015991169600066638,3,109,0.7856310012493538,1.2823938017632914,14.283084321977034,75,12.36981582867898,8.823529411764707,27.892085136115796,288
720575941723242042,IN14B007,5,steering_control,True,0.10505836575875487,0.003296476671502793,4,81,0.48873067745839305,0.6734006734006733,16.575630754660764,75,7.1540542225989014,11.76470588235294,27.864143958518543,289
720575941474437681,IN07B031,5,steering_control,True,0.11413748378728923,0.002359098468313891,3,57,0.6258892336106161,0.7044237813468582,17.26383668763509,75,8.474549369225029,8.823529411764707,27.812494230949728,290
720575941623347099,IN11A028,2,steering_control,True,0.13748378728923474,0.0015999472011038985,2,33,0.5421171387935368,0.6392694063926941,20.038985554543675,75,7.467004786540473,5.88235294117647,27.804917451233514,291
720575941613403100,IN17A033,2,steering_control,True,0.08560311284046693,0.0002250879244658642,3,168,0.9824479874514006,1.4016765150474098,12.00756378485611,75,14.589952818721137,8.823529411764707,27.764463222490058,292
720575941469045824,IN03B063,2,steering_control,True,0.09857328145265888,0.00034366872488869626,3,68,0.8196234721807745,1.187214611872146,13.878330971892737,75,12.249537107912072,8.823529411764707,27.74058945089878,293
720575941608991050,w-cHIN,2,steering_control,True,0.09857328145265888,0.00034366872488869626,2,60,0.9625060567262552,1.4155251141552512,13.878330971892737,75,14.47783593857437,5.88235294117647,27.709428864446707,294
720575941460571588,IN06B047,5,steering_control,True,0.10505836575875487,0.0008741331686495863,4,122,0.5886800471480925,0.7213230119634061,15.10062112877928,75,8.226455884252037,11.76470588235294,27.689741486167378,295
720575941657510992,IN17A033,2,steering_control,True,0.09857328145265888,0.00034366872488869626,2,91,0.9398354495775534,1.4230498945888967,13.878330971892737,75,14.314621135529402,5.88235294117647,27.668625163685466,296
720575941431099567,IN12A006,5,steering_control,True,0.06874189364461737,0.010460657531318836,2,116,0.829899448185425,1.04959630911188,15.902061361659449,75,11.739628115060643,5.88235294117647,27.63199602549829,297
720575941505610263,IN19B058,5,steering_control,True,0.10765239948119325,0.007513850299811265,2,30,0.5273377681404438,0.6198929275852353,19.503379553747425,75,7.254959623780952,5.88235294117647,27.591224360304757,298
720575941567639922,IN06B038,2,steering_control,True,0.09857328145265888,0.00034366872488869626,2,66,0.9730712335184848,1.2785388127853883,13.878330971892737,75,13.973176257576707,5.88235294117647,27.58326394419729,299
720575941456678893,IN19A142,5,steering_control,True,0.0907911802853437,0.004037384473209392,2,41,0.8333542357249528,1.1804384485666104,15.048365910960733,75,12.338737701731798,5.88235294117647,27.52566478695646,300
720575941409016235,IN19B075,5,steering_control,True,0.12840466926070038,0.00014456013964633747,2,8,0.6063907044299202,0.7716049382716049,17.893780730342208,75,8.598296270588817,5.88235294117647,27.44417887498516,301
720575941570817352,IN12A050,2,steering_control,True,0.09857328145265888,0.00034366872488869626,2,53,0.872922663226767,1.3242009132420092,13.878330971892737,75,13.306205892355297,5.88235294117647,27.416521352891937,302
720575941498482043,IN19A017,3,power_control,False,0.0,0.0,1,9,0.5569306930693069,0.5569306930693069,0.0,100,7.236818279477133,2.941176470588235,27.397439863986932,303
720575941549283839,IN07B086,2,steering_control,True,0.12062256809338522,0.0019440614110572242,3,75,0.43330873769342565,0.468384074941452,17.910393545902508,75,5.783061576836003,8.823529411764707,27.333589340332697,304
720575941596078961,IN06B047,2,steering_control,True,0.09857328145265888,0.00034366872488869626,2,81,0.9081800299707674,1.1770906535488406,13.878330971892737,75,12.970926372729148,5.88235294117647,27.332701472985402,305
720575941521485643,IN06B052,1,power_control,False,0.0,0.0,1,22,0.5148607535689211,0.5148607535689211,0.0,100,6.690156888784124,2.941176470588235,27.260774516313678,306
720575941459912262,IN03B024,5,steering_control,True,0.10505836575875487,0.008146820193510531,2,12,0.4407190509899822,0.47493403693931396,19.529094363503383,75,5.875608910689691,5.88235294117647,27.25410112495873,307
720575941626975782,IN06A022,2,steering_control,True,0.09857328145265888,0.00034366872488869626,2,64,0.8993155498223895,1.095890410958904,13.878330971892737,75,12.541032811197429,5.88235294117647,27.22522808260247,308
720575941545408904,INFST153,3,power_control,False,0.0,0.0,1,8,0.49504950495049505,0.49504950495049505,0.0,100,6.43272735953523,2.941176470588235,27.196417134001457,309
720575941514046355,IN06B038,2,steering_control,True,0.08560311284046693,0.0002250879244658642,2,111,1.033640686916109,1.3114754098360655,12.00756378485611,75,14.640001484700718,5.88235294117647,27.188740094867306,310
720575941630302405,IN17A039,2,steering_control,True,0.09857328145265888,0.00034366872488869626,3,78,0.662801058068629,0.9838369641602248,13.878330971892737,75,10.009224026709804,8.823529411764707,27.180511180598213,311
720575941612027238,IN16B069,5,steering_control,True,0.07133592736705577,0.00026783286666045474,2,118,1.24955765981407,1.4088475626937165,10.055174702170081,75,16.929903278645956,5.88235294117647,27.175498818547805,312
720575941474337310,IN06A042,2,steering_control,True,0.09857328145265888,0.00034366872488869626,2,65,0.894053016811226,1.0502283105022832,13.878330971892737,75,12.29688653035997,5.88235294117647,27.164191512393106,313
720575941508354770,IN16B068,5,steering_control,True,0.07392996108949416,0.0003821971227883465,2,118,1.1589708923368682,1.4362960459614735,10.484525436770907,75,16.26633891097709,5.88235294117647,27.13841294701084,314
720575941350409264,IN08B073,5,steering_control,True,0.0907911802853437,0.006988615324705995,2,48,0.639237376866836,0.6815968841285297,16.84542479589118,75,8.49061168484775,5.88235294117647,27.102750948214585,315
720575941533191105,IN19B055,3,power_control,False,0.0,0.0,1,11,0.45586406962287607,0.45586406962287607,0.0,100,5.923547531242138,2.941176470588235,27.069122176928182,316
720575941457073478,IN12A050,2,steering_control,True,0.10505836575875487,0.002750305135697819,3,69,0.49770712544764023,0.5386416861826698,16.243056835335985,75,6.645352690744363,8.823529411764707,27.048961105639826,317
720575941459312966,IN06A022,2,steering_control,True,0.11932555123216601,0.0020920224059374076,2,49,0.5064875967091329,0.6088992974238876,17.82063360891558,75,7.026912572858035,5.88235294117647,27.029388814124477,318
720575941512987129,IN08B051,5,steering_control,True,0.07522697795071336,0.002169345468849973,4,138,0.6987720088728191,0.8133860097606322,11.752609134058694,75,9.578565164036116,11.76470588235294,27.023365207697225,319
720575941526718564,INXXX146,5,steering_control,True,0.07003891050583658,0.0007190622611146103,4,187,0.7978186367491586,1.0529726227118095,10.15008048582533,75,11.477028063922093,11.76470588235294,27.017222338198707,320
720575941555938899,IN17A083,1,power_control,False,0.0,0.0,1,23,0.4395184406650105,0.4395184406650105,0.0,100,5.711150642537872,2.941176470588235,27.016022954752117,321
720575941513220601,IN06B077,1,power_control,False,0.0,0.0,1,15,0.4230118443316413,0.4230118443316413,0.0,100,5.4966621261680055,2.941176470588235,26.96240082565965,322
720575941522790475,IN06B079,1,power_control,False,0.0,0.0,1,15,0.4230118443316413,0.4230118443316413,0.0,100,5.4966621261680055,2.941176470588235,26.96240082565965,323
720575941583296902,IN03B063,2,steering_control,True,0.08560311284046693,0.0002250879244658642,2,103,0.9641570647502204,1.2412177985948478,12.00756378485611,75,13.733756350993566,5.88235294117647,26.96217881144052,324
720575941433406752,IN17A049,2,steering_control,True,0.09857328145265888,0.00034366872488869626,3,71,0.631172378975111,0.8432888264230498,13.878330971892737,75,9.124367142600017,8.823529411764707,26.959296959570768,325
720575941533258689,IN03B081,1,power_control,False,0.0,0.0,1,18,0.4212497074654809,0.4212497074654809,0.0,100,5.47376472718701,2.941176470588235,26.956676475914403,326
720575941486968326,IN03B024,5,steering_control,True,0.13229571984435798,0.0002718992610083459,2,7,0.44676673444165366,0.4629629629629629,18.510888214743055,75,5.875799874964736,5.88235294117647,26.948687021399394,327
720575941642476961,IN19B066,3,power_control,False,0.0,0.0,1,10,0.4144218814753419,0.4144218814753419,0.0,100,5.385043210220127,2.941176470588235,26.93449609667268,328
720575941606544493,IN17A045,1,power_control,False,0.0,0.0,1,21,0.4094365373367128,0.4094365373367128,0.0,100,5.320263103752866,2.941176470588235,26.918301070055865,329
720575941429466839,IN11A040,5,steering_control,True,0.10894941634241245,6.101849292403944e-05,2,7,0.7129546437722538,0.8086253369272237,15.145068954561511,75,9.680440182115815,5.88235294117647,26.8901013201327,330
720575941560090862,IN03B086,5,steering_control,True,0.1245136186770428,0.000261600123856182,2,55,0.5052893005649417,0.5552570302704639,17.425480189571868,75,6.7831764534102845,5.88235294117647,26.849908758459424,331
720575941654985945,IN03A003,5,steering_control,False,0.0,0.0,2,138,1.8191405220142367,2.7155286053256,0.0,75,27.537980946324765,5.88235294117647,26.810965824816485,332
720575941438935131,IN17A049,2,steering_control,True,0.09857328145265888,0.00034366872488869626,2,67,0.7852004094507392,0.9311314125087842,13.878330971892737,75,10.837874540010004,5.88235294117647,26.799438514805615,333
720575941445311658,IN03B089,5,steering_control,True,0.125810635538262,0.00014660332961911827,2,33,0.4807114731678547,0.5194339960594662,17.53531263617637,75,6.414885526962371,5.88235294117647,26.790785760828797,334
720575941603749817,INXXX095,5,steering_control,True,0.0933852140077821,0.0012923284483581671,2,93,0.7509746702288911,1.02765603747922,13.736562909967471,75,10.961990531913074,5.88235294117647,26.7879370942038,335
720575941474413873,IN17A027,2,steering_control,True,0.08560311284046693,0.0002250879244658642,3,120,0.7496741253896629,0.8899297423887589,12.00756378485611,75,10.351550508424095,8.823529411764707,26.7048626449158,336
720575941501786930,IN12A061,5,steering_control,True,0.07782101167315175,0.010942514289793598,2,49,0.4674445524317852,0.4869825810076793,17.45446563288585,75,6.159028701553845,5.88235294117647,26.70256745348951,337
720575941488732876,IN12A050,2,steering_control,True,0.08560311284046693,0.0002250879244658642,2,84,0.8336087618781578,1.2412177985948478,12.00756378485611,75,12.605367328067743,5.88235294117647,26.680081555709062,338
720575941539741788,IN06B038,2,steering_control,True,0.08560311284046693,0.0002250879244658642,2,108,0.9501254956506964,1.0070257611241218,12.00756378485611,75,12.59358761017943,5.88235294117647,26.677136626236983,339
720575941513791820,IN17A063,5,steering_control,True,0.0907911802853437,0.0020174436617008177,2,67,0.7003848437012798,0.9885118888592038,13.818386703975179,75,10.354416929408517,5.88235294117647,26.660590831779977,340
720575941503638578,IN08B078,4,steering_control,True,0.08560311284046693,0.005168548825411215,2,35,0.6275454978808045,0.7805325987144168,15.0177282827791,75,8.81998799991292,5.88235294117647,26.636786073047254,341
720575941543315205,IN19B089,5,steering_control,True,0.07003891050583658,0.006556775768762567,2,68,0.704055619578492,0.9885118888592038,13.704771885611041,75,10.386145133562394,5.88235294117647,26.634438437309203,342
720575941457153094,IN19B037,5,steering_control,True,0.05058365758754864,0.0007647072901296796,6,163,0.5658111463969864,0.7905138339920948,7.480032859049015,75,8.329814462225757,17.647058823529413,26.605875237977028,343
720575941501842626,IN06B066,5,steering_control,True,0.11932555123216601,0.0002884237386007044,2,30,0.5090694797298401,0.512236767216847,16.722389122774313,75,6.628684200976931,5.88235294117647,26.60035837531182,344
720575941532246762,IN11B002,5,steering_control,True,0.058365758754863814,0.0132474643313566,2,32,0.5483756499060348,0.5854800936768151,16.160150488883026,75,7.287081538033546,5.88235294117647,26.59628611940859,345
720575941522089463,IN08B051,5,steering_control,True,0.07392996108949416,0.002110786712457997,3,123,0.7198274766858667,0.9787314135140222,11.537095512384896,75,10.479917129555188,8.823529411764707,26.59581381845721,346
720575941684748271,IN17A082,5,steering_control,True,0.11024643320363164,0.001159908965350285,2,43,0.5337332572106639,0.6045035514583648,15.994059741407344,75,7.243284997946866,5.88235294117647,26.535509760144212,347
720575941592094422,IN06A022,2,steering_control,True,0.09857328145265888,0.00034366872488869626,2,57,0.7394981982242159,0.776255707762557,13.878330971892737,75,9.769039424933192,5.88235294117647,26.532229736036413,348
720575941533831194,IN06B038,2,steering_control,True,0.09857328145265888,0.00034366872488869626,2,56,0.7307139396156426,0.776255707762557,13.878330971892737,75,9.69311303776162,5.88235294117647,26.51324813924352,349
720575941576941045,IN11A035,4,steering_control,True,0.09597924773022048,0.0013889310815535668,2,25,0.6887737620437756,0.7805325987144168,14.155098264847853,75,9.349212046908052,5.88235294117647,26.510303079416662,350
720575941684990447,IN12A050,2,steering_control,True,0.09857328145265888,0.00034366872488869626,2,47,0.6797491953779558,0.8675799086757991,13.878330971892737,75,9.649920889235533,5.88235294117647,26.502450102111997,351
720575941496878498,IN06A016,5,steering_control,True,0.07263294422827496,0.0008859866968667885,2,39,0.8870344080222191,1.3466042154566744,10.611436082986959,75,13.525649105066766,5.88235294117647,26.491313689398073,352
720575941428412809,IN17A034,2,steering_control,True,0.09857328145265888,0.00034366872488869626,2,60,0.6534766410920398,0.8959943780744906,13.878330971892737,75,9.546456512222946,5.88235294117647,26.47658400785885,353
720575941399309603,IN03B066,2,steering_control,True,0.07522697795071336,0.0,1,27,1.2328767123287672,1.2328767123287672,10.431654676258992,75,16.020134711828835,2.941176470588235,26.472765374952555,354
720575941477884802,IN18B020,5,steering_control,True,0.0946822308690013,0.001735867967511459,3,82,0.5018890022464274,0.5431728788162578,14.186498416969787,75,6.701212205515693,8.823529411764707,26.4459584588228,355
720575941496830370,w-cHIN,4,steering_control,False,0.0,0.0,2,73,1.6758494031221305,2.6629935720844813,0.0,75,26.070888395660862,5.88235294117647,26.444192687150508,356
720575941667146417,IN17A049,2,steering_control,True,0.08560311284046693,0.0002250879244658642,3,108,0.6463200332724119,0.8382575237048235,12.00756378485611,75,9.23340585143031,8.823529411764707,26.42532648066735,357
720575941496949410,IN16B069,5,steering_control,True,0.07392996108949416,0.0003821971227883465,2,92,0.9834873017895205,1.12209457654288,10.484525436770907,75,13.382573111334379,5.88235294117647,26.41747149710016,358
720575941568855540,IN19B007,5,steering_control,True,0.07392996108949416,0.0003821971227883465,2,85,0.9390741053910072,1.2022441891530857,10.484525436770907,75,13.347392288597023,5.88235294117647,26.40867629141582,359
720575941543813125,IN11A040,5,steering_control,True,0.11024643320363164,0.00016685976497805304,2,9,0.5261799119605836,0.6458557588805167,15.389373771891602,75,7.357906915418122,5.88235294117647,26.382759448657307,360
720575941498287522,IN19B089,5,steering_control,True,0.07392996108949416,0.003674647942005267,2,66,0.728653460896904,1.0425471963933504,12.489359451998773,75,10.833844264644242,5.88235294117647,26.381739489995987,361
720575941488015312,IN18B049,5,steering_control,True,0.08560311284046693,0.005168548825411215,2,35,0.5493481903375727,0.6854732401792776,15.0177282827791,75,7.730522770170179,5.88235294117647,26.36441976561157,362
720575941651851797,INXXX142,2,steering_control,True,0.08560311284046693,0.0002250879244658642,2,100,0.8467714035334453,0.9207090834134947,12.00756378485611,75,11.324717060017571,5.88235294117647,26.35991898869652,363
720575941667164081,IN12A035,2,steering_control,True,0.09857328145265888,0.00034366872488869626,2,43,0.6305653693239249,0.821917808219178,13.878330971892737,75,9.02614267254021,5.88235294117647,26.34650554793817,364
720575941477573344,IN16B069,5,steering_control,True,0.07133592736705577,0.00026783286666045474,2,99,1.0122356276202429,1.0143702451394758,10.055174702170081,75,13.162387320823818,5.88235294117647,26.233619829092273,365
720575941678358973,w-cHIN,4,steering_control,False,0.0,0.0,2,46,1.7164179104477615,2.3880597014925375,0.0,75,25.225399797003803,5.88235294117647,26.232820537486244,366
720575941688644470,INXXX095,5,steering_control,True,0.0946822308690013,0.0012160334620958772,2,66,0.5968769362205282,0.7707420281094152,13.869961601092857,75,8.512310176887716,5.88235294117647,26.215536612785083,367
720575941470474763,IN11B004,5,steering_control,True,0.08041504539559013,0.0024096775332530873,3,50,0.5450681147243184,0.5804749340369393,12.61837622012747,75,7.236717295733782,8.823529411764707,26.109398072324627,368
720575941564059399,IN11A019,5,steering_control,True,0.07911802853437094,0.0008504136362302956,2,81,0.7559940497384631,1.0043738862789566,11.489055565952711,75,10.904082861504158,5.88235294117647,26.099207973397146,369
720575941530853507,IN11A037,2,steering_control,True,0.09857328145265888,0.00034366872488869626,2,41,0.5708564772475668,0.684931506849315,13.878330971892737,75,7.914071894169965,5.88235294117647,26.068487853345605,370
720575941495662971,IN12A050,2,steering_control,True,0.08560311284046693,0.0002250879244658642,2,79,0.7266743668656725,0.8899297423887589,12.00756378485611,75,10.152753017553232,5.88235294117647,26.066927978080436,371
720575941514103107,IN19B089,5,steering_control,True,0.07392996108949416,0.003674647942005267,2,65,0.6729403099980464,0.84530853761623,12.489359451998773,75,9.494173635345907,5.88235294117647,26.0468218326714,372
720575941536368370,IN11B016,5,steering_control,True,0.0920881971465629,0.0006604069447381862,2,47,0.6453635967189473,0.6762468300929839,13.171918138938919,75,8.520287211458012,5.88235294117647,26.008117832781473,373
720575941501721138,w-cHIN,4,steering_control,False,0.0,0.0,2,71,1.6299357208448118,2.3415977961432506,0.0,75,24.275754999418563,5.88235294117647,25.995409338089935,374
720575941619873663,IN12A015,2,steering_control,True,0.08300907911802853,0.004571670678591706,2,33,0.4947779948355966,0.5854800936768151,14.294565942783187,75,6.823812354861425,5.88235294117647,25.920793459785607,375
720575941533819162,IN17A039,2,steering_control,True,0.08560311284046693,0.0002250879244658642,2,83,0.7009331958926122,0.7695478906142641,12.00756378485611,75,9.406521012814002,5.88235294117647,25.880369976895626,376
720575941521236915,IN18B038,5,steering_control,True,0.10894941634241245,0.00012469771516079585,2,7,0.4242465076584468,0.44198895027624313,15.183844407199516,75,5.58989662279761,5.88235294117647,25.87909806609455,377
720575941642447973,IN17A113,5,steering_control,True,0.09727626459143969,0.0013807620509388011,2,43,0.4493701965352245,0.49504950495049505,14.329980106580953,75,6.037900088274969,5.88235294117647,25.73493964227832,378
720575941491903152,IN07B048,5,steering_control,True,0.08041504539559013,3.6390948154583664e-05,2,6,0.7161629803139238,0.8086253369272237,11.17323825605573,75,9.708171310409533,5.88235294117647,25.705484892654393,379
720575941405813295,IN06B066,5,steering_control,True,0.09857328145265888,9.681427141469854e-05,2,9,0.4901010413383369,0.5382131324004306,13.728016743280246,75,6.57774532039641,5.88235294117647,25.68931194131847,380
720575941401776931,IN12A015,5,steering_control,True,0.057068741893644616,0.0011531335358069578,3,54,0.6329205361504928,1.0554089709762533,8.615833337997884,75,10.062337638231659,8.823529411764707,25.61504029331022,381
720575941496146657,IN12A018,2,steering_control,True,0.07522697795071336,0.0,2,34,0.776255707762557,0.776255707762557,10.431654676258992,75,10.086751485225562,5.88235294117647,25.577654862419383,382
720575941520064435,IN03B069,5,steering_control,True,0.08300907911802853,0.003333792678492629,2,42,0.4630394739107232,0.5223880597014926,13.540799202573798,75,6.274990404820592,5.88235294117647,25.557457950212584,383
720575941447025845,IN06A022,2,steering_control,True,0.09857328145265888,0.00034366872488869626,2,35,0.4479169674974409,0.45662100456621,13.878330971892737,75,5.858150231095366,5.88235294117647,25.554507437576955,384
720575941527099981,IN06B013,5,steering_control,False,0.0,0.0,2,247,1.4244521337946943,2.3298731257208765,0.0,75,22.448655921675062,5.88235294117647,25.538634568654057,385
720575941514097043,IN12A018,2,steering_control,True,0.07522697795071336,0.0,2,30,0.684931506849315,0.91324200913242,10.431654676258992,75,9.893373778409325,5.88235294117647,25.529310435715324,386
720575941630620576,IN17A064,5,steering_control,False,0.0,0.0,1,78,1.9038320722479862,1.9038320722479862,0.0,75,24.73860197140275,2.941176470588235,25.522885786968335,387
720575941571499515,IN06A044,5,steering_control,True,0.05188067444876783,0.0003888833046301402,2,79,0.8827767913397102,1.3176470588235294,7.431042819350221,75,13.362866131232813,5.88235294117647,25.496499966848564,388
720575941479369346,IN17A064,5,steering_control,False,0.0,0.0,2,117,1.5423147904033747,2.056419720537833,0.0,75,22.277697189927252,5.88235294117647,25.495894885717107,389
720575941663099516,IN07B031,5,steering_control,True,0.07263294422827496,0.0008859866968667885,3,39,0.5170828377426049,0.6144803633449105,10.611436082986959,75,7.142773374852325,8.823529411764707,25.483830050962112,390
720575941436996882,IN18B039,5,steering_control,True,0.06744487678339818,0.0003686239163356809,3,98,0.5830845771741903,0.7679340700505713,9.576979885538101,75,8.380880033423608,8.823529411764707,25.483019856370273,391
720575941542469212,IN08B006,5,steering_control,True,0.08690012970168612,0.0008165503609187982,2,41,0.5400902830641399,0.5742783738854466,12.547572283838486,75,7.166732546913014,5.88235294117647,25.48242541011509,392
720575941569376250,IN17A035,5,steering_control,True,0.07522697795071336,0.0011703003215104753,2,105,0.6629417645045876,0.7145801841418167,11.144272121871845,75,8.83899838200386,5.88235294117647,25.479501820297813,393
720575941551443610,IN06A042,2,steering_control,True,0.08560311284046693,0.0002250879244658642,2,62,0.561481604966918,0.6557377049180327,12.00756378485611,75,7.706028565982878,5.88235294117647,25.455246865187846,394
720575941452199475,IN17A064,5,steering_control,False,0.0,0.0,2,108,1.4236751911415766,2.2409702082784073,0.0,75,22.055155028954196,5.88235294117647,25.440259345473844,395
720575941489006823,IN00A022,5,steering_control,True,0.0622568093385214,0.0023055210275049714,3,66,0.5656699713381211,0.6327445293962563,10.036967791664546,75,7.642195298671085,8.823529411764707,25.436345044520078,396
720575941452198707,IN17A064,5,steering_control,False,0.0,0.0,2,110,1.4500395465330873,2.135512786712365,0.0,75,21.824226015324207,5.88235294117647,25.382527092066343,397
720575941588018942,IN11B017,5,steering_control,True,0.07392996108949416,0.00039098892282530195,2,73,0.6597746667564728,0.7389162561576355,10.4898789259305,75,8.917501415482182,5.88235294117647,25.302809619884986,398
720575941630622624,IN13B008,5,steering_control,True,0.07522697795071336,0.0002523930287895343,2,55,0.6266942606465153,0.760777683854607,10.58534144551011,75,8.726683657492702,5.88235294117647,25.2837439362615,399
720575941560635816,IN13A006,5,steering_control,True,0.07911802853437094,0.0,1,6,0.8130081300813009,0.8130081300813009,10.971223021582734,75,10.564316476635094,2.941176470588235,25.270681319751244,400
720575941564553223,IN06A022,2,steering_control,True,0.08560311284046693,0.0002250879244658642,2,56,0.5057399094191414,0.5854800936768151,12.00756378485611,75,6.918561224162655,5.88235294117647,25.25838002973279,401
720575941520331511,IN06A044,5,steering_control,True,0.05058365758754864,0.0007647072901296796,2,74,0.8112689447248753,1.2084592145015105,7.480032859049015,75,12.269752901367378,5.88235294117647,25.237918671291844,402
720575941496227041,IN06B038,2,steering_control,True,0.08560311284046693,0.0002250879244658642,2,55,0.494030307545605,0.5620608899297423,12.00756378485611,75,6.715461006166044,5.88235294117647,25.207604975233636,403
720575941457930655,dMS2,5,steering_control,True,0.07392996108949416,0.0003821971227883465,2,58,0.6176765966291295,0.6946299759551162,10.484525436770907,75,8.36095435760611,5.88235294117647,25.16206680866809,404
720575941542432092,IN12A006,5,steering_control,True,0.054474708171206226,0.004496746592879769,2,58,0.6014156905805621,0.7645663063538096,10.292108753050497,75,8.524672318419661,5.88235294117647,25.145271293755357,405
720575941438938175,IN06B042,5,steering_control,True,0.042801556420233464,0.0002225568415484105,3,45,0.8204445323265341,0.9498680738786279,6.070770763234419,75,11.224022346969882,8.823529411764707,25.14194269806574,406
720575941507848208,IN17A064,5,steering_control,False,0.0,0.0,1,73,1.7817915547961922,1.7817915547961922,0.0,75,23.152794152723093,2.941176470588235,25.12643383229842,407
720575941439063503,IN11B017,5,steering_control,True,0.07392996108949416,0.00039098892282530195,2,66,0.597061457001373,0.6509500351864884,10.4898789259305,75,7.992732118637422,5.88235294117647,25.071617295673796,408
720575941457431280,IN17A029,5,steering_control,True,0.07522697795071336,0.0020814958741243858,2,72,0.4876331782340194,0.5190311418685121,11.69911589592075,75,6.472960329925171,5.88235294117647,25.054445439492813,409
720575941583588830,IN19B033,5,steering_control,True,0.058365758754863814,0.0015522526225235473,3,72,0.5299513266519239,0.5993844160051839,9.038720424595423,75,7.188324469423501,8.823529411764707,25.023403127087445,410
720575941515693315,IN19A019,5,steering_control,True,0.08819714656290531,0.0,1,4,0.6172839506172839,0.6172839506172839,12.230215827338128,75,8.02105510263035,2.941176470588235,25.012563817976673,411
720575941549386239,IN11A037,2,steering_control,True,0.07522697795071336,0.0,1,17,0.776255707762557,0.776255707762557,10.431654676258992,75,10.086751485225562,2.941176470588235,24.989419568301738,412
720575941559274867,IN03B070,4,steering_control,False,0.0,0.0,1,23,1.7164179104477613,1.7164179104477613,0.0,75,22.30332187492588,2.941176470588235,24.91406576284912,413
720575941447786574,IN03B072,2,steering_control,True,0.07522697795071336,0.0,2,23,0.5251141552511416,0.6392694063926941,10.431654676258992,75,7.3200401798459716,5.88235294117647,24.885977036074486,414
720575941559310125,dMS2,5,steering_control,True,0.07133592736705577,0.00026783286666045474,2,58,0.5924749514493104,0.5932339265672599,10.055174702170081,75,7.701986291259185,5.88235294117647,24.868519571701114,415
720575941659696184,IN06A019,5,steering_control,True,0.05188067444876783,0.0003888833046301402,3,79,0.5885178608931402,0.7764705882352941,7.431042819350221,75,8.464981800755668,8.823529411764707,24.860264178346924,416
720575941412323473,IN03B066,2,steering_control,True,0.07522697795071336,0.0,1,16,0.730593607305936,0.730593607305936,10.431654676258992,75,9.493413162565234,2.941176470588235,24.841084987636656,417
720575941471203447,IN03B066,2,steering_control,True,0.07522697795071336,0.0,2,23,0.5251141552511416,0.593607305936073,10.431654676258992,75,7.121380392145088,5.88235294117647,24.836312089149263,418
720575941499420555,IN17A048,5,steering_control,False,0.0,0.0,1,64,1.6873187450566836,1.6873187450566836,0.0,75,21.925204140277213,2.941176470588235,24.819536329186953,419
720575941536294293,IN06A044,5,steering_control,True,0.05058365758754864,0.0007647072901296796,3,81,0.595071697133959,0.697188008366256,7.480032859049015,75,8.176698916971635,8.823529411764707,24.802890469310555,420
720575941535047690,IN06A005,5,steering_control,True,0.0622568093385214,0.0023055210275049714,2,44,0.5555626698488365,0.61020258725897,10.036967791664546,75,7.45676115747149,5.88235294117647,24.80175121510253,421
720575941604997997,IN11B017,5,steering_control,True,0.059662775616083005,0.00010757705510278918,2,80,0.6884103421555481,0.7774362683059122,8.338886947491714,75,9.332599793790465,5.88235294117647,24.761286620930424,422
720575941513242202,IN06A022,2,steering_control,True,0.07522697795071336,0.0,2,22,0.502283105022831,0.547945205479452,10.431654676258992,75,6.725381336964482,5.88235294117647,24.737312325354115,423
720575941474786625,IN03B072,2,steering_control,True,0.07522697795071336,0.0,1,15,0.684931506849315,0.684931506849315,10.431654676258992,75,8.900074839904907,2.941176470588235,24.692750406971573,424
720575941659675704,IN03B072,2,steering_control,True,0.07522697795071336,0.0,1,15,0.684931506849315,0.684931506849315,10.431654676258992,75,8.900074839904907,2.941176470588235,24.692750406971573,425
720575941625319225,IN03B068,4,steering_control,False,0.0,0.0,1,22,1.6417910447761193,1.6417910447761193,0.0,75,21.33361222818997,2.941176470588235,24.67163835116514,426
720575941464768790,IN06A004,5,steering_control,True,0.07392996108949416,0.00039098892282530195,2,52,0.46992975487822863,0.5277973258268824,10.4898789259305,75,6.358080092326444,5.88235294117647,24.662954289096053,427
720575941523100491,IN08B051,5,steering_control,True,0.059662775616083005,0.0004542868690818919,2,68,0.651357448275445,0.6815968841285297,8.550004946406563,75,8.595371036242414,5.88235294117647,24.640314831217864,428
720575941625963419,IN04B006,5,steering_control,True,0.06485084306095978,0.0010294653761598258,2,42,0.5422764510764999,0.5576208178438662,9.619666205847437,75,7.113157417120934,5.88235294117647,24.59065980426976,429
720575941464073558,IN06A019,5,steering_control,True,0.05058365758754864,0.0007647072901296796,3,73,0.531626815614731,0.6274692075296305,7.480032859049015,75,7.324993571121531,8.823529411764707,24.589964132848028,430
720575941512798796,IN03B069,4,steering_control,False,0.0,0.0,2,52,1.1937557392102847,1.8824609733700643,0.0,75,18.508107492310863,5.88235294117647,24.55349746131301,431
720575941650775313,IN11A028,2,steering_control,True,0.07522697795071336,0.0,1,14,0.6392694063926941,0.6392694063926941,10.431654676258992,75,8.306736517244582,2.941176470588235,24.544415826306494,432
720575941546491681,IN06A019,5,steering_control,True,0.05188067444876783,0.0003888833046301402,3,72,0.5336159001088264,0.5882352941176471,7.431042819350221,75,7.17149314330573,8.823529411764707,24.53689201398444,433
720575941449065565,IN03B052,5,steering_control,True,0.08819714656290531,0.0,1,3,0.4629629629629629,0.4629629629629629,12.230215827338128,75,6.015791326972761,2.941176470588235,24.511247874062278,434
720575941474571572,IN18B038,5,steering_control,True,0.08819714656290531,0.0,1,3,0.4629629629629629,0.4629629629629629,12.230215827338128,75,6.015791326972761,2.941176470588235,24.511247874062278,435
720575941474704948,IN06A048,5,steering_control,True,0.08819714656290531,0.0,1,3,0.4629629629629629,0.4629629629629629,12.230215827338128,75,6.015791326972761,2.941176470588235,24.511247874062278,436
720575941526668109,IN07B048,5,steering_control,True,0.08819714656290531,0.0,1,3,0.4629629629629629,0.4629629629629629,12.230215827338128,75,6.015791326972761,2.941176470588235,24.511247874062278,437
720575941592149718,IN06A070,5,steering_control,True,0.05188067444876783,0.0003888833046301402,2,66,0.699421501804227,0.7400194741966893,7.431042819350221,75,9.264986959843553,5.88235294117647,24.472030174001247,438
720575941393490326,IN03B066,2,steering_control,True,0.07522697795071336,0.0,1,13,0.593607305936073,0.593607305936073,10.431654676258992,75,7.713398194584253,2.941176470588235,24.396081245641412,439
720575941479098819,IN03B072,2,steering_control,True,0.07522697795071336,0.0,1,13,0.593607305936073,0.593607305936073,10.431654676258992,75,7.713398194584253,2.941176470588235,24.396081245641412,440
720575941564530327,IN17A105,5,steering_control,True,0.058365758754863814,0.0013903021112698364,2,61,0.5163809411340043,0.6037000973709835,8.940105771993807,75,7.08980540249169,5.88235294117647,24.380953670456357,441
720575941563316022,IN03B069,4,steering_control,False,0.0,0.0,2,34,1.2686567164179103,1.5671641791044775,0.0,75,17.78376529321173,5.88235294117647,24.372411911538226,442
720575941514065043,IN06A044,5,steering_control,True,0.05188067444876783,0.0003888833046301402,2,60,0.6450541268113867,0.7058823529411765,7.431042819350221,75,8.646546088952569,5.88235294117647,24.317419956278503,443
720575941436391698,dMS2,5,steering_control,True,0.06744487678339818,0.0003686239163356809,2,53,0.455896382099791,0.48100048100048104,9.576979885538101,75,6.033186534678759,5.88235294117647,24.307861187566413,444
720575941457802480,IN12B015,5,steering_control,True,0.06485084306095978,0.0010294653761598258,2,34,0.45386084450012787,0.468384074941452,9.619666205847437,75,5.960702888201107,5.88235294117647,24.302546172039804,445
720575941431311575,IN06B013,5,steering_control,False,0.0,0.0,2,155,1.171225630950582,1.6926099440834217,0.0,75,17.487394147387683,5.88235294117647,24.298319125082212,446
720575941400818723,IN14B007,5,steering_control,True,0.059662775616083005,0.00010757705510278918,2,62,0.53603296243786,0.6508768757909962,8.338886947491714,75,7.4649164812910715,5.88235294117647,24.294365792805575,447
720575941496222945,IN11B017,5,steering_control,True,0.059662775616083005,0.00010757705510278918,2,65,0.5518708258296909,0.6155839948161348,8.338886947491714,75,7.448263468971472,5.88235294117647,24.290202539725676,448
720575941488675276,IN07B086,2,steering_control,True,0.07522697795071336,0.0,1,12,0.547945205479452,0.547945205479452,10.431654676258992,75,7.120059871923926,2.941176470588235,24.24774666497633,449
720575941494052992,IN06A042,2,steering_control,True,0.07522697795071336,0.0,1,12,0.547945205479452,0.547945205479452,10.431654676258992,75,7.120059871923926,2.941176470588235,24.24774666497633,450
720575941508542674,IN03B066,2,steering_control,True,0.07522697795071336,0.0,1,12,0.547945205479452,0.547945205479452,10.431654676258992,75,7.120059871923926,2.941176470588235,24.24774666497633,451
720575941528712376,IN03B072,2,steering_control,True,0.07522697795071336,0.0,1,12,0.547945205479452,0.547945205479452,10.431654676258992,75,7.120059871923926,2.941176470588235,24.24774666497633,452
720575941608861929,IN03B066,2,steering_control,True,0.07522697795071336,0.0,1,12,0.547945205479452,0.547945205479452,10.431654676258992,75,7.120059871923926,2.941176470588235,24.24774666497633,453
720575941680033213,IN11B017,5,steering_control,True,0.059662775616083005,0.00010757705510278918,2,65,0.5546913274378895,0.5669852583832821,8.338886947491714,75,7.261206300459886,5.88235294117647,24.24343824759778,454
720575941467252189,IN19B033,5,steering_control,True,0.06614785992217899,0.0007543051680884509,2,31,0.4264779357948011,0.43079228319910096,9.631972196422323,75,5.560471110100153,5.88235294117647,24.20618002468703,455
720575941499447691,IN19B023,5,steering_control,True,0.059662775616083005,0.0004542868690818919,2,52,0.49719497160333703,0.5270092226613966,8.550004946406563,75,6.590317139655222,5.88235294117647,24.139051357071068,456
720575941594870230,IN03A003,5,steering_control,False,0.0,0.0,2,88,1.0739565535757871,1.7085672443251159,0.0,75,16.716077394004742,5.88235294117647,24.10548993673648,457
720575941404724848,IN03B067,2,steering_control,True,0.07522697795071336,0.0,1,11,0.502283105022831,0.502283105022831,10.431654676258992,75,6.526721549263598,2.941176470588235,24.099412084311247,458
720575941452164915,IN03B066,2,steering_control,True,0.07522697795071336,0.0,1,11,0.502283105022831,0.502283105022831,10.431654676258992,75,6.526721549263598,2.941176470588235,24.099412084311247,459
720575941533802266,IN03B066,2,steering_control,True,0.07522697795071336,0.0,1,11,0.502283105022831,0.502283105022831,10.431654676258992,75,6.526721549263598,2.941176470588235,24.099412084311247,460
720575941554784676,IN17A069,5,steering_control,False,0.0,0.0,1,60,1.4644862094215279,1.4644862094215279,0.0,75,19.029693824155963,2.941176470588235,24.09565875015664,461
720575941533221825,IN11B017,5,steering_control,True,0.059662775616083005,0.00010757705510278918,2,59,0.5032720893968382,0.5183865219504292,8.338886947491714,75,6.605330116456788,5.88235294117647,24.079469201597004,462
720575941623439754,IN17A108,5,steering_control,True,0.04669260700389105,0.0007684210082225978,3,80,0.44376429995883404,0.4705439488048184,6.942725865151448,75,5.882830663993384,8.823529411764707,24.068231307896724,463
720575941523112439,IN06A004,5,steering_control,True,0.059662775616083005,0.00010757705510278918,2,56,0.47897272118041184,0.48815765684324713,8.338886947491714,75,6.263784308953985,5.88235294117647,23.994082749721304,464
720575941473850720,IN11B002,5,steering_control,True,0.042801556420233464,0.0002225568415484105,3,25,0.4724932492136957,0.5854800936768151,6.070770763234419,75,6.631195049348919,8.823529411764707,23.993735873660498,465
720575941665520371,IN17A064,5,steering_control,False,0.0,0.0,2,85,1.037344398340249,1.6597510373443984,0.0,75,16.18723949860039,5.88235294117647,23.97328046288539,466
720575941557612915,w-cHIN,2,steering_control,True,0.07522697795071336,0.0,1,10,0.45662100456621,0.45662100456621,10.431654676258992,75,5.933383226603271,2.941176470588235,23.951077503646165,467
720575941569471390,IN03B066,2,steering_control,True,0.07522697795071336,0.0,1,10,0.45662100456621,0.45662100456621,10.431654676258992,75,5.933383226603271,2.941176470588235,23.951077503646165,468
720575941583511518,IN03B066,2,steering_control,True,0.07522697795071336,0.0,1,10,0.45662100456621,0.45662100456621,10.431654676258992,75,5.933383226603271,2.941176470588235,23.951077503646165,469
720575941512798929,IN18B038,5,steering_control,True,0.07911802853437094,0.0,1,3,0.40650406504065045,0.40650406504065045,10.971223021582734,75,5.282158238317547,2.941176470588235,23.950141760171856,470
720575941455932912,IN03B070,4,steering_control,False,0.0,0.0,1,19,1.4179104477611941,1.4179104477611941,0.0,75,18.42448328798225,2.941176470588235,23.944356116113212,471
720575941459562640,IN03B066,2,steering_control,True,0.07522697795071336,0.0,1,9,0.410958904109589,0.410958904109589,10.431654676258992,75,5.340044903942944,2.941176470588235,23.802742922981082,472
720575941490804656,IN03B060,2,steering_control,True,0.07522697795071336,0.0,1,9,0.410958904109589,0.410958904109589,10.431654676258992,75,5.340044903942944,2.941176470588235,23.802742922981082,473
720575941518334643,IN03B060,2,steering_control,True,0.07522697795071336,0.0,1,9,0.410958904109589,0.410958904109589,10.431654676258992,75,5.340044903942944,2.941176470588235,23.802742922981082,474
720575941519973303,IN03B072,2,steering_control,True,0.07522697795071336,0.0,1,9,0.410958904109589,0.410958904109589,10.431654676258992,75,5.340044903942944,2.941176470588235,23.802742922981082,475
720575941576368744,IN12A050,2,steering_control,True,0.07522697795071336,0.0,1,9,0.410958904109589,0.410958904109589,10.431654676258992,75,5.340044903942944,2.941176470588235,23.802742922981082,476
720575941517764824,IN06A019,5,steering_control,True,0.05058365758754864,0.0007647072901296796,2,46,0.48370561965728126,0.5345108064141296,7.480032859049015,75,6.5063592273045785,5.88235294117647,23.79707025277614,477
720575941621630716,IN03B069,4,steering_control,False,0.0,0.0,2,45,1.0330578512396693,1.423324150596878,0.0,75,15.121578419256,5.88235294117647,23.706865193049293,478
720575941567151918,IN18B043,5,steering_control,False,0.0,0.0,1,51,1.3445821249670447,1.3445821249670447,0.0,75,17.4716470492834,2.941176470588235,23.7061470564385,479
720575941532432618,IN19B070,5,steering_control,True,0.05317769130998703,0.00048427002827056674,2,68,0.44583531391914744,0.4533776635937736,7.668981669373808,75,5.826046902537532,5.88235294117647,23.683676814681817,480
720575941636281205,IN08B051,5,steering_control,True,0.05188067444876783,0.0003888833046301402,2,42,0.4474826736926514,0.44790652385589097,7.431042819350221,75,5.8164827801584735,5.88235294117647,23.609904129079975,481
720575941551926527,IN18B043,5,steering_control,False,0.0,0.0,1,53,1.2936294849890162,1.2936294849890162,0.0,75,16.809562878004435,2.941176470588235,23.54062601361876,482
720575941593189489,IN03B070,4,steering_control,False,0.0,0.0,1,28,1.285583103764922,1.285583103764922,0.0,75,16.705007321180563,2.941176470588235,23.51448712441279,483
720575941562021376,IN00A056,5,steering_control,True,0.04539559014267185,0.001017652246206669,2,66,0.45855252317134965,0.4737412019491067,6.914631246571115,75,6.024562205869943,5.88235294117647,23.507000513674114,484
720575941554482259,IN19B089,5,steering_control,False,0.0,0.0,1,48,1.2823938017632914,1.2823938017632914,0.0,75,16.66356518248827,2.941176470588235,23.504126589739716,485
720575941560427379,INXXX095,5,steering_control,False,0.0,0.0,1,109,1.257208765859285,1.257208765859285,0.0,75,16.3363080740769,2.941176470588235,23.422312312636873,486
720575941574704649,IN16B068,5,steering_control,False,0.0,0.0,1,74,1.2504224400135182,1.2504224400135182,0.0,75,16.248125814520556,2.941176470588235,23.40026674774779,487
720575941652314841,IN03B074,4,steering_control,False,0.0,0.0,3,31,0.7711442786069652,1.0447761194029852,0.0,75,11.21080920674724,8.823529411764707,23.317408184039753,488
720575941464901398,IN06B042,5,steering_control,False,0.0,0.0,1,23,1.2137203166226913,1.2137203166226913,0.0,75,15.771214412876347,2.941176470588235,23.281038897336735,489
720575941565522839,IN13B008,5,steering_control,False,0.0,0.0,1,45,1.2022441891530857,1.2022441891530857,0.0,75,15.622092358582751,2.941176470588235,23.243758383763335,490
720575941507228545,IN16B068,5,steering_control,False,0.0,0.0,1,72,1.1544011544011543,1.1544011544011543,0.0,75,15.000414737386624,2.941176470588235,23.088338978464304,491
720575941567123444,IN03B063,2,steering_control,False,0.0,0.0,1,49,1.1475409836065573,1.1475409836065573,0.0,75,14.91127292849642,2.941176470588235,23.066053526241753,492
720575941602987510,INXXX095,5,steering_control,False,0.0,0.0,1,99,1.1418685121107266,1.1418685121107266,0.0,75,14.837564214069843,2.941176470588235,23.04762634763511,493
720575941605598061,IN03B070,4,steering_control,False,0.0,0.0,3,29,0.7213930348258707,0.8955223880597015,0.0,75,10.131435676022868,8.823529411764707,23.04756480135866,494
720575941547390269,IN19B089,5,steering_control,False,0.0,0.0,1,42,1.12209457654288,1.12209457654288,0.0,75,14.580619534677236,2.941176470588235,22.98339017778696,495
720575941559261555,IN03B074,4,steering_control,False,0.0,0.0,2,23,0.8582089552238806,1.0447761194029852,0.0,75,11.963349249151253,5.88235294117647,22.917307900523106,496
720575941583646430,IN08B078,5,steering_control,False,0.0,0.0,2,62,0.817295017136831,1.0809385710519377,0.0,75,11.76704141209042,5.88235294117647,22.8682309412579,497
720575941449617230,IN06B077,5,steering_control,False,0.0,0.0,1,4,1.078167115902965,1.078167115902965,0.0,75,14.009821311332797,2.941176470588235,22.84069062195085,498
720575941492446078,IN03B090,5,steering_control,False,0.0,0.0,1,10,1.0764262648008611,1.0764262648008611,0.0,75,13.987200501895765,2.941176470588235,22.83503541959159,499
720575941477425770,IN17A102,5,steering_control,False,0.0,0.0,1,55,1.071080817916261,1.071080817916261,0.0,75,13.917741181000274,2.941176470588235,22.81767058936772,500
720575941551589274,IN16B068,5,steering_control,False,0.0,0.0,1,63,1.0645488340655627,1.0645488340655627,0.0,75,13.832863869118848,2.941176470588235,22.79645126139736,501
720575941499426699,IN08B080,4,steering_control,False,0.0,0.0,1,23,1.0560146923783287,1.0560146923783287,0.0,75,13.721970299541173,2.941176470588235,22.76872786900294,502
720575941534709482,IN03B069,4,steering_control,False,0.0,0.0,2,34,0.7805325987144169,1.0560146923783287,0.0,75,11.340851865488332,5.88235294117647,22.761683554607377,503
720575941464860950,IN03B070,4,steering_control,False,0.0,0.0,1,14,1.0447761194029852,1.0447761194029852,0.0,75,13.575935054302711,2.941176470588235,22.732219057693325,504
720575941516527726,IN03B060,4,steering_control,False,0.0,0.0,1,14,1.0447761194029852,1.0447761194029852,0.0,75,13.575935054302711,2.941176470588235,22.732219057693325,505
720575941554439251,IN07B077,4,steering_control,False,0.0,0.0,1,14,1.0447761194029852,1.0447761194029852,0.0,75,13.575935054302711,2.941176470588235,22.732219057693325,506
720575941606622317,IN07B083,4,steering_control,False,0.0,0.0,2,21,0.7835820895522387,0.9701492537313432,0.0,75,10.993639602415342,5.88235294117647,22.67488048883913,507
720575941591271308,IN19B089,5,steering_control,False,0.0,0.0,1,36,1.0143702451394758,1.0143702451394758,0.0,75,13.18083780178647,2.941176470588235,22.633444744564265,508
720575941557507443,IN03B070,4,steering_control,False,0.0,0.0,1,22,1.0101010101010102,1.0101010101010102,0.0,75,13.1253628952133,2.941176470588235,22.619576017920973,509
720575941600370985,IN16B068,5,steering_control,False,0.0,0.0,1,63,1.0101010101010102,1.0101010101010102,0.0,75,13.1253628952133,2.941176470588235,22.619576017920973,510
720575941429556655,IN14B007,5,steering_control,False,0.0,0.0,1,57,1.0028149190710767,1.0028149190710767,0.0,75,13.030686632246416,2.941176470588235,22.595906952179252,511
720575941594821334,IN06B043,5,steering_control,False,0.0,0.0,2,59,0.777748484049565,0.8172950171368311,0.0,75,10.278201881905574,5.88235294117647,22.496021058711687,512
720575941562043392,IN06B061,5,steering_control,False,0.0,0.0,1,36,0.9491167940943843,0.9491167940943843,0.0,75,12.33292732890593,2.941176470588235,22.42146712634413,513
720575941535331338,IN18B039,5,steering_control,False,0.0,0.0,2,87,0.7046816782763647,0.8261785193584966,0.0,75,9.685300878215305,5.88235294117647,22.34779580778912,514
720575941612053094,IN18B020,5,steering_control,False,0.0,0.0,1,57,0.9233759922242022,0.9233759922242022,0.0,75,11.998448536803604,2.941176470588235,22.33784742831855,515
720575941534854337,IN06B061,5,steering_control,False,0.0,0.0,2,58,0.7078350012204051,0.8054674151818403,0.0,75,9.622449746745696,5.88235294117647,22.33208302492172,516
720575941579868917,IN03B022,5,steering_control,False,0.0,0.0,2,79,0.694933145672062,0.8092892329345531,0.0,75,9.527560464400718,5.88235294117647,22.308360704335474,517
720575941652191961,IN03B086,5,steering_control,False,0.0,0.0,1,48,0.910643141718839,0.910643141718839,0.0,75,11.832996486065944,2.941176470588235,22.296484415634136,518
720575941495591291,IN06A019,5,steering_control,False,0.0,0.0,3,66,0.5176470588235295,0.5882352941176471,0.0,75,7.033467103757499,8.823529411764707,22.273072658292318,519
720575941592919080,IN17A007,5,steering_control,False,0.0,0.0,1,32,0.9016624401239786,0.9016624401239786,0.0,75,11.716300268254644,2.941176470588235,22.26731036118131,520
720575941490833072,IN08B087,4,steering_control,False,0.0,0.0,1,12,0.8955223880597015,0.8955223880597015,0.0,75,11.636515760830894,2.941176470588235,22.24736423432537,521
720575941496284489,IN03B074,4,steering_control,False,0.0,0.0,1,12,0.8955223880597015,0.8955223880597015,0.0,75,11.636515760830894,2.941176470588235,22.24736423432537,522
720575941645114785,IN19B062,5,steering_control,False,0.0,0.0,1,38,0.8831048105972578,0.8831048105972578,0.0,75,11.47516040246164,2.941176470588235,22.20702539473306,523
720575941645100664,IN12A061,5,steering_control,False,0.0,0.0,1,6,0.8823529411764706,0.8823529411764706,0.0,75,11.46539052905397,2.941176470588235,22.20458292638114,524
720575941458334163,w-cHIN,2,steering_control,False,0.0,0.0,1,50,0.8784258608573436,0.8784258608573436,0.0,75,11.414361618289849,2.941176470588235,22.19182569869011,525
720575941404452720,IN07B047,5,steering_control,False,0.0,0.0,1,46,0.872699677480554,0.872699677480554,0.0,75,11.339954965813197,2.941176470588235,22.173224035570946,526
720575941655860504,IN03B070,4,steering_control,False,0.0,0.0,1,19,0.8723599632690543,0.8723599632690543,0.0,75,11.335540682229668,2.941176470588235,22.172120464675064,527
720575941625387321,IN06A122,5,steering_control,False,0.0,0.0,1,37,0.8705882352941177,0.8705882352941177,0.0,75,11.31251865533325,2.941176470588235,22.16636495795096,528
720575941475696746,IN11B014,5,steering_control,False,0.0,0.0,1,60,0.8581235697940504,0.8581235697940504,0.0,75,11.15055142985798,2.941176470588235,22.125873151582145,529
720575941557882895,IN06B061,5,steering_control,False,0.0,0.0,1,35,0.8542836221625579,0.8542836221625579,0.0,75,11.100654730757647,2.941176470588235,22.11339897680706,530
720575941523692290,IN06A044,5,steering_control,False,0.0,0.0,1,36,0.8470588235294116,0.8470588235294116,0.0,75,11.006774907891808,2.941176470588235,22.0899290210906,531
720575941459514512,IN06A044,5,steering_control,False,0.0,0.0,2,55,0.6390890076690681,0.697188008366256,0.0,75,8.557160776174888,5.88235294117647,22.065760782279014,532
720575941520333047,IN06A019,5,steering_control,False,0.0,0.0,3,60,0.46479200557750405,0.4880316058563793,0.0,75,6.140665458421395,8.823529411764707,22.04987224695829,533
720575941640900453,IN06B019,5,steering_control,False,0.0,0.0,2,53,0.6468147424945081,0.6590187942396876,0.0,75,8.457876988802674,5.88235294117647,22.04093983543596,534
720575941437526869,IN03B070,4,steering_control,False,0.0,0.0,1,18,0.8264462809917356,0.8264462809917356,0.0,75,10.73893327790179,2.941176470588235,22.022968613593097,535
720575941536648168,IN17A049,2,steering_control,False,0.0,0.0,2,54,0.6323185011709602,0.6557377049180327,0.0,75,8.318304438868871,5.88235294117647,22.00604669795251,536
720575941555575332,dMS2,5,steering_control,False,0.0,0.0,1,29,0.8171315863623556,0.8171315863623556,0.0,75,10.61789711810577,2.941176470588235,21.992709573644092,537
720575941668285171,IN17A057,5,steering_control,False,0.0,0.0,1,29,0.8171315863623556,0.8171315863623556,0.0,75,10.61789711810577,2.941176470588235,21.992709573644092,538
720575941447363677,IN11B021,5,steering_control,False,0.0,0.0,1,45,0.8135960947387453,0.8135960947387453,0.0,75,10.571956553638627,2.941176470588235,21.981224432527306,539
720575941491651559,IN02A019,5,steering_control,False,0.0,0.0,1,35,0.8133860097606322,0.8133860097606322,0.0,75,10.569226686477826,2.941176470588235,21.980541965737107,540
720575941481061629,IN12A062,5,steering_control,False,0.0,0.0,1,3,0.8086253369272237,0.8086253369272237,0.0,75,10.507365983499595,2.941176470588235,21.965076789992548,541
720575941490785712,IN12A058,5,steering_control,False,0.0,0.0,1,3,0.8086253369272237,0.8086253369272237,0.0,75,10.507365983499595,2.941176470588235,21.965076789992548,542
720575941496142921,IN03B089,5,steering_control,False,0.0,0.0,1,3,0.8086253369272237,0.8086253369272237,0.0,75,10.507365983499595,2.941176470588235,21.965076789992548,543
720575941630748859,w-cHIN,2,steering_control,False,0.0,0.0,1,58,0.7970317438504878,0.7970317438504878,0.0,75,10.35671756827192,2.941176470588235,21.927414686185628,544
720575941474935105,IN08B078,5,steering_control,False,0.0,0.0,2,49,0.5979985355137906,0.6346106907493287,0.0,75,7.929744960931719,5.88235294117647,21.908906828468222,545
720575941557294095,IN03B066,2,steering_control,False,0.0,0.0,2,49,0.5737704918032788,0.6791569086651055,0.0,75,7.914135810335379,5.88235294117647,21.90500454081914,546
720575941518439347,IN07B084,5,steering_control,False,0.0,0.0,1,44,0.7881067526419488,0.7881067526419488,0.0,75,10.240745257307744,2.941176470588235,21.898421608444583,547
720575941601088441,IN06A019,5,steering_control,False,0.0,0.0,2,51,0.5926098071113177,0.6274692075296305,0.0,75,7.852097613656373,5.88235294117647,21.889494991649386,548
720575941474830644,IN18B042,5,steering_control,False,0.0,0.0,1,32,0.7810593116914816,0.7810593116914816,0.0,75,10.14917003954985,2.941176470588235,21.87552780400511,549
720575941525182630,IN11B020,5,steering_control,False,0.0,0.0,1,43,0.7774362683059122,0.7774362683059122,0.0,75,10.102091817921355,2.941176470588235,21.863758248597986,550
720575941566716206,IN19B089,5,steering_control,False,0.0,0.0,1,29,0.7747795885653219,0.7747795885653219,0.0,75,10.067570631086664,2.941176470588235,21.855127951889315,551
720575941503451301,w-cHIN,2,steering_control,False,0.0,0.0,1,44,0.7730147575544624,0.7730147575544624,0.0,75,10.044638224095067,2.941176470588235,21.849394850141415,552
720575941492308606,IN03B066,2,steering_control,False,0.0,0.0,1,33,0.7728337236533959,0.7728337236533959,0.0,75,10.042285849803712,2.941176470588235,21.848806756568575,553
720575941529077176,IN19B072,5,steering_control,False,0.0,0.0,1,33,0.7669068092028817,0.7669068092028817,0.0,75,9.965270875821949,2.941176470588235,21.829553013073134,554
720575941545286792,IN11B015,5,steering_control,False,0.0,0.0,1,7,0.7534983853606028,0.7534983853606028,0.0,75,9.791040351327036,2.941176470588235,21.78599538194941,555
720575941524196683,IN07B047,5,steering_control,False,0.0,0.0,1,42,0.7522837184309511,0.7522837184309511,0.0,75,9.775256836521027,2.941176470588235,21.782049503247904,556
720575941561870592,IN07B083,4,steering_control,False,0.0,0.0,2,23,0.5280073461891643,0.642791551882461,0.0,75,7.360370979734929,5.88235294117647,21.766563333169024,557
720575941526701412,IN13A013,5,steering_control,False,0.0,0.0,1,14,0.7387862796833773,0.7387862796833773,0.0,75,9.599869642620385,2.941176470588235,21.738202704772746,558
720575941476452458,IN07B083,4,steering_control,False,0.0,0.0,1,16,0.7346189164370982,0.7346189164370982,0.0,75,9.545718469246035,2.941176470588235,21.72466491142916,559
720575941488475598,IN08B087,4,steering_control,False,0.0,0.0,1,16,0.7346189164370982,0.7346189164370982,0.0,75,9.545718469246035,2.941176470588235,21.72466491142916,560
720575941414456212,IN04B008,5,steering_control,False,0.0,0.0,1,26,0.7326007326007326,0.7326007326007326,0.0,75,9.519493967956898,2.941176470588235,21.71810878610687,561
720575941470111863,INFST022,5,steering_control,False,0.0,0.0,1,51,0.7294050343249427,0.7294050343249427,0.0,75,9.477968715379282,2.941176470588235,21.707727472962468,562
720575941508278562,IN19B048,5,steering_control,False,0.0,0.0,2,44,0.5176470588235295,0.5882352941176471,0.0,75,7.033467103757499,5.88235294117647,21.68483736417467,563
720575941530839427,IN11B020,5,steering_control,False,0.0,0.0,1,41,0.7213230119634061,0.7213230119634061,0.0,75,9.372950033721107,2.941176470588235,21.681472802547926,564
720575941656252752,IN11B020,5,steering_control,False,0.0,0.0,1,41,0.7213230119634061,0.7213230119634061,0.0,75,9.372950033721107,2.941176470588235,21.681472802547926,565
720575941665522419,IN12A018,2,steering_control,False,0.0,0.0,2,44,0.5152224824355973,0.5854800936768151,0.0,75,7.000523463927254,5.88235294117647,21.676601454217106,566
720575941428238840,IN03B074,4,steering_control,False,0.0,0.0,2,23,0.5280073461891643,0.5509641873278237,0.0,75,6.960862315763456,5.88235294117647,21.666686167176156,567
720575941553506020,IN06A022,2,steering_control,False,0.0,0.0,2,43,0.503512880562061,0.5854800936768151,0.0,75,6.89931198950557,5.88235294117647,21.651298585611688,568
720575941537584882,IN16B072,5,steering_control,False,0.0,0.0,1,44,0.7054673721340388,0.7054673721340388,0.0,75,9.166920117291827,2.941176470588235,21.629965323440604,569
720575941547226248,IN06A008,5,steering_control,False,0.0,0.0,1,30,0.697188008366256,0.697188008366256,0.0,75,9.059337159838133,2.941176470588235,21.603069584077183,570
720575941557576563,IN11B020,5,steering_control,False,0.0,0.0,1,38,0.6870367022238293,0.6870367022238293,0.0,75,8.927429978628172,2.941176470588235,21.57009278877469,571
720575941632901829,IN06B043,5,steering_control,False,0.0,0.0,1,28,0.6834268977300464,0.6834268977300464,0.0,75,8.880523784606117,2.941176470588235,21.558366240269176,572
720575941523052279,IN19B062,5,steering_control,False,0.0,0.0,1,29,0.6823529411764706,0.6823529411764706,0.0,75,8.866568675801737,2.941176470588235,21.554877463068085,573
720575941612611993,IN03B086,5,steering_control,False,0.0,0.0,1,38,0.6806376500089558,0.6806376500089558,0.0,75,8.844279994947597,2.941176470588235,21.549305292854548,574
720575941440287183,IN07B083,4,steering_control,False,0.0,0.0,1,9,0.6716417910447761,0.6716417910447761,0.0,75,8.72738682062317,2.941176470588235,21.52008199927344,575
720575941536906389,IN03B046,5,steering_control,False,0.0,0.0,1,44,0.6649539066042013,0.6649539066042013,0.0,75,8.640483719442214,2.941176470588235,21.498356223978202,576
720575941587178295,IN03B056,5,steering_control,False,0.0,0.0,1,6,0.6629834254143646,0.6629834254143646,0.0,75,8.614879071554363,2.941176470588235,21.491955062006237,577
720575941613448668,IN09A002,5,steering_control,False,0.0,0.0,1,6,0.6629834254143646,0.6629834254143646,0.0,75,8.614879071554363,2.941176470588235,21.491955062006237,578
720575941591748648,IN12A060,5,steering_control,False,0.0,0.0,2,51,0.4776175313729163,0.4869825810076793,0.0,75,6.246958437253875,5.88235294117647,21.488210197548764,579
720575941530751363,IN03B046,5,steering_control,False,0.0,0.0,1,56,0.6459054209919263,0.6459054209919263,0.0,75,8.392965616039508,2.941176470588235,21.436476698127525,580
720575941433448224,IN12A036,5,steering_control,False,0.0,0.0,1,6,0.6458557588805167,0.6458557588805167,0.0,75,8.39232030113746,2.941176470588235,21.436315369402013,581
720575941611645203,IN03B074,4,steering_control,False,0.0,0.0,1,14,0.642791551882461,0.642791551882461,0.0,75,8.352503660590282,2.941176470588235,21.42636120926522,582
720575941608817897,IN03B072,2,steering_control,False,0.0,0.0,2,39,0.45667447306791575,0.468384074941452,0.0,75,5.985022373944203,5.88235294117647,21.422726181721345,583
720575941531464677,IN19B064,5,steering_control,False,0.0,0.0,1,24,0.6411969008816457,0.6411969008816457,0.0,75,8.331782591244135,2.941176470588235,21.421180941928682,584
720575941498935777,IN27X014,5,steering_control,False,0.0,0.0,1,12,0.6332453825857519,0.6332453825857519,0.0,75,8.228459693674615,2.941176470588235,21.3953502175363,585
720575941458873796,IN06B061,5,steering_control,False,0.0,0.0,1,24,0.6327445293962563,0.6327445293962563,0.0,75,8.221951552603954,2.941176470588235,21.393723182268637,586
720575941532385624,IN03B066,2,steering_control,False,0.0,0.0,1,27,0.6323185011709602,0.6323185011709602,0.0,75,8.216415695293946,2.941176470588235,21.392339217941135,587
720575941670445479,IN06B074,5,steering_control,False,0.0,0.0,1,35,0.6269030986924593,0.6269030986924593,0.0,75,8.146047363767522,2.941176470588235,21.37474713505953,588
720575941474640682,IN19B070,5,steering_control,False,0.0,0.0,1,3,0.6237006237006237,0.6237006237006237,0.0,75,8.104434053801143,2.941176470588235,21.364343807567934,589
720575941494969726,IN00A056,5,steering_control,False,0.0,0.0,2,61,0.4362128146453089,0.44336384439359267,0.0,75,5.699308599775318,5.88235294117647,21.351297738179124,590
720575941609413862,IN03B046,5,steering_control,False,0.0,0.0,1,41,0.6196161402448239,0.6196161402448239,0.0,75,8.051359829480244,2.941176470588235,21.35107525148771,591
720575941560632744,IN12A054,5,steering_control,False,0.0,0.0,1,33,0.6180932758943622,0.6180932758943622,0.0,75,8.031571563712651,2.941176470588235,21.34612818504581,592
720575941468245879,IN19B056,5,steering_control,False,0.0,0.0,1,53,0.6113033448673587,0.6113033448673587,0.0,75,7.943342458037391,2.941176470588235,21.324070908626997,593
720575941435581740,IN11B014,5,steering_control,False,0.0,0.0,1,45,0.6090958310774229,0.6090958310774229,0.0,75,7.914657782644187,2.941176470588235,21.316899739778695,594
720575941399253283,IN03B066,2,steering_control,False,0.0,0.0,1,26,0.6088992974238876,0.6088992974238876,0.0,75,7.912104002875651,2.941176470588235,21.31626129483656,595
720575941576984821,IN03B072,2,steering_control,False,0.0,0.0,1,26,0.6088992974238876,0.6088992974238876,0.0,75,7.912104002875651,2.941176470588235,21.31626129483656,596
720575941410025071,IN11B020,5,steering_control,False,0.0,0.0,1,34,0.5981703026038001,0.5981703026038001,0.0,75,7.772690271866285,2.941176470588235,21.28140786208422,597
720575941533531402,IN16B099,2,steering_control,False,0.0,0.0,1,34,0.5973295853829936,0.5973295853829936,0.0,75,7.761765900437098,2.941176470588235,21.278676769226923,598
720575941470067063,IN08B080,4,steering_control,False,0.0,0.0,1,8,0.5970149253731344,0.5970149253731344,0.0,75,7.757677173887263,2.941176470588235,21.277654587589463,599
720575941518416238,IN07B083,4,steering_control,False,0.0,0.0,1,8,0.5970149253731344,0.5970149253731344,0.0,75,7.757677173887263,2.941176470588235,21.277654587589463,600
720575941476037406,IN12A059,4,steering_control,False,0.0,0.0,1,13,0.5968778696051423,0.5968778696051423,0.0,75,7.755896256262403,2.941176470588235,21.27720935818325,601
720575941579017337,IN07B077,4,steering_control,False,0.0,0.0,1,13,0.5968778696051423,0.5968778696051423,0.0,75,7.755896256262403,2.941176470588235,21.27720935818325,602
720575941496915618,IN11B017,5,steering_control,False,0.0,0.0,1,33,0.5966371361417465,0.5966371361417465,0.0,75,7.752768139334993,2.941176470588235,21.276427328951396,603
720575941438659551,IN18B035,2,steering_control,False,0.0,0.0,1,43,0.5909028445788099,0.5909028445788099,0.0,75,7.678256128201596,2.941176470588235,21.257799326168048,604
720575941572251144,w-cHIN,2,steering_control,False,0.0,0.0,1,25,0.5854800936768151,0.5854800936768151,0.0,75,7.607792310457358,2.941176470588235,21.240183371731987,605
720575941625907769,IN06B059,5,steering_control,False,0.0,0.0,1,10,0.5854800936768151,0.5854800936768151,0.0,75,7.607792310457358,2.941176470588235,21.240183371731987,606
720575941549701182,IN12A060,5,steering_control,False,0.0,0.0,1,36,0.5831848371942329,0.5831848371942329,0.0,75,7.57796749692859,2.941176470588235,21.232727168349797,607
720575941435780114,IN11B020,5,steering_control,False,0.0,0.0,1,33,0.5805770584095707,0.5805770584095707,0.0,75,7.5440817344584525,2.941176470588235,21.224255727732263,608
720575941474334779,IN07B019,5,steering_control,False,0.0,0.0,1,11,0.5804749340369393,0.5804749340369393,0.0,75,7.5427547192017315,2.941176470588235,21.22392397391808,609
720575941625347722,IN11B021,5,steering_control,False,0.0,0.0,1,22,0.5800158186132349,0.5800158186132349,0.0,75,7.536788923220291,2.941176470588235,21.22243252492272,610
720575941670585767,IN16B099,2,steering_control,False,0.0,0.0,1,33,0.5797610681658468,0.5797610681658468,0.0,75,7.5334786680713,2.941176470588235,21.221604961135473,611
720575941565113095,IN11B020,5,steering_control,False,0.0,0.0,1,32,0.57855722292533,0.57855722292533,0.0,75,7.517835771476356,2.941176470588235,21.217694236986738,612
720575941577669457,IN11B020,5,steering_control,False,0.0,0.0,1,32,0.57855722292533,0.57855722292533,0.0,75,7.517835771476356,2.941176470588235,21.217694236986738,613
720575941573204662,IN03B086,5,steering_control,False,0.0,0.0,1,30,0.5691519635742743,0.5691519635742743,0.0,75,7.395622803791216,2.941176470588235,21.18714099506545,614
720575941590279208,IN06B066,5,steering_control,False,0.0,0.0,1,30,0.5691519635742743,0.5691519635742743,0.0,75,7.395622803791216,2.941176470588235,21.18714099506545,615
720575941524185419,IN03B046,5,steering_control,False,0.0,0.0,1,49,0.5651672433679354,0.5651672433679354,0.0,75,7.34384491403457,2.941176470588235,21.174196522626293,616
720575941477297716,IN06B040,5,steering_control,False,0.0,0.0,1,32,0.5629838142153413,0.5629838142153413,0.0,75,7.31547319705062,2.941176470588235,21.167103593380304,617
720575941688187032,IN16B063,2,steering_control,False,0.0,0.0,1,32,0.5621925509486999,0.5621925509486999,0.0,75,7.3051914357055034,2.941176470588235,21.164533153044026,618
720575941533768474,IN03B067,2,steering_control,False,0.0,0.0,1,24,0.5620608899297423,0.5620608899297423,0.0,75,7.303480618039062,2.941176470588235,21.164105448627414,619
720575941583254918,IN11A037,2,steering_control,False,0.0,0.0,1,24,0.5620608899297423,0.5620608899297423,0.0,75,7.303480618039062,2.941176470588235,21.164105448627414,620
720575941587989502,IN03B072,2,steering_control,False,0.0,0.0,1,24,0.5620608899297423,0.5620608899297423,0.0,75,7.303480618039062,2.941176470588235,21.164105448627414,621
720575941653565201,IN02A004,5,steering_control,False,0.0,0.0,1,33,0.5576208178438662,0.5576208178438662,0.0,75,7.245785836205111,2.941176470588235,21.149681753168927,622
720575941631436524,IN19A142,5,steering_control,False,0.0,0.0,1,41,0.5549539794260964,0.5549539794260964,0.0,75,7.211132646409147,2.941176470588235,21.141018455719934,623
720575941540870685,IN17A095,5,steering_control,False,0.0,0.0,1,21,0.5536514632217242,0.5536514632217242,0.0,75,7.194207608528458,2.941176470588235,21.136787196249763,624
720575941469724125,IN12A001,5,steering_control,False,0.0,0.0,1,5,0.5524861878453038,0.5524861878453038,0.0,75,7.179065892961969,2.941176470588235,21.13300176735814,625
720575941500995051,IN19B034,5,steering_control,False,0.0,0.0,1,5,0.5524861878453038,0.5524861878453038,0.0,75,7.179065892961969,2.941176470588235,21.13300176735814,626
720575941623067338,IN11A030,5,steering_control,False,0.0,0.0,1,5,0.5524861878453038,0.5524861878453038,0.0,75,7.179065892961969,2.941176470588235,21.13300176735814,627
720575941441228735,IN11B018,4,steering_control,False,0.0,0.0,1,12,0.5509641873278237,0.5509641873278237,0.0,75,7.159288851934527,2.941176470588235,21.12805750710128,628
720575941549394687,IN03B069,4,steering_control,False,0.0,0.0,1,12,0.5509641873278237,0.5509641873278237,0.0,75,7.159288851934527,2.941176470588235,21.12805750710128,629
720575941552299521,IN07B075,4,steering_control,False,0.0,0.0,1,12,0.5509641873278237,0.5509641873278237,0.0,75,7.159288851934527,2.941176470588235,21.12805750710128,630
720575941485260240,IN11B020,5,steering_control,False,0.0,0.0,1,31,0.5453905700211119,0.5453905700211119,0.0,75,7.086864659642789,2.941176470588235,21.109951459028345,631
720575941662449020,IN08B051,5,steering_control,False,0.0,0.0,1,28,0.5452775073028238,0.5452775073028238,0.0,75,7.085395510327412,2.941176470588235,21.109584171699503,632
720575941563318070,IN11B017,5,steering_control,False,0.0,0.0,1,29,0.5431728788162578,0.5431728788162578,0.0,75,7.058047737808089,2.941176470588235,21.102747228569672,633
720575941438723263,IN11B017,5,steering_control,False,0.0,0.0,1,30,0.5423973964924969,0.5423973964924969,0.0,75,7.047971035759084,2.941176470588235,21.10022805305742,634
720575941623353755,IN03B058,5,steering_control,False,0.0,0.0,1,47,0.5420991926182238,0.5420991926182238,0.0,75,7.044096142033158,2.941176470588235,21.099259329625937,635
720575941412443540,IN11A028,2,steering_control,False,0.0,0.0,1,39,0.5359351381063625,0.5359351381063625,0.0,75,6.963999744182842,2.941176470588235,21.07923523016336,636
720575941594213927,IN11B016,5,steering_control,False,0.0,0.0,1,19,0.5353620738236123,0.5353620738236123,0.0,75,6.956553284276195,2.941176470588235,21.077373615186698,637
720575941521031927,IN11A021,5,steering_control,False,0.0,0.0,1,23,0.5345108064141296,0.5345108064141296,0.0,75,6.94549182254257,2.941176470588235,21.07460824975329,638
720575941580348753,IN06A083,5,steering_control,False,0.0,0.0,1,23,0.5345108064141296,0.5345108064141296,0.0,75,6.94549182254257,2.941176470588235,21.07460824975329,639
720575941519273944,IN11B014,5,steering_control,False,0.0,0.0,1,39,0.5278830536004331,0.5278830536004331,0.0,75,6.859370078291626,2.941176470588235,21.053077813690553,640
720575941520255223,IN11B014,5,steering_control,False,0.0,0.0,1,39,0.5278830536004331,0.5278830536004331,0.0,75,6.859370078291626,2.941176470588235,21.053077813690553,641
720575941429439959,IN06B019,5,steering_control,False,0.0,0.0,1,20,0.5272871078302136,0.5272871078302136,0.0,75,6.851626293836629,2.941176470588235,21.051141867576806,642
720575941575519336,IN17A110,5,steering_control,False,0.0,0.0,1,28,0.5270092226613966,0.5270092226613966,0.0,75,6.848015423589548,2.941176470588235,21.050239150015035,643
720575941477147678,IN07B083,4,steering_control,False,0.0,0.0,1,7,0.5223880597014926,0.5223880597014926,0.0,75,6.7879675271513555,2.941176470588235,21.035227175905487,644
720575941513254905,IN03B069,4,steering_control,False,0.0,0.0,1,7,0.5223880597014926,0.5223880597014926,0.0,75,6.7879675271513555,2.941176470588235,21.035227175905487,645
720575941630933947,IN11A035,4,steering_control,False,0.0,0.0,1,7,0.5223880597014926,0.5223880597014926,0.0,75,6.7879675271513555,2.941176470588235,21.035227175905487,646
720575941595021681,IN08B051,5,steering_control,False,0.0,0.0,1,22,0.5176470588235295,0.5176470588235295,0.0,75,6.726362443711663,2.941176470588235,21.019825905045565,647
720575941601153270,IN06A044,5,steering_control,False,0.0,0.0,1,22,0.5176470588235295,0.5176470588235295,0.0,75,6.726362443711663,2.941176470588235,21.019825905045565,648
720575941491289033,IN11A019,2,steering_control,False,0.0,0.0,1,22,0.5152224824355972,0.5152224824355972,0.0,75,6.694857233202475,2.941176470588235,21.011949602418266,649
720575941496047433,IN08B078,5,steering_control,False,0.0,0.0,1,21,0.5125701732975347,0.5125701732975347,0.0,75,6.660392838454587,2.941176470588235,21.003333503731294,650
720575941540246909,INXXX138,2,steering_control,False,0.0,0.0,1,29,0.5094869992972593,0.5094869992972593,0.0,75,6.620329738608112,2.941176470588235,20.993317728769675,651
720575941465484566,w-cHIN,2,steering_control,False,0.0,0.0,1,37,0.5084512848701388,0.5084512848701388,0.0,75,6.606871552173466,2.941176470588235,20.989953182161013,652
720575941516768472,IN12A057,5,steering_control,False,0.0,0.0,1,27,0.5081874647092038,0.5081874647092038,0.0,75,6.6034434441756344,2.941176470588235,20.98909615516156,653
720575941517717420,IN11B016,5,steering_control,False,0.0,0.0,1,19,0.5076142131979695,0.5076142131979695,0.0,75,6.595994551401606,2.941176470588235,20.98723393196805,654
720575941485775110,IN19B056,5,steering_control,False,0.0,0.0,1,44,0.5074971164936563,0.5074971164936563,0.0,75,6.59447298403104,2.941176470588235,20.98685354012541,655
720575941505457954,IN03B058,5,steering_control,False,0.0,0.0,1,44,0.5074971164936563,0.5074971164936563,0.0,75,6.59447298403104,2.941176470588235,20.98685354012541,656
720575941521508939,IN03B069,5,steering_control,False,0.0,0.0,1,44,0.5074971164936563,0.5074971164936563,0.0,75,6.59447298403104,2.941176470588235,20.98685354012541,657
720575941544636596,IN19B103,5,steering_control,False,0.0,0.0,1,18,0.5071851225697379,0.5071851225697379,0.0,75,6.590418900893235,2.941176470588235,20.98584001934096,658
720575941549399039,dMS2,5,steering_control,False,0.0,0.0,1,30,0.5069280162216966,0.5069280162216966,0.0,75,6.5870780329137375,2.941176470588235,20.985004802346083,659
720575941667143601,IN11B016,5,steering_control,False,0.0,0.0,1,28,0.5062375700596637,0.5062375700596637,0.0,75,6.578106300041812,2.941176470588235,20.9827618691281,660
720575941505225266,IN19B090,5,steering_control,False,0.0,0.0,1,3,0.5059021922428331,0.5059021922428331,0.0,75,6.573748364044435,2.941176470588235,20.981672385128757,661
720575941628592866,IN11A040,5,steering_control,False,0.0,0.0,1,3,0.5059021922428331,0.5059021922428331,0.0,75,6.573748364044435,2.941176470588235,20.981672385128757,662
720575941484048390,IN06A075,5,steering_control,False,0.0,0.0,1,27,0.5057126802772055,0.5057126802772055,0.0,75,6.571285824855806,2.941176470588235,20.9810567503316,663
720575941607605101,AN18B020,5,steering_control,False,0.0,0.0,1,27,0.5057126802772055,0.5057126802772055,0.0,75,6.571285824855806,2.941176470588235,20.9810567503316,664
720575941474394673,IN03B069,4,steering_control,False,0.0,0.0,1,11,0.5050505050505051,0.5050505050505051,0.0,75,6.56268144760665,2.941176470588235,20.97890565601931,665
720575941610008138,IN03B068,4,steering_control,False,0.0,0.0,1,11,0.5050505050505051,0.5050505050505051,0.0,75,6.56268144760665,2.941176470588235,20.97890565601931,666
720575941629389804,IN07B083,4,steering_control,False,0.0,0.0,1,11,0.5050505050505051,0.5050505050505051,0.0,75,6.56268144760665,2.941176470588235,20.97890565601931,667
720575941504505157,IN06A090,5,steering_control,False,0.0,0.0,1,31,0.5021869431394783,0.5021869431394783,0.0,75,6.525472011244064,2.941176470588235,20.969603296928664,668
720575941558635053,IN06B061,5,steering_control,False,0.0,0.0,1,19,0.5009227524387029,0.5009227524387029,0.0,75,6.509044979144797,2.941176470588235,20.965496538903846,669
720575941483838349,INXXX138,2,steering_control,False,0.0,0.0,1,36,0.49470935825202694,0.49470935825202694,0.0,75,6.428307456168778,2.941176470588235,20.945312158159844,670
720575941566956532,IN03B066,2,steering_control,False,0.0,0.0,1,21,0.49180327868852464,0.49180327868852464,0.0,75,6.3905455407841805,2.941176470588235,20.935871679313692,671
720575941581637215,IN06A042,2,steering_control,False,0.0,0.0,1,21,0.49180327868852464,0.49180327868852464,0.0,75,6.3905455407841805,2.941176470588235,20.935871679313692,672
720575941492413054,IN06A070,5,steering_control,False,0.0,0.0,1,26,0.4893657067570111,0.4893657067570111,0.0,75,6.358871464761721,2.941176470588235,20.92795316030808,673
720575941630959035,IN12A054,5,steering_control,False,0.0,0.0,1,26,0.4893657067570111,0.4893657067570111,0.0,75,6.358871464761721,2.941176470588235,20.92795316030808,674
720575941573489416,IN04B058,5,steering_control,False,0.0,0.0,1,20,0.48816206980717597,0.48816206980717597,0.0,75,6.343231274718655,2.941176470588235,20.924043112797314,675
720575941625932682,IN07B031,5,steering_control,False,0.0,0.0,1,36,0.48727666486193827,0.48727666486193827,0.0,75,6.331726226115348,2.941176470588235,20.921166850646486,676
720575941527843768,dMS2,5,steering_control,False,0.0,0.0,1,26,0.4869825810076793,0.4869825810076793,0.0,75,6.327904868379664,2.941176470588235,20.920211511212564,677
720575941537600973,IN12A054,5,steering_control,False,0.0,0.0,1,26,0.4869825810076793,0.4869825810076793,0.0,75,6.327904868379664,2.941176470588235,20.920211511212564,678
720575941504235031,IN17A103,5,steering_control,False,0.0,0.0,1,25,0.4868549172346641,0.4868549172346641,0.0,75,6.326245991363761,2.941176470588235,20.91979679195859,679
720575941500845035,IN11B014,5,steering_control,False,0.0,0.0,1,34,0.4862700228832952,0.4862700228832952,0.0,75,6.318645810252855,2.941176470588235,20.917896746680864,680
720575941540690717,dMS2,5,steering_control,False,0.0,0.0,1,30,0.48598736432852746,0.48598736432852746,0.0,75,6.31497291410716,2.941176470588235,20.91697852264444,681
720575941553479140,IN03B058,5,steering_control,False,0.0,0.0,1,42,0.4844290657439446,0.4844290657439446,0.0,75,6.29472421202963,2.941176470588235,20.911916347125057,682
720575941549481761,IN06B047,5,steering_control,False,0.0,0.0,1,17,0.4790081713158636,0.4790081713158636,0.0,75,6.224284517510279,2.941176470588235,20.89430642349522,683
720575941503499755,IN11B017,5,steering_control,False,0.0,0.0,1,27,0.4750175932441942,0.4750175932441942,0.0,75,6.172430510011461,2.941176470588235,20.881342921620515,684
720575941525725954,IN06B040,5,steering_control,False,0.0,0.0,1,27,0.4750175932441942,0.4750175932441942,0.0,75,6.172430510011461,2.941176470588235,20.881342921620515,685
720575941488811468,IN18B042,5,steering_control,False,0.0,0.0,1,18,0.47455839704719216,0.47455839704719216,0.0,75,6.166463664452965,2.941176470588235,20.87985121023089,686
720575941549478945,IN08B035,2,steering_control,False,0.0,0.0,1,27,0.4743499648629656,0.4743499648629656,0.0,75,6.16375527387652,2.941176470588235,20.879174112586778,687
720575941534726376,dMS2,5,steering_control,False,0.0,0.0,1,29,0.46978778551757655,0.46978778551757655,0.0,75,6.104473816970254,2.941176470588235,20.864353748360212,688
720575941641490258,dMS2,5,steering_control,False,0.0,0.0,1,29,0.46978778551757655,0.46978778551757655,0.0,75,6.104473816970254,2.941176470588235,20.864353748360212,689
720575941564098567,IN03B058,5,steering_control,False,0.0,0.0,1,31,0.46849025238023273,0.46849025238023273,0.0,75,6.0876135296070135,2.941176470588235,20.8601386765194,690
720575941447013813,IN07B019,5,steering_control,False,0.0,0.0,1,8,0.468384074941452,0.468384074941452,0.0,75,6.086233848365886,2.941176470588235,20.85979375620912,691
720575941459554960,IN11A037,2,steering_control,False,0.0,0.0,1,20,0.468384074941452,0.468384074941452,0.0,75,6.086233848365886,2.941176470588235,20.85979375620912,692
720575941501884610,IN06A022,2,steering_control,False,0.0,0.0,1,20,0.468384074941452,0.468384074941452,0.0,75,6.086233848365886,2.941176470588235,20.85979375620912,693
720575941537925106,IN03B060,2,steering_control,False,0.0,0.0,1,20,0.468384074941452,0.468384074941452,0.0,75,6.086233848365886,2.941176470588235,20.85979375620912,694
720575941687863515,IN03B072,2,steering_control,False,0.0,0.0,1,20,0.468384074941452,0.468384074941452,0.0,75,6.086233848365886,2.941176470588235,20.85979375620912,695
720575941565122614,IN07B076,5,steering_control,False,0.0,0.0,1,25,0.4682524817381532,0.4682524817381532,0.0,75,6.084523911903524,2.941176470588235,20.859366272093528,696
720575941565251374,IN16B063,2,steering_control,False,0.0,0.0,1,34,0.46722550501580323,0.46722550501580323,0.0,75,6.071179264159401,2.941176470588235,20.856030110157498,697
720575941458353363,IN11B014,5,steering_control,False,0.0,0.0,1,34,0.46020573903627504,0.46020573903627504,0.0,75,5.979963657997828,2.941176470588235,20.833226208617106,698
720575941561320493,IN03B058,4,steering_control,False,0.0,0.0,1,10,0.4591368227731864,0.4591368227731864,0.0,75,5.9660740432787716,2.941176470588235,20.82975380493734,699
720575941569652638,IN11A021,4,steering_control,False,0.0,0.0,1,10,0.4591368227731864,0.4591368227731864,0.0,75,5.9660740432787716,2.941176470588235,20.82975380493734,700
720575941501848626,INFST003,5,steering_control,False,0.0,0.0,1,32,0.4576659038901602,0.4576659038901602,0.0,75,5.946960762590923,2.941176470588235,20.82497548476538,701
720575941526856614,IN18B043,5,steering_control,False,0.0,0.0,1,32,0.4576659038901602,0.4576659038901602,0.0,75,5.946960762590923,2.941176470588235,20.82497548476538,702
720575941722194234,IN03B062,2,steering_control,False,0.0,0.0,1,26,0.4567814476458187,0.4567814476458187,0.0,75,5.935468041510722,2.941176470588235,20.822102304495328,703
720575941652652561,IN19B057,5,steering_control,False,0.0,0.0,1,24,0.4553215708594195,0.4553215708594195,0.0,75,5.916498243032972,2.941176470588235,20.817359854875892,704
720575941679017405,IN11B016,5,steering_control,False,0.0,0.0,1,17,0.4541811381244991,0.4541811381244991,0.0,75,5.901679335464596,2.941176470588235,20.813655127983797,705
720575941413308561,IN16B099,2,steering_control,False,0.0,0.0,1,33,0.4534835783976914,0.4534835783976914,0.0,75,5.892615168154713,2.941176470588235,20.81138908615633,706
720575941566431286,IN18B035,2,steering_control,False,0.0,0.0,1,33,0.4534835783976914,0.4534835783976914,0.0,75,5.892615168154713,2.941176470588235,20.81138908615633,707
720575941479863491,IN07B103,5,steering_control,False,0.0,0.0,1,30,0.4533776635937736,0.4533776635937736,0.0,75,5.891238899619691,2.941176470588235,20.811045019022572,708
720575941489037031,IN19B077,5,steering_control,False,0.0,0.0,1,30,0.4533776635937736,0.4533776635937736,0.0,75,5.891238899619691,2.941176470588235,20.811045019022572,709
720575941490160590,IN19B094,5,steering_control,False,0.0,0.0,1,30,0.4533776635937736,0.4533776635937736,0.0,75,5.891238899619691,2.941176470588235,20.811045019022572,710
720575941413872924,IN11B004,5,steering_control,False,0.0,0.0,1,24,0.4517221908526256,0.4517221908526256,0.0,75,5.869727505933897,2.941176470588235,20.805667170601122,711
720575941492284286,IN11B004,5,steering_control,False,0.0,0.0,1,24,0.4517221908526256,0.4517221908526256,0.0,75,5.869727505933897,2.941176470588235,20.805667170601122,712
720575941526355844,IN12A061,5,steering_control,False,0.0,0.0,1,24,0.4517221908526256,0.4517221908526256,0.0,75,5.869727505933897,2.941176470588235,20.805667170601122,713
720575941570772296,vMS12,5,steering_control,False,0.0,0.0,1,24,0.4517221908526256,0.4517221908526256,0.0,75,5.869727505933897,2.941176470588235,20.805667170601122,714
720575941552622398,IN12A063,5,steering_control,False,0.0,0.0,1,16,0.4508312200619893,0.4508312200619893,0.0,75,5.858150134127322,2.941176470588235,20.80277282764948,715
720575941684876527,IN12A063,5,steering_control,False,0.0,0.0,1,16,0.4508312200619893,0.4508312200619893,0.0,75,5.858150134127322,2.941176470588235,20.80277282764948,716
720575941414326161,IN12A054,5,steering_control,False,0.0,0.0,1,23,0.44790652385589097,0.44790652385589097,0.0,75,5.820146312054661,2.941176470588235,20.793271872131314,717
720575941435625516,IN16B046,5,steering_control,False,0.0,0.0,1,19,0.4470588235294118,0.4470588235294118,0.0,75,5.809131201387345,2.941176470588235,20.790518094464485,718
720575941461227152,IN16B046,5,steering_control,False,0.0,0.0,1,19,0.4470588235294118,0.4470588235294118,0.0,75,5.809131201387345,2.941176470588235,20.790518094464485,719
720575941552472065,IN03B066,2,steering_control,False,0.0,0.0,1,19,0.44496487119437944,0.44496487119437944,0.0,75,5.7819221559475915,2.941176470588235,20.783715833104548,720
720575941553313434,IN03B060,2,steering_control,False,0.0,0.0,1,19,0.44496487119437944,0.44496487119437944,0.0,75,5.7819221559475915,2.941176470588235,20.783715833104548,721
720575941581641311,IN06A032,2,steering_control,False,0.0,0.0,1,19,0.44496487119437944,0.44496487119437944,0.0,75,5.7819221559475915,2.941176470588235,20.783715833104548,722
720575941610583260,IN07B086,2,steering_control,False,0.0,0.0,1,19,0.44496487119437944,0.44496487119437944,0.0,75,5.7819221559475915,2.941176470588235,20.783715833104548,723
720575941450477225,IN17A105,5,steering_control,False,0.0,0.0,1,31,0.44336384439359267,0.44336384439359267,0.0,75,5.7611182387599555,2.941176470588235,20.77851485380764,724
720575941490693577,IN19A019,5,steering_control,False,0.0,0.0,1,4,0.44198895027624313,0.44198895027624313,0.0,75,5.743252714369577,2.941176470588235,20.774048472710042,725
720575941516784494,IN08B051,5,steering_control,False,0.0,0.0,1,19,0.4415524052986289,0.4415524052986289,0.0,75,5.73758020123082,2.941176470588235,20.772630344425355,726
720575941721193018,IN12A059,5,steering_control,False,0.0,0.0,1,19,0.4415524052986289,0.4415524052986289,0.0,75,5.73758020123082,2.941176470588235,20.772630344425355,727
720575941592547879,IN11B021,5,steering_control,False,0.0,0.0,1,25,0.43983110485573534,0.43983110485573534,0.0,75,5.715213435195797,2.941176470588235,20.767038652916597,728
720575941480410822,IN19B091,5,steering_control,False,0.0,0.0,1,18,0.4393458628264584,0.4393458628264584,0.0,75,5.70890814724679,2.941176470588235,20.765462330929346,729
720575941540727581,IN06B061,5,steering_control,False,0.0,0.0,1,18,0.4393458628264584,0.4393458628264584,0.0,75,5.70890814724679,2.941176470588235,20.765462330929346,730
720575941533864458,IN12A060,5,steering_control,False,0.0,0.0,1,26,0.43933761405880367,0.43933761405880367,0.0,75,5.708800961858572,2.941176470588235,20.76543553458229,731
720575941662295352,IN18B035,2,steering_control,False,0.0,0.0,1,25,0.4392129304286718,0.4392129304286718,0.0,75,5.7071808091449245,2.941176470588235,20.76503049640388,732
720575941456340895,IN03B058,5,steering_control,False,0.0,0.0,1,38,0.4382929642445213,0.4382929642445213,0.0,75,5.695226668026808,2.941176470588235,20.76204196112435,733
720575941556251556,IN19B077,5,steering_control,False,0.0,0.0,1,38,0.4382929642445213,0.4382929642445213,0.0,75,5.695226668026808,2.941176470588235,20.76204196112435,734
720575941653507801,IN06A094,5,steering_control,False,0.0,0.0,1,27,0.4373886278956747,0.4373886278956747,0.0,75,5.683475622696443,2.941176470588235,20.75910419979176,735
720575941478092963,IN11A031,5,steering_control,False,0.0,0.0,1,23,0.43079228319910096,0.43079228319910096,0.0,75,5.597761998951242,2.941176470588235,20.73767579385546,736
720575941529212619,dMS2,5,steering_control,False,0.0,0.0,1,23,0.43079228319910096,0.43079228319910096,0.0,75,5.597761998951242,2.941176470588235,20.73767579385546,737
720575941608900585,dMS2,5,steering_control,False,0.0,0.0,1,23,0.43079228319910096,0.43079228319910096,0.0,75,5.597761998951242,2.941176470588235,20.73767579385546,738
720575941438261845,IN11B004,5,steering_control,False,0.0,0.0,1,30,0.4290617848970252,0.4290617848970252,0.0,75,5.57527571492899,2.941176470588235,20.732054222849897,739
720575941729855787,IN17A105,5,steering_control,False,0.0,0.0,1,30,0.4290617848970252,0.4290617848970252,0.0,75,5.57527571492899,2.941176470588235,20.732054222849897,740
720575941460885005,IN06A019,5,steering_control,False,0.0,0.0,1,22,0.4284323271665044,0.4284323271665044,0.0,75,5.5670964724001095,2.941176470588235,20.730009412217676,741
720575941700457946,IN17A115,5,steering_control,False,0.0,0.0,1,22,0.4284323271665044,0.4284323271665044,0.0,75,5.5670964724001095,2.941176470588235,20.730009412217676,742
720575941575512424,IN17A059,5,steering_control,False,0.0,0.0,1,16,0.42746460058776387,0.42746460058776387,0.0,75,5.55452172749609,2.941176470588235,20.726865725991672,743
720575941628602594,IN19B089,5,steering_control,False,0.0,0.0,1,16,0.42746460058776387,0.42746460058776387,0.0,75,5.55452172749609,2.941176470588235,20.726865725991672,744
720575941429324641,IN11B023,5,steering_control,False,0.0,0.0,1,24,0.422237860661506,0.422237860661506,0.0,75,5.486604897787966,2.941176470588235,20.70988651856464,745
720575941457797360,IN11B012,5,steering_control,False,0.0,0.0,1,24,0.422237860661506,0.422237860661506,0.0,75,5.486604897787966,2.941176470588235,20.70988651856464,746
720575941431660937,IN14B003,5,steering_control,False,0.0,0.0,1,8,0.4221635883905013,0.4221635883905013,0.0,75,5.485639795783077,2.941176470588235,20.709645243063417,747
720575941409939055,IN03B066,2,steering_control,False,0.0,0.0,1,18,0.4215456674473068,0.4215456674473068,0.0,75,5.477610463529296,2.941176470588235,20.707637909999974,748
720575941533761050,IN03B061,2,steering_control,False,0.0,0.0,1,18,0.4215456674473068,0.4215456674473068,0.0,75,5.477610463529296,2.941176470588235,20.707637909999974,749
720575941551588506,IN11B014,5,steering_control,False,0.0,0.0,1,31,0.4195993502977802,0.4195993502977802,0.0,75,5.452319805821551,2.941176470588235,20.701315245573035,750
720575941614816725,IN03B086,5,steering_control,False,0.0,0.0,1,22,0.4173781066211345,0.4173781066211345,0.0,75,5.423456722780224,2.941176470588235,20.694099474812706,751
720575941413920540,IN11B017,5,steering_control,False,0.0,0.0,1,23,0.4158380039775809,0.4158380039775809,0.0,75,5.403444460748632,2.941176470588235,20.689096409304806,752
720575941609001034,IN03B022,5,steering_control,False,0.0,0.0,1,23,0.4158380039775809,0.4158380039775809,0.0,75,5.403444460748632,2.941176470588235,20.689096409304806,753
720575941666130675,IN19B091,5,steering_control,False,0.0,0.0,1,17,0.4149377593360996,0.4149377593360996,0.0,75,5.391746583510858,2.941176470588235,20.68617193999536,754
720575941440736207,IN04B058,4,steering_control,False,0.0,0.0,1,9,0.4132231404958678,0.4132231404958678,0.0,75,5.369466638950895,2.941176470588235,20.680601953855373,755
720575941458790726,IN08B087,4,steering_control,False,0.0,0.0,1,9,0.4132231404958678,0.4132231404958678,0.0,75,5.369466638950895,2.941176470588235,20.680601953855373,756
720575941595972465,IN03B074,4,steering_control,False,0.0,0.0,1,9,0.4132231404958678,0.4132231404958678,0.0,75,5.369466638950895,2.941176470588235,20.680601953855373,757
720575941594515158,IN06A061,5,steering_control,False,0.0,0.0,1,22,0.4120621839295748,0.4120621839295748,0.0,75,5.3543810424751,2.941176470588235,20.676830554736423,758
720575941492354174,IN12A063,5,steering_control,False,0.0,0.0,1,7,0.4098360655737705,0.4098360655737705,0.0,75,5.32545461732015,2.941176470588235,20.669598948447685,759
720575941525445145,IN17A104,5,steering_control,False,0.0,0.0,1,21,0.4089581304771178,0.4089581304771178,0.0,75,5.314046632745559,2.941176470588235,20.666746952304038,760
720575941568555634,IN03B058,5,steering_control,False,0.0,0.0,1,27,0.4080398972343962,0.4080398972343962,0.0,75,5.302115009657722,2.941176470588235,20.66376404653208,761
720575941623328108,IN00A056,5,steering_control,False,0.0,0.0,1,30,0.4060638873849486,0.4060638873849486,0.0,75,5.276438521762791,2.941176470588235,20.657344924558345,762
720575941430163982,IN16B072,5,steering_control,False,0.0,0.0,1,24,0.4055424129773572,0.4055424129773572,0.0,75,5.2696624263309895,2.941176470588235,20.655650900700397,763
720575941350374960,IN08A011,5,steering_control,False,0.0,0.0,1,35,0.40369088811995385,0.40369088811995385,0.0,75,5.245603510024691,2.941176470588235,20.649636171623822,764
720575941513167609,IN19B077,5,steering_control,False,0.0,0.0,1,35,0.40369088811995385,0.40369088811995385,0.0,75,5.245603510024691,2.941176470588235,20.649636171623822,765
720575941478544719,IN16B099,5,steering_control,False,0.0,0.0,1,15,0.4007480630510286,0.4007480630510286,0.0,75,5.207364119527584,2.941176470588235,20.640076323999544,766
720575941565459095,IN12A063,5,steering_control,False,0.0,0.0,1,15,0.4007480630510286,0.4007480630510286,0.0,75,5.207364119527584,2.941176470588235,20.640076323999544,767
720575941500983019,IN11B014,5,steering_control,False,0.0,0.0,1,28,0.40045766590389015,0.40045766590389015,0.0,75,5.203590667267057,2.941176470588235,20.63913296093441,768
720575941568726004,IN08B051,5,steering_control,False,0.0,0.0,1,28,0.40045766590389015,0.40045766590389015,0.0,75,5.203590667267057,2.941176470588235,20.63913296093441,769
720575941450876794,IN02A026,5,steering_control,False,0.0,0.0,1,17,0.4,0.4,0.0,75,5.197643706504467,2.941176470588235,20.637646220743765,770
720575941477166622,IN12A008,5,steering_control,False,0.0,0.0,1,17,0.4,0.4,0.0,75,5.197643706504467,2.941176470588235,20.637646220743765,771
720575941626235530,INXXX173,5,steering_control,False,0.0,0.0,1,17,0.4,0.4,0.0,75,5.197643706504467,2.941176470588235,20.637646220743765,772
