source,target,weight,neuropil,nt_type,dn_name,in_name,in_rank,in_score,in_cluster,dn_specialization
720575941392812548,720575941472042282,3,VNC_IntTct_L,,DNp26,720575941472042282,44,47.685161178808926,4,steering_control
720575941394119830,720575941449617230,3,VNC_LTct_R,,DNp42,720575941449617230,23,50.82425892316983,4,steering_control
720575941394119830,720575941511393233,9,VNC_IntTct_R,,DNp42,720575941511393233,2,70.53430149489242,5,steering_control
720575941394119830,720575941511393233,8,VNC_LTct_R,,DNp42,720575941511393233,2,70.53430149489242,5,steering_control
720575941394119830,720575941513160697,16,VNC_IntTct_R,,DNp42,720575941513160697,24,50.760945691591104,5,steering_control
720575941394119830,720575941513160697,4,VNC_LTct_R,,DNp42,720575941513160697,24,50.760945691591104,5,steering_control
720575941394119830,720575941524114276,3,VNC_LTct_R,,DNp42,720575941524114276,1,71.212289568525,5,steering_control
720575941407841071,720575941457802480,3,VNC_IntTct_L,,DNp07,720575941457802480,5,68.98863538155713,4,power_control
720575941407841071,720575941457802480,6,VNC_IntTct_R,,DNp07,720575941457802480,5,68.98863538155713,4,power_control
720575941407841071,720575941457802480,9,VNC_LTct_L,,DNp07,720575941457802480,5,68.98863538155713,4,power_control
720575941407841071,720575941457802480,8,VNC_LTct_R,,DNp07,720575941457802480,5,68.98863538155713,4,power_control
720575941407841071,720575941474741819,5,VNC_IntTct_L,,DNp07,720575941474741819,6,67.21221156339116,4,power_control
720575941407841071,720575941474741819,4,VNC_LTct_L,,DNp07,720575941474741819,6,67.21221156339116,4,power_control
720575941408639535,720575941571427323,4,VNC_WTct_L,,DNge148,720575941571427323,22,50.8888600812375,4,power_control
720575941408661934,720575941512896099,4,VNC_IntTct_R,,DNxn155,720575941512896099,40,48.29984443868286,4,steering_control
720575941408661934,720575941519213016,12,VNC_IntTct_L,,DNxn155,720575941519213016,41,47.90640394088663,4,steering_control
720575941408661934,720575941519213016,5,VNC_LTct_L,,DNxn155,720575941519213016,41,47.90640394088663,4,steering_control
720575941411441323,720575941412445332,5,VNC_WTct_R,,DNxn124,720575941412445332,16,53.31432028346711,4,steering_control
720575941411441323,720575941513160697,3,VNC_WTct_L,,DNxn124,720575941513160697,24,50.760945691591104,5,steering_control
720575941411441323,720575941623108298,6,VNC_HTct_L,,DNxn124,720575941623108298,4,69.82304058399461,5,steering_control
720575941411441323,720575941623108298,29,VNC_HTct_R,,DNxn124,720575941623108298,4,69.82304058399461,5,steering_control
720575941411441323,720575941623108298,27,VNC_IntTct_R,,DNxn124,720575941623108298,4,69.82304058399461,5,steering_control
720575941411441323,720575941623108298,4,VNC_LTct_R,,DNxn124,720575941623108298,4,69.82304058399461,5,steering_control
720575941411441323,720575941623108298,4,VNC_NTct_R,,DNxn124,720575941623108298,4,69.82304058399461,5,steering_control
720575941411441323,720575941623108298,5,VNC_WTct_L,,DNxn124,720575941623108298,4,69.82304058399461,5,steering_control
720575941411441323,720575941623108298,36,VNC_WTct_R,,DNxn124,720575941623108298,4,69.82304058399461,5,steering_control
720575941411441323,720575941623108298,6,VNC_unassigned_R,,DNxn124,720575941623108298,4,69.82304058399461,5,steering_control
720575941411441323,720575941671138727,12,VNC_HTct_L,,DNxn124,720575941671138727,3,70.40012985890591,5,steering_control
720575941411441323,720575941671138727,3,VNC_HTct_R,,DNxn124,720575941671138727,3,70.40012985890591,5,steering_control
720575941411441323,720575941671138727,32,VNC_IntTct_L,,DNxn124,720575941671138727,3,70.40012985890591,5,steering_control
720575941411441323,720575941671138727,3,VNC_IntTct_R,,DNxn124,720575941671138727,3,70.40012985890591,5,steering_control
720575941411441323,720575941671138727,4,VNC_LTct_L,,DNxn124,720575941671138727,3,70.40012985890591,5,steering_control
720575941411441323,720575941671138727,11,VNC_NTct_L,,DNxn124,720575941671138727,3,70.40012985890591,5,steering_control
720575941411441323,720575941671138727,31,VNC_WTct_L,,DNxn124,720575941671138727,3,70.40012985890591,5,steering_control
720575941411441323,720575941671138727,4,VNC_WTct_R,,DNxn124,720575941671138727,3,70.40012985890591,5,steering_control
720575941411441323,720575941671138727,8,VNC_unassigned_L,,DNxn124,720575941671138727,3,70.40012985890591,5,steering_control
720575941411441323,720575941671138727,3,VNC_unassigned_R,,DNxn124,720575941671138727,3,70.40012985890591,5,steering_control
720575941411472555,720575941457147206,3,VNC_IntTct_L,,DNb09,720575941457147206,28,50.37810042347231,2,steering_control
720575941414262161,720575941457802480,23,VNC_IntTct_R,,DNxn163,720575941457802480,5,68.98863538155713,4,steering_control
720575941414262161,720575941457802480,57,VNC_LTct_R,,DNxn163,720575941457802480,5,68.98863538155713,4,steering_control
720575941414262161,720575941457802480,4,VNC_T1_ProNm_R,,DNxn163,720575941457802480,5,68.98863538155713,4,steering_control
720575941414262161,720575941474741819,41,VNC_LTct_R,,DNxn163,720575941474741819,6,67.21221156339116,4,steering_control
720575941414262161,720575941513160697,10,VNC_IntTct_R,,DNxn163,720575941513160697,24,50.760945691591104,5,steering_control
720575941414341521,720575941408509867,9,VNC_IntTct_R,,DNxn102,720575941408509867,39,48.647048656123,4,steering_control
720575941414341521,720575941408509867,8,VNC_WTct_R,,DNxn102,720575941408509867,39,48.647048656123,4,steering_control
720575941414341521,720575941477884802,5,VNC_ANm_R,,DNxn102,720575941477884802,37,49.28787485956254,2,steering_control
720575941414341521,720575941477884802,6,VNC_HTct_R,,DNxn102,720575941477884802,37,49.28787485956254,2,steering_control
720575941414341521,720575941477884802,4,VNC_T3_MetaNm_R,,DNxn102,720575941477884802,37,49.28787485956254,2,steering_control
720575941414341521,720575941517770412,16,VNC_IntTct_R,,DNxn102,720575941517770412,20,51.34754990925583,4,steering_control
720575941414341521,720575941517770412,3,VNC_NTct_R,,DNxn102,720575941517770412,20,51.34754990925583,4,steering_control
720575941414341521,720575941517770412,6,VNC_WTct_R,,DNxn102,720575941517770412,20,51.34754990925583,4,steering_control
720575941414341521,720575941554049307,3,VNC_WTct_R,,DNxn102,720575941554049307,36,49.34318555008191,4,steering_control
720575941414341521,720575941594160421,3,VNC_WTct_R,,DNxn102,720575941594160421,18,51.5681444991789,4,steering_control
720575941414424977,720575941671138727,3,VNC_IntTct_L,,DNp57,720575941671138727,3,70.40012985890591,5,steering_control
720575941414947220,720575941457802480,4,VNC_LTct_L,,DNxn187,720575941457802480,5,68.98863538155713,4,steering_control
720575941414947220,720575941474741819,4,VNC_LTct_L,,DNxn187,720575941474741819,6,67.21221156339116,4,steering_control
720575941414947220,720575941511393233,3,VNC_IntTct_L,,DNxn187,720575941511393233,2,70.53430149489242,5,steering_control
720575941414947220,720575941511393233,5,VNC_WTct_L,,DNxn187,720575941511393233,2,70.53430149489242,5,steering_control
720575941414947220,720575941524114276,6,VNC_IntTct_L,,DNxn187,720575941524114276,1,71.212289568525,5,steering_control
720575941414947220,720575941524114276,4,VNC_LTct_L,,DNxn187,720575941524114276,1,71.212289568525,5,steering_control
720575941414947220,720575941524114276,7,VNC_WTct_L,,DNxn187,720575941524114276,1,71.212289568525,5,steering_control
720575941426612564,720575941623108298,6,VNC_HTct_R,,DNg92,720575941623108298,4,69.82304058399461,5,steering_control
720575941426612564,720575941623108298,3,VNC_IntTct_R,,DNg92,720575941623108298,4,69.82304058399461,5,steering_control
720575941426612564,720575941623108298,4,VNC_WTct_R,,DNg92,720575941623108298,4,69.82304058399461,5,steering_control
720575941426612564,720575941670676135,3,VNC_WTct_L,,DNg92,720575941670676135,33,49.81663742877106,3,steering_control
720575941427934548,720575941527126712,4,VNC_ANm_R,,DNpe020,720575941527126712,12,54.54044594244225,4,steering_control
720575941430250377,720575941457147206,15,VNC_HTct_L,,DNg91,720575941457147206,28,50.37810042347231,2,steering_control
720575941430250377,720575941457147206,25,VNC_IntTct_L,,DNg91,720575941457147206,28,50.37810042347231,2,steering_control
720575941430250377,720575941457147206,8,VNC_NTct_L,,DNg91,720575941457147206,28,50.37810042347231,2,steering_control
720575941430250377,720575941457147206,8,VNC_WTct_L,,DNg91,720575941457147206,28,50.37810042347231,2,steering_control
720575941431097737,720575941402032240,5,VNC_WTct_R,,DNxl130,720575941402032240,27,50.45977011494233,4,power_control
720575941431097737,720575941460235152,7,VNC_WTct_R,,DNxl130,720575941460235152,46,47.31937602627239,4,power_control
720575941431097737,720575941484663558,3,VNC_WTct_R,,DNxl130,720575941484663558,38,49.26929392446614,4,power_control
720575941431097737,720575941594160421,8,VNC_T2_MesoNm_R,,DNxl130,720575941594160421,18,51.5681444991789,4,power_control
720575941431097737,720575941594160421,6,VNC_WTct_R,,DNxl130,720575941594160421,18,51.5681444991789,4,power_control
720575941431577007,720575941489677001,3,VNC_unassigned_R,,DNg02,720575941489677001,14,53.84495722063775,4,power_control
720575941432295639,720575941594160421,4,VNC_WTct_R,,DNg02,720575941594160421,18,51.5681444991789,4,steering_control
720575941433116046,720575941456348575,6,VNC_NTct_R,,DNg03,720575941456348575,10,61.96655431682648,2,steering_control
720575941433415200,720575941554049307,3,VNC_WTct_R,,DNp60,720575941554049307,36,49.34318555008191,4,steering_control
720575941433654048,720575941594160421,4,VNC_NTct_R,,DNge175,720575941594160421,18,51.5681444991789,4,steering_control
720575941433654048,720575941623108298,8,VNC_NTct_R,,DNge175,720575941623108298,4,69.82304058399461,5,steering_control
720575941436052768,720575941515619939,4,VNC_NTct_R,,DNut043,720575941515619939,15,53.58136721113107,4,steering_control
720575941436052768,720575941623108298,5,VNC_HTct_R,,DNut043,720575941623108298,4,69.82304058399461,5,steering_control
720575941436052768,720575941623108298,3,VNC_unassigned_R,,DNut043,720575941623108298,4,69.82304058399461,5,steering_control
720575941436095788,720575941472042282,3,VNC_NTct_R,,DNut058,720575941472042282,44,47.685161178808926,4,steering_control
720575941436095788,720575941671138727,3,VNC_LTct_L,,DNut058,720575941671138727,3,70.40012985890591,5,steering_control
720575941436095788,720575941671138727,3,VNC_WTct_L,,DNut058,720575941671138727,3,70.40012985890591,5,steering_control
720575941436259602,720575941490785712,3,VNC_NTct_L,,DNut047,720575941490785712,17,52.31743150980893,4,steering_control
720575941436259602,720575941515619939,3,VNC_NTct_L,,DNut047,720575941515619939,15,53.58136721113107,4,steering_control
720575941436259602,720575941516099500,4,VNC_NTct_L,,DNut047,720575941516099500,13,54.47044334975361,4,steering_control
720575941436259602,720575941516099500,3,VNC_WTct_L,,DNut047,720575941516099500,13,54.47044334975361,4,steering_control
720575941436259602,720575941518434227,3,VNC_HTct_L,,DNut047,720575941518434227,32,49.81937602627239,4,steering_control
720575941436259602,720575941671138727,14,VNC_HTct_L,,DNut047,720575941671138727,3,70.40012985890591,5,steering_control
720575941436259602,720575941671138727,6,VNC_IntTct_L,,DNut047,720575941671138727,3,70.40012985890591,5,steering_control
720575941436259602,720575941671138727,3,VNC_WTct_L,,DNut047,720575941671138727,3,70.40012985890591,5,steering_control
720575941436586784,720575941456348575,11,VNC_NTct_R,,720575941436586784,720575941456348575,10,61.96655431682648,2,steering_control
720575941436586784,720575941456348575,3,VNC_WTct_R,,720575941436586784,720575941456348575,10,61.96655431682648,2,steering_control
720575941436586784,720575941456348575,7,VNC_unassigned_R,,720575941436586784,720575941456348575,10,61.96655431682648,2,steering_control
720575941438213951,720575941457147206,3,VNC_IntTct_L,,DNge118,720575941457147206,28,50.37810042347231,2,steering_control
720575941438410514,720575941457686512,3,VNC_HTct_L,,DNb07,720575941457686512,19,51.35489586034046,4,steering_control
720575941438410514,720575941512896099,3,VNC_IntTct_R,,DNb07,720575941512896099,40,48.29984443868286,4,steering_control
720575941438410514,720575941512896099,5,VNC_WTct_L,,DNb07,720575941512896099,40,48.29984443868286,4,steering_control
720575941438410514,720575941512896099,3,VNC_unassigned_R,,DNb07,720575941512896099,40,48.29984443868286,4,steering_control
720575941438410514,720575941519213016,9,VNC_WTct_R,,DNb07,720575941519213016,41,47.90640394088663,4,steering_control
720575941438410514,720575941623108298,23,VNC_HTct_R,,DNb07,720575941623108298,4,69.82304058399461,5,steering_control
720575941438410514,720575941623108298,19,VNC_IntTct_R,,DNb07,720575941623108298,4,69.82304058399461,5,steering_control
720575941438410514,720575941623108298,5,VNC_NTct_R,,DNb07,720575941623108298,4,69.82304058399461,5,steering_control
720575941438410514,720575941623108298,3,VNC_WTct_L,,DNb07,720575941623108298,4,69.82304058399461,5,steering_control
720575941438410514,720575941623108298,29,VNC_WTct_R,,DNb07,720575941623108298,4,69.82304058399461,5,steering_control
720575941438410514,720575941623108298,5,VNC_unassigned_R,,DNb07,720575941623108298,4,69.82304058399461,5,steering_control
720575941438410514,720575941671138727,21,VNC_HTct_L,,DNb07,720575941671138727,3,70.40012985890591,5,steering_control
720575941438410514,720575941671138727,3,VNC_HTct_R,,DNb07,720575941671138727,3,70.40012985890591,5,steering_control
720575941438410514,720575941671138727,20,VNC_IntTct_L,,DNb07,720575941671138727,3,70.40012985890591,5,steering_control
720575941438410514,720575941671138727,4,VNC_NTct_L,,DNb07,720575941671138727,3,70.40012985890591,5,steering_control
720575941438410514,720575941671138727,28,VNC_WTct_L,,DNb07,720575941671138727,3,70.40012985890591,5,steering_control
720575941438410514,720575941671138727,8,VNC_WTct_R,,DNb07,720575941671138727,3,70.40012985890591,5,steering_control
720575941438445330,720575941457802480,3,VNC_IntTct_L,,DNpe032,720575941457802480,5,68.98863538155713,4,steering_control
720575941438445330,720575941474741819,3,VNC_IntTct_L,,DNpe032,720575941474741819,6,67.21221156339116,4,steering_control
720575941438465298,720575941623108298,3,VNC_IntTct_R,,DNb04,720575941623108298,4,69.82304058399461,5,steering_control
720575941438465298,720575941623108298,5,VNC_WTct_R,,DNb04,720575941623108298,4,69.82304058399461,5,steering_control
720575941438465298,720575941671138727,5,VNC_WTct_L,,DNb04,720575941671138727,3,70.40012985890591,5,steering_control
720575941438773548,720575941457147206,3,VNC_HTct_L,,DNae003,720575941457147206,28,50.37810042347231,2,steering_control
720575941438773548,720575941457147206,13,VNC_IntTct_L,,DNae003,720575941457147206,28,50.37810042347231,2,steering_control
720575941438773548,720575941457147206,6,VNC_NTct_L,,DNae003,720575941457147206,28,50.37810042347231,2,steering_control
720575941439029951,720575941516099500,3,VNC_IntTct_L,,DNg02,720575941516099500,13,54.47044334975361,4,power_control
720575941439029951,720575941518434227,4,VNC_WTct_L,,DNg02,720575941518434227,32,49.81937602627239,4,power_control
720575941439029951,720575941551389979,3,VNC_NTct_L,,DNg02,720575941551389979,25,50.751663641863104,4,power_control
720575941439143954,720575941457147206,3,VNC_NTct_L,,DNg08,720575941457147206,28,50.37810042347231,2,steering_control
720575941439285036,720575941477884802,9,VNC_HTct_R,,DNg08,720575941477884802,37,49.28787485956254,2,steering_control
720575941439285036,720575941477884802,3,VNC_IntTct_R,,DNg08,720575941477884802,37,49.28787485956254,2,steering_control
720575941440280767,720575941456348575,6,VNC_HTct_R,,DNa15,720575941456348575,10,61.96655431682648,2,steering_control
720575941440280767,720575941456348575,14,VNC_IntTct_R,,DNa15,720575941456348575,10,61.96655431682648,2,steering_control
720575941440280767,720575941477884802,6,VNC_HTct_R,,DNa15,720575941477884802,37,49.28787485956254,2,steering_control
720575941440280767,720575941490785712,7,VNC_IntTct_R,,DNa15,720575941490785712,17,52.31743150980893,4,steering_control
720575941440280767,720575941490785712,5,VNC_NTct_R,,DNa15,720575941490785712,17,52.31743150980893,4,steering_control
720575941440280767,720575941530192843,3,VNC_HTct_R,,DNa15,720575941530192843,48,47.227119522945245,2,steering_control
720575941440280767,720575941530192843,3,VNC_WTct_R,,DNa15,720575941530192843,48,47.227119522945245,2,steering_control
720575941440899023,720575941516099500,3,VNC_HTct_R,,DNg06,720575941516099500,13,54.47044334975361,4,steering_control
720575941440899023,720575941516099500,4,VNC_NTct_L,,DNg06,720575941516099500,13,54.47044334975361,4,steering_control
720575941441162191,720575941464901398,33,VNC_HTct_R,,DNg36,720575941464901398,34,49.57047791893521,2,steering_control
720575941441162191,720575941464901398,7,VNC_IntTct_R,,DNg36,720575941464901398,34,49.57047791893521,2,steering_control
720575941441243839,720575941472042282,4,VNC_IntTct_L,,DNxn179,720575941472042282,44,47.685161178808926,4,power_control
720575941441633883,720575941516099500,10,VNC_WTct_L,,DNge049,720575941516099500,13,54.47044334975361,4,power_control
720575941441633883,720575941518434227,3,VNC_WTct_L,,DNge049,720575941518434227,32,49.81937602627239,4,power_control
720575941441633883,720575941571427323,3,VNC_WTct_L,,DNge049,720575941571427323,22,50.8888600812375,4,power_control
720575941441643867,720575941516099500,7,VNC_NTct_L,,DNg02,720575941516099500,13,54.47044334975361,4,power_control
720575941441643867,720575941518434227,3,VNC_WTct_R,,DNg02,720575941518434227,32,49.81937602627239,4,power_control
720575941441643867,720575941554049307,8,VNC_WTct_R,,DNg02,720575941554049307,36,49.34318555008191,4,power_control
720575941441974479,720575941402032240,3,VNC_WTct_L,,DNg02,720575941402032240,27,50.45977011494233,4,steering_control
720575941441974479,720575941477553376,3,VNC_HTct_L,,DNg02,720575941477553376,49,47.016679630109685,4,steering_control
720575941441974479,720575941477553376,3,VNC_WTct_L,,DNg02,720575941477553376,49,47.016679630109685,4,steering_control
720575941441974479,720575941516099500,3,VNC_HTct_L,,DNg02,720575941516099500,13,54.47044334975361,4,steering_control
720575941441974479,720575941563314486,3,VNC_HTct_L,,DNg02,720575941563314486,21,51.227205945899165,4,steering_control
720575941442418639,720575941477884802,4,VNC_HTct_R,,DNxn142,720575941477884802,37,49.28787485956254,2,steering_control
720575941442418639,720575941623108298,4,VNC_IntTct_R,,DNxn142,720575941623108298,4,69.82304058399461,5,steering_control
720575941442418639,720575941623108298,7,VNC_WTct_R,,DNxn142,720575941623108298,4,69.82304058399461,5,steering_control
720575941442418639,720575941623108298,3,VNC_unassigned_R,,DNxn142,720575941623108298,4,69.82304058399461,5,steering_control
720575941445707284,720575941457147206,6,VNC_IntTct_L,,DNp28,720575941457147206,28,50.37810042347231,2,steering_control
720575941447863316,720575941457802480,59,VNC_IntTct_R,,DNb05,720575941457802480,5,68.98863538155713,4,power_control
720575941447863316,720575941457802480,43,VNC_LTct_R,,DNb05,720575941457802480,5,68.98863538155713,4,power_control
720575941447863316,720575941457802480,3,VNC_T2_MesoNm_R,,DNb05,720575941457802480,5,68.98863538155713,4,power_control
720575941447863316,720575941474741819,9,VNC_IntTct_R,,DNb05,720575941474741819,6,67.21221156339116,4,power_control
720575941447863316,720575941474741819,21,VNC_LTct_R,,DNb05,720575941474741819,6,67.21221156339116,4,power_control
720575941447863316,720575941477884802,5,VNC_HTct_R,,DNb05,720575941477884802,37,49.28787485956254,2,power_control
720575941447863316,720575941477884802,5,VNC_T3_MetaNm_R,,DNb05,720575941477884802,37,49.28787485956254,2,power_control
720575941447863316,720575941524114276,9,VNC_IntTct_R,,DNb05,720575941524114276,1,71.212289568525,5,power_control
720575941447863316,720575941524114276,4,VNC_LTct_R,,DNb05,720575941524114276,1,71.212289568525,5,power_control
720575941449983581,720575941437525589,11,VNC_IntTct_L,,DNg15,720575941437525589,8,63.16394434361749,4,steering_control
720575941449983581,720575941437525589,11,VNC_LTct_L,,DNg15,720575941437525589,8,63.16394434361749,4,steering_control
720575941450378333,720575941450532174,3,VNC_LTct_L,,DNp103,720575941450532174,11,56.79226615576105,3,steering_control
720575941450378333,720575941450532174,4,VNC_LTct_R,,DNp103,720575941450532174,11,56.79226615576105,3,steering_control
720575941450378333,720575941474741819,3,VNC_LTct_R,,DNp103,720575941474741819,6,67.21221156339116,4,steering_control
720575941450378333,720575941670676135,3,VNC_IntTct_R,,DNp103,720575941670676135,33,49.81663742877106,3,steering_control
720575941450378333,720575941670676135,8,VNC_LTct_L,,DNp103,720575941670676135,33,49.81663742877106,3,steering_control
720575941450378333,720575941670676135,8,VNC_LTct_R,,DNp103,720575941670676135,33,49.81663742877106,3,steering_control
720575941450506830,720575941457802480,3,VNC_IntTct_R,,DNp18,720575941457802480,5,68.98863538155713,4,steering_control
720575941450506830,720575941524114276,7,VNC_WTct_R,,DNp18,720575941524114276,1,71.212289568525,5,steering_control
720575941450506830,720575941623108298,3,VNC_IntTct_R,,DNp18,720575941623108298,4,69.82304058399461,5,steering_control
720575941450506830,720575941623108298,14,VNC_WTct_R,,DNp18,720575941623108298,4,69.82304058399461,5,steering_control
720575941451941498,720575941512896099,3,VNC_WTct_R,,DNp33,720575941512896099,40,48.29984443868286,4,steering_control
720575941453030983,720575941477884802,5,VNC_HTct_R,,DNb07,720575941477884802,37,49.28787485956254,2,steering_control
720575941453030983,720575941519213016,4,VNC_IntTct_L,,DNb07,720575941519213016,41,47.90640394088663,4,steering_control
720575941453030983,720575941623108298,3,VNC_HTct_R,,DNb07,720575941623108298,4,69.82304058399461,5,steering_control
720575941453030983,720575941671138727,3,VNC_HTct_R,,DNb07,720575941671138727,3,70.40012985890591,5,steering_control
720575941455714541,720575941438938175,16,VNC_HTct_L,,DNb02,720575941438938175,35,49.351179673321184,2,steering_control
720575941456504560,720575941517770412,6,VNC_WTct_L,,DNg03,720575941517770412,20,51.34754990925583,4,steering_control
720575941456679149,720575941527126712,4,VNC_ANm_R,,DNpe020,720575941527126712,12,54.54044594244225,4,steering_control
720575941459097503,720575941450532174,4,VNC_IntTct_R,,DNp01,720575941450532174,11,56.79226615576105,3,power_control
720575941459097503,720575941457802480,4,VNC_LTct_R,,DNp01,720575941457802480,5,68.98863538155713,4,power_control
720575941459097503,720575941517770412,4,VNC_IntTct_R,,DNp01,720575941517770412,20,51.34754990925583,4,power_control
720575941459097503,720575941517770412,8,VNC_LTct_R,,DNp01,720575941517770412,20,51.34754990925583,4,power_control
720575941459103391,720575941512896099,16,VNC_IntTct_R,,DNg79,720575941512896099,40,48.29984443868286,4,power_control
720575941459103391,720575941512896099,3,VNC_WTct_R,,DNg79,720575941512896099,40,48.29984443868286,4,power_control
720575941459103391,720575941519213016,4,VNC_IntTct_R,,DNg79,720575941519213016,41,47.90640394088663,4,power_control
720575941461674436,720575941457802480,3,VNC_IntTct_R,,DNb06,720575941457802480,5,68.98863538155713,4,steering_control
720575941463843597,720575941450532174,5,VNC_IntTct_L,,DNp45,720575941450532174,11,56.79226615576105,3,steering_control
720575941463843597,720575941450532174,4,VNC_LTct_L,,DNp45,720575941450532174,11,56.79226615576105,3,steering_control
720575941463843597,720575941670676135,7,VNC_AMNp_L,,DNp45,720575941670676135,33,49.81663742877106,3,steering_control
720575941463843597,720575941670676135,25,VNC_IntTct_L,,DNp45,720575941670676135,33,49.81663742877106,3,steering_control
720575941463843597,720575941670676135,14,VNC_LTct_L,,DNp45,720575941670676135,33,49.81663742877106,3,steering_control
720575941463843597,720575941670676135,8,VNC_T1_ProNm_L,,DNp45,720575941670676135,33,49.81663742877106,3,steering_control
720575941467350237,720575941519213016,4,VNC_IntTct_L,,DNg79,720575941519213016,41,47.90640394088663,4,power_control
720575941467350237,720575941519213016,3,VNC_WTct_L,,DNg79,720575941519213016,41,47.90640394088663,4,power_control
720575941468862583,720575941464901398,12,VNC_HTct_R,,DNxn117,720575941464901398,34,49.57047791893521,2,steering_control
720575941468862583,720575941464901398,4,VNC_IntTct_R,,DNxn117,720575941464901398,34,49.57047791893521,2,steering_control
720575941470003677,720575941450532174,11,VNC_IntTct_R,,DNa12,720575941450532174,11,56.79226615576105,3,power_control
720575941470254400,720575941402032240,4,VNC_WTct_L,,DNa08,720575941402032240,27,50.45977011494233,4,power_control
720575941470254400,720575941402032240,4,VNC_WTct_R,,DNa08,720575941402032240,27,50.45977011494233,4,power_control
720575941470254400,720575941512896099,5,VNC_HTct_L,,DNa08,720575941512896099,40,48.29984443868286,4,power_control
720575941470254400,720575941512896099,3,VNC_WTct_L,,DNa08,720575941512896099,40,48.29984443868286,4,power_control
720575941470254400,720575941515619939,3,VNC_WTct_L,,DNa08,720575941515619939,15,53.58136721113107,4,power_control
720575941470254400,720575941516099500,5,VNC_WTct_L,,DNa08,720575941516099500,13,54.47044334975361,4,power_control
720575941470254400,720575941516099500,5,VNC_unassigned_L,,DNa08,720575941516099500,13,54.47044334975361,4,power_control
720575941470254400,720575941518434227,3,VNC_WTct_R,,DNa08,720575941518434227,32,49.81937602627239,4,power_control
720575941470254400,720575941519213016,6,VNC_WTct_L,,DNa08,720575941519213016,41,47.90640394088663,4,power_control
720575941470254400,720575941519213016,3,VNC_WTct_R,,DNa08,720575941519213016,41,47.90640394088663,4,power_control
720575941470254400,720575941519213016,3,VNC_unassigned_L,,DNa08,720575941519213016,41,47.90640394088663,4,power_control
720575941470254400,720575941551389979,3,VNC_NTct_L,,DNa08,720575941551389979,25,50.751663641863104,4,power_control
720575941470254400,720575941554049307,10,VNC_WTct_L,,DNa08,720575941554049307,36,49.34318555008191,4,power_control
720575941470254400,720575941594160421,5,VNC_WTct_R,,DNa08,720575941594160421,18,51.5681444991789,4,power_control
720575941470254400,720575941618008447,4,VNC_WTct_L,,DNa08,720575941618008447,50,46.96223316912953,4,power_control
720575941470254400,720575941670676135,3,VNC_WTct_L,,DNa08,720575941670676135,33,49.81663742877106,3,power_control
720575941471238263,720575941408509867,20,VNC_IntTct_L,,DNxn102,720575941408509867,39,48.647048656123,4,steering_control
720575941471238263,720575941408509867,4,VNC_T2_MesoNm_L,,DNxn102,720575941408509867,39,48.647048656123,4,steering_control
720575941471238263,720575941517770412,6,VNC_IntTct_L,,DNxn102,720575941517770412,20,51.34754990925583,4,steering_control
720575941471238263,720575941517770412,4,VNC_NTct_L,,DNxn102,720575941517770412,20,51.34754990925583,4,steering_control
720575941471627639,720575941623108298,8,VNC_HTct_R,,DNg92,720575941623108298,4,69.82304058399461,5,steering_control
720575941471627639,720575941670676135,3,VNC_HTct_R,,DNg92,720575941670676135,33,49.81663742877106,3,steering_control
720575941471627639,720575941671138727,3,VNC_HTct_L,,DNg92,720575941671138727,3,70.40012985890591,5,steering_control
720575941471808375,720575941490785712,3,VNC_WTct_L,,DNxn125,720575941490785712,17,52.31743150980893,4,steering_control
720575941471955264,720575941472042282,3,VNC_NTct_R,,DNut040,720575941472042282,44,47.685161178808926,4,steering_control
720575941471955264,720575941527126712,4,VNC_WTct_R,,DNut040,720575941527126712,12,54.54044594244225,4,steering_control
720575941471955264,720575941623108298,11,VNC_WTct_R,,DNut040,720575941623108298,4,69.82304058399461,5,steering_control
720575941471955264,720575941671138727,3,VNC_HTct_L,,DNut040,720575941671138727,3,70.40012985890591,5,steering_control
720575941471955264,720575941671138727,7,VNC_WTct_L,,DNut040,720575941671138727,3,70.40012985890591,5,steering_control
720575941472044352,720575941438938175,4,VNC_WTct_L,,DNg82,720575941438938175,35,49.351179673321184,2,steering_control
720575941472044352,720575941515619939,3,VNC_NTct_L,,DNg82,720575941515619939,15,53.58136721113107,4,steering_control
720575941472160011,720575941456348575,6,VNC_HTct_R,,DNp73,720575941456348575,10,61.96655431682648,2,steering_control
720575941472160011,720575941456348575,34,VNC_IntTct_R,,DNp73,720575941456348575,10,61.96655431682648,2,steering_control
720575941472160011,720575941456348575,4,VNC_WTct_R,,DNp73,720575941456348575,10,61.96655431682648,2,steering_control
720575941472160011,720575941457802480,6,VNC_IntTct_R,,DNp73,720575941457802480,5,68.98863538155713,4,steering_control
720575941472160011,720575941512896099,5,VNC_IntTct_R,,DNp73,720575941512896099,40,48.29984443868286,4,steering_control
720575941473793322,720575941456348575,3,VNC_IntTct_R,,DNg02,720575941456348575,10,61.96655431682648,2,power_control
720575941473793322,720575941512896099,7,VNC_WTct_R,,DNg02,720575941512896099,40,48.29984443868286,4,power_control
720575941473793322,720575941519213016,3,VNC_WTct_R,,DNg02,720575941519213016,41,47.90640394088663,4,power_control
720575941473793322,720575941554049307,3,VNC_NTct_R,,DNg02,720575941554049307,36,49.34318555008191,4,power_control
720575941473793322,720575941554049307,9,VNC_WTct_R,,DNg02,720575941554049307,36,49.34318555008191,4,power_control
720575941473793322,720575941564147346,4,VNC_WTct_R,,DNg02,720575941564147346,9,63.0827067669173,4,power_control
720575941473793322,720575941594160421,3,VNC_WTct_R,,DNg02,720575941594160421,18,51.5681444991789,4,power_control
720575941473793322,720575941594160421,4,VNC_unassigned_R,,DNg02,720575941594160421,18,51.5681444991789,4,power_control
720575941473793322,720575941669049587,4,VNC_IntTct_R,,DNg02,720575941669049587,7,65.78320802005013,4,power_control
720575941474063968,720575941437525589,3,VNC_LTct_L,,DNxn163,720575941437525589,8,63.16394434361749,4,power_control
720575941474063968,720575941457802480,11,VNC_IntTct_L,,DNxn163,720575941457802480,5,68.98863538155713,4,power_control
720575941474063968,720575941457802480,62,VNC_LTct_L,,DNxn163,720575941457802480,5,68.98863538155713,4,power_control
720575941474063968,720575941474741819,19,VNC_IntTct_L,,DNxn163,720575941474741819,6,67.21221156339116,4,power_control
720575941474063968,720575941474741819,81,VNC_LTct_L,,DNxn163,720575941474741819,6,67.21221156339116,4,power_control
720575941476477492,720575941472042282,4,VNC_NTct_L,,DNxn122,720575941472042282,44,47.685161178808926,4,steering_control
720575941476477492,720575941671138727,6,VNC_IntTct_L,,DNxn122,720575941671138727,3,70.40012985890591,5,steering_control
720575941477013825,720575941438938175,19,VNC_HTct_L,,DNg04,720575941438938175,35,49.351179673321184,2,steering_control
720575941477201002,720575941477884802,5,VNC_HTct_R,,DNg07,720575941477884802,37,49.28787485956254,2,steering_control
720575941477201002,720575941477884802,3,VNC_IntTct_R,,DNg07,720575941477884802,37,49.28787485956254,2,steering_control
720575941477443358,720575941457802480,4,VNC_LTct_R,,DNp47,720575941457802480,5,68.98863538155713,4,power_control
720575941477443358,720575941511393233,6,VNC_IntTct_L,,DNp47,720575941511393233,2,70.53430149489242,5,power_control
720575941477443358,720575941511393233,6,VNC_IntTct_R,,DNp47,720575941511393233,2,70.53430149489242,5,power_control
720575941477443358,720575941511393233,6,VNC_unassigned_L,,DNp47,720575941511393233,2,70.53430149489242,5,power_control
720575941477443358,720575941512896099,3,VNC_IntTct_R,,DNp47,720575941512896099,40,48.29984443868286,4,power_control
720575941477443358,720575941512896099,5,VNC_LTct_R,,DNp47,720575941512896099,40,48.29984443868286,4,power_control
720575941477443358,720575941519213016,4,VNC_IntTct_L,,DNp47,720575941519213016,41,47.90640394088663,4,power_control
720575941477443358,720575941524114276,6,VNC_IntTct_R,,DNp47,720575941524114276,1,71.212289568525,5,power_control
720575941477443358,720575941524114276,8,VNC_LTct_R,,DNp47,720575941524114276,1,71.212289568525,5,power_control
720575941477736066,720575941457686512,3,VNC_WTct_R,,DNg92,720575941457686512,19,51.35489586034046,4,steering_control
720575941477736066,720575941623108298,7,VNC_HTct_R,,DNg92,720575941623108298,4,69.82304058399461,5,steering_control
720575941477736066,720575941623108298,5,VNC_WTct_R,,DNg92,720575941623108298,4,69.82304058399461,5,steering_control
720575941477736066,720575941671138727,3,VNC_WTct_L,,DNg92,720575941671138727,3,70.40012985890591,5,steering_control
720575941477915700,720575941551389979,6,VNC_WTct_L,,DNp48,720575941551389979,25,50.751663641863104,4,power_control
720575941477915700,720575941571427323,6,VNC_WTct_L,,DNp48,720575941571427323,22,50.8888600812375,4,power_control
720575941478585450,720575941457147206,20,VNC_HTct_L,,DNp22,720575941457147206,28,50.37810042347231,2,steering_control
720575941478585450,720575941457147206,33,VNC_IntTct_L,,DNp22,720575941457147206,28,50.37810042347231,2,steering_control
720575941478585450,720575941457147206,13,VNC_NTct_L,,DNp22,720575941457147206,28,50.37810042347231,2,steering_control
720575941478585450,720575941671138727,3,VNC_IntTct_L,,DNp22,720575941671138727,3,70.40012985890591,5,steering_control
720575941478705770,720575941437525589,3,VNC_LTct_L,,DNxn168,720575941437525589,8,63.16394434361749,4,steering_control
720575941478705770,720575941437525589,4,VNC_WTct_L,,DNxn168,720575941437525589,8,63.16394434361749,4,steering_control
720575941480554370,720575941457686512,3,VNC_WTct_L,,DNg79,720575941457686512,19,51.35489586034046,4,power_control
720575941480554370,720575941512896099,6,VNC_IntTct_L,,DNg79,720575941512896099,40,48.29984443868286,4,power_control
720575941480554370,720575941519213016,8,VNC_IntTct_L,,DNg79,720575941519213016,41,47.90640394088663,4,power_control
720575941480554370,720575941519213016,6,VNC_WTct_L,,DNg79,720575941519213016,41,47.90640394088663,4,power_control
720575941480554370,720575941519213016,3,VNC_unassigned_L,,DNg79,720575941519213016,41,47.90640394088663,4,power_control
720575941480704954,720575941519213016,3,VNC_WTct_L,,DNg07,720575941519213016,41,47.90640394088663,4,steering_control
720575941480799395,720575941450532174,11,VNC_T1_ProNm_R,,DNg105,720575941450532174,11,56.79226615576105,3,steering_control
720575941480954019,720575941474741819,5,VNC_LTct_R,,DNxn187,720575941474741819,6,67.21221156339116,4,steering_control
720575941480954019,720575941507280965,5,VNC_IntTct_R,,DNxn187,720575941507280965,42,47.85800708668207,4,steering_control
720575941480954019,720575941511393233,4,VNC_IntTct_R,,DNxn187,720575941511393233,2,70.53430149489242,5,steering_control
720575941480954019,720575941511393233,3,VNC_WTct_R,,DNxn187,720575941511393233,2,70.53430149489242,5,steering_control
720575941480954019,720575941513160697,7,VNC_IntTct_R,,DNxn187,720575941513160697,24,50.760945691591104,5,steering_control
720575941480954019,720575941524114276,4,VNC_IntTct_R,,DNxn187,720575941524114276,1,71.212289568525,5,steering_control
720575941481381117,720575941594160421,3,VNC_T2_MesoNm_R,,DNg45,720575941594160421,18,51.5681444991789,4,steering_control
720575941483554189,720575941515619939,4,VNC_NTct_L,,DNut050,720575941515619939,15,53.58136721113107,4,steering_control
720575941483554189,720575941516099500,4,VNC_HTct_L,,DNut050,720575941516099500,13,54.47044334975361,4,steering_control
720575941483554189,720575941516099500,3,VNC_NTct_L,,DNut050,720575941516099500,13,54.47044334975361,4,steering_control
720575941483554189,720575941518434227,5,VNC_WTct_L,,DNut050,720575941518434227,32,49.81937602627239,4,steering_control
720575941483554189,720575941671138727,6,VNC_HTct_L,,DNut050,720575941671138727,3,70.40012985890591,5,steering_control
720575941486574598,720575941518434227,3,VNC_WTct_R,,DNg02,720575941518434227,32,49.81937602627239,4,steering_control
720575941486700098,720575941530192843,6,VNC_HTct_R,,DNa05,720575941530192843,48,47.227119522945245,2,steering_control
720575941487149378,720575941437525589,6,VNC_IntTct_L,,DNp42,720575941437525589,8,63.16394434361749,4,steering_control
720575941487149378,720575941437525589,20,VNC_LTct_L,,DNp42,720575941437525589,8,63.16394434361749,4,steering_control
720575941487149378,720575941524114276,4,VNC_IntTct_L,,DNp42,720575941524114276,1,71.212289568525,5,steering_control
720575941487149378,720575941524114276,8,VNC_LTct_L,,DNp42,720575941524114276,1,71.212289568525,5,steering_control
720575941487659984,720575941516099500,3,VNC_NTct_L,,DNut058,720575941516099500,13,54.47044334975361,4,steering_control
720575941487659984,720575941623108298,4,VNC_WTct_R,,DNut058,720575941623108298,4,69.82304058399461,5,steering_control
720575941489083596,720575941402032240,3,VNC_NTct_R,,DNg02,720575941402032240,27,50.45977011494233,4,steering_control
720575941490717390,720575941456348575,10,VNC_IntTct_R,,DNa09,720575941456348575,10,61.96655431682648,2,steering_control
720575941490717390,720575941456348575,6,VNC_NTct_R,,DNa09,720575941456348575,10,61.96655431682648,2,steering_control
720575941491126222,720575941612696934,3,VNC_ANm_R,,DNg33,720575941612696934,29,50.18472906403932,4,power_control
720575941491761895,720575941457147206,24,VNC_IntTct_L,,DNp10,720575941457147206,28,50.37810042347231,2,steering_control
720575941491761895,720575941457147206,4,VNC_WTct_L,,DNp10,720575941457147206,28,50.37810042347231,2,steering_control
720575941491761895,720575941519213016,4,VNC_IntTct_L,,DNp10,720575941519213016,41,47.90640394088663,4,steering_control
720575941491972327,720575941456348575,74,VNC_IntTct_R,,DNge084,720575941456348575,10,61.96655431682648,2,steering_control
720575941491972327,720575941457147206,4,VNC_IntTct_L,,DNge084,720575941457147206,28,50.37810042347231,2,steering_control
720575941491972327,720575941477884802,68,VNC_HTct_R,,DNge084,720575941477884802,37,49.28787485956254,2,steering_control
720575941494960254,720575941512896099,5,VNC_IntTct_R,,DNg79,720575941512896099,40,48.29984443868286,4,power_control
720575941494986951,720575941450532174,4,VNC_WTct_R,,DNg02,720575941450532174,11,56.79226615576105,3,steering_control
720575941494986951,720575941618008447,4,VNC_HTct_L,,DNg02,720575941618008447,50,46.96223316912953,4,steering_control
720575941495998843,720575941438938175,6,VNC_HTct_L,,DNg41,720575941438938175,35,49.351179673321184,2,steering_control
720575941496011719,720575941438938175,37,VNC_HTct_L,,DNa16,720575941438938175,35,49.351179673321184,2,steering_control
720575941496919168,720575941623108298,7,VNC_IntTct_R,,DNp57,720575941623108298,4,69.82304058399461,5,steering_control
720575941497322880,720575941457802480,3,VNC_IntTct_R,,DNp10,720575941457802480,5,68.98863538155713,4,power_control
720575941497322880,720575941457802480,5,VNC_LTct_R,,DNp10,720575941457802480,5,68.98863538155713,4,power_control
720575941497322880,720575941474741819,5,VNC_IntTct_L,,DNp10,720575941474741819,6,67.21221156339116,4,power_control
720575941497322880,720575941474741819,4,VNC_LTct_L,,DNp10,720575941474741819,6,67.21221156339116,4,power_control
720575941503507435,720575941457802480,13,VNC_LTct_L,,DNp02,720575941457802480,5,68.98863538155713,4,steering_control
720575941503507435,720575941474741819,19,VNC_LTct_L,,DNp02,720575941474741819,6,67.21221156339116,4,steering_control
720575941503507435,720575941511393233,7,VNC_LTct_L,,DNp02,720575941511393233,2,70.53430149489242,5,steering_control
720575941503528171,720575941456348575,3,VNC_WTct_R,,DNg02,720575941456348575,10,61.96655431682648,2,steering_control
720575941503528171,720575941507280965,3,VNC_WTct_R,,DNg02,720575941507280965,42,47.85800708668207,4,steering_control
720575941503528171,720575941516099500,4,VNC_WTct_R,,DNg02,720575941516099500,13,54.47044334975361,4,steering_control
720575941503528171,720575941554049307,3,VNC_WTct_L,,DNg02,720575941554049307,36,49.34318555008191,4,steering_control
720575941503528171,720575941594160421,5,VNC_WTct_R,,DNg02,720575941594160421,18,51.5681444991789,4,steering_control
720575941503549931,720575941457147206,9,VNC_HTct_L,,DNg71,720575941457147206,28,50.37810042347231,2,steering_control
720575941503549931,720575941457147206,25,VNC_IntTct_L,,DNg71,720575941457147206,28,50.37810042347231,2,steering_control
720575941503549931,720575941457147206,11,VNC_NTct_L,,DNg71,720575941457147206,28,50.37810042347231,2,steering_control
720575941504328791,720575941457686512,4,VNC_IntTct_L,,DNpe005,720575941457686512,19,51.35489586034046,4,steering_control
720575941504328791,720575941457686512,5,VNC_WTct_L,,DNpe005,720575941457686512,19,51.35489586034046,4,steering_control
720575941504328791,720575941457686512,4,VNC_unassigned_L,,DNpe005,720575941457686512,19,51.35489586034046,4,steering_control
720575941504328791,720575941512896099,15,VNC_IntTct_R,,DNpe005,720575941512896099,40,48.29984443868286,4,steering_control
720575941504328791,720575941519213016,3,VNC_WTct_L,,DNpe005,720575941519213016,41,47.90640394088663,4,steering_control
720575941504331607,720575941512896099,3,VNC_WTct_R,,DNg110,720575941512896099,40,48.29984443868286,4,steering_control
720575941504331607,720575941519213016,3,VNC_WTct_R,,DNg110,720575941519213016,41,47.90640394088663,4,steering_control
720575941504652482,720575941431072137,4,VNC_NTct_L,,DNxn124,720575941431072137,26,50.54986604442123,4,steering_control
720575941504652482,720575941450532174,3,VNC_unassigned_R,,DNxn124,720575941450532174,11,56.79226615576105,3,steering_control
720575941504652482,720575941623108298,8,VNC_HTct_L,,DNxn124,720575941623108298,4,69.82304058399461,5,steering_control
720575941504652482,720575941623108298,30,VNC_HTct_R,,DNxn124,720575941623108298,4,69.82304058399461,5,steering_control
720575941504652482,720575941623108298,15,VNC_IntTct_R,,DNxn124,720575941623108298,4,69.82304058399461,5,steering_control
720575941504652482,720575941623108298,10,VNC_NTct_R,,DNxn124,720575941623108298,4,69.82304058399461,5,steering_control
720575941504652482,720575941623108298,7,VNC_WTct_L,,DNxn124,720575941623108298,4,69.82304058399461,5,steering_control
720575941504652482,720575941623108298,32,VNC_WTct_R,,DNxn124,720575941623108298,4,69.82304058399461,5,steering_control
720575941504652482,720575941623108298,9,VNC_unassigned_R,,DNxn124,720575941623108298,4,69.82304058399461,5,steering_control
720575941504652482,720575941671138727,25,VNC_HTct_L,,DNxn124,720575941671138727,3,70.40012985890591,5,steering_control
720575941504652482,720575941671138727,5,VNC_HTct_R,,DNxn124,720575941671138727,3,70.40012985890591,5,steering_control
720575941504652482,720575941671138727,35,VNC_IntTct_L,,DNxn124,720575941671138727,3,70.40012985890591,5,steering_control
720575941504652482,720575941671138727,4,VNC_IntTct_R,,DNxn124,720575941671138727,3,70.40012985890591,5,steering_control
720575941504652482,720575941671138727,9,VNC_NTct_L,,DNxn124,720575941671138727,3,70.40012985890591,5,steering_control
720575941504652482,720575941671138727,23,VNC_WTct_L,,DNxn124,720575941671138727,3,70.40012985890591,5,steering_control
720575941504652482,720575941671138727,7,VNC_WTct_R,,DNxn124,720575941671138727,3,70.40012985890591,5,steering_control
720575941504687810,720575941450532174,3,VNC_IntTct_R,,DNxn113,720575941450532174,11,56.79226615576105,3,power_control
720575941504703938,720575941464901398,6,VNC_HTct_R,,DNb02,720575941464901398,34,49.57047791893521,2,steering_control
720575941504921906,720575941457802480,3,VNC_IntTct_R,,DNp47,720575941457802480,5,68.98863538155713,4,steering_control
720575941504921906,720575941457802480,3,VNC_LTct_L,,DNp47,720575941457802480,5,68.98863538155713,4,steering_control
720575941504921906,720575941474741819,3,VNC_IntTct_L,,DNp47,720575941474741819,6,67.21221156339116,4,steering_control
720575941504921906,720575941474741819,3,VNC_LTct_L,,DNp47,720575941474741819,6,67.21221156339116,4,steering_control
720575941504921906,720575941511393233,7,VNC_IntTct_L,,DNp47,720575941511393233,2,70.53430149489242,5,steering_control
720575941504921906,720575941511393233,3,VNC_IntTct_R,,DNp47,720575941511393233,2,70.53430149489242,5,steering_control
720575941504921906,720575941511393233,10,VNC_LTct_L,,DNp47,720575941511393233,2,70.53430149489242,5,steering_control
720575941504921906,720575941511393233,6,VNC_LTct_R,,DNp47,720575941511393233,2,70.53430149489242,5,steering_control
720575941504921906,720575941512896099,4,VNC_LTct_R,,DNp47,720575941512896099,40,48.29984443868286,4,steering_control
720575941504921906,720575941519213016,6,VNC_IntTct_L,,DNp47,720575941519213016,41,47.90640394088663,4,steering_control
720575941504921906,720575941524114276,12,VNC_IntTct_L,,DNp47,720575941524114276,1,71.212289568525,5,steering_control
720575941504921906,720575941524114276,10,VNC_IntTct_R,,DNp47,720575941524114276,1,71.212289568525,5,steering_control
720575941504921906,720575941524114276,10,VNC_LTct_L,,DNp47,720575941524114276,1,71.212289568525,5,steering_control
720575941504921906,720575941524114276,8,VNC_LTct_R,,DNp47,720575941524114276,1,71.212289568525,5,steering_control
720575941504921906,720575941524114276,3,VNC_unassigned_L,,DNp47,720575941524114276,1,71.212289568525,5,steering_control
720575941505673566,720575941490785712,3,VNC_WTct_R,,DNg82,720575941490785712,17,52.31743150980893,4,steering_control
720575941505929506,720575941450532174,5,VNC_WTct_R,,DNg02,720575941450532174,11,56.79226615576105,3,steering_control
720575941505929506,720575941457686512,3,VNC_HTct_L,,DNg02,720575941457686512,19,51.35489586034046,4,steering_control
720575941505929506,720575941670676135,4,VNC_WTct_R,,DNg02,720575941670676135,33,49.81663742877106,3,steering_control
720575941506310821,720575941490785712,4,VNC_NTct_L,,DNge016,720575941490785712,17,52.31743150980893,4,steering_control
720575941506310821,720575941516099500,4,VNC_WTct_L,,DNge016,720575941516099500,13,54.47044334975361,4,steering_control
720575941506310821,720575941518434227,3,VNC_HTct_L,,DNge016,720575941518434227,32,49.81937602627239,4,steering_control
720575941506310821,720575941518434227,6,VNC_WTct_L,,DNge016,720575941518434227,32,49.81937602627239,4,steering_control
720575941506310821,720575941594160421,3,VNC_WTct_L,,DNge016,720575941594160421,18,51.5681444991789,4,steering_control
720575941506310821,720575941671138727,3,VNC_NTct_L,,DNge016,720575941671138727,3,70.40012985890591,5,steering_control
720575941507073303,720575941457802480,9,VNC_LTct_R,,DNp02,720575941457802480,5,68.98863538155713,4,steering_control
720575941507073303,720575941474741819,3,VNC_LTct_L,,DNp02,720575941474741819,6,67.21221156339116,4,steering_control
720575941507073303,720575941474741819,23,VNC_LTct_R,,DNp02,720575941474741819,6,67.21221156339116,4,steering_control
720575941507073303,720575941511393233,12,VNC_LTct_R,,DNp02,720575941511393233,2,70.53430149489242,5,steering_control
720575941507073303,720575941524114276,5,VNC_LTct_R,,DNp02,720575941524114276,1,71.212289568525,5,steering_control
720575941507568709,720575941464901398,13,VNC_HTct_R,,DNa16,720575941464901398,34,49.57047791893521,2,steering_control
720575941508375390,720575941457686512,3,VNC_HTct_R,,DNpe005,720575941457686512,19,51.35489586034046,4,steering_control
720575941508375390,720575941512896099,6,VNC_IntTct_L,,DNpe005,720575941512896099,40,48.29984443868286,4,steering_control
720575941508375390,720575941512896099,8,VNC_IntTct_R,,DNpe005,720575941512896099,40,48.29984443868286,4,steering_control
720575941508375390,720575941512896099,4,VNC_WTct_L,,DNpe005,720575941512896099,40,48.29984443868286,4,steering_control
720575941508375390,720575941519213016,13,VNC_IntTct_L,,DNpe005,720575941519213016,41,47.90640394088663,4,steering_control
720575941508375390,720575941519213016,5,VNC_WTct_L,,DNpe005,720575941519213016,41,47.90640394088663,4,steering_control
720575941508375390,720575941519213016,3,VNC_unassigned_L,,DNpe005,720575941519213016,41,47.90640394088663,4,steering_control
720575941508492417,720575941456348575,32,VNC_IntTct_R,,DNg71,720575941456348575,10,61.96655431682648,2,steering_control
720575941508492417,720575941456348575,7,VNC_NTct_R,,DNg71,720575941456348575,10,61.96655431682648,2,steering_control
720575941508492417,720575941477884802,9,VNC_HTct_R,,DNg71,720575941477884802,37,49.28787485956254,2,steering_control
720575941509010305,720575941449617230,12,VNC_IntTct_R,,DNxn151,720575941449617230,23,50.82425892316983,4,steering_control
720575941509010305,720575941449617230,11,VNC_LTct_R,,DNxn151,720575941449617230,23,50.82425892316983,4,steering_control
720575941509010305,720575941477884802,3,VNC_HTct_R,,DNxn151,720575941477884802,37,49.28787485956254,2,steering_control
720575941509010305,720575941477884802,11,VNC_IntTct_R,,DNxn151,720575941477884802,37,49.28787485956254,2,steering_control
720575941509010305,720575941477884802,3,VNC_T3_MetaNm_R,,DNxn151,720575941477884802,37,49.28787485956254,2,steering_control
720575941509010305,720575941477884802,3,VNC_unassigned_R,,DNxn151,720575941477884802,37,49.28787485956254,2,steering_control
720575941509010305,720575941507280965,3,VNC_IntTct_R,,DNxn151,720575941507280965,42,47.85800708668207,4,steering_control
720575941509010305,720575941507280965,9,VNC_LTct_R,,DNxn151,720575941507280965,42,47.85800708668207,4,steering_control
720575941509010305,720575941513160697,3,VNC_IntTct_R,,DNxn151,720575941513160697,24,50.760945691591104,5,steering_control
720575941510642192,720575941437525589,7,VNC_IntTct_L,,DNa10,720575941437525589,8,63.16394434361749,4,steering_control
720575941510642192,720575941449617230,3,VNC_IntTct_R,,DNa10,720575941449617230,23,50.82425892316983,4,steering_control
720575941510642192,720575941457686512,4,VNC_HTct_L,,DNa10,720575941457686512,19,51.35489586034046,4,steering_control
720575941510642192,720575941623108298,5,VNC_HTct_L,,DNa10,720575941623108298,4,69.82304058399461,5,steering_control
720575941510642192,720575941623108298,16,VNC_HTct_R,,DNa10,720575941623108298,4,69.82304058399461,5,steering_control
720575941510642192,720575941623108298,11,VNC_IntTct_R,,DNa10,720575941623108298,4,69.82304058399461,5,steering_control
720575941510642192,720575941623108298,3,VNC_LTct_R,,DNa10,720575941623108298,4,69.82304058399461,5,steering_control
720575941510642192,720575941623108298,3,VNC_NTct_R,,DNa10,720575941623108298,4,69.82304058399461,5,steering_control
720575941510642192,720575941623108298,20,VNC_WTct_R,,DNa10,720575941623108298,4,69.82304058399461,5,steering_control
720575941510642192,720575941671138727,26,VNC_HTct_L,,DNa10,720575941671138727,3,70.40012985890591,5,steering_control
720575941510642192,720575941671138727,6,VNC_IntTct_L,,DNa10,720575941671138727,3,70.40012985890591,5,steering_control
720575941510642192,720575941671138727,4,VNC_LTct_L,,DNa10,720575941671138727,3,70.40012985890591,5,steering_control
720575941510642192,720575941671138727,21,VNC_WTct_L,,DNa10,720575941671138727,3,70.40012985890591,5,steering_control
720575941510642192,720575941671138727,8,VNC_WTct_R,,DNa10,720575941671138727,3,70.40012985890591,5,steering_control
720575941510642192,720575941671138727,5,VNC_unassigned_L,,DNa10,720575941671138727,3,70.40012985890591,5,steering_control
720575941511336402,720575941464901398,4,VNC_HTct_R,,DNg04,720575941464901398,34,49.57047791893521,2,steering_control
720575941513419619,720575941456348575,5,VNC_IntTct_R,,DNge118,720575941456348575,10,61.96655431682648,2,steering_control
720575941513772179,720575941438938175,3,VNC_HTct_L,,DNxn117,720575941438938175,35,49.351179673321184,2,steering_control
720575941513772179,720575941438938175,7,VNC_IntTct_L,,DNxn117,720575941438938175,35,49.351179673321184,2,steering_control
720575941514461772,720575941457802480,16,VNC_IntTct_R,,DNp11,720575941457802480,5,68.98863538155713,4,power_control
720575941514461772,720575941457802480,15,VNC_LTct_L,,DNp11,720575941457802480,5,68.98863538155713,4,power_control
720575941514461772,720575941457802480,16,VNC_LTct_R,,DNp11,720575941457802480,5,68.98863538155713,4,power_control
720575941514461772,720575941474741819,9,VNC_LTct_L,,DNp11,720575941474741819,6,67.21221156339116,4,power_control
720575941514461772,720575941474741819,27,VNC_LTct_R,,DNp11,720575941474741819,6,67.21221156339116,4,power_control
720575941515619427,720575941408509867,4,VNC_IntTct_L,,DNpe055,720575941408509867,39,48.647048656123,4,power_control
720575941515619427,720575941408509867,12,VNC_IntTct_R,,DNpe055,720575941408509867,39,48.647048656123,4,power_control
720575941515619427,720575941408509867,10,VNC_WTct_R,,DNpe055,720575941408509867,39,48.647048656123,4,power_control
720575941515619427,720575941477884802,8,VNC_HTct_R,,DNpe055,720575941477884802,37,49.28787485956254,2,power_control
720575941515619427,720575941517770412,8,VNC_IntTct_R,,DNpe055,720575941517770412,20,51.34754990925583,4,power_control
720575941515619427,720575941517770412,4,VNC_NTct_R,,DNpe055,720575941517770412,20,51.34754990925583,4,power_control
720575941515619427,720575941517770412,6,VNC_WTct_R,,DNpe055,720575941517770412,20,51.34754990925583,4,power_control
720575941515922778,720575941431072137,7,VNC_IntTct_L,,DNxn183,720575941431072137,26,50.54986604442123,4,steering_control
720575941515922778,720575941431072137,5,VNC_LTct_L,,DNxn183,720575941431072137,26,50.54986604442123,4,steering_control
720575941515922778,720575941431072137,4,VNC_T1_ProNm_L,,DNxn183,720575941431072137,26,50.54986604442123,4,steering_control
720575941515922778,720575941670676135,3,VNC_IntTct_L,,DNxn183,720575941670676135,33,49.81663742877106,3,steering_control
720575941515944803,720575941518434227,3,VNC_unassigned_L,,DNge048,720575941518434227,32,49.81937602627239,4,power_control
720575941515972698,720575941457147206,12,VNC_HTct_L,,DNg99,720575941457147206,28,50.37810042347231,2,steering_control
720575941515972698,720575941457147206,24,VNC_IntTct_L,,DNg99,720575941457147206,28,50.37810042347231,2,steering_control
720575941515972698,720575941457147206,3,VNC_NTct_L,,DNg99,720575941457147206,28,50.37810042347231,2,steering_control
720575941515972698,720575941457147206,13,VNC_WTct_L,,DNg99,720575941457147206,28,50.37810042347231,2,steering_control
720575941515972698,720575941477884802,6,VNC_HTct_L,,DNg99,720575941477884802,37,49.28787485956254,2,steering_control
720575941515972698,720575941671138727,51,VNC_IntTct_L,,DNg99,720575941671138727,3,70.40012985890591,5,steering_control
720575941515972698,720575941671138727,3,VNC_NTct_L,,DNg99,720575941671138727,3,70.40012985890591,5,steering_control
720575941515972698,720575941671138727,23,VNC_WTct_L,,DNg99,720575941671138727,3,70.40012985890591,5,steering_control
720575941516357881,720575941671138727,3,VNC_IntTct_L,,DNpe014,720575941671138727,3,70.40012985890591,5,steering_control
720575941517006296,720575941457147206,5,VNC_NTct_L,,DNg03,720575941457147206,28,50.37810042347231,2,steering_control
720575941518951091,720575941464901398,12,VNC_HTct_R,,DNg36,720575941464901398,34,49.57047791893521,2,steering_control
720575941518951091,720575941464901398,4,VNC_IntTct_R,,DNg36,720575941464901398,34,49.57047791893521,2,steering_control
720575941519453550,720575941513160697,5,VNC_IntTct_R,,DNxn168,720575941513160697,24,50.760945691591104,5,steering_control
720575941519463278,720575941670676135,5,VNC_unassigned_L,,DNg108,720575941670676135,33,49.81663742877106,3,steering_control
720575941523099127,720575941402032240,7,VNC_WTct_R,,DNut053,720575941402032240,27,50.45977011494233,4,power_control
720575941523099127,720575941516099500,11,VNC_HTct_R,,DNut053,720575941516099500,13,54.47044334975361,4,power_control
720575941523099127,720575941516099500,5,VNC_WTct_R,,DNut053,720575941516099500,13,54.47044334975361,4,power_control
720575941523099127,720575941518434227,7,VNC_WTct_R,,DNut053,720575941518434227,32,49.81937602627239,4,power_control
720575941523099127,720575941554049307,5,VNC_WTct_R,,DNut053,720575941554049307,36,49.34318555008191,4,power_control
720575941523099127,720575941594160421,6,VNC_NTct_R,,DNut053,720575941594160421,18,51.5681444991789,4,power_control
720575941523099127,720575941594160421,16,VNC_WTct_R,,DNut053,720575941594160421,18,51.5681444991789,4,power_control
720575941526676301,720575941515619939,7,VNC_NTct_R,,DNut047,720575941515619939,15,53.58136721113107,4,steering_control
720575941526676301,720575941518434227,4,VNC_WTct_R,,DNut047,720575941518434227,32,49.81937602627239,4,steering_control
720575941526676301,720575941554049307,3,VNC_NTct_R,,DNut047,720575941554049307,36,49.34318555008191,4,steering_control
720575941526676301,720575941554049307,3,VNC_unassigned_R,,DNut047,720575941554049307,36,49.34318555008191,4,steering_control
720575941526676301,720575941623108298,4,VNC_IntTct_R,,DNut047,720575941623108298,4,69.82304058399461,5,steering_control
720575941526676301,720575941623108298,7,VNC_WTct_R,,DNut047,720575941623108298,4,69.82304058399461,5,steering_control
720575941526676301,720575941623108298,4,VNC_unassigned_R,,DNut047,720575941623108298,4,69.82304058399461,5,steering_control
720575941526954498,720575941402032240,3,VNC_WTct_L,,DNut051,720575941402032240,27,50.45977011494233,4,steering_control
720575941526954498,720575941402032240,5,VNC_WTct_R,,DNut051,720575941402032240,27,50.45977011494233,4,steering_control
720575941526954498,720575941594160421,4,VNC_WTct_R,,DNut051,720575941594160421,18,51.5681444991789,4,steering_control
720575941527162905,720575941457802480,9,VNC_IntTct_L,,DNb05,720575941457802480,5,68.98863538155713,4,power_control
720575941527162905,720575941457802480,39,VNC_LTct_L,,DNb05,720575941457802480,5,68.98863538155713,4,power_control
720575941527162905,720575941457802480,4,VNC_LTct_R,,DNb05,720575941457802480,5,68.98863538155713,4,power_control
720575941527162905,720575941474741819,47,VNC_IntTct_L,,DNb05,720575941474741819,6,67.21221156339116,4,power_control
720575941527162905,720575941474741819,57,VNC_LTct_L,,DNb05,720575941474741819,6,67.21221156339116,4,power_control
720575941527162905,720575941474741819,8,VNC_WTct_L,,DNb05,720575941474741819,6,67.21221156339116,4,power_control
720575941527162905,720575941511393233,4,VNC_LTct_L,,DNb05,720575941511393233,2,70.53430149489242,5,power_control
720575941527162905,720575941511393233,3,VNC_WTct_L,,DNb05,720575941511393233,2,70.53430149489242,5,power_control
720575941527162905,720575941519213016,3,VNC_LTct_L,,DNb05,720575941519213016,41,47.90640394088663,4,power_control
720575941527162905,720575941524114276,11,VNC_IntTct_L,,DNb05,720575941524114276,1,71.212289568525,5,power_control
720575941527162905,720575941524114276,4,VNC_LTct_L,,DNb05,720575941524114276,1,71.212289568525,5,power_control
720575941527162905,720575941524114276,3,VNC_WTct_L,,DNb05,720575941524114276,1,71.212289568525,5,power_control
720575941527175524,720575941457147206,8,VNC_NTct_L,,DNg03,720575941457147206,28,50.37810042347231,2,steering_control
720575941527175524,720575941457147206,8,VNC_unassigned_L,,DNg03,720575941457147206,28,50.37810042347231,2,steering_control
720575941532728195,720575941511393233,3,VNC_WTct_L,,DNut040,720575941511393233,2,70.53430149489242,5,steering_control
720575941532728195,720575941623108298,9,VNC_WTct_R,,DNut040,720575941623108298,4,69.82304058399461,5,steering_control
720575941532728195,720575941671138727,13,VNC_WTct_L,,DNut040,720575941671138727,3,70.40012985890591,5,steering_control
720575941533704067,720575941402032240,8,VNC_WTct_R,,DNp31,720575941402032240,27,50.45977011494233,4,power_control
720575941533704067,720575941438938175,3,VNC_HTct_L,,DNp31,720575941438938175,35,49.351179673321184,2,power_control
720575941533704067,720575941472042282,4,VNC_NTct_L,,DNp31,720575941472042282,44,47.685161178808926,4,power_control
720575941533704067,720575941472042282,6,VNC_WTct_R,,DNp31,720575941472042282,44,47.685161178808926,4,power_control
720575941533704067,720575941477884802,5,VNC_HTct_R,,DNp31,720575941477884802,37,49.28787485956254,2,power_control
720575941533704067,720575941490785712,6,VNC_WTct_R,,DNp31,720575941490785712,17,52.31743150980893,4,power_control
720575941533704067,720575941512896099,4,VNC_WTct_L,,DNp31,720575941512896099,40,48.29984443868286,4,power_control
720575941533704067,720575941512896099,12,VNC_WTct_R,,DNp31,720575941512896099,40,48.29984443868286,4,power_control
720575941533704067,720575941515619939,3,VNC_HTct_L,,DNp31,720575941515619939,15,53.58136721113107,4,power_control
720575941533704067,720575941516099500,10,VNC_WTct_L,,DNp31,720575941516099500,13,54.47044334975361,4,power_control
720575941533704067,720575941516099500,5,VNC_WTct_R,,DNp31,720575941516099500,13,54.47044334975361,4,power_control
720575941533704067,720575941518434227,12,VNC_WTct_L,,DNp31,720575941518434227,32,49.81937602627239,4,power_control
720575941533704067,720575941519213016,4,VNC_WTct_L,,DNp31,720575941519213016,41,47.90640394088663,4,power_control
720575941533704067,720575941554049307,4,VNC_WTct_L,,DNp31,720575941554049307,36,49.34318555008191,4,power_control
720575941533704067,720575941554049307,7,VNC_WTct_R,,DNp31,720575941554049307,36,49.34318555008191,4,power_control
720575941533704067,720575941571427323,3,VNC_WTct_L,,DNp31,720575941571427323,22,50.8888600812375,4,power_control
720575941533704067,720575941594160421,3,VNC_HTct_R,,DNp31,720575941594160421,18,51.5681444991789,4,power_control
720575941533704067,720575941594160421,9,VNC_WTct_R,,DNp31,720575941594160421,18,51.5681444991789,4,power_control
720575941534435338,720575941457147206,4,VNC_HTct_L,,DNp22,720575941457147206,28,50.37810042347231,2,steering_control
720575941535140362,720575941449617230,5,VNC_IntTct_R,,DNg15,720575941449617230,23,50.82425892316983,4,steering_control
720575941535140362,720575941449617230,13,VNC_LTct_R,,DNg15,720575941449617230,23,50.82425892316983,4,steering_control
720575941535140362,720575941513160697,8,VNC_IntTct_R,,DNg15,720575941513160697,24,50.760945691591104,5,steering_control
720575941535140362,720575941513160697,5,VNC_LTct_R,,DNg15,720575941513160697,24,50.760945691591104,5,steering_control
720575941535245034,720575941457686512,3,VNC_HTct_L,,DNb07,720575941457686512,19,51.35489586034046,4,steering_control
720575941535245034,720575941472042282,3,VNC_WTct_R,,DNb07,720575941472042282,44,47.685161178808926,4,steering_control
720575941535245034,720575941477884802,4,VNC_HTct_R,,DNb07,720575941477884802,37,49.28787485956254,2,steering_control
720575941535258802,720575941512896099,20,VNC_IntTct_R,,DNxn155,720575941512896099,40,48.29984443868286,4,steering_control
720575941535258802,720575941519213016,5,VNC_IntTct_R,,DNxn155,720575941519213016,41,47.90640394088663,4,steering_control
720575941536301288,720575941438938175,15,VNC_HTct_L,,DNb02,720575941438938175,35,49.351179673321184,2,steering_control
720575941537583336,720575941408509867,5,VNC_IntTct_L,,DNp54,720575941408509867,39,48.647048656123,4,steering_control
720575941537583336,720575941450532174,10,VNC_IntTct_L,,DNp54,720575941450532174,11,56.79226615576105,3,steering_control
720575941537583336,720575941450532174,3,VNC_LTct_L,,DNp54,720575941450532174,11,56.79226615576105,3,steering_control
720575941537583336,720575941450532174,3,VNC_LTct_R,,DNp54,720575941450532174,11,56.79226615576105,3,steering_control
720575941537583336,720575941450532174,4,VNC_unassigned_L,,DNp54,720575941450532174,11,56.79226615576105,3,steering_control
720575941537583336,720575941670676135,6,VNC_IntTct_L,,DNp54,720575941670676135,33,49.81663742877106,3,steering_control
720575941537583336,720575941670676135,6,VNC_WTct_L,,DNp54,720575941670676135,33,49.81663742877106,3,steering_control
720575941537703144,720575941438938175,8,VNC_HTct_L,,DNg04,720575941438938175,35,49.351179673321184,2,steering_control
720575941537703144,720575941438938175,3,VNC_IntTct_L,,DNg04,720575941438938175,35,49.351179673321184,2,steering_control
720575941537703144,720575941530192843,3,VNC_HTct_L,,DNg04,720575941530192843,48,47.227119522945245,2,steering_control
720575941537850600,720575941450532174,10,VNC_IntTct_R,,DNp54,720575941450532174,11,56.79226615576105,3,steering_control
720575941537850600,720575941450532174,3,VNC_unassigned_R,,DNp54,720575941450532174,11,56.79226615576105,3,steering_control
720575941537850600,720575941670676135,10,VNC_IntTct_R,,DNp54,720575941670676135,33,49.81663742877106,3,steering_control
720575941538255587,720575941472042282,3,VNC_IntTct_R,,DNg110,720575941472042282,44,47.685161178808926,4,steering_control
720575941539226866,720575941450532174,4,VNC_IntTct_L,,DNp63,720575941450532174,11,56.79226615576105,3,steering_control
720575941539226866,720575941450532174,3,VNC_IntTct_R,,DNp63,720575941450532174,11,56.79226615576105,3,steering_control
720575941539226866,720575941516099500,5,VNC_IntTct_L,,DNp63,720575941516099500,13,54.47044334975361,4,steering_control
720575941539226866,720575941623108298,9,VNC_HTct_R,,DNp63,720575941623108298,4,69.82304058399461,5,steering_control
720575941539226866,720575941623108298,15,VNC_IntTct_R,,DNp63,720575941623108298,4,69.82304058399461,5,steering_control
720575941539226866,720575941623108298,3,VNC_NTct_R,,DNp63,720575941623108298,4,69.82304058399461,5,steering_control
720575941539226866,720575941671138727,9,VNC_HTct_L,,DNp63,720575941671138727,3,70.40012985890591,5,steering_control
720575941539226866,720575941671138727,12,VNC_IntTct_L,,DNp63,720575941671138727,3,70.40012985890591,5,steering_control
720575941539226866,720575941671138727,5,VNC_NTct_L,,DNp63,720575941671138727,3,70.40012985890591,5,steering_control
720575941539226866,720575941671138727,6,VNC_WTct_L,,DNp63,720575941671138727,3,70.40012985890591,5,steering_control
720575941539226866,720575941671138727,4,VNC_unassigned_L,,DNp63,720575941671138727,3,70.40012985890591,5,steering_control
720575941539809997,720575941490785712,3,VNC_WTct_R,,DNp03,720575941490785712,17,52.31743150980893,4,steering_control
720575941539809997,720575941524114276,7,VNC_WTct_R,,DNp03,720575941524114276,1,71.212289568525,5,steering_control
720575941539809997,720575941554049307,3,VNC_WTct_R,,DNp03,720575941554049307,36,49.34318555008191,4,steering_control
720575941540215501,720575941408509867,10,VNC_LTct_L,,DNp01,720575941408509867,39,48.647048656123,4,power_control
720575941540215501,720575941457802480,4,VNC_LTct_L,,DNp01,720575941457802480,5,68.98863538155713,4,power_control
720575941540215501,720575941517770412,3,VNC_LTct_L,,DNp01,720575941517770412,20,51.34754990925583,4,power_control
720575941540215501,720575941670676135,7,VNC_LTct_L,,DNp01,720575941670676135,33,49.81663742877106,3,power_control
720575941541726493,720575941464901398,10,VNC_HTct_R,,DNge091,720575941464901398,34,49.57047791893521,2,steering_control
720575941541726493,720575941464901398,3,VNC_IntTct_R,,DNge091,720575941464901398,34,49.57047791893521,2,steering_control
720575941542534236,720575941524114276,4,VNC_HTct_R,,DNp13,720575941524114276,1,71.212289568525,5,steering_control
720575941542534236,720575941524114276,7,VNC_IntTct_R,,DNp13,720575941524114276,1,71.212289568525,5,steering_control
720575941542664284,720575941456348575,12,VNC_IntTct_R,,DNxn176,720575941456348575,10,61.96655431682648,2,steering_control
720575941542664284,720575941456348575,3,VNC_WTct_R,,DNxn176,720575941456348575,10,61.96655431682648,2,steering_control
720575941542664284,720575941512896099,4,VNC_IntTct_R,,DNxn176,720575941512896099,40,48.29984443868286,4,steering_control
720575941543045149,720575941457147206,4,VNC_HTct_L,,DNa09,720575941457147206,28,50.37810042347231,2,steering_control
720575941543045149,720575941457147206,3,VNC_NTct_L,,DNa09,720575941457147206,28,50.37810042347231,2,steering_control
720575941543962629,720575941490785712,3,VNC_unassigned_R,,DNg05,720575941490785712,17,52.31743150980893,4,steering_control
720575941546446697,720575941456348575,13,VNC_HTct_R,,DNg91,720575941456348575,10,61.96655431682648,2,steering_control
720575941546446697,720575941456348575,18,VNC_IntTct_R,,DNg91,720575941456348575,10,61.96655431682648,2,steering_control
720575941546446697,720575941456348575,6,VNC_NTct_R,,DNg91,720575941456348575,10,61.96655431682648,2,steering_control
720575941546446697,720575941456348575,6,VNC_WTct_R,,DNg91,720575941456348575,10,61.96655431682648,2,steering_control
720575941546602345,720575941437525589,4,VNC_WTct_L,,DNpe031,720575941437525589,8,63.16394434361749,4,steering_control
720575941546602345,720575941474741819,7,VNC_LTct_L,,DNpe031,720575941474741819,6,67.21221156339116,4,steering_control
720575941546602345,720575941511393233,7,VNC_AMNp_L,,DNpe031,720575941511393233,2,70.53430149489242,5,steering_control
720575941546602345,720575941511393233,5,VNC_IntTct_L,,DNpe031,720575941511393233,2,70.53430149489242,5,steering_control
720575941546602345,720575941524114276,3,VNC_IntTct_L,,DNpe031,720575941524114276,1,71.212289568525,5,steering_control
720575941547452084,720575941457802480,3,VNC_LTct_L,,DNp49,720575941457802480,5,68.98863538155713,4,steering_control
720575941547452084,720575941457802480,6,VNC_LTct_R,,DNp49,720575941457802480,5,68.98863538155713,4,steering_control
720575941547452084,720575941474741819,4,VNC_LTct_L,,DNp49,720575941474741819,6,67.21221156339116,4,steering_control
720575941547452084,720575941474741819,7,VNC_LTct_R,,DNp49,720575941474741819,6,67.21221156339116,4,steering_control
720575941547452084,720575941511393233,5,VNC_IntTct_R,,DNp49,720575941511393233,2,70.53430149489242,5,steering_control
720575941547452084,720575941511393233,8,VNC_LTct_R,,DNp49,720575941511393233,2,70.53430149489242,5,steering_control
720575941547452084,720575941513160697,15,VNC_IntTct_R,,DNp49,720575941513160697,24,50.760945691591104,5,steering_control
720575941547452084,720575941524114276,10,VNC_LTct_L,,DNp49,720575941524114276,1,71.212289568525,5,steering_control
720575941548169608,720575941456348575,4,VNC_IntTct_R,,DNp51,720575941456348575,10,61.96655431682648,2,steering_control
720575941549156980,720575941551389979,3,VNC_WTct_R,,DNg02,720575941551389979,25,50.751663641863104,4,power_control
720575941549490209,720575941512896099,4,VNC_WTct_R,,DNg02,720575941512896099,40,48.29984443868286,4,power_control
720575941549490209,720575941564147346,3,VNC_IntTct_R,,DNg02,720575941564147346,9,63.0827067669173,4,power_control
720575941549490209,720575941669049587,5,VNC_WTct_R,,DNg02,720575941669049587,7,65.78320802005013,4,power_control
720575941550794751,720575941438938175,40,VNC_HTct_L,,DNg36,720575941438938175,35,49.351179673321184,2,steering_control
720575941550794751,720575941438938175,3,VNC_IntTct_L,,DNg36,720575941438938175,35,49.351179673321184,2,steering_control
720575941551414170,720575941438938175,3,VNC_HTct_L,,DNg07,720575941438938175,35,49.351179673321184,2,steering_control
720575941551414170,720575941438938175,5,VNC_IntTct_L,,DNg07,720575941438938175,35,49.351179673321184,2,steering_control
720575941551948543,720575941450532174,4,VNC_IntTct_R,,DNp63,720575941450532174,11,56.79226615576105,3,steering_control
720575941551948543,720575941623108298,5,VNC_HTct_R,,DNp63,720575941623108298,4,69.82304058399461,5,steering_control
720575941551948543,720575941623108298,18,VNC_IntTct_R,,DNp63,720575941623108298,4,69.82304058399461,5,steering_control
720575941551948543,720575941623108298,8,VNC_NTct_R,,DNp63,720575941623108298,4,69.82304058399461,5,steering_control
720575941551948543,720575941623108298,15,VNC_WTct_R,,DNp63,720575941623108298,4,69.82304058399461,5,steering_control
720575941551948543,720575941623108298,5,VNC_unassigned_R,,DNp63,720575941623108298,4,69.82304058399461,5,steering_control
720575941551948543,720575941671138727,6,VNC_HTct_L,,DNp63,720575941671138727,3,70.40012985890591,5,steering_control
720575941551948543,720575941671138727,7,VNC_IntTct_L,,DNp63,720575941671138727,3,70.40012985890591,5,steering_control
720575941551948543,720575941671138727,10,VNC_WTct_L,,DNp63,720575941671138727,3,70.40012985890591,5,steering_control
720575941551948543,720575941671138727,4,VNC_unassigned_L,,DNp63,720575941671138727,3,70.40012985890591,5,steering_control
720575941552603966,720575941456348575,30,VNC_IntTct_R,,DNp19,720575941456348575,10,61.96655431682648,2,steering_control
720575941552603966,720575941457147206,30,VNC_IntTct_L,,DNp19,720575941457147206,28,50.37810042347231,2,steering_control
720575941552603966,720575941474741819,11,VNC_IntTct_L,,DNp19,720575941474741819,6,67.21221156339116,4,steering_control
720575941552603966,720575941623108298,5,VNC_WTct_R,,DNp19,720575941623108298,4,69.82304058399461,5,steering_control
720575941552726407,720575941456348575,9,VNC_HTct_R,,DNg99,720575941456348575,10,61.96655431682648,2,steering_control
720575941552726407,720575941456348575,23,VNC_IntTct_R,,DNg99,720575941456348575,10,61.96655431682648,2,steering_control
720575941552726407,720575941456348575,7,VNC_WTct_R,,DNg99,720575941456348575,10,61.96655431682648,2,steering_control
720575941552726407,720575941477884802,7,VNC_HTct_R,,DNg99,720575941477884802,37,49.28787485956254,2,steering_control
720575941552726407,720575941623108298,8,VNC_HTct_R,,DNg99,720575941623108298,4,69.82304058399461,5,steering_control
720575941552726407,720575941623108298,40,VNC_IntTct_R,,DNg99,720575941623108298,4,69.82304058399461,5,steering_control
720575941552726407,720575941623108298,5,VNC_NTct_R,,DNg99,720575941623108298,4,69.82304058399461,5,steering_control
720575941552726407,720575941623108298,37,VNC_WTct_R,,DNg99,720575941623108298,4,69.82304058399461,5,steering_control
720575941552726407,720575941671138727,4,VNC_IntTct_R,,DNg99,720575941671138727,3,70.40012985890591,5,steering_control
720575941552863489,720575941671138727,3,VNC_WTct_L,,DNg92,720575941671138727,3,70.40012985890591,5,steering_control
720575941552907838,720575941450532174,3,VNC_AMNp_R,,DNp45,720575941450532174,11,56.79226615576105,3,steering_control
720575941552907838,720575941450532174,7,VNC_IntTct_R,,DNp45,720575941450532174,11,56.79226615576105,3,steering_control
720575941552907838,720575941450532174,25,VNC_LTct_R,,DNp45,720575941450532174,11,56.79226615576105,3,steering_control
720575941552907838,720575941450532174,5,VNC_WTct_R,,DNp45,720575941450532174,11,56.79226615576105,3,steering_control
720575941552907838,720575941670676135,9,VNC_IntTct_R,,DNp45,720575941670676135,33,49.81663742877106,3,steering_control
720575941552907838,720575941670676135,9,VNC_LTct_R,,DNp45,720575941670676135,33,49.81663742877106,3,steering_control
720575941553786503,720575941670676135,6,VNC_IntTct_L,,aSP22,720575941670676135,33,49.81663742877106,3,power_control
720575941553985875,720575941456348575,3,VNC_WTct_R,,DNg02,720575941456348575,10,61.96655431682648,2,power_control
720575941553985875,720575941507280965,3,VNC_WTct_L,,DNg02,720575941507280965,42,47.85800708668207,4,power_control
720575941553985875,720575941551389979,4,VNC_WTct_R,,DNg02,720575941551389979,25,50.751663641863104,4,power_control
720575941553985875,720575941594160421,3,VNC_NTct_R,,DNg02,720575941594160421,18,51.5681444991789,4,power_control
720575941553985875,720575941594160421,3,VNC_WTct_L,,DNg02,720575941594160421,18,51.5681444991789,4,power_control
720575941554694372,720575941438938175,23,VNC_HTct_L,,DNg36,720575941438938175,35,49.351179673321184,2,steering_control
720575941554952858,720575941554049307,3,VNC_IntTct_R,,DNge053,720575941554049307,36,49.34318555008191,4,steering_control
720575941555674340,720575941464901398,5,VNC_HTct_R,,DNg41,720575941464901398,34,49.57047791893521,2,steering_control
720575941555742035,720575941516099500,9,VNC_IntTct_R,,DNxn132,720575941516099500,13,54.47044334975361,4,steering_control
720575941557413284,720575941402032240,3,VNC_WTct_L,,DNut051,720575941402032240,27,50.45977011494233,4,steering_control
720575941557413284,720575941515619939,5,VNC_HTct_R,,DNut051,720575941515619939,15,53.58136721113107,4,steering_control
720575941557413284,720575941671138727,3,VNC_NTct_L,,DNut051,720575941671138727,3,70.40012985890591,5,steering_control
720575941558381860,720575941412445332,3,VNC_IntTct_R,,DNxn183,720575941412445332,16,53.31432028346711,4,steering_control
720575941558607396,720575941402032240,3,VNC_WTct_L,,DNp03,720575941402032240,27,50.45977011494233,4,steering_control
720575941558607396,720575941460235152,3,VNC_WTct_R,,DNp03,720575941460235152,46,47.31937602627239,4,steering_control
720575941558607396,720575941472042282,6,VNC_IntTct_L,,DNp03,720575941472042282,44,47.685161178808926,4,steering_control
720575941558607396,720575941472042282,4,VNC_WTct_L,,DNp03,720575941472042282,44,47.685161178808926,4,steering_control
720575941558607396,720575941511393233,5,VNC_WTct_L,,DNp03,720575941511393233,2,70.53430149489242,5,steering_control
720575941558607396,720575941516099500,3,VNC_WTct_L,,DNp03,720575941516099500,13,54.47044334975361,4,steering_control
720575941558607396,720575941518434227,3,VNC_IntTct_L,,DNp03,720575941518434227,32,49.81937602627239,4,steering_control
720575941558607396,720575941518434227,4,VNC_WTct_L,,DNp03,720575941518434227,32,49.81937602627239,4,steering_control
720575941558607396,720575941519213016,3,VNC_WTct_L,,DNp03,720575941519213016,41,47.90640394088663,4,steering_control
720575941558607396,720575941524114276,3,VNC_WTct_L,,DNp03,720575941524114276,1,71.212289568525,5,steering_control
720575941559104813,720575941456348575,4,VNC_NTct_R,,DNg02,720575941456348575,10,61.96655431682648,2,steering_control
720575941559104813,720575941512896099,3,VNC_WTct_L,,DNg02,720575941512896099,40,48.29984443868286,4,steering_control
720575941559104813,720575941512896099,3,VNC_WTct_R,,DNg02,720575941512896099,40,48.29984443868286,4,steering_control
720575941559176942,720575941671138727,8,VNC_IntTct_L,,DNb04,720575941671138727,3,70.40012985890591,5,steering_control
720575941559176942,720575941671138727,7,VNC_NTct_L,,DNb04,720575941671138727,3,70.40012985890591,5,steering_control
720575941559176942,720575941671138727,5,VNC_WTct_L,,DNb04,720575941671138727,3,70.40012985890591,5,steering_control
720575941559205933,720575941490785712,7,VNC_NTct_L,,DNg05,720575941490785712,17,52.31743150980893,4,steering_control
720575941559874831,720575941457802480,3,VNC_LTct_R,,DNp04,720575941457802480,5,68.98863538155713,4,steering_control
720575941560435059,720575941437525589,4,VNC_LTct_L,,DNge133,720575941437525589,8,63.16394434361749,4,steering_control
720575941560435059,720575941449617230,7,VNC_LTct_R,,DNge133,720575941449617230,23,50.82425892316983,4,steering_control
720575941560503155,720575941457147206,7,VNC_HTct_L,,DNp73,720575941457147206,28,50.37810042347231,2,steering_control
720575941560503155,720575941457147206,27,VNC_IntTct_L,,DNp73,720575941457147206,28,50.37810042347231,2,steering_control
720575941560503155,720575941457147206,5,VNC_WTct_L,,DNp73,720575941457147206,28,50.37810042347231,2,steering_control
720575941560597775,720575941457147206,4,VNC_NTct_L,,DNg110,720575941457147206,28,50.37810042347231,2,steering_control
720575941560597775,720575941519213016,3,VNC_WTct_L,,DNg110,720575941519213016,41,47.90640394088663,4,steering_control
720575941561776173,720575941477884802,4,VNC_T3_MetaNm_R,,DNxl120,720575941477884802,37,49.28787485956254,2,power_control
720575941562059176,720575941472042282,3,VNC_WTct_R,,DNg82,720575941472042282,44,47.685161178808926,4,steering_control
720575941562059176,720575941490785712,3,VNC_IntTct_R,,DNg82,720575941490785712,17,52.31743150980893,4,steering_control
720575941562192429,720575941477884802,23,VNC_HTct_R,,DNge090,720575941477884802,37,49.28787485956254,2,steering_control
720575941563183016,720575941518434227,4,VNC_unassigned_L,,DNg74,720575941518434227,32,49.81937602627239,4,steering_control
720575941563218944,720575941490785712,3,VNC_IntTct_R,,DNxn122,720575941490785712,17,52.31743150980893,4,steering_control
720575941563218944,720575941623108298,3,VNC_IntTct_R,,DNxn122,720575941623108298,4,69.82304058399461,5,steering_control
720575941563218944,720575941623108298,8,VNC_NTct_R,,DNxn122,720575941623108298,4,69.82304058399461,5,steering_control
720575941563218944,720575941623108298,3,VNC_WTct_R,,DNxn122,720575941623108298,4,69.82304058399461,5,steering_control
720575941563391383,720575941490785712,3,VNC_WTct_L,,DNg82,720575941490785712,17,52.31743150980893,4,steering_control
720575941563866536,720575941477884802,17,VNC_HTct_R,,DNg08,720575941477884802,37,49.28787485956254,2,steering_control
720575941563866536,720575941477884802,5,VNC_IntTct_R,,DNg08,720575941477884802,37,49.28787485956254,2,steering_control
720575941564410112,720575941515619939,6,VNC_NTct_L,,DNg05,720575941515619939,15,53.58136721113107,4,steering_control
720575941564410112,720575941516099500,3,VNC_HTct_L,,DNg05,720575941516099500,13,54.47044334975361,4,steering_control
720575941564410112,720575941671138727,8,VNC_HTct_L,,DNg05,720575941671138727,3,70.40012985890591,5,steering_control
720575941564432786,720575941450532174,4,VNC_T1_ProNm_R,,DNxl080,720575941450532174,11,56.79226615576105,3,steering_control
720575941565245794,720575941437525589,5,VNC_IntTct_L,,DNxn151,720575941437525589,8,63.16394434361749,4,steering_control
720575941566309174,720575941623108298,6,VNC_IntTct_R,,DNp26,720575941623108298,4,69.82304058399461,5,steering_control
720575941566556775,720575941519213016,5,VNC_IntTct_L,,DNxn159,720575941519213016,41,47.90640394088663,4,steering_control
720575941568870770,720575941437525589,5,VNC_IntTct_L,,DNa10,720575941437525589,8,63.16394434361749,4,steering_control
720575941568870770,720575941457686512,5,VNC_WTct_R,,DNa10,720575941457686512,19,51.35489586034046,4,steering_control
720575941568870770,720575941623108298,4,VNC_HTct_L,,DNa10,720575941623108298,4,69.82304058399461,5,steering_control
720575941568870770,720575941623108298,16,VNC_HTct_R,,DNa10,720575941623108298,4,69.82304058399461,5,steering_control
720575941568870770,720575941623108298,5,VNC_IntTct_R,,DNa10,720575941623108298,4,69.82304058399461,5,steering_control
720575941568870770,720575941623108298,26,VNC_WTct_R,,DNa10,720575941623108298,4,69.82304058399461,5,steering_control
720575941568870770,720575941623108298,4,VNC_unassigned_R,,DNa10,720575941623108298,4,69.82304058399461,5,steering_control
720575941568870770,720575941671138727,20,VNC_HTct_L,,DNa10,720575941671138727,3,70.40012985890591,5,steering_control
720575941568870770,720575941671138727,6,VNC_IntTct_L,,DNa10,720575941671138727,3,70.40012985890591,5,steering_control
720575941568870770,720575941671138727,4,VNC_NTct_L,,DNa10,720575941671138727,3,70.40012985890591,5,steering_control
720575941568870770,720575941671138727,14,VNC_WTct_L,,DNa10,720575941671138727,3,70.40012985890591,5,steering_control
720575941568870770,720575941671138727,7,VNC_WTct_R,,DNa10,720575941671138727,3,70.40012985890591,5,steering_control
720575941571871241,720575941477884802,3,VNC_HTct_R,,DNge091,720575941477884802,37,49.28787485956254,2,steering_control
720575941572471454,720575941554049307,8,VNC_WTct_R,,DNg108,720575941554049307,36,49.34318555008191,4,steering_control
720575941572471454,720575941594160421,4,VNC_WTct_R,,DNg108,720575941594160421,18,51.5681444991789,4,steering_control
720575941572620446,720575941519213016,4,VNC_IntTct_L,,DNb03,720575941519213016,41,47.90640394088663,4,steering_control
720575941572671995,720575941408509867,10,VNC_IntTct_R,,DNp59,720575941408509867,39,48.647048656123,4,steering_control
720575941572671995,720575941457802480,14,VNC_LTct_R,,DNp59,720575941457802480,5,68.98863538155713,4,steering_control
720575941572671995,720575941474741819,5,VNC_IntTct_R,,DNp59,720575941474741819,6,67.21221156339116,4,steering_control
720575941572671995,720575941474741819,21,VNC_LTct_R,,DNp59,720575941474741819,6,67.21221156339116,4,steering_control
720575941572671995,720575941517770412,11,VNC_IntTct_R,,DNp59,720575941517770412,20,51.34754990925583,4,steering_control
720575941572671995,720575941517770412,9,VNC_LTct_R,,DNp59,720575941517770412,20,51.34754990925583,4,steering_control
720575941573616891,720575941408509867,9,VNC_IntTct_L,,DNp59,720575941408509867,39,48.647048656123,4,steering_control
720575941573616891,720575941408509867,4,VNC_LTct_L,,DNp59,720575941408509867,39,48.647048656123,4,steering_control
720575941573616891,720575941457802480,3,VNC_IntTct_L,,DNp59,720575941457802480,5,68.98863538155713,4,steering_control
720575941573616891,720575941457802480,13,VNC_LTct_L,,DNp59,720575941457802480,5,68.98863538155713,4,steering_control
720575941573616891,720575941474741819,15,VNC_IntTct_L,,DNp59,720575941474741819,6,67.21221156339116,4,steering_control
720575941573616891,720575941474741819,43,VNC_LTct_L,,DNp59,720575941474741819,6,67.21221156339116,4,steering_control
720575941573616891,720575941517770412,7,VNC_LTct_L,,DNp59,720575941517770412,20,51.34754990925583,4,steering_control
720575941574230523,720575941507280965,3,VNC_HTct_L,,DNg02,720575941507280965,42,47.85800708668207,4,steering_control
720575941574230523,720575941516099500,4,VNC_WTct_L,,DNg02,720575941516099500,13,54.47044334975361,4,steering_control
720575941574675869,720575941512896099,9,VNC_IntTct_R,,DNb07,720575941512896099,40,48.29984443868286,4,steering_control
720575941574675869,720575941512896099,5,VNC_WTct_L,,DNb07,720575941512896099,40,48.29984443868286,4,steering_control
720575941574675869,720575941512896099,6,VNC_WTct_R,,DNb07,720575941512896099,40,48.29984443868286,4,steering_control
720575941574675869,720575941519213016,9,VNC_WTct_L,,DNb07,720575941519213016,41,47.90640394088663,4,steering_control
720575941574675869,720575941519213016,5,VNC_WTct_R,,DNb07,720575941519213016,41,47.90640394088663,4,steering_control
720575941574675869,720575941623108298,7,VNC_HTct_L,,DNb07,720575941623108298,4,69.82304058399461,5,steering_control
720575941574675869,720575941623108298,22,VNC_HTct_R,,DNb07,720575941623108298,4,69.82304058399461,5,steering_control
720575941574675869,720575941623108298,27,VNC_IntTct_R,,DNb07,720575941623108298,4,69.82304058399461,5,steering_control
720575941574675869,720575941623108298,6,VNC_NTct_R,,DNb07,720575941623108298,4,69.82304058399461,5,steering_control
720575941574675869,720575941623108298,23,VNC_WTct_R,,DNb07,720575941623108298,4,69.82304058399461,5,steering_control
720575941574675869,720575941671138727,22,VNC_HTct_L,,DNb07,720575941671138727,3,70.40012985890591,5,steering_control
720575941574675869,720575941671138727,11,VNC_IntTct_L,,DNb07,720575941671138727,3,70.40012985890591,5,steering_control
720575941574675869,720575941671138727,6,VNC_IntTct_R,,DNb07,720575941671138727,3,70.40012985890591,5,steering_control
720575941574675869,720575941671138727,10,VNC_NTct_L,,DNb07,720575941671138727,3,70.40012985890591,5,steering_control
720575941574675869,720575941671138727,16,VNC_WTct_L,,DNb07,720575941671138727,3,70.40012985890591,5,steering_control
720575941574675869,720575941671138727,8,VNC_WTct_R,,DNb07,720575941671138727,3,70.40012985890591,5,steering_control
720575941574984201,720575941460235152,3,VNC_WTct_R,,DNge148,720575941460235152,46,47.31937602627239,4,power_control
720575941574984201,720575941594160421,3,VNC_WTct_R,,DNge148,720575941594160421,18,51.5681444991789,4,power_control
720575941575744655,720575941612696934,3,VNC_ANm_R,,DNxn140,720575941612696934,29,50.18472906403932,4,power_control
720575941579616081,720575941457147206,5,VNC_NTct_L,,DNp16,720575941457147206,28,50.37810042347231,2,steering_control
720575941582282873,720575941477884802,24,VNC_HTct_R,,DNg08,720575941477884802,37,49.28787485956254,2,steering_control
720575941582282873,720575941477884802,3,VNC_IntTct_R,,DNg08,720575941477884802,37,49.28787485956254,2,steering_control
720575941586273926,720575941456348575,3,VNC_IntTct_R,,DNnt012,720575941456348575,10,61.96655431682648,2,steering_control
720575941586653062,720575941460235152,4,VNC_IntTct_R,,DNp37,720575941460235152,46,47.31937602627239,4,steering_control
720575941591050494,720575941431075503,4,VNC_ANm_R,,DNg32,720575941431075503,30,50.055526747904175,4,steering_control
720575941591151500,720575941457147206,3,VNC_NTct_L,,DNg02,720575941457147206,28,50.37810042347231,2,steering_control
720575941591151500,720575941457147206,5,VNC_unassigned_L,,DNg02,720575941457147206,28,50.37810042347231,2,steering_control
720575941591448972,720575941402032240,4,VNC_WTct_R,,DNa08,720575941402032240,27,50.45977011494233,4,power_control
720575941591448972,720575941512896099,4,VNC_HTct_L,,DNa08,720575941512896099,40,48.29984443868286,4,power_control
720575941591448972,720575941512896099,3,VNC_WTct_L,,DNa08,720575941512896099,40,48.29984443868286,4,power_control
720575941591448972,720575941515619939,3,VNC_HTct_L,,DNa08,720575941515619939,15,53.58136721113107,4,power_control
720575941591448972,720575941516099500,3,VNC_HTct_L,,DNa08,720575941516099500,13,54.47044334975361,4,power_control
720575941591448972,720575941516099500,6,VNC_HTct_R,,DNa08,720575941516099500,13,54.47044334975361,4,power_control
720575941591448972,720575941518434227,3,VNC_WTct_L,,DNa08,720575941518434227,32,49.81937602627239,4,power_control
720575941591448972,720575941518434227,8,VNC_WTct_R,,DNa08,720575941518434227,32,49.81937602627239,4,power_control
720575941591448972,720575941518434227,6,VNC_unassigned_L,,DNa08,720575941518434227,32,49.81937602627239,4,power_control
720575941591448972,720575941519213016,3,VNC_WTct_L,,DNa08,720575941519213016,41,47.90640394088663,4,power_control
720575941591448972,720575941519213016,4,VNC_WTct_R,,DNa08,720575941519213016,41,47.90640394088663,4,power_control
720575941591448972,720575941551389979,3,VNC_WTct_R,,DNa08,720575941551389979,25,50.751663641863104,4,power_control
720575941591448972,720575941594160421,9,VNC_WTct_R,,DNa08,720575941594160421,18,51.5681444991789,4,power_control
720575941591448972,720575941670676135,3,VNC_WTct_R,,DNa08,720575941670676135,33,49.81663742877106,3,power_control
720575941591761704,720575941671138727,3,VNC_HTct_L,,DNg02,720575941671138727,3,70.40012985890591,5,steering_control
720575941591761704,720575941671138727,8,VNC_NTct_L,,DNg02,720575941671138727,3,70.40012985890591,5,steering_control
720575941591761704,720575941671138727,7,VNC_WTct_L,,DNg02,720575941671138727,3,70.40012985890591,5,steering_control
720575941592893992,720575941437525589,8,VNC_IntTct_L,,DNp49,720575941437525589,8,63.16394434361749,4,steering_control
720575941592893992,720575941437525589,3,VNC_LTct_L,,DNp49,720575941437525589,8,63.16394434361749,4,steering_control
720575941592893992,720575941474741819,4,VNC_IntTct_L,,DNp49,720575941474741819,6,67.21221156339116,4,steering_control
720575941592893992,720575941474741819,9,VNC_LTct_L,,DNp49,720575941474741819,6,67.21221156339116,4,steering_control
720575941592893992,720575941474741819,4,VNC_LTct_R,,DNp49,720575941474741819,6,67.21221156339116,4,steering_control
720575941592893992,720575941511393233,3,VNC_LTct_L,,DNp49,720575941511393233,2,70.53430149489242,5,steering_control
720575941592893992,720575941511393233,6,VNC_LTct_R,,DNp49,720575941511393233,2,70.53430149489242,5,steering_control
720575941592893992,720575941513160697,3,VNC_IntTct_R,,DNp49,720575941513160697,24,50.760945691591104,5,steering_control
720575941592893992,720575941513160697,6,VNC_LTct_R,,DNp49,720575941513160697,24,50.760945691591104,5,steering_control
720575941592893992,720575941524114276,7,VNC_IntTct_L,,DNp49,720575941524114276,1,71.212289568525,5,steering_control
720575941592893992,720575941524114276,9,VNC_LTct_L,,DNp49,720575941524114276,1,71.212289568525,5,steering_control
720575941593683051,720575941457802480,7,VNC_IntTct_L,,DNp10,720575941457802480,5,68.98863538155713,4,power_control
720575941593683051,720575941457802480,9,VNC_LTct_L,,DNp10,720575941457802480,5,68.98863538155713,4,power_control
720575941593683051,720575941474741819,8,VNC_IntTct_L,,DNp10,720575941474741819,6,67.21221156339116,4,power_control
720575941593683051,720575941474741819,3,VNC_T1_ProNm_R,,DNp10,720575941474741819,6,67.21221156339116,4,power_control
720575941594823537,720575941457802480,8,VNC_IntTct_L,,DNp05,720575941457802480,5,68.98863538155713,4,power_control
720575941594823537,720575941457802480,4,VNC_IntTct_R,,DNp05,720575941457802480,5,68.98863538155713,4,power_control
720575941594823537,720575941457802480,35,VNC_LTct_L,,DNp05,720575941457802480,5,68.98863538155713,4,power_control
720575941594823537,720575941457802480,14,VNC_LTct_R,,DNp05,720575941457802480,5,68.98863538155713,4,power_control
720575941594823537,720575941457802480,3,VNC_T2_MesoNm_L,,DNp05,720575941457802480,5,68.98863538155713,4,power_control
720575941594823537,720575941474741819,36,VNC_IntTct_L,,DNp05,720575941474741819,6,67.21221156339116,4,power_control
720575941594823537,720575941474741819,22,VNC_LTct_L,,DNp05,720575941474741819,6,67.21221156339116,4,power_control
720575941594823537,720575941524114276,3,VNC_IntTct_L,,DNp05,720575941524114276,1,71.212289568525,5,power_control
720575941595189029,720575941472042282,3,VNC_NTct_L,,DNp18,720575941472042282,44,47.685161178808926,4,steering_control
720575941595189029,720575941474741819,25,VNC_IntTct_L,,DNp18,720575941474741819,6,67.21221156339116,4,steering_control
720575941595189029,720575941511393233,3,VNC_WTct_L,,DNp18,720575941511393233,2,70.53430149489242,5,steering_control
720575941595189029,720575941524114276,5,VNC_WTct_L,,DNp18,720575941524114276,1,71.212289568525,5,steering_control
720575941595189029,720575941671138727,7,VNC_IntTct_L,,DNp18,720575941671138727,3,70.40012985890591,5,steering_control
720575941595189029,720575941671138727,8,VNC_WTct_L,,DNp18,720575941671138727,3,70.40012985890591,5,steering_control
720575941595193558,720575941474741819,3,VNC_LTct_R,,DNp35,720575941474741819,6,67.21221156339116,4,steering_control
720575941595542823,720575941457802480,32,VNC_IntTct_R,,DNp05,720575941457802480,5,68.98863538155713,4,power_control
720575941595542823,720575941457802480,7,VNC_LTct_L,,DNp05,720575941457802480,5,68.98863538155713,4,power_control
720575941595542823,720575941457802480,52,VNC_LTct_R,,DNp05,720575941457802480,5,68.98863538155713,4,power_control
720575941595542823,720575941474741819,12,VNC_IntTct_R,,DNp05,720575941474741819,6,67.21221156339116,4,power_control
720575941595542823,720575941474741819,7,VNC_LTct_L,,DNp05,720575941474741819,6,67.21221156339116,4,power_control
720575941595542823,720575941474741819,42,VNC_LTct_R,,DNp05,720575941474741819,6,67.21221156339116,4,power_control
720575941595615783,720575941438938175,4,VNC_IntTct_L,,DNg106,720575941438938175,35,49.351179673321184,2,steering_control
720575941595955569,720575941524114276,3,VNC_HTct_L,,DNp13,720575941524114276,1,71.212289568525,5,steering_control
720575941595955569,720575941524114276,4,VNC_IntTct_L,,DNp13,720575941524114276,1,71.212289568525,5,steering_control
720575941595955569,720575941671138727,5,VNC_IntTct_L,,DNp13,720575941671138727,3,70.40012985890591,5,steering_control
720575941598492457,720575941490785712,4,VNC_unassigned_L,,DNg05,720575941490785712,17,52.31743150980893,4,steering_control
720575941598950556,720575941402032240,5,VNC_WTct_L,,DNg27,720575941402032240,27,50.45977011494233,4,power_control
720575941598950556,720575941450532174,3,VNC_HTct_L,,DNg27,720575941450532174,11,56.79226615576105,3,power_control
720575941598950556,720575941450532174,5,VNC_WTct_L,,DNg27,720575941450532174,11,56.79226615576105,3,power_control
720575941598950556,720575941450532174,7,VNC_WTct_R,,DNg27,720575941450532174,11,56.79226615576105,3,power_control
720575941598950556,720575941470536715,29,VNC_WTct_L,,DNg27,720575941470536715,45,47.345518969838224,4,power_control
720575941598950556,720575941470536715,18,VNC_unassigned_L,,DNg27,720575941470536715,45,47.345518969838224,4,power_control
720575941598950556,720575941484663558,3,VNC_WTct_L,,DNg27,720575941484663558,38,49.26929392446614,4,power_control
720575941598950556,720575941484663558,3,VNC_WTct_R,,DNg27,720575941484663558,38,49.26929392446614,4,power_control
720575941598950556,720575941489677001,14,VNC_WTct_R,,DNg27,720575941489677001,14,53.84495722063775,4,power_control
720575941598950556,720575941489677001,13,VNC_unassigned_R,,DNg27,720575941489677001,14,53.84495722063775,4,power_control
720575941598950556,720575941515619939,9,VNC_WTct_L,,DNg27,720575941515619939,15,53.58136721113107,4,power_control
720575941598950556,720575941516099500,4,VNC_IntTct_R,,DNg27,720575941516099500,13,54.47044334975361,4,power_control
720575941598950556,720575941516099500,4,VNC_NTct_L,,DNg27,720575941516099500,13,54.47044334975361,4,power_control
720575941598950556,720575941516099500,4,VNC_WTct_L,,DNg27,720575941516099500,13,54.47044334975361,4,power_control
720575941598950556,720575941518434227,3,VNC_WTct_L,,DNg27,720575941518434227,32,49.81937602627239,4,power_control
720575941598950556,720575941562464866,13,VNC_WTct_L,,DNg27,720575941562464866,47,47.29107250885829,4,power_control
720575941598950556,720575941564147346,6,VNC_WTct_L,,DNg27,720575941564147346,9,63.0827067669173,4,power_control
720575941598950556,720575941564147346,3,VNC_WTct_R,,DNg27,720575941564147346,9,63.0827067669173,4,power_control
720575941598950556,720575941571427323,8,VNC_WTct_L,,DNg27,720575941571427323,22,50.8888600812375,4,power_control
720575941598950556,720575941571427323,5,VNC_unassigned_L,,DNg27,720575941571427323,22,50.8888600812375,4,power_control
720575941598950556,720575941594160421,9,VNC_WTct_R,,DNg27,720575941594160421,18,51.5681444991789,4,power_control
720575941598950556,720575941669049587,8,VNC_WTct_L,,DNg27,720575941669049587,7,65.78320802005013,4,power_control
720575941598950556,720575941669049587,10,VNC_WTct_R,,DNg27,720575941669049587,7,65.78320802005013,4,power_control
720575941598950556,720575941669049587,4,VNC_unassigned_R,,DNg27,720575941669049587,7,65.78320802005013,4,power_control
720575941598950556,720575941670676135,7,VNC_WTct_L,,DNg27,720575941670676135,33,49.81663742877106,3,power_control
720575941598950556,720575941670676135,6,VNC_WTct_R,,DNg27,720575941670676135,33,49.81663742877106,3,power_control
720575941598950556,720575941670676135,4,VNC_unassigned_L,,DNg27,720575941670676135,33,49.81663742877106,3,power_control
720575941598950556,720575941670676135,4,VNC_unassigned_R,,DNg27,720575941670676135,33,49.81663742877106,3,power_control
720575941600878377,720575941530192843,8,VNC_HTct_L,,DNa05,720575941530192843,48,47.227119522945245,2,steering_control
720575941602323897,720575941456348575,4,VNC_WTct_R,,DNa04,720575941456348575,10,61.96655431682648,2,steering_control
720575941602323897,720575941464901398,3,VNC_HTct_R,,DNa04,720575941464901398,34,49.57047791893521,2,steering_control
720575941602323897,720575941530192843,9,VNC_HTct_R,,DNa04,720575941530192843,48,47.227119522945245,2,steering_control
720575941602323897,720575941530192843,8,VNC_WTct_R,,DNa04,720575941530192843,48,47.227119522945245,2,steering_control
720575941604343737,720575941512896099,5,VNC_WTct_L,,DNg110,720575941512896099,40,48.29984443868286,4,power_control
720575941604343737,720575941512896099,4,VNC_WTct_R,,DNg110,720575941512896099,40,48.29984443868286,4,power_control
720575941604343737,720575941518434227,4,VNC_WTct_L,,DNg110,720575941518434227,32,49.81937602627239,4,power_control
720575941604343737,720575941554049307,5,VNC_WTct_R,,DNg110,720575941554049307,36,49.34318555008191,4,power_control
720575941604343737,720575941669049587,3,VNC_IntTct_R,,DNg110,720575941669049587,7,65.78320802005013,4,power_control
720575941609235302,720575941456348575,6,VNC_IntTct_R,,DNge090,720575941456348575,10,61.96655431682648,2,steering_control
720575941609235302,720575941477884802,10,VNC_HTct_R,,DNge090,720575941477884802,37,49.28787485956254,2,steering_control
720575941611082826,720575941456348575,3,VNC_NTct_R,,DNg03,720575941456348575,10,61.96655431682648,2,steering_control
720575941611791590,720575941457802480,13,VNC_LTct_L,,DNp06,720575941457802480,5,68.98863538155713,4,steering_control
720575941611791590,720575941474741819,3,VNC_IntTct_L,,DNp06,720575941474741819,6,67.21221156339116,4,steering_control
720575941611791590,720575941474741819,19,VNC_LTct_L,,DNp06,720575941474741819,6,67.21221156339116,4,steering_control
720575941611992493,720575941623108298,3,VNC_HTct_R,,DNxn007,720575941623108298,4,69.82304058399461,5,steering_control
720575941611992493,720575941623108298,3,VNC_IntTct_R,,DNxn007,720575941623108298,4,69.82304058399461,5,steering_control
720575941611992493,720575941671138727,4,VNC_IntTct_L,,DNxn007,720575941671138727,3,70.40012985890591,5,steering_control
720575941611992493,720575941671138727,4,VNC_WTct_L,,DNxn007,720575941671138727,3,70.40012985890591,5,steering_control
720575941612039142,720575941623108298,6,VNC_IntTct_R,,DNbe005,720575941623108298,4,69.82304058399461,5,steering_control
720575941612039142,720575941623108298,4,VNC_NTct_R,,DNbe005,720575941623108298,4,69.82304058399461,5,steering_control
720575941612039142,720575941623108298,6,VNC_WTct_R,,DNbe005,720575941623108298,4,69.82304058399461,5,steering_control
720575941612039142,720575941671138727,6,VNC_HTct_L,,DNbe005,720575941671138727,3,70.40012985890591,5,steering_control
720575941612039142,720575941671138727,4,VNC_IntTct_L,,DNbe005,720575941671138727,3,70.40012985890591,5,steering_control
720575941612044518,720575941438938175,3,VNC_HTct_L,,DNa04,720575941438938175,35,49.351179673321184,2,steering_control
720575941612044518,720575941530192843,5,VNC_HTct_L,,DNa04,720575941530192843,48,47.227119522945245,2,steering_control
720575941612044518,720575941530192843,3,VNC_WTct_L,,DNa04,720575941530192843,48,47.227119522945245,2,steering_control
720575941612195501,720575941431072137,3,VNC_WTct_L,,DNg17,720575941431072137,26,50.54986604442123,4,steering_control
720575941612195501,720575941530192843,3,VNC_WTct_L,,DNg17,720575941530192843,48,47.227119522945245,2,steering_control
720575941612195501,720575941562464866,7,VNC_WTct_L,,DNg17,720575941562464866,47,47.29107250885829,4,steering_control
720575941612195501,720575941563314486,4,VNC_WTct_L,,DNg17,720575941563314486,21,51.227205945899165,4,steering_control
720575941612195501,720575941571427323,10,VNC_WTct_L,,DNg17,720575941571427323,22,50.8888600812375,4,steering_control
720575941612286428,720575941456348575,6,VNC_HTct_R,,DNut048,720575941456348575,10,61.96655431682648,2,steering_control
720575941612286428,720575941456348575,7,VNC_IntTct_R,,DNut048,720575941456348575,10,61.96655431682648,2,steering_control
720575941612286428,720575941477884802,3,VNC_HTct_R,,DNut048,720575941477884802,37,49.28787485956254,2,steering_control
720575941612321382,720575941490785712,4,VNC_WTct_L,,DNa07,720575941490785712,17,52.31743150980893,4,steering_control
720575941612321382,720575941671138727,4,VNC_WTct_L,,DNa07,720575941671138727,3,70.40012985890591,5,steering_control
720575941618366079,720575941408509867,3,VNC_WTct_L,,DNp31,720575941408509867,39,48.647048656123,4,steering_control
720575941618366079,720575941472042282,4,VNC_NTct_L,,DNp31,720575941472042282,44,47.685161178808926,4,steering_control
720575941618366079,720575941472042282,3,VNC_WTct_R,,DNp31,720575941472042282,44,47.685161178808926,4,steering_control
720575941618366079,720575941477884802,3,VNC_HTct_R,,DNp31,720575941477884802,37,49.28787485956254,2,steering_control
720575941618366079,720575941490785712,3,VNC_NTct_L,,DNp31,720575941490785712,17,52.31743150980893,4,steering_control
720575941618366079,720575941512896099,5,VNC_WTct_R,,DNp31,720575941512896099,40,48.29984443868286,4,steering_control
720575941618366079,720575941515619939,3,VNC_WTct_L,,DNp31,720575941515619939,15,53.58136721113107,4,steering_control
720575941618366079,720575941516099500,4,VNC_IntTct_L,,DNp31,720575941516099500,13,54.47044334975361,4,steering_control
720575941618366079,720575941516099500,7,VNC_WTct_L,,DNp31,720575941516099500,13,54.47044334975361,4,steering_control
720575941618366079,720575941517770412,3,VNC_WTct_L,,DNp31,720575941517770412,20,51.34754990925583,4,steering_control
720575941618366079,720575941517770412,4,VNC_WTct_R,,DNp31,720575941517770412,20,51.34754990925583,4,steering_control
720575941618366079,720575941518434227,5,VNC_WTct_L,,DNp31,720575941518434227,32,49.81937602627239,4,steering_control
720575941618366079,720575941519213016,3,VNC_WTct_L,,DNp31,720575941519213016,41,47.90640394088663,4,steering_control
720575941618366079,720575941551389979,3,VNC_WTct_R,,DNp31,720575941551389979,25,50.751663641863104,4,steering_control
720575941618366079,720575941554049307,4,VNC_WTct_L,,DNp31,720575941554049307,36,49.34318555008191,4,steering_control
720575941618366079,720575941594160421,3,VNC_NTct_R,,DNp31,720575941594160421,18,51.5681444991789,4,steering_control
720575941618366079,720575941594160421,6,VNC_WTct_R,,DNp31,720575941594160421,18,51.5681444991789,4,steering_control
720575941618895231,720575941408509867,8,VNC_HTct_L,,DNb01,720575941408509867,39,48.647048656123,4,steering_control
720575941618895231,720575941457147206,4,VNC_WTct_L,,DNb01,720575941457147206,28,50.37810042347231,2,steering_control
720575941618895231,720575941517770412,3,VNC_HTct_L,,DNb01,720575941517770412,20,51.34754990925583,4,steering_control
720575941619883135,720575941507280965,3,VNC_AMNp_R,,DNpe031,720575941507280965,42,47.85800708668207,4,steering_control
720575941619883135,720575941511393233,5,VNC_IntTct_R,,DNpe031,720575941511393233,2,70.53430149489242,5,steering_control
720575941620273535,720575941562464866,3,VNC_WTct_L,,DNd03,720575941562464866,47,47.29107250885829,4,power_control
720575941624831228,720575941450532174,4,VNC_WTct_R,,DNg17,720575941450532174,11,56.79226615576105,3,steering_control
720575941624831228,720575941460235152,16,VNC_WTct_R,,DNg17,720575941460235152,46,47.31937602627239,4,steering_control
720575941624831228,720575941489677001,3,VNC_WTct_R,,DNg17,720575941489677001,14,53.84495722063775,4,steering_control
720575941624831228,720575941530192843,3,VNC_WTct_R,,DNg17,720575941530192843,48,47.227119522945245,2,steering_control
720575941624831228,720575941670676135,3,VNC_WTct_R,,DNg17,720575941670676135,33,49.81663742877106,3,steering_control
720575941625972123,720575941456348575,8,VNC_IntTct_R,,DNae003,720575941456348575,10,61.96655431682648,2,steering_control
720575941625972123,720575941456348575,3,VNC_NTct_R,,DNae003,720575941456348575,10,61.96655431682648,2,steering_control
720575941626967865,720575941438938175,10,VNC_HTct_L,,DNge091,720575941438938175,35,49.351179673321184,2,steering_control
720575941626967865,720575941438938175,6,VNC_IntTct_L,,DNge091,720575941438938175,35,49.351179673321184,2,steering_control
720575941628867042,720575941464901398,5,VNC_HTct_R,,DNg04,720575941464901398,34,49.57047791893521,2,steering_control
720575941628867042,720575941623108298,3,VNC_HTct_R,,DNg04,720575941623108298,4,69.82304058399461,5,steering_control
720575941629726246,720575941457147206,8,VNC_IntTct_L,,DNp07,720575941457147206,28,50.37810042347231,2,power_control
720575941629726246,720575941457147206,3,VNC_LTct_L,,DNp07,720575941457147206,28,50.37810042347231,2,power_control
720575941629726246,720575941457147206,4,VNC_WTct_L,,DNp07,720575941457147206,28,50.37810042347231,2,power_control
720575941629726246,720575941457802480,3,VNC_IntTct_L,,DNp07,720575941457802480,5,68.98863538155713,4,power_control
720575941629726246,720575941457802480,8,VNC_LTct_L,,DNp07,720575941457802480,5,68.98863538155713,4,power_control
720575941629726246,720575941457802480,8,VNC_LTct_R,,DNp07,720575941457802480,5,68.98863538155713,4,power_control
720575941629726246,720575941474741819,6,VNC_IntTct_L,,DNp07,720575941474741819,6,67.21221156339116,4,power_control
720575941629726246,720575941474741819,4,VNC_LTct_L,,DNp07,720575941474741819,6,67.21221156339116,4,power_control
720575941629726246,720575941474741819,3,VNC_LTct_R,,DNp07,720575941474741819,6,67.21221156339116,4,power_control
720575941629726246,720575941512896099,3,VNC_T2_MesoNm_L,,DNp07,720575941512896099,40,48.29984443868286,4,power_control
720575941629726246,720575941623108298,4,VNC_IntTct_R,,DNp07,720575941623108298,4,69.82304058399461,5,power_control
720575941629726246,720575941671138727,17,VNC_IntTct_L,,DNp07,720575941671138727,3,70.40012985890591,5,power_control
720575941629872422,720575941490785712,8,VNC_IntTct_R,,DNut037,720575941490785712,17,52.31743150980893,4,steering_control
720575941630049762,720575941456348575,3,VNC_IntTct_R,,DNut054,720575941456348575,10,61.96655431682648,2,steering_control
720575941630049762,720575941477884802,4,VNC_HTct_R,,DNut054,720575941477884802,37,49.28787485956254,2,steering_control
720575941631013090,720575941517770412,4,VNC_T2_MesoNm_R,,DNxl134,720575941517770412,20,51.34754990925583,4,steering_control
720575941632002720,720575941457147206,6,VNC_unassigned_L,,DNg02,720575941457147206,28,50.37810042347231,2,steering_control
720575941632002720,720575941518434227,3,VNC_WTct_L,,DNg02,720575941518434227,32,49.81937602627239,4,steering_control
720575941632002720,720575941519213016,4,VNC_WTct_L,,DNg02,720575941519213016,41,47.90640394088663,4,steering_control
720575941632002720,720575941554049307,4,VNC_NTct_R,,DNg02,720575941554049307,36,49.34318555008191,4,steering_control
720575941632002720,720575941594160421,3,VNC_unassigned_R,,DNg02,720575941594160421,18,51.5681444991789,4,steering_control
720575941632594592,720575941490785712,3,VNC_WTct_R,,DNa07,720575941490785712,17,52.31743150980893,4,steering_control
720575941632594592,720575941530192843,8,VNC_WTct_R,,DNa07,720575941530192843,48,47.227119522945245,2,steering_control
720575941632978629,720575941516099500,3,VNC_NTct_L,,DNg02,720575941516099500,13,54.47044334975361,4,power_control
720575941632978629,720575941554049307,3,VNC_HTct_R,,DNg02,720575941554049307,36,49.34318555008191,4,power_control
720575941632978629,720575941594160421,3,VNC_NTct_R,,DNg02,720575941594160421,18,51.5681444991789,4,power_control
720575941632978629,720575941594160421,8,VNC_WTct_R,,DNg02,720575941594160421,18,51.5681444991789,4,power_control
720575941632978629,720575941669049587,3,VNC_NTct_L,,DNg02,720575941669049587,7,65.78320802005013,4,power_control
720575941633124549,720575941450532174,3,VNC_T1_ProNm_R,,DNxn157,720575941450532174,11,56.79226615576105,3,steering_control
720575941633206944,720575941450532174,8,VNC_LTct_L,,DNp103,720575941450532174,11,56.79226615576105,3,steering_control
720575941633206944,720575941450532174,3,VNC_LTct_R,,DNp103,720575941450532174,11,56.79226615576105,3,steering_control
720575941633206944,720575941474741819,6,VNC_LTct_R,,DNp103,720575941474741819,6,67.21221156339116,4,steering_control
720575941633206944,720575941670676135,13,VNC_LTct_L,,DNp103,720575941670676135,33,49.81663742877106,3,steering_control
720575941633911227,720575941457147206,3,VNC_IntTct_L,,DNpe004,720575941457147206,28,50.37810042347231,2,steering_control
720575941638407199,720575941457147206,4,VNC_HTct_L,,DNa15,720575941457147206,28,50.37810042347231,2,steering_control
720575941638407199,720575941457147206,8,VNC_IntTct_L,,DNa15,720575941457147206,28,50.37810042347231,2,steering_control
720575941638407199,720575941457147206,6,VNC_NTct_L,,DNa15,720575941457147206,28,50.37810042347231,2,steering_control
720575941638407199,720575941490785712,6,VNC_IntTct_L,,DNa15,720575941490785712,17,52.31743150980893,4,steering_control
720575941639588127,720575941438938175,3,VNC_WTct_L,,DNp33,720575941438938175,35,49.351179673321184,2,steering_control
720575941640505375,720575941408509867,4,VNC_T2_MesoNm_L,,DNge035,720575941408509867,39,48.647048656123,4,power_control
720575941643030945,720575941671138727,3,VNC_HTct_L,,DNg92,720575941671138727,3,70.40012985890591,5,steering_control
720575941643030945,720575941671138727,3,VNC_WTct_L,,DNg92,720575941671138727,3,70.40012985890591,5,steering_control
720575941643577445,720575941450532174,3,VNC_IntTct_L,,DNxn113,720575941450532174,11,56.79226615576105,3,power_control
720575941643577445,720575941450532174,3,VNC_WTct_R,,DNxn113,720575941450532174,11,56.79226615576105,3,power_control
720575941643577445,720575941518434227,4,VNC_WTct_L,,DNxn113,720575941518434227,32,49.81937602627239,4,power_control
720575941645444808,720575941456348575,22,VNC_HTct_R,,DNp22,720575941456348575,10,61.96655431682648,2,steering_control
720575941645444808,720575941456348575,48,VNC_IntTct_R,,DNp22,720575941456348575,10,61.96655431682648,2,steering_control
720575941645444808,720575941456348575,4,VNC_NTct_R,,DNp22,720575941456348575,10,61.96655431682648,2,steering_control
720575941645444808,720575941456348575,3,VNC_WTct_R,,DNp22,720575941456348575,10,61.96655431682648,2,steering_control
720575941645444808,720575941477884802,21,VNC_HTct_R,,DNp22,720575941477884802,37,49.28787485956254,2,steering_control
720575941651139349,720575941623108298,4,VNC_HTct_R,,DNg92,720575941623108298,4,69.82304058399461,5,steering_control
720575941651139349,720575941623108298,4,VNC_IntTct_R,,DNg92,720575941623108298,4,69.82304058399461,5,steering_control
720575941651139349,720575941623108298,3,VNC_WTct_R,,DNg92,720575941623108298,4,69.82304058399461,5,steering_control
720575941651139349,720575941671138727,8,VNC_HTct_L,,DNg92,720575941671138727,3,70.40012985890591,5,steering_control
720575941651139349,720575941671138727,5,VNC_NTct_L,,DNg92,720575941671138727,3,70.40012985890591,5,steering_control
720575941651139349,720575941671138727,7,VNC_WTct_L,,DNg92,720575941671138727,3,70.40012985890591,5,steering_control
720575941651815445,720575941456348575,4,VNC_NTct_L,,DNge084,720575941456348575,10,61.96655431682648,2,steering_control
720575941651815445,720575941457147206,5,VNC_HTct_L,,DNge084,720575941457147206,28,50.37810042347231,2,steering_control
720575941651815445,720575941457147206,66,VNC_IntTct_L,,DNge084,720575941457147206,28,50.37810042347231,2,steering_control
720575941651815445,720575941457147206,14,VNC_NTct_L,,DNge084,720575941457147206,28,50.37810042347231,2,steering_control
720575941651815445,720575941477884802,18,VNC_HTct_R,,DNge084,720575941477884802,37,49.28787485956254,2,steering_control
720575941651815445,720575941477884802,4,VNC_T3_MetaNm_R,,DNge084,720575941477884802,37,49.28787485956254,2,steering_control
720575941651815445,720575941477884802,5,VNC_unassigned_L,,DNge084,720575941477884802,37,49.28787485956254,2,steering_control
720575941656710736,720575941457147206,12,VNC_IntTct_L,,DNge091,720575941457147206,28,50.37810042347231,2,steering_control
720575941657879576,720575941457802480,10,VNC_LTct_R,,DNp06,720575941457802480,5,68.98863538155713,4,steering_control
720575941657879576,720575941474741819,19,VNC_LTct_R,,DNp06,720575941474741819,6,67.21221156339116,4,steering_control
720575941658941264,720575941670676135,10,VNC_T1_ProNm_L,,DNxl080,720575941670676135,33,49.81663742877106,3,power_control
720575941658941264,720575941670676135,3,VNC_T2_MesoNm_L,,DNxl080,720575941670676135,33,49.81663742877106,3,power_control
720575941661415224,720575941512896099,3,VNC_HTct_L,,DNg02,720575941512896099,40,48.29984443868286,4,power_control
720575941661415224,720575941512896099,3,VNC_WTct_L,,DNg02,720575941512896099,40,48.29984443868286,4,power_control
720575941661415224,720575941515619939,5,VNC_HTct_L,,DNg02,720575941515619939,15,53.58136721113107,4,power_control
720575941661415224,720575941516099500,3,VNC_IntTct_L,,DNg02,720575941516099500,13,54.47044334975361,4,power_control
720575941661415224,720575941516099500,3,VNC_NTct_L,,DNg02,720575941516099500,13,54.47044334975361,4,power_control
720575941661415224,720575941554049307,3,VNC_WTct_R,,DNg02,720575941554049307,36,49.34318555008191,4,power_control
720575941661415224,720575941564147346,4,VNC_WTct_L,,DNg02,720575941564147346,9,63.0827067669173,4,power_control
720575941661415224,720575941594160421,3,VNC_IntTct_R,,DNg02,720575941594160421,18,51.5681444991789,4,power_control
720575941661415224,720575941594160421,3,VNC_unassigned_R,,DNg02,720575941594160421,18,51.5681444991789,4,power_control
720575941662506040,720575941402032240,16,VNC_WTct_R,,DNg27,720575941402032240,27,50.45977011494233,4,power_control
720575941662506040,720575941450532174,3,VNC_HTct_R,,DNg27,720575941450532174,11,56.79226615576105,3,power_control
720575941662506040,720575941450532174,10,VNC_WTct_L,,DNg27,720575941450532174,11,56.79226615576105,3,power_control
720575941662506040,720575941450532174,12,VNC_WTct_R,,DNg27,720575941450532174,11,56.79226615576105,3,power_control
720575941662506040,720575941470536715,19,VNC_WTct_L,,DNg27,720575941470536715,45,47.345518969838224,4,power_control
720575941662506040,720575941470536715,8,VNC_unassigned_L,,DNg27,720575941470536715,45,47.345518969838224,4,power_control
720575941662506040,720575941484663558,5,VNC_WTct_R,,DNg27,720575941484663558,38,49.26929392446614,4,power_control
720575941662506040,720575941489677001,24,VNC_WTct_R,,DNg27,720575941489677001,14,53.84495722063775,4,power_control
720575941662506040,720575941489677001,5,VNC_unassigned_R,,DNg27,720575941489677001,14,53.84495722063775,4,power_control
720575941662506040,720575941516099500,4,VNC_WTct_L,,DNg27,720575941516099500,13,54.47044334975361,4,power_control
720575941662506040,720575941516099500,3,VNC_unassigned_L,,DNg27,720575941516099500,13,54.47044334975361,4,power_control
720575941662506040,720575941518434227,4,VNC_WTct_R,,DNg27,720575941518434227,32,49.81937602627239,4,power_control
720575941662506040,720575941524114276,3,VNC_WTct_R,,DNg27,720575941524114276,1,71.212289568525,5,power_control
720575941662506040,720575941554049307,4,VNC_WTct_R,,DNg27,720575941554049307,36,49.34318555008191,4,power_control
720575941662506040,720575941562464866,3,VNC_WTct_L,,DNg27,720575941562464866,47,47.29107250885829,4,power_control
720575941662506040,720575941564147346,4,VNC_WTct_L,,DNg27,720575941564147346,9,63.0827067669173,4,power_control
720575941662506040,720575941571427323,6,VNC_WTct_L,,DNg27,720575941571427323,22,50.8888600812375,4,power_control
720575941662506040,720575941594160421,3,VNC_WTct_R,,DNg27,720575941594160421,18,51.5681444991789,4,power_control
720575941662506040,720575941669049587,3,VNC_HTct_L,,DNg27,720575941669049587,7,65.78320802005013,4,power_control
720575941662506040,720575941669049587,3,VNC_IntTct_L,,DNg27,720575941669049587,7,65.78320802005013,4,power_control
720575941662506040,720575941669049587,4,VNC_WTct_L,,DNg27,720575941669049587,7,65.78320802005013,4,power_control
720575941662506040,720575941669049587,8,VNC_WTct_R,,DNg27,720575941669049587,7,65.78320802005013,4,power_control
720575941662506040,720575941670676135,9,VNC_WTct_L,,DNg27,720575941670676135,33,49.81663742877106,3,power_control
720575941662506040,720575941670676135,3,VNC_WTct_R,,DNg27,720575941670676135,33,49.81663742877106,3,power_control
720575941666660595,720575941623108298,8,VNC_IntTct_R,,DNpe014,720575941623108298,4,69.82304058399461,5,steering_control
720575941666660595,720575941623108298,3,VNC_unassigned_R,,DNpe014,720575941623108298,4,69.82304058399461,5,steering_control
720575941668513011,720575941457802480,4,VNC_LTct_L,,DNp11,720575941457802480,5,68.98863538155713,4,steering_control
720575941668513011,720575941457802480,5,VNC_LTct_R,,DNp11,720575941457802480,5,68.98863538155713,4,steering_control
720575941668513011,720575941474741819,5,VNC_IntTct_L,,DNp11,720575941474741819,6,67.21221156339116,4,steering_control
720575941668513011,720575941474741819,33,VNC_LTct_L,,DNp11,720575941474741819,6,67.21221156339116,4,steering_control
720575941668513011,720575941474741819,5,VNC_T2_MesoNm_L,,DNp11,720575941474741819,6,67.21221156339116,4,steering_control
720575941668513011,720575941511393233,5,VNC_LTct_L,,DNp11,720575941511393233,2,70.53430149489242,5,steering_control
720575941668513011,720575941524114276,3,VNC_IntTct_L,,DNp11,720575941524114276,1,71.212289568525,5,steering_control
720575941671438247,720575941612696934,6,VNC_ANm_R,,DNxn140,720575941612696934,29,50.18472906403932,4,power_control
720575941681032125,720575941507280965,6,VNC_WTct_R,,DNg02,720575941507280965,42,47.85800708668207,4,steering_control
720575941681032125,720575941594160421,5,VNC_HTct_R,,DNg02,720575941594160421,18,51.5681444991789,4,steering_control
720575941681032125,720575941594160421,3,VNC_WTct_R,,DNg02,720575941594160421,18,51.5681444991789,4,steering_control
720575941681384637,720575941623108298,4,VNC_HTct_R,,DNg92,720575941623108298,4,69.82304058399461,5,steering_control
720575941681384637,720575941623108298,3,VNC_WTct_R,,DNg92,720575941623108298,4,69.82304058399461,5,steering_control
720575941681384637,720575941671138727,4,VNC_HTct_L,,DNg92,720575941671138727,3,70.40012985890591,5,steering_control
720575941681384637,720575941671138727,3,VNC_WTct_L,,DNg92,720575941671138727,3,70.40012985890591,5,steering_control
720575941681678525,720575941457147206,8,VNC_IntTct_L,,DNge093,720575941457147206,28,50.37810042347231,2,steering_control
720575941688189935,720575941408509867,3,VNC_IntTct_R,,DNb01,720575941408509867,39,48.647048656123,4,steering_control
720575941688189935,720575941456348575,3,VNC_IntTct_R,,DNb01,720575941456348575,10,61.96655431682648,2,steering_control
720575941688189935,720575941490785712,3,VNC_IntTct_R,,DNb01,720575941490785712,17,52.31743150980893,4,steering_control
720575941688189935,720575941517770412,4,VNC_HTct_R,,DNb01,720575941517770412,20,51.34754990925583,4,steering_control
720575941688189935,720575941517770412,3,VNC_IntTct_R,,DNb01,720575941517770412,20,51.34754990925583,4,steering_control
720575941688189935,720575941554049307,4,VNC_NTct_R,,DNb01,720575941554049307,36,49.34318555008191,4,steering_control
720575941700316378,720575941511393233,3,VNC_WTct_L,,DNg02,720575941511393233,2,70.53430149489242,5,steering_control
720575941700316378,720575941515619939,3,VNC_NTct_L,,DNg02,720575941515619939,15,53.58136721113107,4,steering_control
720575941701235930,720575941472042282,3,VNC_NTct_L,,DNxn142,720575941472042282,44,47.685161178808926,4,steering_control
720575941701235930,720575941474741819,6,VNC_IntTct_L,,DNxn142,720575941474741819,6,67.21221156339116,4,steering_control
720575941701235930,720575941671138727,4,VNC_IntTct_L,,DNxn142,720575941671138727,3,70.40012985890591,5,steering_control
720575941701235930,720575941671138727,5,VNC_WTct_L,,DNxn142,720575941671138727,3,70.40012985890591,5,steering_control
720575941703384026,720575941474741819,5,VNC_IntTct_L,,DNpe001,720575941474741819,6,67.21221156339116,4,steering_control
720575941732586539,720575941516099500,8,VNC_HTct_L,,DNg05,720575941516099500,13,54.47044334975361,4,steering_control
720575941732586539,720575941516099500,5,VNC_NTct_L,,DNg05,720575941516099500,13,54.47044334975361,4,steering_control
720575941732586539,720575941516099500,8,VNC_WTct_L,,DNg05,720575941516099500,13,54.47044334975361,4,steering_control
720575941732586539,720575941518434227,3,VNC_HTct_L,,DNg05,720575941518434227,32,49.81937602627239,4,steering_control
720575941733034283,720575941456348575,14,VNC_IntTct_R,,DNp19,720575941456348575,10,61.96655431682648,2,steering_control
720575941733034283,720575941456348575,3,VNC_LTct_R,,DNp19,720575941456348575,10,61.96655431682648,2,steering_control
720575941733034283,720575941456348575,3,VNC_WTct_R,,DNp19,720575941456348575,10,61.96655431682648,2,steering_control
720575941733034283,720575941457147206,5,VNC_HTct_L,,DNp19,720575941457147206,28,50.37810042347231,2,steering_control
720575941733034283,720575941457147206,19,VNC_IntTct_L,,DNp19,720575941457147206,28,50.37810042347231,2,steering_control
720575941733034283,720575941457147206,3,VNC_NTct_L,,DNp19,720575941457147206,28,50.37810042347231,2,steering_control
720575941733034283,720575941457147206,7,VNC_WTct_L,,DNp19,720575941457147206,28,50.37810042347231,2,steering_control
720575941733034283,720575941474741819,9,VNC_IntTct_L,,DNp19,720575941474741819,6,67.21221156339116,4,steering_control
720575941733034283,720575941474741819,3,VNC_LTct_L,,DNp19,720575941474741819,6,67.21221156339116,4,steering_control
720575941733034283,720575941623108298,3,VNC_WTct_R,,DNp19,720575941623108298,4,69.82304058399461,5,steering_control
