source,target,weight,neuropil,nt_type,target_total_input,shrec_score,target_cluster,target_function
720575941350890544,720575941489038311,3,VNC_WTct_R,,205,1.4634146341463417,3,power_control
720575941350890544,720575941563316022,3,VNC_unassigned_R,,343,0.8746355685131195,4,steering_control
720575941350890544,720575941567030516,2,VNC_IntTct_R,,169,1.183431952662722,1,power_control
720575941350890544,720575941567030516,2,VNC_NTct_R,,169,1.183431952662722,1,power_control
720575941350890544,720575941579017337,3,VNC_IntTct_R,,210,1.4285714285714286,4,steering_control
720575941352918576,720575941449942877,7,VNC_T2_MesoNm_L,,108,6.481481481481481,1,power_control
720575941352918576,720575941449942877,2,VNC_unassigned_L,,108,1.8518518518518516,1,power_control
720575941352918576,720575941533786906,1,VNC_AMNp_R,,162,0.6172839506172839,1,power_control
720575941352918576,720575941533786906,7,VNC_T2_MesoNm_R,,162,4.320987654320987,1,power_control
720575941352918576,720575941533786906,2,VNC_WTct_R,,162,1.2345679012345678,1,power_control
720575941352918576,720575941533786906,2,VNC_unassigned_R,,162,1.2345679012345678,1,power_control
720575941352918576,720575941555938899,1,VNC_AMNp_R,,39,2.564102564102564,1,power_control
720575941352918576,720575941555938899,1,VNC_T1_ProNm_R,,39,2.564102564102564,1,power_control
720575941352918576,720575941555938899,3,VNC_WTct_R,,39,7.6923076923076925,1,power_control
720575941352918576,720575941555938899,1,VNC_unassigned_R,,39,2.564102564102564,1,power_control
720575941352918576,720575941578793809,4,VNC_AMNp_L,,94,4.25531914893617,3,power_control
720575941352918576,720575941578793809,1,VNC_T2_MesoNm_L,,94,1.0638297872340425,3,power_control
720575941352918576,720575941626286474,5,VNC_AMNp_R,,112,4.464285714285714,3,power_control
720575941390308246,720575941491651559,2,VNC_IntTct_R,,162,1.2345679012345678,5,steering_control
720575941390308246,720575941491651559,5,VNC_NTct_R,,162,3.0864197530864197,5,steering_control
720575941390308246,720575941546335676,3,VNC_WTct_R,,546,0.5494505494505495,5,steering_control
720575941392812548,720575941414508948,22,VNC_IntTct_L,,2237,0.9834599910594547,3,power_control
720575941392812548,720575941447013813,4,VNC_HTct_L,,962,0.4158004158004158,5,steering_control
720575941392812548,720575941459514512,5,VNC_HTct_L,,755,0.6622516556291391,5,steering_control
720575941392812548,720575941464073558,6,VNC_IntTct_L,,785,0.7643312101910829,5,steering_control
720575941392812548,720575941465484566,22,VNC_HTct_L,,2567,0.8570315543435918,2,steering_control
720575941392812548,720575941465484566,19,VNC_IntTct_L,,2567,0.7401636151149201,2,steering_control
720575941392812548,720575941469724125,19,VNC_IntTct_L,,1594,1.1919698870765372,5,steering_control
720575941392812548,720575941472042282,3,VNC_IntTct_L,,143,2.097902097902098,1,power_control
720575941392812548,720575941490785712,2,VNC_IntTct_L,,234,0.8547008547008548,5,steering_control
720575941392812548,720575941490785712,1,VNC_WTct_L,,234,0.4273504273504274,5,steering_control
720575941392812548,720575941501786930,3,VNC_HTct_L,,434,0.6912442396313364,5,steering_control
720575941392812548,720575941515936505,4,VNC_IntTct_L,,938,0.42643923240938164,3,power_control
720575941392812548,720575941520333047,9,VNC_HTct_L,,936,0.9615384615384616,5,steering_control
720575941392812548,720575941520333047,9,VNC_IntTct_L,,936,0.9615384615384616,5,steering_control
720575941392812548,720575941534709482,7,VNC_HTct_L,,344,2.0348837209302326,4,steering_control
720575941392812548,720575941549386239,2,VNC_IntTct_L,,409,0.4889975550122249,2,steering_control
720575941392812548,720575941561320493,12,VNC_HTct_L,,342,3.508771929824561,4,steering_control
720575941392812548,720575941572251144,45,VNC_HTct_L,,3255,1.3824884792626728,2,steering_control
720575941392812548,720575941572251144,17,VNC_IntTct_L,,3255,0.522273425499232,2,steering_control
720575941392812548,720575941579868917,10,VNC_IntTct_L,,1745,0.5730659025787965,5,steering_control
720575941392812548,720575941600259369,5,VNC_IntTct_L,,845,0.591715976331361,3,power_control
720575941392812548,720575941601088441,21,VNC_HTct_L,,891,2.356902356902357,5,steering_control
720575941392812548,720575941611080010,13,VNC_HTct_L,,2397,0.5423445974134334,4,steering_control
720575941392812548,720575941621630716,4,VNC_HTct_L,,407,0.9828009828009828,4,steering_control
720575941392812548,720575941630748859,28,VNC_HTct_L,,1573,1.7800381436745074,2,steering_control
720575941392812548,720575941678358973,8,VNC_HTct_L,,1622,0.4932182490752158,4,steering_control
720575941394119830,720575941436996882,4,VNC_LTct_R,,766,0.5221932114882507,5,steering_control
720575941394119830,720575941449617230,3,VNC_LTct_R,,655,0.45801526717557256,5,steering_control
720575941394119830,720575941457431280,4,VNC_IntTct_R,,815,0.49079754601227,5,steering_control
720575941394119830,720575941575691624,3,VNC_AMNp_R,,690,0.43478260869565216,4,steering_control
720575941394119830,720575941625907769,6,VNC_T2_MesoNm_R,,1473,0.40733197556008144,5,steering_control
720575941394131094,720575941556251556,2,VNC_HTct_R,,227,0.881057268722467,5,steering_control
720575941394131094,720575941556251556,1,VNC_WTct_R,,227,0.4405286343612335,5,steering_control
720575941400285475,720575941547226248,6,VNC_NTct_L,,653,0.9188361408882083,5,steering_control
720575941400285475,720575941579868917,45,VNC_NTct_L,,1745,2.5787965616045847,5,steering_control
720575941401753635,720575941430842209,6,VNC_HTct_L,,134,4.477611940298507,2,steering_control
720575941401753635,720575941473850720,6,VNC_IntTct_L,,1212,0.49504950495049505,5,steering_control
720575941401753635,720575941474437681,4,VNC_HTct_L,,297,1.3468013468013467,5,steering_control
720575941401753635,720575941496284489,3,VNC_HTct_R,,251,1.1952191235059761,4,steering_control
720575941401753635,720575941526718564,1,VNC_ANm_L,,111,0.9009009009009009,5,steering_control
720575941401753635,720575941526718564,1,VNC_HTct_L,,111,0.9009009009009009,5,steering_control
720575941401753635,720575941526718564,1,VNC_T3_MetaNm_L,,111,0.9009009009009009,5,steering_control
720575941401753635,720575941552622398,5,VNC_HTct_R,,210,2.380952380952381,5,steering_control
720575941401753635,720575941565459095,1,VNC_HTct_R,,196,0.5102040816326531,5,steering_control
720575941401753635,720575941565459095,2,VNC_WTct_L,,196,1.0204081632653061,5,steering_control
720575941401753635,720575941595972465,5,VNC_HTct_L,,139,3.597122302158273,4,steering_control
720575941401753635,720575941595972465,2,VNC_WTct_L,,139,1.4388489208633095,4,steering_control
720575941401753635,720575941668725169,6,VNC_HTct_L,,904,0.6637168141592921,5,steering_control
720575941401753635,720575941684876527,3,VNC_HTct_L,,218,1.3761467889908259,5,steering_control
720575941401766435,720575941523112439,13,VNC_T1_ProNm_L,,860,1.5116279069767442,5,steering_control
720575941401766435,720575941619873663,4,VNC_T1_ProNm_L,,920,0.43478260869565216,2,steering_control
720575941401786403,720575941429556655,6,VNC_IntTct_R,,1452,0.4132231404958678,5,steering_control
720575941401786403,720575941464768790,7,VNC_IntTct_R,,723,0.9681881051175657,5,steering_control
720575941401786403,720575941464768790,5,VNC_NTct_R,,723,0.6915629322268326,5,steering_control
720575941401786403,720575941553313434,5,VNC_HTct_R,,167,2.9940119760479043,2,steering_control
720575941401786403,720575941557294095,3,VNC_IntTct_R,,479,0.6263048016701461,2,steering_control
720575941401814307,720575941613448668,80,VNC_T2_MesoNm_R,,3300,2.4242424242424243,5,steering_control
720575941401814307,720575941625963419,6,VNC_T2_MesoNm_R,,1186,0.5059021922428331,5,steering_control
720575941404813680,720575941492308606,3,VNC_IntTct_R,,529,0.5671077504725899,2,steering_control
720575941404981360,720575941581648479,3,VNC_HTct_L,,98,3.061224489795918,5,steering_control
720575941405473327,720575941456678893,4,VNC_WTct_L,,924,0.4329004329004329,5,steering_control
720575941405473327,720575941498935777,6,VNC_WTct_L,,1338,0.4484304932735426,5,steering_control
720575941405473327,720575941498935777,6,VNC_unassigned_L,,1338,0.4484304932735426,5,steering_control
720575941407841071,720575941414508948,11,VNC_IntTct_R,,2237,0.49172999552972735,3,power_control
720575941407841071,720575941429556655,10,VNC_IntTct_R,,1452,0.6887052341597797,5,steering_control
720575941407841071,720575941457802480,9,VNC_LTct_L,,1611,0.5586592178770949,5,steering_control
720575941407841071,720575941457802480,8,VNC_LTct_R,,1611,0.4965859714463066,5,steering_control
720575941407841071,720575941458790726,1,VNC_IntTct_R,,224,0.4464285714285714,4,steering_control
720575941407841071,720575941458790726,1,VNC_LTct_R,,224,0.4464285714285714,4,steering_control
720575941407841071,720575941458790726,1,VNC_T2_MesoNm_R,,224,0.4464285714285714,4,steering_control
720575941407841071,720575941469724125,7,VNC_IntTct_L,,1594,0.43914680050188204,5,steering_control
720575941407841071,720575941469724125,8,VNC_IntTct_R,,1594,0.5018820577164366,5,steering_control
720575941407841071,720575941469724125,13,VNC_T1_ProNm_R,,1594,0.8155583437892095,5,steering_control
720575941407841071,720575941474437681,4,VNC_IntTct_R,,297,1.3468013468013467,5,steering_control
720575941407841071,720575941474437681,3,VNC_LTct_L,,297,1.0101010101010102,5,steering_control
720575941407841071,720575941474437681,6,VNC_LTct_R,,297,2.0202020202020203,5,steering_control
720575941407841071,720575941488475598,3,VNC_IntTct_R,,276,1.0869565217391304,4,steering_control
720575941407841071,720575941488475598,6,VNC_LTct_R,,276,2.1739130434782608,4,steering_control
720575941407841071,720575941488475598,3,VNC_T2_MesoNm_R,,276,1.0869565217391304,4,steering_control
720575941407841071,720575941490833072,3,VNC_LTct_L,,293,1.023890784982935,4,steering_control
720575941407841071,720575941515936505,14,VNC_IntTct_R,,938,1.4925373134328357,3,power_control
720575941407841071,720575941515936505,5,VNC_LTct_L,,938,0.5330490405117271,3,power_control
720575941407841071,720575941515936505,16,VNC_LTct_R,,938,1.7057569296375266,3,power_control
720575941407841071,720575941515936505,4,VNC_T2_MesoNm_L,,938,0.42643923240938164,3,power_control
720575941407841071,720575941515936505,11,VNC_T2_MesoNm_R,,938,1.1727078891257996,3,power_control
720575941407841071,720575941516784494,2,VNC_IntTct_R,,469,0.42643923240938164,5,steering_control
720575941407841071,720575941516784494,2,VNC_LTct_L,,469,0.42643923240938164,5,steering_control
720575941407841071,720575941516784494,2,VNC_LTct_R,,469,0.42643923240938164,5,steering_control
720575941407841071,720575941516784494,2,VNC_T2_MesoNm_L,,469,0.42643923240938164,5,steering_control
720575941407841071,720575941521031927,3,VNC_IntTct_R,,329,0.911854103343465,5,steering_control
720575941407841071,720575941521031927,3,VNC_LTct_L,,329,0.911854103343465,5,steering_control
720575941407841071,720575941522089463,5,VNC_LTct_L,,877,0.5701254275940707,5,steering_control
720575941407841071,720575941522089463,8,VNC_LTct_R,,877,0.9122006841505131,5,steering_control
720575941407841071,720575941523100491,4,VNC_LTct_R,,860,0.46511627906976744,5,steering_control
720575941407841071,720575941576941045,4,VNC_IntTct_R,,608,0.6578947368421052,4,steering_control
720575941407841071,720575941576941045,4,VNC_LTct_L,,608,0.6578947368421052,4,steering_control
720575941407841071,720575941576941045,8,VNC_LTct_R,,608,1.3157894736842104,4,steering_control
720575941407841071,720575941595021681,4,VNC_IntTct_L,,506,0.7905138339920948,5,steering_control
720575941407841071,720575941595021681,3,VNC_IntTct_R,,506,0.592885375494071,5,steering_control
720575941407841071,720575941600259369,5,VNC_IntTct_R,,845,0.591715976331361,3,power_control
720575941407841071,720575941600259369,5,VNC_LTct_R,,845,0.591715976331361,3,power_control
720575941407841071,720575941600259369,8,VNC_T2_MesoNm_R,,845,0.9467455621301776,3,power_control
720575941407841071,720575941630933947,3,VNC_IntTct_R,,704,0.4261363636363636,4,steering_control
720575941407841071,720575941630933947,6,VNC_LTct_L,,704,0.8522727272727272,4,steering_control
720575941407841071,720575941630933947,4,VNC_LTct_R,,704,0.5681818181818182,4,steering_control
720575941407841071,720575941636281205,6,VNC_LTct_L,,673,0.8915304606240713,5,steering_control
720575941407841071,720575941663099516,4,VNC_LTct_R,,343,1.1661807580174928,5,steering_control
720575941408508078,720575941433448224,12,VNC_IntTct_R,,600,2.0,5,steering_control
720575941408508078,720575941433448224,3,VNC_LTct_R,,600,0.5,5,steering_control
720575941408508078,720575941438659551,4,VNC_ANm_R,,322,1.2422360248447204,2,steering_control
720575941408508078,720575941438659551,14,VNC_T3_MetaNm_R,,322,4.3478260869565215,2,steering_control
720575941408508078,720575941518439347,4,VNC_IntTct_R,,183,2.185792349726776,5,steering_control
720575941408508078,720575941563920999,28,VNC_IntTct_R,,1156,2.422145328719723,5,steering_control
720575941408508078,720575941563920999,6,VNC_LTct_R,,1156,0.5190311418685121,5,steering_control
720575941408508078,720575941563920999,13,VNC_T2_MesoNm_R,,1156,1.124567474048443,5,steering_control
720575941408508078,720575941566431286,5,VNC_T3_MetaNm_R,,122,4.098360655737705,2,steering_control
720575941408508078,720575941575512424,2,VNC_AMNp_R,,237,0.8438818565400843,5,steering_control
720575941408508078,720575941575512424,6,VNC_IntTct_R,,237,2.5316455696202533,5,steering_control
720575941408508078,720575941575512424,1,VNC_LTct_R,,237,0.42194092827004215,5,steering_control
720575941408508078,720575941623067338,17,VNC_LTct_R,,507,3.353057199211045,5,steering_control
720575941408508078,720575941623439754,3,VNC_T3_MetaNm_R,,49,6.122448979591836,5,steering_control
720575941408508078,720575941625963419,36,VNC_IntTct_R,,1186,3.0354131534569984,5,steering_control
720575941408508078,720575941625963419,12,VNC_LTct_R,,1186,1.0118043844856661,5,steering_control
720575941408508078,720575941662295352,3,VNC_ANm_R,,150,2.0,2,steering_control
720575941408508078,720575941662295352,7,VNC_T3_MetaNm_R,,150,4.666666666666667,2,steering_control
720575941408535343,720575941600259369,4,VNC_T2_MesoNm_L,,845,0.4733727810650888,3,power_control
720575941408639535,720575941498948425,3,VNC_WTct_L,,526,0.5703422053231939,3,power_control
720575941408639535,720575941504456386,3,VNC_WTct_L,,264,1.1363636363636365,1,power_control
720575941408639535,720575941521485643,3,VNC_WTct_L,,295,1.0169491525423728,1,power_control
720575941408639535,720575941553418724,3,VNC_WTct_L,,305,0.9836065573770493,1,power_control
720575941408639535,720575941571427323,4,VNC_WTct_L,,380,1.0526315789473684,3,power_control
720575941408661934,720575941429439959,50,VNC_IntTct_L,,2000,2.5,5,steering_control
720575941408661934,720575941429439959,15,VNC_LTct_L,,2000,0.75,5,steering_control
720575941408661934,720575941519213016,12,VNC_IntTct_L,,1301,0.9223674096848578,1,power_control
720575941408661934,720575941535047690,13,VNC_IntTct_L,,1366,0.951683748169839,5,steering_control
720575941408661934,720575941568855540,1,VNC_T3_MetaNm_L,,137,0.7299270072992701,5,steering_control
720575941408661934,720575941568855540,2,VNC_unassigned_L,,137,1.4598540145985401,5,steering_control
720575941409225902,720575941552643390,19,VNC_AMNp_L,,819,2.31990231990232,4,steering_control
720575941409225902,720575941575691624,4,VNC_AMNp_L,,690,0.5797101449275363,4,steering_control
720575941409225902,720575941619873663,9,VNC_IntTct_L,,920,0.9782608695652175,2,steering_control
720575941409225902,720575941619873663,11,VNC_T1_ProNm_L,,920,1.1956521739130435,2,steering_control
720575941411212715,720575941439017423,6,VNC_HTct_L,,1089,0.5509641873278237,5,steering_control
720575941411212715,720575941456678893,22,VNC_NTct_L,,924,2.380952380952381,5,steering_control
720575941411212715,720575941474394673,3,VNC_HTct_L,,168,1.7857142857142856,4,steering_control
720575941411212715,720575941485422221,4,VNC_WTct_L,,634,0.6309148264984227,5,steering_control
720575941411212715,720575941500845035,3,VNC_WTct_L,,245,1.2244897959183674,5,steering_control
720575941411212715,720575941500995051,6,VNC_WTct_L,,337,1.7804154302670623,5,steering_control
720575941411212715,720575941500995051,2,VNC_unassigned_L,,337,0.5934718100890208,5,steering_control
720575941411212715,720575941503499755,13,VNC_HTct_L,,259,5.019305019305019,5,steering_control
720575941411212715,720575941503499755,7,VNC_WTct_L,,259,2.7027027027027026,5,steering_control
720575941411212715,720575941513033219,9,VNC_HTct_L,,138,6.521739130434782,5,steering_control
720575941411212715,720575941513033219,4,VNC_IntTct_L,,138,2.898550724637681,5,steering_control
720575941411212715,720575941513033219,6,VNC_WTct_L,,138,4.3478260869565215,5,steering_control
720575941411212715,720575941579868917,13,VNC_NTct_L,,1745,0.7449856733524355,5,steering_control
720575941411212715,720575941594213927,1,VNC_HTct_L,,104,0.9615384615384616,5,steering_control
720575941411212715,720575941594213927,2,VNC_WTct_L,,104,1.9230769230769231,5,steering_control
720575941411212715,720575941656239440,8,VNC_HTct_L,,193,4.145077720207254,3,power_control
720575941411212715,720575941656239440,1,VNC_WTct_L,,193,0.5181347150259068,3,power_control
720575941411441323,720575941399264291,2,VNC_IntTct_L,,25,8.0,1,power_control
720575941411441323,720575941399264291,1,VNC_NTct_L,,25,4.0,1,power_control
720575941411441323,720575941399264291,3,VNC_WTct_L,,25,12.0,1,power_control
720575941411441323,720575941404452720,2,VNC_IntTct_L,,277,0.7220216606498195,5,steering_control
720575941411441323,720575941412443540,4,VNC_IntTct_L,,416,0.9615384615384616,2,steering_control
720575941411441323,720575941412445332,5,VNC_WTct_R,,53,9.433962264150944,3,power_control
720575941411441323,720575941413872924,2,VNC_HTct_R,,185,1.0810810810810811,5,steering_control
720575941411441323,720575941413872924,1,VNC_WTct_R,,185,0.5405405405405406,5,steering_control
720575941411441323,720575941413920540,4,VNC_HTct_R,,204,1.9607843137254901,5,steering_control
720575941411441323,720575941414326161,3,VNC_IntTct_L,,343,0.8746355685131195,5,steering_control
720575941411441323,720575941429324641,3,VNC_HTct_L,,37,8.108108108108109,5,steering_control
720575941411441323,720575941432778638,10,VNC_IntTct_R,,93,10.75268817204301,1,power_control
720575941411441323,720575941432778638,4,VNC_WTct_R,,93,4.301075268817205,1,power_control
720575941411441323,720575941440620123,1,VNC_NTct_R,,50,2.0,1,power_control
720575941411441323,720575941440620123,2,VNC_WTct_R,,50,4.0,1,power_control
720575941411441323,720575941447591246,2,VNC_NTct_R,,123,1.6260162601626018,1,power_control
720575941411441323,720575941447591246,1,VNC_WTct_R,,123,0.8130081300813009,1,power_control
720575941411441323,720575941449065565,2,VNC_NTct_L,,171,1.1695906432748537,5,steering_control
720575941411441323,720575941449065565,1,VNC_WTct_L,,171,0.5847953216374269,5,steering_control
720575941411441323,720575941449065565,1,VNC_unassigned_L,,171,0.5847953216374269,5,steering_control
720575941411441323,720575941470474763,3,VNC_HTct_L,,225,1.3333333333333335,5,steering_control
720575941411441323,720575941470474763,3,VNC_WTct_R,,225,1.3333333333333335,5,steering_control
720575941411441323,720575941474437681,2,VNC_HTct_L,,297,0.6734006734006733,5,steering_control
720575941411441323,720575941474437681,2,VNC_HTct_R,,297,0.6734006734006733,5,steering_control
720575941411441323,720575941474437681,5,VNC_IntTct_R,,297,1.6835016835016834,5,steering_control
720575941411441323,720575941474437681,2,VNC_LTct_R,,297,0.6734006734006733,5,steering_control
720575941411441323,720575941474437681,3,VNC_unassigned_R,,297,1.0101010101010102,5,steering_control
720575941411441323,720575941474704948,1,VNC_HTct_R,,186,0.5376344086021506,5,steering_control
720575941411441323,720575941474704948,2,VNC_NTct_L,,186,1.0752688172043012,5,steering_control
720575941411441323,720575941474704948,2,VNC_NTct_R,,186,1.0752688172043012,5,steering_control
720575941411441323,720575941476037406,2,VNC_IntTct_L,,102,1.9607843137254901,4,steering_control
720575941411441323,720575941476037406,1,VNC_IntTct_R,,102,0.9803921568627451,4,steering_control
720575941411441323,720575941476037406,1,VNC_LTct_L,,102,0.9803921568627451,4,steering_control
720575941411441323,720575941476037406,1,VNC_WTct_L,,102,0.9803921568627451,4,steering_control
720575941411441323,720575941488475598,2,VNC_unassigned_R,,276,0.7246376811594203,4,steering_control
720575941411441323,720575941490833072,3,VNC_IntTct_L,,293,1.023890784982935,4,steering_control
720575941411441323,720575941490833072,2,VNC_LTct_L,,293,0.6825938566552902,4,steering_control
720575941411441323,720575941492354174,1,VNC_HTct_L,,140,0.7142857142857143,5,steering_control
720575941411441323,720575941492354174,2,VNC_HTct_R,,140,1.4285714285714286,5,steering_control
720575941411441323,720575941492354174,1,VNC_IntTct_R,,140,0.7142857142857143,5,steering_control
720575941411441323,720575941492446078,9,VNC_IntTct_R,,89,10.112359550561797,5,steering_control
720575941411441323,720575941492446078,2,VNC_LTct_R,,89,2.247191011235955,5,steering_control
720575941411441323,720575941492446078,1,VNC_NTct_R,,89,1.1235955056179776,5,steering_control
720575941411441323,720575941492446078,2,VNC_WTct_R,,89,2.247191011235955,5,steering_control
720575941411441323,720575941492446078,1,VNC_unassigned_L,,89,1.1235955056179776,5,steering_control
720575941411441323,720575941493701246,3,VNC_WTct_L,,40,7.5,1,power_control
720575941411441323,720575941494969726,4,VNC_IntTct_L,,505,0.7920792079207921,5,steering_control
720575941411441323,720575941494969726,3,VNC_IntTct_R,,505,0.594059405940594,5,steering_control
720575941411441323,720575941494969726,3,VNC_WTct_R,,505,0.594059405940594,5,steering_control
720575941411441323,720575941496949410,6,VNC_WTct_R,,199,3.015075376884422,5,steering_control
720575941411441323,720575941499426699,5,VNC_IntTct_R,,309,1.6181229773462782,4,steering_control
720575941411441323,720575941505889409,2,VNC_IntTct_L,,102,1.9607843137254901,1,power_control
720575941411441323,720575941505889409,3,VNC_IntTct_R,,102,2.941176470588235,1,power_control
720575941411441323,720575941505889409,5,VNC_NTct_L,,102,4.901960784313726,1,power_control
720575941411441323,720575941505889409,6,VNC_WTct_L,,102,5.88235294117647,1,power_control
720575941411441323,720575941512899427,7,VNC_IntTct_R,,193,3.6269430051813467,1,power_control
720575941411441323,720575941512899427,1,VNC_NTct_L,,193,0.5181347150259068,1,power_control
720575941411441323,720575941512899427,2,VNC_NTct_R,,193,1.0362694300518136,1,power_control
720575941411441323,720575941516768472,2,VNC_HTct_R,,290,0.6896551724137931,5,steering_control
720575941411441323,720575941516768472,2,VNC_IntTct_R,,290,0.6896551724137931,5,steering_control
720575941411441323,720575941516768472,2,VNC_unassigned_R,,290,0.6896551724137931,5,steering_control
720575941411441323,720575941517717420,1,VNC_HTct_R,,138,0.7246376811594203,5,steering_control
720575941411441323,720575941517717420,2,VNC_IntTct_R,,138,1.4492753623188406,5,steering_control
720575941411441323,720575941517717420,3,VNC_NTct_R,,138,2.1739130434782608,5,steering_control
720575941411441323,720575941517717420,1,VNC_WTct_R,,138,0.7246376811594203,5,steering_control
720575941411441323,720575941521986227,3,VNC_IntTct_L,,306,0.9803921568627451,5,steering_control
720575941411441323,720575941521986227,2,VNC_IntTct_R,,306,0.6535947712418301,5,steering_control
720575941411441323,720575941524021860,1,VNC_IntTct_L,,31,3.225806451612903,3,power_control
720575941411441323,720575941524021860,3,VNC_LTct_L,,31,9.67741935483871,3,power_control
720575941411441323,720575941524021860,1,VNC_NTct_L,,31,3.225806451612903,3,power_control
720575941411441323,720575941524196683,4,VNC_WTct_R,,264,1.5151515151515151,5,steering_control
720575941411441323,720575941526701412,3,VNC_ANm_L,,606,0.49504950495049505,5,steering_control
720575941411441323,720575941526701412,32,VNC_HTct_L,,606,5.2805280528052805,5,steering_control
720575941411441323,720575941526701412,6,VNC_HTct_R,,606,0.9900990099009901,5,steering_control
720575941411441323,720575941526701412,6,VNC_IntTct_L,,606,0.9900990099009901,5,steering_control
720575941411441323,720575941526701412,8,VNC_T3_MetaNm_L,,606,1.3201320132013201,5,steering_control
720575941411441323,720575941526701412,6,VNC_T3_MetaNm_R,,606,0.9900990099009901,5,steering_control
720575941411441323,720575941530192843,1,VNC_HTct_L,,192,0.5208333333333333,5,steering_control
720575941411441323,720575941530192843,2,VNC_IntTct_R,,192,1.0416666666666665,5,steering_control
720575941411441323,720575941533258689,1,VNC_IntTct_L,,164,0.6097560975609756,1,power_control
720575941411441323,720575941533258689,6,VNC_NTct_L,,164,3.6585365853658534,1,power_control
720575941411441323,720575941536368370,5,VNC_HTct_R,,106,4.716981132075472,5,steering_control
720575941411441323,720575941536368370,4,VNC_IntTct_R,,106,3.7735849056603774,5,steering_control
720575941411441323,720575941540246909,1,VNC_HTct_L,,232,0.43103448275862066,2,steering_control
720575941411441323,720575941540246909,4,VNC_HTct_R,,232,1.7241379310344827,2,steering_control
720575941411441323,720575941549701182,2,VNC_HTct_R,,194,1.0309278350515463,5,steering_control
720575941411441323,720575941549701182,1,VNC_WTct_R,,194,0.5154639175257731,5,steering_control
720575941411441323,720575941552622398,6,VNC_HTct_L,,210,2.857142857142857,5,steering_control
720575941411441323,720575941552622398,3,VNC_HTct_R,,210,1.4285714285714286,5,steering_control
720575941411441323,720575941552622398,1,VNC_IntTct_L,,210,0.4761904761904762,5,steering_control
720575941411441323,720575941552622398,2,VNC_IntTct_R,,210,0.9523809523809524,5,steering_control
720575941411441323,720575941562021376,4,VNC_IntTct_L,,519,0.7707129094412332,5,steering_control
720575941411441323,720575941562021376,6,VNC_IntTct_R,,519,1.1560693641618496,5,steering_control
720575941411441323,720575941562021376,6,VNC_WTct_L,,519,1.1560693641618496,5,steering_control
720575941411441323,720575941562021376,6,VNC_WTct_R,,519,1.1560693641618496,5,steering_control
720575941411441323,720575941565459095,3,VNC_HTct_R,,196,1.530612244897959,5,steering_control
720575941411441323,720575941565459095,1,VNC_IntTct_L,,196,0.5102040816326531,5,steering_control
720575941411441323,720575941565459095,3,VNC_WTct_L,,196,1.530612244897959,5,steering_control
720575941411441323,720575941565459095,2,VNC_WTct_R,,196,1.0204081632653061,5,steering_control
720575941411441323,720575941594213927,2,VNC_HTct_L,,104,1.9230769230769231,5,steering_control
720575941411441323,720575941594213927,8,VNC_IntTct_L,,104,7.6923076923076925,5,steering_control
720575941411441323,720575941610587612,3,VNC_T3_MetaNm_R,,315,0.9523809523809524,5,steering_control
720575941411441323,720575941610953446,1,VNC_WTct_R,,106,0.9433962264150944,3,power_control
720575941411441323,720575941610953446,3,VNC_unassigned_R,,106,2.8301886792452833,3,power_control
720575941411441323,720575941623108298,29,VNC_HTct_R,,2454,1.1817440912795436,5,steering_control
720575941411441323,720575941623108298,27,VNC_IntTct_R,,2454,1.1002444987775062,5,steering_control
720575941411441323,720575941623108298,36,VNC_WTct_R,,2454,1.466992665036675,5,steering_control
720575941411441323,720575941623328108,7,VNC_IntTct_L,,491,1.4256619144602851,5,steering_control
720575941411441323,720575941623328108,4,VNC_IntTct_R,,491,0.8146639511201629,5,steering_control
720575941411441323,720575941623328108,3,VNC_LTct_L,,491,0.6109979633401221,5,steering_control
720575941411441323,720575941623328108,3,VNC_LTct_R,,491,0.6109979633401221,5,steering_control
720575941411441323,720575941623328108,2,VNC_WTct_R,,491,0.40733197556008144,5,steering_control
720575941411441323,720575941625932682,5,VNC_IntTct_L,,274,1.824817518248175,5,steering_control
720575941411441323,720575941630933947,3,VNC_IntTct_L,,704,0.4261363636363636,4,steering_control
720575941411441323,720575941652191961,7,VNC_NTct_L,,78,8.974358974358974,5,steering_control
720575941411441323,720575941655827480,4,VNC_IntTct_R,,81,4.938271604938271,1,power_control
720575941411441323,720575941655827480,9,VNC_NTct_R,,81,11.11111111111111,1,power_control
720575941411441323,720575941655827480,2,VNC_WTct_R,,81,2.4691358024691357,1,power_control
720575941411441323,720575941663099516,3,VNC_HTct_R,,343,0.8746355685131195,5,steering_control
720575941411441323,720575941663099516,3,VNC_IntTct_L,,343,0.8746355685131195,5,steering_control
720575941411441323,720575941663099516,3,VNC_IntTct_R,,343,0.8746355685131195,5,steering_control
720575941411441323,720575941671138727,12,VNC_HTct_L,,2296,0.5226480836236934,5,steering_control
720575941411441323,720575941671138727,32,VNC_IntTct_L,,2296,1.3937282229965158,5,steering_control
720575941411441323,720575941671138727,11,VNC_NTct_L,,2296,0.4790940766550522,5,steering_control
720575941411441323,720575941671138727,31,VNC_WTct_L,,2296,1.3501742160278747,5,steering_control
720575941411441323,720575941679017405,2,VNC_HTct_R,,50,4.0,5,steering_control
720575941411441323,720575941679017405,1,VNC_WTct_R,,50,2.0,5,steering_control
720575941411441323,720575941684876527,2,VNC_HTct_L,,218,0.9174311926605505,5,steering_control
720575941411441323,720575941684876527,2,VNC_HTct_R,,218,0.9174311926605505,5,steering_control
720575941411441323,720575941684876527,1,VNC_IntTct_R,,218,0.45871559633027525,5,steering_control
720575941411441323,720575941684876527,3,VNC_WTct_R,,218,1.3761467889908259,5,steering_control
720575941411441323,720575941721193018,1,VNC_HTct_R,,223,0.4484304932735426,5,steering_control
720575941411441323,720575941721193018,3,VNC_IntTct_L,,223,1.345291479820628,5,steering_control
720575941411441323,720575941721193018,9,VNC_IntTct_R,,223,4.0358744394618835,5,steering_control
720575941411441323,720575941721193018,2,VNC_NTct_L,,223,0.8968609865470852,5,steering_control
720575941411441323,720575941721193018,2,VNC_WTct_L,,223,0.8968609865470852,5,steering_control
720575941411441323,720575941721193018,4,VNC_WTct_R,,223,1.7937219730941705,5,steering_control
720575941411441323,720575941721193018,3,VNC_unassigned_L,,223,1.345291479820628,5,steering_control
720575941411472555,720575941474571572,13,VNC_T3_MetaNm_L,,434,2.995391705069124,5,steering_control
720575941411472555,720575941477166622,22,VNC_IntTct_L,,1660,1.3253012048192772,5,steering_control
720575941411472555,720575941583511518,5,VNC_IntTct_L,,537,0.931098696461825,2,steering_control
720575941412619631,720575941429439959,11,VNC_IntTct_L,,2000,0.5499999999999999,5,steering_control
720575941412619631,720575941473850720,12,VNC_IntTct_L,,1212,0.9900990099009901,5,steering_control
720575941412619631,720575941473850720,8,VNC_T1_ProNm_L,,1212,0.6600660066006601,5,steering_control
720575941412619631,720575941535047690,20,VNC_IntTct_L,,1366,1.4641288433382138,5,steering_control
720575941412619631,720575941628592866,4,VNC_IntTct_L,,67,5.970149253731343,5,steering_control
720575941413189999,720575941496047433,3,VNC_IntTct_L,,378,0.7936507936507936,5,steering_control
720575941413642268,720575941525725954,7,VNC_NTct_L,,667,1.0494752623688157,5,steering_control
720575941414262161,720575941457802480,23,VNC_IntTct_R,,1611,1.4276846679081316,5,steering_control
720575941414262161,720575941457802480,57,VNC_LTct_R,,1611,3.5381750465549344,5,steering_control
720575941414262161,720575941459912262,4,VNC_IntTct_R,,663,0.603318250377074,5,steering_control
720575941414262161,720575941474571572,23,VNC_T3_MetaNm_R,,434,5.299539170506913,5,steering_control
720575941414262161,720575941486968326,4,VNC_IntTct_R,,542,0.7380073800738007,5,steering_control
720575941414262161,720575941488811468,4,VNC_ANm_R,,108,3.7037037037037033,5,steering_control
720575941414262161,720575941488811468,1,VNC_T3_MetaNm_R,,108,0.9259259259259258,5,steering_control
720575941414262161,720575941505725790,3,VNC_LTct_R,,722,0.41551246537396125,5,steering_control
720575941414262161,720575941521031927,4,VNC_IntTct_R,,329,1.21580547112462,5,steering_control
720575941414262161,720575941521031927,11,VNC_LTct_R,,329,3.343465045592705,5,steering_control
720575941414262161,720575941521236915,8,VNC_T3_MetaNm_R,,400,2.0,5,steering_control
720575941414262161,720575941522089463,6,VNC_LTct_R,,877,0.6841505131128849,5,steering_control
720575941414262161,720575941523100491,5,VNC_LTct_R,,860,0.5813953488372093,5,steering_control
720575941414262161,720575941540727581,2,VNC_IntTct_R,,491,0.40733197556008144,5,steering_control
720575941414262161,720575941543647420,7,VNC_ANm_R,,234,2.9914529914529915,5,steering_control
720575941414262161,720575941543647420,1,VNC_T3_MetaNm_R,,234,0.4273504273504274,5,steering_control
720575941414262161,720575941573188278,2,VNC_ANm_R,,292,0.684931506849315,5,steering_control
720575941414262161,720575941625907769,7,VNC_IntTct_R,,1473,0.47522063815342835,5,steering_control
720575941414262161,720575941636281205,11,VNC_IntTct_R,,673,1.634472511144131,5,steering_control
720575941414262161,720575941636281205,12,VNC_LTct_R,,673,1.7830609212481425,5,steering_control
720575941414341521,720575941401776931,5,VNC_IntTct_R,,935,0.53475935828877,5,steering_control
720575941414341521,720575941408509867,9,VNC_IntTct_R,,434,2.0737327188940093,1,power_control
720575941414341521,720575941408509867,8,VNC_WTct_R,,434,1.8433179723502304,1,power_control
720575941414341521,720575941474334779,8,VNC_HTct_R,,883,0.9060022650056626,5,steering_control
720575941414341521,720575941477884802,5,VNC_ANm_R,,995,0.5025125628140703,5,steering_control
720575941414341521,720575941477884802,6,VNC_HTct_R,,995,0.6030150753768844,5,steering_control
720575941414341521,720575941477884802,4,VNC_T3_MetaNm_R,,995,0.4020100502512563,5,steering_control
720575941414341521,720575941517770412,16,VNC_IntTct_R,,413,3.87409200968523,1,power_control
720575941414341521,720575941517770412,3,VNC_NTct_R,,413,0.7263922518159807,1,power_control
720575941414341521,720575941517770412,6,VNC_WTct_R,,413,1.4527845036319613,1,power_control
720575941414341521,720575941526690841,3,VNC_LTct_L,,385,0.7792207792207793,1,power_control
720575941414341521,720575941532246762,7,VNC_HTct_R,,1209,0.5789909015715468,5,steering_control
720575941414341521,720575941532246762,52,VNC_IntTct_R,,1209,4.301075268817205,5,steering_control
720575941414341521,720575941554049307,3,VNC_WTct_R,,637,0.47095761381475665,1,power_control
720575941414341521,720575941562134829,6,VNC_IntTct_R,,519,1.1560693641618496,1,power_control
720575941414341521,720575941562134829,4,VNC_WTct_R,,519,0.7707129094412332,1,power_control
720575941414341521,720575941594160421,3,VNC_WTct_R,,733,0.4092769440654843,1,power_control
720575941414341521,720575941607605101,23,VNC_IntTct_R,,1411,1.630049610205528,5,steering_control
720575941414341521,720575941619873663,4,VNC_LTct_R,,920,0.43478260869565216,2,steering_control
720575941414341521,720575941623347099,2,VNC_IntTct_R,,455,0.43956043956043955,2,steering_control
720575941414341521,720575941631436524,7,VNC_WTct_R,,801,0.8739076154806492,5,steering_control
720575941414424977,720575941447013813,11,VNC_HTct_L,,962,1.1434511434511436,5,steering_control
720575941414424977,720575941447013813,5,VNC_IntTct_L,,962,0.5197505197505198,5,steering_control
720575941414424977,720575941465484566,12,VNC_HTct_L,,2567,0.46747175691468645,2,steering_control
720575941414424977,720575941473850720,16,VNC_IntTct_L,,1212,1.3201320132013201,5,steering_control
720575941414424977,720575941477166622,10,VNC_IntTct_L,,1660,0.6024096385542169,5,steering_control
720575941414424977,720575941561320493,5,VNC_HTct_L,,342,1.461988304093567,4,steering_control
720575941414424977,720575941572251144,14,VNC_HTct_L,,3255,0.43010752688172044,2,steering_control
720575941414424977,720575941572251144,15,VNC_IntTct_L,,3255,0.4608294930875576,2,steering_control
720575941414424977,720575941581648479,5,VNC_HTct_L,,98,5.1020408163265305,5,steering_control
720575941414424977,720575941601088441,11,VNC_HTct_L,,891,1.2345679012345678,5,steering_control
720575941414947220,720575941479369346,3,VNC_AMNp_L,,509,0.5893909626719057,5,steering_control
720575941414947220,720575941528729784,5,VNC_AMNp_L,,272,1.8382352941176472,1,power_control
720575941414947220,720575941668285171,1,VNC_AMNp_L,,228,0.43859649122807015,5,steering_control
720575941414947220,720575941668285171,2,VNC_IntTct_L,,228,0.8771929824561403,5,steering_control
720575941415224348,720575941464768790,6,VNC_IntTct_R,,723,0.8298755186721992,5,steering_control
720575941415224348,720575941464768790,11,VNC_NTct_R,,723,1.5214384508990317,5,steering_control
720575941415707420,720575941570772296,5,VNC_T2_MesoNm_R,,295,1.694915254237288,5,steering_control
720575941425381716,720575941450876794,5,VNC_IntTct_L,,1106,0.45207956600361665,5,steering_control
720575941429866593,720575941546335676,3,VNC_WTct_R,,546,0.5494505494505495,5,steering_control
720575941429866593,720575941630933947,4,VNC_IntTct_R,,704,0.5681818181818182,4,steering_control
720575941430069641,720575941474334779,4,VNC_ANm_R,,883,0.4530011325028313,5,steering_control
720575941430069641,720575941474334779,50,VNC_HTct_R,,883,5.662514156285391,5,steering_control
720575941430069641,720575941540246909,5,VNC_ANm_R,,232,2.1551724137931036,2,steering_control
720575941430069641,720575941540246909,15,VNC_HTct_R,,232,6.4655172413793105,2,steering_control
720575941430069641,720575941540246909,3,VNC_IntTct_R,,232,1.293103448275862,2,steering_control
720575941430069641,720575941608991050,14,VNC_HTct_R,,3212,0.43586550435865506,2,steering_control
720575941430069641,720575941608991050,17,VNC_IntTct_R,,3212,0.5292652552926526,2,steering_control
720575941430250377,720575941399309603,9,VNC_IntTct_L,,484,1.859504132231405,2,steering_control
720575941430250377,720575941399309603,11,VNC_WTct_L,,484,2.272727272727273,2,steering_control
720575941430250377,720575941410007663,10,VNC_HTct_L,,186,5.376344086021505,5,steering_control
720575941430250377,720575941410007663,3,VNC_IntTct_L,,186,1.6129032258064515,5,steering_control
720575941430250377,720575941412323473,5,VNC_HTct_L,,466,1.0729613733905579,2,steering_control
720575941430250377,720575941412323473,8,VNC_IntTct_L,,466,1.7167381974248928,2,steering_control
720575941430250377,720575941439063503,2,VNC_HTct_L,,346,0.5780346820809248,5,steering_control
720575941430250377,720575941439063503,3,VNC_IntTct_L,,346,0.8670520231213872,5,steering_control
720575941430250377,720575941439063503,2,VNC_WTct_L,,346,0.5780346820809248,5,steering_control
720575941430250377,720575941447786574,6,VNC_HTct_L,,180,3.3333333333333335,2,steering_control
720575941430250377,720575941450876794,13,VNC_HTct_L,,1106,1.1754068716094033,5,steering_control
720575941430250377,720575941452164915,3,VNC_HTct_L,,170,1.7647058823529411,2,steering_control
720575941430250377,720575941457147206,15,VNC_HTct_L,,1471,1.0197144799456153,5,steering_control
720575941430250377,720575941457147206,25,VNC_IntTct_L,,1471,1.699524133242692,5,steering_control
720575941430250377,720575941457147206,8,VNC_NTct_L,,1471,0.5438477226376615,5,steering_control
720575941430250377,720575941457147206,8,VNC_WTct_L,,1471,0.5438477226376615,5,steering_control
720575941430250377,720575941459514512,7,VNC_HTct_L,,755,0.9271523178807948,5,steering_control
720575941430250377,720575941471203447,11,VNC_HTct_L,,395,2.7848101265822782,2,steering_control
720575941430250377,720575941471203447,4,VNC_IntTct_L,,395,1.0126582278481013,2,steering_control
720575941430250377,720575941477166622,7,VNC_WTct_L,,1660,0.42168674698795183,5,steering_control
720575941430250377,720575941479098819,2,VNC_WTct_L,,334,0.5988023952095809,2,steering_control
720575941430250377,720575941508542674,10,VNC_HTct_L,,521,1.9193857965451053,2,steering_control
720575941430250377,720575941508542674,5,VNC_IntTct_L,,521,0.9596928982725527,2,steering_control
720575941430250377,720575941517764824,3,VNC_HTct_L,,625,0.48,5,steering_control
720575941430250377,720575941517764824,3,VNC_IntTct_L,,625,0.48,5,steering_control
720575941430250377,720575941520333047,4,VNC_WTct_L,,936,0.4273504273504274,5,steering_control
720575941430250377,720575941521986227,3,VNC_IntTct_L,,306,0.9803921568627451,5,steering_control
720575941430250377,720575941534709482,3,VNC_HTct_L,,344,0.872093023255814,4,steering_control
720575941430250377,720575941535331338,5,VNC_IntTct_L,,785,0.6369426751592357,5,steering_control
720575941430250377,720575941535331338,5,VNC_WTct_L,,785,0.6369426751592357,5,steering_control
720575941430250377,720575941583511518,7,VNC_IntTct_L,,537,1.303538175046555,2,steering_control
720575941430250377,720575941583511518,3,VNC_NTct_L,,537,0.5586592178770949,2,steering_control
720575941430250377,720575941588018942,4,VNC_HTct_L,,333,1.2012012012012012,5,steering_control
720575941430250377,720575941588018942,3,VNC_IntTct_L,,333,0.9009009009009009,5,steering_control
720575941430250377,720575941588018942,2,VNC_WTct_L,,333,0.6006006006006006,5,steering_control
720575941430250377,720575941594213927,3,VNC_HTct_L,,104,2.8846153846153846,5,steering_control
720575941430250377,720575941601088441,7,VNC_HTct_L,,891,0.7856341189674524,5,steering_control
720575941430250377,720575941608861929,6,VNC_HTct_L,,441,1.3605442176870748,2,steering_control
720575941430250377,720575941608861929,6,VNC_IntTct_L,,441,1.3605442176870748,2,steering_control
720575941430250377,720575941608861929,6,VNC_WTct_L,,441,1.3605442176870748,2,steering_control
720575941430607753,720575941474935105,10,VNC_IntTct_L,,403,2.481389578163772,5,steering_control
720575941430607753,720575941496047433,3,VNC_IntTct_L,,378,0.7936507936507936,5,steering_control
720575941430607753,720575941496047433,2,VNC_LTct_L,,378,0.5291005291005291,5,steering_control
720575941430607753,720575941521031927,5,VNC_IntTct_L,,329,1.5197568389057752,5,steering_control
720575941430607753,720575941521031927,3,VNC_T2_MesoNm_L,,329,0.911854103343465,5,steering_control
720575941430607753,720575941521069751,11,VNC_IntTct_L,,1162,0.9466437177280551,5,steering_control
720575941430630392,720575941459554960,7,VNC_IntTct_R,,439,1.5945330296127564,2,steering_control
720575941431097737,720575941402032240,5,VNC_WTct_R,,324,1.5432098765432098,1,power_control
720575941431097737,720575941457431280,7,VNC_IntTct_R,,815,0.8588957055214724,5,steering_control
720575941431097737,720575941460235152,7,VNC_WTct_R,,453,1.545253863134658,1,power_control
720575941431097737,720575941484663558,3,VNC_WTct_R,,147,2.0408163265306123,1,power_control
720575941431097737,720575941489819081,3,VNC_NTct_R,,330,0.9090909090909091,3,power_control
720575941431097737,720575941489819081,5,VNC_WTct_R,,330,1.5151515151515151,3,power_control
720575941431097737,720575941496949410,3,VNC_IntTct_R,,199,1.507537688442211,5,steering_control
720575941431097737,720575941508354770,4,VNC_WTct_R,,213,1.8779342723004695,5,steering_control
720575941431097737,720575941533234954,5,VNC_WTct_R,,175,2.857142857142857,1,power_control
720575941431097737,720575941594160421,8,VNC_T2_MesoNm_R,,733,1.0914051841746248,1,power_control
720575941431097737,720575941594160421,6,VNC_WTct_R,,733,0.8185538881309686,1,power_control
720575941431097737,720575941613448668,65,VNC_T2_MesoNm_R,,3300,1.9696969696969695,5,steering_control
720575941431097737,720575941631436524,12,VNC_T1_ProNm_R,,801,1.4981273408239701,5,steering_control
720575941431097737,720575941652536593,3,VNC_WTct_R,,128,2.34375,1,power_control
720575941431184559,720575941521069751,10,VNC_WTct_L,,1162,0.8605851979345954,5,steering_control
720575941431184559,720575941602987510,3,VNC_ANm_L,,306,0.9803921568627451,5,steering_control
720575941431184559,720575941602987510,3,VNC_T3_MetaNm_L,,306,0.9803921568627451,5,steering_control
720575941431184559,720575941602987510,2,VNC_WTct_R,,306,0.6535947712418301,5,steering_control
720575941431184559,720575941657510992,2,VNC_WTct_L,,482,0.4149377593360996,2,steering_control
720575941431184559,720575941688644470,4,VNC_ANm_R,,422,0.9478672985781991,5,steering_control
720575941431184559,720575941691313115,10,VNC_WTct_L,,1219,0.8203445447087777,3,power_control
720575941431211951,720575941623067338,11,VNC_LTct_R,,507,2.1696252465483234,5,steering_control
720575941431211951,720575941623067338,3,VNC_unassigned_R,,507,0.591715976331361,5,steering_control
720575941431577007,720575941459912262,5,VNC_WTct_R,,663,0.7541478129713424,5,steering_control
720575941431577007,720575941489677001,3,VNC_unassigned_R,,377,0.7957559681697612,3,power_control
720575941431577007,720575941524185419,3,VNC_NTct_R,,240,1.25,5,steering_control
720575941431577007,720575941524185419,2,VNC_WTct_R,,240,0.8333333333333334,5,steering_control
720575941431577007,720575941524185419,2,VNC_unassigned_R,,240,0.8333333333333334,5,steering_control
720575941432269271,720575941498482043,5,VNC_IntTct_R,,1024,0.48828125,3,power_control
720575941432269271,720575941498482043,14,VNC_T1_ProNm_R,,1024,1.3671875,3,power_control
720575941432295639,720575941532432618,4,VNC_HTct_R,,374,1.06951871657754,5,steering_control
720575941432295639,720575941594160421,4,VNC_WTct_R,,733,0.5457025920873124,1,power_control
720575941432295639,720575941625932682,2,VNC_IntTct_L,,274,0.7299270072992701,5,steering_control
720575941432295639,720575941625932682,3,VNC_NTct_L,,274,1.094890510948905,5,steering_control
720575941432481633,720575941486968326,3,VNC_HTct_R,,542,0.5535055350553505,5,steering_control
720575941432905943,720575941456678893,4,VNC_NTct_L,,924,0.4329004329004329,5,steering_control
720575941432905943,720575941456678893,4,VNC_WTct_L,,924,0.4329004329004329,5,steering_control
720575941432905943,720575941498935777,7,VNC_NTct_L,,1338,0.523168908819133,5,steering_control
720575941432905943,720575941498948425,4,VNC_WTct_L,,526,0.7604562737642585,3,power_control
720575941432905943,720575941526690841,2,VNC_WTct_L,,385,0.5194805194805194,1,power_control
720575941432905943,720575941551598746,5,VNC_WTct_L,,184,2.717391304347826,1,power_control
720575941432905943,720575941551937598,3,VNC_WTct_L,,92,3.260869565217391,1,power_control
720575941432905943,720575941610618982,2,VNC_IntTct_L,,383,0.5221932114882507,1,power_control
720575941432905943,720575941610618982,2,VNC_NTct_L,,383,0.5221932114882507,1,power_control
720575941432905943,720575941610618982,2,VNC_WTct_L,,383,0.5221932114882507,1,power_control
720575941433116046,720575941456348575,6,VNC_NTct_R,,1369,0.4382761139517896,5,steering_control
720575941433116046,720575941474437681,3,VNC_HTct_R,,297,1.0101010101010102,5,steering_control
720575941433116046,720575941474640682,2,VNC_WTct_R,,170,1.1764705882352942,5,steering_control
720575941433116046,720575941474640682,1,VNC_unassigned_R,,170,0.5882352941176471,5,steering_control
720575941433116046,720575941499447691,4,VNC_WTct_R,,654,0.6116207951070336,5,steering_control
720575941433116046,720575941604997997,3,VNC_HTct_R,,306,0.9803921568627451,5,steering_control
720575941433116046,720575941631436524,4,VNC_NTct_R,,801,0.4993757802746567,5,steering_control
720575941433116046,720575941631436524,7,VNC_WTct_R,,801,0.8739076154806492,5,steering_control
720575941433139598,720575941473850720,5,VNC_IntTct_L,,1212,0.4125412541254125,5,steering_control
720575941433139598,720575941473850720,5,VNC_LTct_L,,1212,0.4125412541254125,5,steering_control
720575941433139598,720575941496284489,3,VNC_HTct_R,,251,1.1952191235059761,4,steering_control
720575941433139598,720575941515936505,5,VNC_IntTct_L,,938,0.5330490405117271,3,power_control
720575941433139598,720575941521986227,2,VNC_WTct_R,,306,0.6535947712418301,5,steering_control
720575941433139598,720575941574155003,3,VNC_HTct_R,,510,0.5882352941176471,3,power_control
720575941433139598,720575941649244437,4,VNC_HTct_L,,802,0.4987531172069825,5,steering_control
720575941433139598,720575941649244437,4,VNC_IntTct_R,,802,0.4987531172069825,5,steering_control
720575941433139598,720575941668725169,5,VNC_HTct_L,,904,0.5530973451327433,5,steering_control
720575941433415200,720575941472050218,3,VNC_WTct_R,,58,5.172413793103448,3,power_control
720575941433415200,720575941507848208,5,VNC_WTct_R,,503,0.9940357852882704,5,steering_control
720575941433415200,720575941539054541,4,VNC_WTct_R,,61,6.557377049180328,3,power_control
720575941433415200,720575941554049307,3,VNC_WTct_R,,637,0.47095761381475665,1,power_control
720575941433415200,720575941568855540,1,VNC_AMNp_R,,137,0.7299270072992701,5,steering_control
720575941433415200,720575941568855540,4,VNC_HTct_R,,137,2.9197080291970803,5,steering_control
720575941433415200,720575941568855540,3,VNC_T3_MetaNm_R,,137,2.18978102189781,5,steering_control
720575941433415200,720575941568855540,8,VNC_WTct_R,,137,5.839416058394161,5,steering_control
720575941433415200,720575941591271308,1,VNC_ANm_R,,55,1.8181818181818181,5,steering_control
720575941433415200,720575941591271308,1,VNC_HTct_R,,55,1.8181818181818181,5,steering_control
720575941433415200,720575941591271308,2,VNC_T3_MetaNm_R,,55,3.6363636363636362,5,steering_control
720575941433415200,720575941610953446,2,VNC_AMNp_R,,106,1.8867924528301887,3,power_control
720575941433415200,720575941610953446,1,VNC_T2_MesoNm_R,,106,0.9433962264150944,3,power_control
720575941433415200,720575941643002962,4,VNC_WTct_R,,39,10.256410256410255,3,power_control
720575941433654048,720575941412443540,4,VNC_IntTct_R,,416,0.9615384615384616,2,steering_control
720575941433654048,720575941412443540,4,VNC_WTct_R,,416,0.9615384615384616,2,steering_control
720575941433654048,720575941458334163,11,VNC_HTct_R,,1380,0.7971014492753623,2,steering_control
720575941433654048,720575941489038311,3,VNC_IntTct_R,,205,1.4634146341463417,3,power_control
720575941433654048,720575941490785712,1,VNC_NTct_R,,234,0.4273504273504274,5,steering_control
720575941433654048,720575941490785712,1,VNC_WTct_R,,234,0.4273504273504274,5,steering_control
720575941433654048,720575941490785712,1,VNC_unassigned_R,,234,0.4273504273504274,5,steering_control
720575941433654048,720575941503451301,12,VNC_HTct_R,,2065,0.5811138014527845,2,steering_control
720575941433654048,720575941521986227,2,VNC_IntTct_R,,306,0.6535947712418301,5,steering_control
720575941433654048,720575941521986227,7,VNC_NTct_R,,306,2.287581699346405,5,steering_control
720575941433654048,720575941521986227,4,VNC_WTct_R,,306,1.3071895424836601,5,steering_control
720575941433654048,720575941583254918,2,VNC_WTct_R,,331,0.6042296072507553,2,steering_control
720575941433654048,720575941594160421,4,VNC_NTct_R,,733,0.5457025920873124,1,power_control
720575941433654048,720575941608991050,14,VNC_HTct_R,,3212,0.43586550435865506,2,steering_control
720575941433654048,720575941625932682,4,VNC_HTct_R,,274,1.4598540145985401,5,steering_control
720575941433654048,720575941625932682,6,VNC_IntTct_R,,274,2.18978102189781,5,steering_control
720575941433654048,720575941625932682,3,VNC_WTct_R,,274,1.094890510948905,5,steering_control
720575941433654048,720575941650775313,2,VNC_IntTct_R,,456,0.43859649122807015,2,steering_control
720575941433654048,720575941663099516,4,VNC_HTct_R,,343,1.1661807580174928,5,steering_control
720575941433654048,720575941663099516,4,VNC_IntTct_R,,343,1.1661807580174928,5,steering_control
720575941434224526,720575941501786930,4,VNC_HTct_L,,434,0.9216589861751152,5,steering_control
720575941434224526,720575941581683039,3,VNC_IntTct_L,,228,1.3157894736842104,1,power_control
720575941434224526,720575941621630716,4,VNC_IntTct_L,,407,0.9828009828009828,4,steering_control
720575941434874912,720575941429532119,4,VNC_NTct_L,,262,1.5267175572519083,3,power_control
720575941434874912,720575941456678893,4,VNC_WTct_L,,924,0.4329004329004329,5,steering_control
720575941434874912,720575941498935777,8,VNC_NTct_L,,1338,0.5979073243647235,5,steering_control
720575941434874912,720575941564147346,1,VNC_IntTct_R,,117,0.8547008547008548,1,power_control
720575941434874912,720575941564147346,1,VNC_NTct_L,,117,0.8547008547008548,1,power_control
720575941434874912,720575941564147346,1,VNC_WTct_L,,117,0.8547008547008548,1,power_control
720575941434874912,720575941669049587,2,VNC_IntTct_L,,293,0.6825938566552902,1,power_control
720575941435430542,720575941447013813,4,VNC_HTct_L,,962,0.4158004158004158,5,steering_control
720575941435430542,720575941464073558,6,VNC_IntTct_L,,785,0.7643312101910829,5,steering_control
720575941435430542,720575941477166622,9,VNC_HTct_L,,1660,0.5421686746987951,5,steering_control
720575941435430542,720575941477166622,31,VNC_IntTct_L,,1660,1.8674698795180724,5,steering_control
720575941435430542,720575941477166622,13,VNC_NTct_L,,1660,0.783132530120482,5,steering_control
720575941435430542,720575941517764824,10,VNC_HTct_L,,625,1.6,5,steering_control
720575941435430542,720575941520333047,5,VNC_HTct_L,,936,0.5341880341880342,5,steering_control
720575941435430542,720575941520333047,9,VNC_IntTct_L,,936,0.9615384615384616,5,steering_control
720575941435430542,720575941523112439,4,VNC_NTct_L,,860,0.46511627906976744,5,steering_control
720575941435430542,720575941583511518,25,VNC_IntTct_L,,537,4.655493482309125,2,steering_control
720575941435430542,720575941601088441,5,VNC_HTct_L,,891,0.5611672278338945,5,steering_control
720575941435430542,720575941601088441,7,VNC_IntTct_L,,891,0.7856341189674524,5,steering_control
720575941436052768,720575941474640682,4,VNC_WTct_R,,170,2.3529411764705883,5,steering_control
720575941436052768,720575941496284489,4,VNC_HTct_R,,251,1.593625498007968,4,steering_control
720575941436052768,720575941515619939,4,VNC_NTct_R,,346,1.1560693641618496,1,power_control
720575941436052768,720575941515619939,2,VNC_unassigned_R,,346,0.5780346820809248,1,power_control
720575941436052768,720575941533234954,4,VNC_WTct_R,,175,2.2857142857142856,1,power_control
720575941436052768,720575941625932682,4,VNC_IntTct_R,,274,1.4598540145985401,5,steering_control
720575941436052768,720575941663099516,3,VNC_HTct_R,,343,0.8746355685131195,5,steering_control
720575941436095788,720575941472042282,3,VNC_NTct_R,,143,2.097902097902098,1,power_control
720575941436095788,720575941474437681,3,VNC_HTct_L,,297,1.0101010101010102,5,steering_control
720575941436095788,720575941474437681,2,VNC_HTct_R,,297,0.6734006734006733,5,steering_control
720575941436095788,720575941521986227,2,VNC_HTct_R,,306,0.6535947712418301,5,steering_control
720575941436095788,720575941576368744,9,VNC_HTct_L,,249,3.614457831325301,2,steering_control
720575941436095788,720575941625932682,2,VNC_HTct_R,,274,0.7299270072992701,5,steering_control
720575941436095788,720575941625932682,2,VNC_NTct_L,,274,0.7299270072992701,5,steering_control
720575941436095788,720575941649244437,4,VNC_HTct_L,,802,0.4987531172069825,5,steering_control
720575941436095788,720575941663099516,2,VNC_HTct_L,,343,0.5830903790087464,5,steering_control
720575941436095788,720575941663099516,6,VNC_IntTct_L,,343,1.749271137026239,5,steering_control
720575941436095788,720575941684876527,1,VNC_HTct_L,,218,0.45871559633027525,5,steering_control
720575941436095788,720575941684876527,2,VNC_HTct_R,,218,0.9174311926605505,5,steering_control
720575941436259602,720575941474437681,4,VNC_IntTct_L,,297,1.3468013468013467,5,steering_control
720575941436259602,720575941490785712,3,VNC_NTct_L,,234,1.282051282051282,5,steering_control
720575941436259602,720575941492354174,2,VNC_HTct_L,,140,1.4285714285714286,5,steering_control
720575941436259602,720575941492354174,1,VNC_IntTct_L,,140,0.7142857142857143,5,steering_control
720575941436259602,720575941508542674,6,VNC_HTct_L,,521,1.1516314779270633,2,steering_control
720575941436259602,720575941515619939,3,VNC_NTct_L,,346,0.8670520231213872,1,power_control
720575941436259602,720575941516099500,4,VNC_NTct_L,,769,0.5201560468140443,1,power_control
720575941436259602,720575941518434227,3,VNC_HTct_L,,748,0.4010695187165776,1,power_control
720575941436259602,720575941521986227,4,VNC_IntTct_L,,306,1.3071895424836601,5,steering_control
720575941436259602,720575941521986227,2,VNC_NTct_L,,306,0.6535947712418301,5,steering_control
720575941436259602,720575941625932682,3,VNC_HTct_L,,274,1.094890510948905,5,steering_control
720575941436259602,720575941650775313,3,VNC_WTct_L,,456,0.6578947368421052,2,steering_control
720575941436259602,720575941659675704,4,VNC_HTct_L,,277,1.444043321299639,2,steering_control
720575941436259602,720575941671138727,14,VNC_HTct_L,,2296,0.6097560975609756,5,steering_control
720575941436259602,720575941721193018,5,VNC_WTct_L,,223,2.242152466367713,5,steering_control
720575941436586784,720575941456348575,11,VNC_NTct_R,,1369,0.8035062089116143,5,steering_control
720575941436586784,720575941456348575,7,VNC_unassigned_R,,1369,0.5113221329437546,5,steering_control
720575941436586784,720575941485422221,5,VNC_WTct_R,,634,0.7886435331230284,5,steering_control
720575941436586784,720575941499447691,5,VNC_WTct_R,,654,0.764525993883792,5,steering_control
720575941438213951,720575941535331338,6,VNC_IntTct_L,,785,0.7643312101910829,5,steering_control
720575941438213951,720575941583208582,1,VNC_HTct_L,,159,0.628930817610063,3,power_control
720575941438213951,720575941583208582,1,VNC_IntTct_L,,159,0.628930817610063,3,power_control
720575941438213951,720575941583208582,2,VNC_NTct_L,,159,1.257861635220126,3,power_control
720575941438213951,720575941612053094,4,VNC_HTct_L,,914,0.437636761487965,5,steering_control
720575941438410514,720575941390660502,1,VNC_IntTct_L,,68,1.4705882352941175,1,power_control
720575941438410514,720575941390660502,2,VNC_NTct_L,,68,2.941176470588235,1,power_control
720575941438410514,720575941430389006,4,VNC_HTct_R,,379,1.0554089709762533,4,steering_control
720575941438410514,720575941449065565,6,VNC_HTct_L,,171,3.508771929824561,5,steering_control
720575941438410514,720575941449065565,3,VNC_WTct_L,,171,1.7543859649122806,5,steering_control
720575941438410514,720575941449065565,1,VNC_WTct_R,,171,0.5847953216374269,5,steering_control
720575941438410514,720575941459554960,2,VNC_HTct_R,,439,0.45558086560364464,2,steering_control
720575941438410514,720575941492354174,5,VNC_HTct_L,,140,3.571428571428571,5,steering_control
720575941438410514,720575941492354174,2,VNC_HTct_R,,140,1.4285714285714286,5,steering_control
720575941438410514,720575941492354174,1,VNC_WTct_L,,140,0.7142857142857143,5,steering_control
720575941438410514,720575941492354174,1,VNC_WTct_R,,140,0.7142857142857143,5,steering_control
720575941438410514,720575941492446078,2,VNC_LTct_R,,89,2.247191011235955,5,steering_control
720575941438410514,720575941492446078,1,VNC_NTct_R,,89,1.1235955056179776,5,steering_control
720575941438410514,720575941515936505,4,VNC_IntTct_R,,938,0.42643923240938164,3,power_control
720575941438410514,720575941515936505,4,VNC_LTct_L,,938,0.42643923240938164,3,power_control
720575941438410514,720575941517770412,2,VNC_HTct_L,,413,0.48426150121065376,1,power_control
720575941438410514,720575941519213016,9,VNC_WTct_R,,1301,0.6917755572636434,1,power_control
720575941438410514,720575941526701412,3,VNC_ANm_R,,606,0.49504950495049505,5,steering_control
720575941438410514,720575941526701412,31,VNC_HTct_L,,606,5.115511551155116,5,steering_control
720575941438410514,720575941526701412,3,VNC_HTct_R,,606,0.49504950495049505,5,steering_control
720575941438410514,720575941526701412,4,VNC_IntTct_L,,606,0.6600660066006601,5,steering_control
720575941438410514,720575941526701412,5,VNC_T3_MetaNm_L,,606,0.825082508250825,5,steering_control
720575941438410514,720575941536371442,3,VNC_HTct_L,,453,0.6622516556291391,4,steering_control
720575941438410514,720575941536371442,2,VNC_IntTct_L,,453,0.44150110375275936,4,steering_control
720575941438410514,720575941552622398,5,VNC_HTct_L,,210,2.380952380952381,5,steering_control
720575941438410514,720575941552622398,11,VNC_HTct_R,,210,5.238095238095238,5,steering_control
720575941438410514,720575941552622398,1,VNC_IntTct_L,,210,0.4761904761904762,5,steering_control
720575941438410514,720575941552622398,4,VNC_IntTct_R,,210,1.9047619047619049,5,steering_control
720575941438410514,720575941552622398,1,VNC_unassigned_L,,210,0.4761904761904762,5,steering_control
720575941438410514,720575941565459095,6,VNC_HTct_L,,196,3.061224489795918,5,steering_control
720575941438410514,720575941565459095,3,VNC_HTct_R,,196,1.530612244897959,5,steering_control
720575941438410514,720575941600259369,5,VNC_IntTct_L,,845,0.591715976331361,3,power_control
720575941438410514,720575941600259369,6,VNC_IntTct_R,,845,0.7100591715976331,3,power_control
720575941438410514,720575941607605101,8,VNC_IntTct_R,,1411,0.5669737774627923,5,steering_control
720575941438410514,720575941623108298,23,VNC_HTct_R,,2454,0.9372453137734311,5,steering_control
720575941438410514,720575941623108298,19,VNC_IntTct_R,,2454,0.7742461287693562,5,steering_control
720575941438410514,720575941623108298,29,VNC_WTct_R,,2454,1.1817440912795436,5,steering_control
720575941438410514,720575941671138727,21,VNC_HTct_L,,2296,0.9146341463414633,5,steering_control
720575941438410514,720575941671138727,20,VNC_IntTct_L,,2296,0.8710801393728222,5,steering_control
720575941438410514,720575941671138727,28,VNC_WTct_L,,2296,1.2195121951219512,5,steering_control
720575941438410514,720575941684876527,1,VNC_HTct_L,,218,0.45871559633027525,5,steering_control
720575941438410514,720575941684876527,5,VNC_HTct_R,,218,2.293577981651376,5,steering_control
720575941438410514,720575941684876527,2,VNC_IntTct_R,,218,0.9174311926605505,5,steering_control
720575941438445330,720575941477166622,27,VNC_IntTct_L,,1660,1.6265060240963853,5,steering_control
720575941438465298,720575941447591246,1,VNC_IntTct_R,,123,0.8130081300813009,1,power_control
720575941438465298,720575941447591246,6,VNC_NTct_R,,123,4.878048780487805,1,power_control
720575941438465298,720575941492446078,1,VNC_IntTct_R,,89,1.1235955056179776,5,steering_control
720575941438465298,720575941492446078,3,VNC_WTct_R,,89,3.3707865168539324,5,steering_control
720575941438465298,720575941526701412,5,VNC_HTct_L,,606,0.825082508250825,5,steering_control
720575941438465298,720575941526701412,3,VNC_unassigned_R,,606,0.49504950495049505,5,steering_control
720575941438465298,720575941552622398,4,VNC_HTct_R,,210,1.9047619047619049,5,steering_control
720575941438465298,720575941565459095,3,VNC_WTct_R,,196,1.530612244897959,5,steering_control
720575941438465298,720575941684876527,3,VNC_WTct_R,,218,1.3761467889908259,5,steering_control
720575941438465298,720575941684876527,1,VNC_unassigned_R,,218,0.45871559633027525,5,steering_control
720575941438690834,720575941474334779,5,VNC_IntTct_R,,883,0.5662514156285391,5,steering_control
720575941438690834,720575941479863491,1,VNC_HTct_R,,27,3.7037037037037033,5,steering_control
720575941438690834,720575941479863491,1,VNC_IntTct_R,,27,3.7037037037037033,5,steering_control
720575941438690834,720575941479863491,1,VNC_unassigned_R,,27,3.7037037037037033,5,steering_control
720575941438690834,720575941495591291,4,VNC_IntTct_R,,654,0.6116207951070336,5,steering_control
720575941438690834,720575941516768472,3,VNC_IntTct_R,,290,1.0344827586206897,5,steering_control
720575941438690834,720575941546491681,6,VNC_IntTct_R,,797,0.7528230865746549,5,steering_control
720575941438690834,720575941557612915,36,VNC_IntTct_R,,4206,0.8559201141226819,2,steering_control
720575941438690834,720575941604997997,3,VNC_HTct_R,,306,0.9803921568627451,5,steering_control
720575941438690834,720575941604997997,2,VNC_IntTct_R,,306,0.6535947712418301,5,steering_control
720575941438690834,720575941608991050,14,VNC_IntTct_R,,3212,0.43586550435865506,2,steering_control
720575941438690834,720575941630959035,4,VNC_IntTct_R,,391,1.0230179028132993,5,steering_control
720575941438773548,720575941399309603,3,VNC_HTct_L,,484,0.6198347107438017,2,steering_control
720575941438773548,720575941399309603,6,VNC_IntTct_L,,484,1.2396694214876034,2,steering_control
720575941438773548,720575941399309603,4,VNC_WTct_L,,484,0.8264462809917356,2,steering_control
720575941438773548,720575941410007663,8,VNC_HTct_L,,186,4.301075268817205,5,steering_control
720575941438773548,720575941410007663,2,VNC_WTct_L,,186,1.0752688172043012,5,steering_control
720575941438773548,720575941412323473,3,VNC_HTct_L,,466,0.6437768240343348,2,steering_control
720575941438773548,720575941412323473,4,VNC_IntTct_L,,466,0.8583690987124464,2,steering_control
720575941438773548,720575941447013813,4,VNC_HTct_L,,962,0.4158004158004158,5,steering_control
720575941438773548,720575941450876794,10,VNC_HTct_L,,1106,0.9041591320072333,5,steering_control
720575941438773548,720575941452164915,3,VNC_HTct_L,,170,1.7647058823529411,2,steering_control
720575941438773548,720575941452164915,3,VNC_IntTct_L,,170,1.7647058823529411,2,steering_control
720575941438773548,720575941457147206,13,VNC_IntTct_L,,1471,0.8837525492861998,5,steering_control
720575941438773548,720575941457147206,6,VNC_NTct_L,,1471,0.4078857919782461,5,steering_control
720575941438773548,720575941464073558,9,VNC_HTct_L,,785,1.1464968152866242,5,steering_control
720575941438773548,720575941464073558,14,VNC_IntTct_L,,785,1.78343949044586,5,steering_control
720575941438773548,720575941477166622,14,VNC_IntTct_L,,1660,0.8433734939759037,5,steering_control
720575941438773548,720575941477166622,15,VNC_NTct_L,,1660,0.9036144578313252,5,steering_control
720575941438773548,720575941517764824,3,VNC_HTct_L,,625,0.48,5,steering_control
720575941438773548,720575941518334643,8,VNC_HTct_L,,296,2.7027027027027026,2,steering_control
720575941438773548,720575941520333047,5,VNC_HTct_L,,936,0.5341880341880342,5,steering_control
720575941438773548,720575941520333047,4,VNC_IntTct_L,,936,0.4273504273504274,5,steering_control
720575941438773548,720575941520333047,7,VNC_WTct_L,,936,0.7478632478632479,5,steering_control
720575941438773548,720575941523112439,8,VNC_IntTct_L,,860,0.9302325581395349,5,steering_control
720575941438773548,720575941523112439,13,VNC_NTct_L,,860,1.5116279069767442,5,steering_control
720575941438773548,720575941537600973,2,VNC_HTct_L,,420,0.4761904761904762,5,steering_control
720575941438773548,720575941579868917,8,VNC_NTct_L,,1745,0.4584527220630372,5,steering_control
720575941438773548,720575941583511518,23,VNC_IntTct_L,,537,4.283054003724395,2,steering_control
720575941438773548,720575941583511518,6,VNC_NTct_L,,537,1.1173184357541899,2,steering_control
720575941438773548,720575941588018942,10,VNC_HTct_L,,333,3.003003003003003,5,steering_control
720575941438773548,720575941588018942,2,VNC_IntTct_L,,333,0.6006006006006006,5,steering_control
720575941438773548,720575941601088441,6,VNC_IntTct_L,,891,0.6734006734006733,5,steering_control
720575941438773548,720575941608861929,3,VNC_HTct_L,,441,0.6802721088435374,2,steering_control
720575941438773548,720575941608861929,3,VNC_IntTct_L,,441,0.6802721088435374,2,steering_control
720575941438773548,720575941611080010,10,VNC_HTct_L,,2397,0.4171881518564873,4,steering_control
720575941439029951,720575941474437681,5,VNC_HTct_L,,297,1.6835016835016834,5,steering_control
720575941439029951,720575941474437681,2,VNC_unassigned_R,,297,0.6734006734006733,5,steering_control
720575941439029951,720575941485775110,3,VNC_IntTct_L,,283,1.0600706713780919,5,steering_control
720575941439029951,720575941485775110,4,VNC_WTct_L,,283,1.4134275618374559,5,steering_control
720575941439029951,720575941515619939,2,VNC_NTct_L,,346,0.5780346820809248,1,power_control
720575941439029951,720575941518434227,4,VNC_WTct_L,,748,0.53475935828877,1,power_control
720575941439029951,720575941521986227,2,VNC_HTct_L,,306,0.6535947712418301,5,steering_control
720575941439029951,720575941521986227,3,VNC_HTct_R,,306,0.9803921568627451,5,steering_control
720575941439029951,720575941526718564,2,VNC_ANm_L,,111,1.8018018018018018,5,steering_control
720575941439029951,720575941526718564,1,VNC_ANm_R,,111,0.9009009009009009,5,steering_control
720575941439029951,720575941526718564,2,VNC_HTct_R,,111,1.8018018018018018,5,steering_control
720575941439029951,720575941526718564,2,VNC_T3_MetaNm_L,,111,1.8018018018018018,5,steering_control
720575941439029951,720575941526718564,1,VNC_T3_MetaNm_R,,111,0.9009009009009009,5,steering_control
720575941439029951,720575941532432618,4,VNC_HTct_R,,374,1.06951871657754,5,steering_control
720575941439029951,720575941533234954,3,VNC_WTct_R,,175,1.7142857142857144,1,power_control
720575941439029951,720575941551389979,3,VNC_NTct_L,,188,1.5957446808510638,1,power_control
720575941439029951,720575941652536593,2,VNC_IntTct_R,,128,1.5625,1,power_control
720575941439029951,720575941652536593,1,VNC_NTct_R,,128,0.78125,1,power_control
720575941439029951,720575941652536593,1,VNC_WTct_L,,128,0.78125,1,power_control
720575941439029951,720575941663099516,2,VNC_HTct_L,,343,0.5830903790087464,5,steering_control
720575941439029951,720575941663099516,2,VNC_WTct_R,,343,0.5830903790087464,5,steering_control
720575941439143954,720575941483838349,7,VNC_HTct_L,,256,2.734375,2,steering_control
720575941439143954,720575941501786930,6,VNC_HTct_L,,434,1.3824884792626728,5,steering_control
720575941439143954,720575941535331338,11,VNC_IntTct_L,,785,1.4012738853503186,5,steering_control
720575941439143954,720575941540246909,6,VNC_HTct_L,,232,2.586206896551724,2,steering_control
720575941439143954,720575941612053094,4,VNC_HTct_L,,914,0.437636761487965,5,steering_control
720575941439143954,720575941630748859,9,VNC_HTct_L,,1573,0.5721551176096631,2,steering_control
720575941439143954,720575941630748859,11,VNC_IntTct_L,,1573,0.6993006993006993,2,steering_control
720575941439143954,720575941650775313,4,VNC_IntTct_L,,456,0.8771929824561403,2,steering_control
720575941439285036,720575941429556655,6,VNC_NTct_R,,1452,0.4132231404958678,5,steering_control
720575941439285036,720575941477884802,9,VNC_HTct_R,,995,0.9045226130653266,5,steering_control
720575941439285036,720575941496222945,2,VNC_HTct_R,,266,0.7518796992481203,5,steering_control
720575941439285036,720575941496222945,2,VNC_IntTct_R,,266,0.7518796992481203,5,steering_control
720575941439285036,720575941513254905,1,VNC_HTct_R,,180,0.5555555555555556,4,steering_control
720575941439285036,720575941513254905,2,VNC_IntTct_R,,180,1.1111111111111112,4,steering_control
720575941439285036,720575941551443610,4,VNC_IntTct_R,,168,2.380952380952381,2,steering_control
720575941439285036,720575941563316022,3,VNC_HTct_R,,343,0.8746355685131195,4,steering_control
720575941439285036,720575941617069695,2,VNC_HTct_R,,196,1.0204081632653061,2,steering_control
720575941439285036,720575941617069695,1,VNC_IntTct_R,,196,0.5102040816326531,2,steering_control
720575941439454783,720575941412443540,3,VNC_IntTct_L,,416,0.7211538461538461,2,steering_control
720575941439454783,720575941576941045,4,VNC_IntTct_L,,608,0.6578947368421052,4,steering_control
720575941439563583,720575941438659551,2,VNC_T3_MetaNm_R,,322,0.6211180124223602,2,steering_control
720575941439563583,720575941535047690,14,VNC_IntTct_L,,1366,1.0248901903367496,5,steering_control
720575941439563583,720575941576958197,3,VNC_WTct_L,,98,3.061224489795918,3,power_control
720575941439577055,720575941573489416,3,VNC_T2_MesoNm_R,,212,1.4150943396226416,5,steering_control
720575941439622111,720575941474704948,5,VNC_HTct_R,,186,2.6881720430107525,5,steering_control
720575941439622111,720575941474704948,4,VNC_NTct_L,,186,2.1505376344086025,5,steering_control
720575941439622111,720575941498935777,7,VNC_HTct_R,,1338,0.523168908819133,5,steering_control
720575941439622111,720575941498935777,13,VNC_IntTct_R,,1338,0.9715994020926756,5,steering_control
720575941439622111,720575941526690841,2,VNC_LTct_L,,385,0.5194805194805194,1,power_control
720575941439622111,720575941526690841,2,VNC_LTct_R,,385,0.5194805194805194,1,power_control
720575941439622111,720575941552622398,7,VNC_HTct_R,,210,3.3333333333333335,5,steering_control
720575941439622111,720575941562134829,4,VNC_HTct_R,,519,0.7707129094412332,1,power_control
720575941439622111,720575941562134829,4,VNC_LTct_R,,519,0.7707129094412332,1,power_control
720575941439622111,720575941565459095,3,VNC_HTct_R,,196,1.530612244897959,5,steering_control
720575941439622111,720575941576941045,3,VNC_LTct_L,,608,0.4934210526315789,4,steering_control
720575941439786719,720575941619873663,5,VNC_unassigned_R,,920,0.5434782608695652,2,steering_control
720575941440280767,720575941399253283,2,VNC_HTct_R,,418,0.4784688995215311,2,steering_control
720575941440280767,720575941399253283,2,VNC_IntTct_R,,418,0.4784688995215311,2,steering_control
720575941440280767,720575941399253283,2,VNC_WTct_R,,418,0.4784688995215311,2,steering_control
720575941440280767,720575941429556655,42,VNC_IntTct_R,,1452,2.8925619834710745,5,steering_control
720575941440280767,720575941429556655,11,VNC_NTct_R,,1452,0.7575757575757576,5,steering_control
720575941440280767,720575941456348575,6,VNC_HTct_R,,1369,0.4382761139517896,5,steering_control
720575941440280767,720575941456348575,14,VNC_IntTct_R,,1369,1.0226442658875092,5,steering_control
720575941440280767,720575941458334163,33,VNC_HTct_R,,1380,2.391304347826087,2,steering_control
720575941440280767,720575941459554960,2,VNC_HTct_R,,439,0.45558086560364464,2,steering_control
720575941440280767,720575941459554960,2,VNC_IntTct_R,,439,0.45558086560364464,2,steering_control
720575941440280767,720575941460885005,5,VNC_HTct_R,,500,1.0,5,steering_control
720575941440280767,720575941464768790,6,VNC_IntTct_R,,723,0.8298755186721992,5,steering_control
720575941440280767,720575941464768790,15,VNC_NTct_R,,723,2.0746887966804977,5,steering_control
720575941440280767,720575941474334779,10,VNC_HTct_R,,883,1.1325028312570782,5,steering_control
720575941440280767,720575941477884802,6,VNC_HTct_R,,995,0.6030150753768844,5,steering_control
720575941440280767,720575941488675276,6,VNC_HTct_R,,378,1.5873015873015872,2,steering_control
720575941440280767,720575941490785712,7,VNC_IntTct_R,,234,2.9914529914529915,5,steering_control
720575941440280767,720575941490785712,5,VNC_NTct_R,,234,2.1367521367521367,5,steering_control
720575941440280767,720575941495591291,14,VNC_HTct_R,,654,2.1406727828746175,5,steering_control
720575941440280767,720575941495591291,3,VNC_IntTct_R,,654,0.45871559633027525,5,steering_control
720575941440280767,720575941496830370,11,VNC_HTct_R,,1278,0.8607198748043818,4,steering_control
720575941440280767,720575941501721138,22,VNC_HTct_R,,1210,1.8181818181818181,4,steering_control
720575941440280767,720575941503451301,53,VNC_HTct_R,,2065,2.566585956416465,2,steering_control
720575941440280767,720575941503451301,14,VNC_IntTct_R,,2065,0.6779661016949152,2,steering_control
720575941440280767,720575941514065043,6,VNC_HTct_R,,173,3.4682080924855487,5,steering_control
720575941440280767,720575941514065043,1,VNC_WTct_R,,173,0.5780346820809248,5,steering_control
720575941440280767,720575941516768472,6,VNC_IntTct_R,,290,2.0689655172413794,5,steering_control
720575941440280767,720575941517717420,3,VNC_IntTct_R,,138,2.1739130434782608,5,steering_control
720575941440280767,720575941517717420,1,VNC_NTct_R,,138,0.7246376811594203,5,steering_control
720575941440280767,720575941523692290,9,VNC_HTct_R,,471,1.910828025477707,5,steering_control
720575941440280767,720575941526355844,3,VNC_WTct_R,,389,0.7712082262210797,5,steering_control
720575941440280767,720575941526701412,4,VNC_HTct_R,,606,0.6600660066006601,5,steering_control
720575941440280767,720575941528944568,17,VNC_HTct_R,,2084,0.8157389635316697,4,steering_control
720575941440280767,720575941530192843,3,VNC_HTct_R,,192,1.5625,5,steering_control
720575941440280767,720575941530192843,3,VNC_WTct_R,,192,1.5625,5,steering_control
720575941440280767,720575941532246762,18,VNC_IntTct_R,,1209,1.488833746898263,5,steering_control
720575941440280767,720575941532385624,2,VNC_IntTct_R,,460,0.43478260869565216,2,steering_control
720575941440280767,720575941533221825,5,VNC_IntTct_R,,198,2.525252525252525,5,steering_control
720575941440280767,720575941533221825,1,VNC_WTct_R,,198,0.5050505050505051,5,steering_control
720575941440280767,720575941533761050,2,VNC_HTct_R,,420,0.4761904761904762,2,steering_control
720575941440280767,720575941533761050,2,VNC_IntTct_R,,420,0.4761904761904762,2,steering_control
720575941440280767,720575941533864458,6,VNC_HTct_R,,188,3.1914893617021276,5,steering_control
720575941440280767,720575941533864458,1,VNC_IntTct_R,,188,0.5319148936170213,5,steering_control
720575941440280767,720575941533864458,1,VNC_WTct_R,,188,0.5319148936170213,5,steering_control
720575941440280767,720575941546491681,11,VNC_HTct_R,,797,1.3801756587202008,5,steering_control
720575941440280767,720575941546491681,20,VNC_IntTct_R,,797,2.5094102885821834,5,steering_control
720575941440280767,720575941549701182,6,VNC_HTct_R,,194,3.0927835051546393,5,steering_control
720575941440280767,720575941557294095,7,VNC_IntTct_R,,479,1.4613778705636742,2,steering_control
720575941440280767,720575941557612915,89,VNC_HTct_R,,4206,2.1160247265810743,2,steering_control
720575941440280767,720575941557612915,28,VNC_IntTct_R,,4206,0.6657156443176415,2,steering_control
720575941440280767,720575941566956532,2,VNC_HTct_R,,460,0.43478260869565216,2,steering_control
720575941440280767,720575941566956532,6,VNC_IntTct_R,,460,1.3043478260869565,2,steering_control
720575941440280767,720575941571499515,7,VNC_HTct_R,,371,1.8867924528301887,5,steering_control
720575941440280767,720575941571499515,2,VNC_IntTct_R,,371,0.5390835579514826,5,steering_control
720575941440280767,720575941571499515,2,VNC_WTct_R,,371,0.5390835579514826,5,steering_control
720575941440280767,720575941592149718,7,VNC_HTct_R,,230,3.0434782608695654,5,steering_control
720575941440280767,720575941593615211,5,VNC_HTct_R,,797,0.6273525721455459,5,steering_control
720575941440280767,720575941594515158,4,VNC_HTct_R,,231,1.7316017316017316,5,steering_control
720575941440280767,720575941601153270,25,VNC_HTct_R,,661,3.7821482602118004,5,steering_control
720575941440280767,720575941604997997,4,VNC_HTct_R,,306,1.3071895424836601,5,steering_control
720575941440280767,720575941604997997,4,VNC_IntTct_R,,306,1.3071895424836601,5,steering_control
720575941440280767,720575941607605101,9,VNC_IntTct_R,,1411,0.6378454996456413,5,steering_control
720575941440280767,720575941608817897,2,VNC_HTct_R,,286,0.6993006993006993,2,steering_control
720575941440280767,720575941608991050,66,VNC_HTct_R,,3212,2.054794520547945,2,steering_control
720575941440280767,720575941608991050,22,VNC_IntTct_R,,3212,0.684931506849315,2,steering_control
720575941440280767,720575941609001034,5,VNC_IntTct_R,,563,0.8880994671403196,5,steering_control
720575941440280767,720575941609001034,3,VNC_NTct_R,,563,0.5328596802841918,5,steering_control
720575941440280767,720575941625387321,2,VNC_HTct_R,,53,3.7735849056603774,5,steering_control
720575941440280767,720575941625387321,1,VNC_IntTct_R,,53,1.8867924528301887,5,steering_control
720575941440280767,720575941630959035,3,VNC_HTct_R,,391,0.7672634271099744,5,steering_control
720575941440280767,720575941630959035,5,VNC_IntTct_R,,391,1.278772378516624,5,steering_control
720575941440280767,720575941630959035,2,VNC_unassigned_R,,391,0.5115089514066496,5,steering_control
720575941440280767,720575941645100664,3,VNC_HTct_R,,112,2.6785714285714284,5,steering_control
720575941440280767,720575941652038421,1,VNC_ANm_R,,142,0.7042253521126761,4,steering_control
720575941440280767,720575941652038421,4,VNC_HTct_R,,142,2.8169014084507045,4,steering_control
720575941440280767,720575941652038421,1,VNC_unassigned_R,,142,0.7042253521126761,4,steering_control
720575941440280767,720575941659696184,19,VNC_HTct_R,,840,2.261904761904762,5,steering_control
720575941440280767,720575941659696184,11,VNC_IntTct_R,,840,1.3095238095238095,5,steering_control
720575941440280767,720575941659696184,6,VNC_WTct_R,,840,0.7142857142857143,5,steering_control
720575941440280767,720575941659696184,4,VNC_unassigned_R,,840,0.4761904761904762,5,steering_control
720575941440280767,720575941667143601,5,VNC_HTct_R,,222,2.2522522522522523,5,steering_control
720575941440280767,720575941667143601,3,VNC_IntTct_R,,222,1.3513513513513513,5,steering_control
720575941440379733,720575941521236915,3,VNC_T3_MetaNm_L,,400,0.75,5,steering_control
720575941440379733,720575941523100491,6,VNC_LTct_R,,860,0.6976744186046512,5,steering_control
720575941440379733,720575941595021681,3,VNC_LTct_L,,506,0.592885375494071,5,steering_control
720575941440379733,720575941623067338,5,VNC_LTct_R,,507,0.9861932938856016,5,steering_control
720575941440379733,720575941623067338,4,VNC_T1_ProNm_R,,507,0.7889546351084813,5,steering_control
720575941440379733,720575941625907769,8,VNC_LTct_R,,1473,0.5431093007467752,5,steering_control
720575941440899023,720575941473850720,8,VNC_LTct_L,,1212,0.6600660066006601,5,steering_control
720575941440899023,720575941474437681,2,VNC_HTct_R,,297,0.6734006734006733,5,steering_control
720575941440899023,720575941474437681,2,VNC_unassigned_R,,297,0.6734006734006733,5,steering_control
720575941440899023,720575941496284489,2,VNC_HTct_R,,251,0.796812749003984,4,steering_control
720575941440899023,720575941515936505,5,VNC_LTct_R,,938,0.5330490405117271,3,power_control
720575941440899023,720575941516099500,4,VNC_NTct_L,,769,0.5201560468140443,1,power_control
720575941440899023,720575941526690841,2,VNC_IntTct_L,,385,0.5194805194805194,1,power_control
720575941440899023,720575941630933947,4,VNC_LTct_L,,704,0.5681818181818182,4,steering_control
720575941441162191,720575941464901398,33,VNC_HTct_R,,833,3.961584633853541,5,steering_control
720575941441162191,720575941464901398,7,VNC_IntTct_R,,833,0.8403361344537815,5,steering_control
720575941441162191,720575941564034614,3,VNC_HTct_R,,116,2.586206896551724,5,steering_control
720575941441226943,720575941404452720,2,VNC_IntTct_L,,277,0.7220216606498195,5,steering_control
720575941441226943,720575941404452720,3,VNC_WTct_L,,277,1.083032490974729,5,steering_control
720575941441226943,720575941428428681,3,VNC_IntTct_L,,75,4.0,3,power_control
720575941441226943,720575941428428681,2,VNC_WTct_L,,75,2.666666666666667,3,power_control
720575941441226943,720575941447025845,2,VNC_HTct_L,,226,0.8849557522123894,2,steering_control
720575941441226943,720575941447025845,1,VNC_IntTct_L,,226,0.4424778761061947,2,steering_control
720575941441226943,720575941457797360,5,VNC_HTct_L,,1043,0.4793863854266539,5,steering_control
720575941441226943,720575941460384723,4,VNC_IntTct_L,,151,2.6490066225165565,3,power_control
720575941441226943,720575941460384723,2,VNC_WTct_L,,151,1.3245033112582782,3,power_control
720575941441226943,720575941504505157,5,VNC_NTct_L,,225,2.2222222222222223,5,steering_control
720575941441226943,720575941513242202,7,VNC_HTct_L,,218,3.211009174311927,2,steering_control
720575941441226943,720575941513242202,2,VNC_IntTct_L,,218,0.9174311926605505,2,steering_control
720575941441226943,720575941518334643,7,VNC_HTct_L,,296,2.364864864864865,2,steering_control
720575941441226943,720575941547177076,2,VNC_HTct_L,,280,0.7142857142857143,2,steering_control
720575941441226943,720575941547177076,4,VNC_IntTct_L,,280,1.4285714285714286,2,steering_control
720575941441226943,720575941563318070,3,VNC_HTct_L,,264,1.1363636363636365,5,steering_control
720575941441226943,720575941592094422,12,VNC_IntTct_L,,250,4.8,2,steering_control
720575941441226943,720575941626975782,1,VNC_HTct_L,,159,0.628930817610063,2,steering_control
720575941441226943,720575941626975782,14,VNC_IntTct_L,,159,8.80503144654088,2,steering_control
720575941441243839,720575941472042282,4,VNC_IntTct_L,,143,2.797202797202797,1,power_control
720575941441243839,720575941521986227,3,VNC_IntTct_L,,306,0.9803921568627451,5,steering_control
720575941441243839,720575941560427379,6,VNC_unassigned_R,,412,1.4563106796116505,5,steering_control
720575941441243839,720575941602987510,3,VNC_ANm_L,,306,0.9803921568627451,5,steering_control
720575941441243839,720575941603749817,3,VNC_ANm_R,,377,0.7957559681697612,5,steering_control
720575941441243839,720575941613403100,3,VNC_WTct_R,,490,0.6122448979591837,2,steering_control
720575941441243839,720575941625932682,6,VNC_IntTct_L,,274,2.18978102189781,5,steering_control
720575941441243839,720575941630622624,3,VNC_unassigned_L,,633,0.47393364928909953,5,steering_control
720575941441243839,720575941657510992,3,VNC_unassigned_L,,482,0.6224066390041494,2,steering_control
720575941441243839,720575941688644470,5,VNC_ANm_R,,422,1.1848341232227488,5,steering_control
720575941441243839,720575941688644470,2,VNC_T3_MetaNm_L,,422,0.47393364928909953,5,steering_control
720575941441243839,720575941688644470,2,VNC_unassigned_L,,422,0.47393364928909953,5,steering_control
720575941441623899,720575941523112439,12,VNC_T1_ProNm_L,,860,1.3953488372093024,5,steering_control
720575941441623899,720575941600259369,17,VNC_T2_MesoNm_L,,845,2.0118343195266273,3,power_control
720575941441623899,720575941632698555,21,VNC_T2_MesoNm_L,,2639,0.7957559681697612,3,power_control
720575941441633883,720575941428412809,7,VNC_T2_MesoNm_L,,1408,0.4971590909090909,2,steering_control
720575941441633883,720575941440736207,4,VNC_T2_MesoNm_L,,195,2.051282051282051,4,steering_control
720575941441633883,720575941456678893,14,VNC_NTct_L,,924,1.5151515151515151,5,steering_control
720575941441633883,720575941456678893,5,VNC_T1_ProNm_L,,924,0.5411255411255411,5,steering_control
720575941441633883,720575941477573344,3,VNC_WTct_L,,225,1.3333333333333335,5,steering_control
720575941441633883,720575941515619939,2,VNC_NTct_L,,346,0.5780346820809248,1,power_control
720575941441633883,720575941516099500,10,VNC_WTct_L,,769,1.3003901170351104,1,power_control
720575941441633883,720575941518434227,3,VNC_WTct_L,,748,0.4010695187165776,1,power_control
720575941441633883,720575941521236915,3,VNC_T3_MetaNm_L,,400,0.75,5,steering_control
720575941441633883,720575941562464866,2,VNC_NTct_L,,343,0.5830903790087464,3,power_control
720575941441633883,720575941571427323,3,VNC_WTct_L,,380,0.7894736842105263,3,power_control
720575941441633883,720575941592919080,10,VNC_T1_ProNm_L,,1029,0.9718172983479106,5,steering_control
720575941441643867,720575941402032240,2,VNC_WTct_R,,324,0.6172839506172839,1,power_control
720575941441643867,720575941474437681,3,VNC_HTct_R,,297,1.0101010101010102,5,steering_control
720575941441643867,720575941474640682,10,VNC_WTct_R,,170,5.88235294117647,5,steering_control
720575941441643867,720575941485775110,3,VNC_WTct_R,,283,1.0600706713780919,5,steering_control
720575941441643867,720575941515619939,2,VNC_HTct_R,,346,0.5780346820809248,1,power_control
720575941441643867,720575941515619939,2,VNC_WTct_R,,346,0.5780346820809248,1,power_control
720575941441643867,720575941516099500,7,VNC_NTct_L,,769,0.9102730819245773,1,power_control
720575941441643867,720575941518434227,3,VNC_WTct_R,,748,0.4010695187165776,1,power_control
720575941441643867,720575941526718564,1,VNC_ANm_L,,111,0.9009009009009009,5,steering_control
720575941441643867,720575941526718564,5,VNC_ANm_R,,111,4.504504504504505,5,steering_control
720575941441643867,720575941526718564,3,VNC_HTct_L,,111,2.7027027027027026,5,steering_control
720575941441643867,720575941526718564,1,VNC_HTct_R,,111,0.9009009009009009,5,steering_control
720575941441643867,720575941526718564,1,VNC_T3_MetaNm_L,,111,0.9009009009009009,5,steering_control
720575941441643867,720575941532432618,2,VNC_HTct_R,,374,0.53475935828877,5,steering_control
720575941441643867,720575941532432618,2,VNC_IntTct_R,,374,0.53475935828877,5,steering_control
720575941441643867,720575941554049307,8,VNC_WTct_R,,637,1.2558869701726845,1,power_control
720575941441974479,720575941402032240,3,VNC_WTct_L,,324,0.9259259259259258,1,power_control
720575941441974479,720575941474437681,2,VNC_HTct_L,,297,0.6734006734006733,5,steering_control
720575941441974479,720575941474437681,2,VNC_HTct_R,,297,0.6734006734006733,5,steering_control
720575941441974479,720575941477553376,3,VNC_HTct_L,,142,2.112676056338028,1,power_control
720575941441974479,720575941477553376,3,VNC_WTct_L,,142,2.112676056338028,1,power_control
720575941441974479,720575941501842626,3,VNC_HTct_L,,350,0.8571428571428572,5,steering_control
720575941441974479,720575941521986227,2,VNC_NTct_L,,306,0.6535947712418301,5,steering_control
720575941441974479,720575941526718564,2,VNC_HTct_L,,111,1.8018018018018018,5,steering_control
720575941441974479,720575941526718564,2,VNC_unassigned_L,,111,1.8018018018018018,5,steering_control
720575941441974479,720575941563314486,3,VNC_HTct_L,,179,1.675977653631285,5,steering_control
720575941441974479,720575941563314486,2,VNC_unassigned_L,,179,1.1173184357541899,5,steering_control
720575941441974479,720575941663099516,4,VNC_HTct_L,,343,1.1661807580174928,5,steering_control
720575941442418639,720575941412443540,5,VNC_IntTct_R,,416,1.201923076923077,2,steering_control
720575941442418639,720575941414508948,25,VNC_IntTct_R,,2237,1.117568171658471,3,power_control
720575941442418639,720575941436996882,11,VNC_IntTct_R,,766,1.4360313315926894,5,steering_control
720575941442418639,720575941458334163,9,VNC_HTct_R,,1380,0.6521739130434783,2,steering_control
720575941442418639,720575941458334163,13,VNC_IntTct_R,,1380,0.9420289855072465,2,steering_control
720575941442418639,720575941459554960,2,VNC_HTct_R,,439,0.45558086560364464,2,steering_control
720575941442418639,720575941459554960,13,VNC_IntTct_R,,439,2.9612756264236904,2,steering_control
720575941442418639,720575941469724125,15,VNC_IntTct_R,,1594,0.9410288582183186,5,steering_control
720575941442418639,720575941474334779,7,VNC_HTct_R,,883,0.7927519818799547,5,steering_control
720575941442418639,720575941474334779,4,VNC_IntTct_R,,883,0.4530011325028313,5,steering_control
720575941442418639,720575941477884802,4,VNC_HTct_R,,995,0.4020100502512563,5,steering_control
720575941442418639,720575941496227041,3,VNC_HTct_R,,529,0.5671077504725899,2,steering_control
720575941442418639,720575941503451301,14,VNC_HTct_R,,2065,0.6779661016949152,2,steering_control
720575941442418639,720575941503451301,30,VNC_IntTct_R,,2065,1.4527845036319613,2,steering_control
720575941442418639,720575941516768472,9,VNC_IntTct_R,,290,3.103448275862069,5,steering_control
720575941442418639,720575941516784494,6,VNC_IntTct_R,,469,1.279317697228145,5,steering_control
720575941442418639,720575941532246762,25,VNC_IntTct_R,,1209,2.0678246484698097,5,steering_control
720575941442418639,720575941540246909,1,VNC_ANm_R,,232,0.43103448275862066,2,steering_control
720575941442418639,720575941540246909,3,VNC_HTct_R,,232,1.293103448275862,2,steering_control
720575941442418639,720575941557612915,21,VNC_HTct_R,,4206,0.4992867332382311,2,steering_control
720575941442418639,720575941557612915,81,VNC_IntTct_R,,4206,1.925820256776034,2,steering_control
720575941442418639,720575941583254918,7,VNC_IntTct_R,,331,2.1148036253776437,2,steering_control
720575941442418639,720575941583254918,2,VNC_WTct_R,,331,0.6042296072507553,2,steering_control
720575941442418639,720575941607605101,7,VNC_IntTct_R,,1411,0.4961020552799433,5,steering_control
720575941442418639,720575941608991050,24,VNC_IntTct_R,,3212,0.7471980074719801,2,steering_control
720575941442418639,720575941623347099,12,VNC_IntTct_R,,455,2.6373626373626373,2,steering_control
720575941442418639,720575941630959035,4,VNC_HTct_R,,391,1.0230179028132993,5,steering_control
720575941442418639,720575941630959035,6,VNC_IntTct_R,,391,1.5345268542199488,5,steering_control
720575941442861482,720575941464768790,5,VNC_NTct_R,,723,0.6915629322268326,5,steering_control
720575941445707284,720575941399309603,6,VNC_IntTct_L,,484,1.2396694214876034,2,steering_control
720575941445707284,720575941412323473,5,VNC_HTct_L,,466,1.0729613733905579,2,steering_control
720575941445707284,720575941412323473,6,VNC_IntTct_L,,466,1.2875536480686696,2,steering_control
720575941445707284,720575941414326161,6,VNC_IntTct_L,,343,1.749271137026239,5,steering_control
720575941445707284,720575941450876794,33,VNC_HTct_L,,1106,2.9837251356238697,5,steering_control
720575941445707284,720575941450876794,69,VNC_IntTct_L,,1106,6.23869801084991,5,steering_control
720575941445707284,720575941450876794,11,VNC_WTct_L,,1106,0.9945750452079566,5,steering_control
720575941445707284,720575941457147206,6,VNC_IntTct_L,,1471,0.4078857919782461,5,steering_control
720575941445707284,720575941464073558,5,VNC_HTct_L,,785,0.6369426751592357,5,steering_control
720575941445707284,720575941464073558,12,VNC_IntTct_L,,785,1.5286624203821657,5,steering_control
720575941445707284,720575941471203447,3,VNC_HTct_L,,395,0.7594936708860759,2,steering_control
720575941445707284,720575941478092963,3,VNC_IntTct_L,,466,0.6437768240343348,5,steering_control
720575941445707284,720575941479098819,3,VNC_HTct_L,,334,0.8982035928143712,2,steering_control
720575941445707284,720575941481061629,1,VNC_IntTct_L,,98,1.0204081632653061,5,steering_control
720575941445707284,720575941481061629,2,VNC_NTct_L,,98,2.0408163265306123,5,steering_control
720575941445707284,720575941508542674,5,VNC_HTct_L,,521,0.9596928982725527,2,steering_control
720575941445707284,720575941508542674,3,VNC_IntTct_L,,521,0.5758157389635317,2,steering_control
720575941445707284,720575941517764824,4,VNC_IntTct_L,,625,0.64,5,steering_control
720575941445707284,720575941520333047,6,VNC_HTct_L,,936,0.641025641025641,5,steering_control
720575941445707284,720575941549386239,3,VNC_IntTct_L,,409,0.7334963325183375,2,steering_control
720575941445707284,720575941583511518,3,VNC_IntTct_L,,537,0.5586592178770949,2,steering_control
720575941445707284,720575941601088441,5,VNC_HTct_L,,891,0.5611672278338945,5,steering_control
720575941445707284,720575941608861929,3,VNC_HTct_L,,441,0.6802721088435374,2,steering_control
720575941445707284,720575941608861929,11,VNC_IntTct_L,,441,2.494331065759637,2,steering_control
720575941445707284,720575941723242042,10,VNC_HTct_L,,791,1.2642225031605563,5,steering_control
720575941445707284,720575941723242042,35,VNC_IntTct_L,,791,4.424778761061947,5,steering_control
720575941446894612,720575941435625516,3,VNC_NTct_L,,194,1.5463917525773196,5,steering_control
720575941446894612,720575941461227152,3,VNC_unassigned_L,,109,2.7522935779816518,5,steering_control
720575941447838996,720575941567030516,2,VNC_IntTct_R,,169,1.183431952662722,1,power_control
720575941447838996,720575941567030516,5,VNC_NTct_R,,169,2.9585798816568047,1,power_control
720575941447838996,720575941579017337,3,VNC_IntTct_R,,210,1.4285714285714286,4,steering_control
720575941447838996,720575941608991050,14,VNC_IntTct_R,,3212,0.43586550435865506,2,steering_control
720575941447863316,720575941350409264,3,VNC_IntTct_R,,472,0.6355932203389831,5,steering_control
720575941447863316,720575941401776931,9,VNC_IntTct_R,,935,0.9625668449197862,5,steering_control
720575941447863316,720575941401776931,9,VNC_T1_ProNm_R,,935,0.9625668449197862,5,steering_control
720575941447863316,720575941436996882,4,VNC_LTct_R,,766,0.5221932114882507,5,steering_control
720575941447863316,720575941456667373,4,VNC_T1_ProNm_R,,321,1.2461059190031152,5,steering_control
720575941447863316,720575941457802480,59,VNC_IntTct_R,,1611,3.662321539416512,5,steering_control
720575941447863316,720575941457802480,43,VNC_LTct_R,,1611,2.6691495965238983,5,steering_control
720575941447863316,720575941477884802,5,VNC_HTct_R,,995,0.5025125628140703,5,steering_control
720575941447863316,720575941477884802,5,VNC_T3_MetaNm_R,,995,0.5025125628140703,5,steering_control
720575941447863316,720575941488015312,3,VNC_T3_MetaNm_R,,131,2.2900763358778624,5,steering_control
720575941447863316,720575941499426699,6,VNC_IntTct_R,,309,1.9417475728155338,4,steering_control
720575941447863316,720575941515936505,5,VNC_LTct_R,,938,0.5330490405117271,3,power_control
720575941447863316,720575941515936505,14,VNC_T2_MesoNm_R,,938,1.4925373134328357,3,power_control
720575941447863316,720575941516784494,3,VNC_IntTct_R,,469,0.6396588486140725,5,steering_control
720575941447863316,720575941516784494,9,VNC_LTct_R,,469,1.9189765458422177,5,steering_control
720575941447863316,720575941533819162,6,VNC_IntTct_R,,1311,0.4576659038901602,2,steering_control
720575941447863316,720575941555504723,4,VNC_IntTct_R,,985,0.40609137055837563,5,steering_control
720575941447863316,720575941567151918,1,VNC_ANm_R,,162,0.6172839506172839,5,steering_control
720575941447863316,720575941567151918,3,VNC_T3_MetaNm_R,,162,1.8518518518518516,5,steering_control
720575941447863316,720575941576941045,6,VNC_IntTct_R,,608,0.9868421052631579,4,steering_control
720575941447863316,720575941576941045,7,VNC_LTct_R,,608,1.151315789473684,4,steering_control
720575941447863316,720575941576941045,6,VNC_T2_MesoNm_R,,608,0.9868421052631579,4,steering_control
720575941447863316,720575941583588830,6,VNC_LTct_R,,1409,0.42583392476933996,5,steering_control
720575941447863316,720575941595021681,4,VNC_LTct_R,,506,0.7905138339920948,5,steering_control
720575941447863316,720575941600259369,5,VNC_IntTct_R,,845,0.591715976331361,3,power_control
720575941447863316,720575941600259369,10,VNC_LTct_R,,845,1.183431952662722,3,power_control
720575941447863316,720575941619873663,7,VNC_IntTct_R,,920,0.7608695652173914,2,steering_control
720575941447863316,720575941626235530,2,VNC_IntTct_R,,410,0.4878048780487805,5,steering_control
720575941447863316,720575941630933947,10,VNC_IntTct_R,,704,1.4204545454545454,4,steering_control
720575941447863316,720575941630933947,11,VNC_LTct_R,,704,1.5625,4,steering_control
720575941447863316,720575941636281205,4,VNC_IntTct_R,,673,0.5943536404160475,5,steering_control
720575941447973140,720575941464768790,4,VNC_NTct_R,,723,0.5532503457814661,5,steering_control
720575941447973140,720575941528944568,12,VNC_HTct_R,,2084,0.5758157389635317,4,steering_control
720575941447973140,720575941574155003,15,VNC_HTct_R,,510,2.941176470588235,3,power_control
720575941447973140,720575941574155003,8,VNC_IntTct_R,,510,1.5686274509803921,3,power_control
720575941447973140,720575941579017337,4,VNC_NTct_R,,210,1.9047619047619049,4,steering_control
720575941447973140,720575941579017337,1,VNC_WTct_R,,210,0.4761904761904762,4,steering_control
720575941447973140,720575941609001034,4,VNC_NTct_R,,563,0.7104795737122558,5,steering_control
720575941448922717,720575941477166622,8,VNC_IntTct_L,,1660,0.48192771084337355,5,steering_control
720575941449527477,720575941536648168,5,VNC_T2_MesoNm_R,,228,2.1929824561403506,2,steering_control
720575941449527477,720575941573489416,4,VNC_T2_MesoNm_R,,212,1.8867924528301887,5,steering_control
720575941449527477,720575941575691624,3,VNC_T2_MesoNm_R,,690,0.43478260869565216,4,steering_control
720575941449875893,720575941433448224,4,VNC_T1_ProNm_R,,600,0.6666666666666667,5,steering_control
720575941449983581,720575941458873796,3,VNC_IntTct_L,,476,0.6302521008403361,5,steering_control
720575941449983581,720575941470067063,4,VNC_IntTct_L,,470,0.851063829787234,4,steering_control
720575941449983581,720575941474935105,3,VNC_LTct_L,,403,0.7444168734491315,5,steering_control
720575941449983581,720575941496047433,2,VNC_IntTct_L,,378,0.5291005291005291,5,steering_control
720575941449983581,720575941496047433,3,VNC_LTct_L,,378,0.7936507936507936,5,steering_control
720575941449983581,720575941513220601,9,VNC_IntTct_L,,609,1.477832512315271,1,power_control
720575941449983581,720575941513220601,4,VNC_LTct_L,,609,0.6568144499178982,1,power_control
720575941449983581,720575941521031927,3,VNC_LTct_L,,329,0.911854103343465,5,steering_control
720575941449983581,720575941521069751,8,VNC_LTct_L,,1162,0.6884681583476765,5,steering_control
720575941449983581,720575941550948231,4,VNC_IntTct_L,,337,1.1869436201780417,5,steering_control
720575941449983581,720575941550948231,3,VNC_LTct_L,,337,0.8902077151335311,5,steering_control
720575941449983581,720575941550948231,7,VNC_T2_MesoNm_L,,337,2.0771513353115725,5,steering_control
720575941449983581,720575941550948231,3,VNC_WTct_L,,337,0.8902077151335311,5,steering_control
720575941449983581,720575941562043392,4,VNC_IntTct_L,,720,0.5555555555555556,5,steering_control
720575941449983581,720575941569652638,3,VNC_LTct_L,,354,0.847457627118644,4,steering_control
720575941450378333,720575941491289033,8,VNC_LTct_R,,418,1.9138755980861244,2,steering_control
720575941450378333,720575941521031927,5,VNC_LTct_R,,329,1.5197568389057752,5,steering_control
720575941450378333,720575941569652638,7,VNC_LTct_L,,354,1.977401129943503,4,steering_control
720575941450506830,720575941412443540,3,VNC_IntTct_R,,416,0.7211538461538461,2,steering_control
720575941450506830,720575941414508948,10,VNC_IntTct_R,,2237,0.44702726866338843,3,power_control
720575941450506830,720575941430389006,4,VNC_HTct_R,,379,1.0554089709762533,4,steering_control
720575941450506830,720575941430389006,4,VNC_IntTct_R,,379,1.0554089709762533,4,steering_control
720575941450506830,720575941430389006,3,VNC_WTct_R,,379,0.79155672823219,4,steering_control
720575941450506830,720575941458334163,25,VNC_HTct_R,,1380,1.8115942028985508,2,steering_control
720575941450506830,720575941458334163,12,VNC_IntTct_R,,1380,0.8695652173913043,2,steering_control
720575941450506830,720575941459554960,5,VNC_HTct_R,,439,1.1389521640091116,2,steering_control
720575941450506830,720575941459554960,9,VNC_IntTct_R,,439,2.050113895216401,2,steering_control
720575941450506830,720575941460885005,3,VNC_HTct_R,,500,0.6,5,steering_control
720575941450506830,720575941474334779,10,VNC_HTct_R,,883,1.1325028312570782,5,steering_control
720575941450506830,720575941474334779,4,VNC_WTct_R,,883,0.4530011325028313,5,steering_control
720575941450506830,720575941492354174,6,VNC_WTct_R,,140,4.285714285714286,5,steering_control
720575941450506830,720575941496227041,19,VNC_HTct_R,,529,3.5916824196597354,2,steering_control
720575941450506830,720575941496227041,13,VNC_WTct_R,,529,2.4574669187145557,2,steering_control
720575941450506830,720575941503451301,36,VNC_HTct_R,,2065,1.7433414043583535,2,steering_control
720575941450506830,720575941503451301,26,VNC_IntTct_R,,2065,1.2590799031476998,2,steering_control
720575941450506830,720575941516768472,5,VNC_IntTct_R,,290,1.7241379310344827,5,steering_control
720575941450506830,720575941532246762,10,VNC_HTct_R,,1209,0.8271298593879239,5,steering_control
720575941450506830,720575941532246762,40,VNC_IntTct_R,,1209,3.3085194375516958,5,steering_control
720575941450506830,720575941532246762,9,VNC_NTct_R,,1209,0.7444168734491315,5,steering_control
720575941450506830,720575941532246762,7,VNC_WTct_R,,1209,0.5789909015715468,5,steering_control
720575941450506830,720575941539741788,3,VNC_WTct_R,,518,0.5791505791505791,2,steering_control
720575941450506830,720575941540246909,3,VNC_ANm_R,,232,1.293103448275862,2,steering_control
720575941450506830,720575941540246909,3,VNC_HTct_R,,232,1.293103448275862,2,steering_control
720575941450506830,720575941546491681,4,VNC_HTct_R,,797,0.5018820577164366,5,steering_control
720575941450506830,720575941546491681,4,VNC_IntTct_R,,797,0.5018820577164366,5,steering_control
720575941450506830,720575941557612915,43,VNC_HTct_R,,4206,1.0223490252020924,2,steering_control
720575941450506830,720575941557612915,64,VNC_IntTct_R,,4206,1.5216357584403233,2,steering_control
720575941450506830,720575941583254918,3,VNC_HTct_R,,331,0.906344410876133,2,steering_control
720575941450506830,720575941583254918,4,VNC_IntTct_R,,331,1.2084592145015105,2,steering_control
720575941450506830,720575941601153270,4,VNC_HTct_R,,661,0.6051437216338881,5,steering_control
720575941450506830,720575941608991050,24,VNC_HTct_R,,3212,0.7471980074719801,2,steering_control
720575941450506830,720575941608991050,44,VNC_IntTct_R,,3212,1.36986301369863,2,steering_control
720575941450506830,720575941609001034,3,VNC_IntTct_R,,563,0.5328596802841918,5,steering_control
720575941450506830,720575941623108298,14,VNC_WTct_R,,2454,0.5704971475142625,5,steering_control
720575941450506830,720575941630959035,4,VNC_IntTct_R,,391,1.0230179028132993,5,steering_control
720575941450506830,720575941684876527,1,VNC_HTct_R,,218,0.45871559633027525,5,steering_control
720575941450506830,720575941684876527,6,VNC_IntTct_R,,218,2.7522935779816518,5,steering_control
720575941451941498,720575941413920540,14,VNC_HTct_R,,204,6.862745098039216,5,steering_control
720575941451941498,720575941413920540,4,VNC_unassigned_R,,204,1.9607843137254901,5,steering_control
720575941451941498,720575941438723263,26,VNC_HTct_R,,235,11.063829787234042,5,steering_control
720575941451941498,720575941438723263,3,VNC_IntTct_R,,235,1.276595744680851,5,steering_control
720575941451941498,720575941438723263,4,VNC_WTct_R,,235,1.702127659574468,5,steering_control
720575941451941498,720575941485422221,5,VNC_NTct_R,,634,0.7886435331230284,5,steering_control
720575941451941498,720575941496222945,20,VNC_HTct_R,,266,7.518796992481203,5,steering_control
720575941451941498,720575941496222945,16,VNC_WTct_R,,266,6.015037593984962,5,steering_control
720575941451941498,720575941496915618,10,VNC_HTct_R,,236,4.23728813559322,5,steering_control
720575941451941498,720575941496915618,4,VNC_IntTct_R,,236,1.694915254237288,5,steering_control
720575941451941498,720575941496915618,5,VNC_WTct_R,,236,2.11864406779661,5,steering_control
720575941451941498,720575941498935777,7,VNC_WTct_R,,1338,0.523168908819133,5,steering_control
720575941451941498,720575941499447691,3,VNC_IntTct_R,,654,0.45871559633027525,5,steering_control
720575941451941498,720575941499447691,6,VNC_WTct_R,,654,0.9174311926605505,5,steering_control
720575941451941498,720575941501903154,3,VNC_IntTct_R,,173,1.7341040462427744,3,power_control
720575941451941498,720575941501903154,9,VNC_WTct_R,,173,5.202312138728324,3,power_control
720575941451941498,720575941511275986,12,VNC_IntTct_R,,2471,0.48563334682314846,5,steering_control
720575941451941498,720575941511275986,12,VNC_WTct_R,,2471,0.48563334682314846,5,steering_control
720575941451941498,720575941513254905,18,VNC_HTct_R,,180,10.0,4,steering_control
720575941451941498,720575941520064435,8,VNC_HTct_R,,235,3.404255319148936,5,steering_control
720575941451941498,720575941520064435,6,VNC_IntTct_R,,235,2.553191489361702,5,steering_control
720575941451941498,720575941520064435,13,VNC_WTct_R,,235,5.531914893617021,5,steering_control
720575941451941498,720575941521508939,6,VNC_HTct_R,,240,2.5,5,steering_control
720575941451941498,720575941521508939,7,VNC_IntTct_R,,240,2.9166666666666665,5,steering_control
720575941451941498,720575941521508939,6,VNC_NTct_R,,240,2.5,5,steering_control
720575941451941498,720575941521508939,7,VNC_WTct_R,,240,2.9166666666666665,5,steering_control
720575941451941498,720575941523692290,4,VNC_HTct_R,,471,0.8492569002123143,5,steering_control
720575941451941498,720575941526355844,11,VNC_HTct_R,,389,2.827763496143959,5,steering_control
720575941451941498,720575941526355844,3,VNC_NTct_R,,389,0.7712082262210797,5,steering_control
720575941451941498,720575941526355844,5,VNC_WTct_R,,389,1.2853470437017995,5,steering_control
720575941451941498,720575941547178164,4,VNC_HTct_R,,162,2.4691358024691357,3,power_control
720575941451941498,720575941563316022,11,VNC_HTct_R,,343,3.206997084548105,4,steering_control
720575941451941498,720575941563316022,6,VNC_IntTct_R,,343,1.749271137026239,4,steering_control
720575941451941498,720575941563316022,6,VNC_WTct_R,,343,1.749271137026239,4,steering_control
720575941451941498,720575941565122614,4,VNC_HTct_R,,32,12.5,5,steering_control
720575941451941498,720575941566788602,5,VNC_HTct_R,,313,1.5974440894568689,4,steering_control
720575941451941498,720575941567684340,5,VNC_NTct_R,,69,7.246376811594203,1,power_control
720575941451941498,720575941581637215,3,VNC_HTct_R,,241,1.2448132780082988,2,steering_control
720575941451941498,720575941581637215,4,VNC_IntTct_R,,241,1.6597510373443984,2,steering_control
720575941451941498,720575941581641311,4,VNC_WTct_R,,294,1.3605442176870748,2,steering_control
720575941451941498,720575941629389804,3,VNC_HTct_R,,85,3.5294117647058822,4,steering_control
720575941451941498,720575941645100664,5,VNC_HTct_R,,112,4.464285714285714,5,steering_control
720575941451941498,720575941645100664,1,VNC_WTct_R,,112,0.8928571428571428,5,steering_control
720575941451941498,720575941680033213,2,VNC_WTct_R,,271,0.7380073800738007,5,steering_control
720575941452016199,720575941523112439,4,VNC_IntTct_L,,860,0.46511627906976744,5,steering_control
720575941452165801,720575941464768790,3,VNC_NTct_R,,723,0.4149377593360996,5,steering_control
720575941452165801,720575941609001034,29,VNC_NTct_R,,563,5.150976909413854,5,steering_control
720575941452165801,720575941609001034,4,VNC_unassigned_R,,563,0.7104795737122558,5,steering_control
720575941453030983,720575941436996882,9,VNC_IntTct_R,,766,1.1749347258485638,5,steering_control
720575941453030983,720575941436996882,4,VNC_WTct_R,,766,0.5221932114882507,5,steering_control
720575941453030983,720575941473850720,34,VNC_IntTct_L,,1212,2.8052805280528053,5,steering_control
720575941453030983,720575941477884802,5,VNC_HTct_R,,995,0.5025125628140703,5,steering_control
720575941453030983,720575941531319427,1,VNC_IntTct_R,,41,2.4390243902439024,3,power_control
720575941453030983,720575941531319427,2,VNC_WTct_R,,41,4.878048780487805,3,power_control
720575941453030983,720575941532246762,9,VNC_HTct_R,,1209,0.7444168734491315,5,steering_control
720575941453030983,720575941532246762,51,VNC_IntTct_R,,1209,4.218362282878412,5,steering_control
720575941453030983,720575941532246762,6,VNC_NTct_R,,1209,0.49627791563275436,5,steering_control
720575941453030983,720575941535331338,7,VNC_IntTct_L,,785,0.89171974522293,5,steering_control
720575941453030983,720575941543813125,3,VNC_IntTct_R,,50,6.0,5,steering_control
720575941453030983,720575941547226248,7,VNC_NTct_L,,653,1.0719754977029097,5,steering_control
720575941453030983,720575941557612915,27,VNC_HTct_R,,4206,0.6419400855920114,2,steering_control
720575941453030983,720575941557612915,24,VNC_IntTct_R,,4206,0.5706134094151213,2,steering_control
720575941453030983,720575941572251144,17,VNC_IntTct_L,,3255,0.522273425499232,2,steering_control
720575941453030983,720575941604989293,4,VNC_IntTct_L,,63,6.349206349206349,5,steering_control
720575941453030983,720575941604989293,2,VNC_LTct_R,,63,3.1746031746031744,5,steering_control
720575941453030983,720575941607605101,19,VNC_IntTct_R,,1411,1.3465627214741318,5,steering_control
720575941453030983,720575941607605101,12,VNC_NTct_R,,1411,0.8504606661941885,5,steering_control
720575941453030983,720575941612053094,5,VNC_HTct_L,,914,0.5470459518599562,5,steering_control
720575941453030983,720575941612053094,4,VNC_T3_MetaNm_L,,914,0.437636761487965,5,steering_control
720575941453030983,720575941619873663,5,VNC_IntTct_R,,920,0.5434782608695652,2,steering_control
720575941453030983,720575941630748859,12,VNC_HTct_L,,1573,0.7628734901462174,2,steering_control
720575941453030983,720575941649244437,6,VNC_HTct_R,,802,0.7481296758104738,5,steering_control
720575941453030983,720575941668725169,8,VNC_HTct_L,,904,0.8849557522123894,5,steering_control
720575941453030983,720575941668725169,13,VNC_HTct_R,,904,1.4380530973451326,5,steering_control
720575941454260275,720575941491289033,5,VNC_IntTct_R,,418,1.1961722488038278,2,steering_control
720575941454260275,720575941491289033,2,VNC_LTct_R,,418,0.4784688995215311,2,steering_control
720575941454260275,720575941564059399,6,VNC_IntTct_R,,395,1.5189873417721518,5,steering_control
720575941454260275,720575941568726004,5,VNC_LTct_L,,332,1.5060240963855422,5,steering_control
720575941454569523,720575941478092963,2,VNC_IntTct_L,,466,0.4291845493562232,5,steering_control
720575941454569523,720575941530853507,3,VNC_HTct_L,,434,0.6912442396313364,2,steering_control
720575941454569523,720575941530853507,6,VNC_IntTct_L,,434,1.3824884792626728,2,steering_control
720575941454913075,720575941575519336,4,VNC_T3_MetaNm_R,,25,16.0,5,steering_control
720575941454969395,720575941642372040,10,VNC_LTct_R,,1828,0.5470459518599562,2,steering_control
720575941455714541,720575941400818723,9,VNC_NTct_L,,1482,0.6072874493927125,5,steering_control
720575941455714541,720575941431660937,2,VNC_HTct_L,,45,4.444444444444445,5,steering_control
720575941455714541,720575941431660937,1,VNC_T3_MetaNm_L,,45,2.2222222222222223,5,steering_control
720575941455714541,720575941438938175,16,VNC_HTct_L,,1113,1.4375561545372868,5,steering_control
720575941455714541,720575941523112439,7,VNC_NTct_L,,860,0.813953488372093,5,steering_control
720575941455714541,720575941550878087,6,VNC_HTct_L,,1310,0.45801526717557256,4,steering_control
720575941455714541,720575941554439251,1,VNC_NTct_L,,196,0.5102040816326531,4,steering_control
720575941455714541,720575941554439251,2,VNC_WTct_L,,196,1.0204081632653061,4,steering_control
720575941455714541,720575941579868917,10,VNC_IntTct_L,,1745,0.5730659025787965,5,steering_control
720575941455714541,720575941579868917,17,VNC_NTct_L,,1745,0.9742120343839542,5,steering_control
720575941456504560,720575941517770412,6,VNC_WTct_L,,413,1.4527845036319613,1,power_control
720575941456504560,720575941691313115,11,VNC_WTct_L,,1219,0.9023789991796556,3,power_control
720575941456897005,720575941429556655,24,VNC_IntTct_R,,1452,1.6528925619834711,5,steering_control
720575941456897005,720575941429556655,18,VNC_NTct_R,,1452,1.2396694214876034,5,steering_control
720575941456897005,720575941464768790,4,VNC_NTct_R,,723,0.5532503457814661,5,steering_control
720575941456897005,720575941496830370,32,VNC_HTct_R,,1278,2.503912363067293,4,steering_control
720575941456897005,720575941501721138,28,VNC_HTct_R,,1210,2.3140495867768593,4,steering_control
720575941456897005,720575941549701182,3,VNC_HTct_R,,194,1.5463917525773196,5,steering_control
720575941456897005,720575941601153270,6,VNC_HTct_R,,661,0.9077155824508321,5,steering_control
720575941456897005,720575941687863515,4,VNC_HTct_R,,289,1.384083044982699,2,steering_control
720575941459097503,720575941408509867,2,VNC_LTct_R,,434,0.4608294930875576,1,power_control
720575941459097503,720575941517770412,4,VNC_IntTct_R,,413,0.9685230024213075,1,power_control
720575941459097503,720575941517770412,8,VNC_LTct_R,,413,1.937046004842615,1,power_control
720575941459097503,720575941521031927,4,VNC_LTct_R,,329,1.21580547112462,5,steering_control
720575941459103391,720575941410007663,3,VNC_IntTct_L,,186,1.6129032258064515,5,steering_control
720575941459103391,720575941410007663,2,VNC_LTct_L,,186,1.0752688172043012,5,steering_control
720575941459103391,720575941414508948,11,VNC_T1_ProNm_R,,2237,0.49172999552972735,3,power_control
720575941459103391,720575941469724125,7,VNC_IntTct_R,,1594,0.43914680050188204,5,steering_control
720575941459103391,720575941469724125,11,VNC_T1_ProNm_R,,1594,0.6900878293601004,5,steering_control
720575941459103391,720575941512896099,16,VNC_IntTct_R,,1417,1.1291460832745237,1,power_control
720575941459103391,720575941515936505,4,VNC_IntTct_L,,938,0.42643923240938164,3,power_control
720575941459103391,720575941515936505,4,VNC_LTct_R,,938,0.42643923240938164,3,power_control
720575941459103391,720575941515936505,6,VNC_T2_MesoNm_R,,938,0.6396588486140725,3,power_control
720575941459103391,720575941517717420,4,VNC_IntTct_R,,138,2.898550724637681,5,steering_control
720575941459103391,720575941517717420,3,VNC_WTct_R,,138,2.1739130434782608,5,steering_control
720575941459103391,720575941536368370,9,VNC_IntTct_R,,106,8.49056603773585,5,steering_control
720575941459103391,720575941536368370,1,VNC_unassigned_R,,106,0.9433962264150944,5,steering_control
720575941459103391,720575941576941045,14,VNC_IntTct_R,,608,2.302631578947368,4,steering_control
720575941459103391,720575941630933947,3,VNC_IntTct_L,,704,0.4261363636363636,4,steering_control
720575941459103391,720575941630933947,3,VNC_IntTct_R,,704,0.4261363636363636,4,steering_control
720575941459103391,720575941667143601,1,VNC_HTct_R,,222,0.45045045045045046,5,steering_control
720575941459103391,720575941667143601,10,VNC_IntTct_R,,222,4.504504504504505,5,steering_control
720575941459103391,720575941667143601,2,VNC_unassigned_R,,222,0.9009009009009009,5,steering_control
720575941459216287,720575941592919080,11,VNC_T1_ProNm_L,,1029,1.0689990281827018,5,steering_control
720575941459415878,720575941438659551,3,VNC_ANm_R,,322,0.9316770186335404,2,steering_control
720575941459415878,720575941438659551,3,VNC_T3_MetaNm_R,,322,0.9316770186335404,2,steering_control
720575941459415878,720575941545408904,3,VNC_AMNp_R,,95,3.1578947368421053,3,power_control
720575941459415878,720575941545408904,9,VNC_IntTct_R,,95,9.473684210526317,3,power_control
720575941459415878,720575941545408904,5,VNC_LTct_R,,95,5.263157894736842,3,power_control
720575941459415878,720575941545408904,1,VNC_T1_ProNm_R,,95,1.0526315789473684,3,power_control
720575941459415878,720575941545408904,2,VNC_unassigned_R,,95,2.1052631578947367,3,power_control
720575941460757715,720575941495591291,6,VNC_HTct_R,,654,0.9174311926605505,5,steering_control
720575941460757715,720575941495591291,3,VNC_IntTct_R,,654,0.45871559633027525,5,steering_control
720575941460757715,720575941517717420,1,VNC_IntTct_R,,138,0.7246376811594203,5,steering_control
720575941460757715,720575941517717420,2,VNC_NTct_R,,138,1.4492753623188406,5,steering_control
720575941460757715,720575941533864458,3,VNC_HTct_R,,188,1.5957446808510638,5,steering_control
720575941460757715,720575941604997997,4,VNC_HTct_R,,306,1.3071895424836601,5,steering_control
720575941460757715,720575941667143601,1,VNC_HTct_R,,222,0.45045045045045046,5,steering_control
720575941460757715,720575941667143601,2,VNC_IntTct_R,,222,0.9009009009009009,5,steering_control
720575941460902157,720575941401776931,5,VNC_IntTct_L,,935,0.53475935828877,5,steering_control
720575941460902157,720575941414326161,4,VNC_IntTct_L,,343,1.1661807580174928,5,steering_control
720575941460902157,720575941535331338,10,VNC_IntTct_L,,785,1.2738853503184715,5,steering_control
720575941460902157,720575941549386239,5,VNC_IntTct_L,,409,1.2224938875305624,2,steering_control
720575941460902157,720575941553338778,20,VNC_IntTct_L,,2701,0.7404664938911515,5,steering_control
720575941460902157,720575941583208582,3,VNC_IntTct_L,,159,1.8867924528301887,3,power_control
720575941461674436,720575941401776931,5,VNC_T1_ProNm_R,,935,0.53475935828877,5,steering_control
720575941461674436,720575941412443540,8,VNC_IntTct_R,,416,1.9230769230769231,2,steering_control
720575941461674436,720575941488732876,7,VNC_IntTct_R,,456,1.5350877192982455,2,steering_control
720575941461674436,720575941489089255,3,VNC_IntTct_R,,393,0.7633587786259541,5,steering_control
720575941461674436,720575941489089255,3,VNC_WTct_R,,393,0.7633587786259541,5,steering_control
720575941461674436,720575941581637215,3,VNC_IntTct_R,,241,1.2448132780082988,2,steering_control
720575941461674436,720575941583601886,27,VNC_IntTct_R,,2644,1.021180030257186,5,steering_control
720575941461674436,720575941583601886,16,VNC_T2_MesoNm_R,,2644,0.6051437216338881,5,steering_control
720575941461674436,720575941623347099,3,VNC_IntTct_R,,455,0.6593406593406593,2,steering_control
720575941461674436,720575941650775313,3,VNC_IntTct_R,,456,0.6578947368421052,2,steering_control
720575941461875908,720575941405813295,3,VNC_T3_MetaNm_R,,225,1.3333333333333335,5,steering_control
720575941461875908,720575941405813295,2,VNC_WTct_R,,225,0.8888888888888888,5,steering_control
720575941461875908,720575941405813295,1,VNC_unassigned_R,,225,0.4444444444444444,5,steering_control
720575941461875908,720575941504456386,4,VNC_IntTct_L,,264,1.5151515151515151,1,power_control
720575941461875908,720575941570304926,7,VNC_ANm_R,,333,2.1021021021021022,3,power_control
720575941461875908,720575941603916222,4,VNC_ANm_R,,208,1.9230769230769231,1,power_control
720575941461875908,720575941603916222,1,VNC_WTct_R,,208,0.4807692307692308,1,power_control
720575941461875908,720575941655477716,3,VNC_IntTct_L,,243,1.2345679012345678,1,power_control
720575941462261188,720575941564059399,3,VNC_T2_MesoNm_R,,395,0.7594936708860759,5,steering_control
720575941463843597,720575941438659551,7,VNC_T3_MetaNm_L,,322,2.1739130434782608,2,steering_control
720575941463843597,720575941441993167,12,VNC_IntTct_L,,1748,0.6864988558352403,5,steering_control
720575941463843597,720575941441993167,17,VNC_LTct_L,,1748,0.9725400457665904,5,steering_control
720575941463843597,720575941662295352,4,VNC_T3_MetaNm_L,,150,2.666666666666667,2,steering_control
720575941463843597,720575941670676135,25,VNC_IntTct_L,,3073,0.8135372600065083,5,steering_control
720575941463843597,720575941670676135,14,VNC_LTct_L,,3073,0.45558086560364464,5,steering_control
720575941465737814,720575941477297716,4,VNC_NTct_L,,889,0.44994375703037126,5,steering_control
720575941466194454,720575941623972251,11,VNC_LTct_L,,1714,0.6417736289381564,2,steering_control
720575941467350237,720575941410007663,1,VNC_IntTct_L,,186,0.5376344086021506,5,steering_control
720575941467350237,720575941410007663,2,VNC_LTct_L,,186,1.0752688172043012,5,steering_control
720575941467350237,720575941414508948,12,VNC_T1_ProNm_L,,2237,0.5364327223960662,3,power_control
720575941467350237,720575941469724125,9,VNC_T1_ProNm_L,,1594,0.5646173149309912,5,steering_control
720575941467350237,720575941496878498,5,VNC_HTct_L,,171,2.923976608187134,5,steering_control
720575941467350237,720575941515936505,5,VNC_T2_MesoNm_L,,938,0.5330490405117271,3,power_control
720575941467350237,720575941523112439,9,VNC_IntTct_L,,860,1.0465116279069768,5,steering_control
720575941467350237,720575941523112439,4,VNC_NTct_L,,860,0.46511627906976744,5,steering_control
720575941467350237,720575941536368370,4,VNC_LTct_R,,106,3.7735849056603774,5,steering_control
720575941467350237,720575941576941045,6,VNC_IntTct_L,,608,0.9868421052631579,4,steering_control
720575941467350237,720575941576941045,3,VNC_LTct_R,,608,0.4934210526315789,4,steering_control
720575941467350237,720575941594213927,2,VNC_IntTct_L,,104,1.9230769230769231,5,steering_control
720575941467350237,720575941594213927,1,VNC_LTct_L,,104,0.9615384615384616,5,steering_control
720575941467350237,720575941600259369,4,VNC_IntTct_L,,845,0.4733727810650888,3,power_control
720575941467350237,720575941630933947,9,VNC_IntTct_L,,704,1.278409090909091,4,steering_control
720575941467350237,720575941630933947,3,VNC_LTct_L,,704,0.4261363636363636,4,steering_control
720575941467350237,720575941632698555,11,VNC_T2_MesoNm_L,,2639,0.4168245547555892,3,power_control
720575941467559702,720575941526690841,5,VNC_HTct_R,,385,1.2987012987012987,1,power_control
720575941467559702,720575941562134829,8,VNC_HTct_R,,519,1.5414258188824663,1,power_control
720575941467559702,720575941562134829,8,VNC_WTct_R,,519,1.5414258188824663,1,power_control
720575941467559702,720575941668725169,4,VNC_HTct_R,,904,0.4424778761061947,5,steering_control
720575941467587606,720575941477166622,19,VNC_IntTct_L,,1660,1.144578313253012,5,steering_control
720575941468862583,720575941464901398,12,VNC_HTct_R,,833,1.440576230492197,5,steering_control
720575941468862583,720575941464901398,4,VNC_IntTct_R,,833,0.4801920768307323,5,steering_control
720575941468982795,720575941458790726,2,VNC_IntTct_R,,224,0.8928571428571428,4,steering_control
720575941468982795,720575941458790726,1,VNC_LTct_R,,224,0.4464285714285714,4,steering_control
720575941468982795,720575941488475598,3,VNC_LTct_R,,276,1.0869565217391304,4,steering_control
720575941469521216,720575941526718564,1,VNC_ANm_L,,111,0.9009009009009009,5,steering_control
720575941469521216,720575941526718564,2,VNC_unassigned_L,,111,1.8018018018018018,5,steering_control
720575941469521216,720575941609413862,1,VNC_NTct_L,,167,0.5988023952095809,5,steering_control
720575941469521216,720575941609413862,1,VNC_WTct_L,,167,0.5988023952095809,5,steering_control
720575941469521216,720575941609413862,1,VNC_unassigned_L,,167,0.5988023952095809,5,steering_control
720575941469678557,720575941523112439,5,VNC_NTct_L,,860,0.5813953488372093,5,steering_control
720575941469757405,720575941401776931,4,VNC_IntTct_R,,935,0.42780748663101603,5,steering_control
720575941469757405,720575941491289033,8,VNC_IntTct_R,,418,1.9138755980861244,2,steering_control
720575941469757405,720575941564059399,2,VNC_IntTct_R,,395,0.5063291139240507,5,steering_control
720575941469757405,720575941583601886,11,VNC_IntTct_R,,2644,0.41603630862329805,5,steering_control
720575941469775069,720575941401776931,4,VNC_IntTct_R,,935,0.42780748663101603,5,steering_control
720575941469775069,720575941401776931,5,VNC_LTct_R,,935,0.53475935828877,5,steering_control
720575941469775069,720575941401776931,12,VNC_T1_ProNm_R,,935,1.2834224598930482,5,steering_control
720575941469775069,720575941573489416,6,VNC_T2_MesoNm_R,,212,2.8301886792452833,5,steering_control
720575941469775069,720575941575691624,3,VNC_T2_MesoNm_R,,690,0.43478260869565216,4,steering_control
720575941469775069,720575941610587612,5,VNC_T3_MetaNm_R,,315,1.5873015873015872,5,steering_control
720575941469775069,720575941619873663,4,VNC_IntTct_R,,920,0.43478260869565216,2,steering_control
720575941470003677,720575941414508948,66,VNC_IntTct_R,,2237,2.950379973178364,3,power_control
720575941470003677,720575941414508948,31,VNC_T1_ProNm_R,,2237,1.3857845328565042,3,power_control
720575941470003677,720575941464768790,7,VNC_IntTct_R,,723,0.9681881051175657,5,steering_control
720575941470003677,720575941469724125,44,VNC_IntTct_R,,1594,2.7603513174404015,5,steering_control
720575941470003677,720575941469724125,20,VNC_T1_ProNm_R,,1594,1.2547051442910917,5,steering_control
720575941470003677,720575941498482043,9,VNC_IntTct_R,,1024,0.87890625,3,power_control
720575941470003677,720575941498935777,6,VNC_IntTct_R,,1338,0.4484304932735426,5,steering_control
720575941470003677,720575941515936505,9,VNC_IntTct_R,,938,0.9594882729211088,3,power_control
720575941470003677,720575941515936505,19,VNC_LTct_R,,938,2.025586353944563,3,power_control
720575941470003677,720575941515936505,20,VNC_T2_MesoNm_R,,938,2.1321961620469083,3,power_control
720575941470003677,720575941576941045,6,VNC_IntTct_R,,608,0.9868421052631579,4,steering_control
720575941470003677,720575941600259369,4,VNC_LTct_R,,845,0.4733727810650888,3,power_control
720575941470003677,720575941630933947,5,VNC_IntTct_R,,704,0.7102272727272727,4,steering_control
720575941470003677,720575941630933947,3,VNC_LTct_R,,704,0.4261363636363636,4,steering_control
720575941470084317,720575941581641311,13,VNC_HTct_R,,294,4.421768707482993,2,steering_control
720575941470254400,720575941402032240,4,VNC_WTct_L,,324,1.2345679012345678,1,power_control
720575941470254400,720575941402032240,4,VNC_WTct_R,,324,1.2345679012345678,1,power_control
720575941470254400,720575941407795118,2,VNC_WTct_L,,215,0.9302325581395349,1,power_control
720575941470254400,720575941407795118,5,VNC_unassigned_L,,215,2.3255813953488373,1,power_control
720575941470254400,720575941435993888,3,VNC_WTct_R,,75,4.0,3,power_control
720575941470254400,720575941460235152,2,VNC_WTct_L,,453,0.44150110375275936,1,power_control
720575941470254400,720575941460235152,2,VNC_WTct_R,,453,0.44150110375275936,1,power_control
720575941470254400,720575941515619939,3,VNC_WTct_L,,346,0.8670520231213872,1,power_control
720575941470254400,720575941516099500,5,VNC_WTct_L,,769,0.6501950585175552,1,power_control
720575941470254400,720575941516099500,5,VNC_unassigned_L,,769,0.6501950585175552,1,power_control
720575941470254400,720575941518434227,3,VNC_WTct_R,,748,0.4010695187165776,1,power_control
720575941470254400,720575941519213016,6,VNC_WTct_L,,1301,0.4611837048424289,1,power_control
720575941470254400,720575941543397737,4,VNC_WTct_L,,231,1.7316017316017316,1,power_control
720575941470254400,720575941544636596,2,VNC_HTct_L,,69,2.898550724637681,5,steering_control
720575941470254400,720575941544636596,3,VNC_WTct_L,,69,4.3478260869565215,5,steering_control
720575941470254400,720575941551389979,3,VNC_NTct_L,,188,1.5957446808510638,1,power_control
720575941470254400,720575941551389979,2,VNC_WTct_R,,188,1.0638297872340425,1,power_control
720575941470254400,720575941551598746,1,VNC_IntTct_L,,184,0.5434782608695652,1,power_control
720575941470254400,720575941551598746,1,VNC_NTct_L,,184,0.5434782608695652,1,power_control
720575941470254400,720575941551598746,2,VNC_WTct_L,,184,1.0869565217391304,1,power_control
720575941470254400,720575941554049307,10,VNC_WTct_L,,637,1.5698587127158554,1,power_control
720575941470254400,720575941580641913,1,VNC_WTct_L,,151,0.6622516556291391,1,power_control
720575941470254400,720575941580641913,2,VNC_unassigned_L,,151,1.3245033112582782,1,power_control
720575941470254400,720575941594160421,5,VNC_WTct_R,,733,0.6821282401091405,1,power_control
720575941470254400,720575941603916222,3,VNC_unassigned_R,,208,1.4423076923076923,1,power_control
720575941470254400,720575941610618982,5,VNC_WTct_L,,383,1.3054830287206265,1,power_control
720575941470254400,720575941618008447,4,VNC_WTct_L,,188,2.127659574468085,1,power_control
720575941470254400,720575941618008447,1,VNC_unassigned_R,,188,0.5319148936170213,1,power_control
720575941470254400,720575941652536593,3,VNC_WTct_R,,128,2.34375,1,power_control
720575941470254400,720575941652536593,2,VNC_unassigned_R,,128,1.5625,1,power_control
720575941470575479,720575941667164081,3,VNC_HTct_L,,276,1.0869565217391304,2,steering_control
720575941470584695,720575941457797360,7,VNC_HTct_L,,1043,0.6711409395973155,5,steering_control
720575941470584695,720575941513242202,3,VNC_HTct_L,,218,1.3761467889908259,2,steering_control
720575941470584695,720575941513242202,4,VNC_IntTct_L,,218,1.834862385321101,2,steering_control
720575941470584695,720575941518334643,13,VNC_HTct_L,,296,4.391891891891892,2,steering_control
720575941470584695,720575941518334643,5,VNC_IntTct_L,,296,1.6891891891891893,2,steering_control
720575941470584695,720575941547177076,3,VNC_IntTct_L,,280,1.0714285714285714,2,steering_control
720575941470584695,720575941592094422,2,VNC_HTct_L,,250,0.8,2,steering_control
720575941470584695,720575941592094422,5,VNC_IntTct_L,,250,2.0,2,steering_control
720575941470584695,720575941626975782,3,VNC_IntTct_L,,159,1.8867924528301887,2,steering_control
720575941470933824,720575941474935105,3,VNC_LTct_L,,403,0.7444168734491315,5,steering_control
720575941470933824,720575941496047433,5,VNC_AMNp_L,,378,1.3227513227513228,5,steering_control
720575941470933824,720575941516784494,2,VNC_LTct_L,,469,0.42643923240938164,5,steering_control
720575941470933824,720575941516784494,3,VNC_LTct_R,,469,0.6396588486140725,5,steering_control
720575941470933824,720575941583646430,3,VNC_LTct_R,,386,0.7772020725388601,5,steering_control
720575941470933824,720575941636281205,3,VNC_LTct_L,,673,0.44576523031203563,5,steering_control
720575941470933824,720575941636281205,6,VNC_LTct_R,,673,0.8915304606240713,5,steering_control
720575941471127104,720575941496915618,3,VNC_HTct_R,,236,1.2711864406779663,5,steering_control
720575941471127104,720575941501884610,5,VNC_HTct_R,,139,3.597122302158273,2,steering_control
720575941471127104,720575941501884610,3,VNC_IntTct_R,,139,2.158273381294964,2,steering_control
720575941471127104,720575941553313434,6,VNC_HTct_R,,167,3.592814371257485,2,steering_control
720575941471127104,720575941553506020,1,VNC_HTct_R,,119,0.8403361344537815,2,steering_control
720575941471127104,720575941553506020,6,VNC_IntTct_R,,119,5.042016806722689,2,steering_control
720575941471127104,720575941564553223,8,VNC_IntTct_R,,172,4.651162790697675,2,steering_control
720575941471127104,720575941617069695,2,VNC_HTct_R,,196,1.0204081632653061,2,steering_control
720575941471127104,720575941617069695,2,VNC_IntTct_R,,196,1.0204081632653061,2,steering_control
720575941471238263,720575941408509867,20,VNC_IntTct_L,,434,4.6082949308755765,1,power_control
720575941471238263,720575941408509867,4,VNC_T2_MesoNm_L,,434,0.9216589861751152,1,power_control
720575941471238263,720575941408509867,2,VNC_WTct_L,,434,0.4608294930875576,1,power_control
720575941471238263,720575941447013813,15,VNC_HTct_L,,962,1.5592515592515594,5,steering_control
720575941471238263,720575941473850720,50,VNC_IntTct_L,,1212,4.125412541254125,5,steering_control
720575941471238263,720575941473850720,6,VNC_NTct_L,,1212,0.49504950495049505,5,steering_control
720575941471238263,720575941477166622,8,VNC_IntTct_L,,1660,0.48192771084337355,5,steering_control
720575941471238263,720575941481061629,3,VNC_IntTct_L,,98,3.061224489795918,5,steering_control
720575941471238263,720575941483838349,4,VNC_HTct_L,,256,1.5625,2,steering_control
720575941471238263,720575941485775110,2,VNC_NTct_L,,283,0.7067137809187279,5,steering_control
720575941471238263,720575941485775110,2,VNC_WTct_L,,283,0.7067137809187279,5,steering_control
720575941471238263,720575941517770412,6,VNC_IntTct_L,,413,1.4527845036319613,1,power_control
720575941471238263,720575941517770412,4,VNC_NTct_L,,413,0.9685230024213075,1,power_control
720575941471238263,720575941526690841,7,VNC_IntTct_L,,385,1.8181818181818181,1,power_control
720575941471238263,720575941526690841,3,VNC_NTct_L,,385,0.7792207792207793,1,power_control
720575941471238263,720575941526690841,5,VNC_WTct_L,,385,1.2987012987012987,1,power_control
720575941471238263,720575941526718564,1,VNC_ANm_L,,111,0.9009009009009009,5,steering_control
720575941471238263,720575941526718564,3,VNC_HTct_L,,111,2.7027027027027026,5,steering_control
720575941471238263,720575941526718564,4,VNC_IntTct_L,,111,3.6036036036036037,5,steering_control
720575941471238263,720575941535331338,5,VNC_IntTct_L,,785,0.6369426751592357,5,steering_control
720575941471238263,720575941612053094,16,VNC_HTct_L,,914,1.75054704595186,5,steering_control
720575941471238263,720575941623347099,3,VNC_IntTct_L,,455,0.6593406593406593,2,steering_control
720575941471238263,720575941650775313,4,VNC_IntTct_L,,456,0.8771929824561403,2,steering_control
720575941471627639,720575941474704948,2,VNC_HTct_R,,186,1.0752688172043012,5,steering_control
720575941471627639,720575941474704948,1,VNC_NTct_L,,186,0.5376344086021506,5,steering_control
720575941471627639,720575941474704948,1,VNC_WTct_R,,186,0.5376344086021506,5,steering_control
720575941471627639,720575941498948425,5,VNC_NTct_R,,526,0.9505703422053232,3,power_control
720575941471805963,720575941518334643,3,VNC_HTct_L,,296,1.0135135135135136,2,steering_control
720575941471805963,720575941583511518,6,VNC_IntTct_L,,537,1.1173184357541899,2,steering_control
720575941471805963,720575941588018942,3,VNC_IntTct_L,,333,0.9009009009009009,5,steering_control
720575941471805963,720575941608861929,2,VNC_HTct_L,,441,0.45351473922902497,2,steering_control
720575941471808375,720575941412443540,6,VNC_HTct_R,,416,1.4423076923076923,2,steering_control
720575941471808375,720575941412443540,11,VNC_IntTct_L,,416,2.644230769230769,2,steering_control
720575941471808375,720575941412443540,11,VNC_IntTct_R,,416,2.644230769230769,2,steering_control
720575941471808375,720575941412443540,3,VNC_WTct_L,,416,0.7211538461538461,2,steering_control
720575941471808375,720575941412443540,7,VNC_WTct_R,,416,1.6826923076923077,2,steering_control
720575941471808375,720575941457073478,3,VNC_IntTct_R,,367,0.8174386920980926,2,steering_control
720575941471808375,720575941457073478,2,VNC_WTct_R,,367,0.544959128065395,2,steering_control
720575941471808375,720575941459554960,3,VNC_IntTct_R,,439,0.683371298405467,2,steering_control
720575941471808375,720575941473850720,5,VNC_HTct_L,,1212,0.4125412541254125,5,steering_control
720575941471808375,720575941473850720,13,VNC_IntTct_L,,1212,1.0726072607260726,5,steering_control
720575941471808375,720575941490785712,3,VNC_WTct_L,,234,1.282051282051282,5,steering_control
720575941471808375,720575941532246762,24,VNC_IntTct_R,,1209,1.9851116625310175,5,steering_control
720575941471808375,720575941532246762,5,VNC_NTct_R,,1209,0.41356492969396197,5,steering_control
720575941471808375,720575941540246909,1,VNC_ANm_R,,232,0.43103448275862066,2,steering_control
720575941471808375,720575941540246909,1,VNC_HTct_R,,232,0.43103448275862066,2,steering_control
720575941471808375,720575941540246909,1,VNC_unassigned_R,,232,0.43103448275862066,2,steering_control
720575941471808375,720575941549386239,3,VNC_HTct_L,,409,0.7334963325183375,2,steering_control
720575941471808375,720575941549386239,4,VNC_IntTct_L,,409,0.9779951100244498,2,steering_control
720575941471808375,720575941549386239,2,VNC_WTct_L,,409,0.4889975550122249,2,steering_control
720575941471808375,720575941550971783,3,VNC_IntTct_R,,157,1.910828025477707,5,steering_control
720575941471808375,720575941550971783,1,VNC_WTct_R,,157,0.6369426751592357,5,steering_control
720575941471808375,720575941553338778,23,VNC_HTct_L,,2701,0.8515364679748241,5,steering_control
720575941471808375,720575941553338778,37,VNC_IntTct_L,,2701,1.36986301369863,5,steering_control
720575941471808375,720575941553338778,21,VNC_WTct_L,,2701,0.777489818585709,5,steering_control
720575941471808375,720575941565459095,4,VNC_HTct_R,,196,2.0408163265306123,5,steering_control
720575941471808375,720575941570817352,3,VNC_WTct_L,,403,0.7444168734491315,2,steering_control
720575941471808375,720575941583254918,7,VNC_HTct_R,,331,2.1148036253776437,2,steering_control
720575941471808375,720575941583254918,15,VNC_IntTct_R,,331,4.531722054380665,2,steering_control
720575941471808375,720575941583254918,4,VNC_WTct_R,,331,1.2084592145015105,2,steering_control
720575941471808375,720575941583254918,2,VNC_unassigned_R,,331,0.6042296072507553,2,steering_control
720575941471808375,720575941583601886,29,VNC_HTct_R,,2644,1.0968229954614221,5,steering_control
720575941471808375,720575941583601886,83,VNC_IntTct_R,,2644,3.1391830559757943,5,steering_control
720575941471808375,720575941583601886,16,VNC_WTct_R,,2644,0.6051437216338881,5,steering_control
720575941471808375,720575941607605101,6,VNC_IntTct_R,,1411,0.42523033309709424,5,steering_control
720575941471808375,720575941619873663,4,VNC_HTct_R,,920,0.43478260869565216,2,steering_control
720575941471808375,720575941623347099,4,VNC_IntTct_L,,455,0.8791208791208791,2,steering_control
720575941471808375,720575941623347099,13,VNC_IntTct_R,,455,2.857142857142857,2,steering_control
720575941471808375,720575941623347099,2,VNC_LTct_R,,455,0.43956043956043955,2,steering_control
720575941471808375,720575941623347099,6,VNC_WTct_R,,455,1.3186813186813187,2,steering_control
720575941471808375,720575941630748859,10,VNC_HTct_L,,1573,0.6357279084551812,2,steering_control
720575941471808375,720575941650775313,4,VNC_IntTct_L,,456,0.8771929824561403,2,steering_control
720575941471808375,720575941650775313,9,VNC_IntTct_R,,456,1.9736842105263157,2,steering_control
720575941471808375,720575941650775313,8,VNC_WTct_L,,456,1.7543859649122806,2,steering_control
720575941471808375,720575941650775313,3,VNC_WTct_R,,456,0.6578947368421052,2,steering_control
720575941471808375,720575941652038421,3,VNC_HTct_R,,142,2.112676056338028,4,steering_control
720575941471808375,720575941652038421,1,VNC_unassigned_R,,142,0.7042253521126761,4,steering_control
720575941471808375,720575941653507801,8,VNC_HTct_L,,367,2.17983651226158,5,steering_control
720575941471808375,720575941663099516,4,VNC_IntTct_L,,343,1.1661807580174928,5,steering_control
720575941471955264,720575941449065565,3,VNC_WTct_L,,171,1.7543859649122806,5,steering_control
720575941471955264,720575941459554960,4,VNC_HTct_L,,439,0.9111617312072893,2,steering_control
720575941471955264,720575941472042282,1,VNC_IntTct_R,,143,0.6993006993006993,1,power_control
720575941471955264,720575941472042282,3,VNC_NTct_R,,143,2.097902097902098,1,power_control
720575941471955264,720575941472042282,1,VNC_WTct_R,,143,0.6993006993006993,1,power_control
720575941471955264,720575941473850720,7,VNC_IntTct_L,,1212,0.5775577557755776,5,steering_control
720575941471955264,720575941478092963,4,VNC_HTct_R,,466,0.8583690987124464,5,steering_control
720575941471955264,720575941492354174,1,VNC_HTct_L,,140,0.7142857142857143,5,steering_control
720575941471955264,720575941492354174,3,VNC_WTct_R,,140,2.142857142857143,5,steering_control
720575941471955264,720575941520333047,5,VNC_HTct_L,,936,0.5341880341880342,5,steering_control
720575941471955264,720575941528944568,12,VNC_HTct_R,,2084,0.5758157389635317,4,steering_control
720575941471955264,720575941536371442,3,VNC_HTct_L,,453,0.6622516556291391,4,steering_control
720575941471955264,720575941549386239,2,VNC_HTct_L,,409,0.4889975550122249,2,steering_control
720575941471955264,720575941565459095,1,VNC_HTct_L,,196,0.5102040816326531,5,steering_control
720575941471955264,720575941565459095,7,VNC_HTct_R,,196,3.571428571428571,5,steering_control
720575941471955264,720575941565459095,2,VNC_WTct_R,,196,1.0204081632653061,5,steering_control
720575941471955264,720575941572251144,15,VNC_HTct_L,,3255,0.4608294930875576,2,steering_control
720575941471955264,720575941574155003,5,VNC_HTct_R,,510,0.9803921568627451,3,power_control
720575941471955264,720575941583208582,3,VNC_HTct_L,,159,1.8867924528301887,3,power_control
720575941471955264,720575941601088441,11,VNC_HTct_L,,891,1.2345679012345678,5,steering_control
720575941471955264,720575941601153270,4,VNC_HTct_R,,661,0.6051437216338881,5,steering_control
720575941471955264,720575941607605101,6,VNC_IntTct_R,,1411,0.42523033309709424,5,steering_control
720575941471955264,720575941607605101,8,VNC_NTct_R,,1411,0.5669737774627923,5,steering_control
720575941471955264,720575941609001034,4,VNC_IntTct_R,,563,0.7104795737122558,5,steering_control
720575941471955264,720575941611080010,13,VNC_HTct_L,,2397,0.5423445974134334,4,steering_control
720575941471955264,720575941623108298,11,VNC_WTct_R,,2454,0.44824775876120615,5,steering_control
720575941471955264,720575941663099516,3,VNC_HTct_L,,343,0.8746355685131195,5,steering_control
720575941471955264,720575941663099516,3,VNC_HTct_R,,343,0.8746355685131195,5,steering_control
720575941471955264,720575941663099516,4,VNC_WTct_R,,343,1.1661807580174928,5,steering_control
720575941471955264,720575941684876527,3,VNC_HTct_L,,218,1.3761467889908259,5,steering_control
720575941471955264,720575941684876527,3,VNC_HTct_R,,218,1.3761467889908259,5,steering_control
720575941472005952,720575941414456212,5,VNC_AMNp_L,,675,0.7407407407407408,5,steering_control
720575941472005952,720575941438659551,3,VNC_T3_MetaNm_L,,322,0.9316770186335404,2,steering_control
720575941472005952,720575941560427379,6,VNC_ANm_L,,412,1.4563106796116505,5,steering_control
720575941472005952,720575941560427379,2,VNC_T3_MetaNm_L,,412,0.48543689320388345,5,steering_control
720575941472044352,720575941465484566,23,VNC_HTct_L,,2567,0.8959875340864824,2,steering_control
720575941472044352,720575941490785712,2,VNC_IntTct_L,,234,0.8547008547008548,5,steering_control
720575941472044352,720575941490785712,2,VNC_NTct_L,,234,0.8547008547008548,5,steering_control
720575941472044352,720575941490785712,1,VNC_WTct_L,,234,0.4273504273504274,5,steering_control
720575941472044352,720575941515619939,3,VNC_NTct_L,,346,0.8670520231213872,1,power_control
720575941472044352,720575941549290495,6,VNC_HTct_L,,115,5.217391304347826,3,power_control
720575941472044352,720575941557507443,3,VNC_HTct_L,,218,1.3761467889908259,4,steering_control
720575941472044352,720575941561320493,6,VNC_HTct_L,,342,1.7543859649122806,4,steering_control
720575941472044352,720575941595972465,2,VNC_HTct_L,,139,1.4388489208633095,4,steering_control
720575941472044352,720575941595972465,2,VNC_WTct_L,,139,1.4388489208633095,4,steering_control
720575941472044352,720575941630748859,18,VNC_HTct_L,,1573,1.1443102352193262,2,steering_control
720575941472044352,720575941649244437,8,VNC_HTct_L,,802,0.997506234413965,5,steering_control
720575941472044352,720575941663099516,3,VNC_HTct_L,,343,0.8746355685131195,5,steering_control
720575941472044352,720575941668725169,5,VNC_HTct_L,,904,0.5530973451327433,5,steering_control
720575941472160011,720575941399253283,14,VNC_HTct_R,,418,3.349282296650718,2,steering_control
720575941472160011,720575941399253283,18,VNC_IntTct_R,,418,4.30622009569378,2,steering_control
720575941472160011,720575941413872924,3,VNC_HTct_R,,185,1.6216216216216217,5,steering_control
720575941472160011,720575941413872924,1,VNC_WTct_R,,185,0.5405405405405406,5,steering_control
720575941472160011,720575941436996882,7,VNC_IntTct_R,,766,0.9138381201044387,5,steering_control
720575941472160011,720575941436996882,5,VNC_WTct_R,,766,0.6527415143603132,5,steering_control
720575941472160011,720575941456348575,6,VNC_HTct_R,,1369,0.4382761139517896,5,steering_control
720575941472160011,720575941456348575,34,VNC_IntTct_R,,1369,2.483564645726808,5,steering_control
720575941472160011,720575941458334163,9,VNC_HTct_R,,1380,0.6521739130434783,2,steering_control
720575941472160011,720575941492308606,10,VNC_IntTct_R,,529,1.890359168241966,2,steering_control
720575941472160011,720575941494969726,3,VNC_WTct_R,,505,0.594059405940594,5,steering_control
720575941472160011,720575941503451301,10,VNC_HTct_R,,2065,0.48426150121065376,2,steering_control
720575941472160011,720575941516768472,7,VNC_IntTct_R,,290,2.413793103448276,5,steering_control
720575941472160011,720575941532385624,7,VNC_HTct_R,,460,1.5217391304347827,2,steering_control
720575941472160011,720575941532385624,8,VNC_IntTct_R,,460,1.7391304347826086,2,steering_control
720575941472160011,720575941533761050,2,VNC_HTct_R,,420,0.4761904761904762,2,steering_control
720575941472160011,720575941533761050,14,VNC_IntTct_R,,420,3.3333333333333335,2,steering_control
720575941472160011,720575941533761050,2,VNC_NTct_R,,420,0.4761904761904762,2,steering_control
720575941472160011,720575941533761050,4,VNC_WTct_R,,420,0.9523809523809524,2,steering_control
720575941472160011,720575941551588506,5,VNC_WTct_R,,261,1.9157088122605364,5,steering_control
720575941472160011,720575941557294095,12,VNC_IntTct_R,,479,2.5052192066805845,2,steering_control
720575941472160011,720575941557612915,23,VNC_HTct_R,,4206,0.5468378506894912,2,steering_control
720575941472160011,720575941566956532,2,VNC_HTct_R,,460,0.43478260869565216,2,steering_control
720575941472160011,720575941566956532,20,VNC_IntTct_R,,460,4.3478260869565215,2,steering_control
720575941472160011,720575941593615211,12,VNC_HTct_R,,797,1.5056461731493098,5,steering_control
720575941472160011,720575941593615211,76,VNC_IntTct_R,,797,9.535759096612297,5,steering_control
720575941472160011,720575941604997997,2,VNC_HTct_R,,306,0.6535947712418301,5,steering_control
720575941472160011,720575941608991050,21,VNC_HTct_R,,3212,0.6537982565379826,2,steering_control
720575941472160011,720575941608991050,31,VNC_IntTct_R,,3212,0.9651307596513077,2,steering_control
720575941472160011,720575941630959035,5,VNC_IntTct_R,,391,1.278772378516624,5,steering_control
720575941472160011,720575941667143601,2,VNC_HTct_R,,222,0.9009009009009009,5,steering_control
720575941472160011,720575941667143601,7,VNC_IntTct_R,,222,3.153153153153153,5,steering_control
720575941472178752,720575941474571572,7,VNC_T3_MetaNm_R,,434,1.6129032258064515,5,steering_control
720575941472178752,720575941623067338,18,VNC_LTct_R,,507,3.5502958579881656,5,steering_control
720575941473793322,720575941512896099,7,VNC_WTct_R,,1417,0.4940014114326041,1,power_control
720575941473793322,720575941521986227,2,VNC_NTct_L,,306,0.6535947712418301,5,steering_control
720575941473793322,720575941521986227,7,VNC_unassigned_R,,306,2.287581699346405,5,steering_control
720575941473793322,720575941526690841,2,VNC_NTct_L,,385,0.5194805194805194,1,power_control
720575941473793322,720575941554049307,3,VNC_NTct_R,,637,0.47095761381475665,1,power_control
720575941473793322,720575941554049307,9,VNC_WTct_R,,637,1.4128728414442702,1,power_control
720575941473793322,720575941564147346,2,VNC_NTct_L,,117,1.7094017094017095,1,power_control
720575941473793322,720575941564147346,1,VNC_WTct_L,,117,0.8547008547008548,1,power_control
720575941473793322,720575941564147346,4,VNC_WTct_R,,117,3.418803418803419,1,power_control
720575941473793322,720575941564147346,1,VNC_unassigned_R,,117,0.8547008547008548,1,power_control
720575941473793322,720575941594160421,3,VNC_WTct_R,,733,0.4092769440654843,1,power_control
720575941473793322,720575941594160421,4,VNC_unassigned_R,,733,0.5457025920873124,1,power_control
720575941473793322,720575941595757724,1,VNC_HTct_R,,120,0.8333333333333334,3,power_control
720575941473793322,720575941595757724,1,VNC_NTct_R,,120,0.8333333333333334,3,power_control
720575941473793322,720575941595757724,1,VNC_WTct_R,,120,0.8333333333333334,3,power_control
720575941473793322,720575941669049587,4,VNC_IntTct_R,,293,1.3651877133105803,1,power_control
720575941474063968,720575941457802480,11,VNC_IntTct_L,,1611,0.6828057107386716,5,steering_control
720575941474063968,720575941457802480,62,VNC_LTct_L,,1611,3.8485412787088764,5,steering_control
720575941474063968,720575941474571572,15,VNC_T3_MetaNm_L,,434,3.4562211981566824,5,steering_control
720575941474063968,720575941501842626,3,VNC_ANm_L,,350,0.8571428571428572,5,steering_control
720575941474063968,720575941512798929,4,VNC_T3_MetaNm_L,,269,1.486988847583643,5,steering_control
720575941474063968,720575941512987129,4,VNC_IntTct_L,,865,0.46242774566473993,5,steering_control
720575941474063968,720575941516784494,3,VNC_LTct_L,,469,0.6396588486140725,5,steering_control
720575941474063968,720575941521031927,4,VNC_IntTct_L,,329,1.21580547112462,5,steering_control
720575941474063968,720575941521031927,14,VNC_LTct_L,,329,4.25531914893617,5,steering_control
720575941474063968,720575941521236915,19,VNC_T3_MetaNm_L,,400,4.75,5,steering_control
720575941474063968,720575941522089463,8,VNC_IntTct_L,,877,0.9122006841505131,5,steering_control
720575941474063968,720575941522089463,6,VNC_LTct_L,,877,0.6841505131128849,5,steering_control
720575941474063968,720575941523100491,9,VNC_IntTct_L,,860,1.0465116279069768,5,steering_control
720575941474063968,720575941523100491,7,VNC_LTct_L,,860,0.813953488372093,5,steering_control
720575941474063968,720575941594821334,4,VNC_IntTct_L,,613,0.6525285481239804,5,steering_control
720575941474063968,720575941595021681,4,VNC_IntTct_L,,506,0.7905138339920948,5,steering_control
720575941474063968,720575941612027238,3,VNC_IntTct_L,,159,1.8867924528301887,5,steering_control
720575941474063968,720575941636281205,15,VNC_LTct_L,,673,2.2288261515601784,5,steering_control
720575941474063968,720575941655477716,3,VNC_LTct_L,,243,1.2345679012345678,1,power_control
720575941474126944,720575941496949410,2,VNC_IntTct_R,,199,1.0050251256281406,5,steering_control
720575941474126944,720575941496949410,4,VNC_T2_MesoNm_R,,199,2.0100502512562812,5,steering_control
720575941474126944,720575941496949410,1,VNC_WTct_R,,199,0.5025125628140703,5,steering_control
720575941474665514,720575941569652638,2,VNC_IntTct_L,,354,0.5649717514124294,4,steering_control
720575941474665514,720575941569652638,5,VNC_LTct_L,,354,1.4124293785310735,4,steering_control
720575941474677825,720575941400818723,9,VNC_NTct_L,,1482,0.6072874493927125,5,steering_control
720575941474677825,720575941400818723,10,VNC_unassigned_L,,1482,0.6747638326585695,5,steering_control
720575941475448123,720575941401776931,4,VNC_LTct_L,,935,0.42780748663101603,5,steering_control
720575941475448123,720575941459912262,3,VNC_IntTct_R,,663,0.4524886877828055,5,steering_control
720575941475448123,720575941486968326,4,VNC_LTct_L,,542,0.7380073800738007,5,steering_control
720575941475448123,720575941486968326,5,VNC_LTct_R,,542,0.9225092250922509,5,steering_control
720575941475456827,720575941579017337,3,VNC_IntTct_R,,210,1.4285714285714286,4,steering_control
720575941476214833,720575941433406752,3,VNC_AMNp_L,,499,0.6012024048096193,2,steering_control
720575941476214833,720575941449258106,6,VNC_IntTct_L,,1056,0.5681818181818182,5,steering_control
720575941476214833,720575941512798929,3,VNC_HTct_L,,269,1.1152416356877324,5,steering_control
720575941476214833,720575941512798929,5,VNC_T3_MetaNm_L,,269,1.858736059479554,5,steering_control
720575941476214833,720575941521236915,3,VNC_T2_MesoNm_L,,400,0.75,5,steering_control
720575941476214833,720575941611914669,9,VNC_LTct_L,,1305,0.6896551724137931,5,steering_control
720575941476250164,720575941410007663,3,VNC_HTct_L,,186,1.6129032258064515,5,steering_control
720575941476250164,720575941429324641,8,VNC_HTct_L,,37,21.62162162162162,5,steering_control
720575941476250164,720575941439017423,21,VNC_HTct_L,,1089,1.9283746556473829,5,steering_control
720575941476250164,720575941439063503,5,VNC_HTct_L,,346,1.4450867052023122,5,steering_control
720575941476250164,720575941477297716,13,VNC_NTct_L,,889,1.4623172103487065,5,steering_control
720575941476250164,720575941525725954,9,VNC_NTct_L,,667,1.3493253373313343,5,steering_control
720575941476250164,720575941525725954,4,VNC_WTct_L,,667,0.5997001499250375,5,steering_control
720575941476250164,720575941594213927,7,VNC_HTct_L,,104,6.730769230769231,5,steering_control
720575941476398897,720575941473850720,5,VNC_IntTct_L,,1212,0.4125412541254125,5,steering_control
720575941476398897,720575941478092963,2,VNC_HTct_L,,466,0.4291845493562232,5,steering_control
720575941476398897,720575941523112439,5,VNC_NTct_L,,860,0.5813953488372093,5,steering_control
720575941476477492,720575941412323473,2,VNC_HTct_L,,466,0.4291845493562232,2,steering_control
720575941476477492,720575941447013813,46,VNC_HTct_L,,962,4.781704781704782,5,steering_control
720575941476477492,720575941447013813,5,VNC_WTct_L,,962,0.5197505197505198,5,steering_control
720575941476477492,720575941459514512,6,VNC_HTct_L,,755,0.7947019867549668,5,steering_control
720575941476477492,720575941464073558,20,VNC_IntTct_L,,785,2.547770700636943,5,steering_control
720575941476477492,720575941465484566,20,VNC_HTct_L,,2567,0.7791195948578107,2,steering_control
720575941476477492,720575941472042282,1,VNC_IntTct_L,,143,0.6993006993006993,1,power_control
720575941476477492,720575941472042282,4,VNC_NTct_L,,143,2.797202797202797,1,power_control
720575941476477492,720575941473850720,15,VNC_HTct_L,,1212,1.2376237623762376,5,steering_control
720575941476477492,720575941473850720,29,VNC_IntTct_L,,1212,2.392739273927393,5,steering_control
720575941476477492,720575941473850720,8,VNC_NTct_L,,1212,0.6600660066006601,5,steering_control
720575941476477492,720575941477166622,8,VNC_HTct_L,,1660,0.48192771084337355,5,steering_control
720575941476477492,720575941477166622,23,VNC_IntTct_L,,1660,1.3855421686746987,5,steering_control
720575941476477492,720575941490785712,1,VNC_IntTct_L,,234,0.4273504273504274,5,steering_control
720575941476477492,720575941490785712,2,VNC_WTct_L,,234,0.8547008547008548,5,steering_control
720575941476477492,720575941517764824,9,VNC_HTct_L,,625,1.44,5,steering_control
720575941476477492,720575941520333047,6,VNC_HTct_L,,936,0.641025641025641,5,steering_control
720575941476477492,720575941537600973,11,VNC_HTct_L,,420,2.619047619047619,5,steering_control
720575941476477492,720575941537600973,5,VNC_IntTct_L,,420,1.1904761904761905,5,steering_control
720575941476477492,720575941549386239,3,VNC_IntTct_L,,409,0.7334963325183375,2,steering_control
720575941476477492,720575941560632744,2,VNC_HTct_L,,138,1.4492753623188406,5,steering_control
720575941476477492,720575941560632744,2,VNC_IntTct_L,,138,1.4492753623188406,5,steering_control
720575941476477492,720575941560632744,1,VNC_WTct_L,,138,0.7246376811594203,5,steering_control
720575941476477492,720575941572251144,20,VNC_HTct_L,,3255,0.6144393241167435,2,steering_control
720575941476477492,720575941572251144,19,VNC_IntTct_L,,3255,0.5837173579109063,2,steering_control
720575941476477492,720575941601088441,9,VNC_HTct_L,,891,1.0101010101010102,5,steering_control
720575941476477492,720575941611080010,10,VNC_HTct_L,,2397,0.4171881518564873,4,steering_control
720575941476477492,720575941612053094,19,VNC_HTct_L,,914,2.0787746170678334,5,steering_control
720575941476477492,720575941650775313,3,VNC_IntTct_L,,456,0.6578947368421052,2,steering_control
720575941476632385,720575941503451301,9,VNC_IntTct_R,,2065,0.4358353510895884,2,steering_control
720575941476632385,720575941521986227,2,VNC_NTct_R,,306,0.6535947712418301,5,steering_control
720575941476632385,720575941625932682,5,VNC_IntTct_R,,274,1.824817518248175,5,steering_control
720575941476632385,720575941649244437,4,VNC_IntTct_R,,802,0.4987531172069825,5,steering_control
720575941476981569,720575941552622398,1,VNC_HTct_L,,210,0.4761904761904762,5,steering_control
720575941476981569,720575941552622398,3,VNC_IntTct_L,,210,1.4285714285714286,5,steering_control
720575941476981569,720575941552622398,1,VNC_LTct_L,,210,0.4761904761904762,5,steering_control
720575941476981569,720575941630933947,6,VNC_IntTct_L,,704,0.8522727272727272,4,steering_control
720575941477006388,720575941439063503,2,VNC_HTct_L,,346,0.5780346820809248,5,steering_control
720575941477006388,720575941464073558,4,VNC_IntTct_L,,785,0.5095541401273885,5,steering_control
720575941477006388,720575941537600973,3,VNC_IntTct_L,,420,0.7142857142857143,5,steering_control
720575941477006388,720575941588018942,2,VNC_IntTct_L,,333,0.6006006006006006,5,steering_control
720575941477013825,720575941400818723,9,VNC_IntTct_L,,1482,0.6072874493927125,5,steering_control
720575941477013825,720575941438938175,19,VNC_HTct_L,,1113,1.7070979335130279,5,steering_control
720575941477013825,720575941459514512,4,VNC_HTct_L,,755,0.5298013245033113,5,steering_control
720575941477013825,720575941470474763,1,VNC_HTct_L,,225,0.4444444444444444,5,steering_control
720575941477013825,720575941470474763,2,VNC_WTct_L,,225,0.8888888888888888,5,steering_control
720575941477013825,720575941496878498,1,VNC_HTct_L,,171,0.5847953216374269,5,steering_control
720575941477013825,720575941496878498,2,VNC_IntTct_L,,171,1.1695906432748537,5,steering_control
720575941477013825,720575941517764824,6,VNC_HTct_L,,625,0.96,5,steering_control
720575941477013825,720575941550878087,7,VNC_HTct_L,,1310,0.5343511450381679,4,steering_control
720575941477013825,720575941591748648,5,VNC_HTct_L,,248,2.0161290322580645,5,steering_control
720575941477013825,720575941591748648,1,VNC_NTct_L,,248,0.4032258064516129,5,steering_control
720575941477013825,720575941611080010,31,VNC_HTct_L,,2397,1.2932832707551105,4,steering_control
720575941477013825,720575941612053094,4,VNC_HTct_L,,914,0.437636761487965,5,steering_control
720575941477013825,720575941623347099,3,VNC_IntTct_L,,455,0.6593406593406593,2,steering_control
720575941477013825,720575941650775313,4,VNC_IntTct_L,,456,0.8771929824561403,2,steering_control
720575941477013825,720575941650775313,2,VNC_WTct_L,,456,0.43859649122807015,2,steering_control
720575941477013825,720575941678358973,18,VNC_HTct_L,,1622,1.1097410604192355,4,steering_control
720575941477099313,720575941592919080,24,VNC_T1_ProNm_L,,1029,2.3323615160349855,5,steering_control
720575941477201002,720575941401776931,4,VNC_IntTct_R,,935,0.42780748663101603,5,steering_control
720575941477201002,720575941477884802,5,VNC_HTct_R,,995,0.5025125628140703,5,steering_control
720575941477201002,720575941533864458,3,VNC_IntTct_R,,188,1.5957446808510638,5,steering_control
720575941477201002,720575941555504723,9,VNC_IntTct_R,,985,0.9137055837563453,5,steering_control
720575941477392926,720575941570676552,6,VNC_T1_ProNm_L,,774,0.7751937984496124,5,steering_control
720575941477419828,720575941441993167,7,VNC_T2_MesoNm_L,,1748,0.40045766590389015,5,steering_control
720575941477443358,720575941414508948,9,VNC_IntTct_R,,2237,0.4023245417970496,3,power_control
720575941477443358,720575941414508948,13,VNC_T1_ProNm_R,,2237,0.581135449262405,3,power_control
720575941477443358,720575941431099567,4,VNC_T3_MetaNm_R,,460,0.8695652173913043,5,steering_control
720575941477443358,720575941458790726,1,VNC_LTct_L,,224,0.4464285714285714,4,steering_control
720575941477443358,720575941458790726,5,VNC_LTct_R,,224,2.232142857142857,4,steering_control
720575941477443358,720575941469724125,9,VNC_IntTct_R,,1594,0.5646173149309912,5,steering_control
720575941477443358,720575941488475598,3,VNC_IntTct_R,,276,1.0869565217391304,4,steering_control
720575941477443358,720575941488475598,4,VNC_LTct_R,,276,1.4492753623188406,4,steering_control
720575941477443358,720575941516784494,2,VNC_LTct_R,,469,0.42643923240938164,5,steering_control
720575941477736066,720575941552622398,3,VNC_HTct_L,,210,1.4285714285714286,5,steering_control
720575941477915700,720575941447779092,11,VNC_WTct_L,,523,2.1032504780114722,1,power_control
720575941477915700,720575941447779092,13,VNC_unassigned_L,,523,2.48565965583174,1,power_control
720575941477915700,720575941539218301,3,VNC_WTct_L,,571,0.5253940455341506,3,power_control
720575941477915700,720575941539218301,7,VNC_unassigned_R,,571,1.2259194395796849,3,power_control
720575941477915700,720575941551389979,6,VNC_WTct_L,,188,3.1914893617021276,1,power_control
720575941477915700,720575941551389979,2,VNC_unassigned_L,,188,1.0638297872340425,1,power_control
720575941477915700,720575941551389979,1,VNC_unassigned_R,,188,0.5319148936170213,1,power_control
720575941477915700,720575941562464866,2,VNC_WTct_L,,343,0.5830903790087464,3,power_control
720575941477915700,720575941571427323,6,VNC_WTct_L,,380,1.5789473684210527,3,power_control
720575941477915700,720575941571904669,2,VNC_WTct_L,,75,2.666666666666667,3,power_control
720575941477915700,720575941571904669,1,VNC_unassigned_L,,75,1.3333333333333335,3,power_control
720575941478074592,720575941544636596,4,VNC_WTct_L,,69,5.797101449275362,5,steering_control
720575941478074592,720575941610618982,3,VNC_WTct_L,,383,0.7832898172323759,1,power_control
720575941478195265,720575941464768790,7,VNC_IntTct_R,,723,0.9681881051175657,5,steering_control
720575941478195265,720575941464768790,5,VNC_NTct_R,,723,0.6915629322268326,5,steering_control
720575941478195265,720575941492308606,6,VNC_IntTct_R,,529,1.1342155009451798,2,steering_control
720575941478195265,720575941495591291,8,VNC_IntTct_R,,654,1.2232415902140672,5,steering_control
720575941478195265,720575941512899427,2,VNC_IntTct_R,,193,1.0362694300518136,1,power_control
720575941478195265,720575941512899427,2,VNC_NTct_R,,193,1.0362694300518136,1,power_control
720575941478195265,720575941533761050,11,VNC_IntTct_R,,420,2.619047619047619,2,steering_control
720575941478195265,720575941546491681,19,VNC_IntTct_R,,797,2.3839397741530743,5,steering_control
720575941478195265,720575941553313434,6,VNC_HTct_R,,167,3.592814371257485,2,steering_control
720575941478195265,720575941594515158,7,VNC_HTct_R,,231,3.0303030303030303,5,steering_control
720575941478195265,720575941659696184,15,VNC_IntTct_R,,840,1.7857142857142856,5,steering_control
720575941478429802,720575941449942877,1,VNC_AMNp_L,,108,0.9259259259259258,1,power_control
720575941478429802,720575941449942877,6,VNC_T2_MesoNm_L,,108,5.555555555555555,1,power_control
720575941478429802,720575941555938899,1,VNC_T1_ProNm_R,,39,2.564102564102564,1,power_control
720575941478429802,720575941555938899,3,VNC_T2_MesoNm_R,,39,7.6923076923076925,1,power_control
720575941478429802,720575941565522839,3,VNC_T2_MesoNm_R,,367,0.8174386920980926,5,steering_control
720575941478585450,720575941399309603,5,VNC_IntTct_L,,484,1.0330578512396695,2,steering_control
720575941478585450,720575941410007663,2,VNC_HTct_L,,186,1.0752688172043012,5,steering_control
720575941478585450,720575941410007663,1,VNC_WTct_L,,186,0.5376344086021506,5,steering_control
720575941478585450,720575941412323473,4,VNC_HTct_L,,466,0.8583690987124464,2,steering_control
720575941478585450,720575941412323473,8,VNC_IntTct_L,,466,1.7167381974248928,2,steering_control
720575941478585450,720575941414326161,4,VNC_IntTct_L,,343,1.1661807580174928,5,steering_control
720575941478585450,720575941439063503,3,VNC_HTct_L,,346,0.8670520231213872,5,steering_control
720575941478585450,720575941439063503,3,VNC_IntTct_L,,346,0.8670520231213872,5,steering_control
720575941478585450,720575941450876794,9,VNC_HTct_L,,1106,0.81374321880651,5,steering_control
720575941478585450,720575941450876794,6,VNC_IntTct_L,,1106,0.5424954792043399,5,steering_control
720575941478585450,720575941457147206,20,VNC_HTct_L,,1471,1.3596193065941535,5,steering_control
720575941478585450,720575941457147206,33,VNC_IntTct_L,,1471,2.2433718558803535,5,steering_control
720575941478585450,720575941457147206,13,VNC_NTct_L,,1471,0.8837525492861998,5,steering_control
720575941478585450,720575941464073558,8,VNC_HTct_L,,785,1.019108280254777,5,steering_control
720575941478585450,720575941464073558,7,VNC_IntTct_L,,785,0.89171974522293,5,steering_control
720575941478585450,720575941465484566,31,VNC_HTct_L,,2567,1.2076353720296065,2,steering_control
720575941478585450,720575941465484566,24,VNC_IntTct_L,,2567,0.9349435138293729,2,steering_control
720575941478585450,720575941471203447,15,VNC_HTct_L,,395,3.79746835443038,2,steering_control
720575941478585450,720575941471203447,6,VNC_IntTct_L,,395,1.5189873417721518,2,steering_control
720575941478585450,720575941474786625,11,VNC_HTct_L,,305,3.606557377049181,2,steering_control
720575941478585450,720575941479098819,5,VNC_HTct_L,,334,1.4970059880239521,2,steering_control
720575941478585450,720575941479098819,2,VNC_WTct_L,,334,0.5988023952095809,2,steering_control
720575941478585450,720575941508542674,3,VNC_HTct_L,,521,0.5758157389635317,2,steering_control
720575941478585450,720575941517764824,13,VNC_HTct_L,,625,2.08,5,steering_control
720575941478585450,720575941517764824,5,VNC_IntTct_L,,625,0.8,5,steering_control
720575941478585450,720575941520333047,5,VNC_HTct_L,,936,0.5341880341880342,5,steering_control
720575941478585450,720575941520333047,5,VNC_IntTct_L,,936,0.5341880341880342,5,steering_control
720575941478585450,720575941530853507,5,VNC_HTct_L,,434,1.1520737327188941,2,steering_control
720575941478585450,720575941530853507,5,VNC_IntTct_L,,434,1.1520737327188941,2,steering_control
720575941478585450,720575941535331338,6,VNC_WTct_L,,785,0.7643312101910829,5,steering_control
720575941478585450,720575941536371442,4,VNC_HTct_L,,453,0.8830022075055187,4,steering_control
720575941478585450,720575941536371442,5,VNC_IntTct_L,,453,1.1037527593818985,4,steering_control
720575941478585450,720575941549283839,7,VNC_HTct_L,,303,2.31023102310231,2,steering_control
720575941478585450,720575941549386239,4,VNC_HTct_L,,409,0.9779951100244498,2,steering_control
720575941478585450,720575941562021376,4,VNC_WTct_L,,519,0.7707129094412332,5,steering_control
720575941478585450,720575941572251144,33,VNC_HTct_L,,3255,1.0138248847926268,2,steering_control
720575941478585450,720575941572251144,30,VNC_IntTct_L,,3255,0.9216589861751152,2,steering_control
720575941478585450,720575941579868917,11,VNC_IntTct_L,,1745,0.6303724928366762,5,steering_control
720575941478585450,720575941579868917,9,VNC_NTct_L,,1745,0.5157593123209169,5,steering_control
720575941478585450,720575941588018942,9,VNC_HTct_L,,333,2.7027027027027026,5,steering_control
720575941478585450,720575941601088441,12,VNC_HTct_L,,891,1.3468013468013467,5,steering_control
720575941478585450,720575941610583260,11,VNC_HTct_L,,209,5.263157894736842,2,steering_control
720575941478585450,720575941612053094,5,VNC_HTct_L,,914,0.5470459518599562,5,steering_control
720575941478585450,720575941630748859,11,VNC_HTct_L,,1573,0.6993006993006993,2,steering_control
720575941478585450,720575941723242042,6,VNC_IntTct_L,,791,0.7585335018963337,5,steering_control
720575941478705770,720575941459912262,3,VNC_WTct_L,,663,0.4524886877828055,5,steering_control
720575941480480963,720575941411210667,1,VNC_HTct_R,,175,0.5714285714285714,3,power_control
720575941480480963,720575941411210667,1,VNC_IntTct_R,,175,0.5714285714285714,3,power_control
720575941480480963,720575941411210667,1,VNC_LTct_R,,175,0.5714285714285714,3,power_control
720575941480513154,720575941569652638,3,VNC_LTct_L,,354,0.847457627118644,4,steering_control
720575941480554370,720575941410007663,2,VNC_HTct_L,,186,1.0752688172043012,5,steering_control
720575941480554370,720575941410007663,6,VNC_IntTct_L,,186,3.225806451612903,5,steering_control
720575941480554370,720575941512896099,6,VNC_IntTct_L,,1417,0.4234297812279464,1,power_control
720575941480554370,720575941515936505,9,VNC_IntTct_L,,938,0.9594882729211088,3,power_control
720575941480554370,720575941515936505,6,VNC_LTct_L,,938,0.6396588486140725,3,power_control
720575941480554370,720575941515936505,4,VNC_T2_MesoNm_R,,938,0.42643923240938164,3,power_control
720575941480554370,720575941519213016,8,VNC_IntTct_L,,1301,0.6149116064565718,1,power_control
720575941480554370,720575941519213016,6,VNC_WTct_L,,1301,0.4611837048424289,1,power_control
720575941480554370,720575941523112439,9,VNC_IntTct_L,,860,1.0465116279069768,5,steering_control
720575941480554370,720575941536368370,3,VNC_LTct_R,,106,2.8301886792452833,5,steering_control
720575941480554370,720575941576941045,7,VNC_IntTct_L,,608,1.151315789473684,4,steering_control
720575941480554370,720575941576941045,3,VNC_LTct_L,,608,0.4934210526315789,4,steering_control
720575941480554370,720575941594213927,2,VNC_IntTct_L,,104,1.9230769230769231,5,steering_control
720575941480554370,720575941594213927,1,VNC_LTct_L,,104,0.9615384615384616,5,steering_control
720575941480554370,720575941600259369,4,VNC_IntTct_L,,845,0.4733727810650888,3,power_control
720575941480554370,720575941630933947,12,VNC_IntTct_L,,704,1.7045454545454544,4,steering_control
720575941480554370,720575941630933947,5,VNC_IntTct_R,,704,0.7102272727272727,4,steering_control
720575941480554370,720575941630933947,4,VNC_LTct_L,,704,0.5681818181818182,4,steering_control
720575941480554370,720575941630933947,3,VNC_LTct_R,,704,0.4261363636363636,4,steering_control
720575941480554370,720575941630933947,3,VNC_WTct_L,,704,0.4261363636363636,4,steering_control
720575941480554370,720575941632698555,14,VNC_T2_MesoNm_L,,2639,0.5305039787798408,3,power_control
720575941480704954,720575941684990447,3,VNC_NTct_L,,372,0.8064516129032258,2,steering_control
720575941480704954,720575941684990447,2,VNC_WTct_L,,372,0.5376344086021506,2,steering_control
720575941480759971,720575941521986227,3,VNC_IntTct_L,,306,0.9803921568627451,5,steering_control
720575941480759971,720575941560427379,2,VNC_unassigned_R,,412,0.48543689320388345,5,steering_control
720575941480759971,720575941602987510,3,VNC_unassigned_R,,306,0.9803921568627451,5,steering_control
720575941480759971,720575941603749817,3,VNC_ANm_R,,377,0.7957559681697612,5,steering_control
720575941480759971,720575941688644470,4,VNC_ANm_R,,422,0.9478672985781991,5,steering_control
720575941480784258,720575941414456212,6,VNC_T2_MesoNm_L,,675,0.8888888888888888,5,steering_control
720575941480784258,720575941438659551,6,VNC_T3_MetaNm_L,,322,1.8633540372670807,2,steering_control
720575941480784258,720575941440736207,12,VNC_T2_MesoNm_L,,195,6.153846153846154,4,steering_control
720575941480784258,720575941441993167,22,VNC_AMNp_L,,1748,1.2585812356979404,5,steering_control
720575941480784258,720575941441993167,11,VNC_LTct_L,,1748,0.6292906178489702,5,steering_control
720575941480784258,720575941623972251,11,VNC_AMNp_L,,1714,0.6417736289381564,2,steering_control
720575941480784258,720575941691313115,5,VNC_LTct_L,,1219,0.41017227235438886,3,power_control
720575941480799395,720575941613448668,23,VNC_T2_MesoNm_R,,3300,0.6969696969696969,5,steering_control
720575941480942499,720575941461227152,1,VNC_NTct_L,,109,0.9174311926605505,5,steering_control
720575941480942499,720575941461227152,3,VNC_unassigned_L,,109,2.7522935779816518,5,steering_control
720575941480942499,720575941523112439,4,VNC_NTct_L,,860,0.46511627906976744,5,steering_control
720575941480954019,720575941554784676,4,VNC_AMNp_R,,504,0.7936507936507936,5,steering_control
720575941480954019,720575941625907769,9,VNC_AMNp_R,,1473,0.6109979633401221,5,steering_control
720575941480954019,720575941625907769,6,VNC_IntTct_R,,1473,0.40733197556008144,5,steering_control
720575941480954019,720575941625907769,8,VNC_LTct_R,,1473,0.5431093007467752,5,steering_control
720575941480954019,720575941625907769,10,VNC_T1_ProNm_R,,1473,0.6788866259334692,5,steering_control
720575941480954019,720575941625907769,10,VNC_T2_MesoNm_R,,1473,0.6788866259334692,5,steering_control
720575941481045155,720575941517717420,2,VNC_HTct_R,,138,1.4492753623188406,5,steering_control
720575941481045155,720575941517717420,1,VNC_NTct_R,,138,0.7246376811594203,5,steering_control
720575941481045155,720575941533221825,6,VNC_HTct_R,,198,3.0303030303030303,5,steering_control
720575941481045155,720575941533221825,2,VNC_IntTct_R,,198,1.0101010101010102,5,steering_control
720575941481045155,720575941533221825,1,VNC_unassigned_R,,198,0.5050505050505051,5,steering_control
720575941481045155,720575941533864458,4,VNC_IntTct_R,,188,2.127659574468085,5,steering_control
720575941481045155,720575941549701182,1,VNC_HTct_R,,194,0.5154639175257731,5,steering_control
720575941481045155,720575941549701182,1,VNC_IntTct_R,,194,0.5154639175257731,5,steering_control
720575941481045155,720575941549701182,1,VNC_unassigned_R,,194,0.5154639175257731,5,steering_control
720575941481045155,720575941667143601,4,VNC_IntTct_R,,222,1.8018018018018018,5,steering_control
720575941481045155,720575941667143601,1,VNC_unassigned_R,,222,0.45045045045045046,5,steering_control
720575941481103523,720575941414326161,3,VNC_HTct_L,,343,0.8746355685131195,5,steering_control
720575941481103523,720575941464073558,14,VNC_IntTct_L,,785,1.78343949044586,5,steering_control
720575941481103523,720575941477166622,13,VNC_IntTct_L,,1660,0.783132530120482,5,steering_control
720575941481103523,720575941537600973,8,VNC_HTct_L,,420,1.9047619047619049,5,steering_control
720575941481103523,720575941537600973,5,VNC_IntTct_L,,420,1.1904761904761905,5,steering_control
720575941481103523,720575941560632744,3,VNC_HTct_L,,138,2.1739130434782608,5,steering_control
720575941481103523,720575941560632744,2,VNC_IntTct_L,,138,1.4492753623188406,5,steering_control
720575941481103523,720575941572251144,17,VNC_IntTct_L,,3255,0.522273425499232,2,steering_control
720575941481122690,720575941551443610,3,VNC_IntTct_R,,168,1.7857142857142856,2,steering_control
720575941481381117,720575941438659551,6,VNC_T3_MetaNm_R,,322,1.8633540372670807,2,steering_control
720575941481381117,720575941594160421,3,VNC_T2_MesoNm_R,,733,0.4092769440654843,1,power_control
720575941481381117,720575941662295352,3,VNC_HTct_R,,150,2.0,2,steering_control
720575941481381117,720575941662295352,6,VNC_T3_MetaNm_R,,150,4.0,2,steering_control
720575941481985475,720575941438748351,4,VNC_IntTct_L,,913,0.43811610076670315,2,steering_control
720575941481985475,720575941504456386,2,VNC_LTct_L,,264,0.7575757575757576,1,power_control
720575941481985475,720575941558635053,4,VNC_LTct_L,,589,0.6791171477079796,5,steering_control
720575941481985475,720575941569652638,3,VNC_IntTct_L,,354,0.847457627118644,4,steering_control
720575941481985475,720575941569652638,3,VNC_LTct_L,,354,0.847457627118644,4,steering_control
720575941481985475,720575941594821334,8,VNC_IntTct_L,,613,1.3050570962479608,5,steering_control
720575941481985475,720575941632901829,6,VNC_LTct_L,,523,1.147227533460803,5,steering_control
720575941481985475,720575941636281205,4,VNC_LTct_L,,673,0.5943536404160475,5,steering_control
720575941481985475,720575941655477716,3,VNC_LTct_L,,243,1.2345679012345678,1,power_control
720575941482535366,720575941458334163,7,VNC_HTct_R,,1380,0.5072463768115941,2,steering_control
720575941482535366,720575941503451301,11,VNC_HTct_R,,2065,0.5326876513317191,2,steering_control
720575941482970310,720575941525725954,5,VNC_IntTct_L,,667,0.7496251874062968,5,steering_control
720575941483266246,720575941429532119,2,VNC_ANm_L,,262,0.7633587786259541,3,power_control
720575941483266246,720575941501842626,3,VNC_HTct_L,,350,0.8571428571428572,5,steering_control
720575941483266246,720575941504456386,2,VNC_ANm_L,,264,0.7575757575757576,1,power_control
720575941483266246,720575941551598746,3,VNC_IntTct_L,,184,1.6304347826086956,1,power_control
720575941483266246,720575941655477716,2,VNC_IntTct_L,,243,0.823045267489712,1,power_control
720575941483266246,720575941655477716,5,VNC_WTct_L,,243,2.05761316872428,1,power_control
720575941483554189,720575941465484566,19,VNC_HTct_L,,2567,0.7401636151149201,2,steering_control
720575941483554189,720575941474437681,2,VNC_HTct_L,,297,0.6734006734006733,5,steering_control
720575941483554189,720575941474437681,3,VNC_unassigned_L,,297,1.0101010101010102,5,steering_control
720575941483554189,720575941515619939,4,VNC_NTct_L,,346,1.1560693641618496,1,power_control
720575941483554189,720575941516099500,4,VNC_HTct_L,,769,0.5201560468140443,1,power_control
720575941483554189,720575941518434227,5,VNC_WTct_L,,748,0.6684491978609626,1,power_control
720575941483554189,720575941549386239,2,VNC_IntTct_L,,409,0.4889975550122249,2,steering_control
720575941483554189,720575941588095300,3,VNC_HTct_L,,119,2.5210084033613445,5,steering_control
720575941483554189,720575941630748859,10,VNC_HTct_L,,1573,0.6357279084551812,2,steering_control
720575941483554189,720575941650775313,3,VNC_IntTct_L,,456,0.6578947368421052,2,steering_control
720575941483554189,720575941650775313,2,VNC_LTct_L,,456,0.43859649122807015,2,steering_control
720575941483554189,720575941663099516,3,VNC_HTct_L,,343,0.8746355685131195,5,steering_control
720575941483701178,720575941438659551,3,VNC_T3_MetaNm_L,,322,0.9316770186335404,2,steering_control
720575941483701178,720575941576933109,2,VNC_AMNp_L,,37,5.405405405405405,3,power_control
720575941483701178,720575941576933109,3,VNC_WTct_L,,37,8.108108108108109,3,power_control
720575941485358733,720575941399309603,3,VNC_IntTct_L,,484,0.6198347107438017,2,steering_control
720575941485358733,720575941478092963,4,VNC_HTct_L,,466,0.8583690987124464,5,steering_control
720575941485358733,720575941478092963,13,VNC_IntTct_L,,466,2.7896995708154506,5,steering_control
720575941485358733,720575941530853507,5,VNC_IntTct_L,,434,1.1520737327188941,2,steering_control
720575941485358733,720575941630933947,3,VNC_IntTct_L,,704,0.4261363636363636,4,steering_control
720575941485358733,720575941653507801,5,VNC_HTct_L,,367,1.3623978201634876,5,steering_control
720575941485430992,720575941515936505,6,VNC_IntTct_R,,938,0.6396588486140725,3,power_control
720575941485430992,720575941600259369,5,VNC_T2_MesoNm_R,,845,0.591715976331361,3,power_control
720575941486437954,720575941507848208,4,VNC_T1_ProNm_R,,503,0.7952286282306162,5,steering_control
720575941486437954,720575941507848208,4,VNC_T2_MesoNm_R,,503,0.7952286282306162,5,steering_control
720575941486437954,720575941507848208,7,VNC_WTct_R,,503,1.3916500994035785,5,steering_control
720575941486437954,720575941554784676,3,VNC_WTct_R,,504,0.5952380952380952,5,steering_control
720575941486437954,720575941613448668,16,VNC_T2_MesoNm_R,,3300,0.48484848484848486,5,steering_control
720575941486437954,720575941614919893,4,VNC_WTct_R,,160,2.5,1,power_control
720575941486437954,720575941665520371,3,VNC_WTct_R,,481,0.6237006237006237,5,steering_control
720575941486437954,720575941700592858,3,VNC_WTct_R,,191,1.5706806282722512,1,power_control
720575941486574598,720575941518434227,3,VNC_WTct_R,,748,0.4010695187165776,1,power_control
720575941486574598,720575941521986227,4,VNC_IntTct_L,,306,1.3071895424836601,5,steering_control
720575941486574598,720575941521986227,4,VNC_IntTct_R,,306,1.3071895424836601,5,steering_control
720575941486574598,720575941663099516,4,VNC_HTct_L,,343,1.1661807580174928,5,steering_control
720575941486575426,720575941438659551,3,VNC_T3_MetaNm_R,,322,0.9316770186335404,2,steering_control
720575941486575426,720575941603749817,3,VNC_T3_MetaNm_R,,377,0.7957559681697612,5,steering_control
720575941486575426,720575941653565201,5,VNC_ANm_R,,893,0.5599104143337066,5,steering_control
720575941486575426,720575941688644470,6,VNC_ANm_R,,422,1.4218009478672986,5,steering_control
720575941486587714,720575941547226248,10,VNC_NTct_L,,653,1.5313935681470139,5,steering_control
720575941486587714,720575941579868917,21,VNC_NTct_L,,1745,1.2034383954154728,5,steering_control
720575941486612034,720575941429556655,7,VNC_IntTct_R,,1452,0.4820936639118457,5,steering_control
720575941486612034,720575941546491681,8,VNC_IntTct_R,,797,1.0037641154328731,5,steering_control
720575941486612034,720575941549701182,5,VNC_IntTct_R,,194,2.5773195876288657,5,steering_control
720575941486612034,720575941549701182,1,VNC_unassigned_R,,194,0.5154639175257731,5,steering_control
720575941486612034,720575941630959035,6,VNC_IntTct_R,,391,1.5345268542199488,5,steering_control
720575941486680717,720575941401776931,5,VNC_T1_ProNm_R,,935,0.53475935828877,5,steering_control
720575941486692493,720575941468245879,3,VNC_HTct_R,,244,1.2295081967213115,5,steering_control
720575941486692493,720575941485775110,2,VNC_WTct_L,,283,0.7067137809187279,5,steering_control
720575941486692493,720575941489037031,2,VNC_WTct_L,,449,0.4454342984409799,5,steering_control
720575941486700098,720575941399253283,2,VNC_IntTct_R,,418,0.4784688995215311,2,steering_control
720575941486700098,720575941447591246,7,VNC_NTct_R,,123,5.691056910569105,1,power_control
720575941486700098,720575941455932912,3,VNC_unassigned_R,,156,1.9230769230769231,4,steering_control
720575941486700098,720575941460885005,6,VNC_HTct_R,,500,1.2,5,steering_control
720575941486700098,720575941460885005,3,VNC_WTct_R,,500,0.6,5,steering_control
720575941486700098,720575941464768790,5,VNC_NTct_R,,723,0.6915629322268326,5,steering_control
720575941486700098,720575941464860950,1,VNC_HTct_R,,235,0.425531914893617,4,steering_control
720575941486700098,720575941464860950,2,VNC_unassigned_R,,235,0.851063829787234,4,steering_control
720575941486700098,720575941474334779,8,VNC_HTct_R,,883,0.9060022650056626,5,steering_control
720575941486700098,720575941492308606,3,VNC_HTct_R,,529,0.5671077504725899,2,steering_control
720575941486700098,720575941492308606,6,VNC_IntTct_R,,529,1.1342155009451798,2,steering_control
720575941486700098,720575941495591291,7,VNC_HTct_R,,654,1.0703363914373087,5,steering_control
720575941486700098,720575941495591291,3,VNC_IntTct_R,,654,0.45871559633027525,5,steering_control
720575941486700098,720575941496284489,3,VNC_HTct_R,,251,1.1952191235059761,4,steering_control
720575941486700098,720575941496284489,2,VNC_IntTct_R,,251,0.796812749003984,4,steering_control
720575941486700098,720575941496284489,5,VNC_WTct_R,,251,1.9920318725099602,4,steering_control
720575941486700098,720575941496830370,20,VNC_HTct_R,,1278,1.5649452269170578,4,steering_control
720575941486700098,720575941496915618,5,VNC_HTct_R,,236,2.11864406779661,5,steering_control
720575941486700098,720575941501721138,34,VNC_HTct_R,,1210,2.809917355371901,4,steering_control
720575941486700098,720575941514065043,11,VNC_HTct_R,,173,6.358381502890173,5,steering_control
720575941486700098,720575941514065043,1,VNC_IntTct_R,,173,0.5780346820809248,5,steering_control
720575941486700098,720575941514065043,3,VNC_WTct_R,,173,1.7341040462427744,5,steering_control
720575941486700098,720575941516616664,9,VNC_HTct_R,,81,11.11111111111111,5,steering_control
720575941486700098,720575941516768472,2,VNC_HTct_R,,290,0.6896551724137931,5,steering_control
720575941486700098,720575941523692290,11,VNC_HTct_R,,471,2.335456475583864,5,steering_control
720575941486700098,720575941530192843,6,VNC_HTct_R,,192,3.125,5,steering_control
720575941486700098,720575941530192843,1,VNC_NTct_R,,192,0.5208333333333333,5,steering_control
720575941486700098,720575941530192843,2,VNC_WTct_R,,192,1.0416666666666665,5,steering_control
720575941486700098,720575941532246762,8,VNC_IntTct_R,,1209,0.6617038875103392,5,steering_control
720575941486700098,720575941533221825,1,VNC_HTct_R,,198,0.5050505050505051,5,steering_control
720575941486700098,720575941533221825,3,VNC_WTct_R,,198,1.5151515151515151,5,steering_control
720575941486700098,720575941533761050,4,VNC_HTct_R,,420,0.9523809523809524,2,steering_control
720575941486700098,720575941533761050,2,VNC_NTct_R,,420,0.4761904761904762,2,steering_control
720575941486700098,720575941533864458,3,VNC_HTct_R,,188,1.5957446808510638,5,steering_control
720575941486700098,720575941533864458,3,VNC_IntTct_R,,188,1.5957446808510638,5,steering_control
720575941486700098,720575941546491681,9,VNC_HTct_R,,797,1.1292346298619824,5,steering_control
720575941486700098,720575941549701182,3,VNC_HTct_R,,194,1.5463917525773196,5,steering_control
720575941486700098,720575941549701182,4,VNC_IntTct_R,,194,2.0618556701030926,5,steering_control
720575941486700098,720575941553479140,3,VNC_HTct_R,,165,1.8181818181818181,5,steering_control
720575941486700098,720575941557294095,3,VNC_HTct_R,,479,0.6263048016701461,2,steering_control
720575941486700098,720575941559261555,2,VNC_HTct_R,,210,0.9523809523809524,4,steering_control
720575941486700098,720575941559261555,3,VNC_unassigned_R,,210,1.4285714285714286,4,steering_control
720575941486700098,720575941563316022,8,VNC_HTct_R,,343,2.3323615160349855,4,steering_control
720575941486700098,720575941566788602,10,VNC_HTct_R,,313,3.1948881789137378,4,steering_control
720575941486700098,720575941566956532,2,VNC_IntTct_R,,460,0.43478260869565216,2,steering_control
720575941486700098,720575941571499515,13,VNC_HTct_R,,371,3.5040431266846364,5,steering_control
720575941486700098,720575941571499515,6,VNC_IntTct_R,,371,1.6172506738544474,5,steering_control
720575941486700098,720575941571499515,3,VNC_WTct_R,,371,0.8086253369272237,5,steering_control
720575941486700098,720575941574412943,3,VNC_HTct_R,,153,1.9607843137254901,2,steering_control
720575941486700098,720575941576984821,5,VNC_HTct_R,,234,2.1367521367521367,2,steering_control
720575941486700098,720575941594515158,3,VNC_HTct_R,,231,1.2987012987012987,5,steering_control
720575941486700098,720575941601153270,16,VNC_HTct_R,,661,2.4205748865355523,5,steering_control
720575941486700098,720575941604997997,2,VNC_IntTct_R,,306,0.6535947712418301,5,steering_control
720575941486700098,720575941605598061,4,VNC_HTct_R,,290,1.3793103448275863,4,steering_control
720575941486700098,720575941605598061,2,VNC_unassigned_R,,290,0.6896551724137931,4,steering_control
720575941486700098,720575941608817897,3,VNC_HTct_R,,286,1.048951048951049,2,steering_control
720575941486700098,720575941608817897,2,VNC_IntTct_R,,286,0.6993006993006993,2,steering_control
720575941486700098,720575941609001034,9,VNC_NTct_R,,563,1.5985790408525755,5,steering_control
720575941486700098,720575941614850517,4,VNC_HTct_R,,993,0.4028197381671702,5,steering_control
720575941486700098,720575941630959035,4,VNC_HTct_R,,391,1.0230179028132993,5,steering_control
720575941486700098,720575941641473874,8,VNC_HTct_R,,296,2.7027027027027026,5,steering_control
720575941486700098,720575941645100664,1,VNC_IntTct_R,,112,0.8928571428571428,5,steering_control
720575941486700098,720575941645100664,2,VNC_WTct_R,,112,1.7857142857142856,5,steering_control
720575941486700098,720575941652038421,2,VNC_ANm_R,,142,1.4084507042253522,4,steering_control
720575941486700098,720575941652038421,11,VNC_HTct_R,,142,7.746478873239436,4,steering_control
720575941486700098,720575941652314841,16,VNC_HTct_R,,228,7.017543859649122,4,steering_control
720575941486700098,720575941652314841,1,VNC_WTct_R,,228,0.43859649122807015,4,steering_control
720575941486700098,720575941659696184,8,VNC_HTct_R,,840,0.9523809523809524,5,steering_control
720575941486700098,720575941659696184,8,VNC_WTct_R,,840,0.9523809523809524,5,steering_control
720575941486700098,720575941667143601,2,VNC_HTct_R,,222,0.9009009009009009,5,steering_control
720575941486700098,720575941667143601,2,VNC_IntTct_R,,222,0.9009009009009009,5,steering_control
720575941486700098,720575941684876527,3,VNC_HTct_R,,218,1.3761467889908259,5,steering_control
720575941487149378,720575941474935105,3,VNC_AMNp_L,,403,0.7444168734491315,5,steering_control
720575941487149378,720575941474935105,3,VNC_LTct_L,,403,0.7444168734491315,5,steering_control
720575941487149378,720575941496047433,2,VNC_AMNp_L,,378,0.5291005291005291,5,steering_control
720575941487149378,720575941496047433,2,VNC_IntTct_L,,378,0.5291005291005291,5,steering_control
720575941487149378,720575941496047433,2,VNC_LTct_L,,378,0.5291005291005291,5,steering_control
720575941487149378,720575941498803874,5,VNC_AMNp_L,,1045,0.4784688995215311,5,steering_control
720575941487149378,720575941552643390,6,VNC_AMNp_L,,819,0.7326007326007326,4,steering_control
720575941487149378,720575941575691624,3,VNC_AMNp_R,,690,0.43478260869565216,4,steering_control
720575941487659984,720575941470474763,1,VNC_HTct_L,,225,0.4444444444444444,5,steering_control
720575941487659984,720575941470474763,4,VNC_HTct_R,,225,1.7777777777777777,5,steering_control
720575941487659984,720575941474437681,3,VNC_HTct_L,,297,1.0101010101010102,5,steering_control
720575941487659984,720575941474437681,5,VNC_HTct_R,,297,1.6835016835016834,5,steering_control
720575941487659984,720575941474437681,2,VNC_IntTct_L,,297,0.6734006734006733,5,steering_control
720575941487659984,720575941474437681,4,VNC_IntTct_R,,297,1.3468013468013467,5,steering_control
720575941487659984,720575941521986227,4,VNC_NTct_R,,306,1.3071895424836601,5,steering_control
720575941487659984,720575941532246762,7,VNC_IntTct_R,,1209,0.5789909015715468,5,steering_control
720575941487659984,720575941549386239,4,VNC_IntTct_L,,409,0.9779951100244498,2,steering_control
720575941487659984,720575941625932682,2,VNC_NTct_R,,274,0.7299270072992701,5,steering_control
720575941487659984,720575941625932682,2,VNC_WTct_R,,274,0.7299270072992701,5,steering_control
720575941487659984,720575941663099516,5,VNC_HTct_L,,343,1.4577259475218658,5,steering_control
720575941488845287,720575941414456212,4,VNC_T2_MesoNm_L,,675,0.5925925925925926,5,steering_control
720575941488845287,720575941438748351,4,VNC_T1_ProNm_L,,913,0.43811610076670315,2,steering_control
720575941488845287,720575941515693315,6,VNC_T1_ProNm_L,,1270,0.47244094488188976,5,steering_control
720575941488845287,720575941560427379,3,VNC_T3_MetaNm_L,,412,0.7281553398058253,5,steering_control
720575941488845287,720575941562594194,3,VNC_T3_MetaNm_L,,135,2.2222222222222223,5,steering_control
720575941488845287,720575941602987510,3,VNC_ANm_L,,306,0.9803921568627451,5,steering_control
720575941488845287,720575941602987510,6,VNC_T3_MetaNm_L,,306,1.9607843137254901,5,steering_control
720575941488845287,720575941657510992,3,VNC_AMNp_L,,482,0.6224066390041494,2,steering_control
720575941488845287,720575941657510992,2,VNC_T1_ProNm_L,,482,0.4149377593360996,2,steering_control
720575941488845287,720575941657510992,2,VNC_T2_MesoNm_L,,482,0.4149377593360996,2,steering_control
720575941488845287,720575941657510992,4,VNC_unassigned_L,,482,0.8298755186721992,2,steering_control
720575941489083596,720575941402032240,3,VNC_NTct_R,,324,0.9259259259259258,1,power_control
720575941489083596,720575941447887636,3,VNC_WTct_R,,95,3.1578947368421053,3,power_control
720575941489083596,720575941449065565,3,VNC_WTct_R,,171,1.7543859649122806,5,steering_control
720575941489083596,720575941500983019,2,VNC_WTct_R,,294,0.6802721088435374,5,steering_control
720575941489083596,720575941519273944,16,VNC_WTct_R,,321,4.984423676012461,5,steering_control
720575941489083596,720575941532432618,3,VNC_WTct_R,,374,0.8021390374331552,5,steering_control
720575941489377737,720575941576941045,5,VNC_IntTct_R,,608,0.8223684210526315,4,steering_control
720575941490416181,720575941438935131,4,VNC_unassigned_L,,312,1.282051282051282,2,steering_control
720575941490416181,720575941452198707,8,VNC_unassigned_L,,829,0.9650180940892641,5,steering_control
720575941490416181,720575941555575332,3,VNC_unassigned_L,,271,1.107011070110701,5,steering_control
720575941490416181,720575941610618982,3,VNC_unassigned_L,,383,0.7832898172323759,1,power_control
720575941490535600,720575941547226248,3,VNC_NTct_L,,653,0.45941807044410415,5,steering_control
720575941490535600,720575941729980203,1,VNC_IntTct_L,,44,2.272727272727273,1,power_control
720575941490535600,720575941729980203,5,VNC_WTct_L,,44,11.363636363636363,1,power_control
720575941490590924,720575941610953446,5,VNC_LTct_R,,106,4.716981132075472,3,power_control
720575941490717390,720575941447591246,2,VNC_IntTct_R,,123,1.6260162601626018,1,power_control
720575941490717390,720575941447591246,3,VNC_NTct_R,,123,2.4390243902439024,1,power_control
720575941490717390,720575941456348575,10,VNC_IntTct_R,,1369,0.7304601899196494,5,steering_control
720575941490717390,720575941456348575,6,VNC_NTct_R,,1369,0.4382761139517896,5,steering_control
720575941490717390,720575941460885005,7,VNC_HTct_R,,500,1.4000000000000001,5,steering_control
720575941490717390,720575941464768790,3,VNC_NTct_R,,723,0.4149377593360996,5,steering_control
720575941490717390,720575941488675276,3,VNC_HTct_R,,378,0.7936507936507936,2,steering_control
720575941490717390,720575941492308606,4,VNC_HTct_R,,529,0.7561436672967864,2,steering_control
720575941490717390,720575941492308606,6,VNC_IntTct_R,,529,1.1342155009451798,2,steering_control
720575941490717390,720575941495591291,4,VNC_HTct_R,,654,0.6116207951070336,5,steering_control
720575941490717390,720575941495591291,6,VNC_IntTct_R,,654,0.9174311926605505,5,steering_control
720575941490717390,720575941512899427,4,VNC_IntTct_R,,193,2.072538860103627,1,power_control
720575941490717390,720575941512899427,13,VNC_NTct_R,,193,6.7357512953367875,1,power_control
720575941490717390,720575941528944568,9,VNC_HTct_R,,2084,0.43186180422264875,4,steering_control
720575941490717390,720575941532385624,2,VNC_IntTct_R,,460,0.43478260869565216,2,steering_control
720575941490717390,720575941533258689,4,VNC_IntTct_R,,164,2.4390243902439024,1,power_control
720575941490717390,720575941533258689,1,VNC_WTct_R,,164,0.6097560975609756,1,power_control
720575941490717390,720575941533761050,10,VNC_IntTct_R,,420,2.380952380952381,2,steering_control
720575941490717390,720575941546491681,11,VNC_HTct_R,,797,1.3801756587202008,5,steering_control
720575941490717390,720575941557294095,2,VNC_IntTct_R,,479,0.41753653444676403,2,steering_control
720575941490717390,720575941574155003,4,VNC_HTct_R,,510,0.7843137254901961,3,power_control
720575941490717390,720575941594515158,5,VNC_HTct_R,,231,2.1645021645021645,5,steering_control
720575941490717390,720575941604997997,4,VNC_HTct_R,,306,1.3071895424836601,5,steering_control
720575941490717390,720575941604997997,5,VNC_IntTct_R,,306,1.6339869281045754,5,steering_control
720575941490717390,720575941608817897,3,VNC_HTct_R,,286,1.048951048951049,2,steering_control
720575941490717390,720575941652038421,4,VNC_HTct_R,,142,2.8169014084507045,4,steering_control
720575941490717390,720575941659696184,4,VNC_HTct_R,,840,0.4761904761904762,5,steering_control
720575941490717390,720575941659696184,5,VNC_IntTct_R,,840,0.5952380952380952,5,steering_control
720575941490717390,720575941667143601,1,VNC_HTct_R,,222,0.45045045045045046,5,steering_control
720575941490717390,720575941667143601,3,VNC_IntTct_R,,222,1.3513513513513513,5,steering_control
720575941490717390,720575941679017405,5,VNC_HTct_R,,50,10.0,5,steering_control
720575941490717390,720575941680033213,3,VNC_HTct_R,,271,1.107011070110701,5,steering_control
720575941491012809,720575941498482043,6,VNC_IntTct_R,,1024,0.5859375,3,power_control
720575941491126222,720575941612696934,3,VNC_ANm_R,,193,1.5544041450777202,3,power_control
720575941491761895,720575941414326161,4,VNC_IntTct_L,,343,1.1661807580174928,5,steering_control
720575941491761895,720575941450876794,17,VNC_IntTct_L,,1106,1.5370705244122964,5,steering_control
720575941491761895,720575941450876794,6,VNC_WTct_L,,1106,0.5424954792043399,5,steering_control
720575941491761895,720575941457147206,24,VNC_IntTct_L,,1471,1.6315431679129844,5,steering_control
720575941491761895,720575941477166622,9,VNC_IntTct_L,,1660,0.5421686746987951,5,steering_control
720575941491761895,720575941500845035,8,VNC_IntTct_L,,245,3.2653061224489797,5,steering_control
720575941491761895,720575941508542674,9,VNC_IntTct_L,,521,1.727447216890595,2,steering_control
720575941491761895,720575941549283839,6,VNC_HTct_L,,303,1.9801980198019802,2,steering_control
720575941491761895,720575941583511518,10,VNC_IntTct_L,,537,1.86219739292365,2,steering_control
720575941491761895,720575941588018942,4,VNC_HTct_L,,333,1.2012012012012012,5,steering_control
720575941491761895,720575941610583260,8,VNC_HTct_L,,209,3.827751196172249,2,steering_control
720575941491761895,720575941723242042,10,VNC_IntTct_L,,791,1.2642225031605563,5,steering_control
720575941491972327,720575941430389006,3,VNC_IntTct_R,,379,0.79155672823219,4,steering_control
720575941491972327,720575941432778638,4,VNC_IntTct_R,,93,4.301075268817205,1,power_control
720575941491972327,720575941432778638,2,VNC_LTct_R,,93,2.1505376344086025,1,power_control
720575941491972327,720575941456348575,74,VNC_IntTct_R,,1369,5.405405405405405,5,steering_control
720575941491972327,720575941477884802,68,VNC_HTct_R,,995,6.834170854271357,5,steering_control
720575941491972327,720575941492446078,2,VNC_IntTct_R,,89,2.247191011235955,5,steering_control
720575941491972327,720575941492446078,1,VNC_LTct_R,,89,1.1235955056179776,5,steering_control
720575941491972327,720575941537719165,3,VNC_IntTct_R,,60,5.0,1,power_control
720575941491972327,720575941593615211,5,VNC_HTct_R,,797,0.6273525721455459,5,steering_control
720575941491972327,720575941593615211,17,VNC_IntTct_R,,797,2.132998745294856,5,steering_control
720575941491972327,720575941612053094,13,VNC_HTct_L,,914,1.4223194748358863,5,steering_control
720575941491972327,720575941612611993,4,VNC_IntTct_R,,55,7.2727272727272725,5,steering_control
720575941491972327,720575941653507801,7,VNC_HTct_L,,367,1.9073569482288828,5,steering_control
720575941491972327,720575941723242042,5,VNC_HTct_L,,791,0.6321112515802781,5,steering_control
720575941491992807,720575941632698555,25,VNC_T2_MesoNm_L,,2639,0.9473285335354301,3,power_control
720575941492684208,720575941547226248,7,VNC_NTct_L,,653,1.0719754977029097,5,steering_control
720575941492684208,720575941580348753,4,VNC_HTct_L,,99,4.040404040404041,5,steering_control
720575941492697264,720575941399253283,2,VNC_HTct_R,,418,0.4784688995215311,2,steering_control
720575941492697264,720575941399253283,8,VNC_IntTct_R,,418,1.9138755980861244,2,steering_control
720575941492697264,720575941429556655,11,VNC_IntTct_R,,1452,0.7575757575757576,5,steering_control
720575941492697264,720575941460885005,3,VNC_HTct_R,,500,0.6,5,steering_control
720575941492697264,720575941481061629,3,VNC_IntTct_R,,98,3.061224489795918,5,steering_control
720575941492697264,720575941495591291,3,VNC_HTct_R,,654,0.45871559633027525,5,steering_control
720575941492697264,720575941495591291,4,VNC_IntTct_R,,654,0.6116207951070336,5,steering_control
720575941492697264,720575941514065043,3,VNC_HTct_R,,173,1.7341040462427744,5,steering_control
720575941492697264,720575941532385624,3,VNC_HTct_R,,460,0.6521739130434783,2,steering_control
720575941492697264,720575941532385624,6,VNC_IntTct_R,,460,1.3043478260869565,2,steering_control
720575941492697264,720575941533761050,6,VNC_IntTct_R,,420,1.4285714285714286,2,steering_control
720575941492697264,720575941546491681,18,VNC_IntTct_R,,797,2.258469259723965,5,steering_control
720575941492697264,720575941557294095,6,VNC_HTct_R,,479,1.2526096033402923,2,steering_control
720575941492697264,720575941557294095,10,VNC_IntTct_R,,479,2.0876826722338206,2,steering_control
720575941492697264,720575941566956532,10,VNC_IntTct_R,,460,2.1739130434782608,2,steering_control
720575941492697264,720575941593615211,15,VNC_HTct_R,,797,1.8820577164366372,5,steering_control
720575941492697264,720575941593615211,30,VNC_IntTct_R,,797,3.7641154328732744,5,steering_control
720575941492697264,720575941604997997,3,VNC_HTct_R,,306,0.9803921568627451,5,steering_control
720575941492697264,720575941625387321,3,VNC_HTct_R,,53,5.660377358490567,5,steering_control
720575941492697264,720575941630959035,9,VNC_IntTct_R,,391,2.3017902813299234,5,steering_control
720575941492697264,720575941659696184,7,VNC_HTct_R,,840,0.8333333333333334,5,steering_control
720575941492697264,720575941659696184,5,VNC_WTct_R,,840,0.5952380952380952,5,steering_control
720575941493947006,720575941504505157,6,VNC_NTct_L,,225,2.666666666666667,5,steering_control
720575941493998464,720575941579868917,43,VNC_NTct_L,,1745,2.464183381088825,5,steering_control
720575941494960254,720575941414508948,9,VNC_T1_ProNm_R,,2237,0.4023245417970496,3,power_control
720575941494960254,720575941469724125,7,VNC_IntTct_R,,1594,0.43914680050188204,5,steering_control
720575941494960254,720575941515936505,4,VNC_LTct_R,,938,0.42643923240938164,3,power_control
720575941494960254,720575941515936505,6,VNC_T2_MesoNm_R,,938,0.6396588486140725,3,power_control
720575941494960254,720575941517717420,14,VNC_IntTct_R,,138,10.144927536231885,5,steering_control
720575941494960254,720575941523112439,6,VNC_IntTct_L,,860,0.6976744186046512,5,steering_control
720575941494960254,720575941536368370,8,VNC_IntTct_R,,106,7.547169811320755,5,steering_control
720575941494960254,720575941536368370,1,VNC_LTct_R,,106,0.9433962264150944,5,steering_control
720575941494960254,720575941536368370,1,VNC_unassigned_R,,106,0.9433962264150944,5,steering_control
720575941494960254,720575941576941045,8,VNC_IntTct_R,,608,1.3157894736842104,4,steering_control
720575941494960254,720575941576941045,4,VNC_LTct_R,,608,0.6578947368421052,4,steering_control
720575941494960254,720575941600259369,7,VNC_IntTct_R,,845,0.8284023668639053,3,power_control
720575941494960254,720575941630933947,3,VNC_IntTct_R,,704,0.4261363636363636,4,steering_control
720575941494986951,720575941439197269,3,VNC_WTct_L,,197,1.5228426395939088,3,power_control
720575941494986951,720575941439197269,1,VNC_WTct_R,,197,0.5076142131979695,3,power_control
720575941494986951,720575941500983019,2,VNC_WTct_L,,294,0.6802721088435374,5,steering_control
720575941494986951,720575941611056714,1,VNC_HTct_L,,96,1.0416666666666665,3,power_control
720575941494986951,720575941611056714,2,VNC_WTct_L,,96,2.083333333333333,3,power_control
720575941494986951,720575941618008447,4,VNC_HTct_L,,188,2.127659574468085,1,power_control
720575941494986951,720575941618008447,2,VNC_WTct_L,,188,1.0638297872340425,1,power_control
720575941495055486,720575941535047690,8,VNC_IntTct_R,,1366,0.5856515373352855,5,steering_control
720575941495377280,720575941459554960,3,VNC_IntTct_R,,439,0.683371298405467,2,steering_control
720575941495918665,720575941498935777,10,VNC_IntTct_L,,1338,0.7473841554559043,5,steering_control
720575941495918665,720575941570817352,3,VNC_IntTct_L,,403,0.7444168734491315,2,steering_control
720575941495998843,720575941438938175,6,VNC_HTct_L,,1113,0.5390835579514826,5,steering_control
720575941495998843,720575941474437681,2,VNC_WTct_L,,297,0.6734006734006733,5,steering_control
720575941495998843,720575941474806068,3,VNC_HTct_L,,72,4.166666666666666,5,steering_control
720575941495998843,720575941474806068,2,VNC_WTct_L,,72,2.7777777777777777,5,steering_control
720575941495998843,720575941554439251,3,VNC_NTct_L,,196,1.530612244897959,4,steering_control
720575941495998843,720575941560632744,7,VNC_HTct_L,,138,5.072463768115942,5,steering_control
720575941495998843,720575941571524872,3,VNC_NTct_L,,189,1.5873015873015872,1,power_control
720575941495998843,720575941581683039,8,VNC_WTct_L,,228,3.508771929824561,1,power_control
720575941495998843,720575941606622317,11,VNC_HTct_L,,137,8.02919708029197,4,steering_control
720575941495998843,720575941610056166,1,VNC_HTct_L,,176,0.5681818181818182,5,steering_control
720575941495998843,720575941610056166,4,VNC_WTct_L,,176,2.272727272727273,5,steering_control
720575941495998843,720575941625932682,3,VNC_NTct_L,,274,1.094890510948905,5,steering_control
720575941495998843,720575941669827505,9,VNC_HTct_L,,262,3.435114503816794,3,power_control
720575941495998843,720575941669827505,2,VNC_unassigned_L,,262,0.7633587786259541,3,power_control
720575941496011719,720575941400818723,18,VNC_IntTct_L,,1482,1.214574898785425,5,steering_control
720575941496011719,720575941400818723,72,VNC_NTct_L,,1482,4.8582995951417,5,steering_control
720575941496011719,720575941400818723,18,VNC_unassigned_L,,1482,1.214574898785425,5,steering_control
720575941496011719,720575941410007663,1,VNC_HTct_L,,186,0.5376344086021506,5,steering_control
720575941496011719,720575941410007663,2,VNC_WTct_L,,186,1.0752688172043012,5,steering_control
720575941496011719,720575941431660937,3,VNC_HTct_L,,45,6.666666666666667,5,steering_control
720575941496011719,720575941431660937,1,VNC_T3_MetaNm_L,,45,2.2222222222222223,5,steering_control
720575941496011719,720575941438938175,37,VNC_HTct_L,,1113,3.324348607367475,5,steering_control
720575941496011719,720575941470077047,2,VNC_WTct_L,,480,0.4166666666666667,5,steering_control
720575941496011719,720575941477297716,6,VNC_NTct_L,,889,0.6749156355455568,5,steering_control
720575941496011719,720575941501786930,4,VNC_HTct_L,,434,0.9216589861751152,5,steering_control
720575941496011719,720575941504505157,3,VNC_NTct_L,,225,1.3333333333333335,5,steering_control
720575941496011719,720575941523112439,11,VNC_IntTct_L,,860,1.2790697674418605,5,steering_control
720575941496011719,720575941523112439,38,VNC_NTct_L,,860,4.4186046511627906,5,steering_control
720575941496011719,720575941525725954,6,VNC_NTct_L,,667,0.8995502248875562,5,steering_control
720575941496011719,720575941550878087,113,VNC_HTct_L,,1310,8.625954198473282,4,steering_control
720575941496011719,720575941554439251,1,VNC_IntTct_L,,196,0.5102040816326531,4,steering_control
720575941496011719,720575941554439251,1,VNC_NTct_L,,196,0.5102040816326531,4,steering_control
720575941496011719,720575941554439251,1,VNC_WTct_L,,196,0.5102040816326531,4,steering_control
720575941496011719,720575941579868917,18,VNC_IntTct_L,,1745,1.0315186246418337,5,steering_control
720575941496011719,720575941579868917,63,VNC_NTct_L,,1745,3.6103151862464182,5,steering_control
720575941496011719,720575941579868917,8,VNC_unassigned_L,,1745,0.4584527220630372,5,steering_control
720575941496011719,720575941593189489,3,VNC_HTct_L,,193,1.5544041450777202,4,steering_control
720575941496011719,720575941611080010,98,VNC_HTct_L,,2397,4.088443888193575,4,steering_control
720575941496011719,720575941611080010,11,VNC_IntTct_L,,2397,0.458906967042136,4,steering_control
720575941496011719,720575941611080010,10,VNC_WTct_L,,2397,0.4171881518564873,4,steering_control
720575941496011719,720575941631436780,4,VNC_HTct_L,,730,0.547945205479452,5,steering_control
720575941496011719,720575941656239440,3,VNC_HTct_L,,193,1.5544041450777202,3,power_control
720575941496011719,720575941678358973,104,VNC_HTct_L,,1622,6.411837237977805,4,steering_control
720575941496426695,720575941500983019,4,VNC_WTct_L,,294,1.3605442176870748,5,steering_control
720575941496426695,720575941519273944,2,VNC_WTct_R,,321,0.6230529595015576,5,steering_control
720575941496426695,720575941551588506,2,VNC_WTct_R,,261,0.7662835249042145,5,steering_control
720575941496676295,720575941431660937,2,VNC_HTct_L,,45,4.444444444444445,5,steering_control
720575941496676295,720575941431660937,1,VNC_T3_MetaNm_L,,45,2.2222222222222223,5,steering_control
720575941496676295,720575941477297716,39,VNC_NTct_L,,889,4.386951631046119,5,steering_control
720575941496676295,720575941477297716,6,VNC_T1_ProNm_L,,889,0.6749156355455568,5,steering_control
720575941496676295,720575941477297716,18,VNC_unassigned_L,,889,2.0247469066366706,5,steering_control
720575941496676295,720575941523112439,9,VNC_NTct_L,,860,1.0465116279069768,5,steering_control
720575941496676295,720575941525725954,25,VNC_NTct_L,,667,3.7481259370314843,5,steering_control
720575941496676295,720575941525725954,4,VNC_unassigned_L,,667,0.5997001499250375,5,steering_control
720575941496676295,720575941550878087,13,VNC_HTct_L,,1310,0.9923664122137404,4,steering_control
720575941496676295,720575941606622317,4,VNC_HTct_L,,137,2.9197080291970803,4,steering_control
720575941496919168,720575941474334779,9,VNC_HTct_R,,883,1.0192525481313703,5,steering_control
720575941496919168,720575941474334779,4,VNC_IntTct_R,,883,0.4530011325028313,5,steering_control
720575941496919168,720575941495591291,3,VNC_IntTct_R,,654,0.45871559633027525,5,steering_control
720575941496919168,720575941503451301,13,VNC_HTct_R,,2065,0.6295399515738499,2,steering_control
720575941496919168,720575941532246762,11,VNC_IntTct_R,,1209,0.9098428453267163,5,steering_control
720575941496919168,720575941557612915,51,VNC_IntTct_R,,4206,1.2125534950071328,2,steering_control
720575941496919168,720575941608991050,16,VNC_IntTct_R,,3212,0.49813200498132004,2,steering_control
720575941496919168,720575941659696184,4,VNC_HTct_R,,840,0.4761904761904762,5,steering_control
720575941497322880,720575941414508948,14,VNC_T1_ProNm_L,,2237,0.6258381761287439,3,power_control
720575941497322880,720575941414508948,11,VNC_T1_ProNm_R,,2237,0.49172999552972735,3,power_control
720575941497322880,720575941469724125,7,VNC_IntTct_R,,1594,0.43914680050188204,5,steering_control
720575941497322880,720575941469724125,12,VNC_T1_ProNm_R,,1594,0.7528230865746549,5,steering_control
720575941497322880,720575941535047690,9,VNC_IntTct_L,,1366,0.6588579795021963,5,steering_control
720575941497322880,720575941535047690,7,VNC_IntTct_R,,1366,0.5124450951683748,5,steering_control
720575941498444155,720575941500845035,10,VNC_WTct_L,,245,4.081632653061225,5,steering_control
720575941498444155,720575941500983019,3,VNC_HTct_L,,294,1.0204081632653061,5,steering_control
720575941498444155,720575941526690841,10,VNC_HTct_L,,385,2.5974025974025974,1,power_control
720575941498444155,720575941526690841,10,VNC_WTct_L,,385,2.5974025974025974,1,power_control
720575941498444155,720575941562134829,5,VNC_NTct_L,,519,0.9633911368015413,1,power_control
720575941498444155,720575941562134829,17,VNC_WTct_L,,519,3.275529865125241,1,power_control
720575941498984161,720575941456667373,5,VNC_T1_ProNm_R,,321,1.557632398753894,5,steering_control
720575941498998395,720575941498948425,15,VNC_WTct_R,,526,2.8517110266159698,3,power_control
720575941498998395,720575941669049587,2,VNC_WTct_R,,293,0.6825938566552902,1,power_control
720575941500700139,720575941572251144,15,VNC_IntTct_L,,3255,0.4608294930875576,2,steering_control
720575941500839147,720575941523112439,4,VNC_NTct_L,,860,0.46511627906976744,5,steering_control
720575941501552983,720575941474437681,2,VNC_HTct_R,,297,0.6734006734006733,5,steering_control
720575941501552983,720575941474437681,3,VNC_unassigned_R,,297,1.0101010101010102,5,steering_control
720575941501552983,720575941474640682,3,VNC_WTct_R,,170,1.7647058823529411,5,steering_control
720575941501552983,720575941521986227,4,VNC_IntTct_L,,306,1.3071895424836601,5,steering_control
720575941501552983,720575941521986227,3,VNC_NTct_L,,306,0.9803921568627451,5,steering_control
720575941501552983,720575941526718564,1,VNC_HTct_L,,111,0.9009009009009009,5,steering_control
720575941501552983,720575941526718564,1,VNC_HTct_R,,111,0.9009009009009009,5,steering_control
720575941501552983,720575941526718564,1,VNC_T3_MetaNm_L,,111,0.9009009009009009,5,steering_control
720575941501552983,720575941536368370,3,VNC_HTct_R,,106,2.8301886792452833,5,steering_control
720575941501552983,720575941604997997,3,VNC_HTct_R,,306,0.9803921568627451,5,steering_control
720575941501552983,720575941663099516,3,VNC_HTct_L,,343,0.8746355685131195,5,steering_control
720575941501552983,720575941663099516,2,VNC_IntTct_R,,343,0.5830903790087464,5,steering_control
720575941501635927,720575941505225266,3,VNC_WTct_L,,115,2.608695652173913,5,steering_control
720575941501635927,720575941526718564,3,VNC_unassigned_L,,111,2.7027027027027026,5,steering_control
720575941501635927,720575941691313115,6,VNC_WTct_L,,1219,0.4922067268252666,3,power_control
720575941502262411,720575941439063503,4,VNC_WTct_L,,346,1.1560693641618496,5,steering_control
720575941502262411,720575941477297716,11,VNC_NTct_L,,889,1.2373453318335208,5,steering_control
720575941502628695,720575941501721138,8,VNC_HTct_R,,1210,0.6611570247933884,4,steering_control
720575941502628695,720575941528944568,10,VNC_HTct_R,,2084,0.47984644913627633,4,steering_control
720575941502628695,720575941547178164,5,VNC_HTct_R,,162,3.0864197530864197,3,power_control
720575941502628695,720575941609001034,21,VNC_NTct_R,,563,3.7300177619893424,5,steering_control
720575941502628695,720575941665522419,10,VNC_HTct_R,,336,2.976190476190476,2,steering_control
720575941503507435,720575941457802480,13,VNC_LTct_L,,1611,0.8069522036002483,5,steering_control
720575941503507435,720575941594821334,3,VNC_LTct_L,,613,0.48939641109298526,5,steering_control
720575941503507435,720575941623972251,18,VNC_LTct_L,,1714,1.0501750291715286,2,steering_control
720575941503528171,720575941402032240,2,VNC_WTct_L,,324,0.6172839506172839,1,power_control
720575941503528171,720575941402032240,2,VNC_WTct_R,,324,0.6172839506172839,1,power_control
720575941503528171,720575941485775110,3,VNC_WTct_L,,283,1.0600706713780919,5,steering_control
720575941503528171,720575941489037031,3,VNC_WTct_R,,449,0.6681514476614699,5,steering_control
720575941503528171,720575941500983019,3,VNC_WTct_R,,294,1.0204081632653061,5,steering_control
720575941503528171,720575941516099500,4,VNC_WTct_R,,769,0.5201560468140443,1,power_control
720575941503528171,720575941527099981,7,VNC_WTct_R,,1611,0.4345127250155183,5,steering_control
720575941503528171,720575941533234954,1,VNC_HTct_R,,175,0.5714285714285714,1,power_control
720575941503528171,720575941533234954,4,VNC_WTct_R,,175,2.2857142857142856,1,power_control
720575941503528171,720575941551588506,3,VNC_HTct_R,,261,1.1494252873563218,5,steering_control
720575941503528171,720575941551588506,3,VNC_WTct_R,,261,1.1494252873563218,5,steering_control
720575941503528171,720575941554049307,3,VNC_WTct_L,,637,0.47095761381475665,1,power_control
720575941503528171,720575941594160421,5,VNC_WTct_R,,733,0.6821282401091405,1,power_control
720575941503528171,720575941652536593,5,VNC_WTct_R,,128,3.90625,1,power_control
720575941503549931,720575941399309603,6,VNC_IntTct_L,,484,1.2396694214876034,2,steering_control
720575941503549931,720575941400818723,7,VNC_IntTct_L,,1482,0.47233468286099867,5,steering_control
720575941503549931,720575941400818723,13,VNC_NTct_L,,1482,0.8771929824561403,5,steering_control
720575941503549931,720575941457147206,9,VNC_HTct_L,,1471,0.6118286879673691,5,steering_control
720575941503549931,720575941457147206,25,VNC_IntTct_L,,1471,1.699524133242692,5,steering_control
720575941503549931,720575941457147206,11,VNC_NTct_L,,1471,0.7477906186267845,5,steering_control
720575941503549931,720575941464073558,6,VNC_IntTct_L,,785,0.7643312101910829,5,steering_control
720575941503549931,720575941477166622,41,VNC_IntTct_L,,1660,2.4698795180722892,5,steering_control
720575941503549931,720575941477166622,44,VNC_NTct_L,,1660,2.6506024096385543,5,steering_control
720575941503549931,720575941508542674,4,VNC_HTct_L,,521,0.7677543186180422,2,steering_control
720575941503549931,720575941517764824,5,VNC_HTct_L,,625,0.8,5,steering_control
720575941503549931,720575941520333047,8,VNC_HTct_L,,936,0.8547008547008548,5,steering_control
720575941503549931,720575941523112439,7,VNC_NTct_L,,860,0.813953488372093,5,steering_control
720575941503549931,720575941537600973,3,VNC_HTct_L,,420,0.7142857142857143,5,steering_control
720575941503549931,720575941549283839,12,VNC_HTct_L,,303,3.9603960396039604,2,steering_control
720575941503549931,720575941572251144,15,VNC_HTct_L,,3255,0.4608294930875576,2,steering_control
720575941503549931,720575941579868917,14,VNC_NTct_L,,1745,0.8022922636103151,5,steering_control
720575941503549931,720575941583511518,4,VNC_IntTct_L,,537,0.74487895716946,2,steering_control
720575941504090162,720575941567639922,3,VNC_WTct_L,,485,0.6185567010309279,2,steering_control
720575941504328791,720575941447887636,1,VNC_IntTct_R,,95,1.0526315789473684,3,power_control
720575941504328791,720575941447887636,3,VNC_WTct_L,,95,3.1578947368421053,3,power_control
720575941504328791,720575941447887636,3,VNC_unassigned_R,,95,3.1578947368421053,3,power_control
720575941504328791,720575941467252189,18,VNC_IntTct_L,,1656,1.0869565217391304,5,steering_control
720575941504328791,720575941467252189,8,VNC_IntTct_R,,1656,0.4830917874396135,5,steering_control
720575941504328791,720575941467252189,10,VNC_WTct_L,,1656,0.6038647342995169,5,steering_control
720575941504328791,720575941474704948,3,VNC_HTct_L,,186,1.6129032258064515,5,steering_control
720575941504328791,720575941474704948,5,VNC_HTct_R,,186,2.6881720430107525,5,steering_control
720575941504328791,720575941474704948,1,VNC_WTct_L,,186,0.5376344086021506,5,steering_control
720575941504328791,720575941474704948,3,VNC_WTct_R,,186,1.6129032258064515,5,steering_control
720575941504328791,720575941474704948,3,VNC_unassigned_R,,186,1.6129032258064515,5,steering_control
720575941504328791,720575941492354174,3,VNC_HTct_R,,140,2.142857142857143,5,steering_control
720575941504328791,720575941512896099,15,VNC_IntTct_R,,1417,1.058574453069866,1,power_control
720575941504328791,720575941518439347,3,VNC_IntTct_R,,183,1.639344262295082,5,steering_control
720575941504328791,720575941524196683,2,VNC_IntTct_R,,264,0.7575757575757576,5,steering_control
720575941504328791,720575941524196683,5,VNC_WTct_R,,264,1.893939393939394,5,steering_control
720575941504328791,720575941565459095,1,VNC_WTct_L,,196,0.5102040816326531,5,steering_control
720575941504328791,720575941565459095,3,VNC_WTct_R,,196,1.530612244897959,5,steering_control
720575941504328791,720575941581637215,3,VNC_IntTct_R,,241,1.2448132780082988,2,steering_control
720575941504328791,720575941583588830,42,VNC_IntTct_R,,1409,2.9808374733853795,5,steering_control
720575941504328791,720575941583588830,9,VNC_LTct_R,,1409,0.63875088715401,5,steering_control
720575941504328791,720575941583588830,18,VNC_WTct_R,,1409,1.27750177430802,5,steering_control
720575941504328791,720575941583588830,15,VNC_unassigned_R,,1409,1.0645848119233499,5,steering_control
720575941504328791,720575941594821334,3,VNC_IntTct_R,,613,0.48939641109298526,5,steering_control
720575941504328791,720575941595757724,3,VNC_IntTct_L,,120,2.5,3,power_control
720575941504328791,720575941607605101,16,VNC_IntTct_R,,1411,1.1339475549255846,5,steering_control
720575941504331607,720575941498935777,6,VNC_NTct_L,,1338,0.4484304932735426,5,steering_control
720575941504331607,720575941498935777,8,VNC_unassigned_R,,1338,0.5979073243647235,5,steering_control
720575941504331607,720575941524196683,5,VNC_WTct_R,,264,1.893939393939394,5,steering_control
720575941504331607,720575941631436524,4,VNC_NTct_R,,801,0.4993757802746567,5,steering_control
720575941504526386,720575941625907769,56,VNC_IntTct_R,,1473,3.801765105227427,5,steering_control
720575941504526386,720575941625907769,20,VNC_LTct_R,,1473,1.3577732518669383,5,steering_control
720575941504526386,720575941625907769,37,VNC_T1_ProNm_R,,1473,2.5118805159538358,5,steering_control
720575941504526386,720575941625907769,10,VNC_T2_MesoNm_R,,1473,0.6788866259334692,5,steering_control
720575941504526386,720575941625907769,8,VNC_WTct_R,,1473,0.5431093007467752,5,steering_control
720575941504526386,720575941625907769,6,VNC_unassigned_R,,1473,0.40733197556008144,5,steering_control
720575941504652482,720575941390660502,10,VNC_IntTct_L,,68,14.705882352941178,1,power_control
720575941504652482,720575941390660502,2,VNC_NTct_L,,68,2.941176470588235,1,power_control
720575941504652482,720575941390660502,7,VNC_WTct_L,,68,10.294117647058822,1,power_control
720575941504652482,720575941399264291,3,VNC_IntTct_L,,25,12.0,1,power_control
720575941504652482,720575941399264291,2,VNC_NTct_L,,25,8.0,1,power_control
720575941504652482,720575941399264291,1,VNC_WTct_L,,25,4.0,1,power_control
720575941504652482,720575941404452720,2,VNC_NTct_L,,277,0.7220216606498195,5,steering_control
720575941504652482,720575941404452720,6,VNC_WTct_L,,277,2.166064981949458,5,steering_control
720575941504652482,720575941412443540,2,VNC_HTct_R,,416,0.4807692307692308,2,steering_control
720575941504652482,720575941412443540,2,VNC_IntTct_R,,416,0.4807692307692308,2,steering_control
720575941504652482,720575941412445332,1,VNC_NTct_R,,53,1.8867924528301887,3,power_control
720575941504652482,720575941412445332,2,VNC_WTct_R,,53,3.7735849056603774,3,power_control
720575941504652482,720575941413872924,3,VNC_WTct_R,,185,1.6216216216216217,5,steering_control
720575941504652482,720575941413920540,3,VNC_HTct_R,,204,1.4705882352941175,5,steering_control
720575941504652482,720575941414326161,4,VNC_IntTct_L,,343,1.1661807580174928,5,steering_control
720575941504652482,720575941429324641,6,VNC_HTct_L,,37,16.216216216216218,5,steering_control
720575941504652482,720575941430389006,2,VNC_HTct_R,,379,0.5277044854881267,4,steering_control
720575941504652482,720575941431072137,4,VNC_NTct_L,,55,7.2727272727272725,3,power_control
720575941504652482,720575941431072137,1,VNC_WTct_L,,55,1.8181818181818181,3,power_control
720575941504652482,720575941432778638,9,VNC_IntTct_R,,93,9.67741935483871,1,power_control
720575941504652482,720575941432778638,1,VNC_WTct_R,,93,1.0752688172043012,1,power_control
720575941504652482,720575941439063503,4,VNC_HTct_L,,346,1.1560693641618496,5,steering_control
720575941504652482,720575941447591246,6,VNC_NTct_R,,123,4.878048780487805,1,power_control
720575941504652482,720575941447591246,3,VNC_WTct_R,,123,2.4390243902439024,1,power_control
720575941504652482,720575941449065565,1,VNC_HTct_R,,171,0.5847953216374269,5,steering_control
720575941504652482,720575941449065565,2,VNC_WTct_L,,171,1.1695906432748537,5,steering_control
720575941504652482,720575941456206495,4,VNC_WTct_R,,86,4.651162790697675,3,power_control
720575941504652482,720575941458790726,4,VNC_IntTct_R,,224,1.7857142857142856,4,steering_control
720575941504652482,720575941458790726,1,VNC_LTct_R,,224,0.4464285714285714,4,steering_control
720575941504652482,720575941470474763,1,VNC_HTct_R,,225,0.4444444444444444,5,steering_control
720575941504652482,720575941470474763,1,VNC_NTct_L,,225,0.4444444444444444,5,steering_control
720575941504652482,720575941470474763,2,VNC_WTct_R,,225,0.8888888888888888,5,steering_control
720575941504652482,720575941474437681,4,VNC_HTct_L,,297,1.3468013468013467,5,steering_control
720575941504652482,720575941474437681,4,VNC_HTct_R,,297,1.3468013468013467,5,steering_control
720575941504652482,720575941474437681,2,VNC_IntTct_L,,297,0.6734006734006733,5,steering_control
720575941504652482,720575941474437681,3,VNC_IntTct_R,,297,1.0101010101010102,5,steering_control
720575941504652482,720575941474437681,2,VNC_unassigned_R,,297,0.6734006734006733,5,steering_control
720575941504652482,720575941476037406,1,VNC_IntTct_R,,102,0.9803921568627451,4,steering_control
720575941504652482,720575941476037406,2,VNC_NTct_L,,102,1.9607843137254901,4,steering_control
720575941504652482,720575941476037406,1,VNC_WTct_L,,102,0.9803921568627451,4,steering_control
720575941504652482,720575941490833072,4,VNC_IntTct_L,,293,1.3651877133105803,4,steering_control
720575941504652482,720575941490833072,3,VNC_LTct_L,,293,1.023890784982935,4,steering_control
720575941504652482,720575941492354174,5,VNC_HTct_L,,140,3.571428571428571,5,steering_control
720575941504652482,720575941492354174,1,VNC_IntTct_R,,140,0.7142857142857143,5,steering_control
720575941504652482,720575941492354174,1,VNC_WTct_R,,140,0.7142857142857143,5,steering_control
720575941504652482,720575941492446078,2,VNC_IntTct_L,,89,2.247191011235955,5,steering_control
720575941504652482,720575941492446078,1,VNC_IntTct_R,,89,1.1235955056179776,5,steering_control
720575941504652482,720575941492446078,2,VNC_LTct_R,,89,2.247191011235955,5,steering_control
720575941504652482,720575941492446078,6,VNC_NTct_R,,89,6.741573033707865,5,steering_control
720575941504652482,720575941492446078,4,VNC_WTct_R,,89,4.49438202247191,5,steering_control
720575941504652482,720575941492446078,2,VNC_unassigned_L,,89,2.247191011235955,5,steering_control
720575941504652482,720575941494969726,3,VNC_IntTct_L,,505,0.594059405940594,5,steering_control
720575941504652482,720575941494969726,4,VNC_WTct_L,,505,0.7920792079207921,5,steering_control
720575941504652482,720575941494969726,3,VNC_WTct_R,,505,0.594059405940594,5,steering_control
720575941504652482,720575941496949410,1,VNC_IntTct_R,,199,0.5025125628140703,5,steering_control
720575941504652482,720575941496949410,2,VNC_WTct_R,,199,1.0050251256281406,5,steering_control
720575941504652482,720575941499426699,7,VNC_IntTct_R,,309,2.26537216828479,4,steering_control
720575941504652482,720575941503499755,4,VNC_HTct_L,,259,1.5444015444015444,5,steering_control
720575941504652482,720575941505889409,2,VNC_IntTct_R,,102,1.9607843137254901,1,power_control
720575941504652482,720575941505889409,2,VNC_NTct_L,,102,1.9607843137254901,1,power_control
720575941504652482,720575941505889409,1,VNC_WTct_L,,102,0.9803921568627451,1,power_control
720575941504652482,720575941512899427,1,VNC_IntTct_L,,193,0.5181347150259068,1,power_control
720575941504652482,720575941512899427,1,VNC_IntTct_R,,193,0.5181347150259068,1,power_control
720575941504652482,720575941512899427,1,VNC_NTct_L,,193,0.5181347150259068,1,power_control
720575941504652482,720575941512899427,2,VNC_NTct_R,,193,1.0362694300518136,1,power_control
720575941504652482,720575941516768472,3,VNC_HTct_R,,290,1.0344827586206897,5,steering_control
720575941504652482,720575941516768472,2,VNC_IntTct_R,,290,0.6896551724137931,5,steering_control
720575941504652482,720575941517717420,2,VNC_IntTct_R,,138,1.4492753623188406,5,steering_control
720575941504652482,720575941517717420,2,VNC_NTct_R,,138,1.4492753623188406,5,steering_control
720575941504652482,720575941517717420,2,VNC_WTct_R,,138,1.4492753623188406,5,steering_control
720575941504652482,720575941517717420,1,VNC_unassigned_R,,138,0.7246376811594203,5,steering_control
720575941504652482,720575941521986227,5,VNC_IntTct_L,,306,1.6339869281045754,5,steering_control
720575941504652482,720575941521986227,5,VNC_IntTct_R,,306,1.6339869281045754,5,steering_control
720575941504652482,720575941524196683,3,VNC_WTct_R,,264,1.1363636363636365,5,steering_control
720575941504652482,720575941526690841,3,VNC_IntTct_R,,385,0.7792207792207793,1,power_control
720575941504652482,720575941526701412,38,VNC_HTct_L,,606,6.270627062706271,5,steering_control
720575941504652482,720575941526701412,12,VNC_HTct_R,,606,1.9801980198019802,5,steering_control
720575941504652482,720575941526701412,7,VNC_IntTct_L,,606,1.155115511551155,5,steering_control
720575941504652482,720575941526701412,7,VNC_T3_MetaNm_L,,606,1.155115511551155,5,steering_control
720575941504652482,720575941526701412,3,VNC_T3_MetaNm_R,,606,0.49504950495049505,5,steering_control
720575941504652482,720575941533258689,2,VNC_IntTct_L,,164,1.2195121951219512,1,power_control
720575941504652482,720575941533258689,7,VNC_NTct_L,,164,4.2682926829268295,1,power_control
720575941504652482,720575941536368370,5,VNC_HTct_R,,106,4.716981132075472,5,steering_control
720575941504652482,720575941536368370,4,VNC_unassigned_R,,106,3.7735849056603774,5,steering_control
720575941504652482,720575941551588506,2,VNC_WTct_R,,261,0.7662835249042145,5,steering_control
720575941504652482,720575941552622398,4,VNC_HTct_L,,210,1.9047619047619049,5,steering_control
720575941504652482,720575941552622398,2,VNC_HTct_R,,210,0.9523809523809524,5,steering_control
720575941504652482,720575941552622398,7,VNC_IntTct_L,,210,3.3333333333333335,5,steering_control
720575941504652482,720575941552622398,2,VNC_IntTct_R,,210,0.9523809523809524,5,steering_control
720575941504652482,720575941552622398,2,VNC_unassigned_L,,210,0.9523809523809524,5,steering_control
720575941504652482,720575941560090862,1,VNC_IntTct_R,,60,1.6666666666666667,5,steering_control
720575941504652482,720575941560090862,2,VNC_WTct_R,,60,3.3333333333333335,5,steering_control
720575941504652482,720575941562021376,5,VNC_IntTct_L,,519,0.9633911368015413,5,steering_control
720575941504652482,720575941562021376,3,VNC_IntTct_R,,519,0.5780346820809248,5,steering_control
720575941504652482,720575941562021376,5,VNC_WTct_L,,519,0.9633911368015413,5,steering_control
720575941504652482,720575941562021376,7,VNC_WTct_R,,519,1.348747591522158,5,steering_control
720575941504652482,720575941563318070,7,VNC_HTct_L,,264,2.6515151515151514,5,steering_control
720575941504652482,720575941565459095,2,VNC_HTct_L,,196,1.0204081632653061,5,steering_control
720575941504652482,720575941565459095,2,VNC_HTct_R,,196,1.0204081632653061,5,steering_control
720575941504652482,720575941565459095,3,VNC_IntTct_L,,196,1.530612244897959,5,steering_control
720575941504652482,720575941565459095,3,VNC_WTct_L,,196,1.530612244897959,5,steering_control
720575941504652482,720575941565459095,3,VNC_WTct_R,,196,1.530612244897959,5,steering_control
720575941504652482,720575941571514619,4,VNC_WTct_R,,105,3.8095238095238098,1,power_control
720575941504652482,720575941571515131,4,VNC_NTct_R,,81,4.938271604938271,1,power_control
720575941504652482,720575941571515131,1,VNC_WTct_R,,81,1.2345679012345678,1,power_control
720575941504652482,720575941576941045,4,VNC_IntTct_R,,608,0.6578947368421052,4,steering_control
720575941504652482,720575941594213927,6,VNC_IntTct_L,,104,5.769230769230769,5,steering_control
720575941504652482,720575941594213927,4,VNC_WTct_L,,104,3.8461538461538463,5,steering_control
720575941504652482,720575941610953446,3,VNC_unassigned_R,,106,2.8301886792452833,3,power_control
720575941504652482,720575941623108298,30,VNC_HTct_R,,2454,1.2224938875305624,5,steering_control
720575941504652482,720575941623108298,15,VNC_IntTct_R,,2454,0.6112469437652812,5,steering_control
720575941504652482,720575941623108298,10,VNC_NTct_R,,2454,0.40749796251018744,5,steering_control
720575941504652482,720575941623108298,32,VNC_WTct_R,,2454,1.3039934800325998,5,steering_control
720575941504652482,720575941623328108,4,VNC_IntTct_L,,491,0.8146639511201629,5,steering_control
720575941504652482,720575941623328108,3,VNC_IntTct_R,,491,0.6109979633401221,5,steering_control
720575941504652482,720575941623328108,2,VNC_WTct_R,,491,0.40733197556008144,5,steering_control
720575941504652482,720575941625932682,3,VNC_IntTct_L,,274,1.094890510948905,5,steering_control
720575941504652482,720575941625932682,3,VNC_WTct_R,,274,1.094890510948905,5,steering_control
720575941504652482,720575941630933947,4,VNC_IntTct_L,,704,0.5681818181818182,4,steering_control
720575941504652482,720575941652191961,3,VNC_NTct_L,,78,3.8461538461538463,5,steering_control
720575941504652482,720575941652191961,1,VNC_WTct_L,,78,1.282051282051282,5,steering_control
720575941504652482,720575941655827480,2,VNC_IntTct_L,,81,2.4691358024691357,1,power_control
720575941504652482,720575941655827480,2,VNC_NTct_R,,81,2.4691358024691357,1,power_control
720575941504652482,720575941655827480,2,VNC_WTct_L,,81,2.4691358024691357,1,power_control
720575941504652482,720575941655827480,1,VNC_WTct_R,,81,1.2345679012345678,1,power_control
720575941504652482,720575941663099516,5,VNC_IntTct_L,,343,1.4577259475218658,5,steering_control
720575941504652482,720575941663099516,2,VNC_IntTct_R,,343,0.5830903790087464,5,steering_control
720575941504652482,720575941663099516,2,VNC_LTct_L,,343,0.5830903790087464,5,steering_control
720575941504652482,720575941663099516,2,VNC_WTct_R,,343,0.5830903790087464,5,steering_control
720575941504652482,720575941671138727,25,VNC_HTct_L,,2296,1.088850174216028,5,steering_control
720575941504652482,720575941671138727,35,VNC_IntTct_L,,2296,1.524390243902439,5,steering_control
720575941504652482,720575941671138727,23,VNC_WTct_L,,2296,1.0017421602787455,5,steering_control
720575941504652482,720575941679017405,5,VNC_HTct_R,,50,10.0,5,steering_control
720575941504652482,720575941684876527,3,VNC_HTct_L,,218,1.3761467889908259,5,steering_control
720575941504652482,720575941684876527,5,VNC_HTct_R,,218,2.293577981651376,5,steering_control
720575941504652482,720575941684876527,3,VNC_IntTct_L,,218,1.3761467889908259,5,steering_control
720575941504652482,720575941684876527,3,VNC_WTct_R,,218,1.3761467889908259,5,steering_control
720575941504652482,720575941687834331,3,VNC_NTct_L,,39,7.6923076923076925,3,power_control
720575941504652482,720575941687834331,3,VNC_WTct_L,,39,7.6923076923076925,3,power_control
720575941504652482,720575941687834331,1,VNC_unassigned_L,,39,2.564102564102564,3,power_control
720575941504652482,720575941721193018,3,VNC_HTct_L,,223,1.345291479820628,5,steering_control
720575941504652482,720575941721193018,3,VNC_HTct_R,,223,1.345291479820628,5,steering_control
720575941504652482,720575941721193018,1,VNC_IntTct_L,,223,0.4484304932735426,5,steering_control
720575941504652482,720575941721193018,3,VNC_IntTct_R,,223,1.345291479820628,5,steering_control
720575941504652482,720575941721193018,1,VNC_NTct_L,,223,0.4484304932735426,5,steering_control
720575941504652482,720575941721193018,1,VNC_WTct_R,,223,0.4484304932735426,5,steering_control
720575941504652482,720575941721193018,1,VNC_unassigned_L,,223,0.4484304932735426,5,steering_control
720575941504652482,720575941729950507,5,VNC_WTct_L,,91,5.4945054945054945,1,power_control
720575941504679106,720575941429556655,14,VNC_T1_ProNm_R,,1452,0.9641873278236914,5,steering_control
720575941504687810,720575941498948425,6,VNC_IntTct_R,,526,1.1406844106463878,3,power_control
720575941504687810,720575941498948425,3,VNC_WTct_R,,526,0.5703422053231939,3,power_control
720575941504687810,720575941513167609,3,VNC_WTct_R,,285,1.0526315789473684,5,steering_control
720575941504687810,720575941562339079,3,VNC_unassigned_R,,245,1.2244897959183674,3,power_control
720575941504703938,720575941429556655,14,VNC_NTct_R,,1452,0.9641873278236914,5,steering_control
720575941504703938,720575941464768790,10,VNC_NTct_R,,723,1.3831258644536653,5,steering_control
720575941504703938,720575941464901398,6,VNC_HTct_R,,833,0.7202881152460985,5,steering_control
720575941504703938,720575941528944568,9,VNC_HTct_R,,2084,0.43186180422264875,4,steering_control
720575941504703938,720575941574155003,17,VNC_HTct_R,,510,3.3333333333333335,3,power_control
720575941504703938,720575941574155003,4,VNC_IntTct_R,,510,0.7843137254901961,3,power_control
720575941504703938,720575941609001034,7,VNC_NTct_R,,563,1.2433392539964476,5,steering_control
720575941504921906,720575941414508948,11,VNC_IntTct_R,,2237,0.49172999552972735,3,power_control
720575941504921906,720575941458790726,2,VNC_LTct_R,,224,0.8928571428571428,4,steering_control
720575941504921906,720575941458790726,1,VNC_unassigned_L,,224,0.4464285714285714,4,steering_control
720575941504921906,720575941488475598,4,VNC_IntTct_R,,276,1.4492753623188406,4,steering_control
720575941504921906,720575941488475598,6,VNC_LTct_R,,276,2.1739130434782608,4,steering_control
720575941504921906,720575941490833072,4,VNC_IntTct_L,,293,1.3651877133105803,4,steering_control
720575941504921906,720575941494052992,5,VNC_IntTct_L,,337,1.483679525222552,2,steering_control
720575941504921906,720575941519213016,6,VNC_IntTct_L,,1301,0.4611837048424289,1,power_control
720575941504921906,720575941576941045,6,VNC_IntTct_R,,608,0.9868421052631579,4,steering_control
720575941504921906,720575941576941045,3,VNC_LTct_R,,608,0.4934210526315789,4,steering_control
720575941504921906,720575941630933947,7,VNC_IntTct_L,,704,0.9943181818181818,4,steering_control
720575941504921906,720575941630933947,4,VNC_LTct_R,,704,0.5681818181818182,4,steering_control
720575941504921906,720575941630933947,3,VNC_unassigned_L,,704,0.4261363636363636,4,steering_control
720575941505673566,720575941458334163,12,VNC_HTct_R,,1380,0.8695652173913043,2,steering_control
720575941505673566,720575941490785712,1,VNC_IntTct_R,,234,0.4273504273504274,5,steering_control
720575941505673566,720575941490785712,2,VNC_NTct_R,,234,0.8547008547008548,5,steering_control
720575941505673566,720575941490785712,3,VNC_WTct_R,,234,1.282051282051282,5,steering_control
720575941505673566,720575941490785712,1,VNC_unassigned_R,,234,0.4273504273504274,5,steering_control
720575941505673566,720575941496284489,5,VNC_HTct_R,,251,1.9920318725099602,4,steering_control
720575941505673566,720575941496284489,4,VNC_WTct_R,,251,1.593625498007968,4,steering_control
720575941505673566,720575941503451301,33,VNC_HTct_R,,2065,1.5980629539951572,2,steering_control
720575941505673566,720575941557612915,19,VNC_HTct_R,,4206,0.45173561578697097,2,steering_control
720575941505673566,720575941652314841,6,VNC_HTct_R,,228,2.631578947368421,4,steering_control
720575941505673566,720575941668725169,12,VNC_HTct_R,,904,1.3274336283185841,5,steering_control
720575941505767970,720575941456667373,4,VNC_T1_ProNm_R,,321,1.2461059190031152,5,steering_control
720575941505983813,720575941488732876,4,VNC_IntTct_R,,456,0.8771929824561403,2,steering_control
720575941505983813,720575941567030516,4,VNC_IntTct_R,,169,2.366863905325444,1,power_control
720575941505983813,720575941567030516,1,VNC_WTct_R,,169,0.591715976331361,1,power_control
720575941505983813,720575941579017337,3,VNC_IntTct_R,,210,1.4285714285714286,4,steering_control
720575941506196247,720575941477297716,4,VNC_unassigned_L,,889,0.44994375703037126,5,steering_control
720575941506196247,720575941525725954,6,VNC_unassigned_L,,667,0.8995502248875562,5,steering_control
720575941506229889,720575941583208582,6,VNC_IntTct_L,,159,3.7735849056603774,3,power_control
720575941506229889,720575941612053094,4,VNC_HTct_L,,914,0.437636761487965,5,steering_control
720575941506310821,720575941412443540,2,VNC_IntTct_L,,416,0.4807692307692308,2,steering_control
720575941506310821,720575941465484566,16,VNC_HTct_L,,2567,0.6232956758862486,2,steering_control
720575941506310821,720575941465484566,13,VNC_IntTct_L,,2567,0.506427736657577,2,steering_control
720575941506310821,720575941473850720,5,VNC_IntTct_L,,1212,0.4125412541254125,5,steering_control
720575941506310821,720575941474437681,4,VNC_HTct_L,,297,1.3468013468013467,5,steering_control
720575941506310821,720575941474437681,4,VNC_IntTct_L,,297,1.3468013468013467,5,steering_control
720575941506310821,720575941490785712,1,VNC_IntTct_L,,234,0.4273504273504274,5,steering_control
720575941506310821,720575941490785712,4,VNC_NTct_L,,234,1.7094017094017095,5,steering_control
720575941506310821,720575941516099500,4,VNC_WTct_L,,769,0.5201560468140443,1,power_control
720575941506310821,720575941518434227,3,VNC_HTct_L,,748,0.4010695187165776,1,power_control
720575941506310821,720575941518434227,6,VNC_WTct_L,,748,0.8021390374331552,1,power_control
720575941506310821,720575941521986227,4,VNC_IntTct_L,,306,1.3071895424836601,5,steering_control
720575941506310821,720575941521986227,5,VNC_NTct_L,,306,1.6339869281045754,5,steering_control
720575941506310821,720575941521986227,2,VNC_WTct_L,,306,0.6535947712418301,5,steering_control
720575941506310821,720575941534709482,5,VNC_HTct_L,,344,1.4534883720930232,4,steering_control
720575941506310821,720575941549386239,3,VNC_HTct_L,,409,0.7334963325183375,2,steering_control
720575941506310821,720575941549386239,2,VNC_IntTct_L,,409,0.4889975550122249,2,steering_control
720575941506310821,720575941549386239,2,VNC_WTct_L,,409,0.4889975550122249,2,steering_control
720575941506310821,720575941561320493,4,VNC_HTct_L,,342,1.1695906432748537,4,steering_control
720575941506310821,720575941565459095,3,VNC_IntTct_L,,196,1.530612244897959,5,steering_control
720575941506310821,720575941572251144,24,VNC_HTct_L,,3255,0.7373271889400922,2,steering_control
720575941506310821,720575941572251144,20,VNC_IntTct_L,,3255,0.6144393241167435,2,steering_control
720575941506310821,720575941594160421,3,VNC_WTct_L,,733,0.4092769440654843,1,power_control
720575941506310821,720575941601088441,5,VNC_HTct_L,,891,0.5611672278338945,5,steering_control
720575941506310821,720575941623347099,4,VNC_IntTct_L,,455,0.8791208791208791,2,steering_control
720575941506310821,720575941625932682,2,VNC_WTct_L,,274,0.7299270072992701,5,steering_control
720575941506310821,720575941630748859,21,VNC_HTct_L,,1573,1.3350286077558804,2,steering_control
720575941506310821,720575941650775313,5,VNC_IntTct_L,,456,1.0964912280701753,2,steering_control
720575941506310821,720575941650775313,9,VNC_WTct_L,,456,1.9736842105263157,2,steering_control
720575941506310821,720575941663099516,5,VNC_HTct_L,,343,1.4577259475218658,5,steering_control
720575941506310821,720575941663099516,3,VNC_IntTct_L,,343,0.8746355685131195,5,steering_control
720575941506628225,720575941593615211,4,VNC_IntTct_R,,797,0.5018820577164366,5,steering_control
720575941507065111,720575941464768790,7,VNC_IntTct_R,,723,0.9681881051175657,5,steering_control
720575941507065111,720575941464768790,3,VNC_NTct_R,,723,0.4149377593360996,5,steering_control
720575941507073303,720575941457802480,9,VNC_LTct_R,,1611,0.5586592178770949,5,steering_control
720575941507073303,720575941511393233,12,VNC_LTct_R,,2959,0.4055424129773572,5,steering_control
720575941507073303,720575941623067338,13,VNC_LTct_R,,507,2.564102564102564,5,steering_control
720575941507079703,720575941688644470,3,VNC_ANm_R,,422,0.7109004739336493,5,steering_control
720575941507079703,720575941688644470,2,VNC_T3_MetaNm_R,,422,0.47393364928909953,5,steering_control
720575941507205143,720575941662295352,3,VNC_T3_MetaNm_R,,150,2.0,2,steering_control
720575941507243589,720575941428965368,3,VNC_IntTct_L,,673,0.44576523031203563,3,power_control
720575941507243589,720575941428965368,3,VNC_LTct_L,,673,0.44576523031203563,3,power_control
720575941507243589,720575941428965368,3,VNC_T2_MesoNm_L,,673,0.44576523031203563,3,power_control
720575941507249221,720575941498482043,7,VNC_T1_ProNm_R,,1024,0.68359375,3,power_control
720575941507249221,720575941576941045,3,VNC_T2_MesoNm_R,,608,0.4934210526315789,4,steering_control
720575941507409502,720575941464768790,3,VNC_NTct_R,,723,0.4149377593360996,5,steering_control
720575941507568709,720575941429556655,24,VNC_IntTct_R,,1452,1.6528925619834711,5,steering_control
720575941507568709,720575941429556655,93,VNC_NTct_R,,1452,6.40495867768595,5,steering_control
720575941507568709,720575941464768790,5,VNC_IntTct_R,,723,0.6915629322268326,5,steering_control
720575941507568709,720575941464768790,52,VNC_NTct_R,,723,7.192254495159059,5,steering_control
720575941507568709,720575941464901398,13,VNC_HTct_R,,833,1.56062424969988,5,steering_control
720575941507568709,720575941496830370,75,VNC_HTct_R,,1278,5.868544600938967,4,steering_control
720575941507568709,720575941501721138,84,VNC_HTct_R,,1210,6.9421487603305785,4,steering_control
720575941507568709,720575941523112439,4,VNC_HTct_R,,860,0.46511627906976744,5,steering_control
720575941507568709,720575941528944568,51,VNC_HTct_R,,2084,2.4472168905950094,4,steering_control
720575941507568709,720575941528944568,10,VNC_IntTct_R,,2084,0.47984644913627633,4,steering_control
720575941507568709,720575941532246762,5,VNC_NTct_R,,1209,0.41356492969396197,5,steering_control
720575941507568709,720575941533864458,2,VNC_HTct_R,,188,1.0638297872340425,5,steering_control
720575941507568709,720575941533864458,1,VNC_WTct_R,,188,0.5319148936170213,5,steering_control
720575941507568709,720575941549701182,3,VNC_HTct_R,,194,1.5463917525773196,5,steering_control
720575941507568709,720575941574155003,25,VNC_HTct_R,,510,4.901960784313726,3,power_control
720575941507568709,720575941574155003,13,VNC_IntTct_R,,510,2.549019607843137,3,power_control
720575941507568709,720575941579017337,7,VNC_NTct_R,,210,3.3333333333333335,4,steering_control
720575941507568709,720575941579017337,2,VNC_WTct_R,,210,0.9523809523809524,4,steering_control
720575941507568709,720575941605598061,3,VNC_HTct_R,,290,1.0344827586206897,4,steering_control
720575941507568709,720575941609001034,3,VNC_HTct_R,,563,0.5328596802841918,5,steering_control
720575941507568709,720575941609001034,11,VNC_IntTct_R,,563,1.9538188277087036,5,steering_control
720575941507568709,720575941609001034,23,VNC_NTct_R,,563,4.085257548845471,5,steering_control
720575941507724929,720575941532246762,6,VNC_IntTct_R,,1209,0.49627791563275436,5,steering_control
720575941507724929,720575941532246762,9,VNC_NTct_R,,1209,0.7444168734491315,5,steering_control
720575941507724929,720575941533864458,3,VNC_IntTct_R,,188,1.5957446808510638,5,steering_control
720575941507751447,720575941429556655,9,VNC_NTct_R,,1452,0.6198347107438017,5,steering_control
720575941508298786,720575941560635816,9,VNC_T2_MesoNm_R,,1852,0.48596112311015116,5,steering_control
720575941508298786,720575941613448668,29,VNC_T2_MesoNm_R,,3300,0.8787878787878787,5,steering_control
720575941508375390,720575941390660502,1,VNC_IntTct_L,,68,1.4705882352941175,1,power_control
720575941508375390,720575941390660502,2,VNC_NTct_L,,68,2.941176470588235,1,power_control
720575941508375390,720575941404452720,2,VNC_IntTct_L,,277,0.7220216606498195,5,steering_control
720575941508375390,720575941467252189,71,VNC_IntTct_L,,1656,4.28743961352657,5,steering_control
720575941508375390,720575941467252189,8,VNC_LTct_L,,1656,0.4830917874396135,5,steering_control
720575941508375390,720575941467252189,17,VNC_WTct_L,,1656,1.0265700483091789,5,steering_control
720575941508375390,720575941470077047,4,VNC_IntTct_L,,480,0.8333333333333334,5,steering_control
720575941508375390,720575941474704948,1,VNC_HTct_R,,186,0.5376344086021506,5,steering_control
720575941508375390,720575941474704948,6,VNC_NTct_L,,186,3.225806451612903,5,steering_control
720575941508375390,720575941474704948,2,VNC_WTct_L,,186,1.0752688172043012,5,steering_control
720575941508375390,720575941474704948,1,VNC_WTct_R,,186,0.5376344086021506,5,steering_control
720575941508375390,720575941476037406,3,VNC_IntTct_L,,102,2.941176470588235,4,steering_control
720575941508375390,720575941476037406,2,VNC_WTct_L,,102,1.9607843137254901,4,steering_control
720575941508375390,720575941476037406,2,VNC_unassigned_L,,102,1.9607843137254901,4,steering_control
720575941508375390,720575941485775110,3,VNC_NTct_L,,283,1.0600706713780919,5,steering_control
720575941508375390,720575941490833072,8,VNC_IntTct_L,,293,2.7303754266211606,4,steering_control
720575941508375390,720575941512896099,6,VNC_IntTct_L,,1417,0.4234297812279464,1,power_control
720575941508375390,720575941512896099,8,VNC_IntTct_R,,1417,0.5645730416372619,1,power_control
720575941508375390,720575941519213016,13,VNC_IntTct_L,,1301,0.9992313604919293,1,power_control
720575941508375390,720575941524196683,3,VNC_IntTct_R,,264,1.1363636363636365,5,steering_control
720575941508375390,720575941524196683,5,VNC_WTct_R,,264,1.893939393939394,5,steering_control
720575941508375390,720575941551588506,2,VNC_HTct_R,,261,0.7662835249042145,5,steering_control
720575941508375390,720575941552622398,3,VNC_HTct_R,,210,1.4285714285714286,5,steering_control
720575941508375390,720575941552622398,2,VNC_IntTct_L,,210,0.9523809523809524,5,steering_control
720575941508375390,720575941564147346,1,VNC_IntTct_L,,117,0.8547008547008548,1,power_control
720575941508375390,720575941564147346,2,VNC_NTct_L,,117,1.7094017094017095,1,power_control
720575941508375390,720575941565459095,2,VNC_HTct_R,,196,1.0204081632653061,5,steering_control
720575941508375390,720575941565459095,1,VNC_IntTct_L,,196,0.5102040816326531,5,steering_control
720575941508375390,720575941581685113,4,VNC_IntTct_L,,170,2.3529411764705883,1,power_control
720575941508375390,720575941583588830,16,VNC_IntTct_R,,1409,1.1355571327182399,5,steering_control
720575941508375390,720575941583588830,9,VNC_LTct_R,,1409,0.63875088715401,5,steering_control
720575941508375390,720575941583588830,7,VNC_WTct_R,,1409,0.49680624556423,5,steering_control
720575941508375390,720575941595757724,3,VNC_IntTct_L,,120,2.5,3,power_control
720575941508375390,720575941595757724,1,VNC_unassigned_L,,120,0.8333333333333334,3,power_control
720575941508375390,720575941607605101,9,VNC_IntTct_R,,1411,0.6378454996456413,5,steering_control
720575941508492417,720575941429556655,18,VNC_IntTct_R,,1452,1.2396694214876034,5,steering_control
720575941508492417,720575941429556655,9,VNC_NTct_R,,1452,0.6198347107438017,5,steering_control
720575941508492417,720575941456348575,32,VNC_IntTct_R,,1369,2.3374726077428782,5,steering_control
720575941508492417,720575941456348575,7,VNC_NTct_R,,1369,0.5113221329437546,5,steering_control
720575941508492417,720575941464768790,7,VNC_IntTct_R,,723,0.9681881051175657,5,steering_control
720575941508492417,720575941464768790,3,VNC_NTct_R,,723,0.4149377593360996,5,steering_control
720575941508492417,720575941477884802,9,VNC_HTct_R,,995,0.9045226130653266,5,steering_control
720575941508492417,720575941479863491,2,VNC_HTct_R,,27,7.4074074074074066,5,steering_control
720575941508492417,720575941479863491,1,VNC_IntTct_R,,27,3.7037037037037033,5,steering_control
720575941508492417,720575941495591291,7,VNC_HTct_R,,654,1.0703363914373087,5,steering_control
720575941508492417,720575941495591291,9,VNC_IntTct_R,,654,1.3761467889908259,5,steering_control
720575941508492417,720575941517717420,2,VNC_IntTct_R,,138,1.4492753623188406,5,steering_control
720575941508492417,720575941517717420,1,VNC_NTct_R,,138,0.7246376811594203,5,steering_control
720575941508492417,720575941523692290,3,VNC_HTct_R,,471,0.6369426751592357,5,steering_control
720575941508492417,720575941539741788,3,VNC_HTct_R,,518,0.5791505791505791,2,steering_control
720575941508492417,720575941546491681,9,VNC_IntTct_R,,797,1.1292346298619824,5,steering_control
720575941508492417,720575941566956532,3,VNC_IntTct_R,,460,0.6521739130434783,2,steering_control
720575941508492417,720575941576941045,3,VNC_IntTct_R,,608,0.4934210526315789,4,steering_control
720575941508492417,720575941594515158,9,VNC_HTct_R,,231,3.896103896103896,5,steering_control
720575941508492417,720575941601153270,8,VNC_HTct_R,,661,1.2102874432677762,5,steering_control
720575941508492417,720575941605598061,3,VNC_HTct_R,,290,1.0344827586206897,4,steering_control
720575941508492417,720575941608991050,22,VNC_HTct_R,,3212,0.684931506849315,2,steering_control
720575941508492417,720575941609001034,4,VNC_NTct_R,,563,0.7104795737122558,5,steering_control
720575941508492417,720575941652038421,3,VNC_HTct_R,,142,2.112676056338028,4,steering_control
720575941508492417,720575941652038421,1,VNC_unassigned_R,,142,0.7042253521126761,4,steering_control
720575941508492417,720575941659696184,5,VNC_HTct_R,,840,0.5952380952380952,5,steering_control
720575941508492417,720575941667143601,4,VNC_IntTct_R,,222,1.8018018018018018,5,steering_control
720575941509010305,720575941350409264,16,VNC_IntTct_R,,472,3.389830508474576,5,steering_control
720575941509010305,720575941350409264,2,VNC_WTct_R,,472,0.423728813559322,5,steering_control
720575941509010305,720575941436996882,25,VNC_IntTct_R,,766,3.263707571801567,5,steering_control
720575941509010305,720575941436996882,7,VNC_LTct_R,,766,0.9138381201044387,5,steering_control
720575941509010305,720575941449617230,12,VNC_IntTct_R,,655,1.8320610687022902,5,steering_control
720575941509010305,720575941449617230,11,VNC_LTct_R,,655,1.6793893129770994,5,steering_control
720575941509010305,720575941456667373,4,VNC_T1_ProNm_R,,321,1.2461059190031152,5,steering_control
720575941509010305,720575941477884802,11,VNC_IntTct_R,,995,1.105527638190955,5,steering_control
720575941509010305,720575941499426699,5,VNC_IntTct_R,,309,1.6181229773462782,4,steering_control
720575941509010305,720575941503638578,9,VNC_IntTct_R,,455,1.9780219780219779,4,steering_control
720575941509010305,720575941503638578,5,VNC_LTct_R,,455,1.098901098901099,4,steering_control
720575941509010305,720575941564059399,4,VNC_IntTct_R,,395,1.0126582278481013,5,steering_control
720575941509010305,720575941564059399,4,VNC_LTct_R,,395,1.0126582278481013,5,steering_control
720575941509010305,720575941583254918,4,VNC_IntTct_R,,331,1.2084592145015105,2,steering_control
720575941509010305,720575941583646430,2,VNC_LTct_R,,386,0.5181347150259068,5,steering_control
720575941509010305,720575941625963419,19,VNC_IntTct_R,,1186,1.6020236087689714,5,steering_control
720575941509010305,720575941625963419,5,VNC_LTct_R,,1186,0.42158516020236086,5,steering_control
720575941509010305,720575941632901829,4,VNC_IntTct_R,,523,0.7648183556405354,5,steering_control
720575941509010305,720575941652038421,4,VNC_T3_MetaNm_R,,142,2.8169014084507045,4,steering_control
720575941509010305,720575941652038421,3,VNC_unassigned_R,,142,2.112676056338028,4,steering_control
720575941510475536,720575941400818723,16,VNC_IntTct_L,,1482,1.0796221322537112,5,steering_control
720575941510475536,720575941400818723,21,VNC_NTct_L,,1482,1.417004048582996,5,steering_control
720575941510475536,720575941431660937,3,VNC_HTct_L,,45,6.666666666666667,5,steering_control
720575941510475536,720575941431660937,1,VNC_T3_MetaNm_L,,45,2.2222222222222223,5,steering_control
720575941510475536,720575941464073558,6,VNC_HTct_L,,785,0.7643312101910829,5,steering_control
720575941510475536,720575941517764824,4,VNC_HTct_L,,625,0.64,5,steering_control
720575941510475536,720575941550878087,26,VNC_HTct_L,,1310,1.984732824427481,4,steering_control
720575941510475536,720575941579868917,7,VNC_HTct_L,,1745,0.40114613180515757,5,steering_control
720575941510475536,720575941579868917,7,VNC_IntTct_L,,1745,0.40114613180515757,5,steering_control
720575941510475536,720575941579868917,7,VNC_NTct_L,,1745,0.40114613180515757,5,steering_control
720575941510475536,720575941611080010,12,VNC_HTct_L,,2397,0.5006257822277848,4,steering_control
720575941510475536,720575941678358973,35,VNC_HTct_L,,1622,2.157829839704069,4,steering_control
720575941510642192,720575941399253283,3,VNC_HTct_R,,418,0.7177033492822966,2,steering_control
720575941510642192,720575941404452720,3,VNC_IntTct_L,,277,1.083032490974729,5,steering_control
720575941510642192,720575941404452720,2,VNC_NTct_L,,277,0.7220216606498195,5,steering_control
720575941510642192,720575941404452720,6,VNC_WTct_L,,277,2.166064981949458,5,steering_control
720575941510642192,720575941412443540,2,VNC_IntTct_L,,416,0.4807692307692308,2,steering_control
720575941510642192,720575941412443540,2,VNC_IntTct_R,,416,0.4807692307692308,2,steering_control
720575941510642192,720575941414326161,2,VNC_HTct_L,,343,0.5830903790087464,5,steering_control
720575941510642192,720575941414326161,7,VNC_IntTct_L,,343,2.0408163265306123,5,steering_control
720575941510642192,720575941428428681,3,VNC_HTct_R,,75,4.0,3,power_control
720575941510642192,720575941429324641,3,VNC_HTct_L,,37,8.108108108108109,5,steering_control
720575941510642192,720575941439063503,3,VNC_HTct_L,,346,0.8670520231213872,5,steering_control
720575941510642192,720575941449617230,3,VNC_IntTct_R,,655,0.45801526717557256,5,steering_control
720575941510642192,720575941471203447,7,VNC_HTct_L,,395,1.7721518987341773,2,steering_control
720575941510642192,720575941476037406,6,VNC_IntTct_L,,102,5.88235294117647,4,steering_control
720575941510642192,720575941476037406,1,VNC_LTct_L,,102,0.9803921568627451,4,steering_control
720575941510642192,720575941476037406,1,VNC_WTct_L,,102,0.9803921568627451,4,steering_control
720575941510642192,720575941476037406,1,VNC_WTct_R,,102,0.9803921568627451,4,steering_control
720575941510642192,720575941488475598,8,VNC_IntTct_R,,276,2.898550724637681,4,steering_control
720575941510642192,720575941490833072,6,VNC_IntTct_L,,293,2.04778156996587,4,steering_control
720575941510642192,720575941492446078,1,VNC_NTct_R,,89,1.1235955056179776,5,steering_control
720575941510642192,720575941492446078,2,VNC_WTct_R,,89,2.247191011235955,5,steering_control
720575941510642192,720575941494969726,4,VNC_IntTct_R,,505,0.7920792079207921,5,steering_control
720575941510642192,720575941494969726,4,VNC_WTct_L,,505,0.7920792079207921,5,steering_control
720575941510642192,720575941494969726,6,VNC_WTct_R,,505,1.188118811881188,5,steering_control
720575941510642192,720575941495591291,14,VNC_HTct_R,,654,2.1406727828746175,5,steering_control
720575941510642192,720575941496949410,3,VNC_IntTct_R,,199,1.507537688442211,5,steering_control
720575941510642192,720575941496949410,5,VNC_WTct_R,,199,2.512562814070352,5,steering_control
720575941510642192,720575941499426699,4,VNC_IntTct_R,,309,1.2944983818770228,4,steering_control
720575941510642192,720575941501848626,6,VNC_WTct_L,,52,11.538461538461538,5,steering_control
720575941510642192,720575941503499755,7,VNC_HTct_L,,259,2.7027027027027026,5,steering_control
720575941510642192,720575941505889409,1,VNC_IntTct_L,,102,0.9803921568627451,1,power_control
720575941510642192,720575941505889409,1,VNC_NTct_L,,102,0.9803921568627451,1,power_control
720575941510642192,720575941505889409,2,VNC_NTct_R,,102,1.9607843137254901,1,power_control
720575941510642192,720575941508542674,5,VNC_HTct_L,,521,0.9596928982725527,2,steering_control
720575941510642192,720575941516768472,3,VNC_HTct_R,,290,1.0344827586206897,5,steering_control
720575941510642192,720575941517764824,11,VNC_HTct_L,,625,1.76,5,steering_control
720575941510642192,720575941520333047,6,VNC_HTct_L,,936,0.641025641025641,5,steering_control
720575941510642192,720575941521101495,1,VNC_HTct_L,,97,1.0309278350515463,5,steering_control
720575941510642192,720575941521101495,5,VNC_T3_MetaNm_L,,97,5.154639175257731,5,steering_control
720575941510642192,720575941524196683,3,VNC_WTct_R,,264,1.1363636363636365,5,steering_control
720575941510642192,720575941526701412,9,VNC_HTct_L,,606,1.4851485148514851,5,steering_control
720575941510642192,720575941551588506,4,VNC_HTct_R,,261,1.532567049808429,5,steering_control
720575941510642192,720575941552622398,3,VNC_HTct_L,,210,1.4285714285714286,5,steering_control
720575941510642192,720575941552622398,3,VNC_HTct_R,,210,1.4285714285714286,5,steering_control
720575941510642192,720575941562021376,3,VNC_HTct_L,,519,0.5780346820809248,5,steering_control
720575941510642192,720575941562021376,4,VNC_IntTct_R,,519,0.7707129094412332,5,steering_control
720575941510642192,720575941562021376,14,VNC_WTct_L,,519,2.697495183044316,5,steering_control
720575941510642192,720575941562021376,8,VNC_WTct_R,,519,1.5414258188824663,5,steering_control
720575941510642192,720575941571515131,4,VNC_WTct_R,,81,4.938271604938271,1,power_control
720575941510642192,720575941576941045,5,VNC_IntTct_R,,608,0.8223684210526315,4,steering_control
720575941510642192,720575941594213927,2,VNC_HTct_L,,104,1.9230769230769231,5,steering_control
720575941510642192,720575941594213927,1,VNC_IntTct_L,,104,0.9615384615384616,5,steering_control
720575941510642192,720575941595972465,3,VNC_HTct_L,,139,2.158273381294964,4,steering_control
720575941510642192,720575941601088441,4,VNC_HTct_L,,891,0.44893378226711567,5,steering_control
720575941510642192,720575941610587612,4,VNC_ANm_R,,315,1.2698412698412698,5,steering_control
720575941510642192,720575941612611993,1,VNC_WTct_L,,55,1.8181818181818181,5,steering_control
720575941510642192,720575941612611993,1,VNC_WTct_R,,55,1.8181818181818181,5,steering_control
720575941510642192,720575941612611993,2,VNC_unassigned_L,,55,3.6363636363636362,5,steering_control
720575941510642192,720575941623108298,16,VNC_HTct_R,,2454,0.6519967400162999,5,steering_control
720575941510642192,720575941623108298,11,VNC_IntTct_R,,2454,0.44824775876120615,5,steering_control
720575941510642192,720575941623108298,20,VNC_WTct_R,,2454,0.8149959250203749,5,steering_control
720575941510642192,720575941623328108,4,VNC_IntTct_L,,491,0.8146639511201629,5,steering_control
720575941510642192,720575941623328108,4,VNC_IntTct_R,,491,0.8146639511201629,5,steering_control
720575941510642192,720575941623328108,7,VNC_WTct_R,,491,1.4256619144602851,5,steering_control
720575941510642192,720575941630933947,13,VNC_IntTct_L,,704,1.8465909090909092,4,steering_control
720575941510642192,720575941630959035,4,VNC_HTct_R,,391,1.0230179028132993,5,steering_control
720575941510642192,720575941630959035,2,VNC_WTct_R,,391,0.5115089514066496,5,steering_control
720575941510642192,720575941652191961,3,VNC_NTct_L,,78,3.8461538461538463,5,steering_control
720575941510642192,720575941652191961,6,VNC_WTct_L,,78,7.6923076923076925,5,steering_control
720575941510642192,720575941655827480,1,VNC_IntTct_R,,81,1.2345679012345678,1,power_control
720575941510642192,720575941655827480,3,VNC_NTct_R,,81,3.7037037037037033,1,power_control
720575941510642192,720575941655827480,1,VNC_WTct_L,,81,1.2345679012345678,1,power_control
720575941510642192,720575941671138727,26,VNC_HTct_L,,2296,1.132404181184669,5,steering_control
720575941510642192,720575941671138727,21,VNC_WTct_L,,2296,0.9146341463414633,5,steering_control
720575941510642192,720575941679017405,3,VNC_HTct_R,,50,6.0,5,steering_control
720575941510642192,720575941721193018,1,VNC_IntTct_R,,223,0.4484304932735426,5,steering_control
720575941510642192,720575941721193018,3,VNC_WTct_L,,223,1.345291479820628,5,steering_control
720575941511336402,720575941412443540,3,VNC_HTct_R,,416,0.7211538461538461,2,steering_control
720575941511336402,720575941412443540,2,VNC_WTct_R,,416,0.4807692307692308,2,steering_control
720575941511336402,720575941429556655,6,VNC_IntTct_R,,1452,0.4132231404958678,5,steering_control
720575941511336402,720575941429556655,6,VNC_NTct_R,,1452,0.4132231404958678,5,steering_control
720575941511336402,720575941464901398,4,VNC_HTct_R,,833,0.4801920768307323,5,steering_control
720575941511336402,720575941496830370,7,VNC_HTct_R,,1278,0.5477308294209703,4,steering_control
720575941511336402,720575941501721138,8,VNC_HTct_R,,1210,0.6611570247933884,4,steering_control
720575941511336402,720575941528944568,24,VNC_HTct_R,,2084,1.1516314779270633,4,steering_control
720575941511336402,720575941528944568,11,VNC_IntTct_R,,2084,0.527831094049904,4,steering_control
720575941511336402,720575941574155003,7,VNC_HTct_R,,510,1.3725490196078431,3,power_control
720575941511336402,720575941574155003,3,VNC_WTct_R,,510,0.5882352941176471,3,power_control
720575941511336402,720575941623347099,4,VNC_IntTct_R,,455,0.8791208791208791,2,steering_control
720575941511336402,720575941650775313,4,VNC_IntTct_R,,456,0.8771929824561403,2,steering_control
720575941511336402,720575941652314841,2,VNC_HTct_R,,228,0.8771929824561403,4,steering_control
720575941511336402,720575941652314841,2,VNC_WTct_R,,228,0.8771929824561403,4,steering_control
720575941511473996,720575941483838349,3,VNC_HTct_L,,256,1.171875,2,steering_control
720575941511473996,720575941535331338,14,VNC_IntTct_L,,785,1.78343949044586,5,steering_control
720575941511473996,720575941583208582,2,VNC_HTct_L,,159,1.257861635220126,3,power_control
720575941511473996,720575941583208582,1,VNC_NTct_L,,159,0.628930817610063,3,power_control
720575941511473996,720575941650775313,10,VNC_IntTct_L,,456,2.1929824561403506,2,steering_control
720575941511473996,720575941723242042,4,VNC_IntTct_L,,791,0.5056890012642226,5,steering_control
720575941512600140,720575941530853507,3,VNC_IntTct_L,,434,0.6912442396313364,2,steering_control
720575941512600140,720575941547226248,3,VNC_NTct_L,,653,0.45941807044410415,5,steering_control
720575941512837452,720575941474437681,3,VNC_IntTct_L,,297,1.0101010101010102,5,steering_control
720575941512837452,720575941478092963,2,VNC_HTct_L,,466,0.4291845493562232,5,steering_control
720575941512837452,720575941530853507,2,VNC_IntTct_L,,434,0.4608294930875576,2,steering_control
720575941512837452,720575941553338778,14,VNC_IntTct_L,,2701,0.518326545723806,5,steering_control
720575941512837452,720575941612053094,7,VNC_HTct_L,,914,0.7658643326039387,5,steering_control
720575941512837452,720575941623347099,3,VNC_IntTct_L,,455,0.6593406593406593,2,steering_control
720575941513096012,720575941429556655,28,VNC_NTct_R,,1452,1.9283746556473829,5,steering_control
720575941513116762,720575941567030516,4,VNC_NTct_R,,169,2.366863905325444,1,power_control
720575941513203665,720575941429556655,6,VNC_IntTct_R,,1452,0.4132231404958678,5,steering_control
720575941513203665,720575941492308606,3,VNC_IntTct_R,,529,0.5671077504725899,2,steering_control
720575941513419619,720575941491651559,3,VNC_IntTct_R,,162,1.8518518518518516,5,steering_control
720575941513419619,720575941491651559,1,VNC_NTct_R,,162,0.6172839506172839,5,steering_control
720575941513419619,720575941526355844,3,VNC_HTct_R,,389,0.7712082262210797,5,steering_control
720575941513419619,720575941526355844,3,VNC_IntTct_R,,389,0.7712082262210797,5,steering_control
720575941513419619,720575941574155003,3,VNC_IntTct_R,,510,0.5882352941176471,3,power_control
720575941513772179,720575941438938175,7,VNC_IntTct_L,,1113,0.628930817610063,5,steering_control
720575941513772179,720575941553338778,21,VNC_IntTct_L,,2701,0.777489818585709,5,steering_control
720575941513772179,720575941653507801,6,VNC_HTct_L,,367,1.6348773841961852,5,steering_control
720575941513772179,720575941723242042,4,VNC_IntTct_L,,791,0.5056890012642226,5,steering_control
720575941513808849,720575941410025071,3,VNC_unassigned_L,,106,2.8301886792452833,5,steering_control
720575941513942106,720575941566956532,3,VNC_IntTct_R,,460,0.6521739130434783,2,steering_control
720575941514358675,720575941399309603,11,VNC_IntTct_L,,484,2.272727272727273,2,steering_control
720575941514358675,720575941399309603,3,VNC_WTct_L,,484,0.6198347107438017,2,steering_control
720575941514358675,720575941412323473,3,VNC_WTct_L,,466,0.6437768240343348,2,steering_control
720575941514358675,720575941412323473,5,VNC_unassigned_L,,466,1.0729613733905579,2,steering_control
720575941514358675,720575941471203447,4,VNC_WTct_L,,395,1.0126582278481013,2,steering_control
720575941514358675,720575941479098819,4,VNC_WTct_L,,334,1.1976047904191618,2,steering_control
720575941514358675,720575941583511518,8,VNC_IntTct_L,,537,1.48975791433892,2,steering_control
720575941514358675,720575941608861929,3,VNC_IntTct_L,,441,0.6802721088435374,2,steering_control
720575941514447097,720575941477297716,5,VNC_NTct_L,,889,0.562429696287964,5,steering_control
720575941514461772,720575941429532119,3,VNC_LTct_R,,262,1.1450381679389312,3,power_control
720575941514461772,720575941457802480,16,VNC_IntTct_R,,1611,0.9931719428926132,5,steering_control
720575941514461772,720575941457802480,15,VNC_LTct_L,,1611,0.931098696461825,5,steering_control
720575941514461772,720575941457802480,16,VNC_LTct_R,,1611,0.9931719428926132,5,steering_control
720575941514461772,720575941459554960,3,VNC_IntTct_R,,439,0.683371298405467,2,steering_control
720575941514461772,720575941474571572,2,VNC_T3_MetaNm_L,,434,0.4608294930875576,5,steering_control
720575941514461772,720575941474571572,2,VNC_T3_MetaNm_R,,434,0.4608294930875576,5,steering_control
720575941514461772,720575941488732876,5,VNC_IntTct_R,,456,1.0964912280701753,2,steering_control
720575941514461772,720575941512798929,2,VNC_T3_MetaNm_L,,269,0.7434944237918215,5,steering_control
720575941514461772,720575941512798929,3,VNC_T3_MetaNm_R,,269,1.1152416356877324,5,steering_control
720575941514461772,720575941521236915,4,VNC_T3_MetaNm_R,,400,1.0,5,steering_control
720575941514461772,720575941570817352,3,VNC_IntTct_L,,403,0.7444168734491315,2,steering_control
720575941514461772,720575941583254918,5,VNC_IntTct_R,,331,1.5105740181268883,2,steering_control
720575941514461772,720575941623067338,17,VNC_LTct_R,,507,3.353057199211045,5,steering_control
720575941514461772,720575941636281205,7,VNC_LTct_R,,673,1.040118870728083,5,steering_control
720575941514530892,720575941484663558,1,VNC_WTct_R,,147,0.6802721088435374,1,power_control
720575941514530892,720575941484663558,2,VNC_unassigned_R,,147,1.3605442176870748,1,power_control
720575941514530892,720575941489819081,4,VNC_WTct_R,,330,1.2121212121212122,3,power_control
720575941514530892,720575941533234954,4,VNC_WTct_R,,175,2.2857142857142856,1,power_control
720575941514530892,720575941539218301,10,VNC_WTct_R,,571,1.7513134851138354,3,power_control
720575941514530892,720575941539218301,5,VNC_unassigned_R,,571,0.8756567425569177,3,power_control
720575941514530892,720575941551389979,1,VNC_WTct_L,,188,0.5319148936170213,1,power_control
720575941514530892,720575941551389979,2,VNC_WTct_R,,188,1.0638297872340425,1,power_control
720575941514530892,720575941623353755,5,VNC_WTct_R,,301,1.6611295681063125,5,steering_control
720575941514530892,720575941642447973,3,VNC_WTct_R,,129,2.3255813953488373,5,steering_control
720575941514949881,720575941523112439,4,VNC_NTct_L,,860,0.46511627906976744,5,steering_control
720575941514949881,720575941525725954,8,VNC_NTct_L,,667,1.199400299850075,5,steering_control
720575941514949881,720575941579868917,67,VNC_NTct_L,,1745,3.839541547277937,5,steering_control
720575941515238234,720575941457073478,4,VNC_IntTct_R,,367,1.08991825613079,2,steering_control
720575941515411603,720575941457073478,3,VNC_IntTct_R,,367,0.8174386920980926,2,steering_control
720575941515411603,720575941533761050,5,VNC_IntTct_R,,420,1.1904761904761905,2,steering_control
720575941515579747,720575941477297716,4,VNC_unassigned_L,,889,0.44994375703037126,5,steering_control
720575941515619427,720575941401776931,11,VNC_IntTct_R,,935,1.1764705882352942,5,steering_control
720575941515619427,720575941401776931,5,VNC_LTct_R,,935,0.53475935828877,5,steering_control
720575941515619427,720575941405813295,1,VNC_HTct_R,,225,0.4444444444444444,5,steering_control
720575941515619427,720575941405813295,2,VNC_IntTct_R,,225,0.8888888888888888,5,steering_control
720575941515619427,720575941408509867,4,VNC_IntTct_L,,434,0.9216589861751152,1,power_control
720575941515619427,720575941408509867,12,VNC_IntTct_R,,434,2.7649769585253456,1,power_control
720575941515619427,720575941408509867,10,VNC_WTct_R,,434,2.3041474654377883,1,power_control
720575941515619427,720575941447013813,4,VNC_T3_MetaNm_L,,962,0.4158004158004158,5,steering_control
720575941515619427,720575941460235152,2,VNC_IntTct_R,,453,0.44150110375275936,1,power_control
720575941515619427,720575941468245879,2,VNC_IntTct_R,,244,0.819672131147541,5,steering_control
720575941515619427,720575941468245879,2,VNC_WTct_R,,244,0.819672131147541,5,steering_control
720575941515619427,720575941473850720,6,VNC_IntTct_L,,1212,0.49504950495049505,5,steering_control
720575941515619427,720575941474334779,8,VNC_HTct_R,,883,0.9060022650056626,5,steering_control
720575941515619427,720575941474437681,5,VNC_IntTct_R,,297,1.6835016835016834,5,steering_control
720575941515619427,720575941477884802,8,VNC_HTct_R,,995,0.8040201005025126,5,steering_control
720575941515619427,720575941517770412,8,VNC_IntTct_R,,413,1.937046004842615,1,power_control
720575941515619427,720575941517770412,4,VNC_NTct_R,,413,0.9685230024213075,1,power_control
720575941515619427,720575941517770412,6,VNC_WTct_R,,413,1.4527845036319613,1,power_control
720575941515619427,720575941526690841,7,VNC_IntTct_L,,385,1.8181818181818181,1,power_control
720575941515619427,720575941526718564,1,VNC_ANm_R,,111,0.9009009009009009,5,steering_control
720575941515619427,720575941526718564,2,VNC_HTct_R,,111,1.8018018018018018,5,steering_control
720575941515619427,720575941532246762,28,VNC_IntTct_R,,1209,2.315963606286187,5,steering_control
720575941515619427,720575941532246762,6,VNC_NTct_R,,1209,0.49627791563275436,5,steering_control
720575941515619427,720575941532432618,4,VNC_IntTct_R,,374,1.06951871657754,5,steering_control
720575941515619427,720575941535047690,10,VNC_IntTct_R,,1366,0.7320644216691069,5,steering_control
720575941515619427,720575941562134829,16,VNC_IntTct_R,,519,3.0828516377649327,1,power_control
720575941515619427,720575941562134829,3,VNC_WTct_R,,519,0.5780346820809248,1,power_control
720575941515619427,720575941607605101,21,VNC_IntTct_R,,1411,1.48830616583983,5,steering_control
720575941515619427,720575941607605101,6,VNC_NTct_R,,1411,0.42523033309709424,5,steering_control
720575941515619427,720575941619873663,4,VNC_LTct_R,,920,0.43478260869565216,2,steering_control
720575941515619427,720575941623347099,9,VNC_IntTct_R,,455,1.9780219780219779,2,steering_control
720575941515630947,720575941429439959,9,VNC_IntTct_R,,2000,0.44999999999999996,5,steering_control
720575941515917667,720575941401776931,6,VNC_IntTct_L,,935,0.6417112299465241,5,steering_control
720575941515917667,720575941490833072,3,VNC_IntTct_L,,293,1.023890784982935,4,steering_control
720575941515917667,720575941535331338,11,VNC_IntTct_L,,785,1.4012738853503186,5,steering_control
720575941515917667,720575941549386239,4,VNC_IntTct_L,,409,0.9779951100244498,2,steering_control
720575941515917667,720575941549386239,2,VNC_unassigned_L,,409,0.4889975550122249,2,steering_control
720575941515917667,720575941553338778,18,VNC_IntTct_L,,2701,0.6664198445020363,5,steering_control
720575941515917667,720575941723242042,5,VNC_IntTct_L,,791,0.6321112515802781,5,steering_control
720575941515922778,720575941429532119,7,VNC_T3_MetaNm_L,,262,2.6717557251908395,3,power_control
720575941515922778,720575941431072137,7,VNC_IntTct_L,,55,12.727272727272727,3,power_control
720575941515922778,720575941431072137,5,VNC_LTct_L,,55,9.090909090909092,3,power_control
720575941515922778,720575941431072137,4,VNC_T1_ProNm_L,,55,7.2727272727272725,3,power_control
720575941515922778,720575941431072137,2,VNC_WTct_L,,55,3.6363636363636362,3,power_control
720575941515922778,720575941438659551,2,VNC_ANm_L,,322,0.6211180124223602,2,steering_control
720575941515922778,720575941438659551,6,VNC_T3_MetaNm_L,,322,1.8633540372670807,2,steering_control
720575941515922778,720575941524021860,2,VNC_IntTct_L,,31,6.451612903225806,3,power_control
720575941515922778,720575941524021860,2,VNC_T1_ProNm_L,,31,6.451612903225806,3,power_control
720575941515922778,720575941557882895,7,VNC_LTct_L,,606,1.155115511551155,5,steering_control
720575941515922778,720575941568855540,2,VNC_ANm_L,,137,1.4598540145985401,5,steering_control
720575941515922778,720575941568855540,3,VNC_T3_MetaNm_L,,137,2.18978102189781,5,steering_control
720575941515922778,720575941625907769,8,VNC_T3_MetaNm_L,,1473,0.5431093007467752,5,steering_control
720575941515922778,720575941655477716,1,VNC_ANm_L,,243,0.411522633744856,1,power_control
720575941515922778,720575941655477716,2,VNC_T3_MetaNm_L,,243,0.823045267489712,1,power_control
720575941515922778,720575941655477716,1,VNC_unassigned_L,,243,0.411522633744856,1,power_control
720575941515922778,720575941662295352,9,VNC_T3_MetaNm_L,,150,6.0,2,steering_control
720575941515944803,720575941518434227,3,VNC_unassigned_L,,748,0.4010695187165776,1,power_control
720575941515944803,720575941521485643,5,VNC_unassigned_L,,295,1.694915254237288,1,power_control
720575941515944803,720575941528729784,2,VNC_T2_MesoNm_L,,272,0.7352941176470588,1,power_control
720575941515944803,720575941567639922,4,VNC_WTct_L,,485,0.8247422680412372,2,steering_control
720575941515944803,720575941571427323,2,VNC_NTct_L,,380,0.5263157894736842,3,power_control
720575941515969123,720575941498482043,6,VNC_IntTct_R,,1024,0.5859375,3,power_control
720575941515972698,720575941399309603,4,VNC_HTct_L,,484,0.8264462809917356,2,steering_control
720575941515972698,720575941399309603,10,VNC_IntTct_L,,484,2.066115702479339,2,steering_control
720575941515972698,720575941399309603,7,VNC_WTct_L,,484,1.4462809917355373,2,steering_control
720575941515972698,720575941410007663,9,VNC_HTct_L,,186,4.838709677419355,5,steering_control
720575941515972698,720575941410007663,9,VNC_IntTct_L,,186,4.838709677419355,5,steering_control
720575941515972698,720575941410007663,1,VNC_WTct_L,,186,0.5376344086021506,5,steering_control
720575941515972698,720575941412323473,9,VNC_IntTct_L,,466,1.9313304721030045,2,steering_control
720575941515972698,720575941412323473,2,VNC_LTct_L,,466,0.4291845493562232,2,steering_control
720575941515972698,720575941412443540,4,VNC_IntTct_L,,416,0.9615384615384616,2,steering_control
720575941515972698,720575941412443540,2,VNC_WTct_L,,416,0.4807692307692308,2,steering_control
720575941515972698,720575941414326161,5,VNC_HTct_L,,343,1.4577259475218658,5,steering_control
720575941515972698,720575941414326161,6,VNC_IntTct_L,,343,1.749271137026239,5,steering_control
720575941515972698,720575941457147206,12,VNC_HTct_L,,1471,0.8157715839564922,5,steering_control
720575941515972698,720575941457147206,24,VNC_IntTct_L,,1471,1.6315431679129844,5,steering_control
720575941515972698,720575941457147206,13,VNC_WTct_L,,1471,0.8837525492861998,5,steering_control
720575941515972698,720575941465484566,23,VNC_HTct_L,,2567,0.8959875340864824,2,steering_control
720575941515972698,720575941465484566,21,VNC_IntTct_L,,2567,0.8180755746007012,2,steering_control
720575941515972698,720575941471203447,6,VNC_HTct_L,,395,1.5189873417721518,2,steering_control
720575941515972698,720575941477166622,29,VNC_IntTct_L,,1660,1.746987951807229,5,steering_control
720575941515972698,720575941477884802,6,VNC_HTct_L,,995,0.6030150753768844,5,steering_control
720575941515972698,720575941478092963,4,VNC_IntTct_L,,466,0.8583690987124464,5,steering_control
720575941515972698,720575941478092963,5,VNC_WTct_L,,466,1.0729613733905579,5,steering_control
720575941515972698,720575941508542674,8,VNC_HTct_L,,521,1.5355086372360844,2,steering_control
720575941515972698,720575941508542674,3,VNC_WTct_L,,521,0.5758157389635317,2,steering_control
720575941515972698,720575941530853507,5,VNC_HTct_L,,434,1.1520737327188941,2,steering_control
720575941515972698,720575941530853507,11,VNC_IntTct_L,,434,2.5345622119815667,2,steering_control
720575941515972698,720575941533221825,3,VNC_LTct_L,,198,1.5151515151515151,5,steering_control
720575941515972698,720575941535331338,10,VNC_IntTct_L,,785,1.2738853503184715,5,steering_control
720575941515972698,720575941535331338,10,VNC_WTct_L,,785,1.2738853503184715,5,steering_control
720575941515972698,720575941549386239,2,VNC_IntTct_L,,409,0.4889975550122249,2,steering_control
720575941515972698,720575941572251144,33,VNC_HTct_L,,3255,1.0138248847926268,2,steering_control
720575941515972698,720575941572251144,34,VNC_IntTct_L,,3255,1.044546850998464,2,steering_control
720575941515972698,720575941573204662,3,VNC_IntTct_L,,26,11.538461538461538,5,steering_control
720575941515972698,720575941583511518,5,VNC_IntTct_L,,537,0.931098696461825,2,steering_control
720575941515972698,720575941588018942,3,VNC_IntTct_L,,333,0.9009009009009009,5,steering_control
720575941515972698,720575941594213927,4,VNC_IntTct_L,,104,3.8461538461538463,5,steering_control
720575941515972698,720575941594213927,3,VNC_WTct_L,,104,2.8846153846153846,5,steering_control
720575941515972698,720575941608861929,13,VNC_IntTct_L,,441,2.947845804988662,2,steering_control
720575941515972698,720575941608861929,3,VNC_WTct_L,,441,0.6802721088435374,2,steering_control
720575941515972698,720575941612053094,7,VNC_HTct_L,,914,0.7658643326039387,5,steering_control
720575941515972698,720575941623347099,3,VNC_IntTct_L,,455,0.6593406593406593,2,steering_control
720575941515972698,720575941630748859,17,VNC_HTct_L,,1573,1.080737444373808,2,steering_control
720575941515972698,720575941652191961,3,VNC_NTct_L,,78,3.8461538461538463,5,steering_control
720575941515972698,720575941653507801,16,VNC_HTct_L,,367,4.35967302452316,5,steering_control
720575941515972698,720575941671138727,51,VNC_IntTct_L,,2296,2.221254355400697,5,steering_control
720575941515972698,720575941671138727,23,VNC_WTct_L,,2296,1.0017421602787455,5,steering_control
720575941516229475,720575941492350590,3,VNC_AMNp_L,,269,1.1152416356877324,5,steering_control
720575941516357881,720575941537600973,3,VNC_HTct_L,,420,0.7142857142857143,5,steering_control
720575941516357881,720575941588018942,5,VNC_HTct_L,,333,1.5015015015015014,5,steering_control
720575941516357881,720575941591748648,3,VNC_HTct_L,,248,1.2096774193548387,5,steering_control
720575941516357881,720575941591748648,9,VNC_IntTct_L,,248,3.6290322580645165,5,steering_control
720575941516764819,720575941474437681,3,VNC_HTct_L,,297,1.0101010101010102,5,steering_control
720575941516764819,720575941521986227,3,VNC_IntTct_R,,306,0.9803921568627451,5,steering_control
720575941516764819,720575941521986227,2,VNC_WTct_L,,306,0.6535947712418301,5,steering_control
720575941516764819,720575941588018942,6,VNC_HTct_L,,333,1.8018018018018018,5,steering_control
720575941517006296,720575941456678893,5,VNC_NTct_L,,924,0.5411255411255411,5,steering_control
720575941518951091,720575941464901398,12,VNC_HTct_R,,833,1.440576230492197,5,steering_control
720575941518951091,720575941464901398,4,VNC_IntTct_R,,833,0.4801920768307323,5,steering_control
720575941518951091,720575941487910608,7,VNC_HTct_R,,190,3.684210526315789,5,steering_control
720575941518951091,720575941498935777,8,VNC_NTct_R,,1338,0.5979073243647235,5,steering_control
720575941519274968,720575941431660937,3,VNC_ANm_R,,45,6.666666666666667,5,steering_control
720575941519453550,720575941498482043,7,VNC_AMNp_R,,1024,0.68359375,3,power_control
720575941519453550,720575941498482043,6,VNC_IntTct_R,,1024,0.5859375,3,power_control
720575941519453550,720575941498482043,7,VNC_T1_ProNm_R,,1024,0.68359375,3,power_control
720575941519453550,720575941498482043,18,VNC_T2_MesoNm_R,,1024,1.7578125,3,power_control
720575941519453550,720575941545408904,2,VNC_IntTct_R,,95,2.1052631578947367,3,power_control
720575941519453550,720575941545408904,1,VNC_LTct_R,,95,1.0526315789473684,3,power_control
720575941519453550,720575941545408904,2,VNC_T1_ProNm_R,,95,2.1052631578947367,3,power_control
720575941519453550,720575941643002962,3,VNC_T2_MesoNm_R,,39,7.6923076923076925,3,power_control
720575941519463278,720575941436391698,5,VNC_unassigned_L,,358,1.3966480446927374,5,steering_control
720575941519463278,720575941452198707,6,VNC_unassigned_L,,829,0.7237635705669482,5,steering_control
720575941519463278,720575941452199475,6,VNC_unassigned_L,,670,0.8955223880597015,5,steering_control
720575941519463278,720575941479369346,3,VNC_T1_ProNm_L,,509,0.5893909626719057,5,steering_control
720575941519463278,720575941479369346,4,VNC_unassigned_L,,509,0.7858546168958742,5,steering_control
720575941519463278,720575941501026283,4,VNC_unassigned_L,,205,1.951219512195122,1,power_control
720575941519463278,720575941504424517,4,VNC_unassigned_L,,164,2.4390243902439024,1,power_control
720575941519463278,720575941527843768,2,VNC_WTct_L,,403,0.49627791563275436,5,steering_control
720575941519463278,720575941527843768,5,VNC_unassigned_L,,403,1.240694789081886,5,steering_control
720575941519463278,720575941528729784,2,VNC_WTct_L,,272,0.7352941176470588,1,power_control
720575941519463278,720575941529212619,2,VNC_WTct_L,,250,0.8,5,steering_control
720575941519463278,720575941529212619,7,VNC_unassigned_L,,250,2.8000000000000003,5,steering_control
720575941519463278,720575941555575332,5,VNC_unassigned_L,,271,1.8450184501845017,5,steering_control
720575941519463278,720575941559310125,4,VNC_WTct_L,,322,1.2422360248447204,5,steering_control
720575941519463278,720575941559310125,7,VNC_unassigned_L,,322,2.1739130434782608,5,steering_control
720575941519463278,720575941606544493,1,VNC_WTct_L,,116,0.8620689655172413,1,power_control
720575941519463278,720575941606544493,2,VNC_unassigned_L,,116,1.7241379310344827,1,power_control
720575941519463278,720575941608900585,4,VNC_unassigned_L,,338,1.183431952662722,5,steering_control
720575941519463278,720575941632698555,21,VNC_T2_MesoNm_L,,2639,0.7957559681697612,3,power_control
720575941519463278,720575941654985945,4,VNC_T3_MetaNm_L,,531,0.7532956685499058,5,steering_control
720575941519464046,720575941613448668,15,VNC_T2_MesoNm_R,,3300,0.45454545454545453,5,steering_control
720575941521256115,720575941401776931,6,VNC_T1_ProNm_R,,935,0.6417112299465241,5,steering_control
720575941521256115,720575941456667373,5,VNC_T1_ProNm_R,,321,1.557632398753894,5,steering_control
720575941521256115,720575941573489416,3,VNC_T2_MesoNm_R,,212,1.4150943396226416,5,steering_control
720575941521340087,720575941414326161,2,VNC_HTct_L,,343,0.5830903790087464,5,steering_control
720575941521340087,720575941414326161,7,VNC_IntTct_L,,343,2.0408163265306123,5,steering_control
720575941521340087,720575941447013813,6,VNC_IntTct_L,,962,0.6237006237006237,5,steering_control
720575941521340087,720575941464073558,17,VNC_IntTct_L,,785,2.1656050955414012,5,steering_control
720575941521340087,720575941477166622,11,VNC_IntTct_L,,1660,0.6626506024096386,5,steering_control
720575941521340087,720575941517764824,5,VNC_HTct_L,,625,0.8,5,steering_control
720575941521340087,720575941601088441,4,VNC_IntTct_L,,891,0.44893378226711567,5,steering_control
720575941521340087,720575941678358973,7,VNC_HTct_L,,1622,0.43156596794081376,4,steering_control
720575941523074295,720575941503451301,10,VNC_HTct_R,,2065,0.48426150121065376,2,steering_control
720575941523074295,720575941607605101,22,VNC_NTct_R,,1411,1.559177888022679,5,steering_control
720575941523074295,720575941665522419,3,VNC_HTct_R,,336,0.8928571428571428,2,steering_control
720575941523079671,720575941569652638,4,VNC_LTct_L,,354,1.1299435028248588,4,steering_control
720575941523099127,720575941402032240,7,VNC_WTct_R,,324,2.1604938271604937,1,power_control
720575941523099127,720575941474334779,9,VNC_HTct_R,,883,1.0192525481313703,5,steering_control
720575941523099127,720575941516099500,11,VNC_HTct_R,,769,1.4304291287386215,1,power_control
720575941523099127,720575941516099500,5,VNC_WTct_R,,769,0.6501950585175552,1,power_control
720575941523099127,720575941518434227,7,VNC_WTct_R,,748,0.9358288770053476,1,power_control
720575941523099127,720575941532246762,10,VNC_IntTct_R,,1209,0.8271298593879239,5,steering_control
720575941523099127,720575941546491681,4,VNC_HTct_R,,797,0.5018820577164366,5,steering_control
720575941523099127,720575941554049307,5,VNC_WTct_R,,637,0.7849293563579277,1,power_control
720575941523099127,720575941574155003,3,VNC_HTct_R,,510,0.5882352941176471,3,power_control
720575941523099127,720575941594160421,6,VNC_NTct_R,,733,0.8185538881309686,1,power_control
720575941523099127,720575941594160421,16,VNC_WTct_R,,733,2.1828103683492497,1,power_control
720575941523099127,720575941601153270,7,VNC_HTct_R,,661,1.059001512859304,5,steering_control
720575941523099127,720575941641473874,6,VNC_HTct_R,,296,2.027027027027027,5,steering_control
720575941523099127,720575941684876527,3,VNC_HTct_R,,218,1.3761467889908259,5,steering_control
720575941523790925,720575941401776931,5,VNC_IntTct_R,,935,0.53475935828877,5,steering_control
720575941523790925,720575941491289033,4,VNC_IntTct_R,,418,0.9569377990430622,2,steering_control
720575941523790925,720575941491289033,3,VNC_LTct_R,,418,0.7177033492822966,2,steering_control
720575941524513892,720575941477166622,11,VNC_IntTct_L,,1660,0.6626506024096386,5,steering_control
720575941524513892,720575941536371442,3,VNC_IntTct_L,,453,0.6622516556291391,4,steering_control
720575941526676301,720575941515619939,7,VNC_NTct_R,,346,2.023121387283237,1,power_control
720575941526676301,720575941516768472,3,VNC_IntTct_R,,290,1.0344827586206897,5,steering_control
720575941526676301,720575941518434227,4,VNC_WTct_R,,748,0.53475935828877,1,power_control
720575941526676301,720575941554049307,3,VNC_NTct_R,,637,0.47095761381475665,1,power_control
720575941526676301,720575941554049307,3,VNC_unassigned_R,,637,0.47095761381475665,1,power_control
720575941526676301,720575941564034614,3,VNC_ANm_R,,116,2.586206896551724,5,steering_control
720575941526676301,720575941625932682,2,VNC_HTct_R,,274,0.7299270072992701,5,steering_control
720575941526676301,720575941625932682,3,VNC_IntTct_R,,274,1.094890510948905,5,steering_control
720575941526676301,720575941625932682,2,VNC_WTct_R,,274,0.7299270072992701,5,steering_control
720575941526676301,720575941663099516,2,VNC_HTct_R,,343,0.5830903790087464,5,steering_control
720575941526676301,720575941721193018,3,VNC_WTct_R,,223,1.345291479820628,5,steering_control
720575941526696804,720575941461227152,1,VNC_IntTct_L,,109,0.9174311926605505,5,steering_control
720575941526696804,720575941461227152,3,VNC_NTct_L,,109,2.7522935779816518,5,steering_control
720575941526723609,720575941477166622,21,VNC_IntTct_L,,1660,1.2650602409638554,5,steering_control
720575941526772836,720575941600259369,6,VNC_T2_MesoNm_L,,845,0.7100591715976331,3,power_control
720575941526946050,720575941477166622,13,VNC_IntTct_L,,1660,0.783132530120482,5,steering_control
720575941526946562,720575941464768790,4,VNC_NTct_R,,723,0.5532503457814661,5,steering_control
720575941526946562,720575941464768790,7,VNC_T1_ProNm_R,,723,0.9681881051175657,5,steering_control
720575941526946562,720575941498482043,13,VNC_T1_ProNm_R,,1024,1.26953125,3,power_control
720575941526954498,720575941402032240,3,VNC_WTct_L,,324,0.9259259259259258,1,power_control
720575941526954498,720575941402032240,5,VNC_WTct_R,,324,1.5432098765432098,1,power_control
720575941526954498,720575941456678893,14,VNC_NTct_L,,924,1.5151515151515151,5,steering_control
720575941526954498,720575941594160421,4,VNC_WTct_R,,733,0.5457025920873124,1,power_control
720575941526954498,720575941631436524,5,VNC_IntTct_R,,801,0.6242197253433208,5,steering_control
720575941526954498,720575941663099516,2,VNC_HTct_R,,343,0.5830903790087464,5,steering_control
720575941526955266,720575941501721138,8,VNC_HTct_R,,1210,0.6611570247933884,4,steering_control
720575941526955266,720575941528944568,12,VNC_HTct_R,,2084,0.5758157389635317,4,steering_control
720575941526955266,720575941574155003,10,VNC_HTct_R,,510,1.9607843137254901,3,power_control
720575941526955266,720575941609001034,10,VNC_NTct_R,,563,1.7761989342806392,5,steering_control
720575941527162905,720575941401776931,5,VNC_IntTct_L,,935,0.53475935828877,5,steering_control
720575941527162905,720575941428412809,6,VNC_IntTct_L,,1408,0.4261363636363636,2,steering_control
720575941527162905,720575941457802480,9,VNC_IntTct_L,,1611,0.5586592178770949,5,steering_control
720575941527162905,720575941457802480,39,VNC_LTct_L,,1611,2.4208566108007448,5,steering_control
720575941527162905,720575941470067063,7,VNC_IntTct_L,,470,1.4893617021276597,4,steering_control
720575941527162905,720575941470067063,2,VNC_LTct_L,,470,0.425531914893617,4,steering_control
720575941527162905,720575941470067063,3,VNC_WTct_L,,470,0.6382978723404255,4,steering_control
720575941527162905,720575941487942608,8,VNC_T1_ProNm_L,,268,2.9850746268656714,5,steering_control
720575941527162905,720575941490833072,3,VNC_IntTct_L,,293,1.023890784982935,4,steering_control
720575941527162905,720575941490833072,4,VNC_LTct_L,,293,1.3651877133105803,4,steering_control
720575941527162905,720575941515936505,4,VNC_T2_MesoNm_L,,938,0.42643923240938164,3,power_control
720575941527162905,720575941516784494,7,VNC_IntTct_L,,469,1.4925373134328357,5,steering_control
720575941527162905,720575941516784494,7,VNC_LTct_L,,469,1.4925373134328357,5,steering_control
720575941527162905,720575941535331338,8,VNC_IntTct_L,,785,1.019108280254777,5,steering_control
720575941527162905,720575941576941045,11,VNC_IntTct_L,,608,1.8092105263157896,4,steering_control
720575941527162905,720575941576941045,9,VNC_LTct_L,,608,1.4802631578947367,4,steering_control
720575941527162905,720575941595021681,8,VNC_LTct_L,,506,1.5810276679841897,5,steering_control
720575941527162905,720575941600259369,5,VNC_LTct_L,,845,0.591715976331361,3,power_control
720575941527162905,720575941600259369,8,VNC_T2_MesoNm_L,,845,0.9467455621301776,3,power_control
720575941527162905,720575941619873663,4,VNC_T1_ProNm_L,,920,0.43478260869565216,2,steering_control
720575941527162905,720575941630933947,6,VNC_IntTct_L,,704,0.8522727272727272,4,steering_control
720575941527162905,720575941630933947,10,VNC_LTct_L,,704,1.4204545454545454,4,steering_control
720575941527162905,720575941630933947,3,VNC_unassigned_L,,704,0.4261363636363636,4,steering_control
720575941527162905,720575941636281205,4,VNC_LTct_L,,673,0.5943536404160475,5,steering_control
720575941527175524,720575941456678893,8,VNC_NTct_L,,924,0.8658008658008658,5,steering_control
720575941527175524,720575941457147206,8,VNC_NTct_L,,1471,0.5438477226376615,5,steering_control
720575941527175524,720575941457147206,8,VNC_unassigned_L,,1471,0.5438477226376615,5,steering_control
720575941527922598,720575941576941045,6,VNC_IntTct_R,,608,0.9868421052631579,4,steering_control
720575941527922598,720575941630933947,5,VNC_IntTct_R,,704,0.7102272727272727,4,steering_control
720575941528092344,720575941441228735,9,VNC_NTct_L,,325,2.769230769230769,4,steering_control
720575941528849848,720575941429556655,10,VNC_IntTct_R,,1452,0.6887052341597797,5,steering_control
720575941529711288,720575941477297716,5,VNC_unassigned_L,,889,0.562429696287964,5,steering_control
720575941529744869,720575941473850720,6,VNC_IntTct_L,,1212,0.49504950495049505,5,steering_control
720575941530080997,720575941650775313,3,VNC_IntTct_L,,456,0.6578947368421052,2,steering_control
720575941530093496,720575941533864458,1,VNC_HTct_R,,188,0.5319148936170213,5,steering_control
720575941530093496,720575941533864458,3,VNC_IntTct_R,,188,1.5957446808510638,5,steering_control
720575941530093496,720575941604997997,2,VNC_HTct_R,,306,0.6535947712418301,5,steering_control
720575941530093496,720575941604997997,2,VNC_unassigned_R,,306,0.6535947712418301,5,steering_control
720575941530093496,720575941607605101,6,VNC_NTct_R,,1411,0.42523033309709424,5,steering_control
720575941530295013,720575941609001034,22,VNC_NTct_R,,563,3.9076376554174073,5,steering_control
720575941530466488,720575941400818723,6,VNC_IntTct_L,,1482,0.4048582995951417,5,steering_control
720575941530466488,720575941474337310,3,VNC_IntTct_L,,280,1.0714285714285714,2,steering_control
720575941530466488,720575941512798796,3,VNC_HTct_L,,352,0.8522727272727272,4,steering_control
720575941530466488,720575941533258689,3,VNC_NTct_L,,164,1.8292682926829267,1,power_control
720575941530466488,720575941535331338,4,VNC_IntTct_L,,785,0.5095541401273885,5,steering_control
720575941530466488,720575941536371442,3,VNC_HTct_L,,453,0.6622516556291391,4,steering_control
720575941530466488,720575941568726004,4,VNC_WTct_L,,332,1.2048192771084338,5,steering_control
720575941530466488,720575941612053094,9,VNC_HTct_L,,914,0.9846827133479212,5,steering_control
720575941530466488,720575941621630716,3,VNC_IntTct_L,,407,0.7371007371007371,4,steering_control
720575941530606467,720575941457797360,6,VNC_IntTct_L,,1043,0.5752636625119847,5,steering_control
720575941530606467,720575941496284489,4,VNC_HTct_R,,251,1.593625498007968,4,steering_control
720575941530606467,720575941496284489,3,VNC_WTct_R,,251,1.1952191235059761,4,steering_control
720575941530606467,720575941521986227,2,VNC_HTct_R,,306,0.6535947712418301,5,steering_control
720575941530606467,720575941521986227,2,VNC_IntTct_R,,306,0.6535947712418301,5,steering_control
720575941530606467,720575941521986227,2,VNC_NTct_R,,306,0.6535947712418301,5,steering_control
720575941530606467,720575941526690841,3,VNC_HTct_R,,385,0.7792207792207793,1,power_control
720575941530606467,720575941576368744,3,VNC_IntTct_L,,249,1.2048192771084338,2,steering_control
720575941530606467,720575941595972465,2,VNC_HTct_L,,139,1.4388489208633095,4,steering_control
720575941530606467,720575941595972465,2,VNC_WTct_L,,139,1.4388489208633095,4,steering_control
720575941530606467,720575941652314841,2,VNC_HTct_R,,228,0.8771929824561403,4,steering_control
720575941530606467,720575941652314841,3,VNC_WTct_R,,228,1.3157894736842104,4,steering_control
720575941530606467,720575941663099516,2,VNC_HTct_R,,343,0.5830903790087464,5,steering_control
720575941531996645,720575941521031927,6,VNC_IntTct_R,,329,1.82370820668693,5,steering_control
720575941531996645,720575941521031927,10,VNC_LTct_R,,329,3.0395136778115504,5,steering_control
720575941531996645,720575941623067338,7,VNC_LTct_R,,507,1.3806706114398422,5,steering_control
720575941532728195,720575941430389006,3,VNC_HTct_R,,379,0.79155672823219,4,steering_control
720575941532728195,720575941456678893,4,VNC_WTct_L,,924,0.4329004329004329,5,steering_control
720575941532728195,720575941470474763,3,VNC_HTct_L,,225,1.3333333333333335,5,steering_control
720575941532728195,720575941472042282,1,VNC_IntTct_L,,143,0.6993006993006993,1,power_control
720575941532728195,720575941472042282,1,VNC_IntTct_R,,143,0.6993006993006993,1,power_control
720575941532728195,720575941472042282,2,VNC_NTct_R,,143,1.3986013986013985,1,power_control
720575941532728195,720575941472042282,1,VNC_WTct_L,,143,0.6993006993006993,1,power_control
720575941532728195,720575941474437681,8,VNC_HTct_L,,297,2.6936026936026933,5,steering_control
720575941532728195,720575941492354174,2,VNC_HTct_L,,140,1.4285714285714286,5,steering_control
720575941532728195,720575941492354174,1,VNC_HTct_R,,140,0.7142857142857143,5,steering_control
720575941532728195,720575941492354174,2,VNC_WTct_R,,140,1.4285714285714286,5,steering_control
720575941532728195,720575941521986227,2,VNC_IntTct_R,,306,0.6535947712418301,5,steering_control
720575941532728195,720575941521986227,2,VNC_NTct_L,,306,0.6535947712418301,5,steering_control
720575941532728195,720575941526701412,3,VNC_HTct_L,,606,0.49504950495049505,5,steering_control
720575941532728195,720575941528944568,9,VNC_HTct_R,,2084,0.43186180422264875,4,steering_control
720575941532728195,720575941551443610,2,VNC_HTct_R,,168,1.1904761904761905,2,steering_control
720575941532728195,720575941551443610,1,VNC_WTct_R,,168,0.5952380952380952,2,steering_control
720575941532728195,720575941552622398,1,VNC_HTct_L,,210,0.4761904761904762,5,steering_control
720575941532728195,720575941552622398,2,VNC_IntTct_L,,210,0.9523809523809524,5,steering_control
720575941532728195,720575941553338778,11,VNC_HTct_L,,2701,0.40725657164013324,5,steering_control
720575941532728195,720575941557612915,20,VNC_HTct_R,,4206,0.47551117451260105,2,steering_control
720575941532728195,720575941565459095,5,VNC_HTct_L,,196,2.5510204081632653,5,steering_control
720575941532728195,720575941565459095,2,VNC_HTct_R,,196,1.0204081632653061,5,steering_control
720575941532728195,720575941565459095,1,VNC_IntTct_R,,196,0.5102040816326531,5,steering_control
720575941532728195,720575941565459095,3,VNC_WTct_L,,196,1.530612244897959,5,steering_control
720575941532728195,720575941565459095,1,VNC_WTct_R,,196,0.5102040816326531,5,steering_control
720575941532728195,720575941574155003,4,VNC_HTct_R,,510,0.7843137254901961,3,power_control
720575941532728195,720575941601088441,19,VNC_HTct_L,,891,2.132435465768799,5,steering_control
720575941532728195,720575941607605101,8,VNC_IntTct_R,,1411,0.5669737774627923,5,steering_control
720575941532728195,720575941607605101,8,VNC_NTct_R,,1411,0.5669737774627923,5,steering_control
720575941532728195,720575941608991050,13,VNC_HTct_R,,3212,0.4047322540473225,2,steering_control
720575941532728195,720575941611080010,12,VNC_HTct_L,,2397,0.5006257822277848,4,steering_control
720575941532728195,720575941625932682,2,VNC_HTct_L,,274,0.7299270072992701,5,steering_control
720575941532728195,720575941630933947,3,VNC_HTct_L,,704,0.4261363636363636,4,steering_control
720575941532728195,720575941659696184,10,VNC_HTct_R,,840,1.1904761904761905,5,steering_control
720575941532728195,720575941671138727,13,VNC_WTct_L,,2296,0.5662020905923345,5,steering_control
720575941532728195,720575941684876527,2,VNC_HTct_L,,218,0.9174311926605505,5,steering_control
720575941532728195,720575941684876527,4,VNC_HTct_R,,218,1.834862385321101,5,steering_control
720575941532746981,720575941438659551,2,VNC_ANm_R,,322,0.6211180124223602,2,steering_control
720575941532746981,720575941438659551,4,VNC_T3_MetaNm_R,,322,1.2422360248447204,2,steering_control
720575941532746981,720575941542469212,23,VNC_AMNp_R,,1913,1.2023000522739153,5,steering_control
720575941532746981,720575941542469212,21,VNC_T2_MesoNm_R,,1913,1.097752221641401,5,steering_control
720575941532746981,720575941573489416,6,VNC_T2_MesoNm_R,,212,2.8301886792452833,5,steering_control
720575941532746981,720575941642372040,12,VNC_AMNp_R,,1828,0.6564551422319475,2,steering_control
720575941533506586,720575941401776931,4,VNC_IntTct_L,,935,0.42780748663101603,5,steering_control
720575941533506586,720575941473850720,5,VNC_IntTct_L,,1212,0.4125412541254125,5,steering_control
720575941533578177,720575941477166622,12,VNC_NTct_L,,1660,0.7228915662650602,5,steering_control
720575941533578177,720575941547226248,6,VNC_IntTct_L,,653,0.9188361408882083,5,steering_control
720575941533578177,720575941547226248,9,VNC_NTct_L,,653,1.3782542113323124,5,steering_control
720575941533704067,720575941402032240,2,VNC_WTct_L,,324,0.6172839506172839,1,power_control
720575941533704067,720575941402032240,8,VNC_WTct_R,,324,2.4691358024691357,1,power_control
720575941533704067,720575941405813295,3,VNC_HTct_R,,225,1.3333333333333335,5,steering_control
720575941533704067,720575941405813295,4,VNC_WTct_R,,225,1.7777777777777777,5,steering_control
720575941533704067,720575941414326161,3,VNC_HTct_L,,343,0.8746355685131195,5,steering_control
720575941533704067,720575941415476252,5,VNC_HTct_R,,400,1.25,1,power_control
720575941533704067,720575941415476252,9,VNC_WTct_R,,400,2.25,1,power_control
720575941533704067,720575941429556655,13,VNC_IntTct_R,,1452,0.8953168044077136,5,steering_control
720575941533704067,720575941431311575,15,VNC_HTct_L,,1416,1.059322033898305,5,steering_control
720575941533704067,720575941431311575,9,VNC_WTct_L,,1416,0.6355932203389831,5,steering_control
720575941533704067,720575941431311575,6,VNC_WTct_R,,1416,0.423728813559322,5,steering_control
720575941533704067,720575941436996882,8,VNC_WTct_R,,766,1.0443864229765014,5,steering_control
720575941533704067,720575941456678893,6,VNC_NTct_L,,924,0.6493506493506493,5,steering_control
720575941533704067,720575941456678893,10,VNC_WTct_L,,924,1.0822510822510822,5,steering_control
720575941533704067,720575941458334163,22,VNC_HTct_R,,1380,1.5942028985507246,2,steering_control
720575941533704067,720575941459883846,12,VNC_WTct_R,,270,4.444444444444445,1,power_control
720575941533704067,720575941465484566,17,VNC_HTct_L,,2567,0.6622516556291391,2,steering_control
720575941533704067,720575941472042282,4,VNC_NTct_L,,143,2.797202797202797,1,power_control
720575941533704067,720575941472042282,1,VNC_WTct_L,,143,0.6993006993006993,1,power_control
720575941533704067,720575941472042282,6,VNC_WTct_R,,143,4.195804195804196,1,power_control
720575941533704067,720575941473850720,6,VNC_NTct_L,,1212,0.49504950495049505,5,steering_control
720575941533704067,720575941474394673,3,VNC_HTct_L,,168,1.7857142857142856,4,steering_control
720575941533704067,720575941477884802,5,VNC_HTct_R,,995,0.5025125628140703,5,steering_control
720575941533704067,720575941484346621,4,VNC_WTct_R,,699,0.5722460658082975,5,steering_control
720575941533704067,720575941485775110,3,VNC_WTct_L,,283,1.0600706713780919,5,steering_control
720575941533704067,720575941488675276,3,VNC_ANm_R,,378,0.7936507936507936,2,steering_control
720575941533704067,720575941488675276,8,VNC_HTct_R,,378,2.1164021164021163,2,steering_control
720575941533704067,720575941489037031,2,VNC_HTct_L,,449,0.4454342984409799,5,steering_control
720575941533704067,720575941489037031,3,VNC_WTct_L,,449,0.6681514476614699,5,steering_control
720575941533704067,720575941489037031,4,VNC_WTct_R,,449,0.8908685968819599,5,steering_control
720575941533704067,720575941490785712,1,VNC_IntTct_L,,234,0.4273504273504274,5,steering_control
720575941533704067,720575941490785712,6,VNC_WTct_R,,234,2.564102564102564,5,steering_control
720575941533704067,720575941500845035,7,VNC_WTct_L,,245,2.857142857142857,5,steering_control
720575941533704067,720575941500845035,2,VNC_WTct_R,,245,0.8163265306122449,5,steering_control
720575941533704067,720575941500983019,2,VNC_HTct_L,,294,0.6802721088435374,5,steering_control
720575941533704067,720575941500983019,15,VNC_WTct_L,,294,5.1020408163265305,5,steering_control
720575941533704067,720575941500983019,6,VNC_WTct_R,,294,2.0408163265306123,5,steering_control
720575941533704067,720575941500995051,3,VNC_WTct_R,,337,0.8902077151335311,5,steering_control
720575941533704067,720575941501842626,7,VNC_HTct_L,,350,2.0,5,steering_control
720575941533704067,720575941501842626,2,VNC_WTct_L,,350,0.5714285714285714,5,steering_control
720575941533704067,720575941501903154,2,VNC_HTct_R,,173,1.1560693641618496,3,power_control
720575941533704067,720575941501903154,1,VNC_WTct_R,,173,0.5780346820809248,3,power_control
720575941533704067,720575941503451301,14,VNC_HTct_R,,2065,0.6779661016949152,2,steering_control
720575941533704067,720575941503667109,2,VNC_HTct_R,,348,0.5747126436781609,1,power_control
720575941533704067,720575941503667109,12,VNC_WTct_R,,348,3.4482758620689653,1,power_control
720575941533704067,720575941503667109,4,VNC_unassigned_R,,348,1.1494252873563218,1,power_control
720575941533704067,720575941504456386,2,VNC_HTct_L,,264,0.7575757575757576,1,power_control
720575941533704067,720575941504456386,11,VNC_WTct_L,,264,4.166666666666666,1,power_control
720575941533704067,720575941511275986,10,VNC_WTct_L,,2471,0.4046944556859571,5,steering_control
720575941533704067,720575941512896099,12,VNC_WTct_R,,1417,0.8468595624558928,1,power_control
720575941533704067,720575941513254905,4,VNC_HTct_R,,180,2.2222222222222223,4,steering_control
720575941533704067,720575941515619939,3,VNC_HTct_L,,346,0.8670520231213872,1,power_control
720575941533704067,720575941515619939,2,VNC_WTct_L,,346,0.5780346820809248,1,power_control
720575941533704067,720575941516099500,10,VNC_WTct_L,,769,1.3003901170351104,1,power_control
720575941533704067,720575941516099500,5,VNC_WTct_R,,769,0.6501950585175552,1,power_control
720575941533704067,720575941518434227,12,VNC_WTct_L,,748,1.6042780748663104,1,power_control
720575941533704067,720575941519273944,2,VNC_HTct_L,,321,0.6230529595015576,5,steering_control
720575941533704067,720575941519273944,2,VNC_HTct_R,,321,0.6230529595015576,5,steering_control
720575941533704067,720575941519273944,2,VNC_WTct_L,,321,0.6230529595015576,5,steering_control
720575941533704067,720575941519273944,10,VNC_WTct_R,,321,3.115264797507788,5,steering_control
720575941533704067,720575941521485643,2,VNC_WTct_L,,295,0.6779661016949152,1,power_control
720575941533704067,720575941521485643,2,VNC_unassigned_L,,295,0.6779661016949152,1,power_control
720575941533704067,720575941521508939,3,VNC_HTct_R,,240,1.25,5,steering_control
720575941533704067,720575941521508939,1,VNC_WTct_R,,240,0.4166666666666667,5,steering_control
720575941533704067,720575941526355844,4,VNC_HTct_R,,389,1.0282776349614395,5,steering_control
720575941533704067,720575941526690841,2,VNC_WTct_R,,385,0.5194805194805194,1,power_control
720575941533704067,720575941527099981,19,VNC_HTct_R,,1611,1.1793916821849781,5,steering_control
720575941533704067,720575941527099981,27,VNC_WTct_R,,1611,1.675977653631285,5,steering_control
720575941533704067,720575941532246762,16,VNC_IntTct_R,,1209,1.3234077750206783,5,steering_control
720575941533704067,720575941532246762,8,VNC_NTct_R,,1209,0.6617038875103392,5,steering_control
720575941533704067,720575941532432618,4,VNC_WTct_R,,374,1.06951871657754,5,steering_control
720575941533704067,720575941534709482,9,VNC_HTct_L,,344,2.616279069767442,4,steering_control
720575941533704067,720575941543397737,13,VNC_WTct_L,,231,5.627705627705628,1,power_control
720575941533704067,720575941547226248,3,VNC_IntTct_L,,653,0.45941807044410415,5,steering_control
720575941533704067,720575941547226248,13,VNC_NTct_L,,653,1.9908116385911179,5,steering_control
720575941533704067,720575941551588506,4,VNC_HTct_R,,261,1.532567049808429,5,steering_control
720575941533704067,720575941551632794,5,VNC_WTct_R,,181,2.7624309392265194,1,power_control
720575941533704067,720575941553479140,11,VNC_HTct_R,,165,6.666666666666667,5,steering_control
720575941533704067,720575941554049307,4,VNC_WTct_L,,637,0.6279434850863422,1,power_control
720575941533704067,720575941554049307,7,VNC_WTct_R,,637,1.098901098901099,1,power_control
720575941533704067,720575941561320493,11,VNC_HTct_L,,342,3.216374269005848,4,steering_control
720575941533704067,720575941562134829,4,VNC_HTct_L,,519,0.7707129094412332,1,power_control
720575941533704067,720575941564147346,1,VNC_HTct_L,,117,0.8547008547008548,1,power_control
720575941533704067,720575941564147346,2,VNC_WTct_L,,117,1.7094017094017095,1,power_control
720575941533704067,720575941564147346,2,VNC_WTct_R,,117,1.7094017094017095,1,power_control
720575941533704067,720575941566788602,7,VNC_HTct_R,,313,2.2364217252396164,4,steering_control
720575941533704067,720575941571427323,3,VNC_WTct_L,,380,0.7894736842105263,3,power_control
720575941533704067,720575941575681718,14,VNC_WTct_L,,2858,0.489853044086774,5,steering_control
720575941533704067,720575941576368744,4,VNC_HTct_L,,249,1.6064257028112447,2,steering_control
720575941533704067,720575941594160421,3,VNC_HTct_R,,733,0.4092769440654843,1,power_control
720575941533704067,720575941594160421,9,VNC_WTct_R,,733,1.227830832196453,1,power_control
720575941533704067,720575941601088441,5,VNC_HTct_L,,891,0.5611672278338945,5,steering_control
720575941533704067,720575941603916222,3,VNC_IntTct_R,,208,1.4423076923076923,1,power_control
720575941533704067,720575941603916222,4,VNC_NTct_R,,208,1.9230769230769231,1,power_control
720575941533704067,720575941603916222,2,VNC_WTct_R,,208,0.9615384615384616,1,power_control
720575941533704067,720575941607605101,12,VNC_IntTct_R,,1411,0.8504606661941885,5,steering_control
720575941533704067,720575941607605101,10,VNC_NTct_R,,1411,0.7087172218284904,5,steering_control
720575941533704067,720575941610536924,5,VNC_HTct_R,,218,2.293577981651376,5,steering_control
720575941533704067,720575941610536924,2,VNC_WTct_R,,218,0.9174311926605505,5,steering_control
720575941533704067,720575941610618982,5,VNC_WTct_L,,383,1.3054830287206265,1,power_control
720575941533704067,720575941610618982,2,VNC_unassigned_L,,383,0.5221932114882507,1,power_control
720575941533704067,720575941611056714,2,VNC_WTct_L,,96,2.083333333333333,3,power_control
720575941533704067,720575941611056714,2,VNC_WTct_R,,96,2.083333333333333,3,power_control
720575941533704067,720575941621630716,4,VNC_HTct_L,,407,0.9828009828009828,4,steering_control
720575941533704067,720575941630748859,13,VNC_HTct_L,,1573,0.8264462809917356,2,steering_control
720575941533704067,720575941631436524,4,VNC_HTct_R,,801,0.4993757802746567,5,steering_control
720575941533704067,720575941631436524,4,VNC_NTct_R,,801,0.4993757802746567,5,steering_control
720575941533704067,720575941631436524,5,VNC_WTct_R,,801,0.6242197253433208,5,steering_control
720575941533704067,720575941641473874,13,VNC_HTct_R,,296,4.391891891891892,5,steering_control
720575941533704067,720575941649244437,4,VNC_HTct_L,,802,0.4987531172069825,5,steering_control
720575941533704067,720575941649244437,6,VNC_HTct_R,,802,0.7481296758104738,5,steering_control
720575941533704067,720575941649244437,5,VNC_IntTct_R,,802,0.6234413965087282,5,steering_control
720575941533704067,720575941649244437,4,VNC_NTct_R,,802,0.4987531172069825,5,steering_control
720575941533704067,720575941649244437,7,VNC_WTct_L,,802,0.8728179551122194,5,steering_control
720575941533704067,720575941652536593,1,VNC_IntTct_R,,128,0.78125,1,power_control
720575941533704067,720575941652536593,2,VNC_WTct_L,,128,1.5625,1,power_control
720575941533704067,720575941652536593,2,VNC_WTct_R,,128,1.5625,1,power_control
720575941533704067,720575941655477716,7,VNC_WTct_L,,243,2.880658436213992,1,power_control
720575941533704067,720575941655477716,3,VNC_unassigned_L,,243,1.2345679012345678,1,power_control
720575941533704067,720575941659696184,4,VNC_HTct_R,,840,0.4761904761904762,5,steering_control
720575941533704067,720575941668725169,17,VNC_HTct_L,,904,1.8805309734513276,5,steering_control
720575941533704067,720575941668725169,13,VNC_HTct_R,,904,1.4380530973451326,5,steering_control
720575941533704067,720575941668725169,4,VNC_WTct_R,,904,0.4424778761061947,5,steering_control
720575941533704067,720575941680033213,3,VNC_HTct_R,,271,1.107011070110701,5,steering_control
720575941533807082,720575941496915618,4,VNC_HTct_R,,236,1.694915254237288,5,steering_control
720575941534222770,720575941458790726,3,VNC_HTct_L,,224,1.3392857142857142,4,steering_control
720575941534222770,720575941496146657,15,VNC_HTct_L,,341,4.398826979472141,2,steering_control
720575941534222770,720575941514097043,11,VNC_HTct_L,,226,4.867256637168142,2,steering_control
720575941534222770,720575941579868917,44,VNC_NTct_L,,1745,2.5214899713467047,5,steering_control
720575941534222770,720575941579868917,10,VNC_unassigned_L,,1745,0.5730659025787965,5,steering_control
720575941534222770,720575941611080010,19,VNC_HTct_L,,2397,0.7926574885273258,4,steering_control
720575941534222770,720575941669827505,7,VNC_HTct_L,,262,2.6717557251908395,3,power_control
720575941534435338,720575941399309603,2,VNC_IntTct_L,,484,0.4132231404958678,2,steering_control
720575941534435338,720575941399309603,7,VNC_WTct_L,,484,1.4462809917355373,2,steering_control
720575941534435338,720575941412323473,2,VNC_HTct_L,,466,0.4291845493562232,2,steering_control
720575941534435338,720575941439063503,2,VNC_HTct_L,,346,0.5780346820809248,5,steering_control
720575941534435338,720575941439063503,2,VNC_IntTct_L,,346,0.5780346820809248,5,steering_control
720575941534435338,720575941439063503,7,VNC_WTct_L,,346,2.023121387283237,5,steering_control
720575941534435338,720575941447025845,7,VNC_WTct_L,,226,3.0973451327433628,2,steering_control
720575941534435338,720575941450876794,15,VNC_HTct_L,,1106,1.3562386980108498,5,steering_control
720575941534435338,720575941450876794,8,VNC_IntTct_L,,1106,0.7233273056057866,5,steering_control
720575941534435338,720575941450876794,7,VNC_WTct_L,,1106,0.6329113924050633,5,steering_control
720575941534435338,720575941459514512,11,VNC_HTct_L,,755,1.456953642384106,5,steering_control
720575941534435338,720575941464073558,6,VNC_IntTct_L,,785,0.7643312101910829,5,steering_control
720575941534435338,720575941471203447,5,VNC_HTct_L,,395,1.2658227848101267,2,steering_control
720575941534435338,720575941479098819,2,VNC_HTct_L,,334,0.5988023952095809,2,steering_control
720575941534435338,720575941479098819,4,VNC_WTct_L,,334,1.1976047904191618,2,steering_control
720575941534435338,720575941508542674,3,VNC_HTct_L,,521,0.5758157389635317,2,steering_control
720575941534435338,720575941513242202,5,VNC_WTct_L,,218,2.293577981651376,2,steering_control
720575941534435338,720575941518334643,5,VNC_HTct_L,,296,1.6891891891891893,2,steering_control
720575941534435338,720575941520333047,7,VNC_HTct_L,,936,0.7478632478632479,5,steering_control
720575941534435338,720575941520333047,7,VNC_IntTct_L,,936,0.7478632478632479,5,steering_control
720575941534435338,720575941520333047,4,VNC_WTct_L,,936,0.4273504273504274,5,steering_control
720575941534435338,720575941536371442,2,VNC_IntTct_L,,453,0.44150110375275936,4,steering_control
720575941534435338,720575941563318070,4,VNC_WTct_L,,264,1.5151515151515151,5,steering_control
720575941534435338,720575941583511518,3,VNC_IntTct_L,,537,0.5586592178770949,2,steering_control
720575941534435338,720575941588018942,2,VNC_HTct_L,,333,0.6006006006006006,5,steering_control
720575941534435338,720575941588018942,2,VNC_IntTct_L,,333,0.6006006006006006,5,steering_control
720575941534435338,720575941588018942,3,VNC_WTct_L,,333,0.9009009009009009,5,steering_control
720575941534435338,720575941601088441,15,VNC_HTct_L,,891,1.6835016835016834,5,steering_control
720575941534435338,720575941601088441,11,VNC_IntTct_L,,891,1.2345679012345678,5,steering_control
720575941534435338,720575941608861929,7,VNC_HTct_L,,441,1.5873015873015872,2,steering_control
720575941534435338,720575941608861929,2,VNC_IntTct_L,,441,0.45351473922902497,2,steering_control
720575941534435338,720575941608861929,5,VNC_WTct_L,,441,1.1337868480725624,2,steering_control
720575941534911832,720575941459912262,3,VNC_IntTct_R,,663,0.4524886877828055,5,steering_control
720575941534911832,720575941525725954,7,VNC_IntTct_L,,667,1.0494752623688157,5,steering_control
720575941535086424,720575941632698555,36,VNC_T2_MesoNm_L,,2639,1.3641530882910193,3,power_control
720575941535140362,720575941350409264,6,VNC_IntTct_R,,472,1.2711864406779663,5,steering_control
720575941535140362,720575941401776931,4,VNC_T1_ProNm_R,,935,0.42780748663101603,5,steering_control
720575941535140362,720575941449617230,5,VNC_IntTct_R,,655,0.7633587786259541,5,steering_control
720575941535140362,720575941449617230,13,VNC_LTct_R,,655,1.984732824427481,5,steering_control
720575941535140362,720575941491289033,6,VNC_IntTct_R,,418,1.4354066985645932,2,steering_control
720575941535140362,720575941491289033,2,VNC_LTct_R,,418,0.4784688995215311,2,steering_control
720575941535140362,720575941503638578,3,VNC_IntTct_R,,455,0.6593406593406593,4,steering_control
720575941535140362,720575941521031927,2,VNC_IntTct_R,,329,0.60790273556231,5,steering_control
720575941535140362,720575941521031927,3,VNC_LTct_R,,329,0.911854103343465,5,steering_control
720575941535140362,720575941534854337,8,VNC_IntTct_R,,632,1.2658227848101267,5,steering_control
720575941535140362,720575941557882895,4,VNC_IntTct_R,,606,0.6600660066006601,5,steering_control
720575941535140362,720575941564059399,10,VNC_IntTct_R,,395,2.5316455696202533,5,steering_control
720575941535140362,720575941564059399,7,VNC_LTct_R,,395,1.7721518987341773,5,steering_control
720575941535140362,720575941564059399,4,VNC_T2_MesoNm_R,,395,1.0126582278481013,5,steering_control
720575941535140362,720575941583588830,10,VNC_IntTct_R,,1409,0.7097232079488999,5,steering_control
720575941535140362,720575941625963419,6,VNC_IntTct_R,,1186,0.5059021922428331,5,steering_control
720575941535140362,720575941625963419,11,VNC_LTct_R,,1186,0.927487352445194,5,steering_control
720575941535140362,720575941632901829,10,VNC_IntTct_R,,523,1.9120458891013385,5,steering_control
720575941535231832,720575941469724125,14,VNC_T1_ProNm_R,,1594,0.8782936010037641,5,steering_control
720575941535245034,720575941430389006,3,VNC_HTct_R,,379,0.79155672823219,4,steering_control
720575941535245034,720575941447013813,10,VNC_HTct_L,,962,1.0395010395010396,5,steering_control
720575941535245034,720575941465484566,12,VNC_HTct_L,,2567,0.46747175691468645,2,steering_control
720575941535245034,720575941472042282,1,VNC_NTct_R,,143,0.6993006993006993,1,power_control
720575941535245034,720575941472042282,3,VNC_WTct_R,,143,2.097902097902098,1,power_control
720575941535245034,720575941473850720,18,VNC_HTct_L,,1212,1.4851485148514851,5,steering_control
720575941535245034,720575941473850720,45,VNC_IntTct_L,,1212,3.7128712871287126,5,steering_control
720575941535245034,720575941473850720,5,VNC_LTct_L,,1212,0.4125412541254125,5,steering_control
720575941535245034,720575941473850720,15,VNC_NTct_L,,1212,1.2376237623762376,5,steering_control
720575941535245034,720575941473850720,5,VNC_WTct_L,,1212,0.4125412541254125,5,steering_control
720575941535245034,720575941474704948,1,VNC_HTct_L,,186,0.5376344086021506,5,steering_control
720575941535245034,720575941474704948,2,VNC_WTct_R,,186,1.0752688172043012,5,steering_control
720575941535245034,720575941477884802,4,VNC_HTct_R,,995,0.4020100502512563,5,steering_control
720575941535245034,720575941526718564,13,VNC_ANm_L,,111,11.711711711711711,5,steering_control
720575941535245034,720575941526718564,2,VNC_HTct_L,,111,1.8018018018018018,5,steering_control
720575941535245034,720575941526718564,1,VNC_IntTct_L,,111,0.9009009009009009,5,steering_control
720575941535245034,720575941526718564,1,VNC_unassigned_R,,111,0.9009009009009009,5,steering_control
720575941535245034,720575941532246762,16,VNC_HTct_R,,1209,1.3234077750206783,5,steering_control
720575941535245034,720575941532246762,58,VNC_IntTct_R,,1209,4.797353184449959,5,steering_control
720575941535245034,720575941532246762,5,VNC_NTct_R,,1209,0.41356492969396197,5,steering_control
720575941535245034,720575941547226248,9,VNC_NTct_L,,653,1.3782542113323124,5,steering_control
720575941535245034,720575941557612915,22,VNC_IntTct_R,,4206,0.5230622919638611,2,steering_control
720575941535245034,720575941572251144,20,VNC_HTct_L,,3255,0.6144393241167435,2,steering_control
720575941535245034,720575941572251144,19,VNC_IntTct_L,,3255,0.5837173579109063,2,steering_control
720575941535245034,720575941607605101,13,VNC_IntTct_R,,1411,0.9213323883770376,5,steering_control
720575941535245034,720575941607605101,15,VNC_NTct_R,,1411,1.0630758327427356,5,steering_control
720575941535245034,720575941612053094,7,VNC_HTct_L,,914,0.7658643326039387,5,steering_control
720575941535245034,720575941612053094,5,VNC_T3_MetaNm_L,,914,0.5470459518599562,5,steering_control
720575941535245034,720575941649244437,11,VNC_HTct_L,,802,1.3715710723192018,5,steering_control
720575941535245034,720575941649244437,4,VNC_IntTct_R,,802,0.4987531172069825,5,steering_control
720575941535245034,720575941649244437,7,VNC_NTct_L,,802,0.8728179551122194,5,steering_control
720575941535245034,720575941649244437,5,VNC_NTct_R,,802,0.6234413965087282,5,steering_control
720575941535245034,720575941649244437,9,VNC_WTct_R,,802,1.1221945137157108,5,steering_control
720575941535245034,720575941668725169,21,VNC_HTct_L,,904,2.3230088495575223,5,steering_control
720575941535245034,720575941668725169,6,VNC_HTct_R,,904,0.6637168141592921,5,steering_control
720575941535245034,720575941668725169,4,VNC_IntTct_R,,904,0.4424778761061947,5,steering_control
720575941535258802,720575941429439959,13,VNC_IntTct_R,,2000,0.65,5,steering_control
720575941535258802,720575941429439959,8,VNC_LTct_L,,2000,0.4,5,steering_control
720575941535258802,720575941429439959,11,VNC_LTct_R,,2000,0.5499999999999999,5,steering_control
720575941535258802,720575941512896099,20,VNC_IntTct_R,,1417,1.4114326040931546,1,power_control
720575941535258802,720575941535047690,8,VNC_IntTct_R,,1366,0.5856515373352855,5,steering_control
720575941535258802,720575941640900453,37,VNC_IntTct_R,,1852,1.997840172786177,5,steering_control
720575941535258802,720575941640900453,14,VNC_LTct_R,,1852,0.755939524838013,5,steering_control
720575941535258802,720575941640900453,18,VNC_T3_MetaNm_R,,1852,0.9719222462203023,5,steering_control
720575941535705778,720575941537600973,5,VNC_HTct_L,,420,1.1904761904761905,5,steering_control
720575941535705778,720575941591748648,3,VNC_IntTct_L,,248,1.2096774193548387,5,steering_control
720575941535862506,720575941477166622,11,VNC_IntTct_L,,1660,0.6626506024096386,5,steering_control
720575941535862506,720575941477166622,15,VNC_T1_ProNm_L,,1660,0.9036144578313252,5,steering_control
720575941535975873,720575941561308818,4,VNC_T2_MesoNm_L,,379,1.0554089709762533,1,power_control
720575941535975873,720575941570676552,6,VNC_NTct_L,,774,0.7751937984496124,5,steering_control
720575941536003314,720575941579868917,26,VNC_NTct_L,,1745,1.489971346704871,5,steering_control
720575941536140993,720575941401776931,4,VNC_LTct_L,,935,0.42780748663101603,5,steering_control
720575941536140993,720575941552643390,5,VNC_AMNp_L,,819,0.6105006105006106,4,steering_control
720575941536140993,720575941552643390,5,VNC_T2_MesoNm_L,,819,0.6105006105006106,4,steering_control
720575941536140993,720575941575691624,3,VNC_AMNp_L,,690,0.43478260869565216,4,steering_control
720575941536140993,720575941619873663,6,VNC_IntTct_L,,920,0.6521739130434783,2,steering_control
720575941536231105,720575941400818723,8,VNC_IntTct_L,,1482,0.5398110661268556,5,steering_control
720575941536231105,720575941400818723,7,VNC_NTct_L,,1482,0.47233468286099867,5,steering_control
720575941536231105,720575941579868917,15,VNC_IntTct_L,,1745,0.8595988538681949,5,steering_control
720575941536301288,720575941400818723,8,VNC_NTct_L,,1482,0.5398110661268556,5,steering_control
720575941536301288,720575941438938175,15,VNC_HTct_L,,1113,1.3477088948787064,5,steering_control
720575941536301288,720575941518439347,3,VNC_HTct_L,,183,1.639344262295082,5,steering_control
720575941536301288,720575941523112439,7,VNC_IntTct_L,,860,0.813953488372093,5,steering_control
720575941536301288,720575941523112439,8,VNC_NTct_L,,860,0.9302325581395349,5,steering_control
720575941536301288,720575941550878087,8,VNC_HTct_L,,1310,0.6106870229007634,4,steering_control
720575941536301288,720575941579868917,8,VNC_IntTct_L,,1745,0.4584527220630372,5,steering_control
720575941536301288,720575941579868917,10,VNC_NTct_L,,1745,0.5730659025787965,5,steering_control
720575941536301288,720575941611080010,15,VNC_HTct_L,,2397,0.6257822277847309,4,steering_control
720575941536580634,720575941414508948,9,VNC_IntTct_L,,2237,0.4023245417970496,3,power_control
720575941536580634,720575941469724125,15,VNC_IntTct_L,,1594,0.9410288582183186,5,steering_control
720575941536580634,720575941469724125,10,VNC_LTct_L,,1594,0.6273525721455459,5,steering_control
720575941536580634,720575941535047690,9,VNC_T2_MesoNm_L,,1366,0.6588579795021963,5,steering_control
720575941536778389,720575941465484566,23,VNC_HTct_L,,2567,0.8959875340864824,2,steering_control
720575941536778389,720575941465484566,15,VNC_IntTct_L,,2567,0.584339696143358,2,steering_control
720575941536778389,720575941472042282,2,VNC_IntTct_L,,143,1.3986013986013985,1,power_control
720575941536778389,720575941472042282,1,VNC_NTct_L,,143,0.6993006993006993,1,power_control
720575941536778389,720575941472042282,1,VNC_WTct_L,,143,0.6993006993006993,1,power_control
720575941536778389,720575941534709482,3,VNC_HTct_L,,344,0.872093023255814,4,steering_control
720575941536778389,720575941547226248,4,VNC_NTct_L,,653,0.6125574272588056,5,steering_control
720575941536778389,720575941561320493,6,VNC_HTct_L,,342,1.7543859649122806,4,steering_control
720575941536778389,720575941572251144,18,VNC_HTct_L,,3255,0.5529953917050692,2,steering_control
720575941536778389,720575941625932682,3,VNC_NTct_L,,274,1.094890510948905,5,steering_control
720575941536778389,720575941630748859,19,VNC_HTct_L,,1573,1.2078830260648443,2,steering_control
720575941536778389,720575941649244437,8,VNC_HTct_L,,802,0.997506234413965,5,steering_control
720575941536778389,720575941649244437,4,VNC_IntTct_L,,802,0.4987531172069825,5,steering_control
720575941536778389,720575941668725169,7,VNC_HTct_L,,904,0.7743362831858407,5,steering_control
720575941536972018,720575941440287183,3,VNC_HTct_R,,28,10.714285714285714,4,steering_control
720575941536972018,720575941447363677,1,VNC_HTct_R,,160,0.625,5,steering_control
720575941536972018,720575941447363677,9,VNC_WTct_R,,160,5.625,5,steering_control
720575941536972018,720575941536368370,3,VNC_HTct_R,,106,2.8301886792452833,5,steering_control
720575941536972018,720575941565113095,3,VNC_WTct_R,,57,5.263157894736842,5,steering_control
720575941536972018,720575941614850517,27,VNC_HTct_R,,993,2.719033232628399,5,steering_control
720575941536972018,720575941614850517,10,VNC_WTct_R,,993,1.0070493454179255,5,steering_control
720575941536972018,720575941679017405,6,VNC_HTct_R,,50,12.0,5,steering_control
720575941537583336,720575941408509867,5,VNC_IntTct_L,,434,1.1520737327188941,1,power_control
720575941537583336,720575941439197269,4,VNC_WTct_L,,197,2.030456852791878,3,power_control
720575941537583336,720575941477166622,12,VNC_IntTct_L,,1660,0.7228915662650602,5,steering_control
720575941537583336,720575941512798929,2,VNC_ANm_R,,269,0.7434944237918215,5,steering_control
720575941537583336,720575941517770412,2,VNC_LTct_L,,413,0.48426150121065376,1,power_control
720575941537583336,720575941521986227,9,VNC_IntTct_L,,306,2.941176470588235,5,steering_control
720575941537583336,720575941521986227,5,VNC_NTct_L,,306,1.6339869281045754,5,steering_control
720575941537583336,720575941576958197,3,VNC_WTct_L,,98,3.061224489795918,3,power_control
720575941537583336,720575941576958197,1,VNC_unassigned_L,,98,1.0204081632653061,3,power_control
720575941537583336,720575941604989293,5,VNC_IntTct_L,,63,7.936507936507936,5,steering_control
720575941537583336,720575941625932682,9,VNC_IntTct_L,,274,3.2846715328467155,5,steering_control
720575941537583336,720575941625932682,2,VNC_LTct_L,,274,0.7299270072992701,5,steering_control
720575941537583336,720575941625932682,4,VNC_NTct_L,,274,1.4598540145985401,5,steering_control
720575941537638627,720575941535047690,7,VNC_IntTct_R,,1366,0.5124450951683748,5,steering_control
720575941537638627,720575941625907769,19,VNC_IntTct_R,,1473,1.2898845892735913,5,steering_control
720575941537703144,720575941400818723,6,VNC_IntTct_L,,1482,0.4048582995951417,5,steering_control
720575941537703144,720575941438938175,8,VNC_HTct_L,,1113,0.7187780772686434,5,steering_control
720575941537703144,720575941496878498,1,VNC_HTct_L,,171,0.5847953216374269,5,steering_control
720575941537703144,720575941496878498,3,VNC_IntTct_L,,171,1.7543859649122806,5,steering_control
720575941537703144,720575941520333047,4,VNC_HTct_L,,936,0.4273504273504274,5,steering_control
720575941537703144,720575941530192843,3,VNC_HTct_L,,192,1.5625,5,steering_control
720575941537703144,720575941537600973,3,VNC_HTct_L,,420,0.7142857142857143,5,steering_control
720575941537703144,720575941547226248,6,VNC_IntTct_L,,653,0.9188361408882083,5,steering_control
720575941537703144,720575941579868917,8,VNC_IntTct_L,,1745,0.4584527220630372,5,steering_control
720575941537703144,720575941591748648,2,VNC_HTct_L,,248,0.8064516129032258,5,steering_control
720575941537703144,720575941591748648,1,VNC_IntTct_L,,248,0.4032258064516129,5,steering_control
720575941537703144,720575941591748648,1,VNC_WTct_L,,248,0.4032258064516129,5,steering_control
720575941537703144,720575941611080010,21,VNC_HTct_L,,2397,0.8760951188986232,4,steering_control
720575941537703144,720575941650775313,3,VNC_IntTct_L,,456,0.6578947368421052,2,steering_control
720575941537710824,720575941414456212,14,VNC_T2_MesoNm_L,,675,2.074074074074074,5,steering_control
720575941537710824,720575941449942877,1,VNC_AMNp_L,,108,0.9259259259259258,1,power_control
720575941537710824,720575941449942877,3,VNC_T2_MesoNm_L,,108,2.7777777777777777,1,power_control
720575941537710824,720575941449942877,2,VNC_WTct_L,,108,1.8518518518518516,1,power_control
720575941537710824,720575941487942608,3,VNC_T1_ProNm_L,,268,1.1194029850746268,5,steering_control
720575941537710824,720575941501026283,6,VNC_AMNp_L,,205,2.9268292682926833,1,power_control
720575941537710824,720575941501026283,2,VNC_unassigned_L,,205,0.975609756097561,1,power_control
720575941537710824,720575941504424517,1,VNC_AMNp_L,,164,0.6097560975609756,1,power_control
720575941537710824,720575941504424517,4,VNC_unassigned_L,,164,2.4390243902439024,1,power_control
720575941537710824,720575941525224614,2,VNC_AMNp_L,,146,1.36986301369863,1,power_control
720575941537710824,720575941525224614,1,VNC_WTct_L,,146,0.684931506849315,1,power_control
720575941537710824,720575941525224614,1,VNC_unassigned_L,,146,0.684931506849315,1,power_control
720575941537710824,720575941526856614,2,VNC_AMNp_L,,282,0.7092198581560284,5,steering_control
720575941537710824,720575941526856614,2,VNC_WTct_L,,282,0.7092198581560284,5,steering_control
720575941537710824,720575941606544493,4,VNC_AMNp_L,,116,3.4482758620689653,1,power_control
720575941537710824,720575941653565201,7,VNC_T3_MetaNm_R,,893,0.7838745800671892,5,steering_control
720575941537710824,720575941654985945,5,VNC_T3_MetaNm_L,,531,0.9416195856873822,5,steering_control
720575941537710824,720575941691313115,17,VNC_AMNp_L,,1219,1.3945857260049221,3,power_control
720575941537710824,720575941691313115,9,VNC_T1_ProNm_L,,1219,0.7383100902378998,3,power_control
720575941537710824,720575941691313115,5,VNC_T2_MesoNm_L,,1219,0.41017227235438886,3,power_control
720575941537820658,720575941630933947,5,VNC_IntTct_L,,704,0.7102272727272727,4,steering_control
720575941537850600,720575941408509867,2,VNC_WTct_R,,434,0.4608294930875576,1,power_control
720575941537850600,720575941432778638,6,VNC_IntTct_R,,93,6.451612903225806,1,power_control
720575941537850600,720575941439197269,5,VNC_WTct_R,,197,2.5380710659898478,3,power_control
720575941537850600,720575941459912262,4,VNC_IntTct_R,,663,0.603318250377074,5,steering_control
720575941537850600,720575941512798929,2,VNC_ANm_L,,269,0.7434944237918215,5,steering_control
720575941537850600,720575941521986227,2,VNC_IntTct_L,,306,0.6535947712418301,5,steering_control
720575941537850600,720575941521986227,13,VNC_IntTct_R,,306,4.248366013071895,5,steering_control
720575941537850600,720575941521986227,2,VNC_unassigned_R,,306,0.6535947712418301,5,steering_control
720575941537850600,720575941612611993,1,VNC_IntTct_L,,55,1.8181818181818181,5,steering_control
720575941537850600,720575941612611993,2,VNC_LTct_L,,55,3.6363636363636362,5,steering_control
720575941537850600,720575941625932682,4,VNC_IntTct_L,,274,1.4598540145985401,5,steering_control
720575941537850600,720575941625932682,4,VNC_WTct_R,,274,1.4598540145985401,5,steering_control
720575941537912291,720575941495591291,3,VNC_IntTct_R,,654,0.45871559633027525,5,steering_control
720575941537912291,720575941549701182,4,VNC_HTct_R,,194,2.0618556701030926,5,steering_control
720575941537912291,720575941549701182,1,VNC_IntTct_R,,194,0.5154639175257731,5,steering_control
720575941537912291,720575941549701182,1,VNC_unassigned_R,,194,0.5154639175257731,5,steering_control
720575941537912291,720575941604997997,3,VNC_HTct_R,,306,0.9803921568627451,5,steering_control
720575941538218216,720575941474337310,4,VNC_IntTct_L,,280,1.4285714285714286,2,steering_control
720575941538218216,720575941496146657,5,VNC_HTct_L,,341,1.466275659824047,2,steering_control
720575941538218216,720575941496146657,2,VNC_IntTct_L,,341,0.5865102639296188,2,steering_control
720575941538218216,720575941547177076,4,VNC_IntTct_L,,280,1.4285714285714286,2,steering_control
720575941538218216,720575941581683039,3,VNC_IntTct_L,,228,1.3157894736842104,1,power_control
720575941538218216,720575941612053094,7,VNC_HTct_L,,914,0.7658643326039387,5,steering_control
720575941538255587,720575941409016235,2,VNC_WTct_R,,127,1.574803149606299,5,steering_control
720575941538255587,720575941409016235,1,VNC_unassigned_R,,127,0.7874015748031495,5,steering_control
720575941538255587,720575941472042282,3,VNC_IntTct_R,,143,2.097902097902098,1,power_control
720575941538255587,720575941551598746,3,VNC_WTct_L,,184,1.6304347826086956,1,power_control
720575941538255587,720575941631436524,5,VNC_NTct_R,,801,0.6242197253433208,5,steering_control
720575941538255587,720575941669049587,2,VNC_WTct_R,,293,0.6825938566552902,1,power_control
720575941539226866,720575941492354174,6,VNC_HTct_L,,140,4.285714285714286,5,steering_control
720575941539226866,720575941516099500,5,VNC_IntTct_L,,769,0.6501950585175552,1,power_control
720575941539226866,720575941526701412,3,VNC_ANm_L,,606,0.49504950495049505,5,steering_control
720575941539226866,720575941526701412,9,VNC_HTct_L,,606,1.4851485148514851,5,steering_control
720575941539226866,720575941526701412,3,VNC_IntTct_L,,606,0.49504950495049505,5,steering_control
720575941539226866,720575941526701412,3,VNC_unassigned_L,,606,0.49504950495049505,5,steering_control
720575941539226866,720575941526701412,4,VNC_unassigned_R,,606,0.6600660066006601,5,steering_control
720575941539226866,720575941552622398,1,VNC_HTct_L,,210,0.4761904761904762,5,steering_control
720575941539226866,720575941552622398,5,VNC_HTct_R,,210,2.380952380952381,5,steering_control
720575941539226866,720575941623108298,15,VNC_IntTct_R,,2454,0.6112469437652812,5,steering_control
720575941539226866,720575941671138727,12,VNC_IntTct_L,,2296,0.5226480836236934,5,steering_control
720575941539264242,720575941592919080,11,VNC_T1_ProNm_L,,1029,1.0689990281827018,5,steering_control
720575941539809997,720575941399253283,3,VNC_HTct_R,,418,0.7177033492822966,2,steering_control
720575941539809997,720575941399253283,3,VNC_IntTct_R,,418,0.7177033492822966,2,steering_control
720575941539809997,720575941399253283,2,VNC_WTct_R,,418,0.4784688995215311,2,steering_control
720575941539809997,720575941458334163,13,VNC_HTct_R,,1380,0.9420289855072465,2,steering_control
720575941539809997,720575941485775110,2,VNC_WTct_R,,283,0.7067137809187279,5,steering_control
720575941539809997,720575941490785712,2,VNC_IntTct_R,,234,0.8547008547008548,5,steering_control
720575941539809997,720575941490785712,3,VNC_WTct_R,,234,1.282051282051282,5,steering_control
720575941539809997,720575941495591291,3,VNC_HTct_R,,654,0.45871559633027525,5,steering_control
720575941539809997,720575941495591291,6,VNC_IntTct_R,,654,0.9174311926605505,5,steering_control
720575941539809997,720575941515619939,2,VNC_NTct_R,,346,0.5780346820809248,1,power_control
720575941539809997,720575941519273944,3,VNC_WTct_R,,321,0.9345794392523363,5,steering_control
720575941539809997,720575941526701412,4,VNC_HTct_R,,606,0.6600660066006601,5,steering_control
720575941539809997,720575941532432618,2,VNC_WTct_R,,374,0.53475935828877,5,steering_control
720575941539809997,720575941539741788,4,VNC_WTct_R,,518,0.7722007722007722,2,steering_control
720575941539809997,720575941551588506,7,VNC_HTct_R,,261,2.681992337164751,5,steering_control
720575941539809997,720575941551588506,2,VNC_WTct_R,,261,0.7662835249042145,5,steering_control
720575941539809997,720575941554049307,3,VNC_WTct_R,,637,0.47095761381475665,1,power_control
720575941539809997,720575941566956532,3,VNC_IntTct_R,,460,0.6521739130434783,2,steering_control
720575941539809997,720575941566956532,3,VNC_WTct_R,,460,0.6521739130434783,2,steering_control
720575941539809997,720575941613367260,9,VNC_HTct_R,,733,1.227830832196453,5,steering_control
720575941539809997,720575941614850517,7,VNC_HTct_R,,993,0.7049345417925479,5,steering_control
720575941539809997,720575941630959035,2,VNC_IntTct_R,,391,0.5115089514066496,5,steering_control
720575941539809997,720575941659696184,9,VNC_HTct_R,,840,1.0714285714285714,5,steering_control
720575941539816061,720575941600259369,4,VNC_LTct_R,,845,0.4733727810650888,3,power_control
720575941540215501,720575941408509867,2,VNC_IntTct_L,,434,0.4608294930875576,1,power_control
720575941540215501,720575941408509867,10,VNC_LTct_L,,434,2.3041474654377883,1,power_control
720575941540215501,720575941517770412,2,VNC_IntTct_L,,413,0.48426150121065376,1,power_control
720575941540215501,720575941517770412,3,VNC_LTct_L,,413,0.7263922518159807,1,power_control
720575941540246364,720575941401776931,4,VNC_IntTct_R,,935,0.42780748663101603,5,steering_control
720575941540246364,720575941412443540,4,VNC_HTct_R,,416,0.9615384615384616,2,steering_control
720575941540246364,720575941412443540,11,VNC_IntTct_L,,416,2.644230769230769,2,steering_control
720575941540246364,720575941412443540,8,VNC_IntTct_R,,416,1.9230769230769231,2,steering_control
720575941540246364,720575941412443540,4,VNC_WTct_L,,416,0.9615384615384616,2,steering_control
720575941540246364,720575941412443540,4,VNC_WTct_R,,416,0.9615384615384616,2,steering_control
720575941540246364,720575941430842209,7,VNC_HTct_L,,134,5.223880597014925,2,steering_control
720575941540246364,720575941457073478,4,VNC_WTct_L,,367,1.08991825613079,2,steering_control
720575941540246364,720575941457073478,2,VNC_WTct_R,,367,0.544959128065395,2,steering_control
720575941540246364,720575941473850720,12,VNC_IntTct_L,,1212,0.9900990099009901,5,steering_control
720575941540246364,720575941474437681,2,VNC_HTct_L,,297,0.6734006734006733,5,steering_control
720575941540246364,720575941474437681,5,VNC_HTct_R,,297,1.6835016835016834,5,steering_control
720575941540246364,720575941474437681,2,VNC_IntTct_R,,297,0.6734006734006733,5,steering_control
720575941540246364,720575941474437681,2,VNC_LTct_R,,297,0.6734006734006733,5,steering_control
720575941540246364,720575941488732876,2,VNC_WTct_R,,456,0.43859649122807015,2,steering_control
720575941540246364,720575941490785712,2,VNC_IntTct_L,,234,0.8547008547008548,5,steering_control
720575941540246364,720575941490785712,1,VNC_IntTct_R,,234,0.4273504273504274,5,steering_control
720575941540246364,720575941490785712,2,VNC_WTct_L,,234,0.8547008547008548,5,steering_control
720575941540246364,720575941490785712,1,VNC_WTct_R,,234,0.4273504273504274,5,steering_control
720575941540246364,720575941496878498,7,VNC_IntTct_L,,171,4.093567251461988,5,steering_control
720575941540246364,720575941530853507,2,VNC_IntTct_L,,434,0.4608294930875576,2,steering_control
720575941540246364,720575941532246762,10,VNC_IntTct_R,,1209,0.8271298593879239,5,steering_control
720575941540246364,720575941540246909,1,VNC_ANm_R,,232,0.43103448275862066,2,steering_control
720575941540246364,720575941540246909,2,VNC_HTct_L,,232,0.8620689655172413,2,steering_control
720575941540246364,720575941540246909,2,VNC_HTct_R,,232,0.8620689655172413,2,steering_control
720575941540246364,720575941549386239,6,VNC_IntTct_L,,409,1.466992665036675,2,steering_control
720575941540246364,720575941549386239,4,VNC_WTct_L,,409,0.9779951100244498,2,steering_control
720575941540246364,720575941550971783,7,VNC_IntTct_R,,157,4.45859872611465,5,steering_control
720575941540246364,720575941553338778,25,VNC_HTct_L,,2701,0.9255831173639394,5,steering_control
720575941540246364,720575941553338778,47,VNC_IntTct_L,,2701,1.7400962606442059,5,steering_control
720575941540246364,720575941553338778,37,VNC_WTct_L,,2701,1.36986301369863,5,steering_control
720575941540246364,720575941570817352,2,VNC_HTct_L,,403,0.49627791563275436,2,steering_control
720575941540246364,720575941570817352,2,VNC_WTct_L,,403,0.49627791563275436,2,steering_control
720575941540246364,720575941576368744,3,VNC_HTct_L,,249,1.2048192771084338,2,steering_control
720575941540246364,720575941576368744,6,VNC_IntTct_L,,249,2.4096385542168677,2,steering_control
720575941540246364,720575941576368744,3,VNC_WTct_L,,249,1.2048192771084338,2,steering_control
720575941540246364,720575941583254918,5,VNC_IntTct_R,,331,1.5105740181268883,2,steering_control
720575941540246364,720575941583254918,4,VNC_WTct_R,,331,1.2084592145015105,2,steering_control
720575941540246364,720575941583601886,31,VNC_IntTct_R,,2644,1.172465960665658,5,steering_control
720575941540246364,720575941583601886,13,VNC_WTct_R,,2644,0.49167927382753407,5,steering_control
720575941540246364,720575941612053094,16,VNC_HTct_L,,914,1.75054704595186,5,steering_control
720575941540246364,720575941619873663,4,VNC_IntTct_L,,920,0.43478260869565216,2,steering_control
720575941540246364,720575941623347099,7,VNC_IntTct_L,,455,1.5384615384615385,2,steering_control
720575941540246364,720575941623347099,6,VNC_IntTct_R,,455,1.3186813186813187,2,steering_control
720575941540246364,720575941623347099,2,VNC_WTct_R,,455,0.43956043956043955,2,steering_control
720575941540246364,720575941650775313,13,VNC_IntTct_L,,456,2.850877192982456,2,steering_control
720575941540246364,720575941650775313,7,VNC_IntTct_R,,456,1.5350877192982455,2,steering_control
720575941540246364,720575941650775313,2,VNC_LTct_R,,456,0.43859649122807015,2,steering_control
720575941540246364,720575941650775313,4,VNC_WTct_L,,456,0.8771929824561403,2,steering_control
720575941540246364,720575941652038421,1,VNC_HTct_R,,142,0.7042253521126761,4,steering_control
720575941540246364,720575941652038421,2,VNC_unassigned_R,,142,1.4084507042253522,4,steering_control
720575941540246364,720575941653507801,13,VNC_HTct_L,,367,3.5422343324250685,5,steering_control
720575941540246364,720575941653507801,2,VNC_IntTct_R,,367,0.544959128065395,5,steering_control
720575941540246364,720575941663099516,2,VNC_IntTct_R,,343,0.5830903790087464,5,steering_control
720575941540462285,720575941498482043,18,VNC_T1_ProNm_R,,1024,1.7578125,3,power_control
720575941540466381,720575941428965368,8,VNC_IntTct_L,,673,1.188707280832095,3,power_control
720575941540466381,720575941428965368,13,VNC_LTct_L,,673,1.9316493313521546,3,power_control
720575941540466381,720575941428965368,6,VNC_T1_ProNm_L,,673,0.8915304606240713,3,power_control
720575941540466381,720575941438659551,18,VNC_T3_MetaNm_L,,322,5.590062111801243,2,steering_control
720575941540466381,720575941521069751,15,VNC_IntTct_L,,1162,1.2908777969018932,5,steering_control
720575941540466381,720575941521069751,21,VNC_LTct_L,,1162,1.8072289156626504,5,steering_control
720575941540466381,720575941535047690,7,VNC_IntTct_L,,1366,0.5124450951683748,5,steering_control
720575941540466381,720575941566431286,8,VNC_T3_MetaNm_L,,122,6.557377049180328,2,steering_control
720575941540466381,720575941611914669,32,VNC_IntTct_L,,1305,2.452107279693487,5,steering_control
720575941540466381,720575941611914669,12,VNC_LTct_L,,1305,0.9195402298850575,5,steering_control
720575941540466381,720575941611914669,6,VNC_WTct_L,,1305,0.45977011494252873,5,steering_control
720575941540466381,720575941611914669,6,VNC_unassigned_L,,1305,0.45977011494252873,5,steering_control
720575941540466381,720575941667164081,13,VNC_IntTct_L,,276,4.710144927536232,2,steering_control
720575941540466381,720575941687834331,1,VNC_IntTct_L,,39,2.564102564102564,3,power_control
720575941540466381,720575941687834331,5,VNC_WTct_L,,39,12.82051282051282,3,power_control
720575941540466381,720575941691313115,5,VNC_AMNp_L,,1219,0.41017227235438886,3,power_control
720575941540466381,720575941691313115,10,VNC_LTct_L,,1219,0.8203445447087777,3,power_control
720575941540466381,720575941691313115,5,VNC_WTct_L,,1219,0.41017227235438886,3,power_control
720575941541271325,720575941477297716,5,VNC_NTct_L,,889,0.562429696287964,5,steering_control
720575941541271325,720575941525725954,4,VNC_NTct_L,,667,0.5997001499250375,5,steering_control
720575941541726493,720575941464901398,10,VNC_HTct_R,,833,1.2004801920768309,5,steering_control
720575941541726493,720575941583601886,17,VNC_IntTct_R,,2644,0.6429652042360061,5,steering_control
720575941542514268,720575941613448668,23,VNC_T2_MesoNm_R,,3300,0.6969696969696969,5,steering_control
720575941542534236,720575941457930655,2,VNC_HTct_R,,259,0.7722007722007722,5,steering_control
720575941542534236,720575941457930655,8,VNC_WTct_R,,259,3.088803088803089,5,steering_control
720575941542534236,720575941457930655,2,VNC_unassigned_R,,259,0.7722007722007722,5,steering_control
720575941542534236,720575941489388236,4,VNC_HTct_R,,124,3.225806451612903,1,power_control
720575941542534236,720575941489388236,1,VNC_WTct_R,,124,0.8064516129032258,1,power_control
720575941542534236,720575941489388236,1,VNC_unassigned_R,,124,0.8064516129032258,1,power_control
720575941542534236,720575941496227041,8,VNC_HTct_R,,529,1.5122873345935728,2,steering_control
720575941542534236,720575941496227041,8,VNC_WTct_R,,529,1.5122873345935728,2,steering_control
720575941542534236,720575941496227041,5,VNC_unassigned_R,,529,0.945179584120983,2,steering_control
720575941542534236,720575941507848208,3,VNC_WTct_R,,503,0.5964214711729622,5,steering_control
720575941542534236,720575941507848208,5,VNC_unassigned_R,,503,0.9940357852882704,5,steering_control
720575941542534236,720575941514046355,2,VNC_HTct_R,,305,0.6557377049180327,2,steering_control
720575941542534236,720575941514046355,18,VNC_WTct_R,,305,5.901639344262295,2,steering_control
720575941542534236,720575941520255223,3,VNC_HTct_R,,182,1.6483516483516485,5,steering_control
720575941542534236,720575941539741788,8,VNC_HTct_R,,518,1.5444015444015444,2,steering_control
720575941542534236,720575941539741788,7,VNC_WTct_R,,518,1.3513513513513513,2,steering_control
720575941542534236,720575941542469212,10,VNC_unassigned_R,,1913,0.5227391531625719,5,steering_control
720575941542534236,720575941543647420,7,VNC_HTct_R,,234,2.9914529914529915,5,steering_control
720575941542534236,720575941543647420,3,VNC_WTct_R,,234,1.282051282051282,5,steering_control
720575941542534236,720575941543647420,6,VNC_unassigned_R,,234,2.564102564102564,5,steering_control
720575941542534236,720575941545286792,3,VNC_WTct_R,,121,2.479338842975207,5,steering_control
720575941542534236,720575941545286792,1,VNC_unassigned_R,,121,0.8264462809917356,5,steering_control
720575941542534236,720575941545408904,4,VNC_WTct_R,,95,4.2105263157894735,3,power_control
720575941542534236,720575941546335676,11,VNC_HTct_R,,546,2.0146520146520146,5,steering_control
720575941542534236,720575941546335676,15,VNC_WTct_R,,546,2.7472527472527473,5,steering_control
720575941542534236,720575941546335676,4,VNC_unassigned_R,,546,0.7326007326007326,5,steering_control
720575941542534236,720575941549399039,3,VNC_HTct_R,,237,1.2658227848101267,5,steering_control
720575941542534236,720575941549399039,3,VNC_WTct_R,,237,1.2658227848101267,5,steering_control
720575941542534236,720575941554784676,4,VNC_WTct_R,,504,0.7936507936507936,5,steering_control
720575941542534236,720575941573188278,6,VNC_ANm_R,,292,2.054794520547945,5,steering_control
720575941542534236,720575941573188278,4,VNC_HTct_R,,292,1.36986301369863,5,steering_control
720575941542534236,720575941573188278,9,VNC_WTct_R,,292,3.0821917808219177,5,steering_control
720575941542534236,720575941603749817,5,VNC_ANm_R,,377,1.3262599469496021,5,steering_control
720575941542534236,720575941603916222,1,VNC_IntTct_R,,208,0.4807692307692308,1,power_control
720575941542534236,720575941603916222,2,VNC_WTct_R,,208,0.9615384615384616,1,power_control
720575941542534236,720575941613367260,18,VNC_HTct_R,,733,2.455661664392906,5,steering_control
720575941542534236,720575941613367260,4,VNC_WTct_R,,733,0.5457025920873124,5,steering_control
720575941542534236,720575941613367260,5,VNC_unassigned_R,,733,0.6821282401091405,5,steering_control
720575941542534236,720575941630620576,3,VNC_HTct_R,,739,0.40595399188092013,5,steering_control
720575941542534236,720575941630620576,6,VNC_WTct_R,,739,0.8119079837618403,5,steering_control
720575941542534236,720575941630620576,4,VNC_unassigned_R,,739,0.5412719891745602,5,steering_control
720575941542534236,720575941665520371,2,VNC_ANm_R,,481,0.4158004158004158,5,steering_control
720575941542534236,720575941665520371,3,VNC_HTct_R,,481,0.6237006237006237,5,steering_control
720575941542534236,720575941665520371,6,VNC_WTct_R,,481,1.2474012474012475,5,steering_control
720575941542610437,720575941459912262,7,VNC_IntTct_R,,663,1.0558069381598794,5,steering_control
720575941542610437,720575941486968326,3,VNC_LTct_R,,542,0.5535055350553505,5,steering_control
720575941542610437,720575941625907769,12,VNC_IntTct_R,,1473,0.8146639511201629,5,steering_control
720575941542610437,720575941625907769,6,VNC_LTct_R,,1473,0.40733197556008144,5,steering_control
720575941542617117,720575941487910608,4,VNC_HTct_R,,190,2.1052631578947367,5,steering_control
720575941542617117,720575941564034614,3,VNC_HTct_R,,116,2.586206896551724,5,steering_control
720575941542664284,720575941456348575,12,VNC_IntTct_R,,1369,0.8765522279035792,5,steering_control
720575941542664284,720575941488675276,4,VNC_HTct_R,,378,1.0582010582010581,2,steering_control
720575941542664284,720575941492308606,21,VNC_IntTct_R,,529,3.9697542533081283,2,steering_control
720575941542664284,720575941533761050,3,VNC_IntTct_R,,420,0.7142857142857143,2,steering_control
720575941542664284,720575941557294095,4,VNC_WTct_R,,479,0.8350730688935281,2,steering_control
720575941542664284,720575941593615211,4,VNC_IntTct_R,,797,0.5018820577164366,5,steering_control
720575941542664284,720575941604997997,3,VNC_IntTct_R,,306,0.9803921568627451,5,steering_control
720575941542664284,720575941680033213,5,VNC_HTct_R,,271,1.8450184501845017,5,steering_control
720575941542664284,720575941680033213,3,VNC_IntTct_R,,271,1.107011070110701,5,steering_control
720575941542898205,720575941440736207,3,VNC_T2_MesoNm_L,,195,1.5384615384615385,4,steering_control
720575941542898205,720575941592919080,15,VNC_T1_ProNm_L,,1029,1.4577259475218658,5,steering_control
720575941543045149,720575941399309603,5,VNC_IntTct_L,,484,1.0330578512396695,2,steering_control
720575941543045149,720575941399309603,3,VNC_NTct_L,,484,0.6198347107438017,2,steering_control
720575941543045149,720575941410007663,3,VNC_HTct_L,,186,1.6129032258064515,5,steering_control
720575941543045149,720575941410007663,3,VNC_IntTct_L,,186,1.6129032258064515,5,steering_control
720575941543045149,720575941447013813,6,VNC_HTct_L,,962,0.6237006237006237,5,steering_control
720575941543045149,720575941450876794,16,VNC_HTct_L,,1106,1.4466546112115732,5,steering_control
720575941543045149,720575941450876794,11,VNC_IntTct_L,,1106,0.9945750452079566,5,steering_control
720575941543045149,720575941452164915,1,VNC_HTct_L,,170,0.5882352941176471,2,steering_control
720575941543045149,720575941452164915,3,VNC_WTct_L,,170,1.7647058823529411,2,steering_control
720575941543045149,720575941464073558,10,VNC_HTct_L,,785,1.2738853503184715,5,steering_control
720575941543045149,720575941464073558,4,VNC_IntTct_L,,785,0.5095541401273885,5,steering_control
720575941543045149,720575941470111863,3,VNC_WTct_L,,118,2.5423728813559325,5,steering_control
720575941543045149,720575941471203447,5,VNC_HTct_L,,395,1.2658227848101267,2,steering_control
720575941543045149,720575941490804656,4,VNC_HTct_L,,149,2.684563758389262,2,steering_control
720575941543045149,720575941496878498,1,VNC_HTct_L,,171,0.5847953216374269,5,steering_control
720575941543045149,720575941496878498,3,VNC_IntTct_L,,171,1.7543859649122806,5,steering_control
720575941543045149,720575941500845035,5,VNC_IntTct_L,,245,2.0408163265306123,5,steering_control
720575941543045149,720575941500845035,2,VNC_WTct_L,,245,0.8163265306122449,5,steering_control
720575941543045149,720575941504505157,4,VNC_NTct_L,,225,1.7777777777777777,5,steering_control
720575941543045149,720575941508542674,6,VNC_HTct_L,,521,1.1516314779270633,2,steering_control
720575941543045149,720575941508542674,6,VNC_IntTct_L,,521,1.1516314779270633,2,steering_control
720575941543045149,720575941517764824,13,VNC_HTct_L,,625,2.08,5,steering_control
720575941543045149,720575941518334643,4,VNC_HTct_L,,296,1.3513513513513513,2,steering_control
720575941543045149,720575941523112439,8,VNC_IntTct_L,,860,0.9302325581395349,5,steering_control
720575941543045149,720575941523112439,4,VNC_NTct_L,,860,0.46511627906976744,5,steering_control
720575941543045149,720575941533258689,4,VNC_IntTct_L,,164,2.4390243902439024,1,power_control
720575941543045149,720575941533258689,4,VNC_NTct_L,,164,2.4390243902439024,1,power_control
720575941543045149,720575941563318070,8,VNC_HTct_L,,264,3.0303030303030303,5,steering_control
720575941543045149,720575941583511518,8,VNC_IntTct_L,,537,1.48975791433892,2,steering_control
720575941543045149,720575941583511518,7,VNC_WTct_L,,537,1.303538175046555,2,steering_control
720575941543045149,720575941588018942,6,VNC_HTct_L,,333,1.8018018018018018,5,steering_control
720575941543045149,720575941588018942,2,VNC_IntTct_L,,333,0.6006006006006006,5,steering_control
720575941543045149,720575941588095300,4,VNC_HTct_L,,119,3.361344537815126,5,steering_control
720575941543045149,720575941594213927,1,VNC_HTct_L,,104,0.9615384615384616,5,steering_control
720575941543045149,720575941594213927,2,VNC_IntTct_L,,104,1.9230769230769231,5,steering_control
720575941543045149,720575941611645203,5,VNC_HTct_L,,116,4.310344827586207,4,steering_control
720575941543045149,720575941729950507,6,VNC_IntTct_L,,91,6.593406593406594,1,power_control
720575941543045149,720575941729950507,1,VNC_NTct_L,,91,1.098901098901099,1,power_control
720575941543108956,720575941524021860,4,VNC_IntTct_L,,31,12.903225806451612,3,power_control
720575941543684357,720575941457073478,2,VNC_HTct_R,,367,0.544959128065395,2,steering_control
720575941543684357,720575941457073478,9,VNC_IntTct_R,,367,2.452316076294278,2,steering_control
720575941543684357,720575941457073478,2,VNC_NTct_R,,367,0.544959128065395,2,steering_control
720575941543684357,720575941488732876,3,VNC_IntTct_R,,456,0.6578947368421052,2,steering_control
720575941543962629,720575941490785712,3,VNC_unassigned_R,,234,1.282051282051282,5,steering_control
720575941545273861,720575941547226248,3,VNC_NTct_L,,653,0.45941807044410415,5,steering_control
720575941545273861,720575941580348753,6,VNC_HTct_L,,99,6.0606060606060606,5,steering_control
720575941545273861,720575941667164081,3,VNC_HTct_L,,276,1.0869565217391304,2,steering_control
720575941545312005,720575941399253283,5,VNC_WTct_R,,418,1.1961722488038278,2,steering_control
720575941545312005,720575941460885005,5,VNC_HTct_R,,500,1.0,5,steering_control
720575941545312005,720575941460885005,2,VNC_WTct_R,,500,0.4,5,steering_control
720575941545312005,720575941492308606,3,VNC_IntTct_R,,529,0.5671077504725899,2,steering_control
720575941545312005,720575941495591291,4,VNC_HTct_R,,654,0.6116207951070336,5,steering_control
720575941545312005,720575941495591291,5,VNC_IntTct_R,,654,0.764525993883792,5,steering_control
720575941545312005,720575941496915618,4,VNC_HTct_R,,236,1.694915254237288,5,steering_control
720575941545312005,720575941501884610,3,VNC_HTct_R,,139,2.158273381294964,2,steering_control
720575941545312005,720575941501884610,3,VNC_WTct_R,,139,2.158273381294964,2,steering_control
720575941545312005,720575941533221825,2,VNC_HTct_R,,198,1.0101010101010102,5,steering_control
720575941545312005,720575941533221825,4,VNC_IntTct_R,,198,2.0202020202020203,5,steering_control
720575941545312005,720575941533761050,3,VNC_IntTct_R,,420,0.7142857142857143,2,steering_control
720575941545312005,720575941553506020,6,VNC_HTct_R,,119,5.042016806722689,2,steering_control
720575941545312005,720575941553506020,1,VNC_WTct_R,,119,0.8403361344537815,2,steering_control
720575941545312005,720575941557294095,2,VNC_HTct_R,,479,0.41753653444676403,2,steering_control
720575941545312005,720575941557294095,5,VNC_WTct_R,,479,1.0438413361169103,2,steering_control
720575941545312005,720575941566956532,4,VNC_HTct_R,,460,0.8695652173913043,2,steering_control
720575941545312005,720575941566956532,3,VNC_WTct_R,,460,0.6521739130434783,2,steering_control
720575941545312005,720575941601153270,14,VNC_HTct_R,,661,2.118003025718608,5,steering_control
720575941545312005,720575941604997997,2,VNC_HTct_R,,306,0.6535947712418301,5,steering_control
720575941545312005,720575941604997997,3,VNC_IntTct_R,,306,0.9803921568627451,5,steering_control
720575941545312005,720575941608817897,2,VNC_HTct_R,,286,0.6993006993006993,2,steering_control
720575941545312005,720575941608817897,2,VNC_IntTct_R,,286,0.6993006993006993,2,steering_control
720575941545312005,720575941608991050,14,VNC_HTct_R,,3212,0.43586550435865506,2,steering_control
720575941545312005,720575941659696184,16,VNC_HTct_R,,840,1.9047619047619049,5,steering_control
720575941545312005,720575941659696184,9,VNC_IntTct_R,,840,1.0714285714285714,5,steering_control
720575941545312005,720575941659696184,4,VNC_WTct_R,,840,0.4761904761904762,5,steering_control
720575941545312005,720575941680033213,6,VNC_HTct_R,,271,2.214022140221402,5,steering_control
720575941545312005,720575941680033213,6,VNC_IntTct_R,,271,2.214022140221402,5,steering_control
720575941546194364,720575941523112439,8,VNC_NTct_L,,860,0.9302325581395349,5,steering_control
720575941546446697,720575941399253283,14,VNC_HTct_R,,418,3.349282296650718,2,steering_control
720575941546446697,720575941399253283,5,VNC_IntTct_R,,418,1.1961722488038278,2,steering_control
720575941546446697,720575941399253283,4,VNC_WTct_R,,418,0.9569377990430622,2,steering_control
720575941546446697,720575941456348575,13,VNC_HTct_R,,1369,0.9495982468955442,5,steering_control
720575941546446697,720575941456348575,18,VNC_IntTct_R,,1369,1.3148283418553688,5,steering_control
720575941546446697,720575941456348575,6,VNC_NTct_R,,1369,0.4382761139517896,5,steering_control
720575941546446697,720575941456348575,6,VNC_WTct_R,,1369,0.4382761139517896,5,steering_control
720575941546446697,720575941460885005,2,VNC_HTct_R,,500,0.4,5,steering_control
720575941546446697,720575941492308606,3,VNC_IntTct_R,,529,0.5671077504725899,2,steering_control
720575941546446697,720575941495591291,5,VNC_HTct_R,,654,0.764525993883792,5,steering_control
720575941546446697,720575941495591291,4,VNC_IntTct_R,,654,0.6116207951070336,5,steering_control
720575941546446697,720575941532385624,4,VNC_HTct_R,,460,0.8695652173913043,2,steering_control
720575941546446697,720575941532385624,5,VNC_IntTct_R,,460,1.0869565217391304,2,steering_control
720575941546446697,720575941533221825,1,VNC_HTct_R,,198,0.5050505050505051,5,steering_control
720575941546446697,720575941533221825,5,VNC_IntTct_R,,198,2.525252525252525,5,steering_control
720575941546446697,720575941533761050,7,VNC_HTct_R,,420,1.6666666666666667,2,steering_control
720575941546446697,720575941533761050,2,VNC_WTct_R,,420,0.4761904761904762,2,steering_control
720575941546446697,720575941546491681,5,VNC_IntTct_R,,797,0.6273525721455459,5,steering_control
720575941546446697,720575941557294095,4,VNC_HTct_R,,479,0.8350730688935281,2,steering_control
720575941546446697,720575941557294095,9,VNC_IntTct_R,,479,1.8789144050104383,2,steering_control
720575941546446697,720575941563316022,4,VNC_HTct_R,,343,1.1661807580174928,4,steering_control
720575941546446697,720575941566788602,8,VNC_HTct_R,,313,2.5559105431309903,4,steering_control
720575941546446697,720575941566956532,2,VNC_HTct_R,,460,0.43478260869565216,2,steering_control
720575941546446697,720575941566956532,6,VNC_IntTct_R,,460,1.3043478260869565,2,steering_control
720575941546446697,720575941574412943,3,VNC_HTct_R,,153,1.9607843137254901,2,steering_control
720575941546446697,720575941601153270,8,VNC_HTct_R,,661,1.2102874432677762,5,steering_control
720575941546446697,720575941604997997,8,VNC_HTct_R,,306,2.6143790849673203,5,steering_control
720575941546446697,720575941604997997,8,VNC_IntTct_R,,306,2.6143790849673203,5,steering_control
720575941546446697,720575941641473874,4,VNC_HTct_R,,296,1.3513513513513513,5,steering_control
720575941546446697,720575941659696184,6,VNC_HTct_R,,840,0.7142857142857143,5,steering_control
720575941546446697,720575941680033213,5,VNC_HTct_R,,271,1.8450184501845017,5,steering_control
720575941546446697,720575941680033213,2,VNC_WTct_R,,271,0.7380073800738007,5,steering_control
720575941546513001,720575941521031927,3,VNC_LTct_L,,329,0.911854103343465,5,steering_control
720575941546602345,720575941505610263,3,VNC_AMNp_L,,70,4.285714285714286,5,steering_control
720575941546602345,720575941513220601,5,VNC_AMNp_L,,609,0.8210180623973727,1,power_control
720575941546602345,720575941528729784,3,VNC_AMNp_L,,272,1.1029411764705883,1,power_control
720575941546602345,720575941568855540,5,VNC_ANm_L,,137,3.64963503649635,5,steering_control
720575941546602345,720575941596078961,4,VNC_WTct_L,,330,1.2121212121212122,2,steering_control
720575941546634428,720575941459912262,13,VNC_IntTct_R,,663,1.9607843137254901,5,steering_control
720575941546634428,720575941486968326,4,VNC_IntTct_R,,542,0.7380073800738007,5,steering_control
720575941546634428,720575941486968326,3,VNC_LTct_R,,542,0.5535055350553505,5,steering_control
720575941546634428,720575941625907769,12,VNC_IntTct_R,,1473,0.8146639511201629,5,steering_control
720575941546667452,720575941547390269,3,VNC_ANm_L,,44,6.8181818181818175,5,steering_control
720575941546667452,720575941549481761,4,VNC_WTct_L,,32,12.5,5,steering_control
720575941546667452,720575941562043392,4,VNC_IntTct_L,,720,0.5555555555555556,5,steering_control
720575941546667452,720575941566716206,3,VNC_ANm_L,,34,8.823529411764707,5,steering_control
720575941546667452,720575941576933109,5,VNC_WTct_L,,37,13.513513513513514,3,power_control
720575941546667452,720575941576934645,3,VNC_WTct_L,,209,1.4354066985645932,1,power_control
720575941546667452,720575941644491640,3,VNC_WTct_L,,54,5.555555555555555,3,power_control
720575941546667452,720575941687834331,4,VNC_AMNp_L,,39,10.256410256410255,3,power_control
720575941546668988,720575941439197269,4,VNC_IntTct_R,,197,2.030456852791878,3,power_control
720575941546668988,720575941439197269,3,VNC_WTct_R,,197,1.5228426395939088,3,power_control
720575941546668988,720575941539218301,3,VNC_unassigned_L,,571,0.5253940455341506,3,power_control
720575941546668988,720575941576958197,1,VNC_IntTct_R,,98,1.0204081632653061,3,power_control
720575941546668988,720575941576958197,1,VNC_WTct_L,,98,1.0204081632653061,3,power_control
720575941546668988,720575941576958197,3,VNC_WTct_R,,98,3.061224489795918,3,power_control
720575941546668988,720575941595757724,2,VNC_WTct_L,,120,1.6666666666666667,3,power_control
720575941546668988,720575941595757724,1,VNC_WTct_R,,120,0.8333333333333334,3,power_control
720575941546668988,720575941611056714,3,VNC_NTct_L,,96,3.125,3,power_control
720575941546668988,720575941611056714,1,VNC_WTct_L,,96,1.0416666666666665,3,power_control
720575941546668988,720575941611056714,1,VNC_unassigned_L,,96,1.0416666666666665,3,power_control
720575941546668988,720575941655827480,3,VNC_IntTct_L,,81,3.7037037037037033,1,power_control
720575941546668988,720575941655827480,1,VNC_IntTct_R,,81,1.2345679012345678,1,power_control
720575941546668988,720575941663489404,3,VNC_WTct_R,,104,2.8846153846153846,5,steering_control
720575941546970292,720575941609001034,7,VNC_NTct_R,,563,1.2433392539964476,5,steering_control
720575941547317940,720575941564059399,5,VNC_WTct_R,,395,1.2658227848101267,5,steering_control
720575941547452084,720575941474571572,5,VNC_T3_MetaNm_L,,434,1.1520737327188941,5,steering_control
720575941547452084,720575941474571572,5,VNC_T3_MetaNm_R,,434,1.1520737327188941,5,steering_control
720575941547452084,720575941486968326,3,VNC_LTct_R,,542,0.5535055350553505,5,steering_control
720575941547452084,720575941512798929,3,VNC_T3_MetaNm_L,,269,1.1152416356877324,5,steering_control
720575941547452084,720575941512798929,3,VNC_T3_MetaNm_R,,269,1.1152416356877324,5,steering_control
720575941547452084,720575941521236915,7,VNC_T3_MetaNm_L,,400,1.7500000000000002,5,steering_control
720575941547452084,720575941521236915,2,VNC_T3_MetaNm_R,,400,0.5,5,steering_control
720575941547452084,720575941521986227,3,VNC_IntTct_R,,306,0.9803921568627451,5,steering_control
720575941547452084,720575941525182630,3,VNC_IntTct_R,,109,2.7522935779816518,5,steering_control
720575941547452084,720575941540727581,3,VNC_LTct_R,,491,0.6109979633401221,5,steering_control
720575941547452084,720575941557576563,2,VNC_IntTct_R,,100,2.0,5,steering_control
720575941547452084,720575941557576563,1,VNC_LTct_R,,100,1.0,5,steering_control
720575941547452084,720575941558635053,5,VNC_IntTct_L,,589,0.8488964346349746,5,steering_control
720575941547452084,720575941558635053,4,VNC_LTct_L,,589,0.6791171477079796,5,steering_control
720575941548066184,720575941487910608,3,VNC_T3_MetaNm_R,,190,1.5789473684210527,5,steering_control
720575941548169608,720575941468725259,4,VNC_IntTct_R,,73,5.47945205479452,1,power_control
720575941548169608,720575941468725259,1,VNC_NTct_R,,73,1.36986301369863,1,power_control
720575941548169608,720575941474334779,6,VNC_HTct_R,,883,0.6795016987542469,5,steering_control
720575941548169608,720575941492308606,4,VNC_IntTct_R,,529,0.7561436672967864,2,steering_control
720575941548169608,720575941495591291,3,VNC_HTct_R,,654,0.45871559633027525,5,steering_control
720575941548169608,720575941495591291,3,VNC_IntTct_R,,654,0.45871559633027525,5,steering_control
720575941548169608,720575941496915618,3,VNC_HTct_R,,236,1.2711864406779663,5,steering_control
720575941548169608,720575941533221825,3,VNC_IntTct_R,,198,1.5151515151515151,5,steering_control
720575941548169608,720575941546491681,6,VNC_HTct_R,,797,0.7528230865746549,5,steering_control
720575941548169608,720575941546491681,13,VNC_IntTct_R,,797,1.631116687578419,5,steering_control
720575941548169608,720575941557612915,20,VNC_IntTct_R,,4206,0.47551117451260105,2,steering_control
720575941548169608,720575941566956532,3,VNC_IntTct_R,,460,0.6521739130434783,2,steering_control
720575941548169608,720575941601153270,3,VNC_HTct_R,,661,0.45385779122541603,5,steering_control
720575941548169608,720575941608991050,15,VNC_IntTct_R,,3212,0.4669987546699875,2,steering_control
720575941548169608,720575941630959035,5,VNC_IntTct_R,,391,1.278772378516624,5,steering_control
720575941548169608,720575941659696184,5,VNC_IntTct_R,,840,0.5952380952380952,5,steering_control
720575941548409377,720575941609001034,4,VNC_NTct_R,,563,0.7104795737122558,5,steering_control
720575941549022497,720575941588095300,2,VNC_HTct_L,,119,1.680672268907563,5,steering_control
720575941549022497,720575941588095300,1,VNC_IntTct_L,,119,0.8403361344537815,5,steering_control
720575941549156980,720575941474704948,5,VNC_NTct_L,,186,2.6881720430107525,5,steering_control
720575941549156980,720575941521986227,2,VNC_IntTct_L,,306,0.6535947712418301,5,steering_control
720575941549156980,720575941521986227,2,VNC_unassigned_R,,306,0.6535947712418301,5,steering_control
720575941549156980,720575941532432618,2,VNC_unassigned_R,,374,0.53475935828877,5,steering_control
720575941549156980,720575941551389979,1,VNC_WTct_L,,188,0.5319148936170213,1,power_control
720575941549156980,720575941551389979,3,VNC_WTct_R,,188,1.5957446808510638,1,power_control
720575941549156980,720575941625932682,5,VNC_WTct_R,,274,1.824817518248175,5,steering_control
720575941549490209,720575941564147346,3,VNC_IntTct_R,,117,2.564102564102564,1,power_control
720575941549490209,720575941669049587,2,VNC_IntTct_L,,293,0.6825938566552902,1,power_control
720575941549490209,720575941669049587,5,VNC_WTct_R,,293,1.7064846416382253,1,power_control
720575941549506932,720575941547178164,4,VNC_HTct_R,,162,2.4691358024691357,3,power_control
720575941549506932,720575941561870592,4,VNC_HTct_R,,142,2.8169014084507045,4,steering_control
720575941550196797,720575941464768790,4,VNC_T1_ProNm_R,,723,0.5532503457814661,5,steering_control
720575941550561341,720575941625963419,6,VNC_AMNp_R,,1186,0.5059021922428331,5,steering_control
720575941550794751,720575941438938175,40,VNC_HTct_L,,1113,3.5938903863432166,5,steering_control
720575941550794751,720575941722194234,6,VNC_HTct_L,,37,16.216216216216218,2,steering_control
720575941551093639,720575941435625516,5,VNC_NTct_L,,194,2.5773195876288657,5,steering_control
720575941551414170,720575941438938175,5,VNC_IntTct_L,,1113,0.44923629829290207,5,steering_control
720575941551414170,720575941478092963,5,VNC_IntTct_L,,466,1.0729613733905579,5,steering_control
720575941551414170,720575941553338778,24,VNC_IntTct_L,,2701,0.8885597926693818,5,steering_control
720575941551414170,720575941653507801,4,VNC_HTct_L,,367,1.08991825613079,5,steering_control
720575941551414170,720575941723242042,5,VNC_IntTct_L,,791,0.6321112515802781,5,steering_control
720575941551774526,720575941532246762,6,VNC_IntTct_R,,1209,0.49627791563275436,5,steering_control
720575941551948543,720575941474334779,4,VNC_ANm_R,,883,0.4530011325028313,5,steering_control
720575941551948543,720575941526701412,11,VNC_HTct_L,,606,1.8151815181518154,5,steering_control
720575941551948543,720575941526701412,3,VNC_IntTct_L,,606,0.49504950495049505,5,steering_control
720575941551948543,720575941526701412,4,VNC_unassigned_L,,606,0.6600660066006601,5,steering_control
720575941551948543,720575941552622398,2,VNC_HTct_L,,210,0.9523809523809524,5,steering_control
720575941551948543,720575941552622398,1,VNC_HTct_R,,210,0.4761904761904762,5,steering_control
720575941551948543,720575941552622398,2,VNC_unassigned_R,,210,0.9523809523809524,5,steering_control
720575941551948543,720575941565459095,2,VNC_HTct_R,,196,1.0204081632653061,5,steering_control
720575941551948543,720575941565459095,1,VNC_IntTct_R,,196,0.5102040816326531,5,steering_control
720575941551948543,720575941565459095,1,VNC_WTct_R,,196,0.5102040816326531,5,steering_control
720575941551948543,720575941623108298,18,VNC_IntTct_R,,2454,0.7334963325183375,5,steering_control
720575941551948543,720575941623108298,15,VNC_WTct_R,,2454,0.6112469437652812,5,steering_control
720575941551948543,720575941671138727,10,VNC_WTct_L,,2296,0.4355400696864111,5,steering_control
720575941551948543,720575941684876527,1,VNC_HTct_L,,218,0.45871559633027525,5,steering_control
720575941551948543,720575941684876527,1,VNC_HTct_R,,218,0.45871559633027525,5,steering_control
720575941551948543,720575941684876527,3,VNC_IntTct_L,,218,1.3761467889908259,5,steering_control
720575941551948543,720575941684876527,2,VNC_LTct_R,,218,0.9174311926605505,5,steering_control
720575941551948543,720575941684876527,1,VNC_WTct_L,,218,0.45871559633027525,5,steering_control
720575941552017663,720575941602987510,4,VNC_ANm_L,,306,1.3071895424836601,5,steering_control
720575941552142727,720575941414326161,5,VNC_IntTct_L,,343,1.4577259475218658,5,steering_control
720575941552142727,720575941464073558,13,VNC_IntTct_L,,785,1.6560509554140128,5,steering_control
720575941552142727,720575941537600973,9,VNC_IntTct_L,,420,2.142857142857143,5,steering_control
720575941552142727,720575941560632744,1,VNC_HTct_L,,138,0.7246376811594203,5,steering_control
720575941552142727,720575941560632744,3,VNC_IntTct_L,,138,2.1739130434782608,5,steering_control
720575941552584510,720575941492308606,4,VNC_IntTct_R,,529,0.7561436672967864,2,steering_control
720575941552603966,720575941399253283,3,VNC_HTct_R,,418,0.7177033492822966,2,steering_control
720575941552603966,720575941399253283,11,VNC_IntTct_R,,418,2.631578947368421,2,steering_control
720575941552603966,720575941399253283,4,VNC_WTct_R,,418,0.9569377990430622,2,steering_control
720575941552603966,720575941399309603,7,VNC_NTct_L,,484,1.4462809917355373,2,steering_control
720575941552603966,720575941399309603,2,VNC_WTct_L,,484,0.4132231404958678,2,steering_control
720575941552603966,720575941410007663,2,VNC_HTct_L,,186,1.0752688172043012,5,steering_control
720575941552603966,720575941410007663,1,VNC_IntTct_L,,186,0.5376344086021506,5,steering_control
720575941552603966,720575941412323473,6,VNC_IntTct_L,,466,1.2875536480686696,2,steering_control
720575941552603966,720575941412323473,3,VNC_WTct_L,,466,0.6437768240343348,2,steering_control
720575941552603966,720575941412443540,8,VNC_IntTct_R,,416,1.9230769230769231,2,steering_control
720575941552603966,720575941414326161,16,VNC_IntTct_L,,343,4.664723032069971,5,steering_control
720575941552603966,720575941414326161,3,VNC_LTct_L,,343,0.8746355685131195,5,steering_control
720575941552603966,720575941456348575,30,VNC_IntTct_R,,1369,2.191380569758948,5,steering_control
720575941552603966,720575941457147206,30,VNC_IntTct_L,,1471,2.0394289598912305,5,steering_control
720575941552603966,720575941458334163,6,VNC_HTct_R,,1380,0.43478260869565216,2,steering_control
720575941552603966,720575941459554960,3,VNC_IntTct_R,,439,0.683371298405467,2,steering_control
720575941552603966,720575941464073558,4,VNC_IntTct_L,,785,0.5095541401273885,5,steering_control
720575941552603966,720575941471203447,2,VNC_HTct_L,,395,0.5063291139240507,2,steering_control
720575941552603966,720575941471203447,3,VNC_IntTct_L,,395,0.7594936708860759,2,steering_control
720575941552603966,720575941471203447,3,VNC_WTct_L,,395,0.7594936708860759,2,steering_control
720575941552603966,720575941508542674,8,VNC_HTct_L,,521,1.5355086372360844,2,steering_control
720575941552603966,720575941508542674,10,VNC_IntTct_L,,521,1.9193857965451053,2,steering_control
720575941552603966,720575941516768472,2,VNC_IntTct_L,,290,0.6896551724137931,5,steering_control
720575941552603966,720575941516768472,10,VNC_IntTct_R,,290,3.4482758620689653,5,steering_control
720575941552603966,720575941530853507,2,VNC_HTct_L,,434,0.4608294930875576,2,steering_control
720575941552603966,720575941530853507,2,VNC_IntTct_L,,434,0.4608294930875576,2,steering_control
720575941552603966,720575941532385624,8,VNC_HTct_R,,460,1.7391304347826086,2,steering_control
720575941552603966,720575941532385624,11,VNC_IntTct_R,,460,2.391304347826087,2,steering_control
720575941552603966,720575941532385624,2,VNC_WTct_R,,460,0.43478260869565216,2,steering_control
720575941552603966,720575941533761050,8,VNC_IntTct_R,,420,1.9047619047619049,2,steering_control
720575941552603966,720575941533761050,2,VNC_NTct_R,,420,0.4761904761904762,2,steering_control
720575941552603966,720575941557294095,12,VNC_IntTct_R,,479,2.5052192066805845,2,steering_control
720575941552603966,720575941557294095,2,VNC_WTct_R,,479,0.41753653444676403,2,steering_control
720575941552603966,720575941566956532,3,VNC_HTct_R,,460,0.6521739130434783,2,steering_control
720575941552603966,720575941566956532,17,VNC_IntTct_R,,460,3.6956521739130435,2,steering_control
720575941552603966,720575941583511518,4,VNC_IntTct_L,,537,0.74487895716946,2,steering_control
720575941552603966,720575941583511518,3,VNC_NTct_L,,537,0.5586592178770949,2,steering_control
720575941552603966,720575941593615211,10,VNC_IntTct_R,,797,1.2547051442910917,5,steering_control
720575941552603966,720575941608861929,15,VNC_IntTct_L,,441,3.4013605442176873,2,steering_control
720575941552603966,720575941608861929,2,VNC_WTct_L,,441,0.45351473922902497,2,steering_control
720575941552603966,720575941608991050,19,VNC_IntTct_R,,3212,0.5915317559153176,2,steering_control
720575941552603966,720575941623347099,5,VNC_IntTct_R,,455,1.098901098901099,2,steering_control
720575941552603966,720575941630959035,4,VNC_HTct_R,,391,1.0230179028132993,5,steering_control
720575941552603966,720575941630959035,9,VNC_IntTct_R,,391,2.3017902813299234,5,steering_control
720575941552603966,720575941650775313,3,VNC_IntTct_L,,456,0.6578947368421052,2,steering_control
720575941552603966,720575941650775313,2,VNC_IntTct_R,,456,0.43859649122807015,2,steering_control
720575941552603966,720575941667143601,4,VNC_IntTct_R,,222,1.8018018018018018,5,steering_control
720575941552603966,720575941723242042,6,VNC_IntTct_L,,791,0.7585335018963337,5,steering_control
720575941552603966,720575941723242042,5,VNC_WTct_L,,791,0.6321112515802781,5,steering_control
720575941552726407,720575941399253283,9,VNC_HTct_R,,418,2.15311004784689,2,steering_control
720575941552726407,720575941399253283,10,VNC_IntTct_R,,418,2.3923444976076556,2,steering_control
720575941552726407,720575941399253283,10,VNC_WTct_R,,418,2.3923444976076556,2,steering_control
720575941552726407,720575941430389006,3,VNC_WTct_R,,379,0.79155672823219,4,steering_control
720575941552726407,720575941436996882,10,VNC_IntTct_R,,766,1.3054830287206265,5,steering_control
720575941552726407,720575941436996882,10,VNC_WTct_R,,766,1.3054830287206265,5,steering_control
720575941552726407,720575941450876794,5,VNC_IntTct_R,,1106,0.45207956600361665,5,steering_control
720575941552726407,720575941456348575,9,VNC_HTct_R,,1369,0.6574141709276844,5,steering_control
720575941552726407,720575941456348575,23,VNC_IntTct_R,,1369,1.6800584368151936,5,steering_control
720575941552726407,720575941456348575,7,VNC_WTct_R,,1369,0.5113221329437546,5,steering_control
720575941552726407,720575941458334163,16,VNC_HTct_R,,1380,1.1594202898550725,2,steering_control
720575941552726407,720575941458334163,10,VNC_IntTct_R,,1380,0.7246376811594203,2,steering_control
720575941552726407,720575941459554960,6,VNC_HTct_R,,439,1.366742596810934,2,steering_control
720575941552726407,720575941459554960,8,VNC_IntTct_R,,439,1.8223234624145785,2,steering_control
720575941552726407,720575941464768790,4,VNC_IntTct_R,,723,0.5532503457814661,5,steering_control
720575941552726407,720575941477884802,7,VNC_HTct_R,,995,0.7035175879396985,5,steering_control
720575941552726407,720575941503451301,10,VNC_HTct_R,,2065,0.48426150121065376,2,steering_control
720575941552726407,720575941503451301,26,VNC_IntTct_R,,2065,1.2590799031476998,2,steering_control
720575941552726407,720575941516768472,5,VNC_HTct_R,,290,1.7241379310344827,5,steering_control
720575941552726407,720575941516768472,5,VNC_IntTct_R,,290,1.7241379310344827,5,steering_control
720575941552726407,720575941517717420,4,VNC_HTct_R,,138,2.898550724637681,5,steering_control
720575941552726407,720575941517717420,8,VNC_IntTct_R,,138,5.797101449275362,5,steering_control
720575941552726407,720575941517717420,2,VNC_NTct_R,,138,1.4492753623188406,5,steering_control
720575941552726407,720575941517717420,1,VNC_WTct_R,,138,0.7246376811594203,5,steering_control
720575941552726407,720575941532385624,12,VNC_HTct_R,,460,2.608695652173913,2,steering_control
720575941552726407,720575941532385624,3,VNC_IntTct_R,,460,0.6521739130434783,2,steering_control
720575941552726407,720575941533221825,5,VNC_HTct_R,,198,2.525252525252525,5,steering_control
720575941552726407,720575941533221825,7,VNC_IntTct_R,,198,3.535353535353535,5,steering_control
720575941552726407,720575941533221825,1,VNC_WTct_R,,198,0.5050505050505051,5,steering_control
720575941552726407,720575941533761050,6,VNC_HTct_R,,420,1.4285714285714286,2,steering_control
720575941552726407,720575941533761050,4,VNC_IntTct_R,,420,0.9523809523809524,2,steering_control
720575941552726407,720575941533761050,3,VNC_WTct_R,,420,0.7142857142857143,2,steering_control
720575941552726407,720575941536371442,6,VNC_HTct_R,,453,1.3245033112582782,4,steering_control
720575941552726407,720575941557294095,11,VNC_IntTct_R,,479,2.2964509394572024,2,steering_control
720575941552726407,720575941557294095,5,VNC_WTct_R,,479,1.0438413361169103,2,steering_control
720575941552726407,720575941557612915,56,VNC_HTct_R,,4206,1.331431288635283,2,steering_control
720575941552726407,720575941557612915,53,VNC_IntTct_R,,4206,1.2601046124583928,2,steering_control
720575941552726407,720575941566956532,4,VNC_HTct_R,,460,0.8695652173913043,2,steering_control
720575941552726407,720575941566956532,5,VNC_IntTct_R,,460,1.0869565217391304,2,steering_control
720575941552726407,720575941583254918,5,VNC_IntTct_R,,331,1.5105740181268883,2,steering_control
720575941552726407,720575941593615211,4,VNC_IntTct_R,,797,0.5018820577164366,5,steering_control
720575941552726407,720575941604997997,6,VNC_HTct_R,,306,1.9607843137254901,5,steering_control
720575941552726407,720575941604997997,3,VNC_IntTct_R,,306,0.9803921568627451,5,steering_control
720575941552726407,720575941608991050,20,VNC_HTct_R,,3212,0.62266500622665,2,steering_control
720575941552726407,720575941608991050,37,VNC_IntTct_R,,3212,1.1519302615193026,2,steering_control
720575941552726407,720575941612611993,3,VNC_IntTct_R,,55,5.454545454545454,5,steering_control
720575941552726407,720575941623108298,40,VNC_IntTct_R,,2454,1.6299918500407498,5,steering_control
720575941552726407,720575941623108298,37,VNC_WTct_R,,2454,1.5077424612876935,5,steering_control
720575941552726407,720575941630959035,4,VNC_HTct_R,,391,1.0230179028132993,5,steering_control
720575941552726407,720575941630959035,11,VNC_IntTct_R,,391,2.813299232736573,5,steering_control
720575941552726407,720575941667143601,8,VNC_HTct_R,,222,3.6036036036036037,5,steering_control
720575941552726407,720575941667143601,11,VNC_IntTct_R,,222,4.954954954954955,5,steering_control
720575941552726407,720575941667143601,2,VNC_WTct_R,,222,0.9009009009009009,5,steering_control
720575941552726407,720575941680033213,2,VNC_WTct_R,,271,0.7380073800738007,5,steering_control
720575941552768062,720575941484346621,6,VNC_WTct_L,,699,0.8583690987124464,5,steering_control
720575941552768062,720575941521101495,3,VNC_HTct_L,,97,3.0927835051546393,5,steering_control
720575941552907838,720575941450532174,25,VNC_LTct_R,,3416,0.7318501170960188,5,steering_control
720575941552907838,720575941457431280,4,VNC_IntTct_R,,815,0.49079754601227,5,steering_control
720575941552907838,720575941457431280,16,VNC_LTct_R,,815,1.96319018404908,5,steering_control
720575941552907838,720575941498482043,5,VNC_IntTct_R,,1024,0.48828125,3,power_control
720575941552907838,720575941498482043,6,VNC_LTct_R,,1024,0.5859375,3,power_control
720575941552907838,720575941542469212,12,VNC_IntTct_R,,1913,0.6272869837950863,5,steering_control
720575941552907838,720575941542469212,26,VNC_LTct_R,,1913,1.3591217982226869,5,steering_control
720575941552907838,720575941625907769,6,VNC_LTct_R,,1473,0.40733197556008144,5,steering_control
720575941553550471,720575941464768790,6,VNC_IntTct_R,,723,0.8298755186721992,5,steering_control
720575941553551495,720575941488732876,3,VNC_IntTct_R,,456,0.6578947368421052,2,steering_control
720575941553551495,720575941533761050,7,VNC_IntTct_R,,420,1.6666666666666667,2,steering_control
720575941553551495,720575941557294095,4,VNC_IntTct_R,,479,0.8350730688935281,2,steering_control
720575941553786503,720575941414508948,45,VNC_IntTct_L,,2237,2.011622708985248,3,power_control
720575941553786503,720575941414508948,25,VNC_T1_ProNm_L,,2237,1.117568171658471,3,power_control
720575941553786503,720575941469724125,45,VNC_IntTct_L,,1594,2.823086574654956,5,steering_control
720575941553786503,720575941469724125,17,VNC_T1_ProNm_L,,1594,1.066499372647428,5,steering_control
720575941553786503,720575941477166622,17,VNC_IntTct_L,,1660,1.0240963855421688,5,steering_control
720575941553786503,720575941515936505,5,VNC_LTct_L,,938,0.5330490405117271,3,power_control
720575941553786503,720575941515936505,12,VNC_T2_MesoNm_L,,938,1.279317697228145,3,power_control
720575941553786503,720575941523112439,13,VNC_IntTct_L,,860,1.5116279069767442,5,steering_control
720575941553786503,720575941576941045,5,VNC_T2_MesoNm_L,,608,0.8223684210526315,4,steering_control
720575941553786503,720575941579868917,18,VNC_IntTct_L,,1745,1.0315186246418337,5,steering_control
720575941553786503,720575941630933947,5,VNC_IntTct_L,,704,0.7102272727272727,4,steering_control
720575941553786503,720575941630933947,5,VNC_LTct_L,,704,0.7102272727272727,4,steering_control
720575941553786503,720575941630933947,4,VNC_T2_MesoNm_L,,704,0.5681818181818182,4,steering_control
720575941553985875,720575941402032240,2,VNC_WTct_L,,324,0.6172839506172839,1,power_control
720575941553985875,720575941485775110,2,VNC_WTct_L,,283,0.7067137809187279,5,steering_control
720575941553985875,720575941515619939,2,VNC_WTct_L,,346,0.5780346820809248,1,power_control
720575941553985875,720575941532432618,2,VNC_HTct_R,,374,0.53475935828877,5,steering_control
720575941553985875,720575941532432618,2,VNC_IntTct_R,,374,0.53475935828877,5,steering_control
720575941553985875,720575941551389979,4,VNC_WTct_R,,188,2.127659574468085,1,power_control
720575941553985875,720575941594160421,3,VNC_NTct_R,,733,0.4092769440654843,1,power_control
720575941553985875,720575941594160421,3,VNC_WTct_L,,733,0.4092769440654843,1,power_control
720575941553985875,720575941663099516,2,VNC_HTct_L,,343,0.5830903790087464,5,steering_control
720575941554109668,720575941399253283,5,VNC_IntTct_R,,418,1.1961722488038278,2,steering_control
720575941554109668,720575941492308606,8,VNC_IntTct_R,,529,1.5122873345935728,2,steering_control
720575941554109668,720575941517717420,6,VNC_HTct_R,,138,4.3478260869565215,5,steering_control
720575941554109668,720575941533761050,8,VNC_IntTct_R,,420,1.9047619047619049,2,steering_control
720575941554109668,720575941533761050,2,VNC_WTct_R,,420,0.4761904761904762,2,steering_control
720575941554109668,720575941557294095,5,VNC_WTct_R,,479,1.0438413361169103,2,steering_control
720575941554109668,720575941566956532,4,VNC_HTct_R,,460,0.8695652173913043,2,steering_control
720575941554694372,720575941438938175,23,VNC_HTct_L,,1113,2.0664869721473496,5,steering_control
720575941554694372,720575941498935777,7,VNC_IntTct_L,,1338,0.523168908819133,5,steering_control
720575941554694372,720575941588095300,3,VNC_HTct_L,,119,2.5210084033613445,5,steering_control
720575941554856019,720575941547226248,3,VNC_NTct_L,,653,0.45941807044410415,5,steering_control
720575941554888676,720575941464768790,3,VNC_IntTct_R,,723,0.4149377593360996,5,steering_control
720575941554952858,720575941439197269,5,VNC_WTct_R,,197,2.5380710659898478,3,power_control
720575941554952858,720575941535047690,16,VNC_IntTct_R,,1366,1.171303074670571,5,steering_control
720575941554952858,720575941554049307,3,VNC_IntTct_R,,637,0.47095761381475665,1,power_control
720575941554952858,720575941611056714,4,VNC_IntTct_R,,96,4.166666666666666,3,power_control
720575941554952858,720575941611056714,1,VNC_WTct_R,,96,1.0416666666666665,3,power_control
720575941555504467,720575941498482043,5,VNC_T2_MesoNm_R,,1024,0.48828125,3,power_control
720575941555637331,720575941625907769,17,VNC_LTct_R,,1473,1.1541072640868975,5,steering_control
720575941555674340,720575941464768790,7,VNC_NTct_R,,723,0.9681881051175657,5,steering_control
720575941555674340,720575941464901398,5,VNC_HTct_R,,833,0.6002400960384154,5,steering_control
720575941555674340,720575941499447691,3,VNC_NTct_R,,654,0.45871559633027525,5,steering_control
720575941555674340,720575941516616664,7,VNC_HTct_R,,81,8.641975308641975,5,steering_control
720575941555674340,720575941532476248,10,VNC_HTct_R,,159,6.289308176100629,5,steering_control
720575941555674340,720575941547178164,5,VNC_HTct_R,,162,3.0864197530864197,3,power_control
720575941555674340,720575941561870592,7,VNC_HTct_R,,142,4.929577464788732,4,steering_control
720575941555674340,720575941567030516,3,VNC_NTct_R,,169,1.7751479289940828,1,power_control
720575941555674340,720575941574155003,12,VNC_HTct_R,,510,2.3529411764705883,3,power_control
720575941555674340,720575941579017337,9,VNC_NTct_R,,210,4.285714285714286,4,steering_control
720575941555674340,720575941579017337,2,VNC_WTct_R,,210,0.9523809523809524,4,steering_control
720575941555674340,720575941729958699,4,VNC_HTct_R,,137,2.9197080291970803,5,steering_control
720575941555742035,720575941459912262,12,VNC_IntTct_R,,663,1.809954751131222,5,steering_control
720575941555742035,720575941459912262,7,VNC_WTct_R,,663,1.0558069381598794,5,steering_control
720575941555742035,720575941486968326,6,VNC_IntTct_R,,542,1.107011070110701,5,steering_control
720575941555742035,720575941516099500,9,VNC_IntTct_R,,769,1.1703511053315996,1,power_control
720575941555742035,720575941521986227,4,VNC_IntTct_R,,306,1.3071895424836601,5,steering_control
720575941556195300,720575941592919080,19,VNC_T1_ProNm_L,,1029,1.84645286686103,5,steering_control
720575941556283876,720575941438935131,3,VNC_NTct_L,,312,0.9615384615384616,2,steering_control
720575941556283876,720575941459912262,3,VNC_NTct_L,,663,0.4524886877828055,5,steering_control
720575941556283876,720575941477297716,4,VNC_NTct_L,,889,0.44994375703037126,5,steering_control
720575941556283876,720575941477297716,8,VNC_unassigned_L,,889,0.8998875140607425,5,steering_control
720575941556283876,720575941492350590,2,VNC_WTct_L,,269,0.7434944237918215,5,steering_control
720575941556283876,720575941556222628,5,VNC_WTct_L,,417,1.1990407673860912,5,steering_control
720575941556379108,720575941566431286,3,VNC_T3_MetaNm_L,,122,2.459016393442623,2,steering_control
720575941556379108,720575941592919080,9,VNC_T1_ProNm_L,,1029,0.8746355685131195,5,steering_control
720575941556870884,720575941631436524,4,VNC_IntTct_R,,801,0.4993757802746567,5,steering_control
720575941556870884,720575941631436524,5,VNC_NTct_R,,801,0.6242197253433208,5,steering_control
720575941557388708,720575941606622317,13,VNC_HTct_L,,137,9.48905109489051,4,steering_control
720575941557388708,720575941606622317,1,VNC_T3_MetaNm_L,,137,0.7299270072992701,4,steering_control
720575941557388708,720575941610056166,3,VNC_HTct_L,,176,1.7045454545454544,5,steering_control
720575941557388708,720575941669827505,17,VNC_HTct_L,,262,6.488549618320611,3,power_control
720575941557413284,720575941402032240,2,VNC_NTct_R,,324,0.6172839506172839,1,power_control
720575941557413284,720575941402032240,3,VNC_WTct_L,,324,0.9259259259259258,1,power_control
720575941557413284,720575941456678893,5,VNC_HTct_L,,924,0.5411255411255411,5,steering_control
720575941557413284,720575941456678893,5,VNC_IntTct_L,,924,0.5411255411255411,5,steering_control
720575941557413284,720575941456678893,20,VNC_NTct_L,,924,2.1645021645021645,5,steering_control
720575941557413284,720575941456678893,21,VNC_WTct_L,,924,2.272727272727273,5,steering_control
720575941557413284,720575941474437681,3,VNC_HTct_L,,297,1.0101010101010102,5,steering_control
720575941557413284,720575941474437681,2,VNC_unassigned_L,,297,0.6734006734006733,5,steering_control
720575941557413284,720575941515619939,5,VNC_HTct_R,,346,1.4450867052023122,1,power_control
720575941557413284,720575941515619939,2,VNC_NTct_L,,346,0.5780346820809248,1,power_control
720575941557413284,720575941515619939,2,VNC_NTct_R,,346,0.5780346820809248,1,power_control
720575941557413284,720575941607605101,13,VNC_NTct_R,,1411,0.9213323883770376,5,steering_control
720575941557413284,720575941612053094,4,VNC_ANm_L,,914,0.437636761487965,5,steering_control
720575941557413284,720575941612053094,6,VNC_HTct_L,,914,0.6564551422319475,5,steering_control
720575941557413284,720575941631436524,14,VNC_NTct_R,,801,1.7478152309612984,5,steering_control
720575941557413284,720575941631436524,9,VNC_WTct_R,,801,1.1235955056179776,5,steering_control
720575941557413284,720575941663099516,3,VNC_HTct_L,,343,0.8746355685131195,5,steering_control
720575941557413284,720575941663099516,11,VNC_HTct_R,,343,3.206997084548105,5,steering_control
720575941557413284,720575941663099516,7,VNC_NTct_R,,343,2.0408163265306123,5,steering_control
720575941557473572,720575941498803874,9,VNC_AMNp_L,,1045,0.8612440191387559,5,steering_control
720575941557512307,720575941607605101,9,VNC_NTct_R,,1411,0.6378454996456413,5,steering_control
720575941557943155,720575941401776931,12,VNC_T1_ProNm_R,,935,1.2834224598930482,5,steering_control
720575941557943155,720575941550971783,4,VNC_T2_MesoNm_R,,157,2.547770700636943,5,steering_control
720575941557943155,720575941626235530,5,VNC_T2_MesoNm_R,,410,1.2195121951219512,5,steering_control
720575941557943155,720575941626235530,2,VNC_WTct_R,,410,0.4878048780487805,5,steering_control
720575941558189171,720575941459554960,6,VNC_IntTct_R,,439,1.366742596810934,2,steering_control
720575941558189171,720575941583601886,14,VNC_IntTct_R,,2644,0.529500756429652,5,steering_control
720575941558189171,720575941593615211,6,VNC_IntTct_R,,797,0.7528230865746549,5,steering_control
720575941558381860,720575941412445332,3,VNC_IntTct_R,,53,5.660377358490567,3,power_control
720575941558381860,720575941412445332,2,VNC_LTct_R,,53,3.7735849056603774,3,power_control
720575941558381860,720575941412445332,1,VNC_unassigned_R,,53,1.8867924528301887,3,power_control
720575941558381860,720575941438659551,3,VNC_ANm_R,,322,0.9316770186335404,2,steering_control
720575941558381860,720575941539054541,3,VNC_IntTct_R,,61,4.918032786885246,3,power_control
720575941558381860,720575941539054541,1,VNC_T1_ProNm_R,,61,1.639344262295082,3,power_control
720575941558381860,720575941539054541,1,VNC_T2_MesoNm_R,,61,1.639344262295082,3,power_control
720575941558381860,720575941539054541,1,VNC_WTct_R,,61,1.639344262295082,3,power_control
720575941558381860,720575941545408904,1,VNC_AMNp_R,,95,1.0526315789473684,3,power_control
720575941558381860,720575941545408904,7,VNC_IntTct_R,,95,7.368421052631578,3,power_control
720575941558381860,720575941545408904,5,VNC_LTct_R,,95,5.263157894736842,3,power_control
720575941558381860,720575941545408904,1,VNC_T1_ProNm_R,,95,1.0526315789473684,3,power_control
720575941558381860,720575941566431286,11,VNC_T3_MetaNm_R,,122,9.01639344262295,2,steering_control
720575941558381860,720575941568855540,8,VNC_ANm_R,,137,5.839416058394161,5,steering_control
720575941558381860,720575941570304926,3,VNC_ANm_R,,333,0.9009009009009009,3,power_control
720575941558381860,720575941570304926,6,VNC_IntTct_R,,333,1.8018018018018018,3,power_control
720575941558381860,720575941591271308,3,VNC_ANm_R,,55,5.454545454545454,5,steering_control
720575941558381860,720575941594821334,4,VNC_T2_MesoNm_R,,613,0.6525285481239804,5,steering_control
720575941558381860,720575941603916222,3,VNC_T3_MetaNm_R,,208,1.4423076923076923,1,power_control
720575941558381860,720575941610953446,8,VNC_IntTct_R,,106,7.547169811320755,3,power_control
720575941558381860,720575941610953446,8,VNC_LTct_R,,106,7.547169811320755,3,power_control
720575941558381860,720575941610953446,6,VNC_T1_ProNm_R,,106,5.660377358490567,3,power_control
720575941558381860,720575941625907769,10,VNC_IntTct_R,,1473,0.6788866259334692,5,steering_control
720575941558381860,720575941625907769,19,VNC_LTct_R,,1473,1.2898845892735913,5,steering_control
720575941558381860,720575941643002962,5,VNC_IntTct_R,,39,12.82051282051282,3,power_control
720575941558381860,720575941662295352,4,VNC_ANm_R,,150,2.666666666666667,2,steering_control
720575941558381860,720575941662295352,9,VNC_T3_MetaNm_R,,150,6.0,2,steering_control
720575941558599972,720575941435993888,3,VNC_WTct_R,,75,4.0,3,power_control
720575941558599972,720575941439197269,9,VNC_WTct_R,,197,4.568527918781726,3,power_control
720575941558599972,720575941447887636,3,VNC_WTct_R,,95,3.1578947368421053,3,power_control
720575941558599972,720575941488811468,3,VNC_ANm_R,,108,2.7777777777777777,5,steering_control
720575941558607396,720575941402032240,3,VNC_WTct_L,,324,0.9259259259259258,1,power_control
720575941558607396,720575941439017423,7,VNC_HTct_L,,1089,0.642791551882461,5,steering_control
720575941558607396,720575941459912262,4,VNC_LTct_L,,663,0.603318250377074,5,steering_control
720575941558607396,720575941460235152,3,VNC_WTct_R,,453,0.6622516556291391,1,power_control
720575941558607396,720575941460571588,5,VNC_WTct_L,,368,1.358695652173913,5,steering_control
720575941558607396,720575941465484566,19,VNC_HTct_L,,2567,0.7401636151149201,2,steering_control
720575941558607396,720575941472042282,6,VNC_IntTct_L,,143,4.195804195804196,1,power_control
720575941558607396,720575941472042282,1,VNC_LTct_L,,143,0.6993006993006993,1,power_control
720575941558607396,720575941472042282,4,VNC_WTct_L,,143,2.797202797202797,1,power_control
720575941558607396,720575941481061629,8,VNC_IntTct_L,,98,8.16326530612245,5,steering_control
720575941558607396,720575941485775110,3,VNC_HTct_L,,283,1.0600706713780919,5,steering_control
720575941558607396,720575941500983019,2,VNC_WTct_L,,294,0.6802721088435374,5,steering_control
720575941558607396,720575941508542674,8,VNC_HTct_L,,521,1.5355086372360844,2,steering_control
720575941558607396,720575941518434227,3,VNC_IntTct_L,,748,0.4010695187165776,1,power_control
720575941558607396,720575941518434227,4,VNC_WTct_L,,748,0.53475935828877,1,power_control
720575941558607396,720575941551588506,7,VNC_WTct_L,,261,2.681992337164751,5,steering_control
720575941558607396,720575941561308818,3,VNC_HTct_L,,379,0.79155672823219,1,power_control
720575941558607396,720575941561320493,8,VNC_HTct_L,,342,2.3391812865497075,4,steering_control
720575941558607396,720575941572251144,18,VNC_HTct_L,,3255,0.5529953917050692,2,steering_control
720575941558607396,720575941588018942,3,VNC_HTct_L,,333,0.9009009009009009,5,steering_control
720575941558607396,720575941601088441,6,VNC_HTct_L,,891,0.6734006734006733,5,steering_control
720575941558607396,720575941610583260,4,VNC_HTct_L,,209,1.9138755980861244,2,steering_control
720575941558607396,720575941631436780,4,VNC_HTct_L,,730,0.547945205479452,5,steering_control
720575941558607396,720575941723242042,4,VNC_WTct_L,,791,0.5056890012642226,5,steering_control
720575941558704164,720575941428965368,7,VNC_IntTct_L,,673,1.040118870728083,3,power_control
720575941558704164,720575941428965368,3,VNC_LTct_L,,673,0.44576523031203563,3,power_control
720575941558704164,720575941428965368,6,VNC_T1_ProNm_L,,673,0.8915304606240713,3,power_control
720575941558704164,720575941428965368,4,VNC_T2_MesoNm_L,,673,0.5943536404160475,3,power_control
720575941558704164,720575941575681718,12,VNC_IntTct_L,,2858,0.4198740377886634,5,steering_control
720575941559022381,720575941536371442,5,VNC_WTct_L,,453,1.1037527593818985,4,steering_control
720575941559022381,720575941583208582,4,VNC_IntTct_L,,159,2.515723270440252,3,power_control
720575941559104813,720575941498935777,8,VNC_WTct_L,,1338,0.5979073243647235,5,steering_control
720575941559104813,720575941543397737,3,VNC_WTct_L,,231,1.2987012987012987,1,power_control
720575941559104813,720575941562134829,3,VNC_NTct_R,,519,0.5780346820809248,1,power_control
720575941559104813,720575941669049587,2,VNC_WTct_L,,293,0.6825938566552902,1,power_control
720575941559176942,720575941512899427,1,VNC_IntTct_R,,193,0.5181347150259068,1,power_control
720575941559176942,720575941512899427,4,VNC_NTct_L,,193,2.072538860103627,1,power_control
720575941559176942,720575941526701412,6,VNC_HTct_L,,606,0.9900990099009901,5,steering_control
720575941559176942,720575941526701412,6,VNC_IntTct_L,,606,0.9900990099009901,5,steering_control
720575941559176942,720575941526701412,4,VNC_T3_MetaNm_L,,606,0.6600660066006601,5,steering_control
720575941559176942,720575941533258689,1,VNC_IntTct_L,,164,0.6097560975609756,1,power_control
720575941559176942,720575941533258689,2,VNC_NTct_L,,164,1.2195121951219512,1,power_control
720575941559176942,720575941721193018,2,VNC_IntTct_L,,223,0.8968609865470852,5,steering_control
720575941559176942,720575941721193018,4,VNC_NTct_L,,223,1.7937219730941705,5,steering_control
720575941559176942,720575941721193018,1,VNC_WTct_L,,223,0.4484304932735426,5,steering_control
720575941559176942,720575941721193018,7,VNC_unassigned_L,,223,3.1390134529147984,5,steering_control
720575941559205933,720575941490785712,7,VNC_NTct_L,,234,2.9914529914529915,5,steering_control
720575941559394931,720575941429556655,6,VNC_IntTct_R,,1452,0.4132231404958678,5,steering_control
720575941559394931,720575941464768790,3,VNC_IntTct_R,,723,0.4149377593360996,5,steering_control
720575941559394931,720575941609001034,4,VNC_IntTct_R,,563,0.7104795737122558,5,steering_control
720575941559874831,720575941623067338,7,VNC_LTct_R,,507,1.3806706114398422,5,steering_control
720575941559874831,720575941642372040,11,VNC_LTct_R,,1828,0.6017505470459519,2,steering_control
720575941559946478,720575941581648479,5,VNC_HTct_L,,98,5.1020408163265305,5,steering_control
720575941559950863,720575941609001034,14,VNC_NTct_R,,563,2.4866785079928952,5,steering_control
720575941560434035,720575941542469212,10,VNC_AMNp_R,,1913,0.5227391531625719,5,steering_control
720575941560434035,720575941542469212,8,VNC_T2_MesoNm_R,,1913,0.4181913225300575,5,steering_control
720575941560435059,720575941449617230,7,VNC_LTct_R,,655,1.0687022900763359,5,steering_control
720575941560435059,720575941496047433,5,VNC_AMNp_L,,378,1.3227513227513228,5,steering_control
720575941560435059,720575941496047433,3,VNC_LTct_L,,378,0.7936507936507936,5,steering_control
720575941560435059,720575941636281205,3,VNC_LTct_R,,673,0.44576523031203563,5,steering_control
720575941560503155,720575941399309603,21,VNC_IntTct_L,,484,4.338842975206612,2,steering_control
720575941560503155,720575941399309603,3,VNC_NTct_L,,484,0.6198347107438017,2,steering_control
720575941560503155,720575941399309603,2,VNC_WTct_L,,484,0.4132231404958678,2,steering_control
720575941560503155,720575941400818723,8,VNC_IntTct_L,,1482,0.5398110661268556,5,steering_control
720575941560503155,720575941410007663,1,VNC_HTct_L,,186,0.5376344086021506,5,steering_control
720575941560503155,720575941410007663,3,VNC_IntTct_L,,186,1.6129032258064515,5,steering_control
720575941560503155,720575941412323473,15,VNC_IntTct_L,,466,3.2188841201716736,2,steering_control
720575941560503155,720575941412323473,5,VNC_WTct_L,,466,1.0729613733905579,2,steering_control
720575941560503155,720575941414326161,9,VNC_IntTct_L,,343,2.623906705539359,5,steering_control
720575941560503155,720575941441228735,4,VNC_IntTct_L,,325,1.2307692307692308,4,steering_control
720575941560503155,720575941450876794,8,VNC_IntTct_L,,1106,0.7233273056057866,5,steering_control
720575941560503155,720575941457147206,7,VNC_HTct_L,,1471,0.4758667573079538,5,steering_control
720575941560503155,720575941457147206,27,VNC_IntTct_L,,1471,1.8354860639021073,5,steering_control
720575941560503155,720575941465484566,11,VNC_IntTct_L,,2567,0.4285157771717959,2,steering_control
720575941560503155,720575941471203447,4,VNC_HTct_L,,395,1.0126582278481013,2,steering_control
720575941560503155,720575941471203447,6,VNC_IntTct_L,,395,1.5189873417721518,2,steering_control
720575941560503155,720575941508542674,3,VNC_HTct_L,,521,0.5758157389635317,2,steering_control
720575941560503155,720575941508542674,17,VNC_IntTct_L,,521,3.262955854126679,2,steering_control
720575941560503155,720575941523112439,6,VNC_IntTct_L,,860,0.6976744186046512,5,steering_control
720575941560503155,720575941535331338,10,VNC_IntTct_L,,785,1.2738853503184715,5,steering_control
720575941560503155,720575941535331338,14,VNC_WTct_L,,785,1.78343949044586,5,steering_control
720575941560503155,720575941572251144,22,VNC_HTct_L,,3255,0.6758832565284179,2,steering_control
720575941560503155,720575941572251144,26,VNC_IntTct_L,,3255,0.7987711213517665,2,steering_control
720575941560503155,720575941583511518,16,VNC_IntTct_L,,537,2.97951582867784,2,steering_control
720575941560503155,720575941588018942,2,VNC_IntTct_L,,333,0.6006006006006006,5,steering_control
720575941560503155,720575941588018942,2,VNC_WTct_L,,333,0.6006006006006006,5,steering_control
720575941560503155,720575941608861929,13,VNC_IntTct_L,,441,2.947845804988662,2,steering_control
720575941560503155,720575941608861929,7,VNC_WTct_L,,441,1.5873015873015872,2,steering_control
720575941560503155,720575941723242042,5,VNC_HTct_L,,791,0.6321112515802781,5,steering_control
720575941560503155,720575941723242042,79,VNC_IntTct_L,,791,9.987357774968395,5,steering_control
720575941560503155,720575941723242042,7,VNC_WTct_L,,791,0.8849557522123894,5,steering_control
720575941560549491,720575941570817352,9,VNC_IntTct_L,,403,2.2332506203473943,2,steering_control
720575941560597775,720575941485775110,3,VNC_HTct_L,,283,1.0600706713780919,5,steering_control
720575941560597775,720575941610618982,3,VNC_WTct_L,,383,0.7832898172323759,1,power_control
720575941561376813,720575941555504723,16,VNC_AMNp_R,,985,1.6243654822335025,5,steering_control
720575941561655341,720575941464768790,4,VNC_NTct_R,,723,0.5532503457814661,5,steering_control
720575941561655341,720575941498482043,15,VNC_IntTct_R,,1024,1.46484375,3,power_control
720575941561655341,720575941498482043,20,VNC_T1_ProNm_R,,1024,1.953125,3,power_control
720575941561655341,720575941498482043,9,VNC_T2_MesoNm_R,,1024,0.87890625,3,power_control
720575941561743872,720575941600259369,6,VNC_IntTct_L,,845,0.7100591715976331,3,power_control
720575941561743872,720575941600259369,16,VNC_T2_MesoNm_L,,845,1.8934911242603552,3,power_control
720575941561743872,720575941619873663,12,VNC_T1_ProNm_L,,920,1.3043478260869565,2,steering_control
720575941561776173,720575941414508948,9,VNC_IntTct_R,,2237,0.4023245417970496,3,power_control
720575941561776173,720575941469724125,8,VNC_IntTct_R,,1594,0.5018820577164366,5,steering_control
720575941561776173,720575941469724125,8,VNC_T1_ProNm_R,,1594,0.5018820577164366,5,steering_control
720575941561776173,720575941477884802,4,VNC_T3_MetaNm_R,,995,0.4020100502512563,5,steering_control
720575941562036743,720575941429556655,15,VNC_NTct_R,,1452,1.0330578512396695,5,steering_control
720575941562036743,720575941464768790,8,VNC_NTct_R,,723,1.1065006915629323,5,steering_control
720575941562036743,720575941501884610,3,VNC_HTct_R,,139,2.158273381294964,2,steering_control
720575941562036743,720575941501884610,6,VNC_IntTct_R,,139,4.316546762589928,2,steering_control
720575941562036743,720575941528944568,12,VNC_IntTct_R,,2084,0.5758157389635317,4,steering_control
720575941562036743,720575941553313434,4,VNC_HTct_R,,167,2.3952095808383236,2,steering_control
720575941562036743,720575941557294095,14,VNC_IntTct_R,,479,2.9227557411273484,2,steering_control
720575941562059176,720575941412443540,2,VNC_WTct_R,,416,0.4807692307692308,2,steering_control
720575941562059176,720575941458334163,13,VNC_HTct_R,,1380,0.9420289855072465,2,steering_control
720575941562059176,720575941470474763,3,VNC_WTct_R,,225,1.3333333333333335,5,steering_control
720575941562059176,720575941472042282,3,VNC_WTct_R,,143,2.097902097902098,1,power_control
720575941562059176,720575941490785712,3,VNC_IntTct_R,,234,1.282051282051282,5,steering_control
720575941562059176,720575941490785712,1,VNC_NTct_R,,234,0.4273504273504274,5,steering_control
720575941562059176,720575941490785712,2,VNC_WTct_R,,234,0.8547008547008548,5,steering_control
720575941562059176,720575941503451301,10,VNC_HTct_R,,2065,0.48426150121065376,2,steering_control
720575941562059176,720575941503451301,27,VNC_IntTct_R,,2065,1.3075060532687652,2,steering_control
720575941562059176,720575941557612915,19,VNC_IntTct_R,,4206,0.45173561578697097,2,steering_control
720575941562059176,720575941649244437,4,VNC_HTct_R,,802,0.4987531172069825,5,steering_control
720575941562059176,720575941668725169,5,VNC_HTct_R,,904,0.5530973451327433,5,steering_control
720575941562192429,720575941436996882,15,VNC_IntTct_R,,766,1.95822454308094,5,steering_control
720575941562192429,720575941477884802,23,VNC_HTct_R,,995,2.3115577889447234,5,steering_control
720575941562192429,720575941540246909,7,VNC_HTct_R,,232,3.0172413793103448,2,steering_control
720575941562192429,720575941540246909,4,VNC_IntTct_R,,232,1.7241379310344827,2,steering_control
720575941562192429,720575941593615211,4,VNC_IntTct_R,,797,0.5018820577164366,5,steering_control
720575941562192429,720575941623347099,5,VNC_IntTct_R,,455,1.098901098901099,2,steering_control
720575941562215469,720575941414456212,10,VNC_T2_MesoNm_L,,675,1.4814814814814816,5,steering_control
720575941562215469,720575941461240019,3,VNC_AMNp_R,,146,2.054794520547945,1,power_control
720575941562215469,720575941501026283,3,VNC_AMNp_L,,205,1.4634146341463417,1,power_control
720575941562215469,720575941507848208,4,VNC_AMNp_R,,503,0.7952286282306162,5,steering_control
720575941562215469,720575941521236915,3,VNC_T3_MetaNm_L,,400,0.75,5,steering_control
720575941562215469,720575941528729784,4,VNC_AMNp_L,,272,1.4705882352941175,1,power_control
720575941562215469,720575941533786906,2,VNC_AMNp_R,,162,1.2345679012345678,1,power_control
720575941562215469,720575941533786906,1,VNC_T2_MesoNm_R,,162,0.6172839506172839,1,power_control
720575941562215469,720575941533786906,2,VNC_WTct_R,,162,1.2345679012345678,1,power_control
720575941562215469,720575941653565201,16,VNC_T3_MetaNm_R,,893,1.7917133258678613,5,steering_control
720575941562215469,720575941654985945,4,VNC_T3_MetaNm_L,,531,0.7532956685499058,5,steering_control
720575941562215469,720575941691313115,7,VNC_AMNp_L,,1219,0.5742411812961444,3,power_control
720575941562215469,720575941691313115,6,VNC_T2_MesoNm_L,,1219,0.4922067268252666,3,power_control
720575941562404008,720575941447013813,43,VNC_HTct_L,,962,4.46985446985447,5,steering_control
720575941562404008,720575941447013813,7,VNC_IntTct_L,,962,0.7276507276507277,5,steering_control
720575941562404008,720575941483838349,8,VNC_HTct_L,,256,3.125,2,steering_control
720575941562404008,720575941540246909,2,VNC_HTct_L,,232,0.8620689655172413,2,steering_control
720575941562404008,720575941540246909,3,VNC_unassigned_L,,232,1.293103448275862,2,steering_control
720575941562404008,720575941572251144,16,VNC_IntTct_L,,3255,0.4915514592933948,2,steering_control
720575941562404008,720575941581648479,3,VNC_HTct_L,,98,3.061224489795918,5,steering_control
720575941562404008,720575941610583260,3,VNC_HTct_L,,209,1.4354066985645932,2,steering_control
720575941562771624,720575941609001034,3,VNC_NTct_R,,563,0.5328596802841918,5,steering_control
720575941562981522,720575941498935777,7,VNC_IntTct_L,,1338,0.523168908819133,5,steering_control
720575941562981522,720575941507787024,13,VNC_IntTct_L,,516,2.5193798449612403,5,steering_control
720575941562981522,720575941533831194,4,VNC_HTct_L,,470,0.851063829787234,2,steering_control
720575941562981522,720575941611080010,18,VNC_HTct_L,,2397,0.7509386733416771,4,steering_control
720575941563183016,720575941410025071,3,VNC_WTct_L,,106,2.8301886792452833,5,steering_control
720575941563183016,720575941410025071,2,VNC_unassigned_L,,106,1.8867924528301887,5,steering_control
720575941563183016,720575941428412809,8,VNC_WTct_L,,1408,0.5681818181818182,2,steering_control
720575941563183016,720575941433406752,4,VNC_AMNp_L,,499,0.8016032064128256,2,steering_control
720575941563183016,720575941433406752,2,VNC_T2_MesoNm_L,,499,0.4008016032064128,2,steering_control
720575941563183016,720575941433406752,5,VNC_WTct_L,,499,1.002004008016032,2,steering_control
720575941563183016,720575941436391698,2,VNC_WTct_L,,358,0.5586592178770949,5,steering_control
720575941563183016,720575941436391698,3,VNC_unassigned_L,,358,0.8379888268156425,5,steering_control
720575941563183016,720575941438748351,4,VNC_T2_MesoNm_L,,913,0.43811610076670315,2,steering_control
720575941563183016,720575941438748351,14,VNC_unassigned_L,,913,1.5334063526834611,2,steering_control
720575941563183016,720575941438935131,3,VNC_unassigned_L,,312,0.9615384615384616,2,steering_control
720575941563183016,720575941452199475,4,VNC_WTct_L,,670,0.5970149253731344,5,steering_control
720575941563183016,720575941479369346,4,VNC_WTct_L,,509,0.7858546168958742,5,steering_control
720575941563183016,720575941515619939,2,VNC_WTct_L,,346,0.5780346820809248,1,power_control
720575941563183016,720575941518434227,4,VNC_unassigned_L,,748,0.53475935828877,1,power_control
720575941563183016,720575941555575332,4,VNC_unassigned_L,,271,1.4760147601476015,5,steering_control
720575941563183016,720575941559310125,4,VNC_WTct_L,,322,1.2422360248447204,5,steering_control
720575941563183016,720575941559310125,2,VNC_unassigned_L,,322,0.6211180124223602,5,steering_control
720575941563183016,720575941608900585,7,VNC_unassigned_L,,338,2.0710059171597637,5,steering_control
720575941563183016,720575941612027238,3,VNC_WTct_L,,159,1.8867924528301887,5,steering_control
720575941563183016,720575941630302405,15,VNC_T1_ProNm_L,,1447,1.0366275051831375,2,steering_control
720575941563183016,720575941630302405,11,VNC_T2_MesoNm_L,,1447,0.7601935038009675,2,steering_control
720575941563183016,720575941630302405,10,VNC_unassigned_L,,1447,0.691085003455425,2,steering_control
720575941563183016,720575941654985945,3,VNC_T3_MetaNm_L,,531,0.5649717514124294,5,steering_control
720575941563183016,720575941657510992,8,VNC_T1_ProNm_L,,482,1.6597510373443984,2,steering_control
720575941563183016,720575941657510992,5,VNC_T2_MesoNm_L,,482,1.0373443983402488,2,steering_control
720575941563183016,720575941657510992,2,VNC_WTct_L,,482,0.4149377593360996,2,steering_control
720575941563183016,720575941657510992,2,VNC_unassigned_L,,482,0.4149377593360996,2,steering_control
720575941563218944,720575941458334163,16,VNC_HTct_R,,1380,1.1594202898550725,2,steering_control
720575941563218944,720575941458334163,10,VNC_IntTct_R,,1380,0.7246376811594203,2,steering_control
720575941563218944,720575941460885005,5,VNC_HTct_R,,500,1.0,5,steering_control
720575941563218944,720575941474334779,24,VNC_HTct_R,,883,2.7180067950169877,5,steering_control
720575941563218944,720575941474334779,15,VNC_IntTct_R,,883,1.698754246885617,5,steering_control
720575941563218944,720575941490785712,3,VNC_IntTct_R,,234,1.282051282051282,5,steering_control
720575941563218944,720575941490785712,1,VNC_NTct_R,,234,0.4273504273504274,5,steering_control
720575941563218944,720575941495591291,5,VNC_IntTct_R,,654,0.764525993883792,5,steering_control
720575941563218944,720575941514065043,8,VNC_HTct_R,,173,4.624277456647398,5,steering_control
720575941563218944,720575941532246762,16,VNC_HTct_R,,1209,1.3234077750206783,5,steering_control
720575941563218944,720575941532246762,34,VNC_IntTct_R,,1209,2.8122415219189416,5,steering_control
720575941563218944,720575941532246762,5,VNC_NTct_R,,1209,0.41356492969396197,5,steering_control
720575941563218944,720575941546491681,12,VNC_IntTct_R,,797,1.5056461731493098,5,steering_control
720575941563218944,720575941547226248,5,VNC_HTct_R,,653,0.7656967840735069,5,steering_control
720575941563218944,720575941549701182,3,VNC_HTct_R,,194,1.5463917525773196,5,steering_control
720575941563218944,720575941549701182,2,VNC_IntTct_R,,194,1.0309278350515463,5,steering_control
720575941563218944,720575941549701182,1,VNC_WTct_R,,194,0.5154639175257731,5,steering_control
720575941563218944,720575941557612915,18,VNC_HTct_R,,4206,0.42796005706134094,2,steering_control
720575941563218944,720575941557612915,37,VNC_IntTct_R,,4206,0.879695672848312,2,steering_control
720575941563218944,720575941571499515,5,VNC_HTct_R,,371,1.3477088948787064,5,steering_control
720575941563218944,720575941576941045,4,VNC_IntTct_R,,608,0.6578947368421052,4,steering_control
720575941563218944,720575941601153270,6,VNC_HTct_R,,661,0.9077155824508321,5,steering_control
720575941563218944,720575941607605101,10,VNC_IntTct_R,,1411,0.7087172218284904,5,steering_control
720575941563218944,720575941607605101,7,VNC_NTct_R,,1411,0.4961020552799433,5,steering_control
720575941563218944,720575941608991050,22,VNC_HTct_R,,3212,0.684931506849315,2,steering_control
720575941563218944,720575941608991050,32,VNC_IntTct_R,,3212,0.9962640099626401,2,steering_control
720575941563218944,720575941630959035,3,VNC_IntTct_R,,391,0.7672634271099744,5,steering_control
720575941563218944,720575941659696184,7,VNC_IntTct_R,,840,0.8333333333333334,5,steering_control
720575941563391383,720575941465484566,17,VNC_HTct_L,,2567,0.6622516556291391,2,steering_control
720575941563391383,720575941465484566,14,VNC_IntTct_L,,2567,0.5453837164004675,2,steering_control
720575941563391383,720575941471203447,2,VNC_IntTct_L,,395,0.5063291139240507,2,steering_control
720575941563391383,720575941490785712,2,VNC_IntTct_L,,234,0.8547008547008548,5,steering_control
720575941563391383,720575941490785712,2,VNC_NTct_L,,234,0.8547008547008548,5,steering_control
720575941563391383,720575941490785712,3,VNC_WTct_L,,234,1.282051282051282,5,steering_control
720575941563391383,720575941549290495,3,VNC_HTct_L,,115,2.608695652173913,3,power_control
720575941563391383,720575941549290495,1,VNC_WTct_L,,115,0.8695652173913043,3,power_control
720575941563391383,720575941561320493,4,VNC_HTct_L,,342,1.1695906432748537,4,steering_control
720575941563391383,720575941561320493,2,VNC_IntTct_L,,342,0.5847953216374269,4,steering_control
720575941563391383,720575941630748859,21,VNC_HTct_L,,1573,1.3350286077558804,2,steering_control
720575941563391383,720575941649244437,4,VNC_HTct_L,,802,0.4987531172069825,5,steering_control
720575941563391383,720575941668725169,5,VNC_HTct_L,,904,0.5530973451327433,5,steering_control
720575941563866536,720575941477884802,17,VNC_HTct_R,,995,1.7085427135678393,5,steering_control
720575941563866536,720575941477884802,5,VNC_IntTct_R,,995,0.5025125628140703,5,steering_control
720575941563866536,720575941520064435,3,VNC_IntTct_R,,235,1.276595744680851,5,steering_control
720575941564155904,720575941477166622,8,VNC_IntTct_L,,1660,0.48192771084337355,5,steering_control
720575941564186007,720575941431072137,2,VNC_T1_ProNm_L,,55,3.6363636363636362,3,power_control
720575941564186007,720575941431072137,1,VNC_T2_MesoNm_L,,55,1.8181818181818181,3,power_control
720575941564275602,720575941619873663,6,VNC_T1_ProNm_L,,920,0.6521739130434783,2,steering_control
720575941564410112,720575941407795118,3,VNC_WTct_L,,215,1.3953488372093024,1,power_control
720575941564410112,720575941515619939,6,VNC_NTct_L,,346,1.7341040462427744,1,power_control
720575941564410112,720575941521986227,3,VNC_WTct_L,,306,0.9803921568627451,5,steering_control
720575941564410112,720575941625932682,2,VNC_NTct_L,,274,0.7299270072992701,5,steering_control
720575941564432786,720575941569376250,5,VNC_T1_ProNm_R,,1054,0.47438330170777987,5,steering_control
720575941564432786,720575941613448668,58,VNC_T2_MesoNm_R,,3300,1.7575757575757573,5,steering_control
720575941564504832,720575941592919080,5,VNC_T1_ProNm_L,,1029,0.4859086491739553,5,steering_control
720575941565245794,720575941470067063,8,VNC_IntTct_L,,470,1.702127659574468,4,steering_control
720575941565245794,720575941474935105,2,VNC_AMNp_L,,403,0.49627791563275436,5,steering_control
720575941565245794,720575941474935105,15,VNC_IntTct_L,,403,3.722084367245657,5,steering_control
720575941565245794,720575941474935105,9,VNC_LTct_L,,403,2.2332506203473943,5,steering_control
720575941565245794,720575941474935105,3,VNC_WTct_L,,403,0.7444168734491315,5,steering_control
720575941565245794,720575941487942608,8,VNC_T1_ProNm_L,,268,2.9850746268656714,5,steering_control
720575941565245794,720575941496047433,3,VNC_AMNp_L,,378,0.7936507936507936,5,steering_control
720575941565245794,720575941496047433,6,VNC_IntTct_L,,378,1.5873015873015872,5,steering_control
720575941565245794,720575941496047433,2,VNC_LTct_L,,378,0.5291005291005291,5,steering_control
720575941565245794,720575941513220601,11,VNC_IntTct_L,,609,1.8062397372742198,1,power_control
720575941565245794,720575941521069751,13,VNC_IntTct_L,,1162,1.1187607573149743,5,steering_control
720575941565245794,720575941521069751,9,VNC_LTct_L,,1162,0.774526678141136,5,steering_control
720575941565245794,720575941550948231,7,VNC_IntTct_L,,337,2.0771513353115725,5,steering_control
720575941565245794,720575941594821334,4,VNC_IntTct_L,,613,0.6525285481239804,5,steering_control
720575941565477174,720575941498482043,16,VNC_T1_ProNm_R,,1024,1.5625,3,power_control
720575941565694262,720575941498482043,6,VNC_T1_ProNm_R,,1024,0.5859375,3,power_control
720575941566170422,720575941414456212,3,VNC_T2_MesoNm_L,,675,0.4444444444444444,5,steering_control
720575941566180199,720575941464768790,12,VNC_NTct_R,,723,1.6597510373443984,5,steering_control
720575941566180199,720575941609001034,11,VNC_NTct_R,,563,1.9538188277087036,5,steering_control
720575941566309174,720575941414508948,29,VNC_IntTct_R,,2237,1.2963790791238265,3,power_control
720575941566309174,720575941458334163,17,VNC_HTct_R,,1380,1.2318840579710146,2,steering_control
720575941566309174,720575941460885005,8,VNC_HTct_R,,500,1.6,5,steering_control
720575941566309174,720575941460885005,2,VNC_WTct_R,,500,0.4,5,steering_control
720575941566309174,720575941469724125,22,VNC_IntTct_R,,1594,1.3801756587202008,5,steering_control
720575941566309174,720575941491289033,2,VNC_LTct_R,,418,0.4784688995215311,2,steering_control
720575941566309174,720575941495591291,5,VNC_HTct_R,,654,0.764525993883792,5,steering_control
720575941566309174,720575941501721138,6,VNC_HTct_R,,1210,0.49586776859504134,4,steering_control
720575941566309174,720575941503451301,23,VNC_HTct_R,,2065,1.1138014527845037,2,steering_control
720575941566309174,720575941503451301,19,VNC_IntTct_R,,2065,0.9200968523002421,2,steering_control
720575941566309174,720575941528944568,13,VNC_HTct_R,,2084,0.6238003838771593,4,steering_control
720575941566309174,720575941532246762,6,VNC_IntTct_R,,1209,0.49627791563275436,5,steering_control
720575941566309174,720575941546491681,5,VNC_IntTct_R,,797,0.6273525721455459,5,steering_control
720575941566309174,720575941547226248,5,VNC_HTct_R,,653,0.7656967840735069,5,steering_control
720575941566309174,720575941557612915,34,VNC_HTct_R,,4206,0.8083689966714217,2,steering_control
720575941566309174,720575941576941045,7,VNC_IntTct_R,,608,1.151315789473684,4,steering_control
720575941566309174,720575941601153270,7,VNC_HTct_R,,661,1.059001512859304,5,steering_control
720575941566309174,720575941608991050,33,VNC_HTct_R,,3212,1.0273972602739725,2,steering_control
720575941566309174,720575941608991050,15,VNC_IntTct_R,,3212,0.4669987546699875,2,steering_control
720575941566309174,720575941630959035,2,VNC_HTct_R,,391,0.5115089514066496,5,steering_control
720575941566309174,720575941641473874,6,VNC_HTct_R,,296,2.027027027027027,5,steering_control
720575941566309174,720575941659696184,10,VNC_HTct_R,,840,1.1904761904761905,5,steering_control
720575941566309174,720575941684876527,2,VNC_HTct_R,,218,0.9174311926605505,5,steering_control
720575941566309174,720575941684876527,3,VNC_IntTct_R,,218,1.3761467889908259,5,steering_control
720575941566556775,720575941486968326,3,VNC_LTct_L,,542,0.5535055350553505,5,steering_control
720575941566556775,720575941486968326,5,VNC_LTct_R,,542,0.9225092250922509,5,steering_control
720575941567187962,720575941649244437,4,VNC_HTct_R,,802,0.4987531172069825,5,steering_control
720575941568199726,720575941592919080,5,VNC_T1_ProNm_L,,1029,0.4859086491739553,5,steering_control
720575941568499502,720575941552643390,7,VNC_AMNp_R,,819,0.8547008547008548,4,steering_control
720575941568499502,720575941575691624,3,VNC_AMNp_R,,690,0.43478260869565216,4,steering_control
720575941568870770,720575941390660502,6,VNC_NTct_L,,68,8.823529411764707,1,power_control
720575941568870770,720575941399253283,3,VNC_HTct_R,,418,0.7177033492822966,2,steering_control
720575941568870770,720575941404452720,7,VNC_NTct_L,,277,2.527075812274368,5,steering_control
720575941568870770,720575941404452720,7,VNC_WTct_L,,277,2.527075812274368,5,steering_control
720575941568870770,720575941413872924,2,VNC_HTct_R,,185,1.0810810810810811,5,steering_control
720575941568870770,720575941413872924,3,VNC_WTct_R,,185,1.6216216216216217,5,steering_control
720575941568870770,720575941429324641,4,VNC_HTct_L,,37,10.81081081081081,5,steering_control
720575941568870770,720575941430389006,3,VNC_HTct_R,,379,0.79155672823219,4,steering_control
720575941568870770,720575941438261845,5,VNC_HTct_L,,219,2.28310502283105,5,steering_control
720575941568870770,720575941438723263,4,VNC_HTct_R,,235,1.702127659574468,5,steering_control
720575941568870770,720575941438723263,1,VNC_WTct_R,,235,0.425531914893617,5,steering_control
720575941568870770,720575941447591246,1,VNC_NTct_R,,123,0.8130081300813009,1,power_control
720575941568870770,720575941447591246,3,VNC_WTct_R,,123,2.4390243902439024,1,power_control
720575941568870770,720575941458790726,8,VNC_IntTct_R,,224,3.571428571428571,4,steering_control
720575941568870770,720575941458790726,2,VNC_unassigned_R,,224,0.8928571428571428,4,steering_control
720575941568870770,720575941460885005,4,VNC_HTct_R,,500,0.8,5,steering_control
720575941568870770,720575941470067063,4,VNC_IntTct_L,,470,0.851063829787234,4,steering_control
720575941568870770,720575941474786625,3,VNC_HTct_L,,305,0.9836065573770493,2,steering_control
720575941568870770,720575941476037406,5,VNC_IntTct_L,,102,4.901960784313726,4,steering_control
720575941568870770,720575941476037406,1,VNC_IntTct_R,,102,0.9803921568627451,4,steering_control
720575941568870770,720575941476037406,4,VNC_WTct_L,,102,3.9215686274509802,4,steering_control
720575941568870770,720575941488475598,4,VNC_IntTct_R,,276,1.4492753623188406,4,steering_control
720575941568870770,720575941492446078,1,VNC_IntTct_L,,89,1.1235955056179776,5,steering_control
720575941568870770,720575941492446078,2,VNC_NTct_R,,89,2.247191011235955,5,steering_control
720575941568870770,720575941494969726,5,VNC_IntTct_L,,505,0.9900990099009901,5,steering_control
720575941568870770,720575941494969726,3,VNC_IntTct_R,,505,0.594059405940594,5,steering_control
720575941568870770,720575941494969726,8,VNC_WTct_L,,505,1.5841584158415842,5,steering_control
720575941568870770,720575941494969726,5,VNC_WTct_R,,505,0.9900990099009901,5,steering_control
720575941568870770,720575941495591291,11,VNC_HTct_R,,654,1.6819571865443423,5,steering_control
720575941568870770,720575941496284489,2,VNC_HTct_R,,251,0.796812749003984,4,steering_control
720575941568870770,720575941496284489,2,VNC_WTct_R,,251,0.796812749003984,4,steering_control
720575941568870770,720575941496915618,3,VNC_HTct_R,,236,1.2711864406779663,5,steering_control
720575941568870770,720575941496949410,4,VNC_IntTct_R,,199,2.0100502512562812,5,steering_control
720575941568870770,720575941496949410,3,VNC_WTct_R,,199,1.507537688442211,5,steering_control
720575941568870770,720575941503499755,4,VNC_HTct_L,,259,1.5444015444015444,5,steering_control
720575941568870770,720575941505889409,1,VNC_IntTct_R,,102,0.9803921568627451,1,power_control
720575941568870770,720575941505889409,1,VNC_NTct_L,,102,0.9803921568627451,1,power_control
720575941568870770,720575941505889409,7,VNC_WTct_L,,102,6.862745098039216,1,power_control
720575941568870770,720575941505889409,2,VNC_WTct_R,,102,1.9607843137254901,1,power_control
720575941568870770,720575941516768472,5,VNC_HTct_R,,290,1.7241379310344827,5,steering_control
720575941568870770,720575941516768472,2,VNC_WTct_R,,290,0.6896551724137931,5,steering_control
720575941568870770,720575941517764824,3,VNC_HTct_L,,625,0.48,5,steering_control
720575941568870770,720575941518439347,1,VNC_IntTct_R,,183,0.546448087431694,5,steering_control
720575941568870770,720575941518439347,9,VNC_WTct_R,,183,4.918032786885246,5,steering_control
720575941568870770,720575941520333047,7,VNC_HTct_L,,936,0.7478632478632479,5,steering_control
720575941568870770,720575941521101495,1,VNC_ANm_L,,97,1.0309278350515463,5,steering_control
720575941568870770,720575941521101495,6,VNC_T3_MetaNm_L,,97,6.185567010309279,5,steering_control
720575941568870770,720575941524196683,2,VNC_HTct_R,,264,0.7575757575757576,5,steering_control
720575941568870770,720575941524196683,11,VNC_WTct_R,,264,4.166666666666666,5,steering_control
720575941568870770,720575941526701412,14,VNC_HTct_L,,606,2.31023102310231,5,steering_control
720575941568870770,720575941526701412,3,VNC_T3_MetaNm_R,,606,0.49504950495049505,5,steering_control
720575941568870770,720575941526701412,3,VNC_unassigned_R,,606,0.49504950495049505,5,steering_control
720575941568870770,720575941526718564,1,VNC_HTct_L,,111,0.9009009009009009,5,steering_control
720575941568870770,720575941526718564,2,VNC_HTct_R,,111,1.8018018018018018,5,steering_control
720575941568870770,720575941536371442,3,VNC_HTct_L,,453,0.6622516556291391,4,steering_control
720575941568870770,720575941551588506,2,VNC_HTct_R,,261,0.7662835249042145,5,steering_control
720575941568870770,720575941551588506,2,VNC_IntTct_R,,261,0.7662835249042145,5,steering_control
720575941568870770,720575941551588506,2,VNC_WTct_L,,261,0.7662835249042145,5,steering_control
720575941568870770,720575941551588506,3,VNC_WTct_R,,261,1.1494252873563218,5,steering_control
720575941568870770,720575941552622398,4,VNC_HTct_L,,210,1.9047619047619049,5,steering_control
720575941568870770,720575941552622398,3,VNC_HTct_R,,210,1.4285714285714286,5,steering_control
720575941568870770,720575941560090862,3,VNC_WTct_R,,60,5.0,5,steering_control
720575941568870770,720575941562021376,5,VNC_HTct_R,,519,0.9633911368015413,5,steering_control
720575941568870770,720575941562021376,4,VNC_WTct_L,,519,0.7707129094412332,5,steering_control
720575941568870770,720575941562021376,5,VNC_WTct_R,,519,0.9633911368015413,5,steering_control
720575941568870770,720575941563316022,3,VNC_HTct_R,,343,0.8746355685131195,4,steering_control
720575941568870770,720575941563318070,3,VNC_HTct_L,,264,1.1363636363636365,5,steering_control
720575941568870770,720575941565459095,1,VNC_HTct_L,,196,0.5102040816326531,5,steering_control
720575941568870770,720575941565459095,3,VNC_HTct_R,,196,1.530612244897959,5,steering_control
720575941568870770,720575941565459095,1,VNC_WTct_R,,196,0.5102040816326531,5,steering_control
720575941568870770,720575941566956532,2,VNC_WTct_R,,460,0.43478260869565216,2,steering_control
720575941568870770,720575941571515131,4,VNC_WTct_R,,81,4.938271604938271,1,power_control
720575941568870770,720575941610536924,3,VNC_WTct_R,,218,1.3761467889908259,5,steering_control
720575941568870770,720575941610587612,6,VNC_ANm_R,,315,1.9047619047619049,5,steering_control
720575941568870770,720575941610587612,2,VNC_HTct_R,,315,0.6349206349206349,5,steering_control
720575941568870770,720575941612611993,2,VNC_IntTct_L,,55,3.6363636363636362,5,steering_control
720575941568870770,720575941612611993,1,VNC_LTct_L,,55,1.8181818181818181,5,steering_control
720575941568870770,720575941623108298,16,VNC_HTct_R,,2454,0.6519967400162999,5,steering_control
720575941568870770,720575941623108298,26,VNC_WTct_R,,2454,1.0594947025264874,5,steering_control
720575941568870770,720575941623328108,4,VNC_IntTct_L,,491,0.8146639511201629,5,steering_control
720575941568870770,720575941623328108,3,VNC_IntTct_R,,491,0.6109979633401221,5,steering_control
720575941568870770,720575941623328108,4,VNC_WTct_L,,491,0.8146639511201629,5,steering_control
720575941568870770,720575941623328108,6,VNC_WTct_R,,491,1.2219959266802443,5,steering_control
720575941568870770,720575941630933947,5,VNC_IntTct_L,,704,0.7102272727272727,4,steering_control
720575941568870770,720575941630959035,4,VNC_HTct_R,,391,1.0230179028132993,5,steering_control
720575941568870770,720575941652191961,3,VNC_IntTct_L,,78,3.8461538461538463,5,steering_control
720575941568870770,720575941652191961,6,VNC_NTct_L,,78,7.6923076923076925,5,steering_control
720575941568870770,720575941652191961,3,VNC_WTct_L,,78,3.8461538461538463,5,steering_control
720575941568870770,720575941652191961,1,VNC_WTct_R,,78,1.282051282051282,5,steering_control
720575941568870770,720575941655827480,1,VNC_IntTct_L,,81,1.2345679012345678,1,power_control
720575941568870770,720575941655827480,4,VNC_NTct_R,,81,4.938271604938271,1,power_control
720575941568870770,720575941655827480,2,VNC_WTct_L,,81,2.4691358024691357,1,power_control
720575941568870770,720575941655827480,3,VNC_WTct_R,,81,3.7037037037037033,1,power_control
720575941568870770,720575941671138727,20,VNC_HTct_L,,2296,0.8710801393728222,5,steering_control
720575941568870770,720575941671138727,14,VNC_WTct_L,,2296,0.6097560975609756,5,steering_control
720575941568870770,720575941679017405,1,VNC_HTct_R,,50,2.0,5,steering_control
720575941568870770,720575941679017405,1,VNC_WTct_R,,50,2.0,5,steering_control
720575941568870770,720575941679017405,1,VNC_unassigned_R,,50,2.0,5,steering_control
720575941568870770,720575941721193018,3,VNC_HTct_L,,223,1.345291479820628,5,steering_control
720575941568870770,720575941721193018,2,VNC_IntTct_R,,223,0.8968609865470852,5,steering_control
720575941568870770,720575941721193018,3,VNC_WTct_L,,223,1.345291479820628,5,steering_control
720575941568870770,720575941721193018,4,VNC_WTct_R,,223,1.7937219730941705,5,steering_control
720575941568870770,720575941721193018,1,VNC_unassigned_R,,223,0.4484304932735426,5,steering_control
720575941568946938,720575941414326161,3,VNC_IntTct_L,,343,0.8746355685131195,5,steering_control
720575941568946938,720575941478092963,2,VNC_HTct_L,,466,0.4291845493562232,5,steering_control
720575941568946938,720575941478092963,4,VNC_IntTct_L,,466,0.8583690987124464,5,steering_control
720575941568946938,720575941530853507,4,VNC_IntTct_L,,434,0.9216589861751152,2,steering_control
720575941569348858,720575941428412809,7,VNC_AMNp_L,,1408,0.4971590909090909,2,steering_control
720575941569348858,720575941438748351,6,VNC_T1_ProNm_L,,913,0.6571741511500547,2,steering_control
720575941569348858,720575941542432092,4,VNC_T1_ProNm_L,,542,0.7380073800738007,5,steering_control
720575941569348858,720575941576933109,2,VNC_AMNp_L,,37,5.405405405405405,3,power_control
720575941569348858,720575941576933109,1,VNC_T2_MesoNm_L,,37,2.7027027027027026,3,power_control
720575941569348858,720575941684748271,10,VNC_T3_MetaNm_L,,75,13.333333333333334,5,steering_control
720575941569348858,720575941684748271,1,VNC_unassigned_L,,75,1.3333333333333335,5,steering_control
720575941569348858,720575941691313115,7,VNC_AMNp_L,,1219,0.5742411812961444,3,power_control
720575941569348858,720575941691313115,10,VNC_T1_ProNm_L,,1219,0.8203445447087777,3,power_control
720575941569348858,720575941691313115,9,VNC_T2_MesoNm_L,,1219,0.7383100902378998,3,power_control
720575941569348858,720575941729855787,3,VNC_T3_MetaNm_L,,26,11.538461538461538,5,steering_control
720575941569801586,720575941521031927,3,VNC_IntTct_L,,329,0.911854103343465,5,steering_control
720575941569801586,720575941521031927,15,VNC_LTct_L,,329,4.5592705167173255,5,steering_control
720575941570031092,720575941610953446,1,VNC_IntTct_R,,106,0.9433962264150944,3,power_control
720575941570031092,720575941610953446,4,VNC_LTct_R,,106,3.7735849056603774,3,power_control
720575941571871241,720575941401776931,4,VNC_IntTct_R,,935,0.42780748663101603,5,steering_control
720575941571871241,720575941412443540,3,VNC_IntTct_R,,416,0.7211538461538461,2,steering_control
720575941571871241,720575941436996882,5,VNC_IntTct_R,,766,0.6527415143603132,5,steering_control
720575941571871241,720575941555504723,6,VNC_IntTct_R,,985,0.6091370558375634,5,steering_control
720575941571871241,720575941583254918,10,VNC_IntTct_R,,331,3.0211480362537766,2,steering_control
720575941571871241,720575941583601886,23,VNC_IntTct_R,,2644,0.869894099848714,5,steering_control
720575941571871241,720575941619873663,6,VNC_IntTct_R,,920,0.6521739130434783,2,steering_control
720575941572471454,720575941457431280,4,VNC_WTct_R,,815,0.49079754601227,5,steering_control
720575941572471454,720575941457930655,5,VNC_WTct_R,,259,1.9305019305019304,5,steering_control
720575941572471454,720575941457930655,3,VNC_unassigned_R,,259,1.1583011583011582,5,steering_control
720575941572471454,720575941460235152,2,VNC_WTct_R,,453,0.44150110375275936,1,power_control
720575941572471454,720575941474413873,7,VNC_T1_ProNm_R,,840,0.8333333333333334,2,steering_control
720575941572471454,720575941474413873,4,VNC_WTct_R,,840,0.4761904761904762,2,steering_control
720575941572471454,720575941492284286,3,VNC_WTct_R,,178,1.6853932584269662,5,steering_control
720575941572471454,720575941507848208,5,VNC_WTct_R,,503,0.9940357852882704,5,steering_control
720575941572471454,720575941533819162,8,VNC_WTct_R,,1311,0.6102212051868803,2,steering_control
720575941572471454,720575941536648168,7,VNC_T1_ProNm_R,,228,3.070175438596491,2,steering_control
720575941572471454,720575941536648168,7,VNC_WTct_R,,228,3.070175438596491,2,steering_control
720575941572471454,720575941546727713,10,VNC_unassigned_R,,1385,0.7220216606498195,2,steering_control
720575941572471454,720575941549399039,3,VNC_WTct_R,,237,1.2658227848101267,5,steering_control
720575941572471454,720575941549399039,2,VNC_unassigned_R,,237,0.8438818565400843,5,steering_control
720575941572471454,720575941554049307,8,VNC_WTct_R,,637,1.2558869701726845,1,power_control
720575941572471454,720575941594160421,4,VNC_WTct_R,,733,0.5457025920873124,1,power_control
720575941572471454,720575941610587612,2,VNC_T3_MetaNm_R,,315,0.6349206349206349,5,steering_control
720575941572471454,720575941613403100,2,VNC_T2_MesoNm_R,,490,0.40816326530612246,2,steering_control
720575941572471454,720575941613403100,10,VNC_WTct_R,,490,2.0408163265306123,2,steering_control
720575941572471454,720575941613403100,2,VNC_unassigned_R,,490,0.40816326530612246,2,steering_control
720575941572471454,720575941630620576,13,VNC_WTct_R,,739,1.7591339648173208,5,steering_control
720575941572620446,720575941457797360,6,VNC_HTct_L,,1043,0.5752636625119847,5,steering_control
720575941572620446,720575941606622317,6,VNC_HTct_L,,137,4.37956204379562,4,steering_control
720575941572620446,720575941610056166,3,VNC_HTct_L,,176,1.7045454545454544,5,steering_control
720575941572620446,720575941669827505,12,VNC_HTct_L,,262,4.580152671755725,3,power_control
720575941572620446,720575941669827505,2,VNC_unassigned_L,,262,0.7633587786259541,3,power_control
720575941572669342,720575941412443540,5,VNC_IntTct_L,,416,1.201923076923077,2,steering_control
720575941572669342,720575941457153094,5,VNC_IntTct_L,,402,1.2437810945273633,5,steering_control
720575941572669342,720575941508542674,3,VNC_IntTct_L,,521,0.5758157389635317,2,steering_control
720575941572669342,720575941535331338,4,VNC_IntTct_L,,785,0.5095541401273885,5,steering_control
720575941572669342,720575941536371442,3,VNC_T2_MesoNm_L,,453,0.6622516556291391,4,steering_control
720575941572669342,720575941550948231,2,VNC_T2_MesoNm_L,,337,0.5934718100890208,5,steering_control
720575941572669342,720575941550948231,2,VNC_WTct_L,,337,0.5934718100890208,5,steering_control
720575941572669342,720575941553338778,17,VNC_IntTct_L,,2701,0.6293965198074787,5,steering_control
720575941572669342,720575941553338778,23,VNC_T2_MesoNm_L,,2701,0.8515364679748241,5,steering_control
720575941572669342,720575941554554266,3,VNC_HTct_L,,272,1.1029411764705883,1,power_control
720575941572669342,720575941612053094,11,VNC_HTct_L,,914,1.2035010940919038,5,steering_control
720575941572669342,720575941612053094,11,VNC_T3_MetaNm_L,,914,1.2035010940919038,5,steering_control
720575941572669342,720575941619873663,19,VNC_T1_ProNm_L,,920,2.0652173913043477,2,steering_control
720575941572669342,720575941623347099,6,VNC_IntTct_L,,455,1.3186813186813187,2,steering_control
720575941572669342,720575941650775313,9,VNC_IntTct_L,,456,1.9736842105263157,2,steering_control
720575941572669342,720575941650775313,6,VNC_WTct_L,,456,1.3157894736842104,2,steering_control
720575941572669342,720575941667164081,5,VNC_IntTct_L,,276,1.8115942028985508,2,steering_control
720575941572669342,720575941667164081,2,VNC_T2_MesoNm_L,,276,0.7246376811594203,2,steering_control
720575941572669342,720575941667164081,6,VNC_WTct_L,,276,2.1739130434782608,2,steering_control
720575941572669342,720575941684990447,3,VNC_IntTct_L,,372,0.8064516129032258,2,steering_control
720575941572671995,720575941408509867,10,VNC_IntTct_R,,434,2.3041474654377883,1,power_control
720575941572671995,720575941457431280,5,VNC_IntTct_R,,815,0.6134969325153374,5,steering_control
720575941572671995,720575941457802480,14,VNC_LTct_R,,1611,0.8690254500310366,5,steering_control
720575941572671995,720575941474571572,9,VNC_T3_MetaNm_R,,434,2.0737327188940093,5,steering_control
720575941572671995,720575941512798929,4,VNC_T3_MetaNm_R,,269,1.486988847583643,5,steering_control
720575941572671995,720575941517770412,11,VNC_IntTct_R,,413,2.663438256658596,1,power_control
720575941572671995,720575941517770412,9,VNC_LTct_R,,413,2.1791767554479415,1,power_control
720575941572671995,720575941521031927,9,VNC_LTct_R,,329,2.735562310030395,5,steering_control
720575941572671995,720575941521236915,8,VNC_T3_MetaNm_R,,400,2.0,5,steering_control
720575941572671995,720575941610587612,11,VNC_T3_MetaNm_R,,315,3.492063492063492,5,steering_control
720575941572671995,720575941623067338,5,VNC_LTct_R,,507,0.9861932938856016,5,steering_control
720575941572713886,720575941612027238,2,VNC_T1_ProNm_L,,159,1.257861635220126,5,steering_control
720575941572713886,720575941612027238,1,VNC_unassigned_L,,159,0.628930817610063,5,steering_control
720575941572713886,720575941630933947,4,VNC_T2_MesoNm_L,,704,0.5681818181818182,4,steering_control
720575941573616891,720575941408509867,9,VNC_IntTct_L,,434,2.0737327188940093,1,power_control
720575941573616891,720575941408509867,4,VNC_LTct_L,,434,0.9216589861751152,1,power_control
720575941573616891,720575941457802480,13,VNC_LTct_L,,1611,0.8069522036002483,5,steering_control
720575941573616891,720575941517770412,7,VNC_LTct_L,,413,1.694915254237288,1,power_control
720575941573616891,720575941521031927,7,VNC_IntTct_L,,329,2.127659574468085,5,steering_control
720575941573616891,720575941521031927,15,VNC_LTct_L,,329,4.5592705167173255,5,steering_control
720575941573616891,720575941521101495,5,VNC_T3_MetaNm_L,,97,5.154639175257731,5,steering_control
720575941573616891,720575941521236915,5,VNC_T3_MetaNm_L,,400,1.25,5,steering_control
720575941573616891,720575941569652638,5,VNC_IntTct_L,,354,1.4124293785310735,4,steering_control
720575941573616891,720575941569652638,20,VNC_LTct_L,,354,5.649717514124294,4,steering_control
720575941574230523,720575941431311575,6,VNC_WTct_R,,1416,0.423728813559322,5,steering_control
720575941574230523,720575941500983019,5,VNC_WTct_L,,294,1.7006802721088436,5,steering_control
720575941574230523,720575941516099500,4,VNC_WTct_L,,769,0.5201560468140443,1,power_control
720575941574230523,720575941519273944,2,VNC_HTct_L,,321,0.6230529595015576,5,steering_control
720575941574230523,720575941519273944,2,VNC_HTct_R,,321,0.6230529595015576,5,steering_control
720575941574230523,720575941519273944,2,VNC_WTct_L,,321,0.6230529595015576,5,steering_control
720575941574230523,720575941519273944,2,VNC_WTct_R,,321,0.6230529595015576,5,steering_control
720575941574230523,720575941521986227,2,VNC_NTct_L,,306,0.6535947712418301,5,steering_control
720575941574230523,720575941526718564,5,VNC_HTct_L,,111,4.504504504504505,5,steering_control
720575941574230523,720575941551588506,3,VNC_WTct_R,,261,1.1494252873563218,5,steering_control
720575941574375272,720575941608991050,14,VNC_IntTct_R,,3212,0.43586550435865506,2,steering_control
720575941574671517,720575941533864458,4,VNC_IntTct_R,,188,2.127659574468085,5,steering_control
720575941574675869,720575941449065565,4,VNC_HTct_L,,171,2.3391812865497075,5,steering_control
720575941574675869,720575941449065565,6,VNC_WTct_L,,171,3.508771929824561,5,steering_control
720575941574675869,720575941449065565,4,VNC_WTct_R,,171,2.3391812865497075,5,steering_control
720575941574675869,720575941474704948,4,VNC_HTct_R,,186,2.1505376344086025,5,steering_control
720575941574675869,720575941492354174,2,VNC_HTct_L,,140,1.4285714285714286,5,steering_control
720575941574675869,720575941492354174,5,VNC_HTct_R,,140,3.571428571428571,5,steering_control
720575941574675869,720575941492354174,1,VNC_WTct_R,,140,0.7142857142857143,5,steering_control
720575941574675869,720575941512896099,9,VNC_IntTct_R,,1417,0.6351446718419196,1,power_control
720575941574675869,720575941512896099,6,VNC_WTct_R,,1417,0.4234297812279464,1,power_control
720575941574675869,720575941519213016,9,VNC_WTct_L,,1301,0.6917755572636434,1,power_control
720575941574675869,720575941526701412,4,VNC_ANm_L,,606,0.6600660066006601,5,steering_control
720575941574675869,720575941526701412,21,VNC_HTct_L,,606,3.4653465346534658,5,steering_control
720575941574675869,720575941526701412,3,VNC_HTct_R,,606,0.49504950495049505,5,steering_control
720575941574675869,720575941526701412,11,VNC_IntTct_L,,606,1.8151815181518154,5,steering_control
720575941574675869,720575941526701412,4,VNC_unassigned_R,,606,0.6600660066006601,5,steering_control
720575941574675869,720575941549701182,7,VNC_IntTct_R,,194,3.608247422680412,5,steering_control
720575941574675869,720575941549701182,1,VNC_WTct_R,,194,0.5154639175257731,5,steering_control
720575941574675869,720575941549701182,3,VNC_unassigned_R,,194,1.5463917525773196,5,steering_control
720575941574675869,720575941552622398,7,VNC_HTct_L,,210,3.3333333333333335,5,steering_control
720575941574675869,720575941552622398,4,VNC_HTct_R,,210,1.9047619047619049,5,steering_control
720575941574675869,720575941552622398,1,VNC_IntTct_L,,210,0.4761904761904762,5,steering_control
720575941574675869,720575941552622398,1,VNC_unassigned_L,,210,0.4761904761904762,5,steering_control
720575941574675869,720575941565459095,3,VNC_HTct_L,,196,1.530612244897959,5,steering_control
720575941574675869,720575941565459095,5,VNC_HTct_R,,196,2.5510204081632653,5,steering_control
720575941574675869,720575941565459095,1,VNC_WTct_R,,196,0.5102040816326531,5,steering_control
720575941574675869,720575941574155003,4,VNC_HTct_R,,510,0.7843137254901961,3,power_control
720575941574675869,720575941600259369,4,VNC_IntTct_R,,845,0.4733727810650888,3,power_control
720575941574675869,720575941607605101,6,VNC_NTct_R,,1411,0.42523033309709424,5,steering_control
720575941574675869,720575941623108298,22,VNC_HTct_R,,2454,0.8964955175224123,5,steering_control
720575941574675869,720575941623108298,27,VNC_IntTct_R,,2454,1.1002444987775062,5,steering_control
720575941574675869,720575941623108298,23,VNC_WTct_R,,2454,0.9372453137734311,5,steering_control
720575941574675869,720575941631436524,4,VNC_NTct_R,,801,0.4993757802746567,5,steering_control
720575941574675869,720575941671138727,22,VNC_HTct_L,,2296,0.9581881533101044,5,steering_control
720575941574675869,720575941671138727,11,VNC_IntTct_L,,2296,0.4790940766550522,5,steering_control
720575941574675869,720575941671138727,10,VNC_NTct_L,,2296,0.4355400696864111,5,steering_control
720575941574675869,720575941671138727,16,VNC_WTct_L,,2296,0.6968641114982579,5,steering_control
720575941574675869,720575941684876527,1,VNC_HTct_L,,218,0.45871559633027525,5,steering_control
720575941574675869,720575941684876527,14,VNC_HTct_R,,218,6.422018348623854,5,steering_control
720575941574675869,720575941684876527,1,VNC_IntTct_R,,218,0.45871559633027525,5,steering_control
720575941574675869,720575941684876527,1,VNC_WTct_L,,218,0.45871559633027525,5,steering_control
720575941574744329,720575941521986227,2,VNC_NTct_L,,306,0.6535947712418301,5,steering_control
720575941574744329,720575941551389979,2,VNC_WTct_L,,188,1.0638297872340425,1,power_control
720575941574744329,720575941551389979,1,VNC_unassigned_R,,188,0.5319148936170213,1,power_control
720575941574744329,720575941669049587,2,VNC_IntTct_L,,293,0.6825938566552902,1,power_control
720575941574744329,720575941669049587,2,VNC_WTct_L,,293,0.6825938566552902,1,power_control
720575941574878351,720575941477297716,4,VNC_NTct_L,,889,0.44994375703037126,5,steering_control
720575941574933661,720575941429556655,6,VNC_NTct_R,,1452,0.4132231404958678,5,steering_control
720575941574984201,720575941415476252,6,VNC_WTct_R,,400,1.5,1,power_control
720575941574984201,720575941460235152,3,VNC_WTct_R,,453,0.6622516556291391,1,power_control
720575941574984201,720575941474640682,6,VNC_WTct_R,,170,3.5294117647058822,5,steering_control
720575941574984201,720575941489677001,2,VNC_NTct_R,,377,0.5305039787798408,3,power_control
720575941574984201,720575941489677001,2,VNC_WTct_R,,377,0.5305039787798408,3,power_control
720575941574984201,720575941498948425,3,VNC_WTct_R,,526,0.5703422053231939,3,power_control
720575941574984201,720575941505457954,1,VNC_HTct_R,,243,0.411522633744856,5,steering_control
720575941574984201,720575941505457954,1,VNC_WTct_R,,243,0.411522633744856,5,steering_control
720575941574984201,720575941505457954,1,VNC_unassigned_R,,243,0.411522633744856,5,steering_control
720575941574984201,720575941535419418,5,VNC_WTct_R,,499,1.002004008016032,1,power_control
720575941574984201,720575941535419418,2,VNC_unassigned_R,,499,0.4008016032064128,1,power_control
720575941574984201,720575941594160421,3,VNC_WTct_R,,733,0.4092769440654843,1,power_control
720575941574984201,720575941652536593,2,VNC_NTct_R,,128,1.5625,1,power_control
720575941574984201,720575941652536593,2,VNC_WTct_R,,128,1.5625,1,power_control
720575941575744655,720575941612696934,1,VNC_ANm_L,,193,0.5181347150259068,3,power_control
720575941575744655,720575941612696934,3,VNC_ANm_R,,193,1.5544041450777202,3,power_control
720575941578384629,720575941498482043,26,VNC_IntTct_R,,1024,2.5390625,3,power_control
720575941578384629,720575941498482043,15,VNC_T1_ProNm_R,,1024,1.46484375,3,power_control
720575941578384629,720575941583646430,7,VNC_LTct_R,,386,1.8134715025906734,5,steering_control
720575941578499673,720575941536371442,7,VNC_WTct_L,,453,1.545253863134658,4,steering_control
720575941579450745,720575941464768790,4,VNC_NTct_R,,723,0.5532503457814661,5,steering_control
720575941579450745,720575941464768790,3,VNC_unassigned_R,,723,0.4149377593360996,5,steering_control
720575941579616081,720575941537600973,3,VNC_IntTct_L,,420,0.7142857142857143,5,steering_control
720575941579616081,720575941547226248,19,VNC_NTct_L,,653,2.909647779479326,5,steering_control
720575941579616081,720575941579868917,8,VNC_NTct_L,,1745,0.4584527220630372,5,steering_control
720575941579841013,720575941447013813,4,VNC_IntTct_L,,962,0.4158004158004158,5,steering_control
720575941579841013,720575941477166622,7,VNC_IntTct_L,,1660,0.42168674698795183,5,steering_control
720575941579876085,720575941632698555,51,VNC_T2_MesoNm_L,,2639,1.9325502084122772,3,power_control
720575941579876085,720575941654985945,14,VNC_T3_MetaNm_L,,531,2.6365348399246704,5,steering_control
720575941580369489,720575941507787024,5,VNC_IntTct_L,,516,0.9689922480620154,5,steering_control
720575941580369489,720575941536371442,5,VNC_HTct_L,,453,1.1037527593818985,4,steering_control
720575941580369489,720575941549394687,6,VNC_HTct_L,,280,2.142857142857143,4,steering_control
720575941580369489,720575941611080010,15,VNC_HTct_L,,2397,0.6257822277847309,4,steering_control
720575941580369489,720575941659675704,5,VNC_HTct_L,,277,1.8050541516245486,2,steering_control
720575941581684601,720575941429556655,8,VNC_NTct_R,,1452,0.5509641873278237,5,steering_control
720575941581684601,720575941464768790,5,VNC_IntTct_R,,723,0.6915629322268326,5,steering_control
720575941581684601,720575941464768790,6,VNC_NTct_R,,723,0.8298755186721992,5,steering_control
720575941581684601,720575941501721138,5,VNC_HTct_R,,1210,0.4132231404958678,4,steering_control
720575941581684601,720575941574155003,3,VNC_HTct_R,,510,0.5882352941176471,3,power_control
720575941581684601,720575941609001034,5,VNC_NTct_R,,563,0.8880994671403196,5,steering_control
720575941581721977,720575941560427379,8,VNC_T3_MetaNm_L,,412,1.9417475728155338,5,steering_control
720575941581721977,720575941602987510,4,VNC_ANm_L,,306,1.3071895424836601,5,steering_control
720575941581721977,720575941602987510,3,VNC_T3_MetaNm_L,,306,0.9803921568627451,5,steering_control
720575941581721977,720575941603749817,3,VNC_T3_MetaNm_L,,377,0.7957559681697612,5,steering_control
720575941581721977,720575941654985945,11,VNC_T3_MetaNm_L,,531,2.0715630885122414,5,steering_control
720575941582282873,720575941436996882,5,VNC_IntTct_R,,766,0.6527415143603132,5,steering_control
720575941582282873,720575941457073478,3,VNC_IntTct_R,,367,0.8174386920980926,2,steering_control
720575941582282873,720575941477884802,24,VNC_HTct_R,,995,2.4120603015075375,5,steering_control
720575941582282873,720575941521508939,3,VNC_IntTct_R,,240,1.25,5,steering_control
720575941582282873,720575941617069695,5,VNC_HTct_R,,196,2.5510204081632653,2,steering_control
720575941583462110,720575941412443540,2,VNC_IntTct_L,,416,0.4807692307692308,2,steering_control
720575941583462110,720575941571524872,3,VNC_IntTct_L,,189,1.5873015873015872,1,power_control
720575941583462110,720575941571524872,2,VNC_NTct_L,,189,1.0582010582010581,1,power_control
720575941583462110,720575941571524872,1,VNC_WTct_L,,189,0.5291005291005291,1,power_control
720575941583462110,720575941610583260,4,VNC_HTct_L,,209,1.9138755980861244,2,steering_control
720575941583462110,720575941612053094,7,VNC_HTct_L,,914,0.7658643326039387,5,steering_control
720575941584708486,720575941464768790,12,VNC_NTct_R,,723,1.6597510373443984,5,steering_control
720575941586653062,720575941460235152,4,VNC_IntTct_R,,453,0.8830022075055187,1,power_control
720575941586653062,720575941640900453,13,VNC_IntTct_R,,1852,0.7019438444924406,5,steering_control
720575941586901316,720575941488475598,3,VNC_IntTct_R,,276,1.0869565217391304,4,steering_control
720575941587856951,720575941470111863,3,VNC_IntTct_L,,118,2.5423728813559325,5,steering_control
720575941587856951,720575941470111863,1,VNC_WTct_L,,118,0.847457627118644,5,steering_control
720575941587856951,720575941474704948,4,VNC_WTct_R,,186,2.1505376344086025,5,steering_control
720575941589304644,720575941632673516,3,VNC_WTct_R,,324,0.9259259259259258,3,power_control
720575941589986359,720575941688644470,5,VNC_T3_MetaNm_R,,422,1.1848341232227488,5,steering_control
720575941590435070,720575941628377314,1,VNC_IntTct_R,,59,1.694915254237288,1,power_control
720575941590435070,720575941628377314,10,VNC_WTct_R,,59,16.94915254237288,1,power_control
720575941590576424,720575941478092963,16,VNC_IntTct_L,,466,3.4334763948497855,5,steering_control
720575941590576424,720575941530853507,3,VNC_IntTct_L,,434,0.6912442396313364,2,steering_control
720575941590576424,720575941653507801,6,VNC_HTct_L,,367,1.6348773841961852,5,steering_control
720575941590576424,720575941723242042,4,VNC_IntTct_L,,791,0.5056890012642226,5,steering_control
720575941591050494,720575941413920540,3,VNC_ANm_R,,204,1.4705882352941175,5,steering_control
720575941591050494,720575941413920540,7,VNC_HTct_R,,204,3.431372549019608,5,steering_control
720575941591050494,720575941414464660,1,VNC_ANm_R,,183,0.546448087431694,2,steering_control
720575941591050494,720575941414464660,11,VNC_HTct_R,,183,6.0109289617486334,2,steering_control
720575941591050494,720575941431075503,4,VNC_ANm_R,,684,0.5847953216374269,3,power_control
720575941591050494,720575941432778638,6,VNC_NTct_R,,93,6.451612903225806,1,power_control
720575941591050494,720575941432778638,4,VNC_WTct_R,,93,4.301075268817205,1,power_control
720575941591050494,720575941438723263,4,VNC_HTct_R,,235,1.702127659574468,5,steering_control
720575941591050494,720575941498696354,4,VNC_WTct_R,,324,1.2345679012345678,5,steering_control
720575941591050494,720575941501903154,1,VNC_HTct_R,,173,0.5780346820809248,3,power_control
720575941591050494,720575941501903154,4,VNC_WTct_R,,173,2.312138728323699,3,power_control
720575941591050494,720575941521508939,3,VNC_HTct_R,,240,1.25,5,steering_control
720575941591050494,720575941594515158,3,VNC_HTct_R,,231,1.2987012987012987,5,steering_control
720575941591050494,720575941607605101,8,VNC_NTct_R,,1411,0.5669737774627923,5,steering_control
720575941591050494,720575941609001034,10,VNC_NTct_R,,563,1.7761989342806392,5,steering_control
720575941591050494,720575941614850517,7,VNC_HTct_R,,993,0.7049345417925479,5,steering_control
720575941591050494,720575941631436524,31,VNC_NTct_R,,801,3.870162297128589,5,steering_control
720575941591050494,720575941631436524,9,VNC_WTct_R,,801,1.1235955056179776,5,steering_control
720575941591050494,720575941729958699,3,VNC_WTct_R,,137,2.18978102189781,5,steering_control
720575941591448972,720575941402032240,4,VNC_WTct_R,,324,1.2345679012345678,1,power_control
720575941591448972,720575941415476252,5,VNC_WTct_R,,400,1.25,1,power_control
720575941591448972,720575941449065565,2,VNC_WTct_R,,171,1.1695906432748537,5,steering_control
720575941591448972,720575941449065565,2,VNC_unassigned_L,,171,1.1695906432748537,5,steering_control
720575941591448972,720575941498948425,3,VNC_WTct_R,,526,0.5703422053231939,3,power_control
720575941591448972,720575941503667109,5,VNC_WTct_R,,348,1.4367816091954022,1,power_control
720575941591448972,720575941515619939,3,VNC_HTct_L,,346,0.8670520231213872,1,power_control
720575941591448972,720575941515619939,2,VNC_WTct_R,,346,0.5780346820809248,1,power_control
720575941591448972,720575941516099500,6,VNC_HTct_R,,769,0.7802340702210664,1,power_control
720575941591448972,720575941518434227,3,VNC_WTct_L,,748,0.4010695187165776,1,power_control
720575941591448972,720575941518434227,8,VNC_WTct_R,,748,1.06951871657754,1,power_control
720575941591448972,720575941518434227,6,VNC_unassigned_L,,748,0.8021390374331552,1,power_control
720575941591448972,720575941521986227,5,VNC_HTct_L,,306,1.6339869281045754,5,steering_control
720575941591448972,720575941533234954,3,VNC_HTct_L,,175,1.7142857142857144,1,power_control
720575941591448972,720575941533234954,1,VNC_HTct_R,,175,0.5714285714285714,1,power_control
720575941591448972,720575941533234954,3,VNC_WTct_R,,175,1.7142857142857144,1,power_control
720575941591448972,720575941551389979,3,VNC_WTct_R,,188,1.5957446808510638,1,power_control
720575941591448972,720575941590279208,3,VNC_unassigned_R,,150,2.0,5,steering_control
720575941591448972,720575941594160421,9,VNC_WTct_R,,733,1.227830832196453,1,power_control
720575941591448972,720575941669049587,2,VNC_HTct_L,,293,0.6825938566552902,1,power_control
720575941591804712,720575941533761050,3,VNC_IntTct_R,,420,0.7142857142857143,2,steering_control
720575941592644054,720575941412443540,3,VNC_IntTct_R,,416,0.7211538461538461,2,steering_control
720575941592644054,720575941459554960,4,VNC_IntTct_R,,439,0.9111617312072893,2,steering_control
720575941592644054,720575941583254918,5,VNC_IntTct_R,,331,1.5105740181268883,2,steering_control
720575941592644054,720575941583601886,31,VNC_IntTct_R,,2644,1.172465960665658,5,steering_control
720575941592644054,720575941593615211,5,VNC_IntTct_R,,797,0.6273525721455459,5,steering_control
720575941592644054,720575941630959035,2,VNC_IntTct_R,,391,0.5115089514066496,5,steering_control
720575941592893992,720575941410025071,3,VNC_IntTct_L,,106,2.8301886792452833,5,steering_control
720575941592893992,720575941435780114,2,VNC_IntTct_L,,90,2.2222222222222223,5,steering_control
720575941592893992,720575941435780114,1,VNC_LTct_L,,90,1.1111111111111112,5,steering_control
720575941592893992,720575941438748351,5,VNC_IntTct_L,,913,0.547645125958379,2,steering_control
720575941592893992,720575941438748351,4,VNC_LTct_L,,913,0.43811610076670315,2,steering_control
720575941592893992,720575941474571572,4,VNC_T3_MetaNm_L,,434,0.9216589861751152,5,steering_control
720575941592893992,720575941496047433,4,VNC_IntTct_L,,378,1.0582010582010581,5,steering_control
720575941592893992,720575941512798929,2,VNC_T3_MetaNm_L,,269,0.7434944237918215,5,steering_control
720575941592893992,720575941512798929,3,VNC_T3_MetaNm_R,,269,1.1152416356877324,5,steering_control
720575941592893992,720575941521236915,3,VNC_T3_MetaNm_L,,400,0.75,5,steering_control
720575941592893992,720575941557576563,3,VNC_LTct_R,,100,3.0,5,steering_control
720575941592893992,720575941558635053,3,VNC_LTct_L,,589,0.5093378607809848,5,steering_control
720575941592893992,720575941610587612,5,VNC_T3_MetaNm_R,,315,1.5873015873015872,5,steering_control
720575941592893992,720575941657510992,2,VNC_LTct_L,,482,0.4149377593360996,2,steering_control
720575941593505387,720575941477297716,30,VNC_NTct_L,,889,3.374578177727784,5,steering_control
720575941593505387,720575941477297716,4,VNC_unassigned_L,,889,0.44994375703037126,5,steering_control
720575941593505387,720575941525725954,45,VNC_NTct_L,,667,6.746626686656672,5,steering_control
720575941593505387,720575941579868917,46,VNC_NTct_L,,1745,2.6361031518624642,5,steering_control
720575941593683051,720575941414508948,32,VNC_T1_ProNm_L,,2237,1.430487259722843,3,power_control
720575941593683051,720575941414508948,9,VNC_T1_ProNm_R,,2237,0.4023245417970496,3,power_control
720575941593683051,720575941457802480,7,VNC_IntTct_L,,1611,0.4345127250155183,5,steering_control
720575941593683051,720575941457802480,9,VNC_LTct_L,,1611,0.5586592178770949,5,steering_control
720575941593683051,720575941469724125,9,VNC_IntTct_L,,1594,0.5646173149309912,5,steering_control
720575941593683051,720575941469724125,10,VNC_T1_ProNm_R,,1594,0.6273525721455459,5,steering_control
720575941593683051,720575941535047690,11,VNC_IntTct_L,,1366,0.8052708638360175,5,steering_control
720575941593683051,720575941568855540,1,VNC_HTct_L,,137,0.7299270072992701,5,steering_control
720575941593683051,720575941568855540,2,VNC_T3_MetaNm_L,,137,1.4598540145985401,5,steering_control
720575941593683051,720575941619873663,5,VNC_LTct_R,,920,0.5434782608695652,2,steering_control
720575941594823537,720575941457802480,8,VNC_IntTct_L,,1611,0.4965859714463066,5,steering_control
720575941594823537,720575941457802480,35,VNC_LTct_L,,1611,2.1725636250775917,5,steering_control
720575941594823537,720575941457802480,14,VNC_LTct_R,,1611,0.8690254500310366,5,steering_control
720575941594823537,720575941521031927,3,VNC_LTct_L,,329,0.911854103343465,5,steering_control
720575941594823537,720575941558635053,4,VNC_IntTct_L,,589,0.6791171477079796,5,steering_control
720575941594823537,720575941595021681,8,VNC_LTct_L,,506,1.5810276679841897,5,steering_control
720575941594858198,720575941479369346,4,VNC_T1_ProNm_L,,509,0.7858546168958742,5,steering_control
720575941595189029,720575941414326161,4,VNC_IntTct_L,,343,1.1661807580174928,5,steering_control
720575941595189029,720575941447013813,10,VNC_HTct_L,,962,1.0395010395010396,5,steering_control
720575941595189029,720575941465484566,28,VNC_HTct_L,,2567,1.090767432800935,2,steering_control
720575941595189029,720575941465484566,49,VNC_IntTct_L,,2567,1.9088430074016363,2,steering_control
720575941595189029,720575941472042282,3,VNC_NTct_L,,143,2.097902097902098,1,power_control
720575941595189029,720575941473850720,5,VNC_HTct_L,,1212,0.4125412541254125,5,steering_control
720575941595189029,720575941473850720,38,VNC_IntTct_L,,1212,3.1353135313531353,5,steering_control
720575941595189029,720575941478092963,6,VNC_IntTct_L,,466,1.2875536480686696,5,steering_control
720575941595189029,720575941478092963,5,VNC_WTct_L,,466,1.0729613733905579,5,steering_control
720575941595189029,720575941483838349,4,VNC_HTct_L,,256,1.5625,2,steering_control
720575941595189029,720575941517764824,4,VNC_HTct_L,,625,0.64,5,steering_control
720575941595189029,720575941530853507,8,VNC_HTct_L,,434,1.8433179723502304,2,steering_control
720575941595189029,720575941530853507,9,VNC_IntTct_L,,434,2.0737327188940093,2,steering_control
720575941595189029,720575941530853507,2,VNC_LTct_L,,434,0.4608294930875576,2,steering_control
720575941595189029,720575941530853507,4,VNC_WTct_L,,434,0.9216589861751152,2,steering_control
720575941595189029,720575941533831194,5,VNC_HTct_L,,470,1.0638297872340425,2,steering_control
720575941595189029,720575941533831194,2,VNC_WTct_L,,470,0.425531914893617,2,steering_control
720575941595189029,720575941535331338,7,VNC_IntTct_L,,785,0.89171974522293,5,steering_control
720575941595189029,720575941536371442,4,VNC_HTct_L,,453,0.8830022075055187,4,steering_control
720575941595189029,720575941549386239,2,VNC_HTct_L,,409,0.4889975550122249,2,steering_control
720575941595189029,720575941549386239,4,VNC_IntTct_L,,409,0.9779951100244498,2,steering_control
720575941595189029,720575941549386239,2,VNC_WTct_L,,409,0.4889975550122249,2,steering_control
720575941595189029,720575941552622398,4,VNC_HTct_L,,210,1.9047619047619049,5,steering_control
720575941595189029,720575941552622398,1,VNC_IntTct_L,,210,0.4761904761904762,5,steering_control
720575941595189029,720575941567639922,4,VNC_HTct_L,,485,0.8247422680412372,2,steering_control
720575941595189029,720575941572251144,28,VNC_HTct_L,,3255,0.8602150537634409,2,steering_control
720575941595189029,720575941572251144,51,VNC_IntTct_L,,3255,1.566820276497696,2,steering_control
720575941595189029,720575941579868917,7,VNC_IntTct_L,,1745,0.40114613180515757,5,steering_control
720575941595189029,720575941579868917,8,VNC_NTct_L,,1745,0.4584527220630372,5,steering_control
720575941595189029,720575941612053094,5,VNC_HTct_L,,914,0.5470459518599562,5,steering_control
720575941595189029,720575941630748859,23,VNC_HTct_L,,1573,1.4621741894469167,2,steering_control
720575941595189029,720575941630933947,4,VNC_IntTct_L,,704,0.5681818181818182,4,steering_control
720575941595189029,720575941632698555,11,VNC_T2_MesoNm_L,,2639,0.4168245547555892,3,power_control
720575941595189029,720575941684876527,3,VNC_HTct_L,,218,1.3761467889908259,5,steering_control
720575941595517735,720575941464768790,10,VNC_NTct_R,,723,1.3831258644536653,5,steering_control
720575941595542823,720575941457802480,32,VNC_IntTct_R,,1611,1.9863438857852265,5,steering_control
720575941595542823,720575941457802480,7,VNC_LTct_L,,1611,0.4345127250155183,5,steering_control
720575941595542823,720575941457802480,52,VNC_LTct_R,,1611,3.2278088144009933,5,steering_control
720575941595542823,720575941521031927,2,VNC_IntTct_R,,329,0.60790273556231,5,steering_control
720575941595542823,720575941521031927,4,VNC_LTct_R,,329,1.21580547112462,5,steering_control
720575941595542823,720575941623067338,3,VNC_LTct_R,,507,0.591715976331361,5,steering_control
720575941595615783,720575941498935777,8,VNC_IntTct_L,,1338,0.5979073243647235,5,steering_control
720575941595955569,720575941441993167,8,VNC_WTct_L,,1748,0.4576659038901602,5,steering_control
720575941595955569,720575941452199475,4,VNC_HTct_L,,670,0.5970149253731344,5,steering_control
720575941595955569,720575941452199475,4,VNC_WTct_L,,670,0.5970149253731344,5,steering_control
720575941595955569,720575941459912262,3,VNC_HTct_L,,663,0.4524886877828055,5,steering_control
720575941595955569,720575941460571588,11,VNC_HTct_L,,368,2.989130434782609,5,steering_control
720575941595955569,720575941460571588,3,VNC_WTct_L,,368,0.8152173913043478,5,steering_control
720575941595955569,720575941470077047,3,VNC_HTct_L,,480,0.625,5,steering_control
720575941595955569,720575941499420555,4,VNC_HTct_L,,678,0.5899705014749262,5,steering_control
720575941595955569,720575941518410094,7,VNC_HTct_L,,320,2.1875,5,steering_control
720575941595955569,720575941518410094,8,VNC_WTct_L,,320,2.5,5,steering_control
720575941595955569,720575941533831194,15,VNC_HTct_L,,470,3.1914893617021276,2,steering_control
720575941595955569,720575941533831194,3,VNC_WTct_L,,470,0.6382978723404255,2,steering_control
720575941595955569,720575941555575332,3,VNC_WTct_L,,271,1.107011070110701,5,steering_control
720575941595955569,720575941556222628,5,VNC_HTct_L,,417,1.1990407673860912,5,steering_control
720575941595955569,720575941559310125,5,VNC_HTct_L,,322,1.5527950310559007,5,steering_control
720575941595955569,720575941559310125,9,VNC_WTct_L,,322,2.7950310559006213,5,steering_control
720575941595955569,720575941567639922,15,VNC_HTct_L,,485,3.0927835051546393,2,steering_control
720575941595955569,720575941567639922,3,VNC_WTct_L,,485,0.6185567010309279,2,steering_control
720575941595955569,720575941576933109,6,VNC_HTct_L,,37,16.216216216216218,3,power_control
720575941595955569,720575941576933109,5,VNC_WTct_L,,37,13.513513513513514,3,power_control
720575941595955569,720575941596078961,12,VNC_HTct_L,,330,3.6363636363636362,2,steering_control
720575941595955569,720575941596078961,3,VNC_WTct_L,,330,0.9090909090909091,2,steering_control
720575941595955569,720575941631436780,20,VNC_HTct_L,,730,2.73972602739726,5,steering_control
720575941595955569,720575941631436780,4,VNC_WTct_L,,730,0.547945205479452,5,steering_control
720575941596182129,720575941595021681,3,VNC_LTct_L,,506,0.592885375494071,5,steering_control
720575941596182129,720575941623067338,10,VNC_LTct_R,,507,1.9723865877712032,5,steering_control
720575941596182129,720575941625907769,15,VNC_LTct_R,,1473,1.0183299389002036,5,steering_control
720575941596205425,720575941569652638,3,VNC_IntTct_L,,354,0.847457627118644,4,steering_control
720575941596431749,720575941400818723,17,VNC_NTct_L,,1482,1.1470985155195683,5,steering_control
720575941596431749,720575941508542674,5,VNC_IntTct_L,,521,0.9596928982725527,2,steering_control
720575941596431749,720575941513242202,7,VNC_IntTct_L,,218,3.211009174311927,2,steering_control
720575941596431749,720575941583511518,3,VNC_NTct_L,,537,0.5586592178770949,2,steering_control
720575941596600709,720575941464768790,11,VNC_IntTct_R,,723,1.5214384508990317,5,steering_control
720575941596600709,720575941464768790,3,VNC_NTct_R,,723,0.4149377593360996,5,steering_control
720575941596602048,720575941399253283,2,VNC_HTct_R,,418,0.4784688995215311,2,steering_control
720575941596602048,720575941458334163,9,VNC_IntTct_R,,1380,0.6521739130434783,2,steering_control
720575941596602048,720575941503451301,18,VNC_IntTct_R,,2065,0.8716707021791767,2,steering_control
720575941596602048,720575941532385624,2,VNC_HTct_R,,460,0.43478260869565216,2,steering_control
720575941596602048,720575941532385624,2,VNC_IntTct_R,,460,0.43478260869565216,2,steering_control
720575941596602048,720575941546491681,15,VNC_IntTct_R,,797,1.8820577164366372,5,steering_control
720575941596602048,720575941557612915,44,VNC_IntTct_R,,4206,1.0461245839277222,2,steering_control
720575941596602048,720575941576941045,5,VNC_IntTct_R,,608,0.8223684210526315,4,steering_control
720575941596602048,720575941600259369,5,VNC_IntTct_R,,845,0.591715976331361,3,power_control
720575941596602048,720575941608991050,29,VNC_IntTct_R,,3212,0.9028642590286425,2,steering_control
720575941598325148,720575941477166622,11,VNC_IntTct_L,,1660,0.6626506024096386,5,steering_control
720575941598469276,720575941456667373,6,VNC_T1_ProNm_R,,321,1.8691588785046727,5,steering_control
720575941598469276,720575941573489416,3,VNC_T2_MesoNm_R,,212,1.4150943396226416,5,steering_control
720575941598492457,720575941490785712,2,VNC_NTct_L,,234,0.8547008547008548,5,steering_control
720575941598492457,720575941490785712,4,VNC_unassigned_L,,234,1.7094017094017095,5,steering_control
720575941598693824,720575941547226248,3,VNC_NTct_L,,653,0.45941807044410415,5,steering_control
720575941598693824,720575941579868917,22,VNC_NTct_L,,1745,1.2607449856733524,5,steering_control
720575941598950556,720575941402032240,5,VNC_WTct_L,,324,1.5432098765432098,1,power_control
720575941598950556,720575941407795118,6,VNC_WTct_L,,215,2.7906976744186047,1,power_control
720575941598950556,720575941407795118,2,VNC_WTct_R,,215,0.9302325581395349,1,power_control
720575941598950556,720575941407795118,3,VNC_unassigned_L,,215,1.3953488372093024,1,power_control
720575941598950556,720575941407795118,2,VNC_unassigned_R,,215,0.9302325581395349,1,power_control
720575941598950556,720575941409016235,3,VNC_WTct_L,,127,2.3622047244094486,5,steering_control
720575941598950556,720575941409016235,2,VNC_unassigned_L,,127,1.574803149606299,5,steering_control
720575941598950556,720575941409016235,1,VNC_unassigned_R,,127,0.7874015748031495,5,steering_control
720575941598950556,720575941436391698,5,VNC_WTct_L,,358,1.3966480446927374,5,steering_control
720575941598950556,720575941436391698,2,VNC_unassigned_L,,358,0.5586592178770949,5,steering_control
720575941598950556,720575941439197269,2,VNC_IntTct_R,,197,1.015228426395939,3,power_control
720575941598950556,720575941439197269,2,VNC_WTct_L,,197,1.015228426395939,3,power_control
720575941598950556,720575941439197269,5,VNC_WTct_R,,197,2.5380710659898478,3,power_control
720575941598950556,720575941449835898,2,VNC_WTct_L,,118,1.694915254237288,1,power_control
720575941598950556,720575941449835898,2,VNC_WTct_R,,118,1.694915254237288,1,power_control
720575941598950556,720575941449835898,1,VNC_unassigned_L,,118,0.847457627118644,1,power_control
720575941598950556,720575941470536715,29,VNC_WTct_L,,359,8.07799442896936,3,power_control
720575941598950556,720575941470536715,18,VNC_unassigned_L,,359,5.013927576601671,3,power_control
720575941598950556,720575941474704948,3,VNC_HTct_R,,186,1.6129032258064515,5,steering_control
720575941598950556,720575941474704948,3,VNC_WTct_L,,186,1.6129032258064515,5,steering_control
720575941598950556,720575941474704948,4,VNC_WTct_R,,186,2.1505376344086025,5,steering_control
720575941598950556,720575941484663558,3,VNC_WTct_L,,147,2.0408163265306123,1,power_control
720575941598950556,720575941484663558,3,VNC_WTct_R,,147,2.0408163265306123,1,power_control
720575941598950556,720575941485422221,6,VNC_WTct_R,,634,0.9463722397476341,5,steering_control
720575941598950556,720575941489089255,5,VNC_WTct_L,,393,1.2722646310432568,5,steering_control
720575941598950556,720575941489677001,14,VNC_WTct_R,,377,3.7135278514588856,3,power_control
720575941598950556,720575941489677001,13,VNC_unassigned_R,,377,3.4482758620689653,3,power_control
720575941598950556,720575941489819081,8,VNC_WTct_R,,330,2.4242424242424243,3,power_control
720575941598950556,720575941498948425,7,VNC_WTct_L,,526,1.3307984790874523,3,power_control
720575941598950556,720575941498948425,5,VNC_WTct_R,,526,0.9505703422053232,3,power_control
720575941598950556,720575941498948425,9,VNC_unassigned_L,,526,1.7110266159695817,3,power_control
720575941598950556,720575941498948425,15,VNC_unassigned_R,,526,2.8517110266159698,3,power_control
720575941598950556,720575941499447691,4,VNC_WTct_R,,654,0.6116207951070336,5,steering_control
720575941598950556,720575941500995051,8,VNC_WTct_L,,337,2.3738872403560833,5,steering_control
720575941598950556,720575941500995051,5,VNC_WTct_R,,337,1.483679525222552,5,steering_control
720575941598950556,720575941501026283,6,VNC_WTct_L,,205,2.9268292682926833,1,power_control
720575941598950556,720575941501026283,3,VNC_unassigned_L,,205,1.4634146341463417,1,power_control
720575941598950556,720575941504424517,5,VNC_WTct_L,,164,3.048780487804878,1,power_control
720575941598950556,720575941504424517,2,VNC_unassigned_L,,164,1.2195121951219512,1,power_control
720575941598950556,720575941513167609,3,VNC_unassigned_R,,285,1.0526315789473684,5,steering_control
720575941598950556,720575941515619939,2,VNC_HTct_R,,346,0.5780346820809248,1,power_control
720575941598950556,720575941515619939,9,VNC_WTct_L,,346,2.601156069364162,1,power_control
720575941598950556,720575941515619939,2,VNC_WTct_R,,346,0.5780346820809248,1,power_control
720575941598950556,720575941516099500,4,VNC_IntTct_R,,769,0.5201560468140443,1,power_control
720575941598950556,720575941516099500,4,VNC_NTct_L,,769,0.5201560468140443,1,power_control
720575941598950556,720575941516099500,4,VNC_WTct_L,,769,0.5201560468140443,1,power_control
720575941598950556,720575941518434227,3,VNC_WTct_L,,748,0.4010695187165776,1,power_control
720575941598950556,720575941525224614,3,VNC_WTct_L,,146,2.054794520547945,1,power_control
720575941598950556,720575941525224614,1,VNC_unassigned_L,,146,0.684931506849315,1,power_control
720575941598950556,720575941527843768,6,VNC_unassigned_L,,403,1.488833746898263,5,steering_control
720575941598950556,720575941528729784,3,VNC_WTct_L,,272,1.1029411764705883,1,power_control
720575941598950556,720575941537594573,7,VNC_WTct_R,,224,3.125,1,power_control
720575941598950556,720575941537594573,5,VNC_unassigned_L,,224,2.232142857142857,1,power_control
720575941598950556,720575941537594573,5,VNC_unassigned_R,,224,2.232142857142857,1,power_control
720575941598950556,720575941562464866,13,VNC_WTct_L,,343,3.7900874635568513,3,power_control
720575941598950556,720575941564147346,1,VNC_HTct_R,,117,0.8547008547008548,1,power_control
720575941598950556,720575941564147346,2,VNC_IntTct_L,,117,1.7094017094017095,1,power_control
720575941598950556,720575941564147346,6,VNC_WTct_L,,117,5.128205128205128,1,power_control
720575941598950556,720575941564147346,3,VNC_WTct_R,,117,2.564102564102564,1,power_control
720575941598950556,720575941564147346,1,VNC_unassigned_L,,117,0.8547008547008548,1,power_control
720575941598950556,720575941571427323,8,VNC_WTct_L,,380,2.1052631578947367,3,power_control
720575941598950556,720575941571427323,5,VNC_unassigned_L,,380,1.3157894736842104,3,power_control
720575941598950556,720575941576958197,1,VNC_IntTct_R,,98,1.0204081632653061,3,power_control
720575941598950556,720575941576958197,3,VNC_WTct_R,,98,3.061224489795918,3,power_control
720575941598950556,720575941580641913,4,VNC_HTct_R,,151,2.6490066225165565,1,power_control
720575941598950556,720575941580641913,4,VNC_WTct_R,,151,2.6490066225165565,1,power_control
720575941598950556,720575941580641913,1,VNC_unassigned_R,,151,0.6622516556291391,1,power_control
720575941598950556,720575941581685113,4,VNC_WTct_L,,170,2.3529411764705883,1,power_control
720575941598950556,720575941581685113,1,VNC_unassigned_L,,170,0.5882352941176471,1,power_control
720575941598950556,720575941594160421,9,VNC_WTct_R,,733,1.227830832196453,1,power_control
720575941598950556,720575941595757724,4,VNC_WTct_L,,120,3.3333333333333335,3,power_control
720575941598950556,720575941595757724,3,VNC_WTct_R,,120,2.5,3,power_control
720575941598950556,720575941606544493,4,VNC_WTct_L,,116,3.4482758620689653,1,power_control
720575941598950556,720575941606544493,3,VNC_unassigned_L,,116,2.586206896551724,1,power_control
720575941598950556,720575941608900585,7,VNC_unassigned_L,,338,2.0710059171597637,5,steering_control
720575941598950556,720575941611056714,2,VNC_IntTct_R,,96,2.083333333333333,3,power_control
720575941598950556,720575941611056714,2,VNC_WTct_L,,96,2.083333333333333,3,power_control
720575941598950556,720575941611056714,1,VNC_WTct_R,,96,1.0416666666666665,3,power_control
720575941598950556,720575941611056714,3,VNC_unassigned_L,,96,3.125,3,power_control
720575941598950556,720575941618008447,2,VNC_WTct_L,,188,1.0638297872340425,1,power_control
720575941598950556,720575941618008447,1,VNC_WTct_R,,188,0.5319148936170213,1,power_control
720575941598950556,720575941632673516,9,VNC_WTct_R,,324,2.7777777777777777,3,power_control
720575941598950556,720575941632673516,4,VNC_unassigned_R,,324,1.2345679012345678,3,power_control
720575941598950556,720575941637958687,3,VNC_WTct_R,,185,1.6216216216216217,1,power_control
720575941598950556,720575941637958687,2,VNC_unassigned_L,,185,1.0810810810810811,1,power_control
720575941598950556,720575941652652561,5,VNC_WTct_L,,158,3.1645569620253164,5,steering_control
720575941598950556,720575941652652561,1,VNC_unassigned_R,,158,0.6329113924050633,5,steering_control
720575941598950556,720575941662295352,3,VNC_WTct_R,,150,2.0,2,steering_control
720575941598950556,720575941663489404,3,VNC_WTct_R,,104,2.8846153846153846,5,steering_control
720575941598950556,720575941669049587,2,VNC_HTct_R,,293,0.6825938566552902,1,power_control
720575941598950556,720575941669049587,2,VNC_IntTct_L,,293,0.6825938566552902,1,power_control
720575941598950556,720575941669049587,8,VNC_WTct_L,,293,2.7303754266211606,1,power_control
720575941598950556,720575941669049587,10,VNC_WTct_R,,293,3.4129692832764507,1,power_control
720575941598950556,720575941669049587,2,VNC_unassigned_L,,293,0.6825938566552902,1,power_control
720575941598950556,720575941669049587,4,VNC_unassigned_R,,293,1.3651877133105803,1,power_control
720575941599049152,720575941429556655,9,VNC_IntTct_R,,1452,0.6198347107438017,5,steering_control
720575941599049152,720575941429556655,11,VNC_NTct_R,,1452,0.7575757575757576,5,steering_control
720575941599049152,720575941460885005,2,VNC_HTct_R,,500,0.4,5,steering_control
720575941599049152,720575941464768790,8,VNC_NTct_R,,723,1.1065006915629323,5,steering_control
720575941599049152,720575941492308606,4,VNC_IntTct_R,,529,0.7561436672967864,2,steering_control
720575941599049152,720575941532385624,7,VNC_HTct_R,,460,1.5217391304347827,2,steering_control
720575941599049152,720575941532385624,6,VNC_IntTct_R,,460,1.3043478260869565,2,steering_control
720575941599049152,720575941533761050,3,VNC_IntTct_R,,420,0.7142857142857143,2,steering_control
720575941599049152,720575941557294095,3,VNC_IntTct_R,,479,0.6263048016701461,2,steering_control
720575941599049152,720575941566956532,4,VNC_IntTct_R,,460,0.8695652173913043,2,steering_control
720575941599049152,720575941612611993,4,VNC_IntTct_R,,55,7.2727272727272725,5,steering_control
720575941600878377,720575941399309603,2,VNC_HTct_L,,484,0.4132231404958678,2,steering_control
720575941600878377,720575941399309603,3,VNC_WTct_L,,484,0.6198347107438017,2,steering_control
720575941600878377,720575941410007663,4,VNC_HTct_L,,186,2.1505376344086025,5,steering_control
720575941600878377,720575941410007663,2,VNC_IntTct_L,,186,1.0752688172043012,5,steering_control
720575941600878377,720575941410007663,1,VNC_WTct_L,,186,0.5376344086021506,5,steering_control
720575941600878377,720575941414326161,3,VNC_IntTct_L,,343,0.8746355685131195,5,steering_control
720575941600878377,720575941428238840,11,VNC_HTct_L,,143,7.6923076923076925,4,steering_control
720575941600878377,720575941430842209,2,VNC_ANm_L,,134,1.4925373134328357,2,steering_control
720575941600878377,720575941430842209,6,VNC_HTct_L,,134,4.477611940298507,2,steering_control
720575941600878377,720575941447013813,15,VNC_HTct_L,,962,1.5592515592515594,5,steering_control
720575941600878377,720575941459514512,18,VNC_HTct_L,,755,2.384105960264901,5,steering_control
720575941600878377,720575941464073558,10,VNC_HTct_L,,785,1.2738853503184715,5,steering_control
720575941600878377,720575941464073558,5,VNC_IntTct_L,,785,0.6369426751592357,5,steering_control
720575941600878377,720575941470474763,11,VNC_HTct_L,,225,4.888888888888889,5,steering_control
720575941600878377,720575941470474763,1,VNC_IntTct_L,,225,0.4444444444444444,5,steering_control
720575941600878377,720575941470474763,6,VNC_WTct_L,,225,2.666666666666667,5,steering_control
720575941600878377,720575941471203447,4,VNC_HTct_L,,395,1.0126582278481013,2,steering_control
720575941600878377,720575941473850720,7,VNC_IntTct_L,,1212,0.5775577557755776,5,steering_control
720575941600878377,720575941473850720,5,VNC_NTct_L,,1212,0.4125412541254125,5,steering_control
720575941600878377,720575941474786625,4,VNC_HTct_L,,305,1.3114754098360655,2,steering_control
720575941600878377,720575941479098819,2,VNC_WTct_L,,334,0.5988023952095809,2,steering_control
720575941600878377,720575941490804656,4,VNC_HTct_L,,149,2.684563758389262,2,steering_control
720575941600878377,720575941501786930,2,VNC_WTct_L,,434,0.4608294930875576,5,steering_control
720575941600878377,720575941501848626,1,VNC_IntTct_L,,52,1.9230769230769231,5,steering_control
720575941600878377,720575941501848626,3,VNC_WTct_L,,52,5.769230769230769,5,steering_control
720575941600878377,720575941512798796,10,VNC_HTct_L,,352,2.840909090909091,4,steering_control
720575941600878377,720575941517764824,8,VNC_HTct_L,,625,1.28,5,steering_control
720575941600878377,720575941520331511,8,VNC_HTct_L,,487,1.642710472279261,5,steering_control
720575941600878377,720575941520331511,2,VNC_WTct_L,,487,0.41067761806981523,5,steering_control
720575941600878377,720575941520333047,13,VNC_HTct_L,,936,1.3888888888888888,5,steering_control
720575941600878377,720575941520333047,4,VNC_WTct_L,,936,0.4273504273504274,5,steering_control
720575941600878377,720575941523112439,7,VNC_IntTct_L,,860,0.813953488372093,5,steering_control
720575941600878377,720575941523112439,5,VNC_NTct_L,,860,0.5813953488372093,5,steering_control
720575941600878377,720575941530192843,8,VNC_HTct_L,,192,4.166666666666666,5,steering_control
720575941600878377,720575941533258689,3,VNC_NTct_L,,164,1.8292682926829267,1,power_control
720575941600878377,720575941534709482,6,VNC_HTct_L,,344,1.744186046511628,4,steering_control
720575941600878377,720575941536294293,12,VNC_HTct_L,,307,3.908794788273615,5,steering_control
720575941600878377,720575941536294293,2,VNC_WTct_L,,307,0.6514657980456027,5,steering_control
720575941600878377,720575941537600973,7,VNC_HTct_L,,420,1.6666666666666667,5,steering_control
720575941600878377,720575941537600973,2,VNC_IntTct_L,,420,0.4761904761904762,5,steering_control
720575941600878377,720575941537600973,2,VNC_WTct_L,,420,0.4761904761904762,5,steering_control
720575941600878377,720575941549290495,4,VNC_HTct_L,,115,3.4782608695652173,3,power_control
720575941600878377,720575941549290495,3,VNC_WTct_L,,115,2.608695652173913,3,power_control
720575941600878377,720575941550878087,23,VNC_HTct_L,,1310,1.7557251908396947,4,steering_control
720575941600878377,720575941552622398,4,VNC_IntTct_L,,210,1.9047619047619049,5,steering_control
720575941600878377,720575941561320493,8,VNC_HTct_L,,342,2.3391812865497075,4,steering_control
720575941600878377,720575941579868917,14,VNC_IntTct_L,,1745,0.8022922636103151,5,steering_control
720575941600878377,720575941579868917,12,VNC_NTct_L,,1745,0.6876790830945558,5,steering_control
720575941600878377,720575941579868917,9,VNC_WTct_L,,1745,0.5157593123209169,5,steering_control
720575941600878377,720575941583511518,8,VNC_WTct_L,,537,1.48975791433892,2,steering_control
720575941600878377,720575941591748648,2,VNC_IntTct_L,,248,0.8064516129032258,5,steering_control
720575941600878377,720575941591748648,3,VNC_NTct_L,,248,1.2096774193548387,5,steering_control
720575941600878377,720575941593189489,6,VNC_HTct_L,,193,3.1088082901554404,4,steering_control
720575941600878377,720575941594213927,5,VNC_HTct_L,,104,4.807692307692308,5,steering_control
720575941600878377,720575941595972465,9,VNC_HTct_L,,139,6.474820143884892,4,steering_control
720575941600878377,720575941595972465,1,VNC_WTct_L,,139,0.7194244604316548,4,steering_control
720575941600878377,720575941601088441,7,VNC_HTct_L,,891,0.7856341189674524,5,steering_control
720575941600878377,720575941608861929,2,VNC_IntTct_L,,441,0.45351473922902497,2,steering_control
720575941600878377,720575941611080010,17,VNC_HTct_L,,2397,0.7092198581560284,4,steering_control
720575941600878377,720575941611645203,5,VNC_HTct_L,,116,4.310344827586207,4,steering_control
720575941600878377,720575941621630716,7,VNC_HTct_L,,407,1.71990171990172,4,steering_control
720575941600878377,720575941678358973,30,VNC_HTct_L,,1622,1.8495684340320593,4,steering_control
720575941601297705,720575941456667373,2,VNC_AMNp_R,,321,0.6230529595015576,5,steering_control
720575941601731769,720575941464073558,13,VNC_IntTct_L,,785,1.6560509554140128,5,steering_control
720575941601731769,720575941465484566,21,VNC_IntTct_L,,2567,0.8180755746007012,2,steering_control
720575941601731769,720575941477166622,9,VNC_IntTct_L,,1660,0.5421686746987951,5,steering_control
720575941601731769,720575941517764824,4,VNC_HTct_L,,625,0.64,5,steering_control
720575941601731769,720575941572251144,23,VNC_IntTct_L,,3255,0.706605222734255,2,steering_control
720575941601731769,720575941576941045,5,VNC_IntTct_L,,608,0.8223684210526315,4,steering_control
720575941601731769,720575941630933947,5,VNC_IntTct_L,,704,0.7102272727272727,4,steering_control
720575941602114494,720575941400818723,33,VNC_NTct_L,,1482,2.2267206477732793,5,steering_control
720575941602114494,720575941400818723,10,VNC_unassigned_L,,1482,0.6747638326585695,5,steering_control
720575941602114494,720575941477297716,6,VNC_NTct_L,,889,0.6749156355455568,5,steering_control
720575941602114494,720575941504505157,5,VNC_NTct_L,,225,2.2222222222222223,5,steering_control
720575941602114494,720575941525725954,7,VNC_NTct_L,,667,1.0494752623688157,5,steering_control
720575941602114494,720575941525725954,5,VNC_unassigned_L,,667,0.7496251874062968,5,steering_control
720575941602323897,720575941399253283,2,VNC_IntTct_R,,418,0.4784688995215311,2,steering_control
720575941602323897,720575941399253283,2,VNC_WTct_R,,418,0.4784688995215311,2,steering_control
720575941602323897,720575941447591246,7,VNC_NTct_R,,123,5.691056910569105,1,power_control
720575941602323897,720575941447591246,1,VNC_WTct_R,,123,0.8130081300813009,1,power_control
720575941602323897,720575941458334163,12,VNC_HTct_R,,1380,0.8695652173913043,2,steering_control
720575941602323897,720575941460885005,15,VNC_HTct_R,,500,3.0,5,steering_control
720575941602323897,720575941464768790,22,VNC_IntTct_R,,723,3.0428769017980635,5,steering_control
720575941602323897,720575941464768790,12,VNC_NTct_R,,723,1.6597510373443984,5,steering_control
720575941602323897,720575941470474763,6,VNC_HTct_R,,225,2.666666666666667,5,steering_control
720575941602323897,720575941470474763,13,VNC_WTct_R,,225,5.777777777777778,5,steering_control
720575941602323897,720575941474334779,8,VNC_HTct_R,,883,0.9060022650056626,5,steering_control
720575941602323897,720575941490785712,2,VNC_IntTct_R,,234,0.8547008547008548,5,steering_control
720575941602323897,720575941490785712,1,VNC_NTct_R,,234,0.4273504273504274,5,steering_control
720575941602323897,720575941490785712,2,VNC_WTct_R,,234,0.8547008547008548,5,steering_control
720575941602323897,720575941492308606,8,VNC_HTct_R,,529,1.5122873345935728,2,steering_control
720575941602323897,720575941492308606,7,VNC_IntTct_R,,529,1.3232514177693762,2,steering_control
720575941602323897,720575941495591291,20,VNC_HTct_R,,654,3.058103975535168,5,steering_control
720575941602323897,720575941495591291,7,VNC_IntTct_R,,654,1.0703363914373087,5,steering_control
720575941602323897,720575941496284489,4,VNC_WTct_R,,251,1.593625498007968,4,steering_control
720575941602323897,720575941496830370,28,VNC_HTct_R,,1278,2.190923317683881,4,steering_control
720575941602323897,720575941500983019,2,VNC_IntTct_R,,294,0.6802721088435374,5,steering_control
720575941602323897,720575941500983019,2,VNC_WTct_R,,294,0.6802721088435374,5,steering_control
720575941602323897,720575941501721138,38,VNC_HTct_R,,1210,3.1404958677685952,4,steering_control
720575941602323897,720575941503451301,9,VNC_HTct_R,,2065,0.4358353510895884,2,steering_control
720575941602323897,720575941514065043,3,VNC_HTct_R,,173,1.7341040462427744,5,steering_control
720575941602323897,720575941516527726,4,VNC_HTct_R,,90,4.444444444444445,4,steering_control
720575941602323897,720575941516768472,3,VNC_HTct_R,,290,1.0344827586206897,5,steering_control
720575941602323897,720575941516768472,6,VNC_IntTct_R,,290,2.0689655172413794,5,steering_control
720575941602323897,720575941523692290,18,VNC_HTct_R,,471,3.821656050955414,5,steering_control
720575941602323897,720575941523692290,2,VNC_IntTct_R,,471,0.42462845010615713,5,steering_control
720575941602323897,720575941526355844,4,VNC_WTct_R,,389,1.0282776349614395,5,steering_control
720575941602323897,720575941528944568,21,VNC_HTct_R,,2084,1.0076775431861804,4,steering_control
720575941602323897,720575941530192843,9,VNC_HTct_R,,192,4.6875,5,steering_control
720575941602323897,720575941530192843,1,VNC_NTct_R,,192,0.5208333333333333,5,steering_control
720575941602323897,720575941530192843,8,VNC_WTct_R,,192,4.166666666666666,5,steering_control
720575941602323897,720575941532246762,6,VNC_HTct_R,,1209,0.49627791563275436,5,steering_control
720575941602323897,720575941532246762,33,VNC_IntTct_R,,1209,2.729528535980149,5,steering_control
720575941602323897,720575941532246762,9,VNC_NTct_R,,1209,0.7444168734491315,5,steering_control
720575941602323897,720575941532385624,4,VNC_IntTct_R,,460,0.8695652173913043,2,steering_control
720575941602323897,720575941533864458,2,VNC_HTct_R,,188,1.0638297872340425,5,steering_control
720575941602323897,720575941533864458,1,VNC_WTct_R,,188,0.5319148936170213,5,steering_control
720575941602323897,720575941546491681,13,VNC_HTct_R,,797,1.631116687578419,5,steering_control
720575941602323897,720575941546491681,14,VNC_IntTct_R,,797,1.7565872020075282,5,steering_control
720575941602323897,720575941547226248,3,VNC_HTct_R,,653,0.45941807044410415,5,steering_control
720575941602323897,720575941547226248,3,VNC_IntTct_R,,653,0.45941807044410415,5,steering_control
720575941602323897,720575941547226248,3,VNC_WTct_R,,653,0.45941807044410415,5,steering_control
720575941602323897,720575941549701182,4,VNC_HTct_R,,194,2.0618556701030926,5,steering_control
720575941602323897,720575941549701182,1,VNC_IntTct_R,,194,0.5154639175257731,5,steering_control
720575941602323897,720575941549701182,1,VNC_WTct_R,,194,0.5154639175257731,5,steering_control
720575941602323897,720575941550971783,3,VNC_IntTct_R,,157,1.910828025477707,5,steering_control
720575941602323897,720575941550971783,5,VNC_WTct_R,,157,3.1847133757961785,5,steering_control
720575941602323897,720575941557612915,45,VNC_HTct_R,,4206,1.0699001426533523,2,steering_control
720575941602323897,720575941559261555,6,VNC_HTct_R,,210,2.857142857142857,4,steering_control
720575941602323897,720575941559261555,1,VNC_WTct_R,,210,0.4761904761904762,4,steering_control
720575941602323897,720575941566956532,4,VNC_WTct_R,,460,0.8695652173913043,2,steering_control
720575941602323897,720575941571499515,3,VNC_HTct_R,,371,0.8086253369272237,5,steering_control
720575941602323897,720575941571499515,2,VNC_WTct_R,,371,0.5390835579514826,5,steering_control
720575941602323897,720575941574155003,12,VNC_HTct_R,,510,2.3529411764705883,3,power_control
720575941602323897,720575941576984821,3,VNC_HTct_R,,234,1.282051282051282,2,steering_control
720575941602323897,720575941592149718,3,VNC_HTct_R,,230,1.3043478260869565,5,steering_control
720575941602323897,720575941594515158,4,VNC_HTct_R,,231,1.7316017316017316,5,steering_control
720575941602323897,720575941601153270,15,VNC_HTct_R,,661,2.26928895612708,5,steering_control
720575941602323897,720575941605598061,4,VNC_HTct_R,,290,1.3793103448275863,4,steering_control
720575941602323897,720575941607605101,9,VNC_IntTct_R,,1411,0.6378454996456413,5,steering_control
720575941602323897,720575941608817897,2,VNC_HTct_R,,286,0.6993006993006993,2,steering_control
720575941602323897,720575941608817897,2,VNC_WTct_R,,286,0.6993006993006993,2,steering_control
720575941602323897,720575941608991050,16,VNC_HTct_R,,3212,0.49813200498132004,2,steering_control
720575941602323897,720575941608991050,13,VNC_IntTct_R,,3212,0.4047322540473225,2,steering_control
720575941602323897,720575941609001034,5,VNC_NTct_R,,563,0.8880994671403196,5,steering_control
720575941602323897,720575941652038421,4,VNC_HTct_R,,142,2.8169014084507045,4,steering_control
720575941602323897,720575941652314841,3,VNC_WTct_R,,228,1.3157894736842104,4,steering_control
720575941602323897,720575941659696184,18,VNC_HTct_R,,840,2.142857142857143,5,steering_control
720575941602323897,720575941659696184,6,VNC_WTct_R,,840,0.7142857142857143,5,steering_control
720575941602323897,720575941687863515,4,VNC_HTct_R,,289,1.384083044982699,2,steering_control
720575941602726078,720575941441228735,4,VNC_NTct_L,,325,1.2307692307692308,4,steering_control
720575941602726078,720575941477166622,9,VNC_IntTct_L,,1660,0.5421686746987951,5,steering_control
720575941603744697,720575941550948231,2,VNC_WTct_L,,337,0.5934718100890208,5,steering_control
720575941603744697,720575941558635053,3,VNC_WTct_L,,589,0.5093378607809848,5,steering_control
720575941603744697,720575941562043392,4,VNC_WTct_L,,720,0.5555555555555556,5,steering_control
720575941604343225,720575941623347099,5,VNC_IntTct_R,,455,1.098901098901099,2,steering_control
720575941604343225,720575941630933947,3,VNC_IntTct_R,,704,0.4261363636363636,4,steering_control
720575941604343737,720575941518434227,4,VNC_WTct_L,,748,0.53475935828877,1,power_control
720575941604343737,720575941532432618,3,VNC_WTct_R,,374,0.8021390374331552,5,steering_control
720575941604343737,720575941554049307,5,VNC_WTct_R,,637,0.7849293563579277,1,power_control
720575941604343737,720575941669049587,3,VNC_IntTct_R,,293,1.023890784982935,1,power_control
720575941604343737,720575941669049587,2,VNC_WTct_R,,293,0.6825938566552902,1,power_control
720575941604585662,720575941488475598,3,VNC_IntTct_R,,276,1.0869565217391304,4,steering_control
720575941604585662,720575941498935777,24,VNC_IntTct_R,,1338,1.7937219730941705,5,steering_control
720575941604585662,720575941551443610,3,VNC_IntTct_R,,168,1.7857142857142856,2,steering_control
720575941604982462,720575941576941045,3,VNC_IntTct_R,,608,0.4934210526315789,4,steering_control
720575941604982462,720575941609001034,3,VNC_NTct_R,,563,0.5328596802841918,5,steering_control
720575941606629485,720575941554439251,2,VNC_IntTct_L,,196,1.0204081632653061,4,steering_control
720575941606629485,720575941554439251,2,VNC_NTct_L,,196,1.0204081632653061,4,steering_control
720575941606629485,720575941554439251,1,VNC_WTct_L,,196,0.5102040816326531,4,steering_control
720575941606629485,720575941571524872,2,VNC_IntTct_L,,189,1.0582010582010581,1,power_control
720575941606629485,720575941571524872,2,VNC_NTct_L,,189,1.0582010582010581,1,power_control
720575941606629485,720575941571524872,2,VNC_WTct_L,,189,1.0582010582010581,1,power_control
720575941607693421,720575941503638578,5,VNC_IntTct_R,,455,1.098901098901099,4,steering_control
720575941607693421,720575941503638578,3,VNC_LTct_R,,455,0.6593406593406593,4,steering_control
720575941607693421,720575941521031927,3,VNC_T2_MesoNm_R,,329,0.911854103343465,5,steering_control
720575941607693421,720575941583646430,6,VNC_IntTct_R,,386,1.5544041450777202,5,steering_control
720575941607693421,720575941583646430,3,VNC_LTct_R,,386,0.7772020725388601,5,steering_control
720575941607693421,720575941583646430,2,VNC_T1_ProNm_R,,386,0.5181347150259068,5,steering_control
720575941607693421,720575941583646430,3,VNC_T2_MesoNm_R,,386,0.7772020725388601,5,steering_control
720575941607693421,720575941625963419,22,VNC_IntTct_R,,1186,1.854974704890388,5,steering_control
720575941607693421,720575941625963419,16,VNC_LTct_R,,1186,1.3490725126475547,5,steering_control
720575941607693421,720575941625963419,12,VNC_T2_MesoNm_R,,1186,1.0118043844856661,5,steering_control
720575941608733673,720575941441228735,3,VNC_NTct_L,,325,0.9230769230769231,4,steering_control
720575941608733673,720575941477166622,9,VNC_IntTct_L,,1660,0.5421686746987951,5,steering_control
720575941608733673,720575941477166622,7,VNC_NTct_L,,1660,0.42168674698795183,5,steering_control
720575941608733673,720575941583511518,3,VNC_IntTct_L,,537,0.5586592178770949,2,steering_control
720575941609235302,720575941436996882,11,VNC_IntTct_R,,766,1.4360313315926894,5,steering_control
720575941609235302,720575941456348575,6,VNC_IntTct_R,,1369,0.4382761139517896,5,steering_control
720575941609235302,720575941458334163,6,VNC_HTct_R,,1380,0.43478260869565216,2,steering_control
720575941609235302,720575941477884802,10,VNC_HTct_R,,995,1.0050251256281406,5,steering_control
720575941609235302,720575941483838349,3,VNC_HTct_R,,256,1.171875,2,steering_control
720575941609235302,720575941503451301,12,VNC_HTct_R,,2065,0.5811138014527845,2,steering_control
720575941609235302,720575941503451301,11,VNC_IntTct_R,,2065,0.5326876513317191,2,steering_control
720575941609235302,720575941540246909,4,VNC_HTct_R,,232,1.7241379310344827,2,steering_control
720575941609235302,720575941540246909,3,VNC_IntTct_R,,232,1.293103448275862,2,steering_control
720575941609235302,720575941564034614,3,VNC_HTct_R,,116,2.586206896551724,5,steering_control
720575941609235302,720575941574184699,2,VNC_IntTct_R,,239,0.8368200836820083,1,power_control
720575941609235302,720575941574184699,2,VNC_LTct_R,,239,0.8368200836820083,1,power_control
720575941609235302,720575941608991050,24,VNC_HTct_R,,3212,0.7471980074719801,2,steering_control
720575941609235302,720575941608991050,13,VNC_IntTct_R,,3212,0.4047322540473225,2,steering_control
720575941609235302,720575941623347099,5,VNC_IntTct_R,,455,1.098901098901099,2,steering_control
720575941609747430,720575941449065565,1,VNC_HTct_R,,171,0.5847953216374269,5,steering_control
720575941609747430,720575941449065565,2,VNC_WTct_R,,171,1.1695906432748537,5,steering_control
720575941609747430,720575941474334779,9,VNC_HTct_R,,883,1.0192525481313703,5,steering_control
720575941609747430,720575941474437681,2,VNC_IntTct_R,,297,0.6734006734006733,5,steering_control
720575941609747430,720575941474437681,2,VNC_unassigned_R,,297,0.6734006734006733,5,steering_control
720575941609747430,720575941503451301,14,VNC_HTct_R,,2065,0.6779661016949152,2,steering_control
720575941609747430,720575941557612915,21,VNC_HTct_R,,4206,0.4992867332382311,2,steering_control
720575941609747430,720575941625932682,2,VNC_IntTct_R,,274,0.7299270072992701,5,steering_control
720575941609747430,720575941625932682,3,VNC_WTct_R,,274,1.094890510948905,5,steering_control
720575941609747430,720575941663099516,4,VNC_HTct_R,,343,1.1661807580174928,5,steering_control
720575941609747430,720575941663099516,3,VNC_WTct_R,,343,0.8746355685131195,5,steering_control
720575941610213478,720575941625932682,3,VNC_IntTct_R,,274,1.094890510948905,5,steering_control
720575941610213478,720575941649244437,4,VNC_IntTct_R,,802,0.4987531172069825,5,steering_control
720575941610917037,720575941401776931,4,VNC_T1_ProNm_R,,935,0.42780748663101603,5,steering_control
720575941611082826,720575941631436524,4,VNC_WTct_R,,801,0.4993757802746567,5,steering_control
720575941611136476,720575941429556655,17,VNC_NTct_R,,1452,1.1707988980716253,5,steering_control
720575941611791590,720575941401776931,8,VNC_LTct_L,,935,0.8556149732620321,5,steering_control
720575941611791590,720575941457802480,13,VNC_LTct_L,,1611,0.8069522036002483,5,steering_control
720575941611791590,720575941558635053,3,VNC_LTct_L,,589,0.5093378607809848,5,steering_control
720575941611791590,720575941569652638,2,VNC_IntTct_L,,354,0.5649717514124294,4,steering_control
720575941611791590,720575941569652638,16,VNC_LTct_L,,354,4.519774011299435,4,steering_control
720575941611791590,720575941619873663,8,VNC_IntTct_L,,920,0.8695652173913043,2,steering_control
720575941611791590,720575941623972251,7,VNC_LTct_L,,1714,0.40840140023337224,2,steering_control
720575941611791590,720575941632901829,7,VNC_LTct_L,,523,1.338432122370937,5,steering_control
720575941611992493,720575941414508948,13,VNC_IntTct_R,,2237,0.581135449262405,3,power_control
720575941611992493,720575941474437681,9,VNC_HTct_L,,297,3.0303030303030303,5,steering_control
720575941611992493,720575941474437681,4,VNC_HTct_R,,297,1.3468013468013467,5,steering_control
720575941611992493,720575941474437681,4,VNC_IntTct_R,,297,1.3468013468013467,5,steering_control
720575941611992493,720575941483838349,3,VNC_HTct_R,,256,1.171875,2,steering_control
720575941611992493,720575941492354174,2,VNC_HTct_R,,140,1.4285714285714286,5,steering_control
720575941611992493,720575941492354174,1,VNC_WTct_R,,140,0.7142857142857143,5,steering_control
720575941611992493,720575941495591291,4,VNC_HTct_R,,654,0.6116207951070336,5,steering_control
720575941611992493,720575941495591291,4,VNC_IntTct_R,,654,0.6116207951070336,5,steering_control
720575941611992493,720575941520333047,6,VNC_HTct_L,,936,0.641025641025641,5,steering_control
720575941611992493,720575941521986227,3,VNC_HTct_L,,306,0.9803921568627451,5,steering_control
720575941611992493,720575941521986227,6,VNC_HTct_R,,306,1.9607843137254901,5,steering_control
720575941611992493,720575941521986227,2,VNC_IntTct_R,,306,0.6535947712418301,5,steering_control
720575941611992493,720575941549701182,3,VNC_HTct_R,,194,1.5463917525773196,5,steering_control
720575941611992493,720575941549701182,1,VNC_unassigned_R,,194,0.5154639175257731,5,steering_control
720575941611992493,720575941552622398,1,VNC_HTct_L,,210,0.4761904761904762,5,steering_control
720575941611992493,720575941552622398,4,VNC_HTct_R,,210,1.9047619047619049,5,steering_control
720575941611992493,720575941552622398,2,VNC_IntTct_L,,210,0.9523809523809524,5,steering_control
720575941611992493,720575941574155003,3,VNC_unassigned_R,,510,0.5882352941176471,3,power_control
720575941611992493,720575941601088441,12,VNC_HTct_L,,891,1.3468013468013467,5,steering_control
720575941611992493,720575941619873663,8,VNC_HTct_L,,920,0.8695652173913043,2,steering_control
720575941611992493,720575941619873663,4,VNC_HTct_R,,920,0.43478260869565216,2,steering_control
720575941611992493,720575941625932682,3,VNC_HTct_R,,274,1.094890510948905,5,steering_control
720575941611992493,720575941659696184,6,VNC_HTct_R,,840,0.7142857142857143,5,steering_control
720575941611992493,720575941663099516,3,VNC_HTct_L,,343,0.8746355685131195,5,steering_control
720575941611992493,720575941663099516,3,VNC_HTct_R,,343,0.8746355685131195,5,steering_control
720575941611992493,720575941663099516,6,VNC_IntTct_L,,343,1.749271137026239,5,steering_control
720575941611992493,720575941663099516,3,VNC_WTct_L,,343,0.8746355685131195,5,steering_control
720575941611992493,720575941663099516,2,VNC_WTct_R,,343,0.5830903790087464,5,steering_control
720575941611992493,720575941684876527,2,VNC_HTct_L,,218,0.9174311926605505,5,steering_control
720575941611992493,720575941684876527,1,VNC_HTct_R,,218,0.45871559633027525,5,steering_control
720575941612039142,720575941401776931,7,VNC_HTct_R,,935,0.7486631016042781,5,steering_control
720575941612039142,720575941414508948,12,VNC_IntTct_R,,2237,0.5364327223960662,3,power_control
720575941612039142,720575941449065565,5,VNC_NTct_L,,171,2.923976608187134,5,steering_control
720575941612039142,720575941449065565,1,VNC_WTct_R,,171,0.5847953216374269,5,steering_control
720575941612039142,720575941474437681,2,VNC_HTct_L,,297,0.6734006734006733,5,steering_control
720575941612039142,720575941474437681,4,VNC_IntTct_L,,297,1.3468013468013467,5,steering_control
720575941612039142,720575941483838349,2,VNC_HTct_L,,256,0.78125,2,steering_control
720575941612039142,720575941492354174,1,VNC_HTct_L,,140,0.7142857142857143,5,steering_control
720575941612039142,720575941492354174,2,VNC_HTct_R,,140,1.4285714285714286,5,steering_control
720575941612039142,720575941521986227,3,VNC_HTct_R,,306,0.9803921568627451,5,steering_control
720575941612039142,720575941521986227,2,VNC_IntTct_L,,306,0.6535947712418301,5,steering_control
720575941612039142,720575941521986227,5,VNC_IntTct_R,,306,1.6339869281045754,5,steering_control
720575941612039142,720575941521986227,2,VNC_NTct_R,,306,0.6535947712418301,5,steering_control
720575941612039142,720575941526701412,8,VNC_HTct_L,,606,1.3201320132013201,5,steering_control
720575941612039142,720575941549701182,2,VNC_HTct_R,,194,1.0309278350515463,5,steering_control
720575941612039142,720575941549701182,3,VNC_IntTct_R,,194,1.5463917525773196,5,steering_control
720575941612039142,720575941549701182,1,VNC_WTct_R,,194,0.5154639175257731,5,steering_control
720575941612039142,720575941552622398,2,VNC_HTct_L,,210,0.9523809523809524,5,steering_control
720575941612039142,720575941552622398,1,VNC_HTct_R,,210,0.4761904761904762,5,steering_control
720575941612039142,720575941552622398,1,VNC_IntTct_R,,210,0.4761904761904762,5,steering_control
720575941612039142,720575941607605101,6,VNC_IntTct_R,,1411,0.42523033309709424,5,steering_control
720575941612039142,720575941619873663,9,VNC_HTct_L,,920,0.9782608695652175,2,steering_control
720575941612039142,720575941625932682,5,VNC_IntTct_L,,274,1.824817518248175,5,steering_control
720575941612039142,720575941625932682,2,VNC_IntTct_R,,274,0.7299270072992701,5,steering_control
720575941612039142,720575941625932682,2,VNC_NTct_L,,274,0.7299270072992701,5,steering_control
720575941612039142,720575941663099516,5,VNC_HTct_R,,343,1.4577259475218658,5,steering_control
720575941612039142,720575941663099516,7,VNC_IntTct_R,,343,2.0408163265306123,5,steering_control
720575941612039142,720575941663099516,4,VNC_NTct_R,,343,1.1661807580174928,5,steering_control
720575941612039142,720575941684876527,3,VNC_HTct_R,,218,1.3761467889908259,5,steering_control
720575941612039142,720575941684876527,2,VNC_IntTct_L,,218,0.9174311926605505,5,steering_control
720575941612044518,720575941393490326,3,VNC_HTct_L,,100,3.0,2,steering_control
720575941612044518,720575941399309603,4,VNC_HTct_L,,484,0.8264462809917356,2,steering_control
720575941612044518,720575941399309603,3,VNC_IntTct_L,,484,0.6198347107438017,2,steering_control
720575941612044518,720575941412323473,3,VNC_IntTct_L,,466,0.6437768240343348,2,steering_control
720575941612044518,720575941414326161,3,VNC_HTct_L,,343,0.8746355685131195,5,steering_control
720575941612044518,720575941414326161,2,VNC_IntTct_L,,343,0.5830903790087464,5,steering_control
720575941612044518,720575941428238840,3,VNC_HTct_L,,143,2.097902097902098,4,steering_control
720575941612044518,720575941430842209,14,VNC_HTct_L,,134,10.44776119402985,2,steering_control
720575941612044518,720575941447013813,14,VNC_HTct_L,,962,1.4553014553014554,5,steering_control
720575941612044518,720575941447786574,3,VNC_HTct_L,,180,1.6666666666666667,2,steering_control
720575941612044518,720575941452164915,2,VNC_HTct_L,,170,1.1764705882352942,2,steering_control
720575941612044518,720575941452164915,1,VNC_WTct_L,,170,0.5882352941176471,2,steering_control
720575941612044518,720575941459514512,23,VNC_HTct_L,,755,3.0463576158940397,5,steering_control
720575941612044518,720575941464073558,12,VNC_HTct_L,,785,1.5286624203821657,5,steering_control
720575941612044518,720575941464073558,12,VNC_IntTct_L,,785,1.5286624203821657,5,steering_control
720575941612044518,720575941465484566,33,VNC_HTct_L,,2567,1.2855473315153876,2,steering_control
720575941612044518,720575941470474763,1,VNC_HTct_L,,225,0.4444444444444444,5,steering_control
720575941612044518,720575941470474763,6,VNC_WTct_L,,225,2.666666666666667,5,steering_control
720575941612044518,720575941473850720,10,VNC_HTct_L,,1212,0.825082508250825,5,steering_control
720575941612044518,720575941473850720,15,VNC_IntTct_L,,1212,1.2376237623762376,5,steering_control
720575941612044518,720575941473850720,8,VNC_NTct_L,,1212,0.6600660066006601,5,steering_control
720575941612044518,720575941479098819,3,VNC_HTct_L,,334,0.8982035928143712,2,steering_control
720575941612044518,720575941496878498,3,VNC_HTct_L,,171,1.7543859649122806,5,steering_control
720575941612044518,720575941496878498,7,VNC_IntTct_L,,171,4.093567251461988,5,steering_control
720575941612044518,720575941501786930,4,VNC_HTct_L,,434,0.9216589861751152,5,steering_control
720575941612044518,720575941501786930,2,VNC_IntTct_L,,434,0.4608294930875576,5,steering_control
720575941612044518,720575941501786930,2,VNC_WTct_L,,434,0.4608294930875576,5,steering_control
720575941612044518,720575941512798796,4,VNC_HTct_L,,352,1.1363636363636365,4,steering_control
720575941612044518,720575941517764824,20,VNC_HTct_L,,625,3.2,5,steering_control
720575941612044518,720575941518416238,3,VNC_HTct_L,,100,3.0,4,steering_control
720575941612044518,720575941520331511,3,VNC_HTct_L,,487,0.6160164271047228,5,steering_control
720575941612044518,720575941520331511,3,VNC_WTct_L,,487,0.6160164271047228,5,steering_control
720575941612044518,720575941520333047,18,VNC_HTct_L,,936,1.9230769230769231,5,steering_control
720575941612044518,720575941520333047,6,VNC_IntTct_L,,936,0.641025641025641,5,steering_control
720575941612044518,720575941520333047,12,VNC_WTct_L,,936,1.282051282051282,5,steering_control
720575941612044518,720575941523112439,18,VNC_IntTct_L,,860,2.0930232558139537,5,steering_control
720575941612044518,720575941523112439,22,VNC_NTct_L,,860,2.558139534883721,5,steering_control
720575941612044518,720575941530192843,5,VNC_HTct_L,,192,2.604166666666667,5,steering_control
720575941612044518,720575941530192843,3,VNC_WTct_L,,192,1.5625,5,steering_control
720575941612044518,720575941533258689,4,VNC_NTct_L,,164,2.4390243902439024,1,power_control
720575941612044518,720575941534709482,6,VNC_HTct_L,,344,1.744186046511628,4,steering_control
720575941612044518,720575941536294293,2,VNC_HTct_L,,307,0.6514657980456027,5,steering_control
720575941612044518,720575941536294293,8,VNC_IntTct_L,,307,2.6058631921824107,5,steering_control
720575941612044518,720575941536294293,2,VNC_WTct_L,,307,0.6514657980456027,5,steering_control
720575941612044518,720575941549283839,4,VNC_HTct_L,,303,1.3201320132013201,2,steering_control
720575941612044518,720575941549386239,2,VNC_HTct_L,,409,0.4889975550122249,2,steering_control
720575941612044518,720575941549394687,3,VNC_HTct_L,,280,1.0714285714285714,4,steering_control
720575941612044518,720575941550878087,32,VNC_HTct_L,,1310,2.4427480916030535,4,steering_control
720575941612044518,720575941552622398,4,VNC_HTct_L,,210,1.9047619047619049,5,steering_control
720575941612044518,720575941561320493,3,VNC_HTct_L,,342,0.8771929824561403,4,steering_control
720575941612044518,720575941572251144,25,VNC_HTct_L,,3255,0.7680491551459293,2,steering_control
720575941612044518,720575941579868917,19,VNC_IntTct_L,,1745,1.0888252148997135,5,steering_control
720575941612044518,720575941579868917,18,VNC_NTct_L,,1745,1.0315186246418337,5,steering_control
720575941612044518,720575941581683039,3,VNC_WTct_L,,228,1.3157894736842104,1,power_control
720575941612044518,720575941583511518,3,VNC_IntTct_L,,537,0.5586592178770949,2,steering_control
720575941612044518,720575941583511518,6,VNC_WTct_L,,537,1.1173184357541899,2,steering_control
720575941612044518,720575941588018942,3,VNC_HTct_L,,333,0.9009009009009009,5,steering_control
720575941612044518,720575941601088441,35,VNC_HTct_L,,891,3.928170594837262,5,steering_control
720575941612044518,720575941608861929,2,VNC_IntTct_L,,441,0.45351473922902497,2,steering_control
720575941612044518,720575941610583260,4,VNC_HTct_L,,209,1.9138755980861244,2,steering_control
720575941612044518,720575941611080010,38,VNC_HTct_L,,2397,1.5853149770546515,4,steering_control
720575941612044518,720575941621630716,6,VNC_HTct_L,,407,1.4742014742014742,4,steering_control
720575941612044518,720575941630748859,31,VNC_HTct_L,,1573,1.9707565162110616,2,steering_control
720575941612044518,720575941650775313,3,VNC_IntTct_L,,456,0.6578947368421052,2,steering_control
720575941612044518,720575941659675704,5,VNC_HTct_L,,277,1.8050541516245486,2,steering_control
720575941612044518,720575941678358973,47,VNC_HTct_L,,1622,2.8976572133168927,4,steering_control
720575941612058982,720575941688644470,6,VNC_ANm_R,,422,1.4218009478672986,5,steering_control
720575941612195501,720575941431072137,3,VNC_WTct_L,,55,5.454545454545454,3,power_control
720575941612195501,720575941438261845,13,VNC_WTct_L,,219,5.93607305936073,5,steering_control
720575941612195501,720575941485775110,3,VNC_WTct_L,,283,1.0600706713780919,5,steering_control
720575941612195501,720575941530192843,3,VNC_WTct_L,,192,1.5625,5,steering_control
720575941612195501,720575941536708323,3,VNC_WTct_L,,339,0.8849557522123894,3,power_control
720575941612195501,720575941537796989,6,VNC_unassigned_L,,1084,0.5535055350553505,5,steering_control
720575941612195501,720575941561308818,9,VNC_WTct_L,,379,2.3746701846965697,1,power_control
720575941612195501,720575941562464866,7,VNC_WTct_L,,343,2.0408163265306123,3,power_control
720575941612195501,720575941563314486,4,VNC_WTct_L,,179,2.2346368715083798,5,steering_control
720575941612195501,720575941563314486,1,VNC_unassigned_L,,179,0.5586592178770949,5,steering_control
720575941612195501,720575941571427323,10,VNC_WTct_L,,380,2.631578947368421,3,power_control
720575941612195501,720575941571904669,2,VNC_WTct_L,,75,2.666666666666667,3,power_control
720575941612195501,720575941571904669,1,VNC_unassigned_L,,75,1.3333333333333335,3,power_control
720575941612195501,720575941575696217,9,VNC_WTct_L,,458,1.9650655021834063,1,power_control
720575941612286428,720575941456348575,6,VNC_HTct_R,,1369,0.4382761139517896,5,steering_control
720575941612286428,720575941456348575,7,VNC_IntTct_R,,1369,0.5113221329437546,5,steering_control
720575941612286428,720575941458334163,12,VNC_HTct_R,,1380,0.8695652173913043,2,steering_control
720575941612286428,720575941487910608,3,VNC_HTct_R,,190,1.5789473684210527,5,steering_control
720575941612286428,720575941503451301,13,VNC_HTct_R,,2065,0.6295399515738499,2,steering_control
720575941612286428,720575941503451301,10,VNC_IntTct_R,,2065,0.48426150121065376,2,steering_control
720575941612286428,720575941574184699,4,VNC_IntTct_R,,239,1.6736401673640167,1,power_control
720575941612286428,720575941583254918,3,VNC_HTct_R,,331,0.906344410876133,2,steering_control
720575941612286428,720575941608991050,23,VNC_HTct_R,,3212,0.7160647571606475,2,steering_control
720575941612321382,720575941490785712,1,VNC_IntTct_R,,234,0.4273504273504274,5,steering_control
720575941612321382,720575941490785712,4,VNC_WTct_L,,234,1.7094017094017095,5,steering_control
720575941612321382,720575941549386239,2,VNC_IntTct_L,,409,0.4889975550122249,2,steering_control
720575941613418716,720575941484048390,7,VNC_NTct_R,,222,3.153153153153153,5,steering_control
720575941613418716,720575941609001034,20,VNC_NTct_R,,563,3.5523978685612785,5,steering_control
720575941614483475,720575941474704948,6,VNC_HTct_R,,186,3.225806451612903,5,steering_control
720575941614483475,720575941576941045,3,VNC_IntTct_R,,608,0.4934210526315789,4,steering_control
720575941614483475,720575941583254918,4,VNC_IntTct_R,,331,1.2084592145015105,2,steering_control
720575941615336601,720575941414456212,7,VNC_T2_MesoNm_L,,675,1.037037037037037,5,steering_control
720575941615534489,720575941489037031,4,VNC_WTct_R,,449,0.8908685968819599,5,steering_control
720575941618366079,720575941400818723,9,VNC_IntTct_L,,1482,0.6072874493927125,5,steering_control
720575941618366079,720575941400818723,11,VNC_NTct_L,,1482,0.7422402159244265,5,steering_control
720575941618366079,720575941402032240,2,VNC_WTct_R,,324,0.6172839506172839,1,power_control
720575941618366079,720575941408509867,3,VNC_WTct_L,,434,0.6912442396313364,1,power_control
720575941618366079,720575941415476252,2,VNC_HTct_R,,400,0.5,1,power_control
720575941618366079,720575941415476252,12,VNC_WTct_R,,400,3.0,1,power_control
720575941618366079,720575941431311575,9,VNC_HTct_L,,1416,0.6355932203389831,5,steering_control
720575941618366079,720575941431311575,13,VNC_WTct_L,,1416,0.9180790960451978,5,steering_control
720575941618366079,720575941439197269,3,VNC_WTct_L,,197,1.5228426395939088,3,power_control
720575941618366079,720575941456678893,16,VNC_NTct_L,,924,1.7316017316017316,5,steering_control
720575941618366079,720575941456678893,8,VNC_WTct_L,,924,0.8658008658008658,5,steering_control
720575941618366079,720575941458334163,7,VNC_HTct_R,,1380,0.5072463768115941,2,steering_control
720575941618366079,720575941459883846,5,VNC_WTct_R,,270,1.8518518518518516,1,power_control
720575941618366079,720575941465484566,24,VNC_HTct_L,,2567,0.9349435138293729,2,steering_control
720575941618366079,720575941472042282,1,VNC_IntTct_L,,143,0.6993006993006993,1,power_control
720575941618366079,720575941472042282,1,VNC_IntTct_R,,143,0.6993006993006993,1,power_control
720575941618366079,720575941472042282,4,VNC_NTct_L,,143,2.797202797202797,1,power_control
720575941618366079,720575941472042282,1,VNC_WTct_L,,143,0.6993006993006993,1,power_control
720575941618366079,720575941472042282,3,VNC_WTct_R,,143,2.097902097902098,1,power_control
720575941618366079,720575941473850720,9,VNC_IntTct_L,,1212,0.7425742574257426,5,steering_control
720575941618366079,720575941473850720,11,VNC_NTct_L,,1212,0.9075907590759077,5,steering_control
720575941618366079,720575941474394673,2,VNC_HTct_L,,168,1.1904761904761905,4,steering_control
720575941618366079,720575941474394673,1,VNC_WTct_L,,168,0.5952380952380952,4,steering_control
720575941618366079,720575941485775110,2,VNC_HTct_L,,283,0.7067137809187279,5,steering_control
720575941618366079,720575941485775110,3,VNC_WTct_L,,283,1.0600706713780919,5,steering_control
720575941618366079,720575941488675276,3,VNC_HTct_R,,378,0.7936507936507936,2,steering_control
720575941618366079,720575941489037031,3,VNC_WTct_L,,449,0.6681514476614699,5,steering_control
720575941618366079,720575941490785712,1,VNC_IntTct_L,,234,0.4273504273504274,5,steering_control
720575941618366079,720575941490785712,3,VNC_NTct_L,,234,1.282051282051282,5,steering_control
720575941618366079,720575941490785712,1,VNC_NTct_R,,234,0.4273504273504274,5,steering_control
720575941618366079,720575941490785712,1,VNC_WTct_R,,234,0.4273504273504274,5,steering_control
720575941618366079,720575941496915618,3,VNC_HTct_R,,236,1.2711864406779663,5,steering_control
720575941618366079,720575941500845035,1,VNC_HTct_L,,245,0.40816326530612246,5,steering_control
720575941618366079,720575941500845035,1,VNC_HTct_R,,245,0.40816326530612246,5,steering_control
720575941618366079,720575941500845035,1,VNC_WTct_L,,245,0.40816326530612246,5,steering_control
720575941618366079,720575941500845035,3,VNC_WTct_R,,245,1.2244897959183674,5,steering_control
720575941618366079,720575941500983019,2,VNC_HTct_L,,294,0.6802721088435374,5,steering_control
720575941618366079,720575941500983019,2,VNC_HTct_R,,294,0.6802721088435374,5,steering_control
720575941618366079,720575941500983019,10,VNC_WTct_L,,294,3.4013605442176873,5,steering_control
720575941618366079,720575941501842626,3,VNC_WTct_L,,350,0.8571428571428572,5,steering_control
720575941618366079,720575941503451301,10,VNC_HTct_R,,2065,0.48426150121065376,2,steering_control
720575941618366079,720575941503667109,2,VNC_HTct_R,,348,0.5747126436781609,1,power_control
720575941618366079,720575941503667109,4,VNC_unassigned_R,,348,1.1494252873563218,1,power_control
720575941618366079,720575941504456386,10,VNC_WTct_L,,264,3.787878787878788,1,power_control
720575941618366079,720575941515619939,3,VNC_WTct_L,,346,0.8670520231213872,1,power_control
720575941618366079,720575941516099500,4,VNC_IntTct_L,,769,0.5201560468140443,1,power_control
720575941618366079,720575941516099500,7,VNC_WTct_L,,769,0.9102730819245773,1,power_control
720575941618366079,720575941517770412,3,VNC_WTct_L,,413,0.7263922518159807,1,power_control
720575941618366079,720575941517770412,4,VNC_WTct_R,,413,0.9685230024213075,1,power_control
720575941618366079,720575941518434227,5,VNC_WTct_L,,748,0.6684491978609626,1,power_control
720575941618366079,720575941519273944,5,VNC_HTct_R,,321,1.557632398753894,5,steering_control
720575941618366079,720575941519273944,8,VNC_WTct_R,,321,2.4922118380062304,5,steering_control
720575941618366079,720575941520064435,3,VNC_HTct_R,,235,1.276595744680851,5,steering_control
720575941618366079,720575941520333047,5,VNC_HTct_L,,936,0.5341880341880342,5,steering_control
720575941618366079,720575941521485643,4,VNC_WTct_L,,295,1.3559322033898304,1,power_control
720575941618366079,720575941526690841,3,VNC_WTct_L,,385,0.7792207792207793,1,power_control
720575941618366079,720575941527099981,9,VNC_HTct_R,,1611,0.5586592178770949,5,steering_control
720575941618366079,720575941527099981,7,VNC_WTct_L,,1611,0.4345127250155183,5,steering_control
720575941618366079,720575941527099981,14,VNC_WTct_R,,1611,0.8690254500310366,5,steering_control
720575941618366079,720575941532432618,2,VNC_HTct_R,,374,0.53475935828877,5,steering_control
720575941618366079,720575941532432618,9,VNC_WTct_R,,374,2.406417112299465,5,steering_control
720575941618366079,720575941543397737,27,VNC_WTct_L,,231,11.688311688311687,1,power_control
720575941618366079,720575941547226248,15,VNC_NTct_L,,653,2.2970903522205206,5,steering_control
720575941618366079,720575941549283839,3,VNC_HTct_L,,303,0.9900990099009901,2,steering_control
720575941618366079,720575941549478945,4,VNC_WTct_L,,164,2.4390243902439024,2,steering_control
720575941618366079,720575941551389979,3,VNC_WTct_R,,188,1.5957446808510638,1,power_control
720575941618366079,720575941551588506,3,VNC_WTct_R,,261,1.1494252873563218,5,steering_control
720575941618366079,720575941551598746,1,VNC_NTct_L,,184,0.5434782608695652,1,power_control
720575941618366079,720575941551598746,7,VNC_WTct_L,,184,3.804347826086957,1,power_control
720575941618366079,720575941551632794,4,VNC_WTct_R,,181,2.209944751381215,1,power_control
720575941618366079,720575941553479140,4,VNC_HTct_R,,165,2.4242424242424243,5,steering_control
720575941618366079,720575941553479140,1,VNC_WTct_R,,165,0.6060606060606061,5,steering_control
720575941618366079,720575941554049307,4,VNC_WTct_L,,637,0.6279434850863422,1,power_control
720575941618366079,720575941561320493,15,VNC_HTct_L,,342,4.385964912280701,4,steering_control
720575941618366079,720575941563318070,2,VNC_HTct_L,,264,0.7575757575757576,5,steering_control
720575941618366079,720575941566788602,5,VNC_HTct_R,,313,1.5974440894568689,4,steering_control
720575941618366079,720575941574155003,4,VNC_HTct_R,,510,0.7843137254901961,3,power_control
720575941618366079,720575941575681718,21,VNC_WTct_L,,2858,0.7347795661301609,5,steering_control
720575941618366079,720575941576958197,3,VNC_WTct_L,,98,3.061224489795918,3,power_control
720575941618366079,720575941594160421,3,VNC_NTct_R,,733,0.4092769440654843,1,power_control
720575941618366079,720575941594160421,6,VNC_WTct_R,,733,0.8185538881309686,1,power_control
720575941618366079,720575941595757724,3,VNC_WTct_R,,120,2.5,3,power_control
720575941618366079,720575941601088441,9,VNC_HTct_L,,891,1.0101010101010102,5,steering_control
720575941618366079,720575941607605101,11,VNC_NTct_R,,1411,0.7795889440113395,5,steering_control
720575941618366079,720575941607605101,7,VNC_WTct_R,,1411,0.4961020552799433,5,steering_control
720575941618366079,720575941610583260,3,VNC_HTct_L,,209,1.4354066985645932,2,steering_control
720575941618366079,720575941610618982,12,VNC_WTct_L,,383,3.1331592689295036,1,power_control
720575941618366079,720575941610618982,2,VNC_unassigned_L,,383,0.5221932114882507,1,power_control
720575941618366079,720575941621630716,10,VNC_HTct_L,,407,2.457002457002457,4,steering_control
720575941618366079,720575941630748859,29,VNC_HTct_L,,1573,1.8436109345200253,2,steering_control
720575941618366079,720575941631436524,8,VNC_NTct_R,,801,0.9987515605493134,5,steering_control
720575941618366079,720575941641473874,5,VNC_HTct_R,,296,1.6891891891891893,5,steering_control
720575941618366079,720575941649244437,14,VNC_HTct_L,,802,1.7456359102244388,5,steering_control
720575941618366079,720575941649244437,4,VNC_HTct_R,,802,0.4987531172069825,5,steering_control
720575941618366079,720575941649244437,11,VNC_WTct_L,,802,1.3715710723192018,5,steering_control
720575941618366079,720575941655477716,6,VNC_WTct_L,,243,2.4691358024691357,1,power_control
720575941618366079,720575941656239440,5,VNC_HTct_L,,193,2.5906735751295336,3,power_control
720575941618366079,720575941663099516,2,VNC_HTct_L,,343,0.5830903790087464,5,steering_control
720575941618366079,720575941663099516,2,VNC_IntTct_L,,343,0.5830903790087464,5,steering_control
720575941618366079,720575941668725169,10,VNC_HTct_L,,904,1.1061946902654867,5,steering_control
720575941618366079,720575941668725169,5,VNC_HTct_R,,904,0.5530973451327433,5,steering_control
720575941618366079,720575941668725169,5,VNC_WTct_L,,904,0.5530973451327433,5,steering_control
720575941618366079,720575941668725169,4,VNC_WTct_R,,904,0.4424778761061947,5,steering_control
720575941618366079,720575941669049587,2,VNC_WTct_L,,293,0.6825938566552902,1,power_control
720575941618895231,720575941408509867,8,VNC_HTct_L,,434,1.8433179723502304,1,power_control
720575941618895231,720575941414326161,2,VNC_IntTct_L,,343,0.5830903790087464,5,steering_control
720575941618895231,720575941430842209,21,VNC_HTct_L,,134,15.671641791044777,2,steering_control
720575941618895231,720575941436996882,5,VNC_WTct_L,,766,0.6527415143603132,5,steering_control
720575941618895231,720575941447013813,9,VNC_HTct_L,,962,0.9355509355509356,5,steering_control
720575941618895231,720575941459514512,10,VNC_HTct_L,,755,1.3245033112582782,5,steering_control
720575941618895231,720575941473850720,27,VNC_IntTct_L,,1212,2.2277227722772275,5,steering_control
720575941618895231,720575941478092963,2,VNC_WTct_L,,466,0.4291845493562232,5,steering_control
720575941618895231,720575941517770412,3,VNC_HTct_L,,413,0.7263922518159807,1,power_control
720575941618895231,720575941517770412,2,VNC_IntTct_L,,413,0.48426150121065376,1,power_control
720575941618895231,720575941526701412,7,VNC_HTct_L,,606,1.155115511551155,5,steering_control
720575941618895231,720575941526701412,3,VNC_IntTct_L,,606,0.49504950495049505,5,steering_control
720575941618895231,720575941530853507,6,VNC_HTct_L,,434,1.3824884792626728,2,steering_control
720575941618895231,720575941530853507,6,VNC_WTct_L,,434,1.3824884792626728,2,steering_control
720575941618895231,720575941549386239,4,VNC_HTct_L,,409,0.9779951100244498,2,steering_control
720575941618895231,720575941561320493,5,VNC_HTct_L,,342,1.461988304093567,4,steering_control
720575941618895231,720575941572251144,16,VNC_IntTct_L,,3255,0.4915514592933948,2,steering_control
720575941618895231,720575941601088441,30,VNC_HTct_L,,891,3.3670033670033668,5,steering_control
720575941618895231,720575941601088441,5,VNC_IntTct_L,,891,0.5611672278338945,5,steering_control
720575941618895231,720575941630748859,11,VNC_HTct_L,,1573,0.6993006993006993,2,steering_control
720575941618895231,720575941668725169,8,VNC_HTct_L,,904,0.8849557522123894,5,steering_control
720575941618895231,720575941684876527,3,VNC_HTct_L,,218,1.3761467889908259,5,steering_control
720575941619883135,720575941498482043,7,VNC_IntTct_R,,1024,0.68359375,3,power_control
720575941619883135,720575941522089463,5,VNC_IntTct_R,,877,0.5701254275940707,5,steering_control
720575941619883135,720575941554784676,4,VNC_AMNp_R,,504,0.7936507936507936,5,steering_control
720575941619883135,720575941623067338,4,VNC_LTct_R,,507,0.7889546351084813,5,steering_control
720575941619883135,720575941625907769,13,VNC_LTct_R,,1473,0.8825526137135099,5,steering_control
720575941619883135,720575941625907769,7,VNC_T1_ProNm_R,,1473,0.47522063815342835,5,steering_control
720575941619883135,720575941625907769,10,VNC_T2_MesoNm_R,,1473,0.6788866259334692,5,steering_control
720575941620273535,720575941433406752,2,VNC_WTct_L,,499,0.4008016032064128,2,steering_control
720575941620273535,720575941438935131,2,VNC_AMNp_L,,312,0.641025641025641,2,steering_control
720575941620273535,720575941501026283,3,VNC_AMNp_L,,205,1.4634146341463417,1,power_control
720575941620273535,720575941501026283,3,VNC_WTct_L,,205,1.4634146341463417,1,power_control
720575941620273535,720575941504424517,2,VNC_AMNp_L,,164,1.2195121951219512,1,power_control
720575941620273535,720575941504424517,3,VNC_WTct_L,,164,1.8292682926829267,1,power_control
720575941620273535,720575941526856614,2,VNC_AMNp_L,,282,0.7092198581560284,5,steering_control
720575941620273535,720575941562464866,3,VNC_WTct_L,,343,0.8746355685131195,3,power_control
720575941620273535,720575941630622624,8,VNC_WTct_L,,633,1.263823064770932,5,steering_control
720575941623407050,720575941523112439,4,VNC_IntTct_L,,860,0.46511627906976744,5,steering_control
720575941623634122,720575941530751363,2,VNC_WTct_R,,227,0.881057268722467,5,steering_control
720575941623634122,720575941530751363,1,VNC_unassigned_R,,227,0.4405286343612335,5,steering_control
720575941624816124,720575941474337310,8,VNC_IntTct_L,,280,2.857142857142857,2,steering_control
720575941624816124,720575941474394673,5,VNC_IntTct_L,,168,2.976190476190476,4,steering_control
720575941624816124,720575941507787024,5,VNC_IntTct_L,,516,0.9689922480620154,5,steering_control
720575941624816124,720575941536371442,5,VNC_HTct_L,,453,1.1037527593818985,4,steering_control
720575941624816124,720575941611080010,10,VNC_HTct_L,,2397,0.4171881518564873,4,steering_control
720575941624816124,720575941612053094,4,VNC_HTct_L,,914,0.437636761487965,5,steering_control
720575941624831228,720575941415476252,3,VNC_WTct_R,,400,0.75,1,power_control
720575941624831228,720575941449065565,4,VNC_WTct_R,,171,2.3391812865497075,5,steering_control
720575941624831228,720575941458353363,3,VNC_WTct_R,,113,2.6548672566371683,5,steering_control
720575941624831228,720575941460235152,16,VNC_WTct_R,,453,3.532008830022075,1,power_control
720575941624831228,720575941474704948,4,VNC_WTct_R,,186,2.1505376344086025,5,steering_control
720575941624831228,720575941489677001,2,VNC_IntTct_R,,377,0.5305039787798408,3,power_control
720575941624831228,720575941489677001,3,VNC_WTct_R,,377,0.7957559681697612,3,power_control
720575941624831228,720575941489819081,8,VNC_WTct_R,,330,2.4242424242424243,3,power_control
720575941624831228,720575941489819081,2,VNC_unassigned_R,,330,0.6060606060606061,3,power_control
720575941624831228,720575941525142182,3,VNC_WTct_R,,441,0.6802721088435374,1,power_control
720575941624831228,720575941530192843,3,VNC_WTct_R,,192,1.5625,5,steering_control
720575941624831228,720575941532432618,2,VNC_IntTct_R,,374,0.53475935828877,5,steering_control
720575941624831228,720575941532432618,9,VNC_WTct_R,,374,2.406417112299465,5,steering_control
720575941624831228,720575941567684340,2,VNC_WTct_R,,69,2.898550724637681,1,power_control
720575941624831228,720575941567684340,1,VNC_unassigned_R,,69,1.4492753623188406,1,power_control
720575941624831228,720575941587178295,4,VNC_WTct_R,,124,3.225806451612903,5,steering_control
720575941624831228,720575941607605101,9,VNC_NTct_R,,1411,0.6378454996456413,5,steering_control
720575941624831228,720575941607605101,17,VNC_T1_ProNm_R,,1411,1.2048192771084338,5,steering_control
720575941624831228,720575941610953446,2,VNC_NTct_R,,106,1.8867924528301887,3,power_control
720575941624831228,720575941610953446,1,VNC_unassigned_R,,106,0.9433962264150944,3,power_control
720575941625972123,720575941456348575,8,VNC_IntTct_R,,1369,0.5843681519357196,5,steering_control
720575941625972123,720575941464768790,7,VNC_IntTct_R,,723,0.9681881051175657,5,steering_control
720575941625972123,720575941464768790,8,VNC_NTct_R,,723,1.1065006915629323,5,steering_control
720575941625972123,720575941492308606,3,VNC_HTct_R,,529,0.5671077504725899,2,steering_control
720575941625972123,720575941492308606,13,VNC_IntTct_R,,529,2.4574669187145557,2,steering_control
720575941625972123,720575941495591291,11,VNC_HTct_R,,654,1.6819571865443423,5,steering_control
720575941625972123,720575941495591291,8,VNC_IntTct_R,,654,1.2232415902140672,5,steering_control
720575941625972123,720575941496915618,4,VNC_HTct_R,,236,1.694915254237288,5,steering_control
720575941625972123,720575941496915618,1,VNC_unassigned_R,,236,0.423728813559322,5,steering_control
720575941625972123,720575941512899427,1,VNC_IntTct_R,,193,0.5181347150259068,1,power_control
720575941625972123,720575941512899427,5,VNC_NTct_R,,193,2.5906735751295336,1,power_control
720575941625972123,720575941517717420,1,VNC_HTct_R,,138,0.7246376811594203,5,steering_control
720575941625972123,720575941517717420,1,VNC_IntTct_R,,138,0.7246376811594203,5,steering_control
720575941625972123,720575941517717420,4,VNC_NTct_R,,138,2.898550724637681,5,steering_control
720575941625972123,720575941519273944,3,VNC_WTct_R,,321,0.9345794392523363,5,steering_control
720575941625972123,720575941533221825,4,VNC_IntTct_R,,198,2.0202020202020203,5,steering_control
720575941625972123,720575941533221825,1,VNC_WTct_R,,198,0.5050505050505051,5,steering_control
720575941625972123,720575941533258689,3,VNC_IntTct_R,,164,1.8292682926829267,1,power_control
720575941625972123,720575941533761050,4,VNC_IntTct_R,,420,0.9523809523809524,2,steering_control
720575941625972123,720575941553313434,4,VNC_HTct_R,,167,2.3952095808383236,2,steering_control
720575941625972123,720575941594515158,10,VNC_HTct_R,,231,4.329004329004329,5,steering_control
720575941625972123,720575941601153270,3,VNC_HTct_R,,661,0.45385779122541603,5,steering_control
720575941625972123,720575941604997997,7,VNC_HTct_R,,306,2.287581699346405,5,steering_control
720575941625972123,720575941659696184,10,VNC_IntTct_R,,840,1.1904761904761905,5,steering_control
720575941625972123,720575941667143601,2,VNC_IntTct_R,,222,0.9009009009009009,5,steering_control
720575941625972123,720575941667143601,1,VNC_WTct_R,,222,0.45045045045045046,5,steering_control
720575941625972123,720575941680033213,2,VNC_HTct_R,,271,0.7380073800738007,5,steering_control
720575941625972123,720575941680033213,2,VNC_unassigned_R,,271,0.7380073800738007,5,steering_control
720575941625993371,720575941428428681,4,VNC_HTct_L,,75,5.333333333333334,3,power_control
720575941625993371,720575941500983019,2,VNC_HTct_L,,294,0.6802721088435374,5,steering_control
720575941625993371,720575941500983019,2,VNC_WTct_L,,294,0.6802721088435374,5,steering_control
720575941625993371,720575941526690841,17,VNC_HTct_L,,385,4.415584415584416,1,power_control
720575941625993371,720575941562134829,3,VNC_HTct_L,,519,0.5780346820809248,1,power_control
720575941625993371,720575941562134829,7,VNC_WTct_L,,519,1.348747591522158,1,power_control
720575941626007195,720575941523112439,7,VNC_NTct_L,,860,0.813953488372093,5,steering_control
720575941626193563,720575941568726004,3,VNC_IntTct_L,,332,0.9036144578313252,5,steering_control
720575941626193563,720575941630933947,5,VNC_IntTct_L,,704,0.7102272727272727,4,steering_control
720575941626256266,720575941440736207,4,VNC_T2_MesoNm_L,,195,2.051282051282051,4,steering_control
720575941626500746,720575941447363677,3,VNC_WTct_R,,160,1.875,5,steering_control
720575941626500746,720575941613448668,136,VNC_T2_MesoNm_R,,3300,4.121212121212121,5,steering_control
720575941626967865,720575941438938175,10,VNC_HTct_L,,1113,0.8984725965858041,5,steering_control
720575941626967865,720575941438938175,6,VNC_IntTct_L,,1113,0.5390835579514826,5,steering_control
720575941626967865,720575941457797360,11,VNC_IntTct_L,,1043,1.0546500479386385,5,steering_control
720575941626967865,720575941478092963,13,VNC_IntTct_L,,466,2.7896995708154506,5,steering_control
720575941626967865,720575941530853507,3,VNC_IntTct_L,,434,0.6912442396313364,2,steering_control
720575941626967865,720575941553338778,16,VNC_IntTct_L,,2701,0.5923731951129212,5,steering_control
720575941626967865,720575941653507801,6,VNC_HTct_L,,367,1.6348773841961852,5,steering_control
720575941627484454,720575941464768790,5,VNC_IntTct_R,,723,0.6915629322268326,5,steering_control
720575941627484454,720575941464768790,4,VNC_NTct_R,,723,0.5532503457814661,5,steering_control
720575941627576377,720575941547226248,6,VNC_IntTct_L,,653,0.9188361408882083,5,steering_control
720575941627576377,720575941547226248,7,VNC_NTct_L,,653,1.0719754977029097,5,steering_control
720575941628153913,720575941456667373,3,VNC_IntTct_R,,321,0.9345794392523363,5,steering_control
720575941628153913,720575941457431280,4,VNC_IntTct_R,,815,0.49079754601227,5,steering_control
720575941628153913,720575941474571572,4,VNC_T3_MetaNm_R,,434,0.9216589861751152,5,steering_control
720575941628153913,720575941491289033,2,VNC_IntTct_R,,418,0.4784688995215311,2,steering_control
720575941628153913,720575941503638578,2,VNC_IntTct_R,,455,0.43956043956043955,4,steering_control
720575941628153913,720575941512798929,5,VNC_T3_MetaNm_R,,269,1.858736059479554,5,steering_control
720575941628153913,720575941557882895,3,VNC_IntTct_R,,606,0.49504950495049505,5,steering_control
720575941628153913,720575941563920999,9,VNC_IntTct_R,,1156,0.7785467128027681,5,steering_control
720575941628153913,720575941594821334,3,VNC_T2_MesoNm_R,,613,0.48939641109298526,5,steering_control
720575941628153913,720575941625963419,5,VNC_AMNp_R,,1186,0.42158516020236086,5,steering_control
720575941628153913,720575941625963419,9,VNC_IntTct_R,,1186,0.7588532883642496,5,steering_control
720575941628153913,720575941625963419,5,VNC_T2_MesoNm_R,,1186,0.42158516020236086,5,steering_control
720575941628167225,720575941498948425,3,VNC_NTct_L,,526,0.5703422053231939,3,power_control
720575941628167225,720575941498948425,7,VNC_WTct_L,,526,1.3307984790874523,3,power_control
720575941628167225,720575941669049587,2,VNC_WTct_L,,293,0.6825938566552902,1,power_control
720575941628710694,720575941523112439,5,VNC_IntTct_L,,860,0.5813953488372093,5,steering_control
720575941628867042,720575941412443540,5,VNC_IntTct_R,,416,1.201923076923077,2,steering_control
720575941628867042,720575941429556655,21,VNC_IntTct_R,,1452,1.4462809917355373,5,steering_control
720575941628867042,720575941464901398,5,VNC_HTct_R,,833,0.6002400960384154,5,steering_control
720575941628867042,720575941496830370,10,VNC_HTct_R,,1278,0.7824726134585289,4,steering_control
720575941628867042,720575941501721138,12,VNC_HTct_R,,1210,0.9917355371900827,4,steering_control
720575941628867042,720575941528944568,27,VNC_HTct_R,,2084,1.2955854126679462,4,steering_control
720575941628867042,720575941528944568,11,VNC_IntTct_R,,2084,0.527831094049904,4,steering_control
720575941628867042,720575941532246762,5,VNC_HTct_R,,1209,0.41356492969396197,5,steering_control
720575941628867042,720575941546491681,8,VNC_HTct_R,,797,1.0037641154328731,5,steering_control
720575941628867042,720575941549701182,3,VNC_HTct_R,,194,1.5463917525773196,5,steering_control
720575941628867042,720575941549701182,1,VNC_IntTct_R,,194,0.5154639175257731,5,steering_control
720575941628867042,720575941574155003,6,VNC_HTct_R,,510,1.1764705882352942,3,power_control
720575941628867042,720575941607605101,7,VNC_IntTct_R,,1411,0.4961020552799433,5,steering_control
720575941628867042,720575941630959035,5,VNC_HTct_R,,391,1.278772378516624,5,steering_control
720575941628867042,720575941649244437,4,VNC_IntTct_R,,802,0.4987531172069825,5,steering_control
720575941628867042,720575941650775313,3,VNC_IntTct_R,,456,0.6578947368421052,2,steering_control
720575941629726246,720575941400818723,7,VNC_IntTct_L,,1482,0.47233468286099867,5,steering_control
720575941629726246,720575941414508948,10,VNC_IntTct_L,,2237,0.44702726866338843,3,power_control
720575941629726246,720575941414508948,9,VNC_IntTct_R,,2237,0.4023245417970496,3,power_control
720575941629726246,720575941414508948,20,VNC_T1_ProNm_L,,2237,0.8940545373267769,3,power_control
720575941629726246,720575941457147206,8,VNC_IntTct_L,,1471,0.5438477226376615,5,steering_control
720575941629726246,720575941457802480,8,VNC_LTct_L,,1611,0.4965859714463066,5,steering_control
720575941629726246,720575941457802480,8,VNC_LTct_R,,1611,0.4965859714463066,5,steering_control
720575941629726246,720575941458790726,4,VNC_LTct_R,,224,1.7857142857142856,4,steering_control
720575941629726246,720575941469724125,7,VNC_IntTct_R,,1594,0.43914680050188204,5,steering_control
720575941629726246,720575941474437681,2,VNC_HTct_L,,297,0.6734006734006733,5,steering_control
720575941629726246,720575941474437681,3,VNC_IntTct_L,,297,1.0101010101010102,5,steering_control
720575941629726246,720575941474437681,7,VNC_LTct_R,,297,2.356902356902357,5,steering_control
720575941629726246,720575941488475598,4,VNC_LTct_R,,276,1.4492753623188406,4,steering_control
720575941629726246,720575941490833072,4,VNC_IntTct_L,,293,1.3651877133105803,4,steering_control
720575941629726246,720575941515936505,5,VNC_IntTct_L,,938,0.5330490405117271,3,power_control
720575941629726246,720575941515936505,5,VNC_IntTct_R,,938,0.5330490405117271,3,power_control
720575941629726246,720575941515936505,5,VNC_LTct_R,,938,0.5330490405117271,3,power_control
720575941629726246,720575941515936505,4,VNC_T2_MesoNm_R,,938,0.42643923240938164,3,power_control
720575941629726246,720575941516784494,5,VNC_LTct_R,,469,1.0660980810234542,5,steering_control
720575941629726246,720575941521031927,2,VNC_LTct_L,,329,0.60790273556231,5,steering_control
720575941629726246,720575941523112439,5,VNC_IntTct_L,,860,0.5813953488372093,5,steering_control
720575941629726246,720575941526701412,8,VNC_HTct_L,,606,1.3201320132013201,5,steering_control
720575941629726246,720575941576941045,8,VNC_IntTct_L,,608,1.3157894736842104,4,steering_control
720575941629726246,720575941576941045,3,VNC_IntTct_R,,608,0.4934210526315789,4,steering_control
720575941629726246,720575941576941045,5,VNC_LTct_R,,608,0.8223684210526315,4,steering_control
720575941629726246,720575941595021681,5,VNC_LTct_R,,506,0.9881422924901186,5,steering_control
720575941629726246,720575941600259369,5,VNC_IntTct_L,,845,0.591715976331361,3,power_control
720575941629726246,720575941600259369,5,VNC_LTct_R,,845,0.591715976331361,3,power_control
720575941629726246,720575941600259369,13,VNC_T2_MesoNm_L,,845,1.5384615384615385,3,power_control
720575941629726246,720575941600259369,6,VNC_T2_MesoNm_R,,845,0.7100591715976331,3,power_control
720575941629726246,720575941630933947,13,VNC_IntTct_L,,704,1.8465909090909092,4,steering_control
720575941629726246,720575941630933947,4,VNC_LTct_L,,704,0.5681818181818182,4,steering_control
720575941629726246,720575941636281205,6,VNC_LTct_L,,673,0.8915304606240713,5,steering_control
720575941629726246,720575941663099516,2,VNC_IntTct_L,,343,0.5830903790087464,5,steering_control
720575941629726246,720575941663099516,5,VNC_LTct_R,,343,1.4577259475218658,5,steering_control
720575941629726246,720575941671138727,17,VNC_IntTct_L,,2296,0.740418118466899,5,steering_control
720575941629872422,720575941399253283,5,VNC_IntTct_R,,418,1.1961722488038278,2,steering_control
720575941629872422,720575941399253283,2,VNC_WTct_R,,418,0.4784688995215311,2,steering_control
720575941629872422,720575941458334163,10,VNC_HTct_R,,1380,0.7246376811594203,2,steering_control
720575941629872422,720575941460885005,3,VNC_HTct_R,,500,0.6,5,steering_control
720575941629872422,720575941488675276,5,VNC_HTct_R,,378,1.3227513227513228,2,steering_control
720575941629872422,720575941490785712,8,VNC_IntTct_R,,234,3.418803418803419,5,steering_control
720575941629872422,720575941492308606,6,VNC_HTct_R,,529,1.1342155009451798,2,steering_control
720575941629872422,720575941492308606,6,VNC_IntTct_R,,529,1.1342155009451798,2,steering_control
720575941629872422,720575941495591291,5,VNC_HTct_R,,654,0.764525993883792,5,steering_control
720575941629872422,720575941503451301,18,VNC_HTct_R,,2065,0.8716707021791767,2,steering_control
720575941629872422,720575941516768472,2,VNC_HTct_R,,290,0.6896551724137931,5,steering_control
720575941629872422,720575941516768472,4,VNC_IntTct_R,,290,1.3793103448275863,5,steering_control
720575941629872422,720575941532385624,7,VNC_HTct_R,,460,1.5217391304347827,2,steering_control
720575941629872422,720575941532385624,4,VNC_IntTct_R,,460,0.8695652173913043,2,steering_control
720575941629872422,720575941533761050,3,VNC_HTct_R,,420,0.7142857142857143,2,steering_control
720575941629872422,720575941533761050,2,VNC_IntTct_R,,420,0.4761904761904762,2,steering_control
720575941629872422,720575941557294095,5,VNC_HTct_R,,479,1.0438413361169103,2,steering_control
720575941629872422,720575941557294095,7,VNC_IntTct_R,,479,1.4613778705636742,2,steering_control
720575941629872422,720575941557612915,41,VNC_HTct_R,,4206,0.9747979077508321,2,steering_control
720575941629872422,720575941566956532,4,VNC_HTct_R,,460,0.8695652173913043,2,steering_control
720575941629872422,720575941566956532,3,VNC_IntTct_R,,460,0.6521739130434783,2,steering_control
720575941629872422,720575941630959035,2,VNC_IntTct_R,,391,0.5115089514066496,5,steering_control
720575941629872422,720575941659696184,15,VNC_HTct_R,,840,1.7857142857142856,5,steering_control
720575941630049762,720575941436996882,5,VNC_IntTct_R,,766,0.6527415143603132,5,steering_control
720575941630049762,720575941477884802,4,VNC_HTct_R,,995,0.4020100502512563,5,steering_control
720575941630049762,720575941526355844,5,VNC_IntTct_R,,389,1.2853470437017995,5,steering_control
720575941630049762,720575941629389804,3,VNC_HTct_R,,85,3.5294117647058822,4,steering_control
720575941631013090,720575941517770412,4,VNC_T2_MesoNm_R,,413,0.9685230024213075,1,power_control
720575941631013090,720575941560635816,8,VNC_T2_MesoNm_R,,1852,0.4319654427645789,5,steering_control
720575941631013090,720575941563920999,8,VNC_T1_ProNm_R,,1156,0.6920415224913495,5,steering_control
720575941631013090,720575941613448668,71,VNC_T2_MesoNm_R,,3300,2.1515151515151514,5,steering_control
720575941631013090,720575941625963419,7,VNC_T1_ProNm_R,,1186,0.5902192242833052,5,steering_control
720575941631020192,720575941609001034,14,VNC_NTct_R,,563,2.4866785079928952,5,steering_control
720575941631028962,720575941498482043,10,VNC_IntTct_R,,1024,0.9765625,3,power_control
720575941631028962,720575941498482043,7,VNC_T1_ProNm_R,,1024,0.68359375,3,power_control
720575941631028962,720575941498482043,6,VNC_T2_MesoNm_R,,1024,0.5859375,3,power_control
720575941631315616,720575941560427379,4,VNC_ANm_L,,412,0.9708737864077669,5,steering_control
720575941631642860,720575941399309603,2,VNC_IntTct_L,,484,0.4132231404958678,2,steering_control
720575941631642860,720575941399309603,3,VNC_NTct_L,,484,0.6198347107438017,2,steering_control
720575941631642860,720575941399309603,6,VNC_WTct_L,,484,1.2396694214876034,2,steering_control
720575941631642860,720575941412323473,2,VNC_IntTct_L,,466,0.4291845493562232,2,steering_control
720575941631642860,720575941414326161,2,VNC_HTct_L,,343,0.5830903790087464,5,steering_control
720575941631642860,720575941414326161,3,VNC_IntTct_L,,343,0.8746355685131195,5,steering_control
720575941631642860,720575941459514512,6,VNC_HTct_L,,755,0.7947019867549668,5,steering_control
720575941631642860,720575941464073558,10,VNC_IntTct_L,,785,1.2738853503184715,5,steering_control
720575941631642860,720575941465484566,27,VNC_HTct_L,,2567,1.0518114530580445,2,steering_control
720575941631642860,720575941471203447,5,VNC_HTct_L,,395,1.2658227848101267,2,steering_control
720575941631642860,720575941472042282,2,VNC_IntTct_L,,143,1.3986013986013985,1,power_control
720575941631642860,720575941472042282,1,VNC_NTct_L,,143,0.6993006993006993,1,power_control
720575941631642860,720575941474786625,4,VNC_HTct_L,,305,1.3114754098360655,2,steering_control
720575941631642860,720575941501786930,4,VNC_HTct_L,,434,0.9216589861751152,5,steering_control
720575941631642860,720575941508542674,11,VNC_HTct_L,,521,2.111324376199616,2,steering_control
720575941631642860,720575941508542674,3,VNC_IntTct_L,,521,0.5758157389635317,2,steering_control
720575941631642860,720575941520331511,3,VNC_HTct_L,,487,0.6160164271047228,5,steering_control
720575941631642860,720575941520333047,8,VNC_HTct_L,,936,0.8547008547008548,5,steering_control
720575941631642860,720575941534709482,3,VNC_HTct_L,,344,0.872093023255814,4,steering_control
720575941631642860,720575941536294293,4,VNC_HTct_L,,307,1.3029315960912053,5,steering_control
720575941631642860,720575941537600973,2,VNC_HTct_L,,420,0.4761904761904762,5,steering_control
720575941631642860,720575941537600973,3,VNC_WTct_L,,420,0.7142857142857143,5,steering_control
720575941631642860,720575941561320493,3,VNC_IntTct_L,,342,0.8771929824561403,4,steering_control
720575941631642860,720575941572251144,26,VNC_HTct_L,,3255,0.7987711213517665,2,steering_control
720575941631642860,720575941583511518,3,VNC_IntTct_L,,537,0.5586592178770949,2,steering_control
720575941631642860,720575941601088441,9,VNC_HTct_L,,891,1.0101010101010102,5,steering_control
720575941631642860,720575941608861929,4,VNC_HTct_L,,441,0.9070294784580499,2,steering_control
720575941631642860,720575941608861929,4,VNC_IntTct_L,,441,0.9070294784580499,2,steering_control
720575941631642860,720575941608861929,5,VNC_WTct_L,,441,1.1337868480725624,2,steering_control
720575941631642860,720575941612053094,4,VNC_HTct_L,,914,0.437636761487965,5,steering_control
720575941631642860,720575941630748859,16,VNC_HTct_L,,1573,1.0171646535282899,2,steering_control
720575941632002720,720575941457147206,6,VNC_unassigned_L,,1471,0.4078857919782461,5,steering_control
720575941632002720,720575941518434227,3,VNC_WTct_L,,748,0.4010695187165776,1,power_control
720575941632002720,720575941554049307,4,VNC_NTct_R,,637,0.6279434850863422,1,power_control
720575941632002720,720575941594160421,3,VNC_unassigned_R,,733,0.4092769440654843,1,power_control
720575941632002720,720575941669049587,2,VNC_IntTct_R,,293,0.6825938566552902,1,power_control
720575941632059372,720575941550878087,7,VNC_HTct_L,,1310,0.5343511450381679,4,steering_control
720575941632059372,720575941579868917,8,VNC_IntTct_L,,1745,0.4584527220630372,5,steering_control
720575941632059372,720575941579868917,20,VNC_NTct_L,,1745,1.146131805157593,5,steering_control
720575941632167611,720575941477297716,41,VNC_NTct_L,,889,4.611923509561304,5,steering_control
720575941632167611,720575941477297716,10,VNC_T1_ProNm_L,,889,1.124859392575928,5,steering_control
720575941632167611,720575941477297716,22,VNC_unassigned_L,,889,2.4746906636670416,5,steering_control
720575941632167611,720575941525725954,17,VNC_NTct_L,,667,2.548725637181409,5,steering_control
720575941632594592,720575941470474763,1,VNC_HTct_L,,225,0.4444444444444444,5,steering_control
720575941632594592,720575941470474763,4,VNC_WTct_R,,225,1.7777777777777777,5,steering_control
720575941632594592,720575941490785712,1,VNC_IntTct_R,,234,0.4273504273504274,5,steering_control
720575941632594592,720575941490785712,3,VNC_WTct_R,,234,1.282051282051282,5,steering_control
720575941632594592,720575941530192843,1,VNC_HTct_R,,192,0.5208333333333333,5,steering_control
720575941632594592,720575941530192843,8,VNC_WTct_R,,192,4.166666666666666,5,steering_control
720575941632594592,720575941645100664,1,VNC_HTct_R,,112,0.8928571428571428,5,steering_control
720575941632594592,720575941645100664,2,VNC_WTct_R,,112,1.7857142857142856,5,steering_control
720575941632978629,720575941521986227,3,VNC_unassigned_R,,306,0.9803921568627451,5,steering_control
720575941632978629,720575941554049307,3,VNC_HTct_R,,637,0.47095761381475665,1,power_control
720575941632978629,720575941594160421,3,VNC_NTct_R,,733,0.4092769440654843,1,power_control
720575941632978629,720575941594160421,8,VNC_WTct_R,,733,1.0914051841746248,1,power_control
720575941632978629,720575941669049587,2,VNC_IntTct_L,,293,0.6825938566552902,1,power_control
720575941632978629,720575941669049587,2,VNC_IntTct_R,,293,0.6825938566552902,1,power_control
720575941632978629,720575941669049587,3,VNC_NTct_L,,293,1.023890784982935,1,power_control
720575941632978629,720575941669049587,2,VNC_WTct_L,,293,0.6825938566552902,1,power_control
720575941633206944,720575941491289033,4,VNC_LTct_R,,418,0.9569377990430622,2,steering_control
720575941633206944,720575941521031927,2,VNC_IntTct_L,,329,0.60790273556231,5,steering_control
720575941633206944,720575941521031927,2,VNC_IntTct_R,,329,0.60790273556231,5,steering_control
720575941633206944,720575941521031927,6,VNC_LTct_L,,329,1.82370820668693,5,steering_control
720575941633206944,720575941521031927,4,VNC_LTct_R,,329,1.21580547112462,5,steering_control
720575941633206944,720575941569652638,2,VNC_IntTct_L,,354,0.5649717514124294,4,steering_control
720575941633206944,720575941569652638,15,VNC_LTct_L,,354,4.23728813559322,4,steering_control
720575941633206944,720575941623067338,3,VNC_LTct_R,,507,0.591715976331361,5,steering_control
720575941633206944,720575941670676135,13,VNC_LTct_L,,3073,0.4230393752033843,5,steering_control
720575941633779387,720575941470077047,3,VNC_WTct_L,,480,0.625,5,steering_control
720575941633779387,720575941477297716,5,VNC_NTct_L,,889,0.562429696287964,5,steering_control
720575941633911227,720575941400818723,10,VNC_IntTct_L,,1482,0.6747638326585695,5,steering_control
720575941633911227,720575941400818723,11,VNC_NTct_L,,1482,0.7422402159244265,5,steering_control
720575941633911227,720575941447025845,2,VNC_HTct_L,,226,0.8849557522123894,2,steering_control
720575941633911227,720575941447025845,5,VNC_IntTct_L,,226,2.2123893805309733,2,steering_control
720575941633911227,720575941471203447,5,VNC_HTct_L,,395,1.2658227848101267,2,steering_control
720575941633911227,720575941471203447,3,VNC_IntTct_L,,395,0.7594936708860759,2,steering_control
720575941633911227,720575941479098819,3,VNC_IntTct_L,,334,0.8982035928143712,2,steering_control
720575941633911227,720575941508542674,10,VNC_IntTct_L,,521,1.9193857965451053,2,steering_control
720575941633911227,720575941513242202,3,VNC_IntTct_L,,218,1.3761467889908259,2,steering_control
720575941634269371,720575941605602669,4,VNC_AMNp_L,,93,4.301075268817205,1,power_control
720575941634269371,720575941630622624,31,VNC_AMNp_L,,633,4.897314375987362,5,steering_control
720575941634269371,720575941630622624,9,VNC_unassigned_L,,633,1.4218009478672986,5,steering_control
720575941634269371,720575941691313115,13,VNC_AMNp_L,,1219,1.0664479081214109,3,power_control
720575941637734175,720575941496284489,5,VNC_HTct_R,,251,1.9920318725099602,4,steering_control
720575941637734175,720575941526690841,2,VNC_LTct_L,,385,0.5194805194805194,1,power_control
720575941637734175,720575941562134829,6,VNC_HTct_R,,519,1.1560693641618496,1,power_control
720575941637734175,720575941562134829,3,VNC_IntTct_R,,519,0.5780346820809248,1,power_control
720575941637734175,720575941668725169,4,VNC_HTct_R,,904,0.4424778761061947,5,steering_control
720575941637734175,720575941668725169,5,VNC_WTct_R,,904,0.5530973451327433,5,steering_control
720575941638407199,720575941399309603,3,VNC_IntTct_L,,484,0.6198347107438017,2,steering_control
720575941638407199,720575941399309603,6,VNC_WTct_L,,484,1.2396694214876034,2,steering_control
720575941638407199,720575941400818723,18,VNC_IntTct_L,,1482,1.214574898785425,5,steering_control
720575941638407199,720575941400818723,24,VNC_NTct_L,,1482,1.6194331983805668,5,steering_control
720575941638407199,720575941410007663,2,VNC_IntTct_L,,186,1.0752688172043012,5,steering_control
720575941638407199,720575941410007663,1,VNC_WTct_L,,186,0.5376344086021506,5,steering_control
720575941638407199,720575941414326161,5,VNC_HTct_L,,343,1.4577259475218658,5,steering_control
720575941638407199,720575941414326161,3,VNC_IntTct_L,,343,0.8746355685131195,5,steering_control
720575941638407199,720575941430842209,4,VNC_HTct_L,,134,2.9850746268656714,2,steering_control
720575941638407199,720575941447013813,4,VNC_HTct_L,,962,0.4158004158004158,5,steering_control
720575941638407199,720575941450876794,17,VNC_HTct_L,,1106,1.5370705244122964,5,steering_control
720575941638407199,720575941450876794,12,VNC_IntTct_L,,1106,1.0849909584086799,5,steering_control
720575941638407199,720575941450876794,9,VNC_WTct_L,,1106,0.81374321880651,5,steering_control
720575941638407199,720575941457147206,8,VNC_IntTct_L,,1471,0.5438477226376615,5,steering_control
720575941638407199,720575941457147206,6,VNC_NTct_L,,1471,0.4078857919782461,5,steering_control
720575941638407199,720575941459514512,10,VNC_HTct_L,,755,1.3245033112582782,5,steering_control
720575941638407199,720575941464073558,13,VNC_HTct_L,,785,1.6560509554140128,5,steering_control
720575941638407199,720575941464073558,18,VNC_IntTct_L,,785,2.2929936305732483,5,steering_control
720575941638407199,720575941465484566,32,VNC_HTct_L,,2567,1.2465913517724971,2,steering_control
720575941638407199,720575941465484566,15,VNC_IntTct_L,,2567,0.584339696143358,2,steering_control
720575941638407199,720575941471203447,5,VNC_HTct_L,,395,1.2658227848101267,2,steering_control
720575941638407199,720575941471203447,2,VNC_WTct_L,,395,0.5063291139240507,2,steering_control
720575941638407199,720575941473850720,7,VNC_HTct_L,,1212,0.5775577557755776,5,steering_control
720575941638407199,720575941473850720,25,VNC_IntTct_L,,1212,2.0627062706270625,5,steering_control
720575941638407199,720575941473850720,5,VNC_NTct_L,,1212,0.4125412541254125,5,steering_control
720575941638407199,720575941474786625,3,VNC_HTct_L,,305,0.9836065573770493,2,steering_control
720575941638407199,720575941477166622,28,VNC_IntTct_L,,1660,1.6867469879518073,5,steering_control
720575941638407199,720575941477166622,19,VNC_NTct_L,,1660,1.144578313253012,5,steering_control
720575941638407199,720575941479098819,2,VNC_WTct_L,,334,0.5988023952095809,2,steering_control
720575941638407199,720575941481061629,1,VNC_IntTct_L,,98,1.0204081632653061,5,steering_control
720575941638407199,720575941481061629,2,VNC_NTct_L,,98,2.0408163265306123,5,steering_control
720575941638407199,720575941490785712,6,VNC_IntTct_L,,234,2.564102564102564,5,steering_control
720575941638407199,720575941490785712,1,VNC_WTct_L,,234,0.4273504273504274,5,steering_control
720575941638407199,720575941501786930,3,VNC_HTct_L,,434,0.6912442396313364,5,steering_control
720575941638407199,720575941508542674,3,VNC_HTct_L,,521,0.5758157389635317,2,steering_control
720575941638407199,720575941517764824,12,VNC_HTct_L,,625,1.92,5,steering_control
720575941638407199,720575941517764824,9,VNC_IntTct_L,,625,1.44,5,steering_control
720575941638407199,720575941520331511,5,VNC_HTct_L,,487,1.0266940451745379,5,steering_control
720575941638407199,720575941520333047,24,VNC_HTct_L,,936,2.564102564102564,5,steering_control
720575941638407199,720575941520333047,13,VNC_IntTct_L,,936,1.3888888888888888,5,steering_control
720575941638407199,720575941520333047,4,VNC_WTct_L,,936,0.4273504273504274,5,steering_control
720575941638407199,720575941523112439,15,VNC_IntTct_L,,860,1.744186046511628,5,steering_control
720575941638407199,720575941523112439,10,VNC_NTct_L,,860,1.1627906976744187,5,steering_control
720575941638407199,720575941536294293,5,VNC_HTct_L,,307,1.6286644951140066,5,steering_control
720575941638407199,720575941537600973,8,VNC_HTct_L,,420,1.9047619047619049,5,steering_control
720575941638407199,720575941537600973,4,VNC_IntTct_L,,420,0.9523809523809524,5,steering_control
720575941638407199,720575941537600973,3,VNC_WTct_L,,420,0.7142857142857143,5,steering_control
720575941638407199,720575941549283839,8,VNC_HTct_L,,303,2.6402640264026402,2,steering_control
720575941638407199,720575941550878087,10,VNC_HTct_L,,1310,0.7633587786259541,4,steering_control
720575941638407199,720575941563318070,2,VNC_IntTct_L,,264,0.7575757575757576,5,steering_control
720575941638407199,720575941572251144,70,VNC_HTct_L,,3255,2.1505376344086025,2,steering_control
720575941638407199,720575941572251144,32,VNC_IntTct_L,,3255,0.9831029185867896,2,steering_control
720575941638407199,720575941579868917,18,VNC_IntTct_L,,1745,1.0315186246418337,5,steering_control
720575941638407199,720575941579868917,18,VNC_NTct_L,,1745,1.0315186246418337,5,steering_control
720575941638407199,720575941583511518,4,VNC_IntTct_L,,537,0.74487895716946,2,steering_control
720575941638407199,720575941588018942,6,VNC_HTct_L,,333,1.8018018018018018,5,steering_control
720575941638407199,720575941591748648,4,VNC_HTct_L,,248,1.6129032258064515,5,steering_control
720575941638407199,720575941591748648,1,VNC_WTct_L,,248,0.4032258064516129,5,steering_control
720575941638407199,720575941601088441,22,VNC_HTct_L,,891,2.4691358024691357,5,steering_control
720575941638407199,720575941601088441,6,VNC_IntTct_L,,891,0.6734006734006733,5,steering_control
720575941638407199,720575941610583260,3,VNC_HTct_L,,209,1.4354066985645932,2,steering_control
720575941638407199,720575941611080010,19,VNC_HTct_L,,2397,0.7926574885273258,4,steering_control
720575941638407199,720575941630748859,20,VNC_HTct_L,,1573,1.2714558169103625,2,steering_control
720575941638407199,720575941630748859,7,VNC_IntTct_L,,1573,0.44500953591862685,2,steering_control
720575941638407199,720575941630933947,3,VNC_IntTct_L,,704,0.4261363636363636,4,steering_control
720575941638407199,720575941656239440,3,VNC_WTct_L,,193,1.5544041450777202,3,power_control
720575941638407199,720575941678358973,31,VNC_HTct_L,,1622,1.911220715166461,4,steering_control
720575941639588127,720575941457153094,2,VNC_WTct_L,,402,0.4975124378109453,5,steering_control
720575941639588127,720575941457797360,18,VNC_HTct_L,,1043,1.725790987535954,5,steering_control
720575941639588127,720575941457797360,7,VNC_IntTct_L,,1043,0.6711409395973155,5,steering_control
720575941639588127,720575941457797360,12,VNC_WTct_L,,1043,1.1505273250239694,5,steering_control
720575941639588127,720575941474337310,6,VNC_WTct_L,,280,2.142857142857143,2,steering_control
720575941639588127,720575941474394673,9,VNC_HTct_L,,168,5.357142857142857,4,steering_control
720575941639588127,720575941474394673,7,VNC_WTct_L,,168,4.166666666666666,4,steering_control
720575941639588127,720575941494052992,3,VNC_HTct_L,,337,0.8902077151335311,2,steering_control
720575941639588127,720575941494052992,5,VNC_WTct_L,,337,1.483679525222552,2,steering_control
720575941639588127,720575941498935777,10,VNC_NTct_L,,1338,0.7473841554559043,5,steering_control
720575941639588127,720575941498935777,7,VNC_WTct_L,,1338,0.523168908819133,5,steering_control
720575941639588127,720575941499447691,4,VNC_NTct_L,,654,0.6116207951070336,5,steering_control
720575941639588127,720575941499447691,5,VNC_WTct_L,,654,0.764525993883792,5,steering_control
720575941639588127,720575941501786930,11,VNC_HTct_L,,434,2.5345622119815667,5,steering_control
720575941639588127,720575941501786930,3,VNC_IntTct_L,,434,0.6912442396313364,5,steering_control
720575941639588127,720575941501786930,4,VNC_WTct_L,,434,0.9216589861751152,5,steering_control
720575941639588127,720575941501786930,7,VNC_unassigned_L,,434,1.6129032258064515,5,steering_control
720575941639588127,720575941503499755,28,VNC_HTct_L,,259,10.81081081081081,5,steering_control
720575941639588127,720575941503499755,5,VNC_WTct_L,,259,1.9305019305019304,5,steering_control
720575941639588127,720575941503499755,3,VNC_unassigned_L,,259,1.1583011583011582,5,steering_control
720575941639588127,720575941512798796,11,VNC_HTct_L,,352,3.125,4,steering_control
720575941639588127,720575941512798796,3,VNC_IntTct_L,,352,0.8522727272727272,4,steering_control
720575941639588127,720575941512798796,9,VNC_WTct_L,,352,2.556818181818182,4,steering_control
720575941639588127,720575941520331511,5,VNC_WTct_L,,487,1.0266940451745379,5,steering_control
720575941639588127,720575941521485643,4,VNC_WTct_L,,295,1.3559322033898304,1,power_control
720575941639588127,720575941533191105,4,VNC_HTct_L,,26,15.384615384615385,3,power_control
720575941639588127,720575941533191105,4,VNC_WTct_L,,26,15.384615384615385,3,power_control
720575941639588127,720575941534709482,3,VNC_HTct_L,,344,0.872093023255814,4,steering_control
720575941639588127,720575941536708323,5,VNC_WTct_L,,339,1.4749262536873156,3,power_control
720575941639588127,720575941549290495,2,VNC_HTct_L,,115,1.7391304347826086,3,power_control
720575941639588127,720575941549290495,3,VNC_IntTct_L,,115,2.608695652173913,3,power_control
720575941639588127,720575941549290495,4,VNC_WTct_L,,115,3.4782608695652173,3,power_control
720575941639588127,720575941549394687,15,VNC_HTct_L,,280,5.357142857142857,4,steering_control
720575941639588127,720575941549394687,3,VNC_IntTct_L,,280,1.0714285714285714,4,steering_control
720575941639588127,720575941549394687,23,VNC_WTct_L,,280,8.214285714285714,4,steering_control
720575941639588127,720575941563318070,15,VNC_HTct_L,,264,5.681818181818182,5,steering_control
720575941639588127,720575941563318070,12,VNC_IntTct_L,,264,4.545454545454546,5,steering_control
720575941639588127,720575941563318070,12,VNC_WTct_L,,264,4.545454545454546,5,steering_control
720575941639588127,720575941575681718,32,VNC_WTct_L,,2858,1.119664100769769,5,steering_control
720575941639588127,720575941583208582,2,VNC_HTct_L,,159,1.257861635220126,3,power_control
720575941639588127,720575941583208582,8,VNC_IntTct_L,,159,5.031446540880504,3,power_control
720575941639588127,720575941583208582,1,VNC_NTct_L,,159,0.628930817610063,3,power_control
720575941639588127,720575941583208582,11,VNC_WTct_L,,159,6.918238993710692,3,power_control
720575941639588127,720575941621630716,26,VNC_HTct_L,,407,6.388206388206388,4,steering_control
720575941639588127,720575941656239440,4,VNC_HTct_L,,193,2.072538860103627,3,power_control
720575941639588127,720575941656239440,2,VNC_IntTct_L,,193,1.0362694300518136,3,power_control
720575941639588127,720575941656239440,3,VNC_WTct_L,,193,1.5544041450777202,3,power_control
720575941639763999,720575941492308606,12,VNC_IntTct_R,,529,2.2684310018903595,2,steering_control
720575941639763999,720575941533761050,5,VNC_HTct_R,,420,1.1904761904761905,2,steering_control
720575941639763999,720575941533761050,5,VNC_IntTct_R,,420,1.1904761904761905,2,steering_control
720575941639763999,720575941533761050,2,VNC_WTct_R,,420,0.4761904761904762,2,steering_control
720575941639763999,720575941557294095,3,VNC_HTct_R,,479,0.6263048016701461,2,steering_control
720575941639763999,720575941557294095,6,VNC_IntTct_R,,479,1.2526096033402923,2,steering_control
720575941639763999,720575941557294095,4,VNC_WTct_R,,479,0.8350730688935281,2,steering_control
720575941639802655,720575941576941045,3,VNC_IntTct_R,,608,0.4934210526315789,4,steering_control
720575941639802655,720575941609001034,3,VNC_NTct_R,,563,0.5328596802841918,5,steering_control
720575941640505375,720575941408509867,4,VNC_T2_MesoNm_L,,434,0.9216589861751152,1,power_control
720575941640505375,720575941521069751,8,VNC_T1_ProNm_L,,1162,0.6884681583476765,5,steering_control
720575941640505375,720575941611914669,7,VNC_T1_ProNm_L,,1305,0.5363984674329502,5,steering_control
720575941642966629,720575941438723263,4,VNC_HTct_R,,235,1.702127659574468,5,steering_control
720575941642966629,720575941513254905,4,VNC_IntTct_R,,180,2.2222222222222223,4,steering_control
720575941642966629,720575941520064435,3,VNC_IntTct_R,,235,1.276595744680851,5,steering_control
720575941642966629,720575941521508939,3,VNC_IntTct_R,,240,1.25,5,steering_control
720575941642966629,720575941570772296,5,VNC_IntTct_R,,295,1.694915254237288,5,steering_control
720575941642966629,720575941576984821,3,VNC_IntTct_R,,234,1.282051282051282,2,steering_control
720575941642966629,720575941650775313,3,VNC_IntTct_R,,456,0.6578947368421052,2,steering_control
720575941643030945,720575941474704948,2,VNC_HTct_L,,186,1.0752688172043012,5,steering_control
720575941643030945,720575941474704948,1,VNC_HTct_R,,186,0.5376344086021506,5,steering_control
720575941643030945,720575941474704948,2,VNC_NTct_L,,186,1.0752688172043012,5,steering_control
720575941643030945,720575941505225266,4,VNC_HTct_L,,115,3.4782608695652173,5,steering_control
720575941643043272,720575941533738986,3,VNC_T2_MesoNm_R,,403,0.7444168734491315,5,steering_control
720575941643577445,720575941438261845,3,VNC_WTct_L,,219,1.36986301369863,5,steering_control
720575941643577445,720575941498948425,4,VNC_WTct_L,,526,0.7604562737642585,3,power_control
720575941643577445,720575941518434227,4,VNC_WTct_L,,748,0.53475935828877,1,power_control
720575941643577445,720575941526690841,5,VNC_WTct_L,,385,1.2987012987012987,1,power_control
720575941643577445,720575941561308818,2,VNC_WTct_L,,379,0.5277044854881267,1,power_control
720575941645372792,720575941547226248,4,VNC_NTct_L,,653,0.6125574272588056,5,steering_control
720575941645444808,720575941399253283,2,VNC_HTct_R,,418,0.4784688995215311,2,steering_control
720575941645444808,720575941399253283,7,VNC_IntTct_R,,418,1.674641148325359,2,steering_control
720575941645444808,720575941430389006,11,VNC_HTct_R,,379,2.9023746701846966,4,steering_control
720575941645444808,720575941430389006,2,VNC_IntTct_R,,379,0.5277044854881267,4,steering_control
720575941645444808,720575941436996882,5,VNC_IntTct_R,,766,0.6527415143603132,5,steering_control
720575941645444808,720575941456348575,22,VNC_HTct_R,,1369,1.6070124178232286,5,steering_control
720575941645444808,720575941456348575,48,VNC_IntTct_R,,1369,3.506208911614317,5,steering_control
720575941645444808,720575941458334163,14,VNC_HTct_R,,1380,1.0144927536231882,2,steering_control
720575941645444808,720575941458334163,17,VNC_IntTct_R,,1380,1.2318840579710146,2,steering_control
720575941645444808,720575941459554960,5,VNC_IntTct_R,,439,1.1389521640091116,2,steering_control
720575941645444808,720575941460885005,3,VNC_HTct_R,,500,0.6,5,steering_control
720575941645444808,720575941477884802,21,VNC_HTct_R,,995,2.1105527638190953,5,steering_control
720575941645444808,720575941488675276,11,VNC_HTct_R,,378,2.91005291005291,2,steering_control
720575941645444808,720575941488675276,3,VNC_unassigned_R,,378,0.7936507936507936,2,steering_control
720575941645444808,720575941495591291,6,VNC_HTct_R,,654,0.9174311926605505,5,steering_control
720575941645444808,720575941495591291,6,VNC_IntTct_R,,654,0.9174311926605505,5,steering_control
720575941645444808,720575941503451301,17,VNC_HTct_R,,2065,0.8232445520581114,2,steering_control
720575941645444808,720575941503451301,11,VNC_IntTct_R,,2065,0.5326876513317191,2,steering_control
720575941645444808,720575941516768472,7,VNC_IntTct_R,,290,2.413793103448276,5,steering_control
720575941645444808,720575941532385624,9,VNC_HTct_R,,460,1.956521739130435,2,steering_control
720575941645444808,720575941532385624,7,VNC_IntTct_R,,460,1.5217391304347827,2,steering_control
720575941645444808,720575941533221825,3,VNC_IntTct_R,,198,1.5151515151515151,5,steering_control
720575941645444808,720575941533761050,4,VNC_IntTct_R,,420,0.9523809523809524,2,steering_control
720575941645444808,720575941546491681,9,VNC_IntTct_R,,797,1.1292346298619824,5,steering_control
720575941645444808,720575941549701182,2,VNC_HTct_R,,194,1.0309278350515463,5,steering_control
720575941645444808,720575941549701182,2,VNC_IntTct_R,,194,1.0309278350515463,5,steering_control
720575941645444808,720575941557612915,30,VNC_HTct_R,,4206,0.7132667617689016,2,steering_control
720575941645444808,720575941557612915,19,VNC_IntTct_R,,4206,0.45173561578697097,2,steering_control
720575941645444808,720575941562021376,3,VNC_HTct_R,,519,0.5780346820809248,5,steering_control
720575941645444808,720575941562021376,7,VNC_IntTct_R,,519,1.348747591522158,5,steering_control
720575941645444808,720575941566956532,2,VNC_HTct_R,,460,0.43478260869565216,2,steering_control
720575941645444808,720575941566956532,11,VNC_IntTct_R,,460,2.391304347826087,2,steering_control
720575941645444808,720575941593615211,5,VNC_HTct_R,,797,0.6273525721455459,5,steering_control
720575941645444808,720575941593615211,12,VNC_IntTct_R,,797,1.5056461731493098,5,steering_control
720575941645444808,720575941601153270,3,VNC_HTct_R,,661,0.45385779122541603,5,steering_control
720575941645444808,720575941604997997,2,VNC_HTct_R,,306,0.6535947712418301,5,steering_control
720575941645444808,720575941608817897,4,VNC_HTct_R,,286,1.3986013986013985,2,steering_control
720575941645444808,720575941608817897,3,VNC_WTct_R,,286,1.048951048951049,2,steering_control
720575941645444808,720575941608991050,39,VNC_HTct_R,,3212,1.2141967621419676,2,steering_control
720575941645444808,720575941608991050,31,VNC_IntTct_R,,3212,0.9651307596513077,2,steering_control
720575941645444808,720575941612611993,3,VNC_IntTct_R,,55,5.454545454545454,5,steering_control
720575941645444808,720575941630959035,6,VNC_IntTct_R,,391,1.5345268542199488,5,steering_control
720575941645444808,720575941659696184,7,VNC_HTct_R,,840,0.8333333333333334,5,steering_control
720575941645444808,720575941680033213,2,VNC_HTct_R,,271,0.7380073800738007,5,steering_control
720575941650178289,720575941438659551,2,VNC_ANm_L,,322,0.6211180124223602,2,steering_control
720575941650178289,720575941438659551,4,VNC_T3_MetaNm_L,,322,1.2422360248447204,2,steering_control
720575941650178289,720575941566431286,18,VNC_T3_MetaNm_L,,122,14.754098360655737,2,steering_control
720575941650178289,720575941662295352,5,VNC_T3_MetaNm_L,,150,3.3333333333333335,2,steering_control
720575941651139349,720575941428428681,2,VNC_HTct_L,,75,2.666666666666667,3,power_control
720575941651139349,720575941428428681,3,VNC_HTct_R,,75,4.0,3,power_control
720575941651139349,720575941524196683,4,VNC_WTct_L,,264,1.5151515151515151,5,steering_control
720575941651815445,720575941436996882,10,VNC_NTct_L,,766,1.3054830287206265,5,steering_control
720575941651815445,720575941457147206,66,VNC_IntTct_L,,1471,4.486743711760707,5,steering_control
720575941651815445,720575941457147206,14,VNC_NTct_L,,1471,0.9517335146159076,5,steering_control
720575941651815445,720575941477884802,18,VNC_HTct_R,,995,1.809045226130653,5,steering_control
720575941651815445,720575941477884802,4,VNC_T3_MetaNm_R,,995,0.4020100502512563,5,steering_control
720575941651815445,720575941477884802,5,VNC_unassigned_L,,995,0.5025125628140703,5,steering_control
720575941651815445,720575941512899427,3,VNC_NTct_L,,193,1.5544041450777202,1,power_control
720575941651815445,720575941525725954,4,VNC_NTct_L,,667,0.5997001499250375,5,steering_control
720575941651815445,720575941526718564,1,VNC_HTct_L,,111,0.9009009009009009,5,steering_control
720575941651815445,720575941526718564,1,VNC_HTct_R,,111,0.9009009009009009,5,steering_control
720575941651815445,720575941526718564,1,VNC_T3_MetaNm_L,,111,0.9009009009009009,5,steering_control
720575941651815445,720575941526718564,2,VNC_T3_MetaNm_R,,111,1.8018018018018018,5,steering_control
720575941651815445,720575941526718564,1,VNC_unassigned_L,,111,0.9009009009009009,5,steering_control
720575941651815445,720575941533831194,7,VNC_HTct_L,,470,1.4893617021276597,2,steering_control
720575941651815445,720575941535331338,7,VNC_IntTct_L,,785,0.89171974522293,5,steering_control
720575941651815445,720575941540246909,3,VNC_HTct_L,,232,1.293103448275862,2,steering_control
720575941651815445,720575941549283839,4,VNC_HTct_L,,303,1.3201320132013201,2,steering_control
720575941651815445,720575941612053094,33,VNC_HTct_L,,914,3.6105032822757113,5,steering_control
720575941651815445,720575941612611993,2,VNC_IntTct_L,,55,3.6363636363636362,5,steering_control
720575941651815445,720575941612611993,1,VNC_LTct_L,,55,1.8181818181818181,5,steering_control
720575941651815445,720575941653507801,4,VNC_HTct_L,,367,1.08991825613079,5,steering_control
720575941651815445,720575941723242042,29,VNC_IntTct_L,,791,3.6662452591656134,5,steering_control
720575941651866901,720575941495662971,5,VNC_IntTct_R,,345,1.4492753623188406,2,steering_control
720575941652078869,720575941490693577,12,VNC_T1_ProNm_R,,1529,0.7848266841072596,5,steering_control
720575941652078869,720575941688644470,3,VNC_T3_MetaNm_R,,422,0.7109004739336493,5,steering_control
720575941652085745,720575941477166622,26,VNC_IntTct_L,,1660,1.566265060240964,5,steering_control
720575941652085745,720575941477166622,13,VNC_T1_ProNm_L,,1660,0.783132530120482,5,steering_control
720575941652614129,720575941399309603,4,VNC_HTct_L,,484,0.8264462809917356,2,steering_control
720575941652614129,720575941410007663,3,VNC_HTct_L,,186,1.6129032258064515,5,steering_control
720575941652614129,720575941410007663,3,VNC_WTct_L,,186,1.6129032258064515,5,steering_control
720575941652614129,720575941414326161,5,VNC_HTct_L,,343,1.4577259475218658,5,steering_control
720575941652614129,720575941430842209,6,VNC_HTct_L,,134,4.477611940298507,2,steering_control
720575941652614129,720575941430842209,1,VNC_T3_MetaNm_L,,134,0.7462686567164178,2,steering_control
720575941652614129,720575941439063503,6,VNC_HTct_L,,346,1.7341040462427744,5,steering_control
720575941652614129,720575941447013813,7,VNC_HTct_L,,962,0.7276507276507277,5,steering_control
720575941652614129,720575941452164915,3,VNC_WTct_L,,170,1.7647058823529411,2,steering_control
720575941652614129,720575941464073558,12,VNC_HTct_L,,785,1.5286624203821657,5,steering_control
720575941652614129,720575941464073558,7,VNC_IntTct_L,,785,0.89171974522293,5,steering_control
720575941652614129,720575941473850720,6,VNC_HTct_L,,1212,0.49504950495049505,5,steering_control
720575941652614129,720575941473850720,7,VNC_IntTct_L,,1212,0.5775577557755776,5,steering_control
720575941652614129,720575941473850720,6,VNC_NTct_L,,1212,0.49504950495049505,5,steering_control
720575941652614129,720575941477166622,11,VNC_HTct_L,,1660,0.6626506024096386,5,steering_control
720575941652614129,720575941477166622,32,VNC_IntTct_L,,1660,1.9277108433734942,5,steering_control
720575941652614129,720575941477166622,8,VNC_NTct_L,,1660,0.48192771084337355,5,steering_control
720575941652614129,720575941508542674,3,VNC_HTct_L,,521,0.5758157389635317,2,steering_control
720575941652614129,720575941517764824,18,VNC_HTct_L,,625,2.88,5,steering_control
720575941652614129,720575941520333047,16,VNC_HTct_L,,936,1.7094017094017095,5,steering_control
720575941652614129,720575941537600973,2,VNC_HTct_L,,420,0.4761904761904762,5,steering_control
720575941652614129,720575941550878087,17,VNC_HTct_L,,1310,1.297709923664122,4,steering_control
720575941652614129,720575941572251144,19,VNC_HTct_L,,3255,0.5837173579109063,2,steering_control
720575941652614129,720575941579868917,14,VNC_IntTct_L,,1745,0.8022922636103151,5,steering_control
720575941652614129,720575941579868917,19,VNC_NTct_L,,1745,1.0888252148997135,5,steering_control
720575941652614129,720575941583511518,3,VNC_IntTct_L,,537,0.5586592178770949,2,steering_control
720575941652614129,720575941588018942,12,VNC_HTct_L,,333,3.6036036036036037,5,steering_control
720575941652614129,720575941591748648,1,VNC_HTct_L,,248,0.4032258064516129,5,steering_control
720575941652614129,720575941591748648,2,VNC_IntTct_L,,248,0.8064516129032258,5,steering_control
720575941652614129,720575941601088441,5,VNC_HTct_L,,891,0.5611672278338945,5,steering_control
720575941652614129,720575941611080010,41,VNC_HTct_L,,2397,1.7104714226115976,4,steering_control
720575941652614129,720575941630933947,4,VNC_IntTct_L,,704,0.5681818181818182,4,steering_control
720575941652614129,720575941678358973,41,VNC_HTct_L,,1622,2.527743526510481,4,steering_control
720575941652633585,720575941399253283,4,VNC_WTct_R,,418,0.9569377990430622,2,steering_control
720575941652633585,720575941460885005,15,VNC_HTct_R,,500,3.0,5,steering_control
720575941652633585,720575941460885005,2,VNC_IntTct_R,,500,0.4,5,steering_control
720575941652633585,720575941460885005,7,VNC_WTct_R,,500,1.4000000000000001,5,steering_control
720575941652633585,720575941495591291,18,VNC_HTct_R,,654,2.7522935779816518,5,steering_control
720575941652633585,720575941495591291,4,VNC_IntTct_R,,654,0.6116207951070336,5,steering_control
720575941652633585,720575941496830370,13,VNC_HTct_R,,1278,1.0172143974960877,4,steering_control
720575941652633585,720575941501721138,21,VNC_HTct_R,,1210,1.7355371900826446,4,steering_control
720575941652633585,720575941528944568,49,VNC_HTct_R,,2084,2.3512476007677545,4,steering_control
720575941652633585,720575941532246762,5,VNC_HTct_R,,1209,0.41356492969396197,5,steering_control
720575941652633585,720575941532246762,7,VNC_IntTct_R,,1209,0.5789909015715468,5,steering_control
720575941652633585,720575941533221825,1,VNC_HTct_R,,198,0.5050505050505051,5,steering_control
720575941652633585,720575941533221825,2,VNC_WTct_R,,198,1.0101010101010102,5,steering_control
720575941652633585,720575941533761050,4,VNC_NTct_R,,420,0.9523809523809524,2,steering_control
720575941652633585,720575941546491681,6,VNC_HTct_R,,797,0.7528230865746549,5,steering_control
720575941652633585,720575941546491681,8,VNC_IntTct_R,,797,1.0037641154328731,5,steering_control
720575941652633585,720575941557294095,2,VNC_IntTct_R,,479,0.41753653444676403,2,steering_control
720575941652633585,720575941557612915,47,VNC_HTct_R,,4206,1.1174512601046125,2,steering_control
720575941652633585,720575941576941045,11,VNC_IntTct_R,,608,1.8092105263157896,4,steering_control
720575941652633585,720575941594515158,3,VNC_HTct_R,,231,1.2987012987012987,5,steering_control
720575941652633585,720575941601153270,6,VNC_HTct_R,,661,0.9077155824508321,5,steering_control
720575941652633585,720575941604997997,4,VNC_HTct_R,,306,1.3071895424836601,5,steering_control
720575941652633585,720575941608991050,29,VNC_HTct_R,,3212,0.9028642590286425,2,steering_control
720575941652633585,720575941609001034,3,VNC_WTct_R,,563,0.5328596802841918,5,steering_control
720575941652633585,720575941630959035,3,VNC_IntTct_R,,391,0.7672634271099744,5,steering_control
720575941652633585,720575941645100664,2,VNC_HTct_R,,112,1.7857142857142856,5,steering_control
720575941652633585,720575941645100664,1,VNC_WTct_R,,112,0.8928571428571428,5,steering_control
720575941652633585,720575941652038421,10,VNC_HTct_R,,142,7.042253521126761,4,steering_control
720575941652633585,720575941652038421,1,VNC_unassigned_R,,142,0.7042253521126761,4,steering_control
720575941652633585,720575941659696184,14,VNC_HTct_R,,840,1.6666666666666667,5,steering_control
720575941652633585,720575941667143601,2,VNC_HTct_R,,222,0.9009009009009009,5,steering_control
720575941652633585,720575941667143601,4,VNC_IntTct_R,,222,1.8018018018018018,5,steering_control
720575941652633585,720575941667143601,2,VNC_WTct_R,,222,0.9009009009009009,5,steering_control
720575941652728049,720575941594870230,17,VNC_T3_MetaNm_R,,409,4.156479217603912,5,steering_control
720575941652728049,720575941613448668,78,VNC_T2_MesoNm_R,,3300,2.3636363636363638,5,steering_control
720575941652728049,720575941688644470,3,VNC_ANm_R,,422,0.7109004739336493,5,steering_control
720575941652815857,720575941485422221,4,VNC_NTct_R,,634,0.6309148264984227,5,steering_control
720575941652815857,720575941532476248,3,VNC_HTct_R,,159,1.8867924528301887,5,steering_control
720575941652815857,720575941547178164,14,VNC_HTct_R,,162,8.641975308641975,3,power_control
720575941652815857,720575941547178164,1,VNC_T3_MetaNm_R,,162,0.6172839506172839,3,power_control
720575941652815857,720575941561870592,21,VNC_HTct_R,,142,14.788732394366196,4,steering_control
720575941652815857,720575941574155003,3,VNC_HTct_R,,510,0.5882352941176471,3,power_control
720575941653816081,720575941545408904,3,VNC_IntTct_R,,95,3.1578947368421053,3,power_control
720575941653816081,720575941545408904,1,VNC_LTct_R,,95,1.0526315789473684,3,power_control
720575941653816081,720575941545408904,2,VNC_WTct_R,,95,2.1052631578947367,3,power_control
720575941653816081,720575941643002962,3,VNC_IntTct_R,,39,7.6923076923076925,3,power_control
720575941653816081,720575941643002962,2,VNC_T2_MesoNm_R,,39,5.128205128205128,3,power_control
720575941653816081,720575941643002962,1,VNC_WTct_R,,39,2.564102564102564,3,power_control
720575941653816081,720575941655477716,5,VNC_T3_MetaNm_L,,243,2.05761316872428,1,power_control
720575941654376916,720575941488475598,3,VNC_IntTct_R,,276,1.0869565217391304,4,steering_control
720575941654376916,720575941498935777,13,VNC_IntTct_R,,1338,0.9715994020926756,5,steering_control
720575941654376916,720575941499426699,3,VNC_IntTct_R,,309,0.9708737864077669,4,steering_control
720575941655117012,720575941439063503,2,VNC_IntTct_L,,346,0.5780346820809248,5,steering_control
720575941655117012,720575941477166622,8,VNC_IntTct_L,,1660,0.48192771084337355,5,steering_control
720575941655117012,720575941477166622,8,VNC_NTct_L,,1660,0.48192771084337355,5,steering_control
720575941655117012,720575941588018942,3,VNC_IntTct_L,,333,0.9009009009009009,5,steering_control
720575941655820244,720575941560427379,2,VNC_ANm_R,,412,0.48543689320388345,5,steering_control
720575941655820244,720575941560427379,2,VNC_HTct_R,,412,0.48543689320388345,5,steering_control
720575941655820244,720575941560427379,3,VNC_T3_MetaNm_R,,412,0.7281553398058253,5,steering_control
720575941655820244,720575941602987510,6,VNC_T3_MetaNm_R,,306,1.9607843137254901,5,steering_control
720575941655820244,720575941603749817,10,VNC_T3_MetaNm_R,,377,2.6525198938992043,5,steering_control
720575941655820244,720575941688644470,9,VNC_T3_MetaNm_R,,422,2.132701421800948,5,steering_control
720575941656710736,720575941457147206,12,VNC_IntTct_L,,1471,0.8157715839564922,5,steering_control
720575941656710736,720575941530853507,3,VNC_IntTct_L,,434,0.6912442396313364,2,steering_control
720575941656710736,720575941536371442,4,VNC_IntTct_L,,453,0.8830022075055187,4,steering_control
720575941656710736,720575941547226248,4,VNC_NTct_L,,653,0.6125574272588056,5,steering_control
720575941656710736,720575941572251144,28,VNC_IntTct_L,,3255,0.8602150537634409,2,steering_control
720575941656710736,720575941576941045,3,VNC_IntTct_L,,608,0.4934210526315789,4,steering_control
720575941656710736,720575941581648479,5,VNC_HTct_L,,98,5.1020408163265305,5,steering_control
720575941656710736,720575941630748859,10,VNC_HTct_L,,1573,0.6357279084551812,2,steering_control
720575941656710736,720575941630748859,7,VNC_IntTct_L,,1573,0.44500953591862685,2,steering_control
720575941657879576,720575941401776931,9,VNC_LTct_R,,935,0.9625668449197862,5,steering_control
720575941657879576,720575941457802480,10,VNC_LTct_R,,1611,0.6207324643078833,5,steering_control
720575941657879576,720575941474571572,6,VNC_T3_MetaNm_R,,434,1.3824884792626728,5,steering_control
720575941657879576,720575941491289033,2,VNC_IntTct_R,,418,0.4784688995215311,2,steering_control
720575941657879576,720575941491289033,5,VNC_LTct_R,,418,1.1961722488038278,2,steering_control
720575941657879576,720575941512798929,6,VNC_T3_MetaNm_R,,269,2.2304832713754648,5,steering_control
720575941657879576,720575941516784494,4,VNC_LTct_R,,469,0.8528784648187633,5,steering_control
720575941657879576,720575941595021681,4,VNC_LTct_R,,506,0.7905138339920948,5,steering_control
720575941657879576,720575941619873663,7,VNC_LTct_R,,920,0.7608695652173914,2,steering_control
720575941657879576,720575941623067338,17,VNC_LTct_R,,507,3.353057199211045,5,steering_control
720575941657879576,720575941632901829,3,VNC_LTct_R,,523,0.5736137667304015,5,steering_control
720575941657989712,720575941456678893,4,VNC_T1_ProNm_L,,924,0.4329004329004329,5,steering_control
720575941657989712,720575941491338441,3,VNC_IntTct_R,,18,16.666666666666664,3,power_control
720575941657989712,720575941491338441,1,VNC_WTct_R,,18,5.555555555555555,3,power_control
720575941658936144,720575941405813295,3,VNC_LTct_R,,225,1.3333333333333335,5,steering_control
720575941658936144,720575941490160590,1,VNC_ANm_R,,87,1.1494252873563218,5,steering_control
720575941658936144,720575941490160590,6,VNC_T3_MetaNm_R,,87,6.896551724137931,5,steering_control
720575941658936144,720575941498482043,6,VNC_IntTct_R,,1024,0.5859375,3,power_control
720575941658936144,720575941516784494,3,VNC_LTct_R,,469,0.6396588486140725,5,steering_control
720575941658936144,720575941595021681,4,VNC_LTct_R,,506,0.7905138339920948,5,steering_control
720575941658936144,720575941623067338,23,VNC_LTct_R,,507,4.536489151873767,5,steering_control
720575941658936144,720575941623067338,3,VNC_T1_ProNm_R,,507,0.591715976331361,5,steering_control
720575941658941264,720575941438382380,5,VNC_T2_MesoNm_L,,232,2.1551724137931036,3,power_control
720575941658941264,720575941441993167,7,VNC_T2_MesoNm_L,,1748,0.40045766590389015,5,steering_control
720575941658941264,720575941470067063,3,VNC_T1_ProNm_L,,470,0.6382978723404255,4,steering_control
720575941658941264,720575941470067063,4,VNC_T2_MesoNm_L,,470,0.851063829787234,4,steering_control
720575941658941264,720575941543315205,5,VNC_ANm_L,,37,13.513513513513514,5,steering_control
720575941658941264,720575941554482259,4,VNC_ANm_L,,55,7.2727272727272725,5,steering_control
720575941659400984,720575941473850720,5,VNC_IntTct_L,,1212,0.4125412541254125,5,steering_control
720575941659400984,720575941535331338,4,VNC_IntTct_L,,785,0.5095541401273885,5,steering_control
720575941659400984,720575941612053094,5,VNC_HTct_L,,914,0.5470459518599562,5,steering_control
720575941661233976,720575941546491681,4,VNC_IntTct_R,,797,0.5018820577164366,5,steering_control
720575941661415224,720575941498948425,4,VNC_unassigned_R,,526,0.7604562737642585,3,power_control
720575941661415224,720575941515619939,5,VNC_HTct_L,,346,1.4450867052023122,1,power_control
720575941661415224,720575941554049307,3,VNC_WTct_R,,637,0.47095761381475665,1,power_control
720575941661415224,720575941564147346,4,VNC_WTct_L,,117,3.418803418803419,1,power_control
720575941661415224,720575941594160421,3,VNC_IntTct_R,,733,0.4092769440654843,1,power_control
720575941661415224,720575941594160421,3,VNC_unassigned_R,,733,0.4092769440654843,1,power_control
720575941661415224,720575941669049587,2,VNC_IntTct_R,,293,0.6825938566552902,1,power_control
720575941662407992,720575941623067338,13,VNC_LTct_R,,507,2.564102564102564,5,steering_control
720575941662506040,720575941402032240,16,VNC_WTct_R,,324,4.938271604938271,1,power_control
720575941662506040,720575941402032240,2,VNC_unassigned_R,,324,0.6172839506172839,1,power_control
720575941662506040,720575941407795118,2,VNC_WTct_L,,215,0.9302325581395349,1,power_control
720575941662506040,720575941407795118,4,VNC_WTct_R,,215,1.8604651162790697,1,power_control
720575941662506040,720575941409016235,2,VNC_WTct_L,,127,1.574803149606299,5,steering_control
720575941662506040,720575941409016235,2,VNC_unassigned_L,,127,1.574803149606299,5,steering_control
720575941662506040,720575941409016235,1,VNC_unassigned_R,,127,0.7874015748031495,5,steering_control
720575941662506040,720575941413872924,3,VNC_WTct_R,,185,1.6216216216216217,5,steering_control
720575941662506040,720575941413920540,3,VNC_WTct_R,,204,1.4705882352941175,5,steering_control
720575941662506040,720575941429422295,2,VNC_HTct_L,,62,3.225806451612903,1,power_control
720575941662506040,720575941429422295,2,VNC_WTct_L,,62,3.225806451612903,1,power_control
720575941662506040,720575941429466839,4,VNC_WTct_L,,36,11.11111111111111,5,steering_control
720575941662506040,720575941429466839,1,VNC_WTct_R,,36,2.7777777777777777,5,steering_control
720575941662506040,720575941435993888,4,VNC_WTct_R,,75,5.333333333333334,3,power_control
720575941662506040,720575941439197269,2,VNC_NTct_R,,197,1.015228426395939,3,power_control
720575941662506040,720575941439197269,2,VNC_WTct_L,,197,1.015228426395939,3,power_control
720575941662506040,720575941439197269,7,VNC_WTct_R,,197,3.5532994923857872,3,power_control
720575941662506040,720575941447779092,3,VNC_WTct_L,,523,0.5736137667304015,1,power_control
720575941662506040,720575941447887636,3,VNC_WTct_L,,95,3.1578947368421053,3,power_control
720575941662506040,720575941447887636,2,VNC_WTct_R,,95,2.1052631578947367,3,power_control
720575941662506040,720575941459912262,5,VNC_WTct_R,,663,0.7541478129713424,5,steering_control
720575941662506040,720575941468245879,3,VNC_WTct_L,,244,1.2295081967213115,5,steering_control
720575941662506040,720575941470536715,2,VNC_HTct_L,,359,0.5571030640668524,3,power_control
720575941662506040,720575941470536715,2,VNC_NTct_L,,359,0.5571030640668524,3,power_control
720575941662506040,720575941470536715,19,VNC_WTct_L,,359,5.2924791086350975,3,power_control
720575941662506040,720575941470536715,8,VNC_unassigned_L,,359,2.2284122562674096,3,power_control
720575941662506040,720575941474704948,6,VNC_HTct_L,,186,3.225806451612903,5,steering_control
720575941662506040,720575941474704948,4,VNC_HTct_R,,186,2.1505376344086025,5,steering_control
720575941662506040,720575941474704948,1,VNC_WTct_L,,186,0.5376344086021506,5,steering_control
720575941662506040,720575941484663558,1,VNC_NTct_R,,147,0.6802721088435374,1,power_control
720575941662506040,720575941484663558,5,VNC_WTct_R,,147,3.4013605442176873,1,power_control
720575941662506040,720575941484663558,1,VNC_unassigned_L,,147,0.6802721088435374,1,power_control
720575941662506040,720575941485135426,5,VNC_WTct_R,,154,3.2467532467532463,1,power_control
720575941662506040,720575941485135426,4,VNC_unassigned_R,,154,2.5974025974025974,1,power_control
720575941662506040,720575941485422221,6,VNC_WTct_R,,634,0.9463722397476341,5,steering_control
720575941662506040,720575941485422221,4,VNC_unassigned_R,,634,0.6309148264984227,5,steering_control
720575941662506040,720575941489677001,24,VNC_WTct_R,,377,6.36604774535809,3,power_control
720575941662506040,720575941489677001,5,VNC_unassigned_R,,377,1.3262599469496021,3,power_control
720575941662506040,720575941489819081,9,VNC_WTct_R,,330,2.727272727272727,3,power_control
720575941662506040,720575941492284286,4,VNC_WTct_R,,178,2.247191011235955,5,steering_control
720575941662506040,720575941498948425,8,VNC_WTct_L,,526,1.520912547528517,3,power_control
720575941662506040,720575941498948425,12,VNC_WTct_R,,526,2.2813688212927756,3,power_control
720575941662506040,720575941498948425,4,VNC_unassigned_L,,526,0.7604562737642585,3,power_control
720575941662506040,720575941498948425,4,VNC_unassigned_R,,526,0.7604562737642585,3,power_control
720575941662506040,720575941499447691,5,VNC_WTct_R,,654,0.764525993883792,5,steering_control
720575941662506040,720575941500995051,5,VNC_WTct_L,,337,1.483679525222552,5,steering_control
720575941662506040,720575941500995051,8,VNC_WTct_R,,337,2.3738872403560833,5,steering_control
720575941662506040,720575941500995051,3,VNC_unassigned_L,,337,0.8902077151335311,5,steering_control
720575941662506040,720575941500995051,5,VNC_unassigned_R,,337,1.483679525222552,5,steering_control
720575941662506040,720575941501026283,2,VNC_WTct_L,,205,0.975609756097561,1,power_control
720575941662506040,720575941501026283,2,VNC_WTct_R,,205,0.975609756097561,1,power_control
720575941662506040,720575941515619939,2,VNC_HTct_L,,346,0.5780346820809248,1,power_control
720575941662506040,720575941515619939,2,VNC_HTct_R,,346,0.5780346820809248,1,power_control
720575941662506040,720575941515619939,2,VNC_WTct_L,,346,0.5780346820809248,1,power_control
720575941662506040,720575941515619939,2,VNC_unassigned_L,,346,0.5780346820809248,1,power_control
720575941662506040,720575941516099500,4,VNC_WTct_L,,769,0.5201560468140443,1,power_control
720575941662506040,720575941518434227,4,VNC_WTct_R,,748,0.53475935828877,1,power_control
720575941662506040,720575941527843768,5,VNC_HTct_L,,403,1.240694789081886,5,steering_control
720575941662506040,720575941534726376,3,VNC_WTct_R,,322,0.9316770186335404,5,steering_control
720575941662506040,720575941536648168,3,VNC_unassigned_R,,228,1.3157894736842104,2,steering_control
720575941662506040,720575941537594573,2,VNC_WTct_L,,224,0.8928571428571428,1,power_control
720575941662506040,720575941537594573,13,VNC_WTct_R,,224,5.803571428571429,1,power_control
720575941662506040,720575941537594573,2,VNC_unassigned_L,,224,0.8928571428571428,1,power_control
720575941662506040,720575941551937598,1,VNC_WTct_L,,92,1.0869565217391304,1,power_control
720575941662506040,720575941551937598,4,VNC_WTct_R,,92,4.3478260869565215,1,power_control
720575941662506040,720575941551937598,2,VNC_unassigned_L,,92,2.1739130434782608,1,power_control
720575941662506040,720575941551937598,1,VNC_unassigned_R,,92,1.0869565217391304,1,power_control
720575941662506040,720575941554049307,4,VNC_WTct_R,,637,0.6279434850863422,1,power_control
720575941662506040,720575941562464866,3,VNC_WTct_L,,343,0.8746355685131195,3,power_control
720575941662506040,720575941564147346,1,VNC_IntTct_L,,117,0.8547008547008548,1,power_control
720575941662506040,720575941564147346,1,VNC_IntTct_R,,117,0.8547008547008548,1,power_control
720575941662506040,720575941564147346,4,VNC_WTct_L,,117,3.418803418803419,1,power_control
720575941662506040,720575941564147346,2,VNC_WTct_R,,117,1.7094017094017095,1,power_control
720575941662506040,720575941564147346,1,VNC_unassigned_R,,117,0.8547008547008548,1,power_control
720575941662506040,720575941566431286,3,VNC_WTct_R,,122,2.459016393442623,2,steering_control
720575941662506040,720575941571427323,6,VNC_WTct_L,,380,1.5789473684210527,3,power_control
720575941662506040,720575941576958197,1,VNC_HTct_L,,98,1.0204081632653061,3,power_control
720575941662506040,720575941576958197,2,VNC_WTct_L,,98,2.0408163265306123,3,power_control
720575941662506040,720575941576958197,1,VNC_unassigned_L,,98,1.0204081632653061,3,power_control
720575941662506040,720575941580641913,1,VNC_WTct_L,,151,0.6622516556291391,1,power_control
720575941662506040,720575941580641913,3,VNC_WTct_R,,151,1.9867549668874174,1,power_control
720575941662506040,720575941580641913,1,VNC_unassigned_L,,151,0.6622516556291391,1,power_control
720575941662506040,720575941580641913,1,VNC_unassigned_R,,151,0.6622516556291391,1,power_control
720575941662506040,720575941594160421,3,VNC_WTct_R,,733,0.4092769440654843,1,power_control
720575941662506040,720575941595757724,3,VNC_HTct_L,,120,2.5,3,power_control
720575941662506040,720575941595757724,7,VNC_WTct_R,,120,5.833333333333333,3,power_control
720575941662506040,720575941595757724,3,VNC_unassigned_L,,120,2.5,3,power_control
720575941662506040,720575941611056714,1,VNC_WTct_L,,96,1.0416666666666665,3,power_control
720575941662506040,720575941611056714,1,VNC_WTct_R,,96,1.0416666666666665,3,power_control
720575941662506040,720575941611056714,2,VNC_unassigned_L,,96,2.083333333333333,3,power_control
720575941662506040,720575941614919893,1,VNC_WTct_L,,160,0.625,1,power_control
720575941662506040,720575941614919893,4,VNC_WTct_R,,160,2.5,1,power_control
720575941662506040,720575941614919893,1,VNC_unassigned_L,,160,0.625,1,power_control
720575941662506040,720575941614919893,5,VNC_unassigned_R,,160,3.125,1,power_control
720575941662506040,720575941632673516,10,VNC_WTct_R,,324,3.0864197530864197,3,power_control
720575941662506040,720575941642530504,3,VNC_WTct_R,,54,5.555555555555555,1,power_control
720575941662506040,720575941652652561,2,VNC_WTct_L,,158,1.2658227848101267,5,steering_control
720575941662506040,720575941652652561,2,VNC_WTct_R,,158,1.2658227848101267,5,steering_control
720575941662506040,720575941652652561,2,VNC_unassigned_L,,158,1.2658227848101267,5,steering_control
720575941662506040,720575941652652561,2,VNC_unassigned_R,,158,1.2658227848101267,5,steering_control
720575941662506040,720575941663489404,3,VNC_WTct_R,,104,2.8846153846153846,5,steering_control
720575941662506040,720575941669049587,3,VNC_HTct_L,,293,1.023890784982935,1,power_control
720575941662506040,720575941669049587,3,VNC_IntTct_L,,293,1.023890784982935,1,power_control
720575941662506040,720575941669049587,2,VNC_IntTct_R,,293,0.6825938566552902,1,power_control
720575941662506040,720575941669049587,4,VNC_WTct_L,,293,1.3651877133105803,1,power_control
720575941662506040,720575941669049587,8,VNC_WTct_R,,293,2.7303754266211606,1,power_control
720575941662506040,720575941669049587,2,VNC_unassigned_R,,293,0.6825938566552902,1,power_control
720575941662506040,720575941700592858,3,VNC_WTct_R,,191,1.5706806282722512,1,power_control
720575941662506040,720575941700592858,4,VNC_unassigned_R,,191,2.094240837696335,1,power_control
720575941662645304,720575941492284286,5,VNC_LTct_R,,178,2.8089887640449436,5,steering_control
720575941662645304,720575941536648168,1,VNC_T2_MesoNm_R,,228,0.43859649122807015,2,steering_control
720575941662645304,720575941536648168,1,VNC_WTct_R,,228,0.43859649122807015,2,steering_control
720575941662645304,720575941536648168,2,VNC_unassigned_R,,228,0.8771929824561403,2,steering_control
720575941662645304,720575941537594573,5,VNC_AMNp_R,,224,2.232142857142857,1,power_control
720575941662645304,720575941537594573,2,VNC_WTct_R,,224,0.8928571428571428,1,power_control
720575941662645304,720575941537594573,2,VNC_unassigned_R,,224,0.8928571428571428,1,power_control
720575941662695992,720575941592919080,12,VNC_T1_ProNm_L,,1029,1.1661807580174928,5,steering_control
720575941662983224,720575941547226248,7,VNC_NTct_L,,653,1.0719754977029097,5,steering_control
720575941666660595,720575941492446078,3,VNC_IntTct_R,,89,3.3707865168539324,5,steering_control
720575941666660595,720575941496915618,3,VNC_HTct_R,,236,1.2711864406779663,5,steering_control
720575941666660595,720575941533864458,1,VNC_HTct_R,,188,0.5319148936170213,5,steering_control
720575941666660595,720575941533864458,3,VNC_IntTct_R,,188,1.5957446808510638,5,steering_control
720575941666660595,720575941604997997,4,VNC_IntTct_R,,306,1.3071895424836601,5,steering_control
720575941666660595,720575941667143601,4,VNC_IntTct_R,,222,1.8018018018018018,5,steering_control
720575941666660595,720575941667143601,4,VNC_unassigned_R,,222,1.8018018018018018,5,steering_control
720575941668465319,720575941523112439,4,VNC_IntTct_L,,860,0.46511627906976744,5,steering_control
720575941668513011,720575941474571572,4,VNC_T3_MetaNm_L,,434,0.9216589861751152,5,steering_control
720575941668513011,720575941474571572,3,VNC_T3_MetaNm_R,,434,0.6912442396313364,5,steering_control
720575941668513011,720575941512798929,7,VNC_T3_MetaNm_L,,269,2.6022304832713754,5,steering_control
720575941668513011,720575941512798929,2,VNC_T3_MetaNm_R,,269,0.7434944237918215,5,steering_control
720575941668513011,720575941516784494,3,VNC_LTct_L,,469,0.6396588486140725,5,steering_control
720575941668513011,720575941549386239,6,VNC_IntTct_L,,409,1.466992665036675,2,steering_control
720575941668513011,720575941623067338,4,VNC_LTct_R,,507,0.7889546351084813,5,steering_control
720575941668914609,720575941523112439,4,VNC_IntTct_L,,860,0.46511627906976744,5,steering_control
720575941671438247,720575941612696934,6,VNC_ANm_R,,193,3.1088082901554404,3,power_control
720575941671438247,720575941612696934,1,VNC_unassigned_R,,193,0.5181347150259068,3,power_control
720575941681032125,720575941431311575,9,VNC_WTct_R,,1416,0.6355932203389831,5,steering_control
720575941681032125,720575941500983019,6,VNC_WTct_L,,294,2.0408163265306123,5,steering_control
720575941681032125,720575941500983019,5,VNC_WTct_R,,294,1.7006802721088436,5,steering_control
720575941681032125,720575941594160421,5,VNC_HTct_R,,733,0.6821282401091405,1,power_control
720575941681032125,720575941594160421,3,VNC_WTct_R,,733,0.4092769440654843,1,power_control
720575941681032125,720575941663099516,3,VNC_WTct_R,,343,0.8746355685131195,5,steering_control
720575941681384637,720575941498948425,3,VNC_NTct_L,,526,0.5703422053231939,3,power_control
720575941681678525,720575941457147206,8,VNC_IntTct_L,,1471,0.5438477226376615,5,steering_control
720575941681678525,720575941465484566,22,VNC_HTct_L,,2567,0.8570315543435918,2,steering_control
720575941681678525,720575941535331338,4,VNC_IntTct_L,,785,0.5095541401273885,5,steering_control
720575941681678525,720575941571524872,1,VNC_IntTct_L,,189,0.5291005291005291,1,power_control
720575941681678525,720575941571524872,3,VNC_NTct_L,,189,1.5873015873015872,1,power_control
720575941681678525,720575941572251144,37,VNC_HTct_L,,3255,1.1367127496159755,2,steering_control
720575941681678525,720575941630748859,19,VNC_HTct_L,,1573,1.2078830260648443,2,steering_control
720575941681678525,720575941630748859,9,VNC_IntTct_L,,1573,0.5721551176096631,2,steering_control
720575941688189935,720575941408509867,3,VNC_IntTct_R,,434,0.6912442396313364,1,power_control
720575941688189935,720575941459554960,6,VNC_HTct_R,,439,1.366742596810934,2,steering_control
720575941688189935,720575941474334779,7,VNC_HTct_R,,883,0.7927519818799547,5,steering_control
720575941688189935,720575941474334779,4,VNC_IntTct_R,,883,0.4530011325028313,5,steering_control
720575941688189935,720575941490785712,3,VNC_IntTct_R,,234,1.282051282051282,5,steering_control
720575941688189935,720575941495591291,4,VNC_IntTct_R,,654,0.6116207951070336,5,steering_control
720575941688189935,720575941517770412,4,VNC_HTct_R,,413,0.9685230024213075,1,power_control
720575941688189935,720575941517770412,3,VNC_IntTct_R,,413,0.7263922518159807,1,power_control
720575941688189935,720575941532246762,21,VNC_IntTct_R,,1209,1.7369727047146404,5,steering_control
720575941688189935,720575941535331338,7,VNC_HTct_R,,785,0.89171974522293,5,steering_control
720575941688189935,720575941554049307,4,VNC_NTct_R,,637,0.6279434850863422,1,power_control
720575941688189935,720575941557612915,19,VNC_HTct_R,,4206,0.45173561578697097,2,steering_control
720575941688189935,720575941557612915,29,VNC_IntTct_R,,4206,0.6894912030432715,2,steering_control
720575941688189935,720575941583254918,3,VNC_WTct_R,,331,0.906344410876133,2,steering_control
720575941688189935,720575941601153270,15,VNC_HTct_R,,661,2.26928895612708,5,steering_control
720575941688189935,720575941608991050,19,VNC_HTct_R,,3212,0.5915317559153176,2,steering_control
720575941688189935,720575941652038421,5,VNC_HTct_R,,142,3.5211267605633805,4,steering_control
720575941688189935,720575941652038421,3,VNC_T3_MetaNm_R,,142,2.112676056338028,4,steering_control
720575941688189935,720575941652038421,1,VNC_unassigned_R,,142,0.7042253521126761,4,steering_control
720575941688189935,720575941659696184,11,VNC_HTct_R,,840,1.3095238095238095,5,steering_control
720575941688189935,720575941684876527,2,VNC_HTct_R,,218,0.9174311926605505,5,steering_control
720575941688189935,720575941684876527,3,VNC_IntTct_R,,218,1.3761467889908259,5,steering_control
720575941688517388,720575941474640682,3,VNC_WTct_R,,170,1.7647058823529411,5,steering_control
720575941688517388,720575941533234954,4,VNC_unassigned_R,,175,2.2857142857142856,1,power_control
720575941688517388,720575941566918388,4,VNC_WTct_R,,850,0.4705882352941176,5,steering_control
720575941688517388,720575941613448668,43,VNC_T2_MesoNm_R,,3300,1.3030303030303032,5,steering_control
720575941688517388,720575941665520371,3,VNC_WTct_R,,481,0.6237006237006237,5,steering_control
720575941688574360,720575941547226248,6,VNC_NTct_L,,653,0.9188361408882083,5,steering_control
720575941688582518,720575941574155003,5,VNC_HTct_R,,510,0.9803921568627451,3,power_control
720575941688644315,720575941478092963,3,VNC_IntTct_L,,466,0.6437768240343348,5,steering_control
720575941688644315,720575941547226248,4,VNC_IntTct_L,,653,0.6125574272588056,5,steering_control
720575941688644315,720575941547226248,8,VNC_NTct_L,,653,1.2251148545176112,5,steering_control
720575941689709019,720575941495662971,3,VNC_WTct_R,,345,0.8695652173913043,2,steering_control
720575941690874331,720575941525725954,6,VNC_NTct_L,,667,0.8995502248875562,5,steering_control
720575941690964888,720575941439063503,2,VNC_IntTct_L,,346,0.5780346820809248,5,steering_control
720575941690964888,720575941591748648,3,VNC_IntTct_L,,248,1.2096774193548387,5,steering_control
720575941691021720,720575941523112439,9,VNC_NTct_L,,860,1.0465116279069768,5,steering_control
720575941691021720,720575941579868917,39,VNC_NTct_L,,1745,2.2349570200573066,5,steering_control
720575941700293082,720575941519273944,3,VNC_HTct_R,,321,0.9345794392523363,5,steering_control
720575941700293082,720575941519273944,2,VNC_WTct_R,,321,0.6230529595015576,5,steering_control
720575941700293082,720575941526690841,12,VNC_HTct_R,,385,3.116883116883117,1,power_control
720575941700293082,720575941526690841,3,VNC_NTct_R,,385,0.7792207792207793,1,power_control
720575941700293082,720575941526690841,4,VNC_WTct_R,,385,1.0389610389610389,1,power_control
720575941700293082,720575941562134829,11,VNC_HTct_R,,519,2.119460500963391,1,power_control
720575941700293082,720575941562134829,11,VNC_WTct_R,,519,2.119460500963391,1,power_control
720575941700293082,720575941668725169,4,VNC_HTct_R,,904,0.4424778761061947,5,steering_control
720575941700293082,720575941668725169,4,VNC_WTct_R,,904,0.4424778761061947,5,steering_control
720575941700316378,720575941435993888,1,VNC_HTct_L,,75,1.3333333333333335,3,power_control
720575941700316378,720575941435993888,2,VNC_WTct_L,,75,2.666666666666667,3,power_control
720575941700316378,720575941515619939,3,VNC_NTct_L,,346,0.8670520231213872,1,power_control
720575941701235930,720575941414326161,4,VNC_IntTct_L,,343,1.1661807580174928,5,steering_control
720575941701235930,720575941414508948,9,VNC_IntTct_L,,2237,0.4023245417970496,3,power_control
720575941701235930,720575941447013813,7,VNC_HTct_L,,962,0.7276507276507277,5,steering_control
720575941701235930,720575941464073558,4,VNC_IntTct_L,,785,0.5095541401273885,5,steering_control
720575941701235930,720575941465484566,47,VNC_IntTct_L,,2567,1.8309310479158551,2,steering_control
720575941701235930,720575941472042282,3,VNC_NTct_L,,143,2.097902097902098,1,power_control
720575941701235930,720575941473850720,7,VNC_HTct_L,,1212,0.5775577557755776,5,steering_control
720575941701235930,720575941473850720,20,VNC_IntTct_L,,1212,1.65016501650165,5,steering_control
720575941701235930,720575941478092963,7,VNC_IntTct_L,,466,1.502145922746781,5,steering_control
720575941701235930,720575941483838349,3,VNC_HTct_L,,256,1.171875,2,steering_control
720575941701235930,720575941516784494,3,VNC_IntTct_L,,469,0.6396588486140725,5,steering_control
720575941701235930,720575941530853507,10,VNC_IntTct_L,,434,2.3041474654377883,2,steering_control
720575941701235930,720575941530853507,2,VNC_WTct_L,,434,0.4608294930875576,2,steering_control
720575941701235930,720575941533831194,5,VNC_HTct_L,,470,1.0638297872340425,2,steering_control
720575941701235930,720575941533831194,2,VNC_WTct_L,,470,0.425531914893617,2,steering_control
720575941701235930,720575941535331338,10,VNC_IntTct_L,,785,1.2738853503184715,5,steering_control
720575941701235930,720575941536371442,6,VNC_HTct_L,,453,1.3245033112582782,4,steering_control
720575941701235930,720575941549386239,4,VNC_IntTct_L,,409,0.9779951100244498,2,steering_control
720575941701235930,720575941572251144,14,VNC_HTct_L,,3255,0.43010752688172044,2,steering_control
720575941701235930,720575941572251144,77,VNC_IntTct_L,,3255,2.3655913978494625,2,steering_control
720575941701235930,720575941612053094,7,VNC_HTct_L,,914,0.7658643326039387,5,steering_control
720575941701235930,720575941619873663,4,VNC_IntTct_L,,920,0.43478260869565216,2,steering_control
720575941701235930,720575941623347099,2,VNC_WTct_L,,455,0.43956043956043955,2,steering_control
720575941701235930,720575941630748859,24,VNC_HTct_L,,1573,1.5257469802924348,2,steering_control
720575941701235930,720575941650775313,8,VNC_IntTct_L,,456,1.7543859649122806,2,steering_control
720575941701672666,720575941571524872,4,VNC_IntTct_L,,189,2.1164021164021163,1,power_control
720575941701672666,720575941571524872,4,VNC_WTct_L,,189,2.1164021164021163,1,power_control
720575941703187674,720575941573489416,8,VNC_T2_MesoNm_R,,212,3.7735849056603774,5,steering_control
720575941703384026,720575941535047690,9,VNC_IntTct_L,,1366,0.6588579795021963,5,steering_control
720575941721638714,720575941474571572,3,VNC_T3_MetaNm_R,,434,0.6912442396313364,5,steering_control
720575941721638714,720575941492308606,5,VNC_IntTct_R,,529,0.945179584120983,2,steering_control
720575941722108218,720575941498935777,6,VNC_IntTct_L,,1338,0.4484304932735426,5,steering_control
720575941722210362,720575941526690841,5,VNC_HTct_L,,385,1.2987012987012987,1,power_control
720575941722210362,720575941526690841,3,VNC_WTct_L,,385,0.7792207792207793,1,power_control
720575941722210362,720575941552622398,3,VNC_IntTct_L,,210,1.4285714285714286,5,steering_control
720575941722210362,720575941625932682,2,VNC_IntTct_L,,274,0.7299270072992701,5,steering_control
720575941722210362,720575941649244437,6,VNC_HTct_L,,802,0.7481296758104738,5,steering_control
720575941722210362,720575941668725169,4,VNC_HTct_L,,904,0.4424778761061947,5,steering_control
720575941730244651,720575941464768790,5,VNC_unassigned_R,,723,0.6915629322268326,5,steering_control
720575941730332715,720575941404452720,2,VNC_HTct_L,,277,0.7220216606498195,5,steering_control
720575941730332715,720575941524196683,4,VNC_HTct_R,,264,1.5151515151515151,5,steering_control
720575941730332715,720575941524196683,2,VNC_WTct_L,,264,0.7575757575757576,5,steering_control
720575941730332715,720575941526690841,2,VNC_HTct_L,,385,0.5194805194805194,1,power_control
720575941730332715,720575941580641913,1,VNC_HTct_R,,151,0.6622516556291391,1,power_control
720575941730332715,720575941580641913,5,VNC_WTct_L,,151,3.3112582781456954,1,power_control
720575941730332715,720575941586381892,3,VNC_HTct_R,,80,3.75,3,power_control
720575941730332715,720575941586381892,1,VNC_WTct_R,,80,1.25,3,power_control
720575941730332715,720575941649244437,6,VNC_HTct_L,,802,0.7481296758104738,5,steering_control
720575941732549163,720575941565522839,7,VNC_AMNp_R,,367,1.9073569482288828,5,steering_control
720575941732549163,720575941565522839,5,VNC_T1_ProNm_R,,367,1.3623978201634876,5,steering_control
720575941732586539,720575941447013813,13,VNC_HTct_L,,962,1.3513513513513513,5,steering_control
720575941732586539,720575941459514512,4,VNC_HTct_L,,755,0.5298013245033113,5,steering_control
720575941732586539,720575941473850720,11,VNC_IntTct_L,,1212,0.9075907590759077,5,steering_control
720575941732586539,720575941492354174,3,VNC_HTct_L,,140,2.142857142857143,5,steering_control
720575941732586539,720575941516099500,8,VNC_HTct_L,,769,1.0403120936280885,1,power_control
720575941732586539,720575941516099500,5,VNC_NTct_L,,769,0.6501950585175552,1,power_control
720575941732586539,720575941516099500,8,VNC_WTct_L,,769,1.0403120936280885,1,power_control
720575941732586539,720575941518434227,3,VNC_HTct_L,,748,0.4010695187165776,1,power_control
720575941732586539,720575941534709482,7,VNC_HTct_L,,344,2.0348837209302326,4,steering_control
720575941732586539,720575941561320493,5,VNC_HTct_L,,342,1.461988304093567,4,steering_control
720575941732586539,720575941561320493,3,VNC_unassigned_L,,342,0.8771929824561403,4,steering_control
720575941732586539,720575941601088441,13,VNC_HTct_L,,891,1.4590347923681257,5,steering_control
720575941733034283,720575941399253283,4,VNC_HTct_R,,418,0.9569377990430622,2,steering_control
720575941733034283,720575941399253283,12,VNC_IntTct_R,,418,2.8708133971291865,2,steering_control
720575941733034283,720575941399253283,6,VNC_WTct_R,,418,1.4354066985645932,2,steering_control
720575941733034283,720575941399309603,9,VNC_IntTct_L,,484,1.859504132231405,2,steering_control
720575941733034283,720575941399309603,3,VNC_NTct_L,,484,0.6198347107438017,2,steering_control
720575941733034283,720575941399309603,2,VNC_WTct_L,,484,0.4132231404958678,2,steering_control
720575941733034283,720575941410007663,3,VNC_HTct_L,,186,1.6129032258064515,5,steering_control
720575941733034283,720575941410007663,1,VNC_IntTct_L,,186,0.5376344086021506,5,steering_control
720575941733034283,720575941412323473,17,VNC_IntTct_L,,466,3.648068669527897,2,steering_control
720575941733034283,720575941412323473,5,VNC_WTct_L,,466,1.0729613733905579,2,steering_control
720575941733034283,720575941412443540,8,VNC_IntTct_L,,416,1.9230769230769231,2,steering_control
720575941733034283,720575941412443540,4,VNC_IntTct_R,,416,0.9615384615384616,2,steering_control
720575941733034283,720575941414326161,3,VNC_HTct_L,,343,0.8746355685131195,5,steering_control
720575941733034283,720575941414326161,17,VNC_IntTct_L,,343,4.956268221574344,5,steering_control
720575941733034283,720575941436996882,4,VNC_IntTct_R,,766,0.5221932114882507,5,steering_control
720575941733034283,720575941450876794,5,VNC_IntTct_L,,1106,0.45207956600361665,5,steering_control
720575941733034283,720575941456348575,14,VNC_IntTct_R,,1369,1.0226442658875092,5,steering_control
720575941733034283,720575941457147206,19,VNC_IntTct_L,,1471,1.291638341264446,5,steering_control
720575941733034283,720575941457147206,7,VNC_WTct_L,,1471,0.4758667573079538,5,steering_control
720575941733034283,720575941459554960,5,VNC_IntTct_R,,439,1.1389521640091116,2,steering_control
720575941733034283,720575941460885005,4,VNC_HTct_R,,500,0.8,5,steering_control
720575941733034283,720575941464073558,5,VNC_HTct_L,,785,0.6369426751592357,5,steering_control
720575941733034283,720575941464073558,5,VNC_IntTct_L,,785,0.6369426751592357,5,steering_control
720575941733034283,720575941471203447,14,VNC_HTct_L,,395,3.5443037974683547,2,steering_control
720575941733034283,720575941471203447,3,VNC_IntTct_L,,395,0.7594936708860759,2,steering_control
720575941733034283,720575941471203447,2,VNC_WTct_L,,395,0.5063291139240507,2,steering_control
720575941733034283,720575941495591291,3,VNC_IntTct_R,,654,0.45871559633027525,5,steering_control
720575941733034283,720575941508542674,10,VNC_HTct_L,,521,1.9193857965451053,2,steering_control
720575941733034283,720575941508542674,5,VNC_IntTct_L,,521,0.9596928982725527,2,steering_control
720575941733034283,720575941508542674,3,VNC_WTct_L,,521,0.5758157389635317,2,steering_control
720575941733034283,720575941516768472,4,VNC_IntTct_L,,290,1.3793103448275863,5,steering_control
720575941733034283,720575941516768472,9,VNC_IntTct_R,,290,3.103448275862069,5,steering_control
720575941733034283,720575941520333047,4,VNC_HTct_L,,936,0.4273504273504274,5,steering_control
720575941733034283,720575941530853507,4,VNC_IntTct_L,,434,0.9216589861751152,2,steering_control
720575941733034283,720575941532385624,5,VNC_HTct_R,,460,1.0869565217391304,2,steering_control
720575941733034283,720575941532385624,13,VNC_IntTct_R,,460,2.8260869565217392,2,steering_control
720575941733034283,720575941533221825,3,VNC_HTct_R,,198,1.5151515151515151,5,steering_control
720575941733034283,720575941533221825,2,VNC_IntTct_R,,198,1.0101010101010102,5,steering_control
720575941733034283,720575941533221825,2,VNC_LTct_L,,198,1.0101010101010102,5,steering_control
720575941733034283,720575941533221825,1,VNC_WTct_R,,198,0.5050505050505051,5,steering_control
720575941733034283,720575941533761050,2,VNC_HTct_R,,420,0.4761904761904762,2,steering_control
720575941733034283,720575941533761050,3,VNC_IntTct_R,,420,0.7142857142857143,2,steering_control
720575941733034283,720575941535331338,5,VNC_WTct_L,,785,0.6369426751592357,5,steering_control
720575941733034283,720575941549386239,5,VNC_IntTct_L,,409,1.2224938875305624,2,steering_control
720575941733034283,720575941549386239,2,VNC_WTct_L,,409,0.4889975550122249,2,steering_control
720575941733034283,720575941549701182,1,VNC_IntTct_R,,194,0.5154639175257731,5,steering_control
720575941733034283,720575941549701182,2,VNC_WTct_R,,194,1.0309278350515463,5,steering_control
720575941733034283,720575941557294095,2,VNC_IntTct_R,,479,0.41753653444676403,2,steering_control
720575941733034283,720575941560090862,5,VNC_IntTct_R,,60,8.333333333333332,5,steering_control
720575941733034283,720575941560090862,4,VNC_NTct_R,,60,6.666666666666667,5,steering_control
720575941733034283,720575941566956532,4,VNC_HTct_R,,460,0.8695652173913043,2,steering_control
720575941733034283,720575941566956532,10,VNC_IntTct_R,,460,2.1739130434782608,2,steering_control
720575941733034283,720575941583511518,5,VNC_IntTct_L,,537,0.931098696461825,2,steering_control
720575941733034283,720575941588018942,3,VNC_HTct_L,,333,0.9009009009009009,5,steering_control
720575941733034283,720575941588018942,2,VNC_IntTct_L,,333,0.6006006006006006,5,steering_control
720575941733034283,720575941588018942,2,VNC_WTct_L,,333,0.6006006006006006,5,steering_control
720575941733034283,720575941593615211,21,VNC_IntTct_R,,797,2.6348808030112925,5,steering_control
720575941733034283,720575941604997997,3,VNC_HTct_R,,306,0.9803921568627451,5,steering_control
720575941733034283,720575941604997997,2,VNC_IntTct_R,,306,0.6535947712418301,5,steering_control
720575941733034283,720575941608861929,19,VNC_IntTct_L,,441,4.308390022675737,2,steering_control
720575941733034283,720575941608861929,6,VNC_WTct_L,,441,1.3605442176870748,2,steering_control
720575941733034283,720575941623347099,6,VNC_IntTct_L,,455,1.3186813186813187,2,steering_control
720575941733034283,720575941623347099,3,VNC_IntTct_R,,455,0.6593406593406593,2,steering_control
720575941733034283,720575941623347099,2,VNC_WTct_L,,455,0.43956043956043955,2,steering_control
720575941733034283,720575941630959035,11,VNC_HTct_R,,391,2.813299232736573,5,steering_control
720575941733034283,720575941630959035,16,VNC_IntTct_R,,391,4.092071611253197,5,steering_control
720575941733034283,720575941650775313,8,VNC_IntTct_L,,456,1.7543859649122806,2,steering_control
720575941733034283,720575941650775313,3,VNC_IntTct_R,,456,0.6578947368421052,2,steering_control
720575941733034283,720575941656239440,3,VNC_HTct_L,,193,1.5544041450777202,3,power_control
720575941733034283,720575941667143601,1,VNC_HTct_R,,222,0.45045045045045046,5,steering_control
720575941733034283,720575941667143601,3,VNC_IntTct_R,,222,1.3513513513513513,5,steering_control
720575941733034283,720575941723242042,14,VNC_IntTct_L,,791,1.7699115044247788,5,steering_control
720575941733143339,720575941431311575,6,VNC_WTct_L,,1416,0.423728813559322,5,steering_control
720575941733143339,720575941570817352,7,VNC_IntTct_L,,403,1.7369727047146404,2,steering_control
720575941733143339,720575941570817352,2,VNC_NTct_L,,403,0.49627791563275436,2,steering_control
720575941733143339,720575941653507801,7,VNC_HTct_L,,367,1.9073569482288828,5,steering_control
720575941733215019,720575941504505157,6,VNC_NTct_L,,225,2.666666666666667,5,steering_control
720575941733215019,720575941504505157,3,VNC_T1_ProNm_L,,225,1.3333333333333335,5,steering_control
720575941733215019,720575941547226248,3,VNC_NTct_L,,653,0.45941807044410415,5,steering_control
