pathway_id,dn_id,dn_name,dn_specialization,in_id,in_cluster,mn_id,muscle,muscle_type,muscle_group,dn_in_synapses,in_mn_synapses,pathway_strength,pathway_length
1,720575941440280767,DNa15,steering_control,720575941429556655,4,720575941456201887,hg1,steering,haltere,42,16,672,3
2,720575941440280767,DNa15,steering_control,720575941429556655,4,720575941630940642,hg4,steering,haltere,42,57,2394,3
3,720575941440280767,DNa15,steering_control,720575941429556655,4,720575941630940642,hg4,steering,haltere,42,10,420,3
4,720575941440280767,DNa15,steering_control,720575941429556655,4,720575941630940642,hg4,steering,haltere,42,14,588,3
5,720575941440280767,DNa15,steering_control,720575941429556655,4,720575941456201887,hg1,steering,haltere,11,16,176,3
6,720575941440280767,DNa15,steering_control,720575941429556655,4,720575941630940642,hg4,steering,haltere,11,57,627,3
7,720575941440280767,DNa15,steering_control,720575941429556655,4,720575941630940642,hg4,steering,haltere,11,10,110,3
8,720575941440280767,DNa15,steering_control,720575941429556655,4,720575941630940642,hg4,steering,haltere,11,14,154,3
9,720575941440280767,DNa15,steering_control,720575941456348575,4,720575941456201887,hg1,steering,haltere,14,39,546,3
10,720575941440280767,DNa15,steering_control,720575941456348575,4,720575941458961604,iii3,steering,axillary_III,14,20,280,3
11,720575941440280767,DNa15,steering_control,720575941456348575,4,720575941459347411,iii4,steering,axillary_III,14,48,672,3
12,720575941440280767,DNa15,steering_control,720575941456348575,4,720575941459347411,iii4,steering,axillary_III,14,13,182,3
13,720575941440280767,DNa15,steering_control,720575941456348575,4,720575941483845954,hg3,steering,haltere,14,19,266,3
14,720575941440280767,DNa15,steering_control,720575941456348575,4,720575941630940642,hg4,steering,haltere,14,61,854,3
15,720575941440280767,DNa15,steering_control,720575941456348575,4,720575941630940642,hg4,steering,haltere,14,13,182,3
16,720575941440280767,DNa15,steering_control,720575941458334163,1,720575941624155644,b2,steering,basalar,33,14,462,3
17,720575941440280767,DNa15,steering_control,720575941458334163,1,720575941624155644,b2,steering,basalar,33,50,1650,3
18,720575941440280767,DNa15,steering_control,720575941464768790,4,720575941456201887,hg1,steering,haltere,15,22,330,3
19,720575941440280767,DNa15,steering_control,720575941464768790,4,720575941459347411,iii4,steering,axillary_III,15,10,150,3
20,720575941440280767,DNa15,steering_control,720575941464768790,4,720575941630940642,hg4,steering,haltere,15,30,450,3
21,720575941440280767,DNa15,steering_control,720575941474334779,4,720575941732789547,hg2,steering,haltere,10,11,110,3
22,720575941440280767,DNa15,steering_control,720575941495591291,5,720575941542412805,b3,steering,basalar,14,19,266,3
23,720575941440280767,DNa15,steering_control,720575941495591291,5,720575941542412805,b3,steering,basalar,14,22,308,3
24,720575941440280767,DNa15,steering_control,720575941495591291,5,720575941542412805,b3,steering,basalar,14,25,350,3
25,720575941440280767,DNa15,steering_control,720575941495591291,5,720575941547315060,i1,steering,axillary_i,14,14,196,3
26,720575941440280767,DNa15,steering_control,720575941495591291,5,720575941547315060,i1,steering,axillary_i,14,12,168,3
27,720575941440280767,DNa15,steering_control,720575941496830370,5,720575941565378919,iii3,steering,axillary_III,11,58,638,3
28,720575941440280767,DNa15,steering_control,720575941496830370,5,720575941565378919,iii3,steering,axillary_III,11,15,165,3
29,720575941440280767,DNa15,steering_control,720575941501721138,5,720575941565378919,iii3,steering,axillary_III,22,51,1122,3
30,720575941440280767,DNa15,steering_control,720575941501721138,5,720575941565378919,iii3,steering,axillary_III,22,20,440,3
31,720575941440280767,DNa15,steering_control,720575941503451301,1,720575941624155644,b2,steering,basalar,53,44,2332,3
32,720575941440280767,DNa15,steering_control,720575941503451301,1,720575941624155644,b2,steering,basalar,14,44,616,3
33,720575941440280767,DNa15,steering_control,720575941526847910,4,720575941580669817,hg1,steering,haltere,10,10,100,3
34,720575941440280767,DNa15,steering_control,720575941526847910,4,720575941580669817,hg1,steering,haltere,10,12,120,3
35,720575941440280767,DNa15,steering_control,720575941528944568,5,720575941458961604,iii3,steering,axillary_III,17,154,2618,3
36,720575941440280767,DNa15,steering_control,720575941528944568,5,720575941458961604,iii3,steering,axillary_III,17,53,901,3
37,720575941440280767,DNa15,steering_control,720575941528944568,5,720575941458961604,iii3,steering,axillary_III,17,11,187,3
38,720575941440280767,DNa15,steering_control,720575941528944568,5,720575941565378919,iii3,steering,axillary_III,17,23,391,3
39,720575941440280767,DNa15,steering_control,720575941528944568,5,720575941565378919,iii3,steering,axillary_III,17,41,697,3
40,720575941440280767,DNa15,steering_control,720575941532246762,5,720575941468897856,i1,steering,axillary_i,18,18,324,3
41,720575941440280767,DNa15,steering_control,720575941532246762,5,720575941474574132,b3,steering,basalar,18,22,396,3
42,720575941440280767,DNa15,steering_control,720575941532246762,5,720575941474574132,b3,steering,basalar,18,11,198,3
43,720575941440280767,DNa15,steering_control,720575941532246762,5,720575941479658831,hg2,steering,haltere,18,10,180,3
44,720575941440280767,DNa15,steering_control,720575941546491681,5,720575941456201887,hg1,steering,haltere,11,11,121,3
45,720575941440280767,DNa15,steering_control,720575941546491681,5,720575941542412805,b3,steering,basalar,11,25,275,3
46,720575941440280767,DNa15,steering_control,720575941546491681,5,720575941542412805,b3,steering,basalar,11,13,143,3
47,720575941440280767,DNa15,steering_control,720575941546491681,5,720575941542412805,b3,steering,basalar,11,24,264,3
48,720575941440280767,DNa15,steering_control,720575941546491681,5,720575941547315060,i1,steering,axillary_i,11,10,110,3
49,720575941440280767,DNa15,steering_control,720575941546491681,5,720575941547315060,i1,steering,axillary_i,11,13,143,3
50,720575941440280767,DNa15,steering_control,720575941546491681,5,720575941547315060,i1,steering,axillary_i,11,23,253,3
51,720575941440280767,DNa15,steering_control,720575941546491681,5,720575941456201887,hg1,steering,haltere,20,11,220,3
52,720575941440280767,DNa15,steering_control,720575941546491681,5,720575941542412805,b3,steering,basalar,20,25,500,3
53,720575941440280767,DNa15,steering_control,720575941546491681,5,720575941542412805,b3,steering,basalar,20,13,260,3
54,720575941440280767,DNa15,steering_control,720575941546491681,5,720575941542412805,b3,steering,basalar,20,24,480,3
55,720575941440280767,DNa15,steering_control,720575941546491681,5,720575941547315060,i1,steering,axillary_i,20,10,200,3
56,720575941440280767,DNa15,steering_control,720575941546491681,5,720575941547315060,i1,steering,axillary_i,20,13,260,3
57,720575941440280767,DNa15,steering_control,720575941546491681,5,720575941547315060,i1,steering,axillary_i,20,23,460,3
58,720575941440280767,DNa15,steering_control,720575941557612915,1,720575941521196211,b1,steering,basalar,89,10,890,3
59,720575941440280767,DNa15,steering_control,720575941557612915,1,720575941624155644,b2,steering,basalar,89,10,890,3
60,720575941440280767,DNa15,steering_control,720575941557612915,1,720575941521196211,b1,steering,basalar,28,10,280,3
61,720575941440280767,DNa15,steering_control,720575941557612915,1,720575941624155644,b2,steering,basalar,28,10,280,3
62,720575941440280767,DNa15,steering_control,720575941558661165,5,720575941468897856,i1,steering,axillary_i,20,17,340,3
63,720575941440280767,DNa15,steering_control,720575941558661165,5,720575941468897856,i1,steering,axillary_i,20,15,300,3
64,720575941440280767,DNa15,steering_control,720575941558661165,5,720575941513173763,hg4,steering,haltere,20,11,220,3
65,720575941440280767,DNa15,steering_control,720575941558661165,5,720575941580669817,hg1,steering,haltere,20,14,280,3
66,720575941440280767,DNa15,steering_control,720575941558661165,5,720575941468897856,i1,steering,axillary_i,11,17,187,3
67,720575941440280767,DNa15,steering_control,720575941558661165,5,720575941468897856,i1,steering,axillary_i,11,15,165,3
68,720575941440280767,DNa15,steering_control,720575941558661165,5,720575941513173763,hg4,steering,haltere,11,11,121,3
69,720575941440280767,DNa15,steering_control,720575941558661165,5,720575941580669817,hg1,steering,haltere,11,14,154,3
70,720575941440280767,DNa15,steering_control,720575941601153270,5,720575941456201887,hg1,steering,haltere,25,10,250,3
71,720575941440280767,DNa15,steering_control,720575941601153270,5,720575941542412805,b3,steering,basalar,25,13,325,3
72,720575941440280767,DNa15,steering_control,720575941601153270,5,720575941542412805,b3,steering,basalar,25,22,550,3
73,720575941440280767,DNa15,steering_control,720575941601153270,5,720575941547315060,i1,steering,axillary_i,25,11,275,3
74,720575941440280767,DNa15,steering_control,720575941601153270,5,720575941547315060,i1,steering,axillary_i,25,16,400,3
75,720575941440280767,DNa15,steering_control,720575941608310346,5,720575941474574132,b3,steering,basalar,35,14,490,3
76,720575941440280767,DNa15,steering_control,720575941608310346,5,720575941474574132,b3,steering,basalar,35,10,350,3
77,720575941440280767,DNa15,steering_control,720575941608310346,5,720575941580669817,hg1,steering,haltere,35,12,420,3
78,720575941440280767,DNa15,steering_control,720575941608991050,1,720575941521196211,b1,steering,basalar,66,31,2046,3
79,720575941440280767,DNa15,steering_control,720575941608991050,1,720575941624155644,b2,steering,basalar,66,29,1914,3
80,720575941440280767,DNa15,steering_control,720575941608991050,1,720575941521196211,b1,steering,basalar,22,31,682,3
81,720575941440280767,DNa15,steering_control,720575941608991050,1,720575941624155644,b2,steering,basalar,22,29,638,3
82,720575941440280767,DNa15,steering_control,720575941613256211,4,720575941468897856,i1,steering,axillary_i,18,18,324,3
83,720575941440280767,DNa15,steering_control,720575941613256211,4,720575941513173763,hg4,steering,haltere,18,14,252,3
84,720575941440280767,DNa15,steering_control,720575941613256211,4,720575941580669817,hg1,steering,haltere,18,20,360,3
85,720575941440280767,DNa15,steering_control,720575941659696184,5,720575941542412805,b3,steering,basalar,19,23,437,3
86,720575941440280767,DNa15,steering_control,720575941659696184,5,720575941542412805,b3,steering,basalar,19,33,627,3
87,720575941440280767,DNa15,steering_control,720575941659696184,5,720575941547315060,i1,steering,axillary_i,19,12,228,3
88,720575941440280767,DNa15,steering_control,720575941659696184,5,720575941547315060,i1,steering,axillary_i,19,23,437,3
89,720575941440280767,DNa15,steering_control,720575941659696184,5,720575941542412805,b3,steering,basalar,11,23,253,3
90,720575941440280767,DNa15,steering_control,720575941659696184,5,720575941542412805,b3,steering,basalar,11,33,363,3
91,720575941440280767,DNa15,steering_control,720575941659696184,5,720575941547315060,i1,steering,axillary_i,11,12,132,3
92,720575941440280767,DNa15,steering_control,720575941659696184,5,720575941547315060,i1,steering,axillary_i,11,23,253,3
93,720575941496011719,DNa16,steering_control,720575941400818723,4,720575941513173763,hg4,steering,haltere,18,36,648,3
94,720575941496011719,DNa16,steering_control,720575941400818723,4,720575941513173763,hg4,steering,haltere,18,10,180,3
95,720575941496011719,DNa16,steering_control,720575941400818723,4,720575941513173763,hg4,steering,haltere,18,11,198,3
96,720575941496011719,DNa16,steering_control,720575941400818723,4,720575941580669817,hg1,steering,haltere,18,26,468,3
97,720575941496011719,DNa16,steering_control,720575941400818723,4,720575941513173763,hg4,steering,haltere,72,36,2592,3
98,720575941496011719,DNa16,steering_control,720575941400818723,4,720575941513173763,hg4,steering,haltere,72,10,720,3
99,720575941496011719,DNa16,steering_control,720575941400818723,4,720575941513173763,hg4,steering,haltere,72,11,792,3
100,720575941496011719,DNa16,steering_control,720575941400818723,4,720575941580669817,hg1,steering,haltere,72,26,1872,3
101,720575941496011719,DNa16,steering_control,720575941400818723,4,720575941513173763,hg4,steering,haltere,18,36,648,3
102,720575941496011719,DNa16,steering_control,720575941400818723,4,720575941513173763,hg4,steering,haltere,18,10,180,3
103,720575941496011719,DNa16,steering_control,720575941400818723,4,720575941513173763,hg4,steering,haltere,18,11,198,3
104,720575941496011719,DNa16,steering_control,720575941400818723,4,720575941580669817,hg1,steering,haltere,18,26,468,3
105,720575941496011719,DNa16,steering_control,720575941438938175,4,720575941456201887,hg1,steering,haltere,37,11,407,3
106,720575941496011719,DNa16,steering_control,720575941438938175,4,720575941456201887,hg1,steering,haltere,37,16,592,3
107,720575941496011719,DNa16,steering_control,720575941438938175,4,720575941479658831,hg2,steering,haltere,37,15,555,3
108,720575941496011719,DNa16,steering_control,720575941438938175,4,720575941630940642,hg4,steering,haltere,37,19,703,3
109,720575941496011719,DNa16,steering_control,720575941438938175,4,720575941732789547,hg2,steering,haltere,37,12,444,3
110,720575941496011719,DNa16,steering_control,720575941438938175,4,720575941732789547,hg2,steering,haltere,37,18,666,3
111,720575941496011719,DNa16,steering_control,720575941523112439,4,720575941513173763,hg4,steering,haltere,11,27,297,3
112,720575941496011719,DNa16,steering_control,720575941523112439,4,720575941513173763,hg4,steering,haltere,11,11,121,3
113,720575941496011719,DNa16,steering_control,720575941523112439,4,720575941516770670,iii4,steering,axillary_III,11,14,154,3
114,720575941496011719,DNa16,steering_control,720575941523112439,4,720575941580669817,hg1,steering,haltere,11,29,319,3
115,720575941496011719,DNa16,steering_control,720575941523112439,4,720575941580669817,hg1,steering,haltere,11,17,187,3
116,720575941496011719,DNa16,steering_control,720575941523112439,4,720575941513173763,hg4,steering,haltere,38,27,1026,3
117,720575941496011719,DNa16,steering_control,720575941523112439,4,720575941513173763,hg4,steering,haltere,38,11,418,3
118,720575941496011719,DNa16,steering_control,720575941523112439,4,720575941516770670,iii4,steering,axillary_III,38,14,532,3
119,720575941496011719,DNa16,steering_control,720575941523112439,4,720575941580669817,hg1,steering,haltere,38,29,1102,3
120,720575941496011719,DNa16,steering_control,720575941523112439,4,720575941580669817,hg1,steering,haltere,38,17,646,3
121,720575941496011719,DNa16,steering_control,720575941550878087,5,720575941458961604,iii3,steering,axillary_III,113,55,6215,3
122,720575941496011719,DNa16,steering_control,720575941550878087,5,720575941458961604,iii3,steering,axillary_III,113,11,1243,3
123,720575941496011719,DNa16,steering_control,720575941579868917,4,720575941630940642,hg4,steering,haltere,18,46,828,3
124,720575941496011719,DNa16,steering_control,720575941579868917,4,720575941630940642,hg4,steering,haltere,18,33,594,3
125,720575941496011719,DNa16,steering_control,720575941579868917,4,720575941630940642,hg4,steering,haltere,63,46,2898,3
126,720575941496011719,DNa16,steering_control,720575941579868917,4,720575941630940642,hg4,steering,haltere,63,33,2079,3
127,720575941496011719,DNa16,steering_control,720575941611080010,5,720575941458961604,iii3,steering,axillary_III,98,13,1274,3
128,720575941496011719,DNa16,steering_control,720575941611080010,5,720575941565378919,iii3,steering,axillary_III,98,231,22638,3
129,720575941496011719,DNa16,steering_control,720575941611080010,5,720575941565378919,iii3,steering,axillary_III,98,11,1078,3
130,720575941496011719,DNa16,steering_control,720575941611080010,5,720575941565378919,iii3,steering,axillary_III,98,46,4508,3
131,720575941496011719,DNa16,steering_control,720575941611080010,5,720575941458961604,iii3,steering,axillary_III,11,13,143,3
132,720575941496011719,DNa16,steering_control,720575941611080010,5,720575941565378919,iii3,steering,axillary_III,11,231,2541,3
133,720575941496011719,DNa16,steering_control,720575941611080010,5,720575941565378919,iii3,steering,axillary_III,11,11,121,3
134,720575941496011719,DNa16,steering_control,720575941611080010,5,720575941565378919,iii3,steering,axillary_III,11,46,506,3
135,720575941496011719,DNa16,steering_control,720575941611080010,5,720575941458961604,iii3,steering,axillary_III,10,13,130,3
136,720575941496011719,DNa16,steering_control,720575941611080010,5,720575941565378919,iii3,steering,axillary_III,10,231,2310,3
137,720575941496011719,DNa16,steering_control,720575941611080010,5,720575941565378919,iii3,steering,axillary_III,10,11,110,3
138,720575941496011719,DNa16,steering_control,720575941611080010,5,720575941565378919,iii3,steering,axillary_III,10,46,460,3
139,720575941496011719,DNa16,steering_control,720575941678358973,5,720575941458961604,iii3,steering,axillary_III,104,32,3328,3
140,720575941496011719,DNa16,steering_control,720575941678358973,5,720575941458961604,iii3,steering,axillary_III,104,14,1456,3
141,720575941638407199,DNa15,steering_control,720575941394069654,4,720575941456201887,hg1,steering,haltere,33,17,561,3
142,720575941638407199,DNa15,steering_control,720575941394069654,4,720575941547315060,i1,steering,axillary_i,33,12,396,3
143,720575941638407199,DNa15,steering_control,720575941400818723,4,720575941513173763,hg4,steering,haltere,18,36,648,3
144,720575941638407199,DNa15,steering_control,720575941400818723,4,720575941513173763,hg4,steering,haltere,18,10,180,3
145,720575941638407199,DNa15,steering_control,720575941400818723,4,720575941513173763,hg4,steering,haltere,18,11,198,3
146,720575941638407199,DNa15,steering_control,720575941400818723,4,720575941580669817,hg1,steering,haltere,18,26,468,3
147,720575941638407199,DNa15,steering_control,720575941400818723,4,720575941513173763,hg4,steering,haltere,24,36,864,3
148,720575941638407199,DNa15,steering_control,720575941400818723,4,720575941513173763,hg4,steering,haltere,24,10,240,3
149,720575941638407199,DNa15,steering_control,720575941400818723,4,720575941513173763,hg4,steering,haltere,24,11,264,3
150,720575941638407199,DNa15,steering_control,720575941400818723,4,720575941580669817,hg1,steering,haltere,24,26,624,3
151,720575941638407199,DNa15,steering_control,720575941450876794,5,720575941542412805,b3,steering,basalar,17,16,272,3
152,720575941638407199,DNa15,steering_control,720575941450876794,5,720575941542412805,b3,steering,basalar,17,17,289,3
153,720575941638407199,DNa15,steering_control,720575941450876794,5,720575941542412805,b3,steering,basalar,12,16,192,3
154,720575941638407199,DNa15,steering_control,720575941450876794,5,720575941542412805,b3,steering,basalar,12,17,204,3
155,720575941638407199,DNa15,steering_control,720575941459514512,5,720575941468897856,i1,steering,axillary_i,10,14,140,3
156,720575941638407199,DNa15,steering_control,720575941459514512,5,720575941468897856,i1,steering,axillary_i,10,18,180,3
157,720575941638407199,DNa15,steering_control,720575941459514512,5,720575941474574132,b3,steering,basalar,10,12,120,3
158,720575941638407199,DNa15,steering_control,720575941459514512,5,720575941474574132,b3,steering,basalar,10,30,300,3
159,720575941638407199,DNa15,steering_control,720575941459514512,5,720575941474574132,b3,steering,basalar,10,25,250,3
160,720575941638407199,DNa15,steering_control,720575941464073558,5,720575941468897856,i1,steering,axillary_i,13,19,247,3
161,720575941638407199,DNa15,steering_control,720575941464073558,5,720575941468897856,i1,steering,axillary_i,13,15,195,3
162,720575941638407199,DNa15,steering_control,720575941464073558,5,720575941468897856,i1,steering,axillary_i,13,23,299,3
163,720575941638407199,DNa15,steering_control,720575941464073558,5,720575941474574132,b3,steering,basalar,13,13,169,3
164,720575941638407199,DNa15,steering_control,720575941464073558,5,720575941474574132,b3,steering,basalar,13,23,299,3
165,720575941638407199,DNa15,steering_control,720575941464073558,5,720575941474574132,b3,steering,basalar,13,27,351,3
166,720575941638407199,DNa15,steering_control,720575941464073558,5,720575941468897856,i1,steering,axillary_i,18,19,342,3
167,720575941638407199,DNa15,steering_control,720575941464073558,5,720575941468897856,i1,steering,axillary_i,18,15,270,3
168,720575941638407199,DNa15,steering_control,720575941464073558,5,720575941468897856,i1,steering,axillary_i,18,23,414,3
169,720575941638407199,DNa15,steering_control,720575941464073558,5,720575941474574132,b3,steering,basalar,18,13,234,3
170,720575941638407199,DNa15,steering_control,720575941464073558,5,720575941474574132,b3,steering,basalar,18,23,414,3
171,720575941638407199,DNa15,steering_control,720575941464073558,5,720575941474574132,b3,steering,basalar,18,27,486,3
172,720575941638407199,DNa15,steering_control,720575941465484566,1,720575941655597785,b2,steering,basalar,32,37,1184,3
173,720575941638407199,DNa15,steering_control,720575941465484566,1,720575941655597785,b2,steering,basalar,15,37,555,3
174,720575941638407199,DNa15,steering_control,720575941473850720,5,720575941479658831,hg2,steering,haltere,25,10,250,3
175,720575941638407199,DNa15,steering_control,720575941473850720,5,720575941542412805,b3,steering,basalar,25,10,250,3
176,720575941638407199,DNa15,steering_control,720575941473850720,5,720575941542412805,b3,steering,basalar,25,11,275,3
177,720575941638407199,DNa15,steering_control,720575941477166622,5,720575941542412805,b3,steering,basalar,28,17,476,3
178,720575941638407199,DNa15,steering_control,720575941477166622,5,720575941547315060,i1,steering,axillary_i,28,13,364,3
179,720575941638407199,DNa15,steering_control,720575941477166622,5,720575941542412805,b3,steering,basalar,19,17,323,3
180,720575941638407199,DNa15,steering_control,720575941477166622,5,720575941547315060,i1,steering,axillary_i,19,13,247,3
181,720575941638407199,DNa15,steering_control,720575941505478690,5,720575941456201887,hg1,steering,haltere,15,17,255,3
182,720575941638407199,DNa15,steering_control,720575941505478690,5,720575941547315060,i1,steering,axillary_i,15,11,165,3
183,720575941638407199,DNa15,steering_control,720575941505478690,5,720575941547315060,i1,steering,axillary_i,15,10,150,3
184,720575941638407199,DNa15,steering_control,720575941505478690,5,720575941547315060,i1,steering,axillary_i,15,12,180,3
185,720575941638407199,DNa15,steering_control,720575941505478690,5,720575941630940642,hg4,steering,haltere,15,11,165,3
186,720575941638407199,DNa15,steering_control,720575941517764824,5,720575941468897856,i1,steering,axillary_i,12,15,180,3
187,720575941638407199,DNa15,steering_control,720575941517764824,5,720575941468897856,i1,steering,axillary_i,12,16,192,3
188,720575941638407199,DNa15,steering_control,720575941517764824,5,720575941468897856,i1,steering,axillary_i,12,23,276,3
189,720575941638407199,DNa15,steering_control,720575941517764824,5,720575941474574132,b3,steering,basalar,12,15,180,3
190,720575941638407199,DNa15,steering_control,720575941517764824,5,720575941474574132,b3,steering,basalar,12,23,276,3
191,720575941638407199,DNa15,steering_control,720575941517764824,5,720575941580669817,hg1,steering,haltere,12,10,120,3
192,720575941638407199,DNa15,steering_control,720575941517764824,5,720575941580669817,hg1,steering,haltere,12,10,120,3
193,720575941638407199,DNa15,steering_control,720575941517764824,5,720575941580669817,hg1,steering,haltere,12,13,156,3
194,720575941638407199,DNa15,steering_control,720575941520333047,5,720575941468897856,i1,steering,axillary_i,24,12,288,3
195,720575941638407199,DNa15,steering_control,720575941520333047,5,720575941468897856,i1,steering,axillary_i,24,11,264,3
196,720575941638407199,DNa15,steering_control,720575941520333047,5,720575941468897856,i1,steering,axillary_i,24,12,288,3
197,720575941638407199,DNa15,steering_control,720575941520333047,5,720575941474574132,b3,steering,basalar,24,21,504,3
198,720575941638407199,DNa15,steering_control,720575941520333047,5,720575941474574132,b3,steering,basalar,24,20,480,3
199,720575941638407199,DNa15,steering_control,720575941520333047,5,720575941474574132,b3,steering,basalar,24,19,456,3
200,720575941638407199,DNa15,steering_control,720575941520333047,5,720575941468897856,i1,steering,axillary_i,13,12,156,3
201,720575941638407199,DNa15,steering_control,720575941520333047,5,720575941468897856,i1,steering,axillary_i,13,11,143,3
202,720575941638407199,DNa15,steering_control,720575941520333047,5,720575941468897856,i1,steering,axillary_i,13,12,156,3
203,720575941638407199,DNa15,steering_control,720575941520333047,5,720575941474574132,b3,steering,basalar,13,21,273,3
204,720575941638407199,DNa15,steering_control,720575941520333047,5,720575941474574132,b3,steering,basalar,13,20,260,3
205,720575941638407199,DNa15,steering_control,720575941520333047,5,720575941474574132,b3,steering,basalar,13,19,247,3
206,720575941638407199,DNa15,steering_control,720575941523112439,4,720575941513173763,hg4,steering,haltere,15,27,405,3
207,720575941638407199,DNa15,steering_control,720575941523112439,4,720575941513173763,hg4,steering,haltere,15,11,165,3
208,720575941638407199,DNa15,steering_control,720575941523112439,4,720575941516770670,iii4,steering,axillary_III,15,14,210,3
209,720575941638407199,DNa15,steering_control,720575941523112439,4,720575941580669817,hg1,steering,haltere,15,29,435,3
210,720575941638407199,DNa15,steering_control,720575941523112439,4,720575941580669817,hg1,steering,haltere,15,17,255,3
211,720575941638407199,DNa15,steering_control,720575941523112439,4,720575941513173763,hg4,steering,haltere,10,27,270,3
212,720575941638407199,DNa15,steering_control,720575941523112439,4,720575941513173763,hg4,steering,haltere,10,11,110,3
213,720575941638407199,DNa15,steering_control,720575941523112439,4,720575941516770670,iii4,steering,axillary_III,10,14,140,3
214,720575941638407199,DNa15,steering_control,720575941523112439,4,720575941580669817,hg1,steering,haltere,10,29,290,3
215,720575941638407199,DNa15,steering_control,720575941523112439,4,720575941580669817,hg1,steering,haltere,10,17,170,3
216,720575941638407199,DNa15,steering_control,720575941550878087,5,720575941458961604,iii3,steering,axillary_III,10,55,550,3
217,720575941638407199,DNa15,steering_control,720575941550878087,5,720575941458961604,iii3,steering,axillary_III,10,11,110,3
218,720575941638407199,DNa15,steering_control,720575941572251144,1,720575941549822781,b1,steering,basalar,70,25,1750,3
219,720575941638407199,DNa15,steering_control,720575941572251144,1,720575941655597785,b2,steering,basalar,70,16,1120,3
220,720575941638407199,DNa15,steering_control,720575941572251144,1,720575941549822781,b1,steering,basalar,32,25,800,3
221,720575941638407199,DNa15,steering_control,720575941572251144,1,720575941655597785,b2,steering,basalar,32,16,512,3
222,720575941638407199,DNa15,steering_control,720575941579868917,4,720575941630940642,hg4,steering,haltere,18,46,828,3
223,720575941638407199,DNa15,steering_control,720575941579868917,4,720575941630940642,hg4,steering,haltere,18,33,594,3
224,720575941638407199,DNa15,steering_control,720575941579868917,4,720575941630940642,hg4,steering,haltere,18,46,828,3
225,720575941638407199,DNa15,steering_control,720575941579868917,4,720575941630940642,hg4,steering,haltere,18,33,594,3
226,720575941638407199,DNa15,steering_control,720575941601088441,5,720575941468897856,i1,steering,axillary_i,22,16,352,3
227,720575941638407199,DNa15,steering_control,720575941601088441,5,720575941468897856,i1,steering,axillary_i,22,13,286,3
228,720575941638407199,DNa15,steering_control,720575941601088441,5,720575941468897856,i1,steering,axillary_i,22,14,308,3
229,720575941638407199,DNa15,steering_control,720575941601088441,5,720575941474574132,b3,steering,basalar,22,27,594,3
230,720575941638407199,DNa15,steering_control,720575941601088441,5,720575941474574132,b3,steering,basalar,22,15,330,3
231,720575941638407199,DNa15,steering_control,720575941601088441,5,720575941474574132,b3,steering,basalar,22,24,528,3
232,720575941638407199,DNa15,steering_control,720575941601088441,5,720575941580669817,hg1,steering,haltere,22,10,220,3
233,720575941638407199,DNa15,steering_control,720575941611080010,5,720575941458961604,iii3,steering,axillary_III,19,13,247,3
234,720575941638407199,DNa15,steering_control,720575941611080010,5,720575941565378919,iii3,steering,axillary_III,19,231,4389,3
235,720575941638407199,DNa15,steering_control,720575941611080010,5,720575941565378919,iii3,steering,axillary_III,19,11,209,3
236,720575941638407199,DNa15,steering_control,720575941611080010,5,720575941565378919,iii3,steering,axillary_III,19,46,874,3
237,720575941638407199,DNa15,steering_control,720575941630748859,1,720575941655597785,b2,steering,basalar,20,10,200,3
238,720575941638407199,DNa15,steering_control,720575941630748859,1,720575941655597785,b2,steering,basalar,20,58,1160,3
239,720575941638407199,DNa15,steering_control,720575941678358973,5,720575941458961604,iii3,steering,axillary_III,31,32,992,3
240,720575941638407199,DNa15,steering_control,720575941678358973,5,720575941458961604,iii3,steering,axillary_III,31,14,434,3
241,720575941507568709,DNa16,steering_control,720575941429556655,4,720575941456201887,hg1,steering,haltere,24,16,384,3
242,720575941507568709,DNa16,steering_control,720575941429556655,4,720575941630940642,hg4,steering,haltere,24,57,1368,3
243,720575941507568709,DNa16,steering_control,720575941429556655,4,720575941630940642,hg4,steering,haltere,24,10,240,3
244,720575941507568709,DNa16,steering_control,720575941429556655,4,720575941630940642,hg4,steering,haltere,24,14,336,3
245,720575941507568709,DNa16,steering_control,720575941429556655,4,720575941456201887,hg1,steering,haltere,93,16,1488,3
246,720575941507568709,DNa16,steering_control,720575941429556655,4,720575941630940642,hg4,steering,haltere,93,57,5301,3
247,720575941507568709,DNa16,steering_control,720575941429556655,4,720575941630940642,hg4,steering,haltere,93,10,930,3
248,720575941507568709,DNa16,steering_control,720575941429556655,4,720575941630940642,hg4,steering,haltere,93,14,1302,3
249,720575941507568709,DNa16,steering_control,720575941464768790,4,720575941456201887,hg1,steering,haltere,52,22,1144,3
250,720575941507568709,DNa16,steering_control,720575941464768790,4,720575941459347411,iii4,steering,axillary_III,52,10,520,3
251,720575941507568709,DNa16,steering_control,720575941464768790,4,720575941630940642,hg4,steering,haltere,52,30,1560,3
252,720575941507568709,DNa16,steering_control,720575941464901398,4,720575941580669817,hg1,steering,haltere,13,10,130,3
253,720575941507568709,DNa16,steering_control,720575941464901398,4,720575941596050112,DLM5,power,DLM,13,10,130,3
254,720575941507568709,DNa16,steering_control,720575941464901398,4,720575941645403000,DLM1,power,DLM,13,13,169,3
255,720575941507568709,DNa16,steering_control,720575941464901398,4,720575941732789547,hg2,steering,haltere,13,23,299,3
256,720575941507568709,DNa16,steering_control,720575941496830370,5,720575941565378919,iii3,steering,axillary_III,75,58,4350,3
257,720575941507568709,DNa16,steering_control,720575941496830370,5,720575941565378919,iii3,steering,axillary_III,75,15,1125,3
258,720575941507568709,DNa16,steering_control,720575941501721138,5,720575941565378919,iii3,steering,axillary_III,84,51,4284,3
259,720575941507568709,DNa16,steering_control,720575941501721138,5,720575941565378919,iii3,steering,axillary_III,84,20,1680,3
260,720575941507568709,DNa16,steering_control,720575941528944568,5,720575941458961604,iii3,steering,axillary_III,51,154,7854,3
261,720575941507568709,DNa16,steering_control,720575941528944568,5,720575941458961604,iii3,steering,axillary_III,51,53,2703,3
262,720575941507568709,DNa16,steering_control,720575941528944568,5,720575941458961604,iii3,steering,axillary_III,51,11,561,3
263,720575941507568709,DNa16,steering_control,720575941528944568,5,720575941565378919,iii3,steering,axillary_III,51,23,1173,3
264,720575941507568709,DNa16,steering_control,720575941528944568,5,720575941565378919,iii3,steering,axillary_III,51,41,2091,3
265,720575941507568709,DNa16,steering_control,720575941528944568,5,720575941458961604,iii3,steering,axillary_III,10,154,1540,3
266,720575941507568709,DNa16,steering_control,720575941528944568,5,720575941458961604,iii3,steering,axillary_III,10,53,530,3
267,720575941507568709,DNa16,steering_control,720575941528944568,5,720575941458961604,iii3,steering,axillary_III,10,11,110,3
268,720575941507568709,DNa16,steering_control,720575941528944568,5,720575941565378919,iii3,steering,axillary_III,10,23,230,3
269,720575941507568709,DNa16,steering_control,720575941528944568,5,720575941565378919,iii3,steering,axillary_III,10,41,410,3
270,720575941507568709,DNa16,steering_control,720575941574155003,5,720575941472734048,DVM1A,power,DVM,25,13,325,3
271,720575941507568709,DNa16,steering_control,720575941574155003,5,720575941474574132,b3,steering,basalar,25,13,325,3
272,720575941507568709,DNa16,steering_control,720575941574155003,5,720575941603635190,DVM1A,power,DVM,25,12,300,3
273,720575941507568709,DNa16,steering_control,720575941574155003,5,720575941472734048,DVM1A,power,DVM,13,13,169,3
274,720575941507568709,DNa16,steering_control,720575941574155003,5,720575941474574132,b3,steering,basalar,13,13,169,3
275,720575941507568709,DNa16,steering_control,720575941574155003,5,720575941603635190,DVM1A,power,DVM,13,12,156,3
276,720575941507568709,DNa16,steering_control,720575941609001034,4,720575941513173763,hg4,steering,haltere,11,23,253,3
277,720575941507568709,DNa16,steering_control,720575941609001034,4,720575941513173763,hg4,steering,haltere,23,23,529,3
278,720575941612044518,DNa04,steering_control,720575941430842209,1,720575941458961604,iii3,steering,axillary_III,14,12,168,3
279,720575941612044518,DNa04,steering_control,720575941430842209,1,720575941549822781,b1,steering,basalar,14,32,448,3
280,720575941612044518,DNa04,steering_control,720575941430842209,1,720575941655597785,b2,steering,basalar,14,31,434,3
281,720575941612044518,DNa04,steering_control,720575941459514512,5,720575941468897856,i1,steering,axillary_i,23,14,322,3
282,720575941612044518,DNa04,steering_control,720575941459514512,5,720575941468897856,i1,steering,axillary_i,23,18,414,3
283,720575941612044518,DNa04,steering_control,720575941459514512,5,720575941474574132,b3,steering,basalar,23,12,276,3
284,720575941612044518,DNa04,steering_control,720575941459514512,5,720575941474574132,b3,steering,basalar,23,30,690,3
285,720575941612044518,DNa04,steering_control,720575941459514512,5,720575941474574132,b3,steering,basalar,23,25,575,3
286,720575941612044518,DNa04,steering_control,720575941464073558,5,720575941468897856,i1,steering,axillary_i,12,19,228,3
287,720575941612044518,DNa04,steering_control,720575941464073558,5,720575941468897856,i1,steering,axillary_i,12,15,180,3
288,720575941612044518,DNa04,steering_control,720575941464073558,5,720575941468897856,i1,steering,axillary_i,12,23,276,3
289,720575941612044518,DNa04,steering_control,720575941464073558,5,720575941474574132,b3,steering,basalar,12,13,156,3
290,720575941612044518,DNa04,steering_control,720575941464073558,5,720575941474574132,b3,steering,basalar,12,23,276,3
291,720575941612044518,DNa04,steering_control,720575941464073558,5,720575941474574132,b3,steering,basalar,12,27,324,3
292,720575941612044518,DNa04,steering_control,720575941464073558,5,720575941468897856,i1,steering,axillary_i,12,19,228,3
293,720575941612044518,DNa04,steering_control,720575941464073558,5,720575941468897856,i1,steering,axillary_i,12,15,180,3
294,720575941612044518,DNa04,steering_control,720575941464073558,5,720575941468897856,i1,steering,axillary_i,12,23,276,3
295,720575941612044518,DNa04,steering_control,720575941464073558,5,720575941474574132,b3,steering,basalar,12,13,156,3
296,720575941612044518,DNa04,steering_control,720575941464073558,5,720575941474574132,b3,steering,basalar,12,23,276,3
297,720575941612044518,DNa04,steering_control,720575941464073558,5,720575941474574132,b3,steering,basalar,12,27,324,3
298,720575941612044518,DNa04,steering_control,720575941465484566,1,720575941655597785,b2,steering,basalar,33,37,1221,3
299,720575941612044518,DNa04,steering_control,720575941473850720,5,720575941479658831,hg2,steering,haltere,10,10,100,3
300,720575941612044518,DNa04,steering_control,720575941473850720,5,720575941542412805,b3,steering,basalar,10,10,100,3
301,720575941612044518,DNa04,steering_control,720575941473850720,5,720575941542412805,b3,steering,basalar,10,11,110,3
302,720575941612044518,DNa04,steering_control,720575941473850720,5,720575941479658831,hg2,steering,haltere,15,10,150,3
303,720575941612044518,DNa04,steering_control,720575941473850720,5,720575941542412805,b3,steering,basalar,15,10,150,3
304,720575941612044518,DNa04,steering_control,720575941473850720,5,720575941542412805,b3,steering,basalar,15,11,165,3
305,720575941612044518,DNa04,steering_control,720575941504563781,3,720575941643100754,ps1,steering,pleurosternal,11,21,231,3
306,720575941612044518,DNa04,steering_control,720575941504563781,3,720575941643100754,ps1,steering,pleurosternal,11,13,143,3
307,720575941612044518,DNa04,steering_control,720575941517764824,5,720575941468897856,i1,steering,axillary_i,20,15,300,3
308,720575941612044518,DNa04,steering_control,720575941517764824,5,720575941468897856,i1,steering,axillary_i,20,16,320,3
309,720575941612044518,DNa04,steering_control,720575941517764824,5,720575941468897856,i1,steering,axillary_i,20,23,460,3
310,720575941612044518,DNa04,steering_control,720575941517764824,5,720575941474574132,b3,steering,basalar,20,15,300,3
311,720575941612044518,DNa04,steering_control,720575941517764824,5,720575941474574132,b3,steering,basalar,20,23,460,3
312,720575941612044518,DNa04,steering_control,720575941517764824,5,720575941580669817,hg1,steering,haltere,20,10,200,3
313,720575941612044518,DNa04,steering_control,720575941517764824,5,720575941580669817,hg1,steering,haltere,20,10,200,3
314,720575941612044518,DNa04,steering_control,720575941517764824,5,720575941580669817,hg1,steering,haltere,20,13,260,3
315,720575941612044518,DNa04,steering_control,720575941520333047,5,720575941468897856,i1,steering,axillary_i,18,12,216,3
316,720575941612044518,DNa04,steering_control,720575941520333047,5,720575941468897856,i1,steering,axillary_i,18,11,198,3
317,720575941612044518,DNa04,steering_control,720575941520333047,5,720575941468897856,i1,steering,axillary_i,18,12,216,3
318,720575941612044518,DNa04,steering_control,720575941520333047,5,720575941474574132,b3,steering,basalar,18,21,378,3
319,720575941612044518,DNa04,steering_control,720575941520333047,5,720575941474574132,b3,steering,basalar,18,20,360,3
320,720575941612044518,DNa04,steering_control,720575941520333047,5,720575941474574132,b3,steering,basalar,18,19,342,3
321,720575941612044518,DNa04,steering_control,720575941520333047,5,720575941468897856,i1,steering,axillary_i,12,12,144,3
322,720575941612044518,DNa04,steering_control,720575941520333047,5,720575941468897856,i1,steering,axillary_i,12,11,132,3
323,720575941612044518,DNa04,steering_control,720575941520333047,5,720575941468897856,i1,steering,axillary_i,12,12,144,3
324,720575941612044518,DNa04,steering_control,720575941520333047,5,720575941474574132,b3,steering,basalar,12,21,252,3
325,720575941612044518,DNa04,steering_control,720575941520333047,5,720575941474574132,b3,steering,basalar,12,20,240,3
326,720575941612044518,DNa04,steering_control,720575941520333047,5,720575941474574132,b3,steering,basalar,12,19,228,3
327,720575941612044518,DNa04,steering_control,720575941523112439,4,720575941513173763,hg4,steering,haltere,18,27,486,3
328,720575941612044518,DNa04,steering_control,720575941523112439,4,720575941513173763,hg4,steering,haltere,18,11,198,3
329,720575941612044518,DNa04,steering_control,720575941523112439,4,720575941516770670,iii4,steering,axillary_III,18,14,252,3
330,720575941612044518,DNa04,steering_control,720575941523112439,4,720575941580669817,hg1,steering,haltere,18,29,522,3
331,720575941612044518,DNa04,steering_control,720575941523112439,4,720575941580669817,hg1,steering,haltere,18,17,306,3
332,720575941612044518,DNa04,steering_control,720575941523112439,4,720575941513173763,hg4,steering,haltere,22,27,594,3
333,720575941612044518,DNa04,steering_control,720575941523112439,4,720575941513173763,hg4,steering,haltere,22,11,242,3
334,720575941612044518,DNa04,steering_control,720575941523112439,4,720575941516770670,iii4,steering,axillary_III,22,14,308,3
335,720575941612044518,DNa04,steering_control,720575941523112439,4,720575941580669817,hg1,steering,haltere,22,29,638,3
336,720575941612044518,DNa04,steering_control,720575941523112439,4,720575941580669817,hg1,steering,haltere,22,17,374,3
337,720575941612044518,DNa04,steering_control,720575941550878087,5,720575941458961604,iii3,steering,axillary_III,32,55,1760,3
338,720575941612044518,DNa04,steering_control,720575941550878087,5,720575941458961604,iii3,steering,axillary_III,32,11,352,3
339,720575941612044518,DNa04,steering_control,720575941572251144,1,720575941549822781,b1,steering,basalar,25,25,625,3
340,720575941612044518,DNa04,steering_control,720575941572251144,1,720575941655597785,b2,steering,basalar,25,16,400,3
341,720575941612044518,DNa04,steering_control,720575941579868917,4,720575941630940642,hg4,steering,haltere,19,46,874,3
342,720575941612044518,DNa04,steering_control,720575941579868917,4,720575941630940642,hg4,steering,haltere,19,33,627,3
343,720575941612044518,DNa04,steering_control,720575941579868917,4,720575941630940642,hg4,steering,haltere,18,46,828,3
344,720575941612044518,DNa04,steering_control,720575941579868917,4,720575941630940642,hg4,steering,haltere,18,33,594,3
345,720575941612044518,DNa04,steering_control,720575941601088441,5,720575941468897856,i1,steering,axillary_i,35,16,560,3
346,720575941612044518,DNa04,steering_control,720575941601088441,5,720575941468897856,i1,steering,axillary_i,35,13,455,3
347,720575941612044518,DNa04,steering_control,720575941601088441,5,720575941468897856,i1,steering,axillary_i,35,14,490,3
348,720575941612044518,DNa04,steering_control,720575941601088441,5,720575941474574132,b3,steering,basalar,35,27,945,3
349,720575941612044518,DNa04,steering_control,720575941601088441,5,720575941474574132,b3,steering,basalar,35,15,525,3
350,720575941612044518,DNa04,steering_control,720575941601088441,5,720575941474574132,b3,steering,basalar,35,24,840,3
351,720575941612044518,DNa04,steering_control,720575941601088441,5,720575941580669817,hg1,steering,haltere,35,10,350,3
352,720575941612044518,DNa04,steering_control,720575941611080010,5,720575941458961604,iii3,steering,axillary_III,38,13,494,3
353,720575941612044518,DNa04,steering_control,720575941611080010,5,720575941565378919,iii3,steering,axillary_III,38,231,8778,3
354,720575941612044518,DNa04,steering_control,720575941611080010,5,720575941565378919,iii3,steering,axillary_III,38,11,418,3
355,720575941612044518,DNa04,steering_control,720575941611080010,5,720575941565378919,iii3,steering,axillary_III,38,46,1748,3
356,720575941612044518,DNa04,steering_control,720575941630748859,1,720575941655597785,b2,steering,basalar,31,10,310,3
357,720575941612044518,DNa04,steering_control,720575941630748859,1,720575941655597785,b2,steering,basalar,31,58,1798,3
358,720575941612044518,DNa04,steering_control,720575941678358973,5,720575941458961604,iii3,steering,axillary_III,47,32,1504,3
359,720575941612044518,DNa04,steering_control,720575941678358973,5,720575941458961604,iii3,steering,axillary_III,47,14,658,3
360,720575941552726407,DNg99,steering_control,720575941399253283,1,720575941549822781,b1,steering,basalar,10,17,170,3
361,720575941552726407,DNg99,steering_control,720575941399253283,1,720575941549822781,b1,steering,basalar,10,26,260,3
362,720575941552726407,DNg99,steering_control,720575941399253283,1,720575941655597785,b2,steering,basalar,10,13,130,3
363,720575941552726407,DNg99,steering_control,720575941399253283,1,720575941549822781,b1,steering,basalar,10,17,170,3
364,720575941552726407,DNg99,steering_control,720575941399253283,1,720575941549822781,b1,steering,basalar,10,26,260,3
365,720575941552726407,DNg99,steering_control,720575941399253283,1,720575941655597785,b2,steering,basalar,10,13,130,3
366,720575941552726407,DNg99,steering_control,720575941436996882,4,720575941456201887,hg1,steering,haltere,10,41,410,3
367,720575941552726407,DNg99,steering_control,720575941436996882,4,720575941456201887,hg1,steering,haltere,10,25,250,3
368,720575941552726407,DNg99,steering_control,720575941436996882,4,720575941459347411,iii4,steering,axillary_III,10,32,320,3
369,720575941552726407,DNg99,steering_control,720575941436996882,4,720575941459347411,iii4,steering,axillary_III,10,21,210,3
370,720575941552726407,DNg99,steering_control,720575941436996882,4,720575941624155644,b2,steering,basalar,10,12,120,3
371,720575941552726407,DNg99,steering_control,720575941436996882,4,720575941456201887,hg1,steering,haltere,10,41,410,3
372,720575941552726407,DNg99,steering_control,720575941436996882,4,720575941456201887,hg1,steering,haltere,10,25,250,3
373,720575941552726407,DNg99,steering_control,720575941436996882,4,720575941459347411,iii4,steering,axillary_III,10,32,320,3
374,720575941552726407,DNg99,steering_control,720575941436996882,4,720575941459347411,iii4,steering,axillary_III,10,21,210,3
375,720575941552726407,DNg99,steering_control,720575941436996882,4,720575941624155644,b2,steering,basalar,10,12,120,3
376,720575941552726407,DNg99,steering_control,720575941456348575,4,720575941456201887,hg1,steering,haltere,23,39,897,3
377,720575941552726407,DNg99,steering_control,720575941456348575,4,720575941458961604,iii3,steering,axillary_III,23,20,460,3
378,720575941552726407,DNg99,steering_control,720575941456348575,4,720575941459347411,iii4,steering,axillary_III,23,48,1104,3
379,720575941552726407,DNg99,steering_control,720575941456348575,4,720575941459347411,iii4,steering,axillary_III,23,13,299,3
380,720575941552726407,DNg99,steering_control,720575941456348575,4,720575941483845954,hg3,steering,haltere,23,19,437,3
381,720575941552726407,DNg99,steering_control,720575941456348575,4,720575941630940642,hg4,steering,haltere,23,61,1403,3
382,720575941552726407,DNg99,steering_control,720575941456348575,4,720575941630940642,hg4,steering,haltere,23,13,299,3
383,720575941552726407,DNg99,steering_control,720575941458334163,1,720575941624155644,b2,steering,basalar,16,14,224,3
384,720575941552726407,DNg99,steering_control,720575941458334163,1,720575941624155644,b2,steering,basalar,16,50,800,3
385,720575941552726407,DNg99,steering_control,720575941458334163,1,720575941624155644,b2,steering,basalar,10,14,140,3
386,720575941552726407,DNg99,steering_control,720575941458334163,1,720575941624155644,b2,steering,basalar,10,50,500,3
387,720575941552726407,DNg99,steering_control,720575941503451301,1,720575941624155644,b2,steering,basalar,10,44,440,3
388,720575941552726407,DNg99,steering_control,720575941503451301,1,720575941624155644,b2,steering,basalar,26,44,1144,3
389,720575941552726407,DNg99,steering_control,720575941532385624,1,720575941549822781,b1,steering,basalar,12,27,324,3
390,720575941552726407,DNg99,steering_control,720575941532385624,1,720575941549822781,b1,steering,basalar,12,14,168,3
391,720575941552726407,DNg99,steering_control,720575941532385624,1,720575941655597785,b2,steering,basalar,12,11,132,3
392,720575941552726407,DNg99,steering_control,720575941557294095,1,720575941549822781,b1,steering,basalar,11,29,319,3
393,720575941552726407,DNg99,steering_control,720575941557294095,1,720575941549822781,b1,steering,basalar,11,20,220,3
394,720575941552726407,DNg99,steering_control,720575941557294095,1,720575941655597785,b2,steering,basalar,11,11,121,3
395,720575941552726407,DNg99,steering_control,720575941557612915,1,720575941521196211,b1,steering,basalar,56,10,560,3
396,720575941552726407,DNg99,steering_control,720575941557612915,1,720575941624155644,b2,steering,basalar,56,10,560,3
397,720575941552726407,DNg99,steering_control,720575941557612915,1,720575941521196211,b1,steering,basalar,53,10,530,3
398,720575941552726407,DNg99,steering_control,720575941557612915,1,720575941624155644,b2,steering,basalar,53,10,530,3
399,720575941552726407,DNg99,steering_control,720575941558661165,5,720575941468897856,i1,steering,axillary_i,13,17,221,3
400,720575941552726407,DNg99,steering_control,720575941558661165,5,720575941468897856,i1,steering,axillary_i,13,15,195,3
401,720575941552726407,DNg99,steering_control,720575941558661165,5,720575941513173763,hg4,steering,haltere,13,11,143,3
402,720575941552726407,DNg99,steering_control,720575941558661165,5,720575941580669817,hg1,steering,haltere,13,14,182,3
403,720575941552726407,DNg99,steering_control,720575941608310346,5,720575941474574132,b3,steering,basalar,20,14,280,3
404,720575941552726407,DNg99,steering_control,720575941608310346,5,720575941474574132,b3,steering,basalar,20,10,200,3
405,720575941552726407,DNg99,steering_control,720575941608310346,5,720575941580669817,hg1,steering,haltere,20,12,240,3
406,720575941552726407,DNg99,steering_control,720575941608991050,1,720575941521196211,b1,steering,basalar,20,31,620,3
407,720575941552726407,DNg99,steering_control,720575941608991050,1,720575941624155644,b2,steering,basalar,20,29,580,3
408,720575941552726407,DNg99,steering_control,720575941608991050,1,720575941521196211,b1,steering,basalar,37,31,1147,3
409,720575941552726407,DNg99,steering_control,720575941608991050,1,720575941624155644,b2,steering,basalar,37,29,1073,3
410,720575941552726407,DNg99,steering_control,720575941623108298,3,720575941463144336,DLM1,power,DLM,40,10,400,3
411,720575941552726407,DNg99,steering_control,720575941623108298,3,720575941472734048,DVM1A,power,DVM,40,13,520,3
412,720575941552726407,DNg99,steering_control,720575941623108298,3,720575941472734048,DVM1A,power,DVM,40,39,1560,3
413,720575941552726407,DNg99,steering_control,720575941623108298,3,720575941479034563,DLM1,power,DLM,40,15,600,3
414,720575941552726407,DNg99,steering_control,720575941623108298,3,720575941487139138,DVM3A,power,DVM,40,14,560,3
415,720575941552726407,DNg99,steering_control,720575941623108298,3,720575941530190027,DVM2A,power,DVM,40,11,440,3
416,720575941552726407,DNg99,steering_control,720575941623108298,3,720575941597489344,DVM1A,power,DVM,40,20,800,3
417,720575941552726407,DNg99,steering_control,720575941623108298,3,720575941603635190,DVM1A,power,DVM,40,32,1280,3
418,720575941552726407,DNg99,steering_control,720575941623108298,3,720575941624985226,DVM2A,power,DVM,40,11,440,3
419,720575941552726407,DNg99,steering_control,720575941623108298,3,720575941643100754,ps1,steering,pleurosternal,40,20,800,3
420,720575941552726407,DNg99,steering_control,720575941623108298,3,720575941643100754,ps1,steering,pleurosternal,40,96,3840,3
421,720575941552726407,DNg99,steering_control,720575941623108298,3,720575941643100754,ps1,steering,pleurosternal,40,11,440,3
422,720575941552726407,DNg99,steering_control,720575941623108298,3,720575941643100754,ps1,steering,pleurosternal,40,182,7280,3
423,720575941552726407,DNg99,steering_control,720575941623108298,3,720575941643100754,ps1,steering,pleurosternal,40,20,800,3
424,720575941552726407,DNg99,steering_control,720575941623108298,3,720575941645041313,ps1,steering,pleurosternal,40,26,1040,3
425,720575941552726407,DNg99,steering_control,720575941623108298,3,720575941645041313,ps1,steering,pleurosternal,40,52,2080,3
426,720575941552726407,DNg99,steering_control,720575941623108298,3,720575941645041313,ps1,steering,pleurosternal,40,21,840,3
427,720575941552726407,DNg99,steering_control,720575941623108298,3,720575941645041313,ps1,steering,pleurosternal,40,16,640,3
428,720575941552726407,DNg99,steering_control,720575941623108298,3,720575941645041313,ps1,steering,pleurosternal,40,47,1880,3
429,720575941552726407,DNg99,steering_control,720575941623108298,3,720575941645403000,DLM1,power,DLM,40,11,440,3
430,720575941552726407,DNg99,steering_control,720575941623108298,3,720575941463144336,DLM1,power,DLM,37,10,370,3
431,720575941552726407,DNg99,steering_control,720575941623108298,3,720575941472734048,DVM1A,power,DVM,37,13,481,3
432,720575941552726407,DNg99,steering_control,720575941623108298,3,720575941472734048,DVM1A,power,DVM,37,39,1443,3
433,720575941552726407,DNg99,steering_control,720575941623108298,3,720575941479034563,DLM1,power,DLM,37,15,555,3
434,720575941552726407,DNg99,steering_control,720575941623108298,3,720575941487139138,DVM3A,power,DVM,37,14,518,3
435,720575941552726407,DNg99,steering_control,720575941623108298,3,720575941530190027,DVM2A,power,DVM,37,11,407,3
436,720575941552726407,DNg99,steering_control,720575941623108298,3,720575941597489344,DVM1A,power,DVM,37,20,740,3
437,720575941552726407,DNg99,steering_control,720575941623108298,3,720575941603635190,DVM1A,power,DVM,37,32,1184,3
438,720575941552726407,DNg99,steering_control,720575941623108298,3,720575941624985226,DVM2A,power,DVM,37,11,407,3
439,720575941552726407,DNg99,steering_control,720575941623108298,3,720575941643100754,ps1,steering,pleurosternal,37,20,740,3
440,720575941552726407,DNg99,steering_control,720575941623108298,3,720575941643100754,ps1,steering,pleurosternal,37,96,3552,3
441,720575941552726407,DNg99,steering_control,720575941623108298,3,720575941643100754,ps1,steering,pleurosternal,37,11,407,3
442,720575941552726407,DNg99,steering_control,720575941623108298,3,720575941643100754,ps1,steering,pleurosternal,37,182,6734,3
443,720575941552726407,DNg99,steering_control,720575941623108298,3,720575941643100754,ps1,steering,pleurosternal,37,20,740,3
444,720575941552726407,DNg99,steering_control,720575941623108298,3,720575941645041313,ps1,steering,pleurosternal,37,26,962,3
445,720575941552726407,DNg99,steering_control,720575941623108298,3,720575941645041313,ps1,steering,pleurosternal,37,52,1924,3
446,720575941552726407,DNg99,steering_control,720575941623108298,3,720575941645041313,ps1,steering,pleurosternal,37,21,777,3
447,720575941552726407,DNg99,steering_control,720575941623108298,3,720575941645041313,ps1,steering,pleurosternal,37,16,592,3
448,720575941552726407,DNg99,steering_control,720575941623108298,3,720575941645041313,ps1,steering,pleurosternal,37,47,1739,3
449,720575941552726407,DNg99,steering_control,720575941623108298,3,720575941645403000,DLM1,power,DLM,37,11,407,3
450,720575941552726407,DNg99,steering_control,720575941630959035,5,720575941468897856,i1,steering,axillary_i,11,16,176,3
451,720575941552726407,DNg99,steering_control,720575941630959035,5,720575941468897856,i1,steering,axillary_i,11,26,286,3
452,720575941552726407,DNg99,steering_control,720575941658602520,1,720575941624155644,b2,steering,basalar,12,10,120,3
453,720575941552726407,DNg99,steering_control,720575941667143601,4,720575941513173763,hg4,steering,haltere,11,28,308,3
454,720575941552726407,DNg99,steering_control,720575941667143601,4,720575941516770670,iii4,steering,axillary_III,11,13,143,3
455,720575941552726407,DNg99,steering_control,720575941667143601,4,720575941580669817,hg1,steering,haltere,11,24,264,3
456,720575941552726407,DNg99,steering_control,720575941667143601,4,720575941580669817,hg1,steering,haltere,11,10,110,3
457,720575941552726407,DNg99,steering_control,720575941667143601,4,720575941580669817,hg1,steering,haltere,11,16,176,3
458,720575941533704067,DNp31,steering_control,720575941411791764,5,720575941542412805,b3,steering,basalar,16,11,176,3
459,720575941533704067,DNp31,steering_control,720575941411791764,5,720575941542412805,b3,steering,basalar,16,14,224,3
460,720575941533704067,DNp31,steering_control,720575941411791764,5,720575941547315060,i1,steering,axillary_i,16,13,208,3
461,720575941533704067,DNp31,steering_control,720575941429556655,4,720575941456201887,hg1,steering,haltere,13,16,208,3
462,720575941533704067,DNp31,steering_control,720575941429556655,4,720575941630940642,hg4,steering,haltere,13,57,741,3
463,720575941533704067,DNp31,steering_control,720575941429556655,4,720575941630940642,hg4,steering,haltere,13,10,130,3
464,720575941533704067,DNp31,steering_control,720575941429556655,4,720575941630940642,hg4,steering,haltere,13,14,182,3
465,720575941533704067,DNp31,steering_control,720575941431311575,3,720575941643100754,ps1,steering,pleurosternal,15,27,405,3
466,720575941533704067,DNp31,steering_control,720575941431311575,3,720575941643100754,ps1,steering,pleurosternal,15,10,150,3
467,720575941533704067,DNp31,steering_control,720575941431311575,3,720575941643100754,ps1,steering,pleurosternal,15,25,375,3
468,720575941533704067,DNp31,steering_control,720575941431311575,3,720575941643100754,ps1,steering,pleurosternal,15,15,225,3
469,720575941533704067,DNp31,steering_control,720575941431311575,3,720575941645041313,ps1,steering,pleurosternal,15,43,645,3
470,720575941533704067,DNp31,steering_control,720575941431311575,3,720575941645041313,ps1,steering,pleurosternal,15,112,1680,3
471,720575941533704067,DNp31,steering_control,720575941431311575,3,720575941645041313,ps1,steering,pleurosternal,15,10,150,3
472,720575941533704067,DNp31,steering_control,720575941431311575,3,720575941645041313,ps1,steering,pleurosternal,15,12,180,3
473,720575941533704067,DNp31,steering_control,720575941456678893,5,720575941475745898,i2,steering,axillary_i,10,15,150,3
474,720575941533704067,DNp31,steering_control,720575941456678893,5,720575941547315060,i1,steering,axillary_i,10,10,100,3
475,720575941533704067,DNp31,steering_control,720575941456678893,5,720575941547394081,i2,steering,axillary_i,10,34,340,3
476,720575941533704067,DNp31,steering_control,720575941458334163,1,720575941624155644,b2,steering,basalar,22,14,308,3
477,720575941533704067,DNp31,steering_control,720575941458334163,1,720575941624155644,b2,steering,basalar,22,50,1100,3
478,720575941533704067,DNp31,steering_control,720575941459883846,2,720575941463144336,DLM1,power,DLM,12,44,528,3
479,720575941533704067,DNp31,steering_control,720575941459883846,2,720575941463144336,DLM1,power,DLM,12,11,132,3
480,720575941533704067,DNp31,steering_control,720575941459883846,2,720575941479034563,DLM1,power,DLM,12,63,756,3
481,720575941533704067,DNp31,steering_control,720575941459883846,2,720575941479034563,DLM1,power,DLM,12,24,288,3
482,720575941533704067,DNp31,steering_control,720575941459883846,2,720575941533190337,DLM1,power,DLM,12,37,444,3
483,720575941533704067,DNp31,steering_control,720575941459883846,2,720575941533190337,DLM1,power,DLM,12,15,180,3
484,720575941533704067,DNp31,steering_control,720575941459883846,2,720575941583644382,DLM1,power,DLM,12,33,396,3
485,720575941533704067,DNp31,steering_control,720575941459883846,2,720575941596050112,DLM5,power,DLM,12,55,660,3
486,720575941533704067,DNp31,steering_control,720575941459883846,2,720575941597489344,DVM1A,power,DVM,12,11,132,3
487,720575941533704067,DNp31,steering_control,720575941465484566,1,720575941655597785,b2,steering,basalar,17,37,629,3
488,720575941533704067,DNp31,steering_control,720575941500983019,5,720575941475745898,i2,steering,axillary_i,15,12,180,3
489,720575941533704067,DNp31,steering_control,720575941500983019,5,720575941547315060,i1,steering,axillary_i,15,15,225,3
490,720575941533704067,DNp31,steering_control,720575941500983019,5,720575941547394081,i2,steering,axillary_i,15,28,420,3
491,720575941533704067,DNp31,steering_control,720575941503451301,1,720575941624155644,b2,steering,basalar,14,44,616,3
492,720575941533704067,DNp31,steering_control,720575941503667109,2,720575941463144336,DLM1,power,DLM,12,42,504,3
493,720575941533704067,DNp31,steering_control,720575941503667109,2,720575941463144336,DLM1,power,DLM,12,10,120,3
494,720575941533704067,DNp31,steering_control,720575941503667109,2,720575941479034563,DLM1,power,DLM,12,33,396,3
495,720575941533704067,DNp31,steering_control,720575941503667109,2,720575941479034563,DLM1,power,DLM,12,10,120,3
496,720575941533704067,DNp31,steering_control,720575941503667109,2,720575941533190337,DLM1,power,DLM,12,34,408,3
497,720575941533704067,DNp31,steering_control,720575941503667109,2,720575941533190337,DLM1,power,DLM,12,14,168,3
498,720575941533704067,DNp31,steering_control,720575941503667109,2,720575941534583786,DLM5,power,DLM,12,10,120,3
499,720575941533704067,DNp31,steering_control,720575941503667109,2,720575941583644382,DLM1,power,DLM,12,24,288,3
500,720575941533704067,DNp31,steering_control,720575941503667109,2,720575941596050112,DLM5,power,DLM,12,44,528,3
501,720575941533704067,DNp31,steering_control,720575941503667109,2,720575941596050112,DLM5,power,DLM,12,15,180,3
502,720575941533704067,DNp31,steering_control,720575941504456386,2,720575941463144336,DLM1,power,DLM,11,13,143,3
503,720575941533704067,DNp31,steering_control,720575941504456386,2,720575941507955269,DLM1,power,DLM,11,29,319,3
504,720575941533704067,DNp31,steering_control,720575941504456386,2,720575941519783640,DLM1,power,DLM,11,20,220,3
505,720575941533704067,DNp31,steering_control,720575941504456386,2,720575941534583786,DLM5,power,DLM,11,29,319,3
506,720575941533704067,DNp31,steering_control,720575941504456386,2,720575941640465439,DLM1,power,DLM,11,27,297,3
507,720575941533704067,DNp31,steering_control,720575941504456386,2,720575941645403000,DLM1,power,DLM,11,37,407,3
508,720575941533704067,DNp31,steering_control,720575941511275986,4,720575941456201887,hg1,steering,haltere,10,20,200,3
509,720575941533704067,DNp31,steering_control,720575941511275986,4,720575941456201887,hg1,steering,haltere,10,39,390,3
510,720575941533704067,DNp31,steering_control,720575941511275986,4,720575941459347411,iii4,steering,axillary_III,10,11,110,3
511,720575941533704067,DNp31,steering_control,720575941511275986,4,720575941459347411,iii4,steering,axillary_III,10,24,240,3
512,720575941533704067,DNp31,steering_control,720575941511275986,4,720575941468288375,hg3,steering,haltere,10,29,290,3
513,720575941533704067,DNp31,steering_control,720575941511275986,4,720575941468288375,hg3,steering,haltere,10,48,480,3
514,720575941533704067,DNp31,steering_control,720575941511275986,4,720575941475745898,i2,steering,axillary_i,10,17,170,3
515,720575941533704067,DNp31,steering_control,720575941511275986,4,720575941483845954,hg3,steering,haltere,10,31,310,3
516,720575941533704067,DNp31,steering_control,720575941511275986,4,720575941513173763,hg4,steering,haltere,10,60,600,3
517,720575941533704067,DNp31,steering_control,720575941511275986,4,720575941513173763,hg4,steering,haltere,10,57,570,3
518,720575941533704067,DNp31,steering_control,720575941511275986,4,720575941516770670,iii4,steering,axillary_III,10,32,320,3
519,720575941533704067,DNp31,steering_control,720575941511275986,4,720575941516770670,iii4,steering,axillary_III,10,14,140,3
520,720575941533704067,DNp31,steering_control,720575941511275986,4,720575941516770670,iii4,steering,axillary_III,10,126,1260,3
521,720575941533704067,DNp31,steering_control,720575941511275986,4,720575941580669817,hg1,steering,haltere,10,64,640,3
522,720575941533704067,DNp31,steering_control,720575941511275986,4,720575941580669817,hg1,steering,haltere,10,37,370,3
523,720575941533704067,DNp31,steering_control,720575941511275986,4,720575941580669817,hg1,steering,haltere,10,145,1450,3
524,720575941533704067,DNp31,steering_control,720575941511275986,4,720575941624155644,b2,steering,basalar,10,18,180,3
525,720575941533704067,DNp31,steering_control,720575941511275986,4,720575941655597785,b2,steering,basalar,10,20,200,3
526,720575941533704067,DNp31,steering_control,720575941511275986,4,720575941655597785,b2,steering,basalar,10,19,190,3
527,720575941533704067,DNp31,steering_control,720575941511275986,4,720575941655597785,b2,steering,basalar,10,103,1030,3
528,720575941533704067,DNp31,steering_control,720575941512896099,2,720575941463144336,DLM1,power,DLM,12,24,288,3
529,720575941533704067,DNp31,steering_control,720575941512896099,2,720575941463144336,DLM1,power,DLM,12,39,468,3
530,720575941533704067,DNp31,steering_control,720575941512896099,2,720575941472734048,DVM1A,power,DVM,12,10,120,3
531,720575941533704067,DNp31,steering_control,720575941512896099,2,720575941479034563,DLM1,power,DLM,12,13,156,3
532,720575941533704067,DNp31,steering_control,720575941512896099,2,720575941479034563,DLM1,power,DLM,12,56,672,3
533,720575941533704067,DNp31,steering_control,720575941512896099,2,720575941507955269,DLM1,power,DLM,12,28,336,3
534,720575941533704067,DNp31,steering_control,720575941512896099,2,720575941507955269,DLM1,power,DLM,12,43,516,3
535,720575941533704067,DNp31,steering_control,720575941512896099,2,720575941519783640,DLM1,power,DLM,12,14,168,3
536,720575941533704067,DNp31,steering_control,720575941512896099,2,720575941519783640,DLM1,power,DLM,12,15,180,3
537,720575941533704067,DNp31,steering_control,720575941512896099,2,720575941533190337,DLM1,power,DLM,12,17,204,3
538,720575941533704067,DNp31,steering_control,720575941512896099,2,720575941533190337,DLM1,power,DLM,12,68,816,3
539,720575941533704067,DNp31,steering_control,720575941512896099,2,720575941534583786,DLM5,power,DLM,12,16,192,3
540,720575941533704067,DNp31,steering_control,720575941512896099,2,720575941534583786,DLM5,power,DLM,12,20,240,3
541,720575941533704067,DNp31,steering_control,720575941512896099,2,720575941583644382,DLM1,power,DLM,12,13,156,3
542,720575941533704067,DNp31,steering_control,720575941512896099,2,720575941583644382,DLM1,power,DLM,12,54,648,3
543,720575941533704067,DNp31,steering_control,720575941512896099,2,720575941596050112,DLM5,power,DLM,12,17,204,3
544,720575941533704067,DNp31,steering_control,720575941512896099,2,720575941596050112,DLM5,power,DLM,12,63,756,3
545,720575941533704067,DNp31,steering_control,720575941512896099,2,720575941603635190,DVM1A,power,DVM,12,26,312,3
546,720575941533704067,DNp31,steering_control,720575941512896099,2,720575941640465439,DLM1,power,DLM,12,21,252,3
547,720575941533704067,DNp31,steering_control,720575941512896099,2,720575941640465439,DLM1,power,DLM,12,23,276,3
548,720575941533704067,DNp31,steering_control,720575941512896099,2,720575941645403000,DLM1,power,DLM,12,22,264,3
549,720575941533704067,DNp31,steering_control,720575941512896099,2,720575941645403000,DLM1,power,DLM,12,23,276,3
550,720575941533704067,DNp31,steering_control,720575941516099500,2,720575941463144336,DLM1,power,DLM,10,42,420,3
551,720575941533704067,DNp31,steering_control,720575941516099500,2,720575941463144336,DLM1,power,DLM,10,22,220,3
552,720575941533704067,DNp31,steering_control,720575941516099500,2,720575941479034563,DLM1,power,DLM,10,26,260,3
553,720575941533704067,DNp31,steering_control,720575941516099500,2,720575941479034563,DLM1,power,DLM,10,23,230,3
554,720575941533704067,DNp31,steering_control,720575941516099500,2,720575941479034563,DLM1,power,DLM,10,14,140,3
555,720575941533704067,DNp31,steering_control,720575941516099500,2,720575941507955269,DLM1,power,DLM,10,40,400,3
556,720575941533704067,DNp31,steering_control,720575941516099500,2,720575941507955269,DLM1,power,DLM,10,12,120,3
557,720575941533704067,DNp31,steering_control,720575941516099500,2,720575941519783640,DLM1,power,DLM,10,53,530,3
558,720575941533704067,DNp31,steering_control,720575941516099500,2,720575941533190337,DLM1,power,DLM,10,17,170,3
559,720575941533704067,DNp31,steering_control,720575941516099500,2,720575941533190337,DLM1,power,DLM,10,24,240,3
560,720575941533704067,DNp31,steering_control,720575941516099500,2,720575941534583786,DLM5,power,DLM,10,56,560,3
561,720575941533704067,DNp31,steering_control,720575941516099500,2,720575941560383347,DVM1A,power,DVM,10,16,160,3
562,720575941533704067,DNp31,steering_control,720575941516099500,2,720575941565105206,DVM1A,power,DVM,10,40,400,3
563,720575941533704067,DNp31,steering_control,720575941516099500,2,720575941566847847,DVM1A,power,DVM,10,33,330,3
564,720575941533704067,DNp31,steering_control,720575941516099500,2,720575941583644382,DLM1,power,DLM,10,12,120,3
565,720575941533704067,DNp31,steering_control,720575941516099500,2,720575941583644382,DLM1,power,DLM,10,19,190,3
566,720575941533704067,DNp31,steering_control,720575941516099500,2,720575941596050112,DLM5,power,DLM,10,13,130,3
567,720575941533704067,DNp31,steering_control,720575941516099500,2,720575941596050112,DLM5,power,DLM,10,25,250,3
568,720575941533704067,DNp31,steering_control,720575941516099500,2,720575941596050112,DLM5,power,DLM,10,10,100,3
569,720575941533704067,DNp31,steering_control,720575941516099500,2,720575941603635190,DVM1A,power,DVM,10,12,120,3
570,720575941533704067,DNp31,steering_control,720575941516099500,2,720575941614289683,DVM3A,power,DVM,10,11,110,3
571,720575941533704067,DNp31,steering_control,720575941516099500,2,720575941640465439,DLM1,power,DLM,10,50,500,3
572,720575941533704067,DNp31,steering_control,720575941516099500,2,720575941640465439,DLM1,power,DLM,10,19,190,3
573,720575941533704067,DNp31,steering_control,720575941516099500,2,720575941645403000,DLM1,power,DLM,10,74,740,3
574,720575941533704067,DNp31,steering_control,720575941516099500,2,720575941645403000,DLM1,power,DLM,10,14,140,3
575,720575941533704067,DNp31,steering_control,720575941518434227,2,720575941463144336,DLM1,power,DLM,12,17,204,3
576,720575941533704067,DNp31,steering_control,720575941518434227,2,720575941463144336,DLM1,power,DLM,12,23,276,3
577,720575941533704067,DNp31,steering_control,720575941518434227,2,720575941463144336,DLM1,power,DLM,12,10,120,3
578,720575941533704067,DNp31,steering_control,720575941518434227,2,720575941479034563,DLM1,power,DLM,12,26,312,3
579,720575941533704067,DNp31,steering_control,720575941518434227,2,720575941479034563,DLM1,power,DLM,12,26,312,3
580,720575941533704067,DNp31,steering_control,720575941518434227,2,720575941479034563,DLM1,power,DLM,12,17,204,3
581,720575941533704067,DNp31,steering_control,720575941518434227,2,720575941507955269,DLM1,power,DLM,12,59,708,3
582,720575941533704067,DNp31,steering_control,720575941518434227,2,720575941507955269,DLM1,power,DLM,12,20,240,3
583,720575941533704067,DNp31,steering_control,720575941518434227,2,720575941507955269,DLM1,power,DLM,12,10,120,3
584,720575941533704067,DNp31,steering_control,720575941518434227,2,720575941507955269,DLM1,power,DLM,12,17,204,3
585,720575941533704067,DNp31,steering_control,720575941518434227,2,720575941519783640,DLM1,power,DLM,12,78,936,3
586,720575941533704067,DNp31,steering_control,720575941518434227,2,720575941533190337,DLM1,power,DLM,12,12,144,3
587,720575941533704067,DNp31,steering_control,720575941518434227,2,720575941533190337,DLM1,power,DLM,12,20,240,3
588,720575941533704067,DNp31,steering_control,720575941518434227,2,720575941533190337,DLM1,power,DLM,12,13,156,3
589,720575941533704067,DNp31,steering_control,720575941518434227,2,720575941534583786,DLM5,power,DLM,12,72,864,3
590,720575941533704067,DNp31,steering_control,720575941518434227,2,720575941534583786,DLM5,power,DLM,12,10,120,3
591,720575941533704067,DNp31,steering_control,720575941518434227,2,720575941542328837,DVM2A,power,DVM,12,15,180,3
592,720575941533704067,DNp31,steering_control,720575941518434227,2,720575941560383347,DVM1A,power,DVM,12,21,252,3
593,720575941533704067,DNp31,steering_control,720575941518434227,2,720575941565105206,DVM1A,power,DVM,12,27,324,3
594,720575941533704067,DNp31,steering_control,720575941518434227,2,720575941566847847,DVM1A,power,DVM,12,37,444,3
595,720575941533704067,DNp31,steering_control,720575941518434227,2,720575941583644382,DLM1,power,DLM,12,20,240,3
596,720575941533704067,DNp31,steering_control,720575941518434227,2,720575941590220684,DVM3A,power,DVM,12,12,144,3
597,720575941533704067,DNp31,steering_control,720575941518434227,2,720575941596050112,DLM5,power,DLM,12,15,180,3
598,720575941533704067,DNp31,steering_control,720575941518434227,2,720575941596050112,DLM5,power,DLM,12,17,204,3
599,720575941533704067,DNp31,steering_control,720575941518434227,2,720575941603635190,DVM1A,power,DVM,12,12,144,3
600,720575941533704067,DNp31,steering_control,720575941518434227,2,720575941614289683,DVM3A,power,DVM,12,13,156,3
601,720575941533704067,DNp31,steering_control,720575941518434227,2,720575941640465439,DLM1,power,DLM,12,74,888,3
602,720575941533704067,DNp31,steering_control,720575941518434227,2,720575941640465439,DLM1,power,DLM,12,19,228,3
603,720575941533704067,DNp31,steering_control,720575941518434227,2,720575941645403000,DLM1,power,DLM,12,91,1092,3
604,720575941533704067,DNp31,steering_control,720575941518434227,2,720575941645403000,DLM1,power,DLM,12,22,264,3
605,720575941533704067,DNp31,steering_control,720575941518434227,2,720575941645403000,DLM1,power,DLM,12,15,180,3
606,720575941533704067,DNp31,steering_control,720575941518434227,2,720575941645403000,DLM1,power,DLM,12,13,156,3
607,720575941533704067,DNp31,steering_control,720575941519273944,5,720575941468897856,i1,steering,axillary_i,10,10,100,3
608,720575941533704067,DNp31,steering_control,720575941519273944,5,720575941468897856,i1,steering,axillary_i,10,12,120,3
609,720575941533704067,DNp31,steering_control,720575941519273944,5,720575941475745898,i2,steering,axillary_i,10,12,120,3
610,720575941533704067,DNp31,steering_control,720575941519273944,5,720575941475745898,i2,steering,axillary_i,10,39,390,3
611,720575941533704067,DNp31,steering_control,720575941527099981,3,720575941643100754,ps1,steering,pleurosternal,19,18,342,3
612,720575941533704067,DNp31,steering_control,720575941527099981,3,720575941643100754,ps1,steering,pleurosternal,19,45,855,3
613,720575941533704067,DNp31,steering_control,720575941527099981,3,720575941643100754,ps1,steering,pleurosternal,19,11,209,3
614,720575941533704067,DNp31,steering_control,720575941527099981,3,720575941643100754,ps1,steering,pleurosternal,19,202,3838,3
615,720575941533704067,DNp31,steering_control,720575941527099981,3,720575941645041313,ps1,steering,pleurosternal,19,10,190,3
616,720575941533704067,DNp31,steering_control,720575941527099981,3,720575941645041313,ps1,steering,pleurosternal,19,19,361,3
617,720575941533704067,DNp31,steering_control,720575941527099981,3,720575941645041313,ps1,steering,pleurosternal,19,14,266,3
618,720575941533704067,DNp31,steering_control,720575941527099981,3,720575941643100754,ps1,steering,pleurosternal,27,18,486,3
619,720575941533704067,DNp31,steering_control,720575941527099981,3,720575941643100754,ps1,steering,pleurosternal,27,45,1215,3
620,720575941533704067,DNp31,steering_control,720575941527099981,3,720575941643100754,ps1,steering,pleurosternal,27,11,297,3
621,720575941533704067,DNp31,steering_control,720575941527099981,3,720575941643100754,ps1,steering,pleurosternal,27,202,5454,3
622,720575941533704067,DNp31,steering_control,720575941527099981,3,720575941645041313,ps1,steering,pleurosternal,27,10,270,3
623,720575941533704067,DNp31,steering_control,720575941527099981,3,720575941645041313,ps1,steering,pleurosternal,27,19,513,3
624,720575941533704067,DNp31,steering_control,720575941527099981,3,720575941645041313,ps1,steering,pleurosternal,27,14,378,3
625,720575941533704067,DNp31,steering_control,720575941532246762,5,720575941468897856,i1,steering,axillary_i,16,18,288,3
626,720575941533704067,DNp31,steering_control,720575941532246762,5,720575941474574132,b3,steering,basalar,16,22,352,3
627,720575941533704067,DNp31,steering_control,720575941532246762,5,720575941474574132,b3,steering,basalar,16,11,176,3
628,720575941533704067,DNp31,steering_control,720575941532246762,5,720575941479658831,hg2,steering,haltere,16,10,160,3
629,720575941533704067,DNp31,steering_control,720575941543397737,2,720575941479034563,DLM1,power,DLM,13,12,156,3
630,720575941533704067,DNp31,steering_control,720575941543397737,2,720575941507955269,DLM1,power,DLM,13,42,546,3
631,720575941533704067,DNp31,steering_control,720575941543397737,2,720575941519783640,DLM1,power,DLM,13,37,481,3
632,720575941533704067,DNp31,steering_control,720575941543397737,2,720575941534583786,DLM5,power,DLM,13,76,988,3
633,720575941533704067,DNp31,steering_control,720575941543397737,2,720575941534583786,DLM5,power,DLM,13,13,169,3
634,720575941533704067,DNp31,steering_control,720575941543397737,2,720575941565105206,DVM1A,power,DVM,13,11,143,3
635,720575941533704067,DNp31,steering_control,720575941543397737,2,720575941640465439,DLM1,power,DLM,13,49,637,3
636,720575941533704067,DNp31,steering_control,720575941543397737,2,720575941645403000,DLM1,power,DLM,13,49,637,3
637,720575941533704067,DNp31,steering_control,720575941543397737,2,720575941645403000,DLM1,power,DLM,13,14,182,3
638,720575941533704067,DNp31,steering_control,720575941547226248,5,720575941468897856,i1,steering,axillary_i,13,10,130,3
639,720575941533704067,DNp31,steering_control,720575941547226248,5,720575941468897856,i1,steering,axillary_i,13,11,143,3
640,720575941533704067,DNp31,steering_control,720575941547226248,5,720575941474574132,b3,steering,basalar,13,10,130,3
641,720575941533704067,DNp31,steering_control,720575941547226248,5,720575941474574132,b3,steering,basalar,13,30,390,3
642,720575941533704067,DNp31,steering_control,720575941553479140,3,720575941643100754,ps1,steering,pleurosternal,11,42,462,3
643,720575941533704067,DNp31,steering_control,720575941553479140,3,720575941643100754,ps1,steering,pleurosternal,11,20,220,3
644,720575941533704067,DNp31,steering_control,720575941553479140,3,720575941645041313,ps1,steering,pleurosternal,11,10,110,3
645,720575941533704067,DNp31,steering_control,720575941561320493,3,720575941565378919,iii3,steering,axillary_III,11,10,110,3
646,720575941533704067,DNp31,steering_control,720575941561320493,3,720575941643100754,ps1,steering,pleurosternal,11,26,286,3
647,720575941533704067,DNp31,steering_control,720575941561320493,3,720575941645041313,ps1,steering,pleurosternal,11,25,275,3
648,720575941533704067,DNp31,steering_control,720575941575681718,4,720575941456201887,hg1,steering,haltere,11,79,869,3
649,720575941533704067,DNp31,steering_control,720575941575681718,4,720575941456201887,hg1,steering,haltere,11,35,385,3
650,720575941533704067,DNp31,steering_control,720575941575681718,4,720575941456201887,hg1,steering,haltere,11,123,1353,3
651,720575941533704067,DNp31,steering_control,720575941575681718,4,720575941459347411,iii4,steering,axillary_III,11,95,1045,3
652,720575941533704067,DNp31,steering_control,720575941575681718,4,720575941459347411,iii4,steering,axillary_III,11,26,286,3
653,720575941533704067,DNp31,steering_control,720575941575681718,4,720575941459347411,iii4,steering,axillary_III,11,157,1727,3
654,720575941533704067,DNp31,steering_control,720575941575681718,4,720575941468288375,hg3,steering,haltere,11,12,132,3
655,720575941533704067,DNp31,steering_control,720575941575681718,4,720575941483845954,hg3,steering,haltere,11,34,374,3
656,720575941533704067,DNp31,steering_control,720575941575681718,4,720575941483845954,hg3,steering,haltere,11,52,572,3
657,720575941533704067,DNp31,steering_control,720575941575681718,4,720575941513173763,hg4,steering,haltere,11,10,110,3
658,720575941533704067,DNp31,steering_control,720575941575681718,4,720575941516770670,iii4,steering,axillary_III,11,11,121,3
659,720575941533704067,DNp31,steering_control,720575941575681718,4,720575941516770670,iii4,steering,axillary_III,11,14,154,3
660,720575941533704067,DNp31,steering_control,720575941575681718,4,720575941580669817,hg1,steering,haltere,11,25,275,3
661,720575941533704067,DNp31,steering_control,720575941575681718,4,720575941580669817,hg1,steering,haltere,11,28,308,3
662,720575941533704067,DNp31,steering_control,720575941575681718,4,720575941624155644,b2,steering,basalar,11,20,220,3
663,720575941533704067,DNp31,steering_control,720575941575681718,4,720575941624155644,b2,steering,basalar,11,13,143,3
664,720575941533704067,DNp31,steering_control,720575941575681718,4,720575941624155644,b2,steering,basalar,11,99,1089,3
665,720575941533704067,DNp31,steering_control,720575941575681718,4,720575941630940642,hg4,steering,haltere,11,52,572,3
666,720575941533704067,DNp31,steering_control,720575941575681718,4,720575941630940642,hg4,steering,haltere,11,75,825,3
667,720575941533704067,DNp31,steering_control,720575941575681718,4,720575941630940642,hg4,steering,haltere,11,10,110,3
668,720575941533704067,DNp31,steering_control,720575941575681718,4,720575941655597785,b2,steering,basalar,11,10,110,3
669,720575941533704067,DNp31,steering_control,720575941575681718,4,720575941655597785,b2,steering,basalar,11,18,198,3
670,720575941533704067,DNp31,steering_control,720575941575681718,4,720575941456201887,hg1,steering,haltere,14,79,1106,3
671,720575941533704067,DNp31,steering_control,720575941575681718,4,720575941456201887,hg1,steering,haltere,14,35,490,3
672,720575941533704067,DNp31,steering_control,720575941575681718,4,720575941456201887,hg1,steering,haltere,14,123,1722,3
673,720575941533704067,DNp31,steering_control,720575941575681718,4,720575941459347411,iii4,steering,axillary_III,14,95,1330,3
674,720575941533704067,DNp31,steering_control,720575941575681718,4,720575941459347411,iii4,steering,axillary_III,14,26,364,3
675,720575941533704067,DNp31,steering_control,720575941575681718,4,720575941459347411,iii4,steering,axillary_III,14,157,2198,3
676,720575941533704067,DNp31,steering_control,720575941575681718,4,720575941468288375,hg3,steering,haltere,14,12,168,3
677,720575941533704067,DNp31,steering_control,720575941575681718,4,720575941483845954,hg3,steering,haltere,14,34,476,3
678,720575941533704067,DNp31,steering_control,720575941575681718,4,720575941483845954,hg3,steering,haltere,14,52,728,3
679,720575941533704067,DNp31,steering_control,720575941575681718,4,720575941513173763,hg4,steering,haltere,14,10,140,3
680,720575941533704067,DNp31,steering_control,720575941575681718,4,720575941516770670,iii4,steering,axillary_III,14,11,154,3
681,720575941533704067,DNp31,steering_control,720575941575681718,4,720575941516770670,iii4,steering,axillary_III,14,14,196,3
682,720575941533704067,DNp31,steering_control,720575941575681718,4,720575941580669817,hg1,steering,haltere,14,25,350,3
683,720575941533704067,DNp31,steering_control,720575941575681718,4,720575941580669817,hg1,steering,haltere,14,28,392,3
684,720575941533704067,DNp31,steering_control,720575941575681718,4,720575941624155644,b2,steering,basalar,14,20,280,3
685,720575941533704067,DNp31,steering_control,720575941575681718,4,720575941624155644,b2,steering,basalar,14,13,182,3
686,720575941533704067,DNp31,steering_control,720575941575681718,4,720575941624155644,b2,steering,basalar,14,99,1386,3
687,720575941533704067,DNp31,steering_control,720575941575681718,4,720575941630940642,hg4,steering,haltere,14,52,728,3
688,720575941533704067,DNp31,steering_control,720575941575681718,4,720575941630940642,hg4,steering,haltere,14,75,1050,3
689,720575941533704067,DNp31,steering_control,720575941575681718,4,720575941630940642,hg4,steering,haltere,14,10,140,3
690,720575941533704067,DNp31,steering_control,720575941575681718,4,720575941655597785,b2,steering,basalar,14,10,140,3
691,720575941533704067,DNp31,steering_control,720575941575681718,4,720575941655597785,b2,steering,basalar,14,18,252,3
692,720575941533704067,DNp31,steering_control,720575941607605101,4,720575941456201887,hg1,steering,haltere,12,27,324,3
693,720575941533704067,DNp31,steering_control,720575941607605101,4,720575941456201887,hg1,steering,haltere,12,16,192,3
694,720575941533704067,DNp31,steering_control,720575941607605101,4,720575941456201887,hg1,steering,haltere,10,27,270,3
695,720575941533704067,DNp31,steering_control,720575941607605101,4,720575941456201887,hg1,steering,haltere,10,16,160,3
696,720575941533704067,DNp31,steering_control,720575941630748859,1,720575941655597785,b2,steering,basalar,13,10,130,3
697,720575941533704067,DNp31,steering_control,720575941630748859,1,720575941655597785,b2,steering,basalar,13,58,754,3
698,720575941533704067,DNp31,steering_control,720575941641473874,3,720575941458961604,iii3,steering,axillary_III,13,29,377,3
699,720575941533704067,DNp31,steering_control,720575941641473874,3,720575941643100754,ps1,steering,pleurosternal,13,43,559,3
700,720575941533704067,DNp31,steering_control,720575941641473874,3,720575941643100754,ps1,steering,pleurosternal,13,26,338,3
701,720575941533704067,DNp31,steering_control,720575941641473874,3,720575941645041313,ps1,steering,pleurosternal,13,12,156,3
702,720575941533704067,DNp31,steering_control,720575941668725169,4,720575941456201887,hg1,steering,haltere,17,11,187,3
703,720575941533704067,DNp31,steering_control,720575941668725169,4,720575941479658831,hg2,steering,haltere,17,11,187,3
704,720575941533704067,DNp31,steering_control,720575941668725169,4,720575941479658831,hg2,steering,haltere,17,27,459,3
705,720575941533704067,DNp31,steering_control,720575941668725169,4,720575941479658831,hg2,steering,haltere,17,10,170,3
706,720575941533704067,DNp31,steering_control,720575941668725169,4,720575941479658831,hg2,steering,haltere,17,16,272,3
707,720575941533704067,DNp31,steering_control,720575941668725169,4,720575941479658831,hg2,steering,haltere,17,17,289,3
708,720575941533704067,DNp31,steering_control,720575941668725169,4,720575941489673420,iii1,steering,axillary_III,17,10,170,3
709,720575941533704067,DNp31,steering_control,720575941668725169,4,720575941580669817,hg1,steering,haltere,17,20,340,3
710,720575941533704067,DNp31,steering_control,720575941668725169,4,720575941629172716,iii1,steering,axillary_III,17,12,204,3
711,720575941533704067,DNp31,steering_control,720575941668725169,4,720575941732789547,hg2,steering,haltere,17,29,493,3
712,720575941533704067,DNp31,steering_control,720575941668725169,4,720575941732789547,hg2,steering,haltere,17,37,629,3
713,720575941533704067,DNp31,steering_control,720575941668725169,4,720575941732789547,hg2,steering,haltere,17,13,221,3
714,720575941533704067,DNp31,steering_control,720575941668725169,4,720575941732789547,hg2,steering,haltere,17,23,391,3
715,720575941533704067,DNp31,steering_control,720575941668725169,4,720575941456201887,hg1,steering,haltere,13,11,143,3
716,720575941533704067,DNp31,steering_control,720575941668725169,4,720575941479658831,hg2,steering,haltere,13,11,143,3
717,720575941533704067,DNp31,steering_control,720575941668725169,4,720575941479658831,hg2,steering,haltere,13,27,351,3
718,720575941533704067,DNp31,steering_control,720575941668725169,4,720575941479658831,hg2,steering,haltere,13,10,130,3
719,720575941533704067,DNp31,steering_control,720575941668725169,4,720575941479658831,hg2,steering,haltere,13,16,208,3
720,720575941533704067,DNp31,steering_control,720575941668725169,4,720575941479658831,hg2,steering,haltere,13,17,221,3
721,720575941533704067,DNp31,steering_control,720575941668725169,4,720575941489673420,iii1,steering,axillary_III,13,10,130,3
722,720575941533704067,DNp31,steering_control,720575941668725169,4,720575941580669817,hg1,steering,haltere,13,20,260,3
723,720575941533704067,DNp31,steering_control,720575941668725169,4,720575941629172716,iii1,steering,axillary_III,13,12,156,3
724,720575941533704067,DNp31,steering_control,720575941668725169,4,720575941732789547,hg2,steering,haltere,13,29,377,3
725,720575941533704067,DNp31,steering_control,720575941668725169,4,720575941732789547,hg2,steering,haltere,13,37,481,3
726,720575941533704067,DNp31,steering_control,720575941668725169,4,720575941732789547,hg2,steering,haltere,13,13,169,3
727,720575941533704067,DNp31,steering_control,720575941668725169,4,720575941732789547,hg2,steering,haltere,13,23,299,3
728,720575941450506830,DNp18,steering_control,720575941411765140,5,720575941489673420,iii1,steering,axillary_III,11,11,121,3
729,720575941450506830,DNp18,steering_control,720575941414508948,5,720575941560383347,DVM1A,power,DVM,10,10,100,3
730,720575941450506830,DNp18,steering_control,720575941458334163,1,720575941624155644,b2,steering,basalar,25,14,350,3
731,720575941450506830,DNp18,steering_control,720575941458334163,1,720575941624155644,b2,steering,basalar,25,50,1250,3
732,720575941450506830,DNp18,steering_control,720575941458334163,1,720575941624155644,b2,steering,basalar,12,14,168,3
733,720575941450506830,DNp18,steering_control,720575941458334163,1,720575941624155644,b2,steering,basalar,12,50,600,3
734,720575941450506830,DNp18,steering_control,720575941474334779,4,720575941732789547,hg2,steering,haltere,10,11,110,3
735,720575941450506830,DNp18,steering_control,720575941496227041,1,720575941549822781,b1,steering,basalar,19,24,456,3
736,720575941450506830,DNp18,steering_control,720575941496227041,1,720575941549822781,b1,steering,basalar,19,11,209,3
737,720575941450506830,DNp18,steering_control,720575941496227041,1,720575941655597785,b2,steering,basalar,19,31,589,3
738,720575941450506830,DNp18,steering_control,720575941496227041,1,720575941549822781,b1,steering,basalar,13,24,312,3
739,720575941450506830,DNp18,steering_control,720575941496227041,1,720575941549822781,b1,steering,basalar,13,11,143,3
740,720575941450506830,DNp18,steering_control,720575941496227041,1,720575941655597785,b2,steering,basalar,13,31,403,3
741,720575941450506830,DNp18,steering_control,720575941503451301,1,720575941624155644,b2,steering,basalar,36,44,1584,3
742,720575941450506830,DNp18,steering_control,720575941503451301,1,720575941624155644,b2,steering,basalar,26,44,1144,3
743,720575941450506830,DNp18,steering_control,720575941532246762,5,720575941468897856,i1,steering,axillary_i,10,18,180,3
744,720575941450506830,DNp18,steering_control,720575941532246762,5,720575941474574132,b3,steering,basalar,10,22,220,3
745,720575941450506830,DNp18,steering_control,720575941532246762,5,720575941474574132,b3,steering,basalar,10,11,110,3
746,720575941450506830,DNp18,steering_control,720575941532246762,5,720575941479658831,hg2,steering,haltere,10,10,100,3
747,720575941450506830,DNp18,steering_control,720575941532246762,5,720575941468897856,i1,steering,axillary_i,40,18,720,3
748,720575941450506830,DNp18,steering_control,720575941532246762,5,720575941474574132,b3,steering,basalar,40,22,880,3
749,720575941450506830,DNp18,steering_control,720575941532246762,5,720575941474574132,b3,steering,basalar,40,11,440,3
750,720575941450506830,DNp18,steering_control,720575941532246762,5,720575941479658831,hg2,steering,haltere,40,10,400,3
751,720575941450506830,DNp18,steering_control,720575941557612915,1,720575941521196211,b1,steering,basalar,43,10,430,3
752,720575941450506830,DNp18,steering_control,720575941557612915,1,720575941624155644,b2,steering,basalar,43,10,430,3
753,720575941450506830,DNp18,steering_control,720575941557612915,1,720575941521196211,b1,steering,basalar,64,10,640,3
754,720575941450506830,DNp18,steering_control,720575941557612915,1,720575941624155644,b2,steering,basalar,64,10,640,3
755,720575941450506830,DNp18,steering_control,720575941608991050,1,720575941521196211,b1,steering,basalar,24,31,744,3
756,720575941450506830,DNp18,steering_control,720575941608991050,1,720575941624155644,b2,steering,basalar,24,29,696,3
757,720575941450506830,DNp18,steering_control,720575941608991050,1,720575941521196211,b1,steering,basalar,44,31,1364,3
758,720575941450506830,DNp18,steering_control,720575941608991050,1,720575941624155644,b2,steering,basalar,44,29,1276,3
759,720575941450506830,DNp18,steering_control,720575941623108298,3,720575941463144336,DLM1,power,DLM,14,10,140,3
760,720575941450506830,DNp18,steering_control,720575941623108298,3,720575941472734048,DVM1A,power,DVM,14,13,182,3
761,720575941450506830,DNp18,steering_control,720575941623108298,3,720575941472734048,DVM1A,power,DVM,14,39,546,3
762,720575941450506830,DNp18,steering_control,720575941623108298,3,720575941479034563,DLM1,power,DLM,14,15,210,3
763,720575941450506830,DNp18,steering_control,720575941623108298,3,720575941487139138,DVM3A,power,DVM,14,14,196,3
764,720575941450506830,DNp18,steering_control,720575941623108298,3,720575941530190027,DVM2A,power,DVM,14,11,154,3
765,720575941450506830,DNp18,steering_control,720575941623108298,3,720575941597489344,DVM1A,power,DVM,14,20,280,3
766,720575941450506830,DNp18,steering_control,720575941623108298,3,720575941603635190,DVM1A,power,DVM,14,32,448,3
767,720575941450506830,DNp18,steering_control,720575941623108298,3,720575941624985226,DVM2A,power,DVM,14,11,154,3
768,720575941450506830,DNp18,steering_control,720575941623108298,3,720575941643100754,ps1,steering,pleurosternal,14,20,280,3
769,720575941450506830,DNp18,steering_control,720575941623108298,3,720575941643100754,ps1,steering,pleurosternal,14,96,1344,3
770,720575941450506830,DNp18,steering_control,720575941623108298,3,720575941643100754,ps1,steering,pleurosternal,14,11,154,3
771,720575941450506830,DNp18,steering_control,720575941623108298,3,720575941643100754,ps1,steering,pleurosternal,14,182,2548,3
772,720575941450506830,DNp18,steering_control,720575941623108298,3,720575941643100754,ps1,steering,pleurosternal,14,20,280,3
773,720575941450506830,DNp18,steering_control,720575941623108298,3,720575941645041313,ps1,steering,pleurosternal,14,26,364,3
774,720575941450506830,DNp18,steering_control,720575941623108298,3,720575941645041313,ps1,steering,pleurosternal,14,52,728,3
775,720575941450506830,DNp18,steering_control,720575941623108298,3,720575941645041313,ps1,steering,pleurosternal,14,21,294,3
776,720575941450506830,DNp18,steering_control,720575941623108298,3,720575941645041313,ps1,steering,pleurosternal,14,16,224,3
777,720575941450506830,DNp18,steering_control,720575941623108298,3,720575941645041313,ps1,steering,pleurosternal,14,47,658,3
778,720575941450506830,DNp18,steering_control,720575941623108298,3,720575941645403000,DLM1,power,DLM,14,11,154,3
779,720575941602323897,DNa04,steering_control,720575941458334163,1,720575941624155644,b2,steering,basalar,12,14,168,3
780,720575941602323897,DNa04,steering_control,720575941458334163,1,720575941624155644,b2,steering,basalar,12,50,600,3
781,720575941602323897,DNa04,steering_control,720575941460885005,4,720575941456201887,hg1,steering,haltere,15,11,165,3
782,720575941602323897,DNa04,steering_control,720575941460885005,4,720575941456201887,hg1,steering,haltere,15,12,180,3
783,720575941602323897,DNa04,steering_control,720575941460885005,4,720575941456201887,hg1,steering,haltere,15,13,195,3
784,720575941602323897,DNa04,steering_control,720575941460885005,4,720575941542412805,b3,steering,basalar,15,14,210,3
785,720575941602323897,DNa04,steering_control,720575941460885005,4,720575941547315060,i1,steering,axillary_i,15,14,210,3
786,720575941602323897,DNa04,steering_control,720575941460885005,4,720575941547315060,i1,steering,axillary_i,15,15,225,3
787,720575941602323897,DNa04,steering_control,720575941460885005,4,720575941547315060,i1,steering,axillary_i,15,22,330,3
788,720575941602323897,DNa04,steering_control,720575941464768790,4,720575941456201887,hg1,steering,haltere,22,22,484,3
789,720575941602323897,DNa04,steering_control,720575941464768790,4,720575941459347411,iii4,steering,axillary_III,22,10,220,3
790,720575941602323897,DNa04,steering_control,720575941464768790,4,720575941630940642,hg4,steering,haltere,22,30,660,3
791,720575941602323897,DNa04,steering_control,720575941464768790,4,720575941456201887,hg1,steering,haltere,12,22,264,3
792,720575941602323897,DNa04,steering_control,720575941464768790,4,720575941459347411,iii4,steering,axillary_III,12,10,120,3
793,720575941602323897,DNa04,steering_control,720575941464768790,4,720575941630940642,hg4,steering,haltere,12,30,360,3
794,720575941602323897,DNa04,steering_control,720575941470474763,4,720575941456201887,hg1,steering,haltere,13,21,273,3
795,720575941602323897,DNa04,steering_control,720575941470474763,4,720575941459347411,iii4,steering,axillary_III,13,20,260,3
796,720575941602323897,DNa04,steering_control,720575941470474763,4,720575941459347411,iii4,steering,axillary_III,13,20,260,3
797,720575941602323897,DNa04,steering_control,720575941470474763,4,720575941483845954,hg3,steering,haltere,13,10,130,3
798,720575941602323897,DNa04,steering_control,720575941470474763,4,720575941483845954,hg3,steering,haltere,13,12,156,3
799,720575941602323897,DNa04,steering_control,720575941470474763,4,720575941630940642,hg4,steering,haltere,13,22,286,3
800,720575941602323897,DNa04,steering_control,720575941470474763,4,720575941630940642,hg4,steering,haltere,13,30,390,3
801,720575941602323897,DNa04,steering_control,720575941470474763,4,720575941732789547,hg2,steering,haltere,13,11,143,3
802,720575941602323897,DNa04,steering_control,720575941495591291,5,720575941542412805,b3,steering,basalar,20,19,380,3
803,720575941602323897,DNa04,steering_control,720575941495591291,5,720575941542412805,b3,steering,basalar,20,22,440,3
804,720575941602323897,DNa04,steering_control,720575941495591291,5,720575941542412805,b3,steering,basalar,20,25,500,3
805,720575941602323897,DNa04,steering_control,720575941495591291,5,720575941547315060,i1,steering,axillary_i,20,14,280,3
806,720575941602323897,DNa04,steering_control,720575941495591291,5,720575941547315060,i1,steering,axillary_i,20,12,240,3
807,720575941602323897,DNa04,steering_control,720575941496830370,5,720575941565378919,iii3,steering,axillary_III,28,58,1624,3
808,720575941602323897,DNa04,steering_control,720575941496830370,5,720575941565378919,iii3,steering,axillary_III,28,15,420,3
809,720575941602323897,DNa04,steering_control,720575941501721138,5,720575941565378919,iii3,steering,axillary_III,38,51,1938,3
810,720575941602323897,DNa04,steering_control,720575941501721138,5,720575941565378919,iii3,steering,axillary_III,38,20,760,3
811,720575941602323897,DNa04,steering_control,720575941523692290,5,720575941542412805,b3,steering,basalar,18,13,234,3
812,720575941602323897,DNa04,steering_control,720575941523692290,5,720575941542412805,b3,steering,basalar,18,36,648,3
813,720575941602323897,DNa04,steering_control,720575941523692290,5,720575941547315060,i1,steering,axillary_i,18,17,306,3
814,720575941602323897,DNa04,steering_control,720575941528944568,5,720575941458961604,iii3,steering,axillary_III,21,154,3234,3
815,720575941602323897,DNa04,steering_control,720575941528944568,5,720575941458961604,iii3,steering,axillary_III,21,53,1113,3
816,720575941602323897,DNa04,steering_control,720575941528944568,5,720575941458961604,iii3,steering,axillary_III,21,11,231,3
817,720575941602323897,DNa04,steering_control,720575941528944568,5,720575941565378919,iii3,steering,axillary_III,21,23,483,3
818,720575941602323897,DNa04,steering_control,720575941528944568,5,720575941565378919,iii3,steering,axillary_III,21,41,861,3
819,720575941602323897,DNa04,steering_control,720575941532246762,5,720575941468897856,i1,steering,axillary_i,33,18,594,3
820,720575941602323897,DNa04,steering_control,720575941532246762,5,720575941474574132,b3,steering,basalar,33,22,726,3
821,720575941602323897,DNa04,steering_control,720575941532246762,5,720575941474574132,b3,steering,basalar,33,11,363,3
822,720575941602323897,DNa04,steering_control,720575941532246762,5,720575941479658831,hg2,steering,haltere,33,10,330,3
823,720575941602323897,DNa04,steering_control,720575941546491681,5,720575941456201887,hg1,steering,haltere,13,11,143,3
824,720575941602323897,DNa04,steering_control,720575941546491681,5,720575941542412805,b3,steering,basalar,13,25,325,3
825,720575941602323897,DNa04,steering_control,720575941546491681,5,720575941542412805,b3,steering,basalar,13,13,169,3
826,720575941602323897,DNa04,steering_control,720575941546491681,5,720575941542412805,b3,steering,basalar,13,24,312,3
827,720575941602323897,DNa04,steering_control,720575941546491681,5,720575941547315060,i1,steering,axillary_i,13,10,130,3
828,720575941602323897,DNa04,steering_control,720575941546491681,5,720575941547315060,i1,steering,axillary_i,13,13,169,3
829,720575941602323897,DNa04,steering_control,720575941546491681,5,720575941547315060,i1,steering,axillary_i,13,23,299,3
830,720575941602323897,DNa04,steering_control,720575941546491681,5,720575941456201887,hg1,steering,haltere,14,11,154,3
831,720575941602323897,DNa04,steering_control,720575941546491681,5,720575941542412805,b3,steering,basalar,14,25,350,3
832,720575941602323897,DNa04,steering_control,720575941546491681,5,720575941542412805,b3,steering,basalar,14,13,182,3
833,720575941602323897,DNa04,steering_control,720575941546491681,5,720575941542412805,b3,steering,basalar,14,24,336,3
834,720575941602323897,DNa04,steering_control,720575941546491681,5,720575941547315060,i1,steering,axillary_i,14,10,140,3
835,720575941602323897,DNa04,steering_control,720575941546491681,5,720575941547315060,i1,steering,axillary_i,14,13,182,3
836,720575941602323897,DNa04,steering_control,720575941546491681,5,720575941547315060,i1,steering,axillary_i,14,23,322,3
837,720575941602323897,DNa04,steering_control,720575941557612915,1,720575941521196211,b1,steering,basalar,45,10,450,3
838,720575941602323897,DNa04,steering_control,720575941557612915,1,720575941624155644,b2,steering,basalar,45,10,450,3
839,720575941602323897,DNa04,steering_control,720575941557612915,1,720575941521196211,b1,steering,basalar,10,10,100,3
840,720575941602323897,DNa04,steering_control,720575941557612915,1,720575941624155644,b2,steering,basalar,10,10,100,3
841,720575941602323897,DNa04,steering_control,720575941574155003,5,720575941472734048,DVM1A,power,DVM,12,13,156,3
842,720575941602323897,DNa04,steering_control,720575941574155003,5,720575941474574132,b3,steering,basalar,12,13,156,3
843,720575941602323897,DNa04,steering_control,720575941574155003,5,720575941603635190,DVM1A,power,DVM,12,12,144,3
844,720575941602323897,DNa04,steering_control,720575941601153270,5,720575941456201887,hg1,steering,haltere,15,10,150,3
845,720575941602323897,DNa04,steering_control,720575941601153270,5,720575941542412805,b3,steering,basalar,15,13,195,3
846,720575941602323897,DNa04,steering_control,720575941601153270,5,720575941542412805,b3,steering,basalar,15,22,330,3
847,720575941602323897,DNa04,steering_control,720575941601153270,5,720575941547315060,i1,steering,axillary_i,15,11,165,3
848,720575941602323897,DNa04,steering_control,720575941601153270,5,720575941547315060,i1,steering,axillary_i,15,16,240,3
849,720575941602323897,DNa04,steering_control,720575941608991050,1,720575941521196211,b1,steering,basalar,16,31,496,3
850,720575941602323897,DNa04,steering_control,720575941608991050,1,720575941624155644,b2,steering,basalar,16,29,464,3
851,720575941602323897,DNa04,steering_control,720575941608991050,1,720575941521196211,b1,steering,basalar,13,31,403,3
852,720575941602323897,DNa04,steering_control,720575941608991050,1,720575941624155644,b2,steering,basalar,13,29,377,3
853,720575941602323897,DNa04,steering_control,720575941659696184,5,720575941542412805,b3,steering,basalar,18,23,414,3
854,720575941602323897,DNa04,steering_control,720575941659696184,5,720575941542412805,b3,steering,basalar,18,33,594,3
855,720575941602323897,DNa04,steering_control,720575941659696184,5,720575941547315060,i1,steering,axillary_i,18,12,216,3
856,720575941602323897,DNa04,steering_control,720575941659696184,5,720575941547315060,i1,steering,axillary_i,18,23,414,3
857,720575941515972698,DNg99,steering_control,720575941399309603,1,720575941521196211,b1,steering,basalar,10,27,270,3
858,720575941515972698,DNg99,steering_control,720575941399309603,1,720575941624155644,b2,steering,basalar,10,11,110,3
859,720575941515972698,DNg99,steering_control,720575941439050703,5,720575941475745898,i2,steering,axillary_i,18,10,180,3
860,720575941515972698,DNg99,steering_control,720575941457147206,4,720575941513173763,hg4,steering,haltere,12,66,792,3
861,720575941515972698,DNg99,steering_control,720575941457147206,4,720575941513173763,hg4,steering,haltere,12,19,228,3
862,720575941515972698,DNg99,steering_control,720575941457147206,4,720575941516770670,iii4,steering,axillary_III,12,32,384,3
863,720575941515972698,DNg99,steering_control,720575941457147206,4,720575941549822781,b1,steering,basalar,12,25,300,3
864,720575941515972698,DNg99,steering_control,720575941457147206,4,720575941565378919,iii3,steering,axillary_III,12,18,216,3
865,720575941515972698,DNg99,steering_control,720575941457147206,4,720575941580669817,hg1,steering,haltere,12,40,480,3
866,720575941515972698,DNg99,steering_control,720575941457147206,4,720575941643100754,ps1,steering,pleurosternal,12,15,180,3
867,720575941515972698,DNg99,steering_control,720575941457147206,4,720575941513173763,hg4,steering,haltere,24,66,1584,3
868,720575941515972698,DNg99,steering_control,720575941457147206,4,720575941513173763,hg4,steering,haltere,24,19,456,3
869,720575941515972698,DNg99,steering_control,720575941457147206,4,720575941516770670,iii4,steering,axillary_III,24,32,768,3
870,720575941515972698,DNg99,steering_control,720575941457147206,4,720575941549822781,b1,steering,basalar,24,25,600,3
871,720575941515972698,DNg99,steering_control,720575941457147206,4,720575941565378919,iii3,steering,axillary_III,24,18,432,3
872,720575941515972698,DNg99,steering_control,720575941457147206,4,720575941580669817,hg1,steering,haltere,24,40,960,3
873,720575941515972698,DNg99,steering_control,720575941457147206,4,720575941643100754,ps1,steering,pleurosternal,24,15,360,3
874,720575941515972698,DNg99,steering_control,720575941457147206,4,720575941513173763,hg4,steering,haltere,13,66,858,3
875,720575941515972698,DNg99,steering_control,720575941457147206,4,720575941513173763,hg4,steering,haltere,13,19,247,3
876,720575941515972698,DNg99,steering_control,720575941457147206,4,720575941516770670,iii4,steering,axillary_III,13,32,416,3
877,720575941515972698,DNg99,steering_control,720575941457147206,4,720575941549822781,b1,steering,basalar,13,25,325,3
878,720575941515972698,DNg99,steering_control,720575941457147206,4,720575941565378919,iii3,steering,axillary_III,13,18,234,3
879,720575941515972698,DNg99,steering_control,720575941457147206,4,720575941580669817,hg1,steering,haltere,13,40,520,3
880,720575941515972698,DNg99,steering_control,720575941457147206,4,720575941643100754,ps1,steering,pleurosternal,13,15,195,3
881,720575941515972698,DNg99,steering_control,720575941465484566,1,720575941655597785,b2,steering,basalar,23,37,851,3
882,720575941515972698,DNg99,steering_control,720575941465484566,1,720575941655597785,b2,steering,basalar,21,37,777,3
883,720575941515972698,DNg99,steering_control,720575941477166622,5,720575941542412805,b3,steering,basalar,29,17,493,3
884,720575941515972698,DNg99,steering_control,720575941477166622,5,720575941547315060,i1,steering,axillary_i,29,13,377,3
885,720575941515972698,DNg99,steering_control,720575941505478690,5,720575941456201887,hg1,steering,haltere,10,17,170,3
886,720575941515972698,DNg99,steering_control,720575941505478690,5,720575941547315060,i1,steering,axillary_i,10,11,110,3
887,720575941515972698,DNg99,steering_control,720575941505478690,5,720575941547315060,i1,steering,axillary_i,10,10,100,3
888,720575941515972698,DNg99,steering_control,720575941505478690,5,720575941547315060,i1,steering,axillary_i,10,12,120,3
889,720575941515972698,DNg99,steering_control,720575941505478690,5,720575941630940642,hg4,steering,haltere,10,11,110,3
890,720575941515972698,DNg99,steering_control,720575941530853507,1,720575941456201887,hg1,steering,haltere,11,11,121,3
891,720575941515972698,DNg99,steering_control,720575941530853507,1,720575941456201887,hg1,steering,haltere,11,10,110,3
892,720575941515972698,DNg99,steering_control,720575941530853507,1,720575941459347411,iii4,steering,axillary_III,11,10,110,3
893,720575941515972698,DNg99,steering_control,720575941530853507,1,720575941459347411,iii4,steering,axillary_III,11,12,132,3
894,720575941515972698,DNg99,steering_control,720575941530853507,1,720575941521196211,b1,steering,basalar,11,15,165,3
895,720575941515972698,DNg99,steering_control,720575941530853507,1,720575941624155644,b2,steering,basalar,11,26,286,3
896,720575941515972698,DNg99,steering_control,720575941535331338,4,720575941516770670,iii4,steering,axillary_III,10,21,210,3
897,720575941515972698,DNg99,steering_control,720575941535331338,4,720575941516770670,iii4,steering,axillary_III,10,20,200,3
898,720575941515972698,DNg99,steering_control,720575941535331338,4,720575941580669817,hg1,steering,haltere,10,51,510,3
899,720575941515972698,DNg99,steering_control,720575941535331338,4,720575941580669817,hg1,steering,haltere,10,36,360,3
900,720575941515972698,DNg99,steering_control,720575941535331338,4,720575941655597785,b2,steering,basalar,10,15,150,3
901,720575941515972698,DNg99,steering_control,720575941535331338,4,720575941655597785,b2,steering,basalar,10,18,180,3
902,720575941515972698,DNg99,steering_control,720575941535331338,4,720575941516770670,iii4,steering,axillary_III,10,21,210,3
903,720575941515972698,DNg99,steering_control,720575941535331338,4,720575941516770670,iii4,steering,axillary_III,10,20,200,3
904,720575941515972698,DNg99,steering_control,720575941535331338,4,720575941580669817,hg1,steering,haltere,10,51,510,3
905,720575941515972698,DNg99,steering_control,720575941535331338,4,720575941580669817,hg1,steering,haltere,10,36,360,3
906,720575941515972698,DNg99,steering_control,720575941535331338,4,720575941655597785,b2,steering,basalar,10,15,150,3
907,720575941515972698,DNg99,steering_control,720575941535331338,4,720575941655597785,b2,steering,basalar,10,18,180,3
908,720575941515972698,DNg99,steering_control,720575941572251144,1,720575941549822781,b1,steering,basalar,33,25,825,3
909,720575941515972698,DNg99,steering_control,720575941572251144,1,720575941655597785,b2,steering,basalar,33,16,528,3
910,720575941515972698,DNg99,steering_control,720575941572251144,1,720575941549822781,b1,steering,basalar,34,25,850,3
911,720575941515972698,DNg99,steering_control,720575941572251144,1,720575941655597785,b2,steering,basalar,34,16,544,3
912,720575941515972698,DNg99,steering_control,720575941608861929,1,720575941521196211,b1,steering,basalar,13,12,156,3
913,720575941515972698,DNg99,steering_control,720575941630748859,1,720575941655597785,b2,steering,basalar,17,10,170,3
914,720575941515972698,DNg99,steering_control,720575941630748859,1,720575941655597785,b2,steering,basalar,17,58,986,3
915,720575941515972698,DNg99,steering_control,720575941653507801,4,720575941580669817,hg1,steering,haltere,16,27,432,3
916,720575941515972698,DNg99,steering_control,720575941671138727,3,720575941479034563,DLM1,power,DLM,51,10,510,3
917,720575941515972698,DNg99,steering_control,720575941671138727,3,720575941565105206,DVM1A,power,DVM,51,46,2346,3
918,720575941515972698,DNg99,steering_control,720575941671138727,3,720575941566847847,DVM1A,power,DVM,51,25,1275,3
919,720575941515972698,DNg99,steering_control,720575941671138727,3,720575941643100754,ps1,steering,pleurosternal,51,41,2091,3
920,720575941515972698,DNg99,steering_control,720575941671138727,3,720575941643100754,ps1,steering,pleurosternal,51,11,561,3
921,720575941515972698,DNg99,steering_control,720575941671138727,3,720575941643100754,ps1,steering,pleurosternal,51,36,1836,3
922,720575941515972698,DNg99,steering_control,720575941671138727,3,720575941643100754,ps1,steering,pleurosternal,51,34,1734,3
923,720575941515972698,DNg99,steering_control,720575941671138727,3,720575941645041313,ps1,steering,pleurosternal,51,64,3264,3
924,720575941515972698,DNg99,steering_control,720575941671138727,3,720575941645041313,ps1,steering,pleurosternal,51,24,1224,3
925,720575941515972698,DNg99,steering_control,720575941671138727,3,720575941645041313,ps1,steering,pleurosternal,51,157,8007,3
926,720575941515972698,DNg99,steering_control,720575941671138727,3,720575941645403000,DLM1,power,DLM,51,23,1173,3
927,720575941515972698,DNg99,steering_control,720575941671138727,3,720575941479034563,DLM1,power,DLM,23,10,230,3
928,720575941515972698,DNg99,steering_control,720575941671138727,3,720575941565105206,DVM1A,power,DVM,23,46,1058,3
929,720575941515972698,DNg99,steering_control,720575941671138727,3,720575941566847847,DVM1A,power,DVM,23,25,575,3
930,720575941515972698,DNg99,steering_control,720575941671138727,3,720575941643100754,ps1,steering,pleurosternal,23,41,943,3
931,720575941515972698,DNg99,steering_control,720575941671138727,3,720575941643100754,ps1,steering,pleurosternal,23,11,253,3
932,720575941515972698,DNg99,steering_control,720575941671138727,3,720575941643100754,ps1,steering,pleurosternal,23,36,828,3
933,720575941515972698,DNg99,steering_control,720575941671138727,3,720575941643100754,ps1,steering,pleurosternal,23,34,782,3
934,720575941515972698,DNg99,steering_control,720575941671138727,3,720575941645041313,ps1,steering,pleurosternal,23,64,1472,3
935,720575941515972698,DNg99,steering_control,720575941671138727,3,720575941645041313,ps1,steering,pleurosternal,23,24,552,3
936,720575941515972698,DNg99,steering_control,720575941671138727,3,720575941645041313,ps1,steering,pleurosternal,23,157,3611,3
937,720575941515972698,DNg99,steering_control,720575941671138727,3,720575941645403000,DLM1,power,DLM,23,23,529,3
938,720575941471808375,DNxn125,steering_control,720575941412443540,1,720575941516770670,iii4,steering,axillary_III,11,10,110,3
939,720575941471808375,DNxn125,steering_control,720575941412443540,1,720575941549822781,b1,steering,basalar,11,12,132,3
940,720575941471808375,DNxn125,steering_control,720575941412443540,1,720575941624155644,b2,steering,basalar,11,10,110,3
941,720575941471808375,DNxn125,steering_control,720575941412443540,1,720575941655597785,b2,steering,basalar,11,39,429,3
942,720575941471808375,DNxn125,steering_control,720575941412443540,1,720575941655597785,b2,steering,basalar,11,22,242,3
943,720575941471808375,DNxn125,steering_control,720575941412443540,1,720575941516770670,iii4,steering,axillary_III,11,10,110,3
944,720575941471808375,DNxn125,steering_control,720575941412443540,1,720575941549822781,b1,steering,basalar,11,12,132,3
945,720575941471808375,DNxn125,steering_control,720575941412443540,1,720575941624155644,b2,steering,basalar,11,10,110,3
946,720575941471808375,DNxn125,steering_control,720575941412443540,1,720575941655597785,b2,steering,basalar,11,39,429,3
947,720575941471808375,DNxn125,steering_control,720575941412443540,1,720575941655597785,b2,steering,basalar,11,22,242,3
948,720575941471808375,DNxn125,steering_control,720575941473850720,5,720575941479658831,hg2,steering,haltere,13,10,130,3
949,720575941471808375,DNxn125,steering_control,720575941473850720,5,720575941542412805,b3,steering,basalar,13,10,130,3
950,720575941471808375,DNxn125,steering_control,720575941473850720,5,720575941542412805,b3,steering,basalar,13,11,143,3
951,720575941471808375,DNxn125,steering_control,720575941475988529,5,720575941547394081,i2,steering,axillary_i,11,16,176,3
952,720575941471808375,DNxn125,steering_control,720575941475988529,5,720575941547394081,i2,steering,axillary_i,11,16,176,3
953,720575941471808375,DNxn125,steering_control,720575941480550018,4,720575941456201887,hg1,steering,haltere,11,10,110,3
954,720575941471808375,DNxn125,steering_control,720575941532246762,5,720575941468897856,i1,steering,axillary_i,24,18,432,3
955,720575941471808375,DNxn125,steering_control,720575941532246762,5,720575941474574132,b3,steering,basalar,24,22,528,3
956,720575941471808375,DNxn125,steering_control,720575941532246762,5,720575941474574132,b3,steering,basalar,24,11,264,3
957,720575941471808375,DNxn125,steering_control,720575941532246762,5,720575941479658831,hg2,steering,haltere,24,10,240,3
958,720575941471808375,DNxn125,steering_control,720575941553338778,5,720575941542412805,b3,steering,basalar,23,20,460,3
959,720575941471808375,DNxn125,steering_control,720575941553338778,5,720575941542412805,b3,steering,basalar,23,66,1518,3
960,720575941471808375,DNxn125,steering_control,720575941553338778,5,720575941547315060,i1,steering,axillary_i,23,25,575,3
961,720575941471808375,DNxn125,steering_control,720575941553338778,5,720575941547315060,i1,steering,axillary_i,23,38,874,3
962,720575941471808375,DNxn125,steering_control,720575941553338778,5,720575941547315060,i1,steering,axillary_i,23,40,920,3
963,720575941471808375,DNxn125,steering_control,720575941553338778,5,720575941547394081,i2,steering,axillary_i,23,14,322,3
964,720575941471808375,DNxn125,steering_control,720575941553338778,5,720575941547394081,i2,steering,axillary_i,23,32,736,3
965,720575941471808375,DNxn125,steering_control,720575941553338778,5,720575941542412805,b3,steering,basalar,37,20,740,3
966,720575941471808375,DNxn125,steering_control,720575941553338778,5,720575941542412805,b3,steering,basalar,37,66,2442,3
967,720575941471808375,DNxn125,steering_control,720575941553338778,5,720575941547315060,i1,steering,axillary_i,37,25,925,3
968,720575941471808375,DNxn125,steering_control,720575941553338778,5,720575941547315060,i1,steering,axillary_i,37,38,1406,3
969,720575941471808375,DNxn125,steering_control,720575941553338778,5,720575941547315060,i1,steering,axillary_i,37,40,1480,3
970,720575941471808375,DNxn125,steering_control,720575941553338778,5,720575941547394081,i2,steering,axillary_i,37,14,518,3
971,720575941471808375,DNxn125,steering_control,720575941553338778,5,720575941547394081,i2,steering,axillary_i,37,32,1184,3
972,720575941471808375,DNxn125,steering_control,720575941553338778,5,720575941542412805,b3,steering,basalar,21,20,420,3
973,720575941471808375,DNxn125,steering_control,720575941553338778,5,720575941542412805,b3,steering,basalar,21,66,1386,3
974,720575941471808375,DNxn125,steering_control,720575941553338778,5,720575941547315060,i1,steering,axillary_i,21,25,525,3
975,720575941471808375,DNxn125,steering_control,720575941553338778,5,720575941547315060,i1,steering,axillary_i,21,38,798,3
976,720575941471808375,DNxn125,steering_control,720575941553338778,5,720575941547315060,i1,steering,axillary_i,21,40,840,3
977,720575941471808375,DNxn125,steering_control,720575941553338778,5,720575941547394081,i2,steering,axillary_i,21,14,294,3
978,720575941471808375,DNxn125,steering_control,720575941553338778,5,720575941547394081,i2,steering,axillary_i,21,32,672,3
979,720575941471808375,DNxn125,steering_control,720575941583254918,1,720575941549822781,b1,steering,basalar,15,12,180,3
980,720575941471808375,DNxn125,steering_control,720575941583254918,1,720575941549822781,b1,steering,basalar,15,24,360,3
981,720575941471808375,DNxn125,steering_control,720575941583254918,1,720575941580669817,hg1,steering,haltere,15,12,180,3
982,720575941471808375,DNxn125,steering_control,720575941583254918,1,720575941655597785,b2,steering,basalar,15,10,150,3
983,720575941471808375,DNxn125,steering_control,720575941583254918,1,720575941655597785,b2,steering,basalar,15,14,210,3
984,720575941471808375,DNxn125,steering_control,720575941583254918,1,720575941655597785,b2,steering,basalar,15,18,270,3
985,720575941471808375,DNxn125,steering_control,720575941583601886,5,720575941468897856,i1,steering,axillary_i,29,16,464,3
986,720575941471808375,DNxn125,steering_control,720575941583601886,5,720575941468897856,i1,steering,axillary_i,29,48,1392,3
987,720575941471808375,DNxn125,steering_control,720575941583601886,5,720575941468897856,i1,steering,axillary_i,29,34,986,3
988,720575941471808375,DNxn125,steering_control,720575941583601886,5,720575941474574132,b3,steering,basalar,29,15,435,3
989,720575941471808375,DNxn125,steering_control,720575941583601886,5,720575941474574132,b3,steering,basalar,29,25,725,3
990,720575941471808375,DNxn125,steering_control,720575941583601886,5,720575941474574132,b3,steering,basalar,29,62,1798,3
991,720575941471808375,DNxn125,steering_control,720575941583601886,5,720575941475745898,i2,steering,axillary_i,29,31,899,3
992,720575941471808375,DNxn125,steering_control,720575941583601886,5,720575941475745898,i2,steering,axillary_i,29,51,1479,3
993,720575941471808375,DNxn125,steering_control,720575941583601886,5,720575941468897856,i1,steering,axillary_i,83,16,1328,3
994,720575941471808375,DNxn125,steering_control,720575941583601886,5,720575941468897856,i1,steering,axillary_i,83,48,3984,3
995,720575941471808375,DNxn125,steering_control,720575941583601886,5,720575941468897856,i1,steering,axillary_i,83,34,2822,3
996,720575941471808375,DNxn125,steering_control,720575941583601886,5,720575941474574132,b3,steering,basalar,83,15,1245,3
997,720575941471808375,DNxn125,steering_control,720575941583601886,5,720575941474574132,b3,steering,basalar,83,25,2075,3
998,720575941471808375,DNxn125,steering_control,720575941583601886,5,720575941474574132,b3,steering,basalar,83,62,5146,3
999,720575941471808375,DNxn125,steering_control,720575941583601886,5,720575941475745898,i2,steering,axillary_i,83,31,2573,3
1000,720575941471808375,DNxn125,steering_control,720575941583601886,5,720575941475745898,i2,steering,axillary_i,83,51,4233,3
1001,720575941471808375,DNxn125,steering_control,720575941583601886,5,720575941468897856,i1,steering,axillary_i,16,16,256,3
1002,720575941471808375,DNxn125,steering_control,720575941583601886,5,720575941468897856,i1,steering,axillary_i,16,48,768,3
1003,720575941471808375,DNxn125,steering_control,720575941583601886,5,720575941468897856,i1,steering,axillary_i,16,34,544,3
1004,720575941471808375,DNxn125,steering_control,720575941583601886,5,720575941474574132,b3,steering,basalar,16,15,240,3
1005,720575941471808375,DNxn125,steering_control,720575941583601886,5,720575941474574132,b3,steering,basalar,16,25,400,3
1006,720575941471808375,DNxn125,steering_control,720575941583601886,5,720575941474574132,b3,steering,basalar,16,62,992,3
1007,720575941471808375,DNxn125,steering_control,720575941583601886,5,720575941475745898,i2,steering,axillary_i,16,31,496,3
1008,720575941471808375,DNxn125,steering_control,720575941583601886,5,720575941475745898,i2,steering,axillary_i,16,51,816,3
1009,720575941471808375,DNxn125,steering_control,720575941584808158,4,720575941456201887,hg1,steering,haltere,10,14,140,3
1010,720575941471808375,DNxn125,steering_control,720575941623347099,1,720575941459347411,iii4,steering,axillary_III,13,15,195,3
1011,720575941471808375,DNxn125,steering_control,720575941623347099,1,720575941516770670,iii4,steering,axillary_III,13,18,234,3
1012,720575941471808375,DNxn125,steering_control,720575941623347099,1,720575941521196211,b1,steering,basalar,13,14,182,3
1013,720575941471808375,DNxn125,steering_control,720575941623347099,1,720575941549822781,b1,steering,basalar,13,10,130,3
1014,720575941471808375,DNxn125,steering_control,720575941623347099,1,720575941549822781,b1,steering,basalar,13,19,247,3
1015,720575941471808375,DNxn125,steering_control,720575941623347099,1,720575941624155644,b2,steering,basalar,13,19,247,3
1016,720575941471808375,DNxn125,steering_control,720575941623347099,1,720575941624155644,b2,steering,basalar,13,22,286,3
1017,720575941471808375,DNxn125,steering_control,720575941623347099,1,720575941655597785,b2,steering,basalar,13,17,221,3
1018,720575941471808375,DNxn125,steering_control,720575941623347099,1,720575941655597785,b2,steering,basalar,13,19,247,3
1019,720575941471808375,DNxn125,steering_control,720575941630748859,1,720575941655597785,b2,steering,basalar,10,10,100,3
1020,720575941471808375,DNxn125,steering_control,720575941630748859,1,720575941655597785,b2,steering,basalar,10,58,580,3
1021,720575941547452084,DNp49,steering_control,720575941392667286,5,720575941475745898,i2,steering,axillary_i,12,13,156,3
1022,720575941547452084,DNp49,steering_control,720575941392667286,5,720575941475745898,i2,steering,axillary_i,13,13,169,3
1023,720575941547452084,DNp49,steering_control,720575941408481195,5,720575941547394081,i2,steering,axillary_i,12,11,132,3
1024,720575941547452084,DNp49,steering_control,720575941408481195,5,720575941547394081,i2,steering,axillary_i,12,11,132,3
1025,720575941547452084,DNp49,steering_control,720575941450628218,5,720575941475745898,i2,steering,axillary_i,20,26,520,3
1026,720575941547452084,DNp49,steering_control,720575941450628218,5,720575941542412805,b3,steering,basalar,20,10,200,3
1027,720575941547452084,DNp49,steering_control,720575941450628218,5,720575941475745898,i2,steering,axillary_i,19,26,494,3
1028,720575941547452084,DNp49,steering_control,720575941450628218,5,720575941542412805,b3,steering,basalar,19,10,190,3
1029,720575941547452084,DNp49,steering_control,720575941459559824,5,720575941547394081,i2,steering,axillary_i,12,12,144,3
1030,720575941547452084,DNp49,steering_control,720575941478403178,5,720575941629172716,iii1,steering,axillary_III,11,10,110,3
1031,720575941547452084,DNp49,steering_control,720575941478403178,5,720575941629172716,iii1,steering,axillary_III,12,10,120,3
1032,720575941547452084,DNp49,steering_control,720575941485217744,5,720575941475745898,i2,steering,axillary_i,13,13,169,3
1033,720575941547452084,DNp49,steering_control,720575941485217744,5,720575941475745898,i2,steering,axillary_i,29,13,377,3
1034,720575941547452084,DNp49,steering_control,720575941501802434,5,720575941547394081,i2,steering,axillary_i,14,16,224,3
1035,720575941547452084,DNp49,steering_control,720575941507793680,5,720575941489673420,iii1,steering,axillary_III,25,10,250,3
1036,720575941547452084,DNp49,steering_control,720575941511388881,4,720575941516770670,iii4,steering,axillary_III,11,16,176,3
1037,720575941547452084,DNp49,steering_control,720575941513160697,3,720575941459347411,iii4,steering,axillary_III,15,11,165,3
1038,720575941547452084,DNp49,steering_control,720575941513160697,3,720575941624155644,b2,steering,basalar,15,13,195,3
1039,720575941547452084,DNp49,steering_control,720575941513160697,3,720575941643100754,ps1,steering,pleurosternal,15,14,210,3
1040,720575941547452084,DNp49,steering_control,720575941513160697,3,720575941645041313,ps1,steering,pleurosternal,15,10,150,3
1041,720575941547452084,DNp49,steering_control,720575941524114276,3,720575941459347411,iii4,steering,axillary_III,10,18,180,3
1042,720575941547452084,DNp49,steering_control,720575941524114276,3,720575941459347411,iii4,steering,axillary_III,10,43,430,3
1043,720575941547452084,DNp49,steering_control,720575941524114276,3,720575941513173763,hg4,steering,haltere,10,14,140,3
1044,720575941547452084,DNp49,steering_control,720575941524114276,3,720575941516770670,iii4,steering,axillary_III,10,11,110,3
1045,720575941547452084,DNp49,steering_control,720575941524114276,3,720575941516770670,iii4,steering,axillary_III,10,53,530,3
1046,720575941547452084,DNp49,steering_control,720575941524114276,3,720575941519783640,DLM1,power,DLM,10,12,120,3
1047,720575941547452084,DNp49,steering_control,720575941524114276,3,720575941521196211,b1,steering,basalar,10,21,210,3
1048,720575941547452084,DNp49,steering_control,720575941524114276,3,720575941533190337,DLM1,power,DLM,10,11,110,3
1049,720575941547452084,DNp49,steering_control,720575941524114276,3,720575941549822781,b1,steering,basalar,10,19,190,3
1050,720575941547452084,DNp49,steering_control,720575941524114276,3,720575941549822781,b1,steering,basalar,10,40,400,3
1051,720575941547452084,DNp49,steering_control,720575941524114276,3,720575941580669817,hg1,steering,haltere,10,12,120,3
1052,720575941547452084,DNp49,steering_control,720575941524114276,3,720575941583644382,DLM1,power,DLM,10,20,200,3
1053,720575941547452084,DNp49,steering_control,720575941524114276,3,720575941624155644,b2,steering,basalar,10,11,110,3
1054,720575941547452084,DNp49,steering_control,720575941524114276,3,720575941624155644,b2,steering,basalar,10,39,390,3
1055,720575941547452084,DNp49,steering_control,720575941524114276,3,720575941630940642,hg4,steering,haltere,10,11,110,3
1056,720575941547452084,DNp49,steering_control,720575941524114276,3,720575941640465439,DLM1,power,DLM,10,10,100,3
1057,720575941547452084,DNp49,steering_control,720575941524114276,3,720575941640465439,DLM1,power,DLM,10,12,120,3
1058,720575941547452084,DNp49,steering_control,720575941524114276,3,720575941643100754,ps1,steering,pleurosternal,10,14,140,3
1059,720575941547452084,DNp49,steering_control,720575941524114276,3,720575941643100754,ps1,steering,pleurosternal,10,41,410,3
1060,720575941547452084,DNp49,steering_control,720575941524114276,3,720575941643100754,ps1,steering,pleurosternal,10,12,120,3
1061,720575941547452084,DNp49,steering_control,720575941524114276,3,720575941643100754,ps1,steering,pleurosternal,10,26,260,3
1062,720575941547452084,DNp49,steering_control,720575941524114276,3,720575941643100754,ps1,steering,pleurosternal,10,83,830,3
1063,720575941547452084,DNp49,steering_control,720575941524114276,3,720575941645041313,ps1,steering,pleurosternal,10,24,240,3
1064,720575941547452084,DNp49,steering_control,720575941524114276,3,720575941645041313,ps1,steering,pleurosternal,10,16,160,3
1065,720575941547452084,DNp49,steering_control,720575941524114276,3,720575941645041313,ps1,steering,pleurosternal,10,31,310,3
1066,720575941547452084,DNp49,steering_control,720575941524114276,3,720575941645041313,ps1,steering,pleurosternal,10,34,340,3
1067,720575941547452084,DNp49,steering_control,720575941524114276,3,720575941645403000,DLM1,power,DLM,10,10,100,3
1068,720575941547452084,DNp49,steering_control,720575941524114276,3,720575941655597785,b2,steering,basalar,10,17,170,3
1069,720575941547452084,DNp49,steering_control,720575941524114276,3,720575941655597785,b2,steering,basalar,10,58,580,3
1070,720575941547452084,DNp49,steering_control,720575941593836933,4,720575941456201887,hg1,steering,haltere,11,20,220,3
1071,720575941547452084,DNp49,steering_control,720575941593836933,4,720575941580669817,hg1,steering,haltere,11,12,132,3
1072,720575941547452084,DNp49,steering_control,720575941609429350,5,720575941475745898,i2,steering,axillary_i,21,10,210,3
1073,720575941547452084,DNp49,steering_control,720575941609429350,5,720575941547394081,i2,steering,axillary_i,21,12,252,3
1074,720575941547452084,DNp49,steering_control,720575941609429350,5,720575941475745898,i2,steering,axillary_i,18,10,180,3
1075,720575941547452084,DNp49,steering_control,720575941609429350,5,720575941547394081,i2,steering,axillary_i,18,12,216,3
1076,720575941547452084,DNp49,steering_control,720575941644138401,4,720575941459347411,iii4,steering,axillary_III,33,12,396,3
1077,720575941547452084,DNp49,steering_control,720575941644138401,4,720575941468897856,i1,steering,axillary_i,33,13,429,3
1078,720575941547452084,DNp49,steering_control,720575941644138401,4,720575941516770670,iii4,steering,axillary_III,33,10,330,3
1079,720575941547452084,DNp49,steering_control,720575941644138401,4,720575941516770670,iii4,steering,axillary_III,33,12,396,3
1080,720575941547452084,DNp49,steering_control,720575941644138401,4,720575941547315060,i1,steering,axillary_i,33,16,528,3
1081,720575941547452084,DNp49,steering_control,720575941644138401,4,720575941580669817,hg1,steering,haltere,33,15,495,3
1082,720575941547452084,DNp49,steering_control,720575941686473996,5,720575941629172716,iii1,steering,axillary_III,22,10,220,3
1083,720575941645444808,DNp22,steering_control,720575941430389006,5,720575941458961604,iii3,steering,axillary_III,11,57,627,3
1084,720575941645444808,DNp22,steering_control,720575941430389006,5,720575941565378919,iii3,steering,axillary_III,11,12,132,3
1085,720575941645444808,DNp22,steering_control,720575941456348575,4,720575941456201887,hg1,steering,haltere,22,39,858,3
1086,720575941645444808,DNp22,steering_control,720575941456348575,4,720575941458961604,iii3,steering,axillary_III,22,20,440,3
1087,720575941645444808,DNp22,steering_control,720575941456348575,4,720575941459347411,iii4,steering,axillary_III,22,48,1056,3
1088,720575941645444808,DNp22,steering_control,720575941456348575,4,720575941459347411,iii4,steering,axillary_III,22,13,286,3
1089,720575941645444808,DNp22,steering_control,720575941456348575,4,720575941483845954,hg3,steering,haltere,22,19,418,3
1090,720575941645444808,DNp22,steering_control,720575941456348575,4,720575941630940642,hg4,steering,haltere,22,61,1342,3
1091,720575941645444808,DNp22,steering_control,720575941456348575,4,720575941630940642,hg4,steering,haltere,22,13,286,3
1092,720575941645444808,DNp22,steering_control,720575941456348575,4,720575941456201887,hg1,steering,haltere,48,39,1872,3
1093,720575941645444808,DNp22,steering_control,720575941456348575,4,720575941458961604,iii3,steering,axillary_III,48,20,960,3
1094,720575941645444808,DNp22,steering_control,720575941456348575,4,720575941459347411,iii4,steering,axillary_III,48,48,2304,3
1095,720575941645444808,DNp22,steering_control,720575941456348575,4,720575941459347411,iii4,steering,axillary_III,48,13,624,3
1096,720575941645444808,DNp22,steering_control,720575941456348575,4,720575941483845954,hg3,steering,haltere,48,19,912,3
1097,720575941645444808,DNp22,steering_control,720575941456348575,4,720575941630940642,hg4,steering,haltere,48,61,2928,3
1098,720575941645444808,DNp22,steering_control,720575941456348575,4,720575941630940642,hg4,steering,haltere,48,13,624,3
1099,720575941645444808,DNp22,steering_control,720575941458334163,1,720575941624155644,b2,steering,basalar,14,14,196,3
1100,720575941645444808,DNp22,steering_control,720575941458334163,1,720575941624155644,b2,steering,basalar,14,50,700,3
1101,720575941645444808,DNp22,steering_control,720575941458334163,1,720575941624155644,b2,steering,basalar,17,14,238,3
1102,720575941645444808,DNp22,steering_control,720575941458334163,1,720575941624155644,b2,steering,basalar,17,50,850,3
1103,720575941645444808,DNp22,steering_control,720575941477884802,4,720575941456201887,hg1,steering,haltere,21,27,567,3
1104,720575941645444808,DNp22,steering_control,720575941477884802,4,720575941456201887,hg1,steering,haltere,21,29,609,3
1105,720575941645444808,DNp22,steering_control,720575941477884802,4,720575941459347411,iii4,steering,axillary_III,21,19,399,3
1106,720575941645444808,DNp22,steering_control,720575941477884802,4,720575941624155644,b2,steering,basalar,21,26,546,3
1107,720575941645444808,DNp22,steering_control,720575941488675276,1,720575941459347411,iii4,steering,axillary_III,11,11,121,3
1108,720575941645444808,DNp22,steering_control,720575941488675276,1,720575941521196211,b1,steering,basalar,11,12,132,3
1109,720575941645444808,DNp22,steering_control,720575941488675276,1,720575941624155644,b2,steering,basalar,11,17,187,3
1110,720575941645444808,DNp22,steering_control,720575941503451301,1,720575941624155644,b2,steering,basalar,17,44,748,3
1111,720575941645444808,DNp22,steering_control,720575941503451301,1,720575941624155644,b2,steering,basalar,11,44,484,3
1112,720575941645444808,DNp22,steering_control,720575941557612915,1,720575941521196211,b1,steering,basalar,30,10,300,3
1113,720575941645444808,DNp22,steering_control,720575941557612915,1,720575941624155644,b2,steering,basalar,30,10,300,3
1114,720575941645444808,DNp22,steering_control,720575941557612915,1,720575941521196211,b1,steering,basalar,19,10,190,3
1115,720575941645444808,DNp22,steering_control,720575941557612915,1,720575941624155644,b2,steering,basalar,19,10,190,3
1116,720575941645444808,DNp22,steering_control,720575941566956532,1,720575941549822781,b1,steering,basalar,11,16,176,3
1117,720575941645444808,DNp22,steering_control,720575941566956532,1,720575941549822781,b1,steering,basalar,11,21,231,3
1118,720575941645444808,DNp22,steering_control,720575941566956532,1,720575941655597785,b2,steering,basalar,11,10,110,3
1119,720575941645444808,DNp22,steering_control,720575941566956532,1,720575941655597785,b2,steering,basalar,11,13,143,3
1120,720575941645444808,DNp22,steering_control,720575941570823752,4,720575941580669817,hg1,steering,haltere,14,13,182,3
1121,720575941645444808,DNp22,steering_control,720575941583169158,1,720575941549822781,b1,steering,basalar,11,14,154,3
1122,720575941645444808,DNp22,steering_control,720575941583169158,1,720575941549822781,b1,steering,basalar,11,13,143,3
1123,720575941645444808,DNp22,steering_control,720575941583169158,1,720575941655597785,b2,steering,basalar,11,14,154,3
1124,720575941645444808,DNp22,steering_control,720575941593615211,4,720575941468288375,hg3,steering,haltere,12,11,132,3
1125,720575941645444808,DNp22,steering_control,720575941593615211,4,720575941513173763,hg4,steering,haltere,12,16,192,3
1126,720575941645444808,DNp22,steering_control,720575941593615211,4,720575941513173763,hg4,steering,haltere,12,15,180,3
1127,720575941645444808,DNp22,steering_control,720575941593615211,4,720575941516770670,iii4,steering,axillary_III,12,25,300,3
1128,720575941645444808,DNp22,steering_control,720575941593615211,4,720575941516770670,iii4,steering,axillary_III,12,13,156,3
1129,720575941645444808,DNp22,steering_control,720575941593615211,4,720575941516770670,iii4,steering,axillary_III,12,47,564,3
1130,720575941645444808,DNp22,steering_control,720575941593615211,4,720575941580669817,hg1,steering,haltere,12,40,480,3
1131,720575941645444808,DNp22,steering_control,720575941593615211,4,720575941580669817,hg1,steering,haltere,12,17,204,3
1132,720575941645444808,DNp22,steering_control,720575941593615211,4,720575941580669817,hg1,steering,haltere,12,54,648,3
1133,720575941645444808,DNp22,steering_control,720575941593615211,4,720575941732789547,hg2,steering,haltere,12,11,132,3
1134,720575941645444808,DNp22,steering_control,720575941608991050,1,720575941521196211,b1,steering,basalar,39,31,1209,3
1135,720575941645444808,DNp22,steering_control,720575941608991050,1,720575941624155644,b2,steering,basalar,39,29,1131,3
1136,720575941645444808,DNp22,steering_control,720575941608991050,1,720575941521196211,b1,steering,basalar,31,31,961,3
1137,720575941645444808,DNp22,steering_control,720575941608991050,1,720575941624155644,b2,steering,basalar,31,29,899,3
1138,720575941535245034,DNb07,steering_control,720575941465484566,1,720575941655597785,b2,steering,basalar,12,37,444,3
1139,720575941535245034,DNb07,steering_control,720575941473850720,5,720575941479658831,hg2,steering,haltere,18,10,180,3
1140,720575941535245034,DNb07,steering_control,720575941473850720,5,720575941542412805,b3,steering,basalar,18,10,180,3
1141,720575941535245034,DNb07,steering_control,720575941473850720,5,720575941542412805,b3,steering,basalar,18,11,198,3
1142,720575941535245034,DNb07,steering_control,720575941473850720,5,720575941479658831,hg2,steering,haltere,45,10,450,3
1143,720575941535245034,DNb07,steering_control,720575941473850720,5,720575941542412805,b3,steering,basalar,45,10,450,3
1144,720575941535245034,DNb07,steering_control,720575941473850720,5,720575941542412805,b3,steering,basalar,45,11,495,3
1145,720575941535245034,DNb07,steering_control,720575941473850720,5,720575941479658831,hg2,steering,haltere,15,10,150,3
1146,720575941535245034,DNb07,steering_control,720575941473850720,5,720575941542412805,b3,steering,basalar,15,10,150,3
1147,720575941535245034,DNb07,steering_control,720575941473850720,5,720575941542412805,b3,steering,basalar,15,11,165,3
1148,720575941535245034,DNb07,steering_control,720575941526718564,4,720575941456201887,hg1,steering,haltere,13,29,377,3
1149,720575941535245034,DNb07,steering_control,720575941526718564,4,720575941456201887,hg1,steering,haltere,13,17,221,3
1150,720575941535245034,DNb07,steering_control,720575941526718564,4,720575941456201887,hg1,steering,haltere,13,35,455,3
1151,720575941535245034,DNb07,steering_control,720575941526718564,4,720575941580669817,hg1,steering,haltere,13,58,754,3
1152,720575941535245034,DNb07,steering_control,720575941526718564,4,720575941580669817,hg1,steering,haltere,13,65,845,3
1153,720575941535245034,DNb07,steering_control,720575941526718564,4,720575941580669817,hg1,steering,haltere,13,11,143,3
1154,720575941535245034,DNb07,steering_control,720575941532246762,5,720575941468897856,i1,steering,axillary_i,16,18,288,3
1155,720575941535245034,DNb07,steering_control,720575941532246762,5,720575941474574132,b3,steering,basalar,16,22,352,3
1156,720575941535245034,DNb07,steering_control,720575941532246762,5,720575941474574132,b3,steering,basalar,16,11,176,3
1157,720575941535245034,DNb07,steering_control,720575941532246762,5,720575941479658831,hg2,steering,haltere,16,10,160,3
1158,720575941535245034,DNb07,steering_control,720575941532246762,5,720575941468897856,i1,steering,axillary_i,58,18,1044,3
1159,720575941535245034,DNb07,steering_control,720575941532246762,5,720575941474574132,b3,steering,basalar,58,22,1276,3
1160,720575941535245034,DNb07,steering_control,720575941532246762,5,720575941474574132,b3,steering,basalar,58,11,638,3
1161,720575941535245034,DNb07,steering_control,720575941532246762,5,720575941479658831,hg2,steering,haltere,58,10,580,3
1162,720575941535245034,DNb07,steering_control,720575941557612915,1,720575941521196211,b1,steering,basalar,12,10,120,3
1163,720575941535245034,DNb07,steering_control,720575941557612915,1,720575941624155644,b2,steering,basalar,12,10,120,3
1164,720575941535245034,DNb07,steering_control,720575941557612915,1,720575941521196211,b1,steering,basalar,22,10,220,3
1165,720575941535245034,DNb07,steering_control,720575941557612915,1,720575941624155644,b2,steering,basalar,22,10,220,3
1166,720575941535245034,DNb07,steering_control,720575941572251144,1,720575941549822781,b1,steering,basalar,20,25,500,3
1167,720575941535245034,DNb07,steering_control,720575941572251144,1,720575941655597785,b2,steering,basalar,20,16,320,3
1168,720575941535245034,DNb07,steering_control,720575941572251144,1,720575941549822781,b1,steering,basalar,19,25,475,3
1169,720575941535245034,DNb07,steering_control,720575941572251144,1,720575941655597785,b2,steering,basalar,19,16,304,3
1170,720575941535245034,DNb07,steering_control,720575941607605101,4,720575941456201887,hg1,steering,haltere,13,27,351,3
1171,720575941535245034,DNb07,steering_control,720575941607605101,4,720575941456201887,hg1,steering,haltere,13,16,208,3
1172,720575941535245034,DNb07,steering_control,720575941607605101,4,720575941456201887,hg1,steering,haltere,15,27,405,3
1173,720575941535245034,DNb07,steering_control,720575941607605101,4,720575941456201887,hg1,steering,haltere,15,16,240,3
1174,720575941535245034,DNb07,steering_control,720575941608991050,1,720575941521196211,b1,steering,basalar,12,31,372,3
1175,720575941535245034,DNb07,steering_control,720575941608991050,1,720575941624155644,b2,steering,basalar,12,29,348,3
1176,720575941535245034,DNb07,steering_control,720575941649244437,4,720575941456201887,hg1,steering,haltere,11,10,110,3
1177,720575941535245034,DNb07,steering_control,720575941649244437,4,720575941479658831,hg2,steering,haltere,11,13,143,3
1178,720575941535245034,DNb07,steering_control,720575941649244437,4,720575941479658831,hg2,steering,haltere,11,14,154,3
1179,720575941535245034,DNb07,steering_control,720575941649244437,4,720575941479658831,hg2,steering,haltere,11,11,121,3
1180,720575941535245034,DNb07,steering_control,720575941649244437,4,720575941479658831,hg2,steering,haltere,11,23,253,3
1181,720575941535245034,DNb07,steering_control,720575941649244437,4,720575941580669817,hg1,steering,haltere,11,14,154,3
1182,720575941535245034,DNb07,steering_control,720575941649244437,4,720575941629172716,iii1,steering,axillary_III,11,13,143,3
1183,720575941535245034,DNb07,steering_control,720575941649244437,4,720575941629172716,iii1,steering,axillary_III,11,19,209,3
1184,720575941535245034,DNb07,steering_control,720575941649244437,4,720575941732789547,hg2,steering,haltere,11,30,330,3
1185,720575941535245034,DNb07,steering_control,720575941649244437,4,720575941732789547,hg2,steering,haltere,11,21,231,3
1186,720575941535245034,DNb07,steering_control,720575941649244437,4,720575941732789547,hg2,steering,haltere,11,10,110,3
1187,720575941535245034,DNb07,steering_control,720575941649244437,4,720575941732789547,hg2,steering,haltere,11,13,143,3
1188,720575941535245034,DNb07,steering_control,720575941649244437,4,720575941732789547,hg2,steering,haltere,11,13,143,3
1189,720575941535245034,DNb07,steering_control,720575941668725169,4,720575941456201887,hg1,steering,haltere,21,11,231,3
1190,720575941535245034,DNb07,steering_control,720575941668725169,4,720575941479658831,hg2,steering,haltere,21,11,231,3
1191,720575941535245034,DNb07,steering_control,720575941668725169,4,720575941479658831,hg2,steering,haltere,21,27,567,3
1192,720575941535245034,DNb07,steering_control,720575941668725169,4,720575941479658831,hg2,steering,haltere,21,10,210,3
1193,720575941535245034,DNb07,steering_control,720575941668725169,4,720575941479658831,hg2,steering,haltere,21,16,336,3
1194,720575941535245034,DNb07,steering_control,720575941668725169,4,720575941479658831,hg2,steering,haltere,21,17,357,3
1195,720575941535245034,DNb07,steering_control,720575941668725169,4,720575941489673420,iii1,steering,axillary_III,21,10,210,3
1196,720575941535245034,DNb07,steering_control,720575941668725169,4,720575941580669817,hg1,steering,haltere,21,20,420,3
1197,720575941535245034,DNb07,steering_control,720575941668725169,4,720575941629172716,iii1,steering,axillary_III,21,12,252,3
1198,720575941535245034,DNb07,steering_control,720575941668725169,4,720575941732789547,hg2,steering,haltere,21,29,609,3
1199,720575941535245034,DNb07,steering_control,720575941668725169,4,720575941732789547,hg2,steering,haltere,21,37,777,3
1200,720575941535245034,DNb07,steering_control,720575941668725169,4,720575941732789547,hg2,steering,haltere,21,13,273,3
1201,720575941535245034,DNb07,steering_control,720575941668725169,4,720575941732789547,hg2,steering,haltere,21,23,483,3
1202,720575941618366079,DNp31,steering_control,720575941400818723,4,720575941513173763,hg4,steering,haltere,11,36,396,3
1203,720575941618366079,DNp31,steering_control,720575941400818723,4,720575941513173763,hg4,steering,haltere,11,10,110,3
1204,720575941618366079,DNp31,steering_control,720575941400818723,4,720575941513173763,hg4,steering,haltere,11,11,121,3
1205,720575941618366079,DNp31,steering_control,720575941400818723,4,720575941580669817,hg1,steering,haltere,11,26,286,3
1206,720575941618366079,DNp31,steering_control,720575941415476252,2,720575941463144336,DLM1,power,DLM,12,29,348,3
1207,720575941618366079,DNp31,steering_control,720575941415476252,2,720575941479034563,DLM1,power,DLM,12,40,480,3
1208,720575941618366079,DNp31,steering_control,720575941415476252,2,720575941533190337,DLM1,power,DLM,12,20,240,3
1209,720575941618366079,DNp31,steering_control,720575941415476252,2,720575941583644382,DLM1,power,DLM,12,10,120,3
1210,720575941618366079,DNp31,steering_control,720575941415476252,2,720575941596050112,DLM5,power,DLM,12,39,468,3
1211,720575941618366079,DNp31,steering_control,720575941415476252,2,720575941596050112,DLM5,power,DLM,12,14,168,3
1212,720575941618366079,DNp31,steering_control,720575941415476252,2,720575941597489344,DVM1A,power,DVM,12,12,144,3
1213,720575941618366079,DNp31,steering_control,720575941415476252,2,720575941603635190,DVM1A,power,DVM,12,18,216,3
1214,720575941618366079,DNp31,steering_control,720575941415476252,2,720575941643100754,ps1,steering,pleurosternal,12,29,348,3
1215,720575941618366079,DNp31,steering_control,720575941415476252,2,720575941643100754,ps1,steering,pleurosternal,12,15,180,3
1216,720575941618366079,DNp31,steering_control,720575941431311575,3,720575941643100754,ps1,steering,pleurosternal,13,27,351,3
1217,720575941618366079,DNp31,steering_control,720575941431311575,3,720575941643100754,ps1,steering,pleurosternal,13,10,130,3
1218,720575941618366079,DNp31,steering_control,720575941431311575,3,720575941643100754,ps1,steering,pleurosternal,13,25,325,3
1219,720575941618366079,DNp31,steering_control,720575941431311575,3,720575941643100754,ps1,steering,pleurosternal,13,15,195,3
1220,720575941618366079,DNp31,steering_control,720575941431311575,3,720575941645041313,ps1,steering,pleurosternal,13,43,559,3
1221,720575941618366079,DNp31,steering_control,720575941431311575,3,720575941645041313,ps1,steering,pleurosternal,13,112,1456,3
1222,720575941618366079,DNp31,steering_control,720575941431311575,3,720575941645041313,ps1,steering,pleurosternal,13,10,130,3
1223,720575941618366079,DNp31,steering_control,720575941431311575,3,720575941645041313,ps1,steering,pleurosternal,13,12,156,3
1224,720575941618366079,DNp31,steering_control,720575941456678893,5,720575941475745898,i2,steering,axillary_i,16,15,240,3
1225,720575941618366079,DNp31,steering_control,720575941456678893,5,720575941547315060,i1,steering,axillary_i,16,10,160,3
1226,720575941618366079,DNp31,steering_control,720575941456678893,5,720575941547394081,i2,steering,axillary_i,16,34,544,3
1227,720575941618366079,DNp31,steering_control,720575941461076493,3,720575941643100754,ps1,steering,pleurosternal,10,28,280,3
1228,720575941618366079,DNp31,steering_control,720575941461076493,3,720575941643100754,ps1,steering,pleurosternal,10,23,230,3
1229,720575941618366079,DNp31,steering_control,720575941461076493,3,720575941643100754,ps1,steering,pleurosternal,10,11,110,3
1230,720575941618366079,DNp31,steering_control,720575941461076493,3,720575941645041313,ps1,steering,pleurosternal,10,10,100,3
1231,720575941618366079,DNp31,steering_control,720575941465484566,1,720575941655597785,b2,steering,basalar,24,37,888,3
1232,720575941618366079,DNp31,steering_control,720575941473850720,5,720575941479658831,hg2,steering,haltere,11,10,110,3
1233,720575941618366079,DNp31,steering_control,720575941473850720,5,720575941542412805,b3,steering,basalar,11,10,110,3
1234,720575941618366079,DNp31,steering_control,720575941473850720,5,720575941542412805,b3,steering,basalar,11,11,121,3
1235,720575941618366079,DNp31,steering_control,720575941500983019,5,720575941475745898,i2,steering,axillary_i,10,12,120,3
1236,720575941618366079,DNp31,steering_control,720575941500983019,5,720575941547315060,i1,steering,axillary_i,10,15,150,3
1237,720575941618366079,DNp31,steering_control,720575941500983019,5,720575941547394081,i2,steering,axillary_i,10,28,280,3
1238,720575941618366079,DNp31,steering_control,720575941503451301,1,720575941624155644,b2,steering,basalar,10,44,440,3
1239,720575941618366079,DNp31,steering_control,720575941504456386,2,720575941463144336,DLM1,power,DLM,10,13,130,3
1240,720575941618366079,DNp31,steering_control,720575941504456386,2,720575941507955269,DLM1,power,DLM,10,29,290,3
1241,720575941618366079,DNp31,steering_control,720575941504456386,2,720575941519783640,DLM1,power,DLM,10,20,200,3
1242,720575941618366079,DNp31,steering_control,720575941504456386,2,720575941534583786,DLM5,power,DLM,10,29,290,3
1243,720575941618366079,DNp31,steering_control,720575941504456386,2,720575941640465439,DLM1,power,DLM,10,27,270,3
1244,720575941618366079,DNp31,steering_control,720575941504456386,2,720575941645403000,DLM1,power,DLM,10,37,370,3
1245,720575941618366079,DNp31,steering_control,720575941527099981,3,720575941643100754,ps1,steering,pleurosternal,14,18,252,3
1246,720575941618366079,DNp31,steering_control,720575941527099981,3,720575941643100754,ps1,steering,pleurosternal,14,45,630,3
1247,720575941618366079,DNp31,steering_control,720575941527099981,3,720575941643100754,ps1,steering,pleurosternal,14,11,154,3
1248,720575941618366079,DNp31,steering_control,720575941527099981,3,720575941643100754,ps1,steering,pleurosternal,14,202,2828,3
1249,720575941618366079,DNp31,steering_control,720575941527099981,3,720575941645041313,ps1,steering,pleurosternal,14,10,140,3
1250,720575941618366079,DNp31,steering_control,720575941527099981,3,720575941645041313,ps1,steering,pleurosternal,14,19,266,3
1251,720575941618366079,DNp31,steering_control,720575941527099981,3,720575941645041313,ps1,steering,pleurosternal,14,14,196,3
1252,720575941618366079,DNp31,steering_control,720575941543397737,2,720575941479034563,DLM1,power,DLM,27,12,324,3
1253,720575941618366079,DNp31,steering_control,720575941543397737,2,720575941507955269,DLM1,power,DLM,27,42,1134,3
1254,720575941618366079,DNp31,steering_control,720575941543397737,2,720575941519783640,DLM1,power,DLM,27,37,999,3
1255,720575941618366079,DNp31,steering_control,720575941543397737,2,720575941534583786,DLM5,power,DLM,27,76,2052,3
1256,720575941618366079,DNp31,steering_control,720575941543397737,2,720575941534583786,DLM5,power,DLM,27,13,351,3
1257,720575941618366079,DNp31,steering_control,720575941543397737,2,720575941565105206,DVM1A,power,DVM,27,11,297,3
1258,720575941618366079,DNp31,steering_control,720575941543397737,2,720575941640465439,DLM1,power,DLM,27,49,1323,3
1259,720575941618366079,DNp31,steering_control,720575941543397737,2,720575941645403000,DLM1,power,DLM,27,49,1323,3
1260,720575941618366079,DNp31,steering_control,720575941543397737,2,720575941645403000,DLM1,power,DLM,27,14,378,3
1261,720575941618366079,DNp31,steering_control,720575941547226248,5,720575941468897856,i1,steering,axillary_i,15,10,150,3
1262,720575941618366079,DNp31,steering_control,720575941547226248,5,720575941468897856,i1,steering,axillary_i,15,11,165,3
1263,720575941618366079,DNp31,steering_control,720575941547226248,5,720575941474574132,b3,steering,basalar,15,10,150,3
1264,720575941618366079,DNp31,steering_control,720575941547226248,5,720575941474574132,b3,steering,basalar,15,30,450,3
1265,720575941618366079,DNp31,steering_control,720575941561320493,3,720575941565378919,iii3,steering,axillary_III,15,10,150,3
1266,720575941618366079,DNp31,steering_control,720575941561320493,3,720575941643100754,ps1,steering,pleurosternal,15,26,390,3
1267,720575941618366079,DNp31,steering_control,720575941561320493,3,720575941645041313,ps1,steering,pleurosternal,15,25,375,3
1268,720575941618366079,DNp31,steering_control,720575941575681718,4,720575941456201887,hg1,steering,haltere,21,79,1659,3
1269,720575941618366079,DNp31,steering_control,720575941575681718,4,720575941456201887,hg1,steering,haltere,21,35,735,3
1270,720575941618366079,DNp31,steering_control,720575941575681718,4,720575941456201887,hg1,steering,haltere,21,123,2583,3
1271,720575941618366079,DNp31,steering_control,720575941575681718,4,720575941459347411,iii4,steering,axillary_III,21,95,1995,3
1272,720575941618366079,DNp31,steering_control,720575941575681718,4,720575941459347411,iii4,steering,axillary_III,21,26,546,3
1273,720575941618366079,DNp31,steering_control,720575941575681718,4,720575941459347411,iii4,steering,axillary_III,21,157,3297,3
1274,720575941618366079,DNp31,steering_control,720575941575681718,4,720575941468288375,hg3,steering,haltere,21,12,252,3
1275,720575941618366079,DNp31,steering_control,720575941575681718,4,720575941483845954,hg3,steering,haltere,21,34,714,3
1276,720575941618366079,DNp31,steering_control,720575941575681718,4,720575941483845954,hg3,steering,haltere,21,52,1092,3
1277,720575941618366079,DNp31,steering_control,720575941575681718,4,720575941513173763,hg4,steering,haltere,21,10,210,3
1278,720575941618366079,DNp31,steering_control,720575941575681718,4,720575941516770670,iii4,steering,axillary_III,21,11,231,3
1279,720575941618366079,DNp31,steering_control,720575941575681718,4,720575941516770670,iii4,steering,axillary_III,21,14,294,3
1280,720575941618366079,DNp31,steering_control,720575941575681718,4,720575941580669817,hg1,steering,haltere,21,25,525,3
1281,720575941618366079,DNp31,steering_control,720575941575681718,4,720575941580669817,hg1,steering,haltere,21,28,588,3
1282,720575941618366079,DNp31,steering_control,720575941575681718,4,720575941624155644,b2,steering,basalar,21,20,420,3
1283,720575941618366079,DNp31,steering_control,720575941575681718,4,720575941624155644,b2,steering,basalar,21,13,273,3
1284,720575941618366079,DNp31,steering_control,720575941575681718,4,720575941624155644,b2,steering,basalar,21,99,2079,3
1285,720575941618366079,DNp31,steering_control,720575941575681718,4,720575941630940642,hg4,steering,haltere,21,52,1092,3
1286,720575941618366079,DNp31,steering_control,720575941575681718,4,720575941630940642,hg4,steering,haltere,21,75,1575,3
1287,720575941618366079,DNp31,steering_control,720575941575681718,4,720575941630940642,hg4,steering,haltere,21,10,210,3
1288,720575941618366079,DNp31,steering_control,720575941575681718,4,720575941655597785,b2,steering,basalar,21,10,210,3
1289,720575941618366079,DNp31,steering_control,720575941575681718,4,720575941655597785,b2,steering,basalar,21,18,378,3
1290,720575941618366079,DNp31,steering_control,720575941607605101,4,720575941456201887,hg1,steering,haltere,11,27,297,3
1291,720575941618366079,DNp31,steering_control,720575941607605101,4,720575941456201887,hg1,steering,haltere,11,16,176,3
1292,720575941618366079,DNp31,steering_control,720575941610618982,2,720575941507955269,DLM1,power,DLM,12,19,228,3
1293,720575941618366079,DNp31,steering_control,720575941610618982,2,720575941519783640,DLM1,power,DLM,12,32,384,3
1294,720575941618366079,DNp31,steering_control,720575941610618982,2,720575941534583786,DLM5,power,DLM,12,37,444,3
1295,720575941618366079,DNp31,steering_control,720575941610618982,2,720575941534583786,DLM5,power,DLM,12,14,168,3
1296,720575941618366079,DNp31,steering_control,720575941610618982,2,720575941566847847,DVM1A,power,DVM,12,11,132,3
1297,720575941618366079,DNp31,steering_control,720575941610618982,2,720575941640465439,DLM1,power,DLM,12,26,312,3
1298,720575941618366079,DNp31,steering_control,720575941610618982,2,720575941645041313,ps1,steering,pleurosternal,12,18,216,3
1299,720575941618366079,DNp31,steering_control,720575941610618982,2,720575941645403000,DLM1,power,DLM,12,28,336,3
1300,720575941618366079,DNp31,steering_control,720575941610618982,2,720575941645403000,DLM1,power,DLM,12,12,144,3
1301,720575941618366079,DNp31,steering_control,720575941621630716,5,720575941565378919,iii3,steering,axillary_III,10,31,310,3
1302,720575941618366079,DNp31,steering_control,720575941621630716,5,720575941565378919,iii3,steering,axillary_III,10,14,140,3
1303,720575941618366079,DNp31,steering_control,720575941630748859,1,720575941655597785,b2,steering,basalar,29,10,290,3
1304,720575941618366079,DNp31,steering_control,720575941630748859,1,720575941655597785,b2,steering,basalar,29,58,1682,3
1305,720575941618366079,DNp31,steering_control,720575941649244437,4,720575941456201887,hg1,steering,haltere,14,10,140,3
1306,720575941618366079,DNp31,steering_control,720575941649244437,4,720575941479658831,hg2,steering,haltere,14,13,182,3
1307,720575941618366079,DNp31,steering_control,720575941649244437,4,720575941479658831,hg2,steering,haltere,14,14,196,3
1308,720575941618366079,DNp31,steering_control,720575941649244437,4,720575941479658831,hg2,steering,haltere,14,11,154,3
1309,720575941618366079,DNp31,steering_control,720575941649244437,4,720575941479658831,hg2,steering,haltere,14,23,322,3
1310,720575941618366079,DNp31,steering_control,720575941649244437,4,720575941580669817,hg1,steering,haltere,14,14,196,3
1311,720575941618366079,DNp31,steering_control,720575941649244437,4,720575941629172716,iii1,steering,axillary_III,14,13,182,3
1312,720575941618366079,DNp31,steering_control,720575941649244437,4,720575941629172716,iii1,steering,axillary_III,14,19,266,3
1313,720575941618366079,DNp31,steering_control,720575941649244437,4,720575941732789547,hg2,steering,haltere,14,30,420,3
1314,720575941618366079,DNp31,steering_control,720575941649244437,4,720575941732789547,hg2,steering,haltere,14,21,294,3
1315,720575941618366079,DNp31,steering_control,720575941649244437,4,720575941732789547,hg2,steering,haltere,14,10,140,3
1316,720575941618366079,DNp31,steering_control,720575941649244437,4,720575941732789547,hg2,steering,haltere,14,13,182,3
1317,720575941618366079,DNp31,steering_control,720575941649244437,4,720575941732789547,hg2,steering,haltere,14,13,182,3
1318,720575941618366079,DNp31,steering_control,720575941649244437,4,720575941456201887,hg1,steering,haltere,11,10,110,3
1319,720575941618366079,DNp31,steering_control,720575941649244437,4,720575941479658831,hg2,steering,haltere,11,13,143,3
1320,720575941618366079,DNp31,steering_control,720575941649244437,4,720575941479658831,hg2,steering,haltere,11,14,154,3
1321,720575941618366079,DNp31,steering_control,720575941649244437,4,720575941479658831,hg2,steering,haltere,11,11,121,3
1322,720575941618366079,DNp31,steering_control,720575941649244437,4,720575941479658831,hg2,steering,haltere,11,23,253,3
1323,720575941618366079,DNp31,steering_control,720575941649244437,4,720575941580669817,hg1,steering,haltere,11,14,154,3
1324,720575941618366079,DNp31,steering_control,720575941649244437,4,720575941629172716,iii1,steering,axillary_III,11,13,143,3
1325,720575941618366079,DNp31,steering_control,720575941649244437,4,720575941629172716,iii1,steering,axillary_III,11,19,209,3
1326,720575941618366079,DNp31,steering_control,720575941649244437,4,720575941732789547,hg2,steering,haltere,11,30,330,3
1327,720575941618366079,DNp31,steering_control,720575941649244437,4,720575941732789547,hg2,steering,haltere,11,21,231,3
1328,720575941618366079,DNp31,steering_control,720575941649244437,4,720575941732789547,hg2,steering,haltere,11,10,110,3
1329,720575941618366079,DNp31,steering_control,720575941649244437,4,720575941732789547,hg2,steering,haltere,11,13,143,3
1330,720575941618366079,DNp31,steering_control,720575941649244437,4,720575941732789547,hg2,steering,haltere,11,13,143,3
1331,720575941618366079,DNp31,steering_control,720575941668725169,4,720575941456201887,hg1,steering,haltere,10,11,110,3
1332,720575941618366079,DNp31,steering_control,720575941668725169,4,720575941479658831,hg2,steering,haltere,10,11,110,3
1333,720575941618366079,DNp31,steering_control,720575941668725169,4,720575941479658831,hg2,steering,haltere,10,27,270,3
1334,720575941618366079,DNp31,steering_control,720575941668725169,4,720575941479658831,hg2,steering,haltere,10,10,100,3
1335,720575941618366079,DNp31,steering_control,720575941668725169,4,720575941479658831,hg2,steering,haltere,10,16,160,3
1336,720575941618366079,DNp31,steering_control,720575941668725169,4,720575941479658831,hg2,steering,haltere,10,17,170,3
1337,720575941618366079,DNp31,steering_control,720575941668725169,4,720575941489673420,iii1,steering,axillary_III,10,10,100,3
1338,720575941618366079,DNp31,steering_control,720575941668725169,4,720575941580669817,hg1,steering,haltere,10,20,200,3
1339,720575941618366079,DNp31,steering_control,720575941668725169,4,720575941629172716,iii1,steering,axillary_III,10,12,120,3
1340,720575941618366079,DNp31,steering_control,720575941668725169,4,720575941732789547,hg2,steering,haltere,10,29,290,3
1341,720575941618366079,DNp31,steering_control,720575941668725169,4,720575941732789547,hg2,steering,haltere,10,37,370,3
1342,720575941618366079,DNp31,steering_control,720575941668725169,4,720575941732789547,hg2,steering,haltere,10,13,130,3
1343,720575941618366079,DNp31,steering_control,720575941668725169,4,720575941732789547,hg2,steering,haltere,10,23,230,3
1344,720575941472160011,DNp73,steering_control,720575941399253283,1,720575941549822781,b1,steering,basalar,14,17,238,3
1345,720575941472160011,DNp73,steering_control,720575941399253283,1,720575941549822781,b1,steering,basalar,14,26,364,3
1346,720575941472160011,DNp73,steering_control,720575941399253283,1,720575941655597785,b2,steering,basalar,14,13,182,3
1347,720575941472160011,DNp73,steering_control,720575941399253283,1,720575941549822781,b1,steering,basalar,18,17,306,3
1348,720575941472160011,DNp73,steering_control,720575941399253283,1,720575941549822781,b1,steering,basalar,18,26,468,3
1349,720575941472160011,DNp73,steering_control,720575941399253283,1,720575941655597785,b2,steering,basalar,18,13,234,3
1350,720575941472160011,DNp73,steering_control,720575941456348575,4,720575941456201887,hg1,steering,haltere,34,39,1326,3
1351,720575941472160011,DNp73,steering_control,720575941456348575,4,720575941458961604,iii3,steering,axillary_III,34,20,680,3
1352,720575941472160011,DNp73,steering_control,720575941456348575,4,720575941459347411,iii4,steering,axillary_III,34,48,1632,3
1353,720575941472160011,DNp73,steering_control,720575941456348575,4,720575941459347411,iii4,steering,axillary_III,34,13,442,3
1354,720575941472160011,DNp73,steering_control,720575941456348575,4,720575941483845954,hg3,steering,haltere,34,19,646,3
1355,720575941472160011,DNp73,steering_control,720575941456348575,4,720575941630940642,hg4,steering,haltere,34,61,2074,3
1356,720575941472160011,DNp73,steering_control,720575941456348575,4,720575941630940642,hg4,steering,haltere,34,13,442,3
1357,720575941472160011,DNp73,steering_control,720575941492308606,1,720575941549822781,b1,steering,basalar,10,12,120,3
1358,720575941472160011,DNp73,steering_control,720575941492308606,1,720575941549822781,b1,steering,basalar,10,33,330,3
1359,720575941472160011,DNp73,steering_control,720575941492308606,1,720575941655597785,b2,steering,basalar,10,16,160,3
1360,720575941472160011,DNp73,steering_control,720575941503451301,1,720575941624155644,b2,steering,basalar,10,44,440,3
1361,720575941472160011,DNp73,steering_control,720575941533761050,1,720575941549822781,b1,steering,basalar,14,18,252,3
1362,720575941472160011,DNp73,steering_control,720575941533761050,1,720575941549822781,b1,steering,basalar,14,17,238,3
1363,720575941472160011,DNp73,steering_control,720575941533761050,1,720575941655597785,b2,steering,basalar,14,10,140,3
1364,720575941472160011,DNp73,steering_control,720575941533761050,1,720575941655597785,b2,steering,basalar,14,18,252,3
1365,720575941472160011,DNp73,steering_control,720575941557294095,1,720575941549822781,b1,steering,basalar,12,29,348,3
1366,720575941472160011,DNp73,steering_control,720575941557294095,1,720575941549822781,b1,steering,basalar,12,20,240,3
1367,720575941472160011,DNp73,steering_control,720575941557294095,1,720575941655597785,b2,steering,basalar,12,11,132,3
1368,720575941472160011,DNp73,steering_control,720575941557612915,1,720575941521196211,b1,steering,basalar,23,10,230,3
1369,720575941472160011,DNp73,steering_control,720575941557612915,1,720575941624155644,b2,steering,basalar,23,10,230,3
1370,720575941472160011,DNp73,steering_control,720575941566956532,1,720575941549822781,b1,steering,basalar,20,16,320,3
1371,720575941472160011,DNp73,steering_control,720575941566956532,1,720575941549822781,b1,steering,basalar,20,21,420,3
1372,720575941472160011,DNp73,steering_control,720575941566956532,1,720575941655597785,b2,steering,basalar,20,10,200,3
1373,720575941472160011,DNp73,steering_control,720575941566956532,1,720575941655597785,b2,steering,basalar,20,13,260,3
1374,720575941472160011,DNp73,steering_control,720575941593615211,4,720575941468288375,hg3,steering,haltere,12,11,132,3
1375,720575941472160011,DNp73,steering_control,720575941593615211,4,720575941513173763,hg4,steering,haltere,12,16,192,3
1376,720575941472160011,DNp73,steering_control,720575941593615211,4,720575941513173763,hg4,steering,haltere,12,15,180,3
1377,720575941472160011,DNp73,steering_control,720575941593615211,4,720575941516770670,iii4,steering,axillary_III,12,25,300,3
1378,720575941472160011,DNp73,steering_control,720575941593615211,4,720575941516770670,iii4,steering,axillary_III,12,13,156,3
1379,720575941472160011,DNp73,steering_control,720575941593615211,4,720575941516770670,iii4,steering,axillary_III,12,47,564,3
1380,720575941472160011,DNp73,steering_control,720575941593615211,4,720575941580669817,hg1,steering,haltere,12,40,480,3
1381,720575941472160011,DNp73,steering_control,720575941593615211,4,720575941580669817,hg1,steering,haltere,12,17,204,3
1382,720575941472160011,DNp73,steering_control,720575941593615211,4,720575941580669817,hg1,steering,haltere,12,54,648,3
1383,720575941472160011,DNp73,steering_control,720575941593615211,4,720575941732789547,hg2,steering,haltere,12,11,132,3
1384,720575941472160011,DNp73,steering_control,720575941593615211,4,720575941468288375,hg3,steering,haltere,76,11,836,3
1385,720575941472160011,DNp73,steering_control,720575941593615211,4,720575941513173763,hg4,steering,haltere,76,16,1216,3
1386,720575941472160011,DNp73,steering_control,720575941593615211,4,720575941513173763,hg4,steering,haltere,76,15,1140,3
1387,720575941472160011,DNp73,steering_control,720575941593615211,4,720575941516770670,iii4,steering,axillary_III,76,25,1900,3
1388,720575941472160011,DNp73,steering_control,720575941593615211,4,720575941516770670,iii4,steering,axillary_III,76,13,988,3
1389,720575941472160011,DNp73,steering_control,720575941593615211,4,720575941516770670,iii4,steering,axillary_III,76,47,3572,3
1390,720575941472160011,DNp73,steering_control,720575941593615211,4,720575941580669817,hg1,steering,haltere,76,40,3040,3
1391,720575941472160011,DNp73,steering_control,720575941593615211,4,720575941580669817,hg1,steering,haltere,76,17,1292,3
1392,720575941472160011,DNp73,steering_control,720575941593615211,4,720575941580669817,hg1,steering,haltere,76,54,4104,3
1393,720575941472160011,DNp73,steering_control,720575941593615211,4,720575941732789547,hg2,steering,haltere,76,11,836,3
1394,720575941472160011,DNp73,steering_control,720575941608991050,1,720575941521196211,b1,steering,basalar,21,31,651,3
1395,720575941472160011,DNp73,steering_control,720575941608991050,1,720575941624155644,b2,steering,basalar,21,29,609,3
1396,720575941472160011,DNp73,steering_control,720575941608991050,1,720575941521196211,b1,steering,basalar,31,31,961,3
1397,720575941472160011,DNp73,steering_control,720575941608991050,1,720575941624155644,b2,steering,basalar,31,29,899,3
1398,720575941472160011,DNp73,steering_control,720575941658602520,1,720575941624155644,b2,steering,basalar,11,10,110,3
1399,720575941478585450,DNp22,steering_control,720575941439050703,5,720575941475745898,i2,steering,axillary_i,13,10,130,3
1400,720575941478585450,DNp22,steering_control,720575941457147206,4,720575941513173763,hg4,steering,haltere,20,66,1320,3
1401,720575941478585450,DNp22,steering_control,720575941457147206,4,720575941513173763,hg4,steering,haltere,20,19,380,3
1402,720575941478585450,DNp22,steering_control,720575941457147206,4,720575941516770670,iii4,steering,axillary_III,20,32,640,3
1403,720575941478585450,DNp22,steering_control,720575941457147206,4,720575941549822781,b1,steering,basalar,20,25,500,3
1404,720575941478585450,DNp22,steering_control,720575941457147206,4,720575941565378919,iii3,steering,axillary_III,20,18,360,3
1405,720575941478585450,DNp22,steering_control,720575941457147206,4,720575941580669817,hg1,steering,haltere,20,40,800,3
1406,720575941478585450,DNp22,steering_control,720575941457147206,4,720575941643100754,ps1,steering,pleurosternal,20,15,300,3
1407,720575941478585450,DNp22,steering_control,720575941457147206,4,720575941513173763,hg4,steering,haltere,33,66,2178,3
1408,720575941478585450,DNp22,steering_control,720575941457147206,4,720575941513173763,hg4,steering,haltere,33,19,627,3
1409,720575941478585450,DNp22,steering_control,720575941457147206,4,720575941516770670,iii4,steering,axillary_III,33,32,1056,3
1410,720575941478585450,DNp22,steering_control,720575941457147206,4,720575941549822781,b1,steering,basalar,33,25,825,3
1411,720575941478585450,DNp22,steering_control,720575941457147206,4,720575941565378919,iii3,steering,axillary_III,33,18,594,3
1412,720575941478585450,DNp22,steering_control,720575941457147206,4,720575941580669817,hg1,steering,haltere,33,40,1320,3
1413,720575941478585450,DNp22,steering_control,720575941457147206,4,720575941643100754,ps1,steering,pleurosternal,33,15,495,3
1414,720575941478585450,DNp22,steering_control,720575941457147206,4,720575941513173763,hg4,steering,haltere,13,66,858,3
1415,720575941478585450,DNp22,steering_control,720575941457147206,4,720575941513173763,hg4,steering,haltere,13,19,247,3
1416,720575941478585450,DNp22,steering_control,720575941457147206,4,720575941516770670,iii4,steering,axillary_III,13,32,416,3
1417,720575941478585450,DNp22,steering_control,720575941457147206,4,720575941549822781,b1,steering,basalar,13,25,325,3
1418,720575941478585450,DNp22,steering_control,720575941457147206,4,720575941565378919,iii3,steering,axillary_III,13,18,234,3
1419,720575941478585450,DNp22,steering_control,720575941457147206,4,720575941580669817,hg1,steering,haltere,13,40,520,3
1420,720575941478585450,DNp22,steering_control,720575941457147206,4,720575941643100754,ps1,steering,pleurosternal,13,15,195,3
1421,720575941478585450,DNp22,steering_control,720575941465484566,1,720575941655597785,b2,steering,basalar,31,37,1147,3
1422,720575941478585450,DNp22,steering_control,720575941465484566,1,720575941655597785,b2,steering,basalar,24,37,888,3
1423,720575941478585450,DNp22,steering_control,720575941471203447,1,720575941521196211,b1,steering,basalar,15,13,195,3
1424,720575941478585450,DNp22,steering_control,720575941471203447,1,720575941521196211,b1,steering,basalar,15,10,150,3
1425,720575941478585450,DNp22,steering_control,720575941471203447,1,720575941624155644,b2,steering,basalar,15,12,180,3
1426,720575941478585450,DNp22,steering_control,720575941474786625,1,720575941521196211,b1,steering,basalar,11,15,165,3
1427,720575941478585450,DNp22,steering_control,720575941517764824,5,720575941468897856,i1,steering,axillary_i,13,15,195,3
1428,720575941478585450,DNp22,steering_control,720575941517764824,5,720575941468897856,i1,steering,axillary_i,13,16,208,3
1429,720575941478585450,DNp22,steering_control,720575941517764824,5,720575941468897856,i1,steering,axillary_i,13,23,299,3
1430,720575941478585450,DNp22,steering_control,720575941517764824,5,720575941474574132,b3,steering,basalar,13,15,195,3
1431,720575941478585450,DNp22,steering_control,720575941517764824,5,720575941474574132,b3,steering,basalar,13,23,299,3
1432,720575941478585450,DNp22,steering_control,720575941517764824,5,720575941580669817,hg1,steering,haltere,13,10,130,3
1433,720575941478585450,DNp22,steering_control,720575941517764824,5,720575941580669817,hg1,steering,haltere,13,10,130,3
1434,720575941478585450,DNp22,steering_control,720575941517764824,5,720575941580669817,hg1,steering,haltere,13,13,169,3
1435,720575941478585450,DNp22,steering_control,720575941524369945,1,720575941516770670,iii4,steering,axillary_III,19,14,266,3
1436,720575941478585450,DNp22,steering_control,720575941524369945,1,720575941580669817,hg1,steering,haltere,19,19,361,3
1437,720575941478585450,DNp22,steering_control,720575941524369945,1,720575941655597785,b2,steering,basalar,19,25,475,3
1438,720575941478585450,DNp22,steering_control,720575941572251144,1,720575941549822781,b1,steering,basalar,33,25,825,3
1439,720575941478585450,DNp22,steering_control,720575941572251144,1,720575941655597785,b2,steering,basalar,33,16,528,3
1440,720575941478585450,DNp22,steering_control,720575941572251144,1,720575941549822781,b1,steering,basalar,30,25,750,3
1441,720575941478585450,DNp22,steering_control,720575941572251144,1,720575941655597785,b2,steering,basalar,30,16,480,3
1442,720575941478585450,DNp22,steering_control,720575941579868917,4,720575941630940642,hg4,steering,haltere,11,46,506,3
1443,720575941478585450,DNp22,steering_control,720575941579868917,4,720575941630940642,hg4,steering,haltere,11,33,363,3
1444,720575941478585450,DNp22,steering_control,720575941601088441,5,720575941468897856,i1,steering,axillary_i,12,16,192,3
1445,720575941478585450,DNp22,steering_control,720575941601088441,5,720575941468897856,i1,steering,axillary_i,12,13,156,3
1446,720575941478585450,DNp22,steering_control,720575941601088441,5,720575941468897856,i1,steering,axillary_i,12,14,168,3
1447,720575941478585450,DNp22,steering_control,720575941601088441,5,720575941474574132,b3,steering,basalar,12,27,324,3
1448,720575941478585450,DNp22,steering_control,720575941601088441,5,720575941474574132,b3,steering,basalar,12,15,180,3
1449,720575941478585450,DNp22,steering_control,720575941601088441,5,720575941474574132,b3,steering,basalar,12,24,288,3
1450,720575941478585450,DNp22,steering_control,720575941601088441,5,720575941580669817,hg1,steering,haltere,12,10,120,3
1451,720575941478585450,DNp22,steering_control,720575941610583260,1,720575941516770670,iii4,steering,axillary_III,11,16,176,3
1452,720575941478585450,DNp22,steering_control,720575941610583260,1,720575941549822781,b1,steering,basalar,11,19,209,3
1453,720575941478585450,DNp22,steering_control,720575941610583260,1,720575941549822781,b1,steering,basalar,11,10,110,3
1454,720575941478585450,DNp22,steering_control,720575941610583260,1,720575941580669817,hg1,steering,haltere,11,10,110,3
1455,720575941478585450,DNp22,steering_control,720575941610583260,1,720575941655597785,b2,steering,basalar,11,19,209,3
1456,720575941478585450,DNp22,steering_control,720575941630748859,1,720575941655597785,b2,steering,basalar,11,10,110,3
1457,720575941478585450,DNp22,steering_control,720575941630748859,1,720575941655597785,b2,steering,basalar,11,58,638,3
1458,720575941504652482,DNxn124,steering_control,720575941390660502,2,720575941507955269,DLM1,power,DLM,10,11,110,3
1459,720575941504652482,DNxn124,steering_control,720575941390660502,2,720575941519783640,DLM1,power,DLM,10,15,150,3
1460,720575941504652482,DNxn124,steering_control,720575941390660502,2,720575941640465439,DLM1,power,DLM,10,12,120,3
1461,720575941504652482,DNxn124,steering_control,720575941390660502,2,720575941645403000,DLM1,power,DLM,10,21,210,3
1462,720575941504652482,DNxn124,steering_control,720575941526701412,3,720575941630940642,hg4,steering,haltere,38,12,456,3
1463,720575941504652482,DNxn124,steering_control,720575941526701412,3,720575941645041313,ps1,steering,pleurosternal,38,11,418,3
1464,720575941504652482,DNxn124,steering_control,720575941526701412,3,720575941732789547,hg2,steering,haltere,38,14,532,3
1465,720575941504652482,DNxn124,steering_control,720575941526701412,3,720575941630940642,hg4,steering,haltere,12,12,144,3
1466,720575941504652482,DNxn124,steering_control,720575941526701412,3,720575941645041313,ps1,steering,pleurosternal,12,11,132,3
1467,720575941504652482,DNxn124,steering_control,720575941526701412,3,720575941732789547,hg2,steering,haltere,12,14,168,3
1468,720575941504652482,DNxn124,steering_control,720575941569707422,4,720575941483845954,hg3,steering,haltere,12,10,120,3
1469,720575941504652482,DNxn124,steering_control,720575941569707422,4,720575941483845954,hg3,steering,haltere,12,12,144,3
1470,720575941504652482,DNxn124,steering_control,720575941569707422,4,720575941580669817,hg1,steering,haltere,12,11,132,3
1471,720575941504652482,DNxn124,steering_control,720575941571516936,5,720575941475745898,i2,steering,axillary_i,11,22,242,3
1472,720575941504652482,DNxn124,steering_control,720575941571516936,5,720575941547394081,i2,steering,axillary_i,11,25,275,3
1473,720575941504652482,DNxn124,steering_control,720575941571516936,5,720575941547394081,i2,steering,axillary_i,11,10,110,3
1474,720575941504652482,DNxn124,steering_control,720575941575397263,3,720575941645041313,ps1,steering,pleurosternal,15,25,375,3
1475,720575941504652482,DNxn124,steering_control,720575941575397263,3,720575941645041313,ps1,steering,pleurosternal,19,25,475,3
1476,720575941504652482,DNxn124,steering_control,720575941588652940,5,720575941474574132,b3,steering,basalar,11,11,121,3
1477,720575941504652482,DNxn124,steering_control,720575941588652940,5,720575941475745898,i2,steering,axillary_i,11,11,121,3
1478,720575941504652482,DNxn124,steering_control,720575941623108298,3,720575941463144336,DLM1,power,DLM,30,10,300,3
1479,720575941504652482,DNxn124,steering_control,720575941623108298,3,720575941472734048,DVM1A,power,DVM,30,13,390,3
1480,720575941504652482,DNxn124,steering_control,720575941623108298,3,720575941472734048,DVM1A,power,DVM,30,39,1170,3
1481,720575941504652482,DNxn124,steering_control,720575941623108298,3,720575941479034563,DLM1,power,DLM,30,15,450,3
1482,720575941504652482,DNxn124,steering_control,720575941623108298,3,720575941487139138,DVM3A,power,DVM,30,14,420,3
1483,720575941504652482,DNxn124,steering_control,720575941623108298,3,720575941530190027,DVM2A,power,DVM,30,11,330,3
1484,720575941504652482,DNxn124,steering_control,720575941623108298,3,720575941597489344,DVM1A,power,DVM,30,20,600,3
1485,720575941504652482,DNxn124,steering_control,720575941623108298,3,720575941603635190,DVM1A,power,DVM,30,32,960,3
1486,720575941504652482,DNxn124,steering_control,720575941623108298,3,720575941624985226,DVM2A,power,DVM,30,11,330,3
1487,720575941504652482,DNxn124,steering_control,720575941623108298,3,720575941643100754,ps1,steering,pleurosternal,30,20,600,3
1488,720575941504652482,DNxn124,steering_control,720575941623108298,3,720575941643100754,ps1,steering,pleurosternal,30,96,2880,3
1489,720575941504652482,DNxn124,steering_control,720575941623108298,3,720575941643100754,ps1,steering,pleurosternal,30,11,330,3
1490,720575941504652482,DNxn124,steering_control,720575941623108298,3,720575941643100754,ps1,steering,pleurosternal,30,182,5460,3
1491,720575941504652482,DNxn124,steering_control,720575941623108298,3,720575941643100754,ps1,steering,pleurosternal,30,20,600,3
1492,720575941504652482,DNxn124,steering_control,720575941623108298,3,720575941645041313,ps1,steering,pleurosternal,30,26,780,3
1493,720575941504652482,DNxn124,steering_control,720575941623108298,3,720575941645041313,ps1,steering,pleurosternal,30,52,1560,3
1494,720575941504652482,DNxn124,steering_control,720575941623108298,3,720575941645041313,ps1,steering,pleurosternal,30,21,630,3
1495,720575941504652482,DNxn124,steering_control,720575941623108298,3,720575941645041313,ps1,steering,pleurosternal,30,16,480,3
1496,720575941504652482,DNxn124,steering_control,720575941623108298,3,720575941645041313,ps1,steering,pleurosternal,30,47,1410,3
1497,720575941504652482,DNxn124,steering_control,720575941623108298,3,720575941645403000,DLM1,power,DLM,30,11,330,3
1498,720575941504652482,DNxn124,steering_control,720575941623108298,3,720575941463144336,DLM1,power,DLM,15,10,150,3
1499,720575941504652482,DNxn124,steering_control,720575941623108298,3,720575941472734048,DVM1A,power,DVM,15,13,195,3
1500,720575941504652482,DNxn124,steering_control,720575941623108298,3,720575941472734048,DVM1A,power,DVM,15,39,585,3
1501,720575941504652482,DNxn124,steering_control,720575941623108298,3,720575941479034563,DLM1,power,DLM,15,15,225,3
1502,720575941504652482,DNxn124,steering_control,720575941623108298,3,720575941487139138,DVM3A,power,DVM,15,14,210,3
1503,720575941504652482,DNxn124,steering_control,720575941623108298,3,720575941530190027,DVM2A,power,DVM,15,11,165,3
1504,720575941504652482,DNxn124,steering_control,720575941623108298,3,720575941597489344,DVM1A,power,DVM,15,20,300,3
1505,720575941504652482,DNxn124,steering_control,720575941623108298,3,720575941603635190,DVM1A,power,DVM,15,32,480,3
1506,720575941504652482,DNxn124,steering_control,720575941623108298,3,720575941624985226,DVM2A,power,DVM,15,11,165,3
1507,720575941504652482,DNxn124,steering_control,720575941623108298,3,720575941643100754,ps1,steering,pleurosternal,15,20,300,3
1508,720575941504652482,DNxn124,steering_control,720575941623108298,3,720575941643100754,ps1,steering,pleurosternal,15,96,1440,3
1509,720575941504652482,DNxn124,steering_control,720575941623108298,3,720575941643100754,ps1,steering,pleurosternal,15,11,165,3
1510,720575941504652482,DNxn124,steering_control,720575941623108298,3,720575941643100754,ps1,steering,pleurosternal,15,182,2730,3
1511,720575941504652482,DNxn124,steering_control,720575941623108298,3,720575941643100754,ps1,steering,pleurosternal,15,20,300,3
1512,720575941504652482,DNxn124,steering_control,720575941623108298,3,720575941645041313,ps1,steering,pleurosternal,15,26,390,3
1513,720575941504652482,DNxn124,steering_control,720575941623108298,3,720575941645041313,ps1,steering,pleurosternal,15,52,780,3
1514,720575941504652482,DNxn124,steering_control,720575941623108298,3,720575941645041313,ps1,steering,pleurosternal,15,21,315,3
1515,720575941504652482,DNxn124,steering_control,720575941623108298,3,720575941645041313,ps1,steering,pleurosternal,15,16,240,3
1516,720575941504652482,DNxn124,steering_control,720575941623108298,3,720575941645041313,ps1,steering,pleurosternal,15,47,705,3
1517,720575941504652482,DNxn124,steering_control,720575941623108298,3,720575941645403000,DLM1,power,DLM,15,11,165,3
1518,720575941504652482,DNxn124,steering_control,720575941623108298,3,720575941463144336,DLM1,power,DLM,10,10,100,3
1519,720575941504652482,DNxn124,steering_control,720575941623108298,3,720575941472734048,DVM1A,power,DVM,10,13,130,3
1520,720575941504652482,DNxn124,steering_control,720575941623108298,3,720575941472734048,DVM1A,power,DVM,10,39,390,3
1521,720575941504652482,DNxn124,steering_control,720575941623108298,3,720575941479034563,DLM1,power,DLM,10,15,150,3
1522,720575941504652482,DNxn124,steering_control,720575941623108298,3,720575941487139138,DVM3A,power,DVM,10,14,140,3
1523,720575941504652482,DNxn124,steering_control,720575941623108298,3,720575941530190027,DVM2A,power,DVM,10,11,110,3
1524,720575941504652482,DNxn124,steering_control,720575941623108298,3,720575941597489344,DVM1A,power,DVM,10,20,200,3
1525,720575941504652482,DNxn124,steering_control,720575941623108298,3,720575941603635190,DVM1A,power,DVM,10,32,320,3
1526,720575941504652482,DNxn124,steering_control,720575941623108298,3,720575941624985226,DVM2A,power,DVM,10,11,110,3
1527,720575941504652482,DNxn124,steering_control,720575941623108298,3,720575941643100754,ps1,steering,pleurosternal,10,20,200,3
1528,720575941504652482,DNxn124,steering_control,720575941623108298,3,720575941643100754,ps1,steering,pleurosternal,10,96,960,3
1529,720575941504652482,DNxn124,steering_control,720575941623108298,3,720575941643100754,ps1,steering,pleurosternal,10,11,110,3
1530,720575941504652482,DNxn124,steering_control,720575941623108298,3,720575941643100754,ps1,steering,pleurosternal,10,182,1820,3
1531,720575941504652482,DNxn124,steering_control,720575941623108298,3,720575941643100754,ps1,steering,pleurosternal,10,20,200,3
1532,720575941504652482,DNxn124,steering_control,720575941623108298,3,720575941645041313,ps1,steering,pleurosternal,10,26,260,3
1533,720575941504652482,DNxn124,steering_control,720575941623108298,3,720575941645041313,ps1,steering,pleurosternal,10,52,520,3
1534,720575941504652482,DNxn124,steering_control,720575941623108298,3,720575941645041313,ps1,steering,pleurosternal,10,21,210,3
1535,720575941504652482,DNxn124,steering_control,720575941623108298,3,720575941645041313,ps1,steering,pleurosternal,10,16,160,3
1536,720575941504652482,DNxn124,steering_control,720575941623108298,3,720575941645041313,ps1,steering,pleurosternal,10,47,470,3
1537,720575941504652482,DNxn124,steering_control,720575941623108298,3,720575941645403000,DLM1,power,DLM,10,11,110,3
1538,720575941504652482,DNxn124,steering_control,720575941623108298,3,720575941463144336,DLM1,power,DLM,32,10,320,3
1539,720575941504652482,DNxn124,steering_control,720575941623108298,3,720575941472734048,DVM1A,power,DVM,32,13,416,3
1540,720575941504652482,DNxn124,steering_control,720575941623108298,3,720575941472734048,DVM1A,power,DVM,32,39,1248,3
1541,720575941504652482,DNxn124,steering_control,720575941623108298,3,720575941479034563,DLM1,power,DLM,32,15,480,3
1542,720575941504652482,DNxn124,steering_control,720575941623108298,3,720575941487139138,DVM3A,power,DVM,32,14,448,3
1543,720575941504652482,DNxn124,steering_control,720575941623108298,3,720575941530190027,DVM2A,power,DVM,32,11,352,3
1544,720575941504652482,DNxn124,steering_control,720575941623108298,3,720575941597489344,DVM1A,power,DVM,32,20,640,3
1545,720575941504652482,DNxn124,steering_control,720575941623108298,3,720575941603635190,DVM1A,power,DVM,32,32,1024,3
1546,720575941504652482,DNxn124,steering_control,720575941623108298,3,720575941624985226,DVM2A,power,DVM,32,11,352,3
1547,720575941504652482,DNxn124,steering_control,720575941623108298,3,720575941643100754,ps1,steering,pleurosternal,32,20,640,3
1548,720575941504652482,DNxn124,steering_control,720575941623108298,3,720575941643100754,ps1,steering,pleurosternal,32,96,3072,3
1549,720575941504652482,DNxn124,steering_control,720575941623108298,3,720575941643100754,ps1,steering,pleurosternal,32,11,352,3
1550,720575941504652482,DNxn124,steering_control,720575941623108298,3,720575941643100754,ps1,steering,pleurosternal,32,182,5824,3
1551,720575941504652482,DNxn124,steering_control,720575941623108298,3,720575941643100754,ps1,steering,pleurosternal,32,20,640,3
1552,720575941504652482,DNxn124,steering_control,720575941623108298,3,720575941645041313,ps1,steering,pleurosternal,32,26,832,3
1553,720575941504652482,DNxn124,steering_control,720575941623108298,3,720575941645041313,ps1,steering,pleurosternal,32,52,1664,3
1554,720575941504652482,DNxn124,steering_control,720575941623108298,3,720575941645041313,ps1,steering,pleurosternal,32,21,672,3
1555,720575941504652482,DNxn124,steering_control,720575941623108298,3,720575941645041313,ps1,steering,pleurosternal,32,16,512,3
1556,720575941504652482,DNxn124,steering_control,720575941623108298,3,720575941645041313,ps1,steering,pleurosternal,32,47,1504,3
1557,720575941504652482,DNxn124,steering_control,720575941623108298,3,720575941645403000,DLM1,power,DLM,32,11,352,3
1558,720575941504652482,DNxn124,steering_control,720575941671138727,3,720575941479034563,DLM1,power,DLM,25,10,250,3
1559,720575941504652482,DNxn124,steering_control,720575941671138727,3,720575941565105206,DVM1A,power,DVM,25,46,1150,3
1560,720575941504652482,DNxn124,steering_control,720575941671138727,3,720575941566847847,DVM1A,power,DVM,25,25,625,3
1561,720575941504652482,DNxn124,steering_control,720575941671138727,3,720575941643100754,ps1,steering,pleurosternal,25,41,1025,3
1562,720575941504652482,DNxn124,steering_control,720575941671138727,3,720575941643100754,ps1,steering,pleurosternal,25,11,275,3
1563,720575941504652482,DNxn124,steering_control,720575941671138727,3,720575941643100754,ps1,steering,pleurosternal,25,36,900,3
1564,720575941504652482,DNxn124,steering_control,720575941671138727,3,720575941643100754,ps1,steering,pleurosternal,25,34,850,3
1565,720575941504652482,DNxn124,steering_control,720575941671138727,3,720575941645041313,ps1,steering,pleurosternal,25,64,1600,3
1566,720575941504652482,DNxn124,steering_control,720575941671138727,3,720575941645041313,ps1,steering,pleurosternal,25,24,600,3
1567,720575941504652482,DNxn124,steering_control,720575941671138727,3,720575941645041313,ps1,steering,pleurosternal,25,157,3925,3
1568,720575941504652482,DNxn124,steering_control,720575941671138727,3,720575941645403000,DLM1,power,DLM,25,23,575,3
1569,720575941504652482,DNxn124,steering_control,720575941671138727,3,720575941479034563,DLM1,power,DLM,35,10,350,3
1570,720575941504652482,DNxn124,steering_control,720575941671138727,3,720575941565105206,DVM1A,power,DVM,35,46,1610,3
1571,720575941504652482,DNxn124,steering_control,720575941671138727,3,720575941566847847,DVM1A,power,DVM,35,25,875,3
1572,720575941504652482,DNxn124,steering_control,720575941671138727,3,720575941643100754,ps1,steering,pleurosternal,35,41,1435,3
1573,720575941504652482,DNxn124,steering_control,720575941671138727,3,720575941643100754,ps1,steering,pleurosternal,35,11,385,3
1574,720575941504652482,DNxn124,steering_control,720575941671138727,3,720575941643100754,ps1,steering,pleurosternal,35,36,1260,3
1575,720575941504652482,DNxn124,steering_control,720575941671138727,3,720575941643100754,ps1,steering,pleurosternal,35,34,1190,3
1576,720575941504652482,DNxn124,steering_control,720575941671138727,3,720575941645041313,ps1,steering,pleurosternal,35,64,2240,3
1577,720575941504652482,DNxn124,steering_control,720575941671138727,3,720575941645041313,ps1,steering,pleurosternal,35,24,840,3
1578,720575941504652482,DNxn124,steering_control,720575941671138727,3,720575941645041313,ps1,steering,pleurosternal,35,157,5495,3
1579,720575941504652482,DNxn124,steering_control,720575941671138727,3,720575941645403000,DLM1,power,DLM,35,23,805,3
1580,720575941504652482,DNxn124,steering_control,720575941671138727,3,720575941479034563,DLM1,power,DLM,23,10,230,3
1581,720575941504652482,DNxn124,steering_control,720575941671138727,3,720575941565105206,DVM1A,power,DVM,23,46,1058,3
1582,720575941504652482,DNxn124,steering_control,720575941671138727,3,720575941566847847,DVM1A,power,DVM,23,25,575,3
1583,720575941504652482,DNxn124,steering_control,720575941671138727,3,720575941643100754,ps1,steering,pleurosternal,23,41,943,3
1584,720575941504652482,DNxn124,steering_control,720575941671138727,3,720575941643100754,ps1,steering,pleurosternal,23,11,253,3
1585,720575941504652482,DNxn124,steering_control,720575941671138727,3,720575941643100754,ps1,steering,pleurosternal,23,36,828,3
1586,720575941504652482,DNxn124,steering_control,720575941671138727,3,720575941643100754,ps1,steering,pleurosternal,23,34,782,3
1587,720575941504652482,DNxn124,steering_control,720575941671138727,3,720575941645041313,ps1,steering,pleurosternal,23,64,1472,3
1588,720575941504652482,DNxn124,steering_control,720575941671138727,3,720575941645041313,ps1,steering,pleurosternal,23,24,552,3
1589,720575941504652482,DNxn124,steering_control,720575941671138727,3,720575941645041313,ps1,steering,pleurosternal,23,157,3611,3
1590,720575941504652482,DNxn124,steering_control,720575941671138727,3,720575941645403000,DLM1,power,DLM,23,23,529,3
1591,720575941733034283,DNp19,steering_control,720575941394069654,4,720575941456201887,hg1,steering,haltere,11,17,187,3
1592,720575941733034283,DNp19,steering_control,720575941394069654,4,720575941547315060,i1,steering,axillary_i,11,12,132,3
1593,720575941733034283,DNp19,steering_control,720575941399253283,1,720575941549822781,b1,steering,basalar,12,17,204,3
1594,720575941733034283,DNp19,steering_control,720575941399253283,1,720575941549822781,b1,steering,basalar,12,26,312,3
1595,720575941733034283,DNp19,steering_control,720575941399253283,1,720575941655597785,b2,steering,basalar,12,13,156,3
1596,720575941733034283,DNp19,steering_control,720575941412323473,1,720575941521196211,b1,steering,basalar,17,16,272,3
1597,720575941733034283,DNp19,steering_control,720575941412323473,1,720575941624155644,b2,steering,basalar,17,12,204,3
1598,720575941733034283,DNp19,steering_control,720575941414326161,5,720575941547315060,i1,steering,axillary_i,17,16,272,3
1599,720575941733034283,DNp19,steering_control,720575941414326161,5,720575941547315060,i1,steering,axillary_i,17,23,391,3
1600,720575941733034283,DNp19,steering_control,720575941456348575,4,720575941456201887,hg1,steering,haltere,14,39,546,3
1601,720575941733034283,DNp19,steering_control,720575941456348575,4,720575941458961604,iii3,steering,axillary_III,14,20,280,3
1602,720575941733034283,DNp19,steering_control,720575941456348575,4,720575941459347411,iii4,steering,axillary_III,14,48,672,3
1603,720575941733034283,DNp19,steering_control,720575941456348575,4,720575941459347411,iii4,steering,axillary_III,14,13,182,3
1604,720575941733034283,DNp19,steering_control,720575941456348575,4,720575941483845954,hg3,steering,haltere,14,19,266,3
1605,720575941733034283,DNp19,steering_control,720575941456348575,4,720575941630940642,hg4,steering,haltere,14,61,854,3
1606,720575941733034283,DNp19,steering_control,720575941456348575,4,720575941630940642,hg4,steering,haltere,14,13,182,3
1607,720575941733034283,DNp19,steering_control,720575941457147206,4,720575941513173763,hg4,steering,haltere,19,66,1254,3
1608,720575941733034283,DNp19,steering_control,720575941457147206,4,720575941513173763,hg4,steering,haltere,19,19,361,3
1609,720575941733034283,DNp19,steering_control,720575941457147206,4,720575941516770670,iii4,steering,axillary_III,19,32,608,3
1610,720575941733034283,DNp19,steering_control,720575941457147206,4,720575941549822781,b1,steering,basalar,19,25,475,3
1611,720575941733034283,DNp19,steering_control,720575941457147206,4,720575941565378919,iii3,steering,axillary_III,19,18,342,3
1612,720575941733034283,DNp19,steering_control,720575941457147206,4,720575941580669817,hg1,steering,haltere,19,40,760,3
1613,720575941733034283,DNp19,steering_control,720575941457147206,4,720575941643100754,ps1,steering,pleurosternal,19,15,285,3
1614,720575941733034283,DNp19,steering_control,720575941471203447,1,720575941521196211,b1,steering,basalar,14,13,182,3
1615,720575941733034283,DNp19,steering_control,720575941471203447,1,720575941521196211,b1,steering,basalar,14,10,140,3
1616,720575941733034283,DNp19,steering_control,720575941471203447,1,720575941624155644,b2,steering,basalar,14,12,168,3
1617,720575941733034283,DNp19,steering_control,720575941505478690,5,720575941456201887,hg1,steering,haltere,17,17,289,3
1618,720575941733034283,DNp19,steering_control,720575941505478690,5,720575941547315060,i1,steering,axillary_i,17,11,187,3
1619,720575941733034283,DNp19,steering_control,720575941505478690,5,720575941547315060,i1,steering,axillary_i,17,10,170,3
1620,720575941733034283,DNp19,steering_control,720575941505478690,5,720575941547315060,i1,steering,axillary_i,17,12,204,3
1621,720575941733034283,DNp19,steering_control,720575941505478690,5,720575941630940642,hg4,steering,haltere,17,11,187,3
1622,720575941733034283,DNp19,steering_control,720575941508542674,1,720575941521196211,b1,steering,basalar,10,12,120,3
1623,720575941733034283,DNp19,steering_control,720575941508542674,1,720575941624155644,b2,steering,basalar,10,14,140,3
1624,720575941733034283,DNp19,steering_control,720575941508542674,1,720575941624155644,b2,steering,basalar,10,12,120,3
1625,720575941733034283,DNp19,steering_control,720575941532385624,1,720575941549822781,b1,steering,basalar,13,27,351,3
1626,720575941733034283,DNp19,steering_control,720575941532385624,1,720575941549822781,b1,steering,basalar,13,14,182,3
1627,720575941733034283,DNp19,steering_control,720575941532385624,1,720575941655597785,b2,steering,basalar,13,11,143,3
1628,720575941733034283,DNp19,steering_control,720575941557612915,1,720575941521196211,b1,steering,basalar,15,10,150,3
1629,720575941733034283,DNp19,steering_control,720575941557612915,1,720575941624155644,b2,steering,basalar,15,10,150,3
1630,720575941733034283,DNp19,steering_control,720575941558661165,5,720575941468897856,i1,steering,axillary_i,20,17,340,3
1631,720575941733034283,DNp19,steering_control,720575941558661165,5,720575941468897856,i1,steering,axillary_i,20,15,300,3
1632,720575941733034283,DNp19,steering_control,720575941558661165,5,720575941513173763,hg4,steering,haltere,20,11,220,3
1633,720575941733034283,DNp19,steering_control,720575941558661165,5,720575941580669817,hg1,steering,haltere,20,14,280,3
1634,720575941733034283,DNp19,steering_control,720575941566956532,1,720575941549822781,b1,steering,basalar,10,16,160,3
1635,720575941733034283,DNp19,steering_control,720575941566956532,1,720575941549822781,b1,steering,basalar,10,21,210,3
1636,720575941733034283,DNp19,steering_control,720575941566956532,1,720575941655597785,b2,steering,basalar,10,10,100,3
1637,720575941733034283,DNp19,steering_control,720575941566956532,1,720575941655597785,b2,steering,basalar,10,13,130,3
1638,720575941733034283,DNp19,steering_control,720575941572251144,1,720575941549822781,b1,steering,basalar,13,25,325,3
1639,720575941733034283,DNp19,steering_control,720575941572251144,1,720575941655597785,b2,steering,basalar,13,16,208,3
1640,720575941733034283,DNp19,steering_control,720575941572251144,1,720575941549822781,b1,steering,basalar,13,25,325,3
1641,720575941733034283,DNp19,steering_control,720575941572251144,1,720575941655597785,b2,steering,basalar,13,16,208,3
1642,720575941733034283,DNp19,steering_control,720575941593615211,4,720575941468288375,hg3,steering,haltere,21,11,231,3
1643,720575941733034283,DNp19,steering_control,720575941593615211,4,720575941513173763,hg4,steering,haltere,21,16,336,3
1644,720575941733034283,DNp19,steering_control,720575941593615211,4,720575941513173763,hg4,steering,haltere,21,15,315,3
1645,720575941733034283,DNp19,steering_control,720575941593615211,4,720575941516770670,iii4,steering,axillary_III,21,25,525,3
1646,720575941733034283,DNp19,steering_control,720575941593615211,4,720575941516770670,iii4,steering,axillary_III,21,13,273,3
1647,720575941733034283,DNp19,steering_control,720575941593615211,4,720575941516770670,iii4,steering,axillary_III,21,47,987,3
1648,720575941733034283,DNp19,steering_control,720575941593615211,4,720575941580669817,hg1,steering,haltere,21,40,840,3
1649,720575941733034283,DNp19,steering_control,720575941593615211,4,720575941580669817,hg1,steering,haltere,21,17,357,3
1650,720575941733034283,DNp19,steering_control,720575941593615211,4,720575941580669817,hg1,steering,haltere,21,54,1134,3
1651,720575941733034283,DNp19,steering_control,720575941593615211,4,720575941732789547,hg2,steering,haltere,21,11,231,3
1652,720575941733034283,DNp19,steering_control,720575941608861929,1,720575941521196211,b1,steering,basalar,19,12,228,3
1653,720575941733034283,DNp19,steering_control,720575941630959035,5,720575941468897856,i1,steering,axillary_i,11,16,176,3
1654,720575941733034283,DNp19,steering_control,720575941630959035,5,720575941468897856,i1,steering,axillary_i,11,26,286,3
1655,720575941733034283,DNp19,steering_control,720575941630959035,5,720575941468897856,i1,steering,axillary_i,16,16,256,3
1656,720575941733034283,DNp19,steering_control,720575941630959035,5,720575941468897856,i1,steering,axillary_i,16,26,416,3
1657,720575941733034283,DNp19,steering_control,720575941723242042,4,720575941456201887,hg1,steering,haltere,14,21,294,3
1658,720575941733034283,DNp19,steering_control,720575941723242042,4,720575941456201887,hg1,steering,haltere,14,24,336,3
1659,720575941733034283,DNp19,steering_control,720575941723242042,4,720575941459347411,iii4,steering,axillary_III,14,21,294,3
1660,720575941733034283,DNp19,steering_control,720575941723242042,4,720575941459347411,iii4,steering,axillary_III,14,11,154,3
1661,720575941733034283,DNp19,steering_control,720575941723242042,4,720575941459347411,iii4,steering,axillary_III,14,42,588,3
1662,720575941733034283,DNp19,steering_control,720575941723242042,4,720575941483845954,hg3,steering,haltere,14,11,154,3
1663,720575941474063968,DNxn163,power_control,720575941457802480,2,720575941463144336,DLM1,power,DLM,11,11,121,3
1664,720575941474063968,DNxn163,power_control,720575941457802480,2,720575941516770670,iii4,steering,axillary_III,11,26,286,3
1665,720575941474063968,DNxn163,power_control,720575941457802480,2,720575941519783640,DLM1,power,DLM,11,11,121,3
1666,720575941474063968,DNxn163,power_control,720575941457802480,2,720575941640465439,DLM1,power,DLM,11,17,187,3
1667,720575941474063968,DNxn163,power_control,720575941457802480,2,720575941645403000,DLM1,power,DLM,11,13,143,3
1668,720575941474063968,DNxn163,power_control,720575941457802480,2,720575941655597785,b2,steering,basalar,11,13,143,3
1669,720575941474063968,DNxn163,power_control,720575941457802480,2,720575941655597785,b2,steering,basalar,11,10,110,3
1670,720575941474063968,DNxn163,power_control,720575941457802480,2,720575941463144336,DLM1,power,DLM,62,11,682,3
1671,720575941474063968,DNxn163,power_control,720575941457802480,2,720575941516770670,iii4,steering,axillary_III,62,26,1612,3
1672,720575941474063968,DNxn163,power_control,720575941457802480,2,720575941519783640,DLM1,power,DLM,62,11,682,3
1673,720575941474063968,DNxn163,power_control,720575941457802480,2,720575941640465439,DLM1,power,DLM,62,17,1054,3
1674,720575941474063968,DNxn163,power_control,720575941457802480,2,720575941645403000,DLM1,power,DLM,62,13,806,3
1675,720575941474063968,DNxn163,power_control,720575941457802480,2,720575941655597785,b2,steering,basalar,62,13,806,3
1676,720575941474063968,DNxn163,power_control,720575941457802480,2,720575941655597785,b2,steering,basalar,62,10,620,3
1677,720575941474063968,DNxn163,power_control,720575941459559824,5,720575941547394081,i2,steering,axillary_i,10,12,120,3
1678,720575941474063968,DNxn163,power_control,720575941459559824,5,720575941547394081,i2,steering,axillary_i,23,12,276,3
1679,720575941474063968,DNxn163,power_control,720575941474741819,2,720575941463144336,DLM1,power,DLM,19,13,247,3
1680,720575941474063968,DNxn163,power_control,720575941474741819,2,720575941533190337,DLM1,power,DLM,19,18,342,3
1681,720575941474063968,DNxn163,power_control,720575941474741819,2,720575941624155644,b2,steering,basalar,19,11,209,3
1682,720575941474063968,DNxn163,power_control,720575941474741819,2,720575941655597785,b2,steering,basalar,19,22,418,3
1683,720575941474063968,DNxn163,power_control,720575941474741819,2,720575941463144336,DLM1,power,DLM,81,13,1053,3
1684,720575941474063968,DNxn163,power_control,720575941474741819,2,720575941533190337,DLM1,power,DLM,81,18,1458,3
1685,720575941474063968,DNxn163,power_control,720575941474741819,2,720575941624155644,b2,steering,basalar,81,11,891,3
1686,720575941474063968,DNxn163,power_control,720575941474741819,2,720575941655597785,b2,steering,basalar,81,22,1782,3
1687,720575941474063968,DNxn163,power_control,720575941507793680,5,720575941489673420,iii1,steering,axillary_III,11,10,110,3
1688,720575941474063968,DNxn163,power_control,720575941521031927,5,720575941474574132,b3,steering,basalar,14,23,322,3
1689,720575941474063968,DNxn163,power_control,720575941528086660,4,720575941459347411,iii4,steering,axillary_III,18,11,198,3
1690,720575941474063968,DNxn163,power_control,720575941528086660,4,720575941459347411,iii4,steering,axillary_III,18,19,342,3
1691,720575941474063968,DNxn163,power_control,720575941545471593,5,720575941542412805,b3,steering,basalar,14,13,182,3
1692,720575941474063968,DNxn163,power_control,720575941586381534,4,720575941459347411,iii4,steering,axillary_III,17,13,221,3
1693,720575941474063968,DNxn163,power_control,720575941636281205,5,720575941468897856,i1,steering,axillary_i,15,18,270,3
1694,720575941474063968,DNxn163,power_control,720575941636281205,5,720575941475745898,i2,steering,axillary_i,15,12,180,3
1695,720575941474063968,DNxn163,power_control,720575941636281205,5,720575941542412805,b3,steering,basalar,15,19,285,3
1696,720575941474063968,DNxn163,power_control,720575941636281205,5,720575941547315060,i1,steering,axillary_i,15,10,150,3
1697,720575941474063968,DNxn163,power_control,720575941636281205,5,720575941547315060,i1,steering,axillary_i,15,23,345,3
1698,720575941474063968,DNxn163,power_control,720575941636281205,5,720575941547315060,i1,steering,axillary_i,15,13,195,3
1699,720575941474063968,DNxn163,power_control,720575941636281205,5,720575941547394081,i2,steering,axillary_i,15,12,180,3
1700,720575941474063968,DNxn163,power_control,720575941636281205,5,720575941547394081,i2,steering,axillary_i,15,24,360,3
1701,720575941652633585,DNae002,steering_control,720575941460885005,4,720575941456201887,hg1,steering,haltere,15,11,165,3
1702,720575941652633585,DNae002,steering_control,720575941460885005,4,720575941456201887,hg1,steering,haltere,15,12,180,3
1703,720575941652633585,DNae002,steering_control,720575941460885005,4,720575941456201887,hg1,steering,haltere,15,13,195,3
1704,720575941652633585,DNae002,steering_control,720575941460885005,4,720575941542412805,b3,steering,basalar,15,14,210,3
1705,720575941652633585,DNae002,steering_control,720575941460885005,4,720575941547315060,i1,steering,axillary_i,15,14,210,3
1706,720575941652633585,DNae002,steering_control,720575941460885005,4,720575941547315060,i1,steering,axillary_i,15,15,225,3
1707,720575941652633585,DNae002,steering_control,720575941460885005,4,720575941547315060,i1,steering,axillary_i,15,22,330,3
1708,720575941652633585,DNae002,steering_control,720575941495591291,5,720575941542412805,b3,steering,basalar,18,19,342,3
1709,720575941652633585,DNae002,steering_control,720575941495591291,5,720575941542412805,b3,steering,basalar,18,22,396,3
1710,720575941652633585,DNae002,steering_control,720575941495591291,5,720575941542412805,b3,steering,basalar,18,25,450,3
1711,720575941652633585,DNae002,steering_control,720575941495591291,5,720575941547315060,i1,steering,axillary_i,18,14,252,3
1712,720575941652633585,DNae002,steering_control,720575941495591291,5,720575941547315060,i1,steering,axillary_i,18,12,216,3
1713,720575941652633585,DNae002,steering_control,720575941496318793,3,720575941645041313,ps1,steering,pleurosternal,10,11,110,3
1714,720575941652633585,DNae002,steering_control,720575941496830370,5,720575941565378919,iii3,steering,axillary_III,13,58,754,3
1715,720575941652633585,DNae002,steering_control,720575941496830370,5,720575941565378919,iii3,steering,axillary_III,13,15,195,3
1716,720575941652633585,DNae002,steering_control,720575941501721138,5,720575941565378919,iii3,steering,axillary_III,21,51,1071,3
1717,720575941652633585,DNae002,steering_control,720575941501721138,5,720575941565378919,iii3,steering,axillary_III,21,20,420,3
1718,720575941652633585,DNae002,steering_control,720575941528944568,5,720575941458961604,iii3,steering,axillary_III,49,154,7546,3
1719,720575941652633585,DNae002,steering_control,720575941528944568,5,720575941458961604,iii3,steering,axillary_III,49,53,2597,3
1720,720575941652633585,DNae002,steering_control,720575941528944568,5,720575941458961604,iii3,steering,axillary_III,49,11,539,3
1721,720575941652633585,DNae002,steering_control,720575941528944568,5,720575941565378919,iii3,steering,axillary_III,49,23,1127,3
1722,720575941652633585,DNae002,steering_control,720575941528944568,5,720575941565378919,iii3,steering,axillary_III,49,41,2009,3
1723,720575941652633585,DNae002,steering_control,720575941557612915,1,720575941521196211,b1,steering,basalar,47,10,470,3
1724,720575941652633585,DNae002,steering_control,720575941557612915,1,720575941624155644,b2,steering,basalar,47,10,470,3
1725,720575941652633585,DNae002,steering_control,720575941557612915,1,720575941521196211,b1,steering,basalar,13,10,130,3
1726,720575941652633585,DNae002,steering_control,720575941557612915,1,720575941624155644,b2,steering,basalar,13,10,130,3
1727,720575941652633585,DNae002,steering_control,720575941576941045,5,720575941565378919,iii3,steering,axillary_III,11,17,187,3
1728,720575941652633585,DNae002,steering_control,720575941576941045,5,720575941655597785,b2,steering,basalar,11,12,132,3
1729,720575941652633585,DNae002,steering_control,720575941608310346,5,720575941474574132,b3,steering,basalar,27,14,378,3
1730,720575941652633585,DNae002,steering_control,720575941608310346,5,720575941474574132,b3,steering,basalar,27,10,270,3
1731,720575941652633585,DNae002,steering_control,720575941608310346,5,720575941580669817,hg1,steering,haltere,27,12,324,3
1732,720575941652633585,DNae002,steering_control,720575941608991050,1,720575941521196211,b1,steering,basalar,29,31,899,3
1733,720575941652633585,DNae002,steering_control,720575941608991050,1,720575941624155644,b2,steering,basalar,29,29,841,3
1734,720575941652633585,DNae002,steering_control,720575941608991050,1,720575941521196211,b1,steering,basalar,10,31,310,3
1735,720575941652633585,DNae002,steering_control,720575941608991050,1,720575941624155644,b2,steering,basalar,10,29,290,3
1736,720575941652633585,DNae002,steering_control,720575941652038421,5,720575941521196211,b1,steering,basalar,10,19,190,3
1737,720575941652633585,DNae002,steering_control,720575941652038421,5,720575941565378919,iii3,steering,axillary_III,10,26,260,3
1738,720575941652633585,DNae002,steering_control,720575941652038421,5,720575941624155644,b2,steering,basalar,10,17,170,3
1739,720575941652633585,DNae002,steering_control,720575941659696184,5,720575941542412805,b3,steering,basalar,14,23,322,3
1740,720575941652633585,DNae002,steering_control,720575941659696184,5,720575941542412805,b3,steering,basalar,14,33,462,3
1741,720575941652633585,DNae002,steering_control,720575941659696184,5,720575941547315060,i1,steering,axillary_i,14,12,168,3
1742,720575941652633585,DNae002,steering_control,720575941659696184,5,720575941547315060,i1,steering,axillary_i,14,23,322,3
1743,720575941560503155,DNp73,steering_control,720575941399309603,1,720575941521196211,b1,steering,basalar,21,27,567,3
1744,720575941560503155,DNp73,steering_control,720575941399309603,1,720575941624155644,b2,steering,basalar,21,11,231,3
1745,720575941560503155,DNp73,steering_control,720575941412323473,1,720575941521196211,b1,steering,basalar,15,16,240,3
1746,720575941560503155,DNp73,steering_control,720575941412323473,1,720575941624155644,b2,steering,basalar,15,12,180,3
1747,720575941560503155,DNp73,steering_control,720575941439050703,5,720575941475745898,i2,steering,axillary_i,15,10,150,3
1748,720575941560503155,DNp73,steering_control,720575941457147206,4,720575941513173763,hg4,steering,haltere,27,66,1782,3
1749,720575941560503155,DNp73,steering_control,720575941457147206,4,720575941513173763,hg4,steering,haltere,27,19,513,3
1750,720575941560503155,DNp73,steering_control,720575941457147206,4,720575941516770670,iii4,steering,axillary_III,27,32,864,3
1751,720575941560503155,DNp73,steering_control,720575941457147206,4,720575941549822781,b1,steering,basalar,27,25,675,3
1752,720575941560503155,DNp73,steering_control,720575941457147206,4,720575941565378919,iii3,steering,axillary_III,27,18,486,3
1753,720575941560503155,DNp73,steering_control,720575941457147206,4,720575941580669817,hg1,steering,haltere,27,40,1080,3
1754,720575941560503155,DNp73,steering_control,720575941457147206,4,720575941643100754,ps1,steering,pleurosternal,27,15,405,3
1755,720575941560503155,DNp73,steering_control,720575941465484566,1,720575941655597785,b2,steering,basalar,11,37,407,3
1756,720575941560503155,DNp73,steering_control,720575941508542674,1,720575941521196211,b1,steering,basalar,17,12,204,3
1757,720575941560503155,DNp73,steering_control,720575941508542674,1,720575941624155644,b2,steering,basalar,17,14,238,3
1758,720575941560503155,DNp73,steering_control,720575941508542674,1,720575941624155644,b2,steering,basalar,17,12,204,3
1759,720575941560503155,DNp73,steering_control,720575941535331338,4,720575941516770670,iii4,steering,axillary_III,10,21,210,3
1760,720575941560503155,DNp73,steering_control,720575941535331338,4,720575941516770670,iii4,steering,axillary_III,10,20,200,3
1761,720575941560503155,DNp73,steering_control,720575941535331338,4,720575941580669817,hg1,steering,haltere,10,51,510,3
1762,720575941560503155,DNp73,steering_control,720575941535331338,4,720575941580669817,hg1,steering,haltere,10,36,360,3
1763,720575941560503155,DNp73,steering_control,720575941535331338,4,720575941655597785,b2,steering,basalar,10,15,150,3
1764,720575941560503155,DNp73,steering_control,720575941535331338,4,720575941655597785,b2,steering,basalar,10,18,180,3
1765,720575941560503155,DNp73,steering_control,720575941535331338,4,720575941516770670,iii4,steering,axillary_III,14,21,294,3
1766,720575941560503155,DNp73,steering_control,720575941535331338,4,720575941516770670,iii4,steering,axillary_III,14,20,280,3
1767,720575941560503155,DNp73,steering_control,720575941535331338,4,720575941580669817,hg1,steering,haltere,14,51,714,3
1768,720575941560503155,DNp73,steering_control,720575941535331338,4,720575941580669817,hg1,steering,haltere,14,36,504,3
1769,720575941560503155,DNp73,steering_control,720575941535331338,4,720575941655597785,b2,steering,basalar,14,15,210,3
1770,720575941560503155,DNp73,steering_control,720575941535331338,4,720575941655597785,b2,steering,basalar,14,18,252,3
1771,720575941560503155,DNp73,steering_control,720575941572251144,1,720575941549822781,b1,steering,basalar,22,25,550,3
1772,720575941560503155,DNp73,steering_control,720575941572251144,1,720575941655597785,b2,steering,basalar,22,16,352,3
1773,720575941560503155,DNp73,steering_control,720575941572251144,1,720575941549822781,b1,steering,basalar,26,25,650,3
1774,720575941560503155,DNp73,steering_control,720575941572251144,1,720575941655597785,b2,steering,basalar,26,16,416,3
1775,720575941560503155,DNp73,steering_control,720575941583511518,1,720575941521196211,b1,steering,basalar,16,10,160,3
1776,720575941560503155,DNp73,steering_control,720575941583511518,1,720575941624155644,b2,steering,basalar,16,10,160,3
1777,720575941560503155,DNp73,steering_control,720575941608861929,1,720575941521196211,b1,steering,basalar,13,12,156,3
1778,720575941560503155,DNp73,steering_control,720575941723242042,4,720575941456201887,hg1,steering,haltere,79,21,1659,3
1779,720575941560503155,DNp73,steering_control,720575941723242042,4,720575941456201887,hg1,steering,haltere,79,24,1896,3
1780,720575941560503155,DNp73,steering_control,720575941723242042,4,720575941459347411,iii4,steering,axillary_III,79,21,1659,3
1781,720575941560503155,DNp73,steering_control,720575941723242042,4,720575941459347411,iii4,steering,axillary_III,79,11,869,3
1782,720575941560503155,DNp73,steering_control,720575941723242042,4,720575941459347411,iii4,steering,axillary_III,79,42,3318,3
1783,720575941560503155,DNp73,steering_control,720575941723242042,4,720575941483845954,hg3,steering,haltere,79,11,869,3
1784,720575941442418639,DNxn142,steering_control,720575941414508948,5,720575941560383347,DVM1A,power,DVM,25,10,250,3
1785,720575941442418639,DNxn142,steering_control,720575941436996882,4,720575941456201887,hg1,steering,haltere,11,41,451,3
1786,720575941442418639,DNxn142,steering_control,720575941436996882,4,720575941456201887,hg1,steering,haltere,11,25,275,3
1787,720575941442418639,DNxn142,steering_control,720575941436996882,4,720575941459347411,iii4,steering,axillary_III,11,32,352,3
1788,720575941442418639,DNxn142,steering_control,720575941436996882,4,720575941459347411,iii4,steering,axillary_III,11,21,231,3
1789,720575941442418639,DNxn142,steering_control,720575941436996882,4,720575941624155644,b2,steering,basalar,11,12,132,3
1790,720575941442418639,DNxn142,steering_control,720575941458334163,1,720575941624155644,b2,steering,basalar,13,14,182,3
1791,720575941442418639,DNxn142,steering_control,720575941458334163,1,720575941624155644,b2,steering,basalar,13,50,650,3
1792,720575941442418639,DNxn142,steering_control,720575941459554960,1,720575941516770670,iii4,steering,axillary_III,13,12,156,3
1793,720575941442418639,DNxn142,steering_control,720575941459554960,1,720575941549822781,b1,steering,basalar,13,14,182,3
1794,720575941442418639,DNxn142,steering_control,720575941459554960,1,720575941549822781,b1,steering,basalar,13,20,260,3
1795,720575941442418639,DNxn142,steering_control,720575941459554960,1,720575941580669817,hg1,steering,haltere,13,16,208,3
1796,720575941442418639,DNxn142,steering_control,720575941459554960,1,720575941655597785,b2,steering,basalar,13,12,156,3
1797,720575941442418639,DNxn142,steering_control,720575941459554960,1,720575941655597785,b2,steering,basalar,13,14,182,3
1798,720575941442418639,DNxn142,steering_control,720575941503451301,1,720575941624155644,b2,steering,basalar,14,44,616,3
1799,720575941442418639,DNxn142,steering_control,720575941503451301,1,720575941624155644,b2,steering,basalar,30,44,1320,3
1800,720575941442418639,DNxn142,steering_control,720575941532246762,5,720575941468897856,i1,steering,axillary_i,25,18,450,3
1801,720575941442418639,DNxn142,steering_control,720575941532246762,5,720575941474574132,b3,steering,basalar,25,22,550,3
1802,720575941442418639,DNxn142,steering_control,720575941532246762,5,720575941474574132,b3,steering,basalar,25,11,275,3
1803,720575941442418639,DNxn142,steering_control,720575941532246762,5,720575941479658831,hg2,steering,haltere,25,10,250,3
1804,720575941442418639,DNxn142,steering_control,720575941557612915,1,720575941521196211,b1,steering,basalar,21,10,210,3
1805,720575941442418639,DNxn142,steering_control,720575941557612915,1,720575941624155644,b2,steering,basalar,21,10,210,3
1806,720575941442418639,DNxn142,steering_control,720575941557612915,1,720575941521196211,b1,steering,basalar,81,10,810,3
1807,720575941442418639,DNxn142,steering_control,720575941557612915,1,720575941624155644,b2,steering,basalar,81,10,810,3
1808,720575941442418639,DNxn142,steering_control,720575941608991050,1,720575941521196211,b1,steering,basalar,11,31,341,3
1809,720575941442418639,DNxn142,steering_control,720575941608991050,1,720575941624155644,b2,steering,basalar,11,29,319,3
1810,720575941442418639,DNxn142,steering_control,720575941608991050,1,720575941521196211,b1,steering,basalar,24,31,744,3
1811,720575941442418639,DNxn142,steering_control,720575941608991050,1,720575941624155644,b2,steering,basalar,24,29,696,3
1812,720575941442418639,DNxn142,steering_control,720575941623347099,1,720575941459347411,iii4,steering,axillary_III,12,15,180,3
1813,720575941442418639,DNxn142,steering_control,720575941623347099,1,720575941516770670,iii4,steering,axillary_III,12,18,216,3
1814,720575941442418639,DNxn142,steering_control,720575941623347099,1,720575941521196211,b1,steering,basalar,12,14,168,3
1815,720575941442418639,DNxn142,steering_control,720575941623347099,1,720575941549822781,b1,steering,basalar,12,10,120,3
1816,720575941442418639,DNxn142,steering_control,720575941623347099,1,720575941549822781,b1,steering,basalar,12,19,228,3
1817,720575941442418639,DNxn142,steering_control,720575941623347099,1,720575941624155644,b2,steering,basalar,12,19,228,3
1818,720575941442418639,DNxn142,steering_control,720575941623347099,1,720575941624155644,b2,steering,basalar,12,22,264,3
1819,720575941442418639,DNxn142,steering_control,720575941623347099,1,720575941655597785,b2,steering,basalar,12,17,204,3
1820,720575941442418639,DNxn142,steering_control,720575941623347099,1,720575941655597785,b2,steering,basalar,12,19,228,3
1821,720575941639588127,DNp33,steering_control,720575941457797360,1,720575941456201887,hg1,steering,haltere,18,10,180,3
1822,720575941639588127,DNp33,steering_control,720575941457797360,1,720575941624155644,b2,steering,basalar,18,13,234,3
1823,720575941639588127,DNp33,steering_control,720575941457797360,1,720575941624155644,b2,steering,basalar,18,10,180,3
1824,720575941639588127,DNp33,steering_control,720575941457797360,1,720575941630940642,hg4,steering,haltere,18,24,432,3
1825,720575941639588127,DNp33,steering_control,720575941457797360,1,720575941456201887,hg1,steering,haltere,12,10,120,3
1826,720575941639588127,DNp33,steering_control,720575941457797360,1,720575941624155644,b2,steering,basalar,12,13,156,3
1827,720575941639588127,DNp33,steering_control,720575941457797360,1,720575941624155644,b2,steering,basalar,12,10,120,3
1828,720575941639588127,DNp33,steering_control,720575941457797360,1,720575941630940642,hg4,steering,haltere,12,24,288,3
1829,720575941639588127,DNp33,steering_control,720575941498935777,4,720575941580669817,hg1,steering,haltere,10,21,210,3
1830,720575941639588127,DNp33,steering_control,720575941498935777,4,720575941732789547,hg2,steering,haltere,10,12,120,3
1831,720575941639588127,DNp33,steering_control,720575941501786930,4,720575941456201887,hg1,steering,haltere,11,26,286,3
1832,720575941639588127,DNp33,steering_control,720575941501786930,4,720575941456201887,hg1,steering,haltere,11,10,110,3
1833,720575941639588127,DNp33,steering_control,720575941501786930,4,720575941547315060,i1,steering,axillary_i,11,23,253,3
1834,720575941639588127,DNp33,steering_control,720575941503499755,4,720575941456201887,hg1,steering,haltere,28,14,392,3
1835,720575941639588127,DNp33,steering_control,720575941503499755,4,720575941630940642,hg4,steering,haltere,28,27,756,3
1836,720575941639588127,DNp33,steering_control,720575941512798796,5,720575941565378919,iii3,steering,axillary_III,11,41,451,3
1837,720575941639588127,DNp33,steering_control,720575941512798796,5,720575941565378919,iii3,steering,axillary_III,11,11,121,3
1838,720575941639588127,DNp33,steering_control,720575941512798796,5,720575941645041313,ps1,steering,pleurosternal,11,10,110,3
1839,720575941639588127,DNp33,steering_control,720575941512798796,5,720575941645041313,ps1,steering,pleurosternal,11,14,154,3
1840,720575941639588127,DNp33,steering_control,720575941549394687,3,720575941565378919,iii3,steering,axillary_III,15,12,180,3
1841,720575941639588127,DNp33,steering_control,720575941549394687,3,720575941645041313,ps1,steering,pleurosternal,15,17,255,3
1842,720575941639588127,DNp33,steering_control,720575941549394687,3,720575941645041313,ps1,steering,pleurosternal,15,14,210,3
1843,720575941639588127,DNp33,steering_control,720575941549394687,3,720575941565378919,iii3,steering,axillary_III,23,12,276,3
1844,720575941639588127,DNp33,steering_control,720575941549394687,3,720575941645041313,ps1,steering,pleurosternal,23,17,391,3
1845,720575941639588127,DNp33,steering_control,720575941549394687,3,720575941645041313,ps1,steering,pleurosternal,23,14,322,3
1846,720575941639588127,DNp33,steering_control,720575941563318070,4,720575941456201887,hg1,steering,haltere,15,29,435,3
1847,720575941639588127,DNp33,steering_control,720575941563318070,4,720575941630940642,hg4,steering,haltere,15,21,315,3
1848,720575941639588127,DNp33,steering_control,720575941563318070,4,720575941456201887,hg1,steering,haltere,12,29,348,3
1849,720575941639588127,DNp33,steering_control,720575941563318070,4,720575941630940642,hg4,steering,haltere,12,21,252,3
1850,720575941639588127,DNp33,steering_control,720575941563318070,4,720575941456201887,hg1,steering,haltere,12,29,348,3
1851,720575941639588127,DNp33,steering_control,720575941563318070,4,720575941630940642,hg4,steering,haltere,12,21,252,3
1852,720575941639588127,DNp33,steering_control,720575941575681718,4,720575941456201887,hg1,steering,haltere,32,79,2528,3
1853,720575941639588127,DNp33,steering_control,720575941575681718,4,720575941456201887,hg1,steering,haltere,32,35,1120,3
1854,720575941639588127,DNp33,steering_control,720575941575681718,4,720575941456201887,hg1,steering,haltere,32,123,3936,3
1855,720575941639588127,DNp33,steering_control,720575941575681718,4,720575941459347411,iii4,steering,axillary_III,32,95,3040,3
1856,720575941639588127,DNp33,steering_control,720575941575681718,4,720575941459347411,iii4,steering,axillary_III,32,26,832,3
1857,720575941639588127,DNp33,steering_control,720575941575681718,4,720575941459347411,iii4,steering,axillary_III,32,157,5024,3
1858,720575941639588127,DNp33,steering_control,720575941575681718,4,720575941468288375,hg3,steering,haltere,32,12,384,3
1859,720575941639588127,DNp33,steering_control,720575941575681718,4,720575941483845954,hg3,steering,haltere,32,34,1088,3
1860,720575941639588127,DNp33,steering_control,720575941575681718,4,720575941483845954,hg3,steering,haltere,32,52,1664,3
1861,720575941639588127,DNp33,steering_control,720575941575681718,4,720575941513173763,hg4,steering,haltere,32,10,320,3
1862,720575941639588127,DNp33,steering_control,720575941575681718,4,720575941516770670,iii4,steering,axillary_III,32,11,352,3
1863,720575941639588127,DNp33,steering_control,720575941575681718,4,720575941516770670,iii4,steering,axillary_III,32,14,448,3
1864,720575941639588127,DNp33,steering_control,720575941575681718,4,720575941580669817,hg1,steering,haltere,32,25,800,3
1865,720575941639588127,DNp33,steering_control,720575941575681718,4,720575941580669817,hg1,steering,haltere,32,28,896,3
1866,720575941639588127,DNp33,steering_control,720575941575681718,4,720575941624155644,b2,steering,basalar,32,20,640,3
1867,720575941639588127,DNp33,steering_control,720575941575681718,4,720575941624155644,b2,steering,basalar,32,13,416,3
1868,720575941639588127,DNp33,steering_control,720575941575681718,4,720575941624155644,b2,steering,basalar,32,99,3168,3
1869,720575941639588127,DNp33,steering_control,720575941575681718,4,720575941630940642,hg4,steering,haltere,32,52,1664,3
1870,720575941639588127,DNp33,steering_control,720575941575681718,4,720575941630940642,hg4,steering,haltere,32,75,2400,3
1871,720575941639588127,DNp33,steering_control,720575941575681718,4,720575941630940642,hg4,steering,haltere,32,10,320,3
1872,720575941639588127,DNp33,steering_control,720575941575681718,4,720575941655597785,b2,steering,basalar,32,10,320,3
1873,720575941639588127,DNp33,steering_control,720575941575681718,4,720575941655597785,b2,steering,basalar,32,18,576,3
1874,720575941639588127,DNp33,steering_control,720575941583208582,4,720575941456201887,hg1,steering,haltere,11,12,132,3
1875,720575941639588127,DNp33,steering_control,720575941583208582,4,720575941547315060,i1,steering,axillary_i,11,17,187,3
1876,720575941639588127,DNp33,steering_control,720575941587284535,4,720575941513173763,hg4,steering,haltere,12,13,156,3
1877,720575941639588127,DNp33,steering_control,720575941602315454,4,720575941456201887,hg1,steering,haltere,22,21,462,3
1878,720575941639588127,DNp33,steering_control,720575941602315454,4,720575941630940642,hg4,steering,haltere,22,22,484,3
1879,720575941639588127,DNp33,steering_control,720575941621630716,5,720575941565378919,iii3,steering,axillary_III,26,31,806,3
1880,720575941639588127,DNp33,steering_control,720575941621630716,5,720575941565378919,iii3,steering,axillary_III,26,14,364,3
1881,720575941411441323,DNxn124,steering_control,720575941432778638,2,720575941463144336,DLM1,power,DLM,10,16,160,3
1882,720575941411441323,DNxn124,steering_control,720575941432778638,2,720575941479034563,DLM1,power,DLM,10,21,210,3
1883,720575941411441323,DNxn124,steering_control,720575941432778638,2,720575941583644382,DLM1,power,DLM,10,18,180,3
1884,720575941411441323,DNxn124,steering_control,720575941432778638,2,720575941596050112,DLM5,power,DLM,10,11,110,3
1885,720575941411441323,DNxn124,steering_control,720575941475749994,5,720575941468897856,i1,steering,axillary_i,10,13,130,3
1886,720575941411441323,DNxn124,steering_control,720575941475749994,5,720575941547315060,i1,steering,axillary_i,10,14,140,3
1887,720575941411441323,DNxn124,steering_control,720575941526701412,3,720575941630940642,hg4,steering,haltere,32,12,384,3
1888,720575941411441323,DNxn124,steering_control,720575941526701412,3,720575941645041313,ps1,steering,pleurosternal,32,11,352,3
1889,720575941411441323,DNxn124,steering_control,720575941526701412,3,720575941732789547,hg2,steering,haltere,32,14,448,3
1890,720575941411441323,DNxn124,steering_control,720575941575397263,3,720575941645041313,ps1,steering,pleurosternal,14,25,350,3
1891,720575941411441323,DNxn124,steering_control,720575941575397263,3,720575941645041313,ps1,steering,pleurosternal,26,25,650,3
1892,720575941411441323,DNxn124,steering_control,720575941623108298,3,720575941463144336,DLM1,power,DLM,29,10,290,3
1893,720575941411441323,DNxn124,steering_control,720575941623108298,3,720575941472734048,DVM1A,power,DVM,29,13,377,3
1894,720575941411441323,DNxn124,steering_control,720575941623108298,3,720575941472734048,DVM1A,power,DVM,29,39,1131,3
1895,720575941411441323,DNxn124,steering_control,720575941623108298,3,720575941479034563,DLM1,power,DLM,29,15,435,3
1896,720575941411441323,DNxn124,steering_control,720575941623108298,3,720575941487139138,DVM3A,power,DVM,29,14,406,3
1897,720575941411441323,DNxn124,steering_control,720575941623108298,3,720575941530190027,DVM2A,power,DVM,29,11,319,3
1898,720575941411441323,DNxn124,steering_control,720575941623108298,3,720575941597489344,DVM1A,power,DVM,29,20,580,3
1899,720575941411441323,DNxn124,steering_control,720575941623108298,3,720575941603635190,DVM1A,power,DVM,29,32,928,3
1900,720575941411441323,DNxn124,steering_control,720575941623108298,3,720575941624985226,DVM2A,power,DVM,29,11,319,3
1901,720575941411441323,DNxn124,steering_control,720575941623108298,3,720575941643100754,ps1,steering,pleurosternal,29,20,580,3
1902,720575941411441323,DNxn124,steering_control,720575941623108298,3,720575941643100754,ps1,steering,pleurosternal,29,96,2784,3
1903,720575941411441323,DNxn124,steering_control,720575941623108298,3,720575941643100754,ps1,steering,pleurosternal,29,11,319,3
1904,720575941411441323,DNxn124,steering_control,720575941623108298,3,720575941643100754,ps1,steering,pleurosternal,29,182,5278,3
1905,720575941411441323,DNxn124,steering_control,720575941623108298,3,720575941643100754,ps1,steering,pleurosternal,29,20,580,3
1906,720575941411441323,DNxn124,steering_control,720575941623108298,3,720575941645041313,ps1,steering,pleurosternal,29,26,754,3
1907,720575941411441323,DNxn124,steering_control,720575941623108298,3,720575941645041313,ps1,steering,pleurosternal,29,52,1508,3
1908,720575941411441323,DNxn124,steering_control,720575941623108298,3,720575941645041313,ps1,steering,pleurosternal,29,21,609,3
1909,720575941411441323,DNxn124,steering_control,720575941623108298,3,720575941645041313,ps1,steering,pleurosternal,29,16,464,3
1910,720575941411441323,DNxn124,steering_control,720575941623108298,3,720575941645041313,ps1,steering,pleurosternal,29,47,1363,3
1911,720575941411441323,DNxn124,steering_control,720575941623108298,3,720575941645403000,DLM1,power,DLM,29,11,319,3
1912,720575941411441323,DNxn124,steering_control,720575941623108298,3,720575941463144336,DLM1,power,DLM,27,10,270,3
1913,720575941411441323,DNxn124,steering_control,720575941623108298,3,720575941472734048,DVM1A,power,DVM,27,13,351,3
1914,720575941411441323,DNxn124,steering_control,720575941623108298,3,720575941472734048,DVM1A,power,DVM,27,39,1053,3
1915,720575941411441323,DNxn124,steering_control,720575941623108298,3,720575941479034563,DLM1,power,DLM,27,15,405,3
1916,720575941411441323,DNxn124,steering_control,720575941623108298,3,720575941487139138,DVM3A,power,DVM,27,14,378,3
1917,720575941411441323,DNxn124,steering_control,720575941623108298,3,720575941530190027,DVM2A,power,DVM,27,11,297,3
1918,720575941411441323,DNxn124,steering_control,720575941623108298,3,720575941597489344,DVM1A,power,DVM,27,20,540,3
1919,720575941411441323,DNxn124,steering_control,720575941623108298,3,720575941603635190,DVM1A,power,DVM,27,32,864,3
1920,720575941411441323,DNxn124,steering_control,720575941623108298,3,720575941624985226,DVM2A,power,DVM,27,11,297,3
1921,720575941411441323,DNxn124,steering_control,720575941623108298,3,720575941643100754,ps1,steering,pleurosternal,27,20,540,3
1922,720575941411441323,DNxn124,steering_control,720575941623108298,3,720575941643100754,ps1,steering,pleurosternal,27,96,2592,3
1923,720575941411441323,DNxn124,steering_control,720575941623108298,3,720575941643100754,ps1,steering,pleurosternal,27,11,297,3
1924,720575941411441323,DNxn124,steering_control,720575941623108298,3,720575941643100754,ps1,steering,pleurosternal,27,182,4914,3
1925,720575941411441323,DNxn124,steering_control,720575941623108298,3,720575941643100754,ps1,steering,pleurosternal,27,20,540,3
1926,720575941411441323,DNxn124,steering_control,720575941623108298,3,720575941645041313,ps1,steering,pleurosternal,27,26,702,3
1927,720575941411441323,DNxn124,steering_control,720575941623108298,3,720575941645041313,ps1,steering,pleurosternal,27,52,1404,3
1928,720575941411441323,DNxn124,steering_control,720575941623108298,3,720575941645041313,ps1,steering,pleurosternal,27,21,567,3
1929,720575941411441323,DNxn124,steering_control,720575941623108298,3,720575941645041313,ps1,steering,pleurosternal,27,16,432,3
1930,720575941411441323,DNxn124,steering_control,720575941623108298,3,720575941645041313,ps1,steering,pleurosternal,27,47,1269,3
1931,720575941411441323,DNxn124,steering_control,720575941623108298,3,720575941645403000,DLM1,power,DLM,27,11,297,3
1932,720575941411441323,DNxn124,steering_control,720575941623108298,3,720575941463144336,DLM1,power,DLM,36,10,360,3
1933,720575941411441323,DNxn124,steering_control,720575941623108298,3,720575941472734048,DVM1A,power,DVM,36,13,468,3
1934,720575941411441323,DNxn124,steering_control,720575941623108298,3,720575941472734048,DVM1A,power,DVM,36,39,1404,3
1935,720575941411441323,DNxn124,steering_control,720575941623108298,3,720575941479034563,DLM1,power,DLM,36,15,540,3
1936,720575941411441323,DNxn124,steering_control,720575941623108298,3,720575941487139138,DVM3A,power,DVM,36,14,504,3
1937,720575941411441323,DNxn124,steering_control,720575941623108298,3,720575941530190027,DVM2A,power,DVM,36,11,396,3
1938,720575941411441323,DNxn124,steering_control,720575941623108298,3,720575941597489344,DVM1A,power,DVM,36,20,720,3
1939,720575941411441323,DNxn124,steering_control,720575941623108298,3,720575941603635190,DVM1A,power,DVM,36,32,1152,3
1940,720575941411441323,DNxn124,steering_control,720575941623108298,3,720575941624985226,DVM2A,power,DVM,36,11,396,3
1941,720575941411441323,DNxn124,steering_control,720575941623108298,3,720575941643100754,ps1,steering,pleurosternal,36,20,720,3
1942,720575941411441323,DNxn124,steering_control,720575941623108298,3,720575941643100754,ps1,steering,pleurosternal,36,96,3456,3
1943,720575941411441323,DNxn124,steering_control,720575941623108298,3,720575941643100754,ps1,steering,pleurosternal,36,11,396,3
1944,720575941411441323,DNxn124,steering_control,720575941623108298,3,720575941643100754,ps1,steering,pleurosternal,36,182,6552,3
1945,720575941411441323,DNxn124,steering_control,720575941623108298,3,720575941643100754,ps1,steering,pleurosternal,36,20,720,3
1946,720575941411441323,DNxn124,steering_control,720575941623108298,3,720575941645041313,ps1,steering,pleurosternal,36,26,936,3
1947,720575941411441323,DNxn124,steering_control,720575941623108298,3,720575941645041313,ps1,steering,pleurosternal,36,52,1872,3
1948,720575941411441323,DNxn124,steering_control,720575941623108298,3,720575941645041313,ps1,steering,pleurosternal,36,21,756,3
1949,720575941411441323,DNxn124,steering_control,720575941623108298,3,720575941645041313,ps1,steering,pleurosternal,36,16,576,3
1950,720575941411441323,DNxn124,steering_control,720575941623108298,3,720575941645041313,ps1,steering,pleurosternal,36,47,1692,3
1951,720575941411441323,DNxn124,steering_control,720575941623108298,3,720575941645403000,DLM1,power,DLM,36,11,396,3
1952,720575941411441323,DNxn124,steering_control,720575941671138727,3,720575941479034563,DLM1,power,DLM,12,10,120,3
1953,720575941411441323,DNxn124,steering_control,720575941671138727,3,720575941565105206,DVM1A,power,DVM,12,46,552,3
1954,720575941411441323,DNxn124,steering_control,720575941671138727,3,720575941566847847,DVM1A,power,DVM,12,25,300,3
1955,720575941411441323,DNxn124,steering_control,720575941671138727,3,720575941643100754,ps1,steering,pleurosternal,12,41,492,3
1956,720575941411441323,DNxn124,steering_control,720575941671138727,3,720575941643100754,ps1,steering,pleurosternal,12,11,132,3
1957,720575941411441323,DNxn124,steering_control,720575941671138727,3,720575941643100754,ps1,steering,pleurosternal,12,36,432,3
1958,720575941411441323,DNxn124,steering_control,720575941671138727,3,720575941643100754,ps1,steering,pleurosternal,12,34,408,3
1959,720575941411441323,DNxn124,steering_control,720575941671138727,3,720575941645041313,ps1,steering,pleurosternal,12,64,768,3
1960,720575941411441323,DNxn124,steering_control,720575941671138727,3,720575941645041313,ps1,steering,pleurosternal,12,24,288,3
1961,720575941411441323,DNxn124,steering_control,720575941671138727,3,720575941645041313,ps1,steering,pleurosternal,12,157,1884,3
1962,720575941411441323,DNxn124,steering_control,720575941671138727,3,720575941645403000,DLM1,power,DLM,12,23,276,3
1963,720575941411441323,DNxn124,steering_control,720575941671138727,3,720575941479034563,DLM1,power,DLM,32,10,320,3
1964,720575941411441323,DNxn124,steering_control,720575941671138727,3,720575941565105206,DVM1A,power,DVM,32,46,1472,3
1965,720575941411441323,DNxn124,steering_control,720575941671138727,3,720575941566847847,DVM1A,power,DVM,32,25,800,3
1966,720575941411441323,DNxn124,steering_control,720575941671138727,3,720575941643100754,ps1,steering,pleurosternal,32,41,1312,3
1967,720575941411441323,DNxn124,steering_control,720575941671138727,3,720575941643100754,ps1,steering,pleurosternal,32,11,352,3
1968,720575941411441323,DNxn124,steering_control,720575941671138727,3,720575941643100754,ps1,steering,pleurosternal,32,36,1152,3
1969,720575941411441323,DNxn124,steering_control,720575941671138727,3,720575941643100754,ps1,steering,pleurosternal,32,34,1088,3
1970,720575941411441323,DNxn124,steering_control,720575941671138727,3,720575941645041313,ps1,steering,pleurosternal,32,64,2048,3
1971,720575941411441323,DNxn124,steering_control,720575941671138727,3,720575941645041313,ps1,steering,pleurosternal,32,24,768,3
1972,720575941411441323,DNxn124,steering_control,720575941671138727,3,720575941645041313,ps1,steering,pleurosternal,32,157,5024,3
1973,720575941411441323,DNxn124,steering_control,720575941671138727,3,720575941645403000,DLM1,power,DLM,32,23,736,3
1974,720575941411441323,DNxn124,steering_control,720575941671138727,3,720575941479034563,DLM1,power,DLM,11,10,110,3
1975,720575941411441323,DNxn124,steering_control,720575941671138727,3,720575941565105206,DVM1A,power,DVM,11,46,506,3
1976,720575941411441323,DNxn124,steering_control,720575941671138727,3,720575941566847847,DVM1A,power,DVM,11,25,275,3
1977,720575941411441323,DNxn124,steering_control,720575941671138727,3,720575941643100754,ps1,steering,pleurosternal,11,41,451,3
1978,720575941411441323,DNxn124,steering_control,720575941671138727,3,720575941643100754,ps1,steering,pleurosternal,11,11,121,3
1979,720575941411441323,DNxn124,steering_control,720575941671138727,3,720575941643100754,ps1,steering,pleurosternal,11,36,396,3
1980,720575941411441323,DNxn124,steering_control,720575941671138727,3,720575941643100754,ps1,steering,pleurosternal,11,34,374,3
1981,720575941411441323,DNxn124,steering_control,720575941671138727,3,720575941645041313,ps1,steering,pleurosternal,11,64,704,3
1982,720575941411441323,DNxn124,steering_control,720575941671138727,3,720575941645041313,ps1,steering,pleurosternal,11,24,264,3
1983,720575941411441323,DNxn124,steering_control,720575941671138727,3,720575941645041313,ps1,steering,pleurosternal,11,157,1727,3
1984,720575941411441323,DNxn124,steering_control,720575941671138727,3,720575941645403000,DLM1,power,DLM,11,23,253,3
1985,720575941411441323,DNxn124,steering_control,720575941671138727,3,720575941479034563,DLM1,power,DLM,31,10,310,3
1986,720575941411441323,DNxn124,steering_control,720575941671138727,3,720575941565105206,DVM1A,power,DVM,31,46,1426,3
1987,720575941411441323,DNxn124,steering_control,720575941671138727,3,720575941566847847,DVM1A,power,DVM,31,25,775,3
1988,720575941411441323,DNxn124,steering_control,720575941671138727,3,720575941643100754,ps1,steering,pleurosternal,31,41,1271,3
1989,720575941411441323,DNxn124,steering_control,720575941671138727,3,720575941643100754,ps1,steering,pleurosternal,31,11,341,3
1990,720575941411441323,DNxn124,steering_control,720575941671138727,3,720575941643100754,ps1,steering,pleurosternal,31,36,1116,3
1991,720575941411441323,DNxn124,steering_control,720575941671138727,3,720575941643100754,ps1,steering,pleurosternal,31,34,1054,3
1992,720575941411441323,DNxn124,steering_control,720575941671138727,3,720575941645041313,ps1,steering,pleurosternal,31,64,1984,3
1993,720575941411441323,DNxn124,steering_control,720575941671138727,3,720575941645041313,ps1,steering,pleurosternal,31,24,744,3
1994,720575941411441323,DNxn124,steering_control,720575941671138727,3,720575941645041313,ps1,steering,pleurosternal,31,157,4867,3
1995,720575941411441323,DNxn124,steering_control,720575941671138727,3,720575941645403000,DLM1,power,DLM,31,23,713,3
1996,720575941592893992,DNp49,steering_control,720575941408481195,5,720575941547394081,i2,steering,axillary_i,18,11,198,3
1997,720575941592893992,DNp49,steering_control,720575941430016905,4,720575941459347411,iii4,steering,axillary_III,26,15,390,3
1998,720575941592893992,DNp49,steering_control,720575941430016905,4,720575941459347411,iii4,steering,axillary_III,26,14,364,3
1999,720575941592893992,DNp49,steering_control,720575941430016905,4,720575941547315060,i1,steering,axillary_i,26,18,468,3
2000,720575941592893992,DNp49,steering_control,720575941450628218,5,720575941475745898,i2,steering,axillary_i,10,26,260,3
2001,720575941592893992,DNp49,steering_control,720575941450628218,5,720575941542412805,b3,steering,basalar,10,10,100,3
2002,720575941592893992,DNp49,steering_control,720575941459559824,5,720575941547394081,i2,steering,axillary_i,24,12,288,3
2003,720575941592893992,DNp49,steering_control,720575941470786368,5,720575941474574132,b3,steering,basalar,14,11,154,3
2004,720575941592893992,DNp49,steering_control,720575941470786368,5,720575941474574132,b3,steering,basalar,28,11,308,3
2005,720575941592893992,DNp49,steering_control,720575941478403178,5,720575941629172716,iii1,steering,axillary_III,15,10,150,3
2006,720575941592893992,DNp49,steering_control,720575941485217744,5,720575941475745898,i2,steering,axillary_i,13,13,169,3
2007,720575941592893992,DNp49,steering_control,720575941501802434,5,720575941547394081,i2,steering,axillary_i,12,16,192,3
2008,720575941592893992,DNp49,steering_control,720575941501802434,5,720575941547394081,i2,steering,axillary_i,24,16,384,3
2009,720575941592893992,DNp49,steering_control,720575941507793680,5,720575941489673420,iii1,steering,axillary_III,12,10,120,3
2010,720575941592893992,DNp49,steering_control,720575941507793680,5,720575941489673420,iii1,steering,axillary_III,22,10,220,3
2011,720575941592893992,DNp49,steering_control,720575941579072889,1,720575941459347411,iii4,steering,axillary_III,29,10,290,3
2012,720575941592893992,DNp49,steering_control,720575941579072889,1,720575941513173763,hg4,steering,haltere,29,13,377,3
2013,720575941592893992,DNp49,steering_control,720575941579072889,1,720575941655597785,b2,steering,basalar,29,17,493,3
2014,720575941592893992,DNp49,steering_control,720575941586381534,4,720575941459347411,iii4,steering,axillary_III,11,13,143,3
2015,720575941592893992,DNp49,steering_control,720575941586381534,4,720575941459347411,iii4,steering,axillary_III,10,13,130,3
2016,720575941491972327,DNge084,steering_control,720575941441318591,4,720575941516770670,iii4,steering,axillary_III,30,17,510,3
2017,720575941491972327,DNge084,steering_control,720575941441318591,4,720575941516770670,iii4,steering,axillary_III,13,17,221,3
2018,720575941491972327,DNge084,steering_control,720575941456348575,4,720575941456201887,hg1,steering,haltere,74,39,2886,3
2019,720575941491972327,DNge084,steering_control,720575941456348575,4,720575941458961604,iii3,steering,axillary_III,74,20,1480,3
2020,720575941491972327,DNge084,steering_control,720575941456348575,4,720575941459347411,iii4,steering,axillary_III,74,48,3552,3
2021,720575941491972327,DNge084,steering_control,720575941456348575,4,720575941459347411,iii4,steering,axillary_III,74,13,962,3
2022,720575941491972327,DNge084,steering_control,720575941456348575,4,720575941483845954,hg3,steering,haltere,74,19,1406,3
2023,720575941491972327,DNge084,steering_control,720575941456348575,4,720575941630940642,hg4,steering,haltere,74,61,4514,3
2024,720575941491972327,DNge084,steering_control,720575941456348575,4,720575941630940642,hg4,steering,haltere,74,13,962,3
2025,720575941491972327,DNge084,steering_control,720575941477884802,4,720575941456201887,hg1,steering,haltere,68,27,1836,3
2026,720575941491972327,DNge084,steering_control,720575941477884802,4,720575941456201887,hg1,steering,haltere,68,29,1972,3
2027,720575941491972327,DNge084,steering_control,720575941477884802,4,720575941459347411,iii4,steering,axillary_III,68,19,1292,3
2028,720575941491972327,DNge084,steering_control,720575941477884802,4,720575941624155644,b2,steering,basalar,68,26,1768,3
2029,720575941491972327,DNge084,steering_control,720575941573956239,4,720575941456201887,hg1,steering,haltere,25,17,425,3
2030,720575941491972327,DNge084,steering_control,720575941593615211,4,720575941468288375,hg3,steering,haltere,17,11,187,3
2031,720575941491972327,DNge084,steering_control,720575941593615211,4,720575941513173763,hg4,steering,haltere,17,16,272,3
2032,720575941491972327,DNge084,steering_control,720575941593615211,4,720575941513173763,hg4,steering,haltere,17,15,255,3
2033,720575941491972327,DNge084,steering_control,720575941593615211,4,720575941516770670,iii4,steering,axillary_III,17,25,425,3
2034,720575941491972327,DNge084,steering_control,720575941593615211,4,720575941516770670,iii4,steering,axillary_III,17,13,221,3
2035,720575941491972327,DNge084,steering_control,720575941593615211,4,720575941516770670,iii4,steering,axillary_III,17,47,799,3
2036,720575941491972327,DNge084,steering_control,720575941593615211,4,720575941580669817,hg1,steering,haltere,17,40,680,3
2037,720575941491972327,DNge084,steering_control,720575941593615211,4,720575941580669817,hg1,steering,haltere,17,17,289,3
2038,720575941491972327,DNge084,steering_control,720575941593615211,4,720575941580669817,hg1,steering,haltere,17,54,918,3
2039,720575941491972327,DNge084,steering_control,720575941593615211,4,720575941732789547,hg2,steering,haltere,17,11,187,3
2040,720575941491972327,DNge084,steering_control,720575941612053094,1,720575941513173763,hg4,steering,haltere,13,11,143,3
2041,720575941491972327,DNge084,steering_control,720575941612053094,1,720575941516770670,iii4,steering,axillary_III,13,14,182,3
2042,720575941491972327,DNge084,steering_control,720575941612053094,1,720575941580669817,hg1,steering,haltere,13,57,741,3
2043,720575941491972327,DNge084,steering_control,720575941612053094,1,720575941580669817,hg1,steering,haltere,13,24,312,3
2044,720575941491972327,DNge084,steering_control,720575941612053094,1,720575941655597785,b2,steering,basalar,13,22,286,3
2045,720575941491972327,DNge084,steering_control,720575941612053094,1,720575941655597785,b2,steering,basalar,13,18,234,3
2046,720575941491972327,DNge084,steering_control,720575941658602520,1,720575941624155644,b2,steering,basalar,27,10,270,3
2047,720575941600878377,DNa05,steering_control,720575941394069654,4,720575941456201887,hg1,steering,haltere,10,17,170,3
2048,720575941600878377,DNa05,steering_control,720575941394069654,4,720575941547315060,i1,steering,axillary_i,10,12,120,3
2049,720575941600878377,DNa05,steering_control,720575941428238840,5,720575941565378919,iii3,steering,axillary_III,11,12,132,3
2050,720575941600878377,DNa05,steering_control,720575941428238840,5,720575941565378919,iii3,steering,axillary_III,11,11,121,3
2051,720575941600878377,DNa05,steering_control,720575941459514512,5,720575941468897856,i1,steering,axillary_i,18,14,252,3
2052,720575941600878377,DNa05,steering_control,720575941459514512,5,720575941468897856,i1,steering,axillary_i,18,18,324,3
2053,720575941600878377,DNa05,steering_control,720575941459514512,5,720575941474574132,b3,steering,basalar,18,12,216,3
2054,720575941600878377,DNa05,steering_control,720575941459514512,5,720575941474574132,b3,steering,basalar,18,30,540,3
2055,720575941600878377,DNa05,steering_control,720575941459514512,5,720575941474574132,b3,steering,basalar,18,25,450,3
2056,720575941600878377,DNa05,steering_control,720575941464073558,5,720575941468897856,i1,steering,axillary_i,10,19,190,3
2057,720575941600878377,DNa05,steering_control,720575941464073558,5,720575941468897856,i1,steering,axillary_i,10,15,150,3
2058,720575941600878377,DNa05,steering_control,720575941464073558,5,720575941468897856,i1,steering,axillary_i,10,23,230,3
2059,720575941600878377,DNa05,steering_control,720575941464073558,5,720575941474574132,b3,steering,basalar,10,13,130,3
2060,720575941600878377,DNa05,steering_control,720575941464073558,5,720575941474574132,b3,steering,basalar,10,23,230,3
2061,720575941600878377,DNa05,steering_control,720575941464073558,5,720575941474574132,b3,steering,basalar,10,27,270,3
2062,720575941600878377,DNa05,steering_control,720575941470474763,4,720575941456201887,hg1,steering,haltere,11,21,231,3
2063,720575941600878377,DNa05,steering_control,720575941470474763,4,720575941459347411,iii4,steering,axillary_III,11,20,220,3
2064,720575941600878377,DNa05,steering_control,720575941470474763,4,720575941459347411,iii4,steering,axillary_III,11,20,220,3
2065,720575941600878377,DNa05,steering_control,720575941470474763,4,720575941483845954,hg3,steering,haltere,11,10,110,3
2066,720575941600878377,DNa05,steering_control,720575941470474763,4,720575941483845954,hg3,steering,haltere,11,12,132,3
2067,720575941600878377,DNa05,steering_control,720575941470474763,4,720575941630940642,hg4,steering,haltere,11,22,242,3
2068,720575941600878377,DNa05,steering_control,720575941470474763,4,720575941630940642,hg4,steering,haltere,11,30,330,3
2069,720575941600878377,DNa05,steering_control,720575941470474763,4,720575941732789547,hg2,steering,haltere,11,11,121,3
2070,720575941600878377,DNa05,steering_control,720575941504563781,3,720575941643100754,ps1,steering,pleurosternal,15,21,315,3
2071,720575941600878377,DNa05,steering_control,720575941504563781,3,720575941643100754,ps1,steering,pleurosternal,15,13,195,3
2072,720575941600878377,DNa05,steering_control,720575941505478690,5,720575941456201887,hg1,steering,haltere,12,17,204,3
2073,720575941600878377,DNa05,steering_control,720575941505478690,5,720575941547315060,i1,steering,axillary_i,12,11,132,3
2074,720575941600878377,DNa05,steering_control,720575941505478690,5,720575941547315060,i1,steering,axillary_i,12,10,120,3
2075,720575941600878377,DNa05,steering_control,720575941505478690,5,720575941547315060,i1,steering,axillary_i,12,12,144,3
2076,720575941600878377,DNa05,steering_control,720575941505478690,5,720575941630940642,hg4,steering,haltere,12,11,132,3
2077,720575941600878377,DNa05,steering_control,720575941512798796,5,720575941565378919,iii3,steering,axillary_III,10,41,410,3
2078,720575941600878377,DNa05,steering_control,720575941512798796,5,720575941565378919,iii3,steering,axillary_III,10,11,110,3
2079,720575941600878377,DNa05,steering_control,720575941512798796,5,720575941645041313,ps1,steering,pleurosternal,10,10,100,3
2080,720575941600878377,DNa05,steering_control,720575941512798796,5,720575941645041313,ps1,steering,pleurosternal,10,14,140,3
2081,720575941600878377,DNa05,steering_control,720575941520333047,5,720575941468897856,i1,steering,axillary_i,13,12,156,3
2082,720575941600878377,DNa05,steering_control,720575941520333047,5,720575941468897856,i1,steering,axillary_i,13,11,143,3
2083,720575941600878377,DNa05,steering_control,720575941520333047,5,720575941468897856,i1,steering,axillary_i,13,12,156,3
2084,720575941600878377,DNa05,steering_control,720575941520333047,5,720575941474574132,b3,steering,basalar,13,21,273,3
2085,720575941600878377,DNa05,steering_control,720575941520333047,5,720575941474574132,b3,steering,basalar,13,20,260,3
2086,720575941600878377,DNa05,steering_control,720575941520333047,5,720575941474574132,b3,steering,basalar,13,19,247,3
2087,720575941600878377,DNa05,steering_control,720575941526764388,3,720575941645041313,ps1,steering,pleurosternal,14,11,154,3
2088,720575941600878377,DNa05,steering_control,720575941536294293,5,720575941468897856,i1,steering,axillary_i,12,18,216,3
2089,720575941600878377,DNa05,steering_control,720575941536294293,5,720575941468897856,i1,steering,axillary_i,12,22,264,3
2090,720575941600878377,DNa05,steering_control,720575941536294293,5,720575941474574132,b3,steering,basalar,12,29,348,3
2091,720575941600878377,DNa05,steering_control,720575941536294293,5,720575941474574132,b3,steering,basalar,12,30,360,3
2092,720575941600878377,DNa05,steering_control,720575941550878087,5,720575941458961604,iii3,steering,axillary_III,23,55,1265,3
2093,720575941600878377,DNa05,steering_control,720575941550878087,5,720575941458961604,iii3,steering,axillary_III,23,11,253,3
2094,720575941600878377,DNa05,steering_control,720575941572251144,1,720575941549822781,b1,steering,basalar,11,25,275,3
2095,720575941600878377,DNa05,steering_control,720575941572251144,1,720575941655597785,b2,steering,basalar,11,16,176,3
2096,720575941600878377,DNa05,steering_control,720575941579868917,4,720575941630940642,hg4,steering,haltere,14,46,644,3
2097,720575941600878377,DNa05,steering_control,720575941579868917,4,720575941630940642,hg4,steering,haltere,14,33,462,3
2098,720575941600878377,DNa05,steering_control,720575941579868917,4,720575941630940642,hg4,steering,haltere,12,46,552,3
2099,720575941600878377,DNa05,steering_control,720575941579868917,4,720575941630940642,hg4,steering,haltere,12,33,396,3
2100,720575941600878377,DNa05,steering_control,720575941601209590,4,720575941630940642,hg4,steering,haltere,21,17,357,3
2101,720575941600878377,DNa05,steering_control,720575941611080010,5,720575941458961604,iii3,steering,axillary_III,17,13,221,3
2102,720575941600878377,DNa05,steering_control,720575941611080010,5,720575941565378919,iii3,steering,axillary_III,17,231,3927,3
2103,720575941600878377,DNa05,steering_control,720575941611080010,5,720575941565378919,iii3,steering,axillary_III,17,11,187,3
2104,720575941600878377,DNa05,steering_control,720575941611080010,5,720575941565378919,iii3,steering,axillary_III,17,46,782,3
2105,720575941600878377,DNa05,steering_control,720575941678358973,5,720575941458961604,iii3,steering,axillary_III,30,32,960,3
2106,720575941600878377,DNa05,steering_control,720575941678358973,5,720575941458961604,iii3,steering,axillary_III,30,14,420,3
2107,720575941652614129,DNae002,steering_control,720575941464073558,5,720575941468897856,i1,steering,axillary_i,12,19,228,3
2108,720575941652614129,DNae002,steering_control,720575941464073558,5,720575941468897856,i1,steering,axillary_i,12,15,180,3
2109,720575941652614129,DNae002,steering_control,720575941464073558,5,720575941468897856,i1,steering,axillary_i,12,23,276,3
2110,720575941652614129,DNae002,steering_control,720575941464073558,5,720575941474574132,b3,steering,basalar,12,13,156,3
2111,720575941652614129,DNae002,steering_control,720575941464073558,5,720575941474574132,b3,steering,basalar,12,23,276,3
2112,720575941652614129,DNae002,steering_control,720575941464073558,5,720575941474574132,b3,steering,basalar,12,27,324,3
2113,720575941652614129,DNae002,steering_control,720575941477166622,5,720575941542412805,b3,steering,basalar,11,17,187,3
2114,720575941652614129,DNae002,steering_control,720575941477166622,5,720575941547315060,i1,steering,axillary_i,11,13,143,3
2115,720575941652614129,DNae002,steering_control,720575941477166622,5,720575941542412805,b3,steering,basalar,32,17,544,3
2116,720575941652614129,DNae002,steering_control,720575941477166622,5,720575941547315060,i1,steering,axillary_i,32,13,416,3
2117,720575941652614129,DNae002,steering_control,720575941504563781,3,720575941643100754,ps1,steering,pleurosternal,11,21,231,3
2118,720575941652614129,DNae002,steering_control,720575941504563781,3,720575941643100754,ps1,steering,pleurosternal,11,13,143,3
2119,720575941652614129,DNae002,steering_control,720575941517764824,5,720575941468897856,i1,steering,axillary_i,18,15,270,3
2120,720575941652614129,DNae002,steering_control,720575941517764824,5,720575941468897856,i1,steering,axillary_i,18,16,288,3
2121,720575941652614129,DNae002,steering_control,720575941517764824,5,720575941468897856,i1,steering,axillary_i,18,23,414,3
2122,720575941652614129,DNae002,steering_control,720575941517764824,5,720575941474574132,b3,steering,basalar,18,15,270,3
2123,720575941652614129,DNae002,steering_control,720575941517764824,5,720575941474574132,b3,steering,basalar,18,23,414,3
2124,720575941652614129,DNae002,steering_control,720575941517764824,5,720575941580669817,hg1,steering,haltere,18,10,180,3
2125,720575941652614129,DNae002,steering_control,720575941517764824,5,720575941580669817,hg1,steering,haltere,18,10,180,3
2126,720575941652614129,DNae002,steering_control,720575941517764824,5,720575941580669817,hg1,steering,haltere,18,13,234,3
2127,720575941652614129,DNae002,steering_control,720575941520333047,5,720575941468897856,i1,steering,axillary_i,16,12,192,3
2128,720575941652614129,DNae002,steering_control,720575941520333047,5,720575941468897856,i1,steering,axillary_i,16,11,176,3
2129,720575941652614129,DNae002,steering_control,720575941520333047,5,720575941468897856,i1,steering,axillary_i,16,12,192,3
2130,720575941652614129,DNae002,steering_control,720575941520333047,5,720575941474574132,b3,steering,basalar,16,21,336,3
2131,720575941652614129,DNae002,steering_control,720575941520333047,5,720575941474574132,b3,steering,basalar,16,20,320,3
2132,720575941652614129,DNae002,steering_control,720575941520333047,5,720575941474574132,b3,steering,basalar,16,19,304,3
2133,720575941652614129,DNae002,steering_control,720575941550878087,5,720575941458961604,iii3,steering,axillary_III,17,55,935,3
2134,720575941652614129,DNae002,steering_control,720575941550878087,5,720575941458961604,iii3,steering,axillary_III,17,11,187,3
2135,720575941652614129,DNae002,steering_control,720575941572251144,1,720575941549822781,b1,steering,basalar,19,25,475,3
2136,720575941652614129,DNae002,steering_control,720575941572251144,1,720575941655597785,b2,steering,basalar,19,16,304,3
2137,720575941652614129,DNae002,steering_control,720575941579868917,4,720575941630940642,hg4,steering,haltere,14,46,644,3
2138,720575941652614129,DNae002,steering_control,720575941579868917,4,720575941630940642,hg4,steering,haltere,14,33,462,3
2139,720575941652614129,DNae002,steering_control,720575941579868917,4,720575941630940642,hg4,steering,haltere,19,46,874,3
2140,720575941652614129,DNae002,steering_control,720575941579868917,4,720575941630940642,hg4,steering,haltere,19,33,627,3
2141,720575941652614129,DNae002,steering_control,720575941588018942,4,720575941456201887,hg1,steering,haltere,12,31,372,3
2142,720575941652614129,DNae002,steering_control,720575941588018942,4,720575941630940642,hg4,steering,haltere,12,42,504,3
2143,720575941652614129,DNae002,steering_control,720575941611080010,5,720575941458961604,iii3,steering,axillary_III,41,13,533,3
2144,720575941652614129,DNae002,steering_control,720575941611080010,5,720575941565378919,iii3,steering,axillary_III,41,231,9471,3
2145,720575941652614129,DNae002,steering_control,720575941611080010,5,720575941565378919,iii3,steering,axillary_III,41,11,451,3
2146,720575941652614129,DNae002,steering_control,720575941611080010,5,720575941565378919,iii3,steering,axillary_III,41,46,1886,3
2147,720575941652614129,DNae002,steering_control,720575941678358973,5,720575941458961604,iii3,steering,axillary_III,41,32,1312,3
2148,720575941652614129,DNae002,steering_control,720575941678358973,5,720575941458961604,iii3,steering,axillary_III,41,14,574,3
2149,720575941563218944,DNxn122,steering_control,720575941458334163,1,720575941624155644,b2,steering,basalar,16,14,224,3
2150,720575941563218944,DNxn122,steering_control,720575941458334163,1,720575941624155644,b2,steering,basalar,16,50,800,3
2151,720575941563218944,DNxn122,steering_control,720575941458334163,1,720575941624155644,b2,steering,basalar,10,14,140,3
2152,720575941563218944,DNxn122,steering_control,720575941458334163,1,720575941624155644,b2,steering,basalar,10,50,500,3
2153,720575941563218944,DNxn122,steering_control,720575941474334779,4,720575941732789547,hg2,steering,haltere,24,11,264,3
2154,720575941563218944,DNxn122,steering_control,720575941474334779,4,720575941732789547,hg2,steering,haltere,15,11,165,3
2155,720575941563218944,DNxn122,steering_control,720575941532246762,5,720575941468897856,i1,steering,axillary_i,16,18,288,3
2156,720575941563218944,DNxn122,steering_control,720575941532246762,5,720575941474574132,b3,steering,basalar,16,22,352,3
2157,720575941563218944,DNxn122,steering_control,720575941532246762,5,720575941474574132,b3,steering,basalar,16,11,176,3
2158,720575941563218944,DNxn122,steering_control,720575941532246762,5,720575941479658831,hg2,steering,haltere,16,10,160,3
2159,720575941563218944,DNxn122,steering_control,720575941532246762,5,720575941468897856,i1,steering,axillary_i,34,18,612,3
2160,720575941563218944,DNxn122,steering_control,720575941532246762,5,720575941474574132,b3,steering,basalar,34,22,748,3
2161,720575941563218944,DNxn122,steering_control,720575941532246762,5,720575941474574132,b3,steering,basalar,34,11,374,3
2162,720575941563218944,DNxn122,steering_control,720575941532246762,5,720575941479658831,hg2,steering,haltere,34,10,340,3
2163,720575941563218944,DNxn122,steering_control,720575941546491681,5,720575941456201887,hg1,steering,haltere,12,11,132,3
2164,720575941563218944,DNxn122,steering_control,720575941546491681,5,720575941542412805,b3,steering,basalar,12,25,300,3
2165,720575941563218944,DNxn122,steering_control,720575941546491681,5,720575941542412805,b3,steering,basalar,12,13,156,3
2166,720575941563218944,DNxn122,steering_control,720575941546491681,5,720575941542412805,b3,steering,basalar,12,24,288,3
2167,720575941563218944,DNxn122,steering_control,720575941546491681,5,720575941547315060,i1,steering,axillary_i,12,10,120,3
2168,720575941563218944,DNxn122,steering_control,720575941546491681,5,720575941547315060,i1,steering,axillary_i,12,13,156,3
2169,720575941563218944,DNxn122,steering_control,720575941546491681,5,720575941547315060,i1,steering,axillary_i,12,23,276,3
2170,720575941563218944,DNxn122,steering_control,720575941557612915,1,720575941521196211,b1,steering,basalar,18,10,180,3
2171,720575941563218944,DNxn122,steering_control,720575941557612915,1,720575941624155644,b2,steering,basalar,18,10,180,3
2172,720575941563218944,DNxn122,steering_control,720575941557612915,1,720575941521196211,b1,steering,basalar,37,10,370,3
2173,720575941563218944,DNxn122,steering_control,720575941557612915,1,720575941624155644,b2,steering,basalar,37,10,370,3
2174,720575941563218944,DNxn122,steering_control,720575941607605101,4,720575941456201887,hg1,steering,haltere,10,27,270,3
2175,720575941563218944,DNxn122,steering_control,720575941607605101,4,720575941456201887,hg1,steering,haltere,10,16,160,3
2176,720575941563218944,DNxn122,steering_control,720575941608310346,5,720575941474574132,b3,steering,basalar,16,14,224,3
2177,720575941563218944,DNxn122,steering_control,720575941608310346,5,720575941474574132,b3,steering,basalar,16,10,160,3
2178,720575941563218944,DNxn122,steering_control,720575941608310346,5,720575941580669817,hg1,steering,haltere,16,12,192,3
2179,720575941563218944,DNxn122,steering_control,720575941608991050,1,720575941521196211,b1,steering,basalar,22,31,682,3
2180,720575941563218944,DNxn122,steering_control,720575941608991050,1,720575941624155644,b2,steering,basalar,22,29,638,3
2181,720575941563218944,DNxn122,steering_control,720575941608991050,1,720575941521196211,b1,steering,basalar,32,31,992,3
2182,720575941563218944,DNxn122,steering_control,720575941608991050,1,720575941624155644,b2,steering,basalar,32,29,928,3
2183,720575941414262161,DNxn163,power_control,720575941392667286,5,720575941475745898,i2,steering,axillary_i,14,13,182,3
2184,720575941414262161,DNxn163,power_control,720575941450628218,5,720575941475745898,i2,steering,axillary_i,10,26,260,3
2185,720575941414262161,DNxn163,power_control,720575941450628218,5,720575941542412805,b3,steering,basalar,10,10,100,3
2186,720575941414262161,DNxn163,power_control,720575941457802480,2,720575941463144336,DLM1,power,DLM,23,11,253,3
2187,720575941414262161,DNxn163,power_control,720575941457802480,2,720575941516770670,iii4,steering,axillary_III,23,26,598,3
2188,720575941414262161,DNxn163,power_control,720575941457802480,2,720575941519783640,DLM1,power,DLM,23,11,253,3
2189,720575941414262161,DNxn163,power_control,720575941457802480,2,720575941640465439,DLM1,power,DLM,23,17,391,3
2190,720575941414262161,DNxn163,power_control,720575941457802480,2,720575941645403000,DLM1,power,DLM,23,13,299,3
2191,720575941414262161,DNxn163,power_control,720575941457802480,2,720575941655597785,b2,steering,basalar,23,13,299,3
2192,720575941414262161,DNxn163,power_control,720575941457802480,2,720575941655597785,b2,steering,basalar,23,10,230,3
2193,720575941414262161,DNxn163,power_control,720575941457802480,2,720575941463144336,DLM1,power,DLM,57,11,627,3
2194,720575941414262161,DNxn163,power_control,720575941457802480,2,720575941516770670,iii4,steering,axillary_III,57,26,1482,3
2195,720575941414262161,DNxn163,power_control,720575941457802480,2,720575941519783640,DLM1,power,DLM,57,11,627,3
2196,720575941414262161,DNxn163,power_control,720575941457802480,2,720575941640465439,DLM1,power,DLM,57,17,969,3
2197,720575941414262161,DNxn163,power_control,720575941457802480,2,720575941645403000,DLM1,power,DLM,57,13,741,3
2198,720575941414262161,DNxn163,power_control,720575941457802480,2,720575941655597785,b2,steering,basalar,57,13,741,3
2199,720575941414262161,DNxn163,power_control,720575941457802480,2,720575941655597785,b2,steering,basalar,57,10,570,3
2200,720575941414262161,DNxn163,power_control,720575941474741819,2,720575941463144336,DLM1,power,DLM,41,13,533,3
2201,720575941414262161,DNxn163,power_control,720575941474741819,2,720575941533190337,DLM1,power,DLM,41,18,738,3
2202,720575941414262161,DNxn163,power_control,720575941474741819,2,720575941624155644,b2,steering,basalar,41,11,451,3
2203,720575941414262161,DNxn163,power_control,720575941474741819,2,720575941655597785,b2,steering,basalar,41,22,902,3
2204,720575941414262161,DNxn163,power_control,720575941485217744,5,720575941475745898,i2,steering,axillary_i,19,13,247,3
2205,720575941414262161,DNxn163,power_control,720575941511388881,4,720575941516770670,iii4,steering,axillary_III,15,16,240,3
2206,720575941414262161,DNxn163,power_control,720575941513160697,3,720575941459347411,iii4,steering,axillary_III,10,11,110,3
2207,720575941414262161,DNxn163,power_control,720575941513160697,3,720575941624155644,b2,steering,basalar,10,13,130,3
2208,720575941414262161,DNxn163,power_control,720575941513160697,3,720575941643100754,ps1,steering,pleurosternal,10,14,140,3
2209,720575941414262161,DNxn163,power_control,720575941513160697,3,720575941645041313,ps1,steering,pleurosternal,10,10,100,3
2210,720575941414262161,DNxn163,power_control,720575941521031927,5,720575941474574132,b3,steering,basalar,11,23,253,3
2211,720575941414262161,DNxn163,power_control,720575941528086660,4,720575941459347411,iii4,steering,axillary_III,18,11,198,3
2212,720575941414262161,DNxn163,power_control,720575941528086660,4,720575941459347411,iii4,steering,axillary_III,18,19,342,3
2213,720575941414262161,DNxn163,power_control,720575941609429350,5,720575941475745898,i2,steering,axillary_i,10,10,100,3
2214,720575941414262161,DNxn163,power_control,720575941609429350,5,720575941547394081,i2,steering,axillary_i,10,12,120,3
2215,720575941414262161,DNxn163,power_control,720575941609479526,4,720575941459347411,iii4,steering,axillary_III,10,10,100,3
2216,720575941414262161,DNxn163,power_control,720575941609479526,4,720575941513173763,hg4,steering,haltere,10,20,200,3
2217,720575941414262161,DNxn163,power_control,720575941609479526,4,720575941516770670,iii4,steering,axillary_III,10,13,130,3
2218,720575941414262161,DNxn163,power_control,720575941609479526,4,720575941516770670,iii4,steering,axillary_III,10,16,160,3
2219,720575941414262161,DNxn163,power_control,720575941609479526,4,720575941580669817,hg1,steering,haltere,10,15,150,3
2220,720575941414262161,DNxn163,power_control,720575941609479526,4,720575941580669817,hg1,steering,haltere,10,11,110,3
2221,720575941414262161,DNxn163,power_control,720575941609479526,4,720575941580669817,hg1,steering,haltere,10,20,200,3
2222,720575941414262161,DNxn163,power_control,720575941636281205,5,720575941468897856,i1,steering,axillary_i,11,18,198,3
2223,720575941414262161,DNxn163,power_control,720575941636281205,5,720575941475745898,i2,steering,axillary_i,11,12,132,3
2224,720575941414262161,DNxn163,power_control,720575941636281205,5,720575941542412805,b3,steering,basalar,11,19,209,3
2225,720575941414262161,DNxn163,power_control,720575941636281205,5,720575941547315060,i1,steering,axillary_i,11,10,110,3
2226,720575941414262161,DNxn163,power_control,720575941636281205,5,720575941547315060,i1,steering,axillary_i,11,23,253,3
2227,720575941414262161,DNxn163,power_control,720575941636281205,5,720575941547315060,i1,steering,axillary_i,11,13,143,3
2228,720575941414262161,DNxn163,power_control,720575941636281205,5,720575941547394081,i2,steering,axillary_i,11,12,132,3
2229,720575941414262161,DNxn163,power_control,720575941636281205,5,720575941547394081,i2,steering,axillary_i,11,24,264,3
2230,720575941414262161,DNxn163,power_control,720575941636281205,5,720575941468897856,i1,steering,axillary_i,12,18,216,3
2231,720575941414262161,DNxn163,power_control,720575941636281205,5,720575941475745898,i2,steering,axillary_i,12,12,144,3
2232,720575941414262161,DNxn163,power_control,720575941636281205,5,720575941542412805,b3,steering,basalar,12,19,228,3
2233,720575941414262161,DNxn163,power_control,720575941636281205,5,720575941547315060,i1,steering,axillary_i,12,10,120,3
2234,720575941414262161,DNxn163,power_control,720575941636281205,5,720575941547315060,i1,steering,axillary_i,12,23,276,3
2235,720575941414262161,DNxn163,power_control,720575941636281205,5,720575941547315060,i1,steering,axillary_i,12,13,156,3
2236,720575941414262161,DNxn163,power_control,720575941636281205,5,720575941547394081,i2,steering,axillary_i,12,12,144,3
2237,720575941414262161,DNxn163,power_control,720575941636281205,5,720575941547394081,i2,steering,axillary_i,12,24,288,3
2238,720575941540246364,DNxn125,steering_control,720575941412443540,1,720575941516770670,iii4,steering,axillary_III,11,10,110,3
2239,720575941540246364,DNxn125,steering_control,720575941412443540,1,720575941549822781,b1,steering,basalar,11,12,132,3
2240,720575941540246364,DNxn125,steering_control,720575941412443540,1,720575941624155644,b2,steering,basalar,11,10,110,3
2241,720575941540246364,DNxn125,steering_control,720575941412443540,1,720575941655597785,b2,steering,basalar,11,39,429,3
2242,720575941540246364,DNxn125,steering_control,720575941412443540,1,720575941655597785,b2,steering,basalar,11,22,242,3
2243,720575941540246364,DNxn125,steering_control,720575941473850720,5,720575941479658831,hg2,steering,haltere,12,10,120,3
2244,720575941540246364,DNxn125,steering_control,720575941473850720,5,720575941542412805,b3,steering,basalar,12,10,120,3
2245,720575941540246364,DNxn125,steering_control,720575941473850720,5,720575941542412805,b3,steering,basalar,12,11,132,3
2246,720575941540246364,DNxn125,steering_control,720575941532246762,5,720575941468897856,i1,steering,axillary_i,10,18,180,3
2247,720575941540246364,DNxn125,steering_control,720575941532246762,5,720575941474574132,b3,steering,basalar,10,22,220,3
2248,720575941540246364,DNxn125,steering_control,720575941532246762,5,720575941474574132,b3,steering,basalar,10,11,110,3
2249,720575941540246364,DNxn125,steering_control,720575941532246762,5,720575941479658831,hg2,steering,haltere,10,10,100,3
2250,720575941540246364,DNxn125,steering_control,720575941553338778,5,720575941542412805,b3,steering,basalar,25,20,500,3
2251,720575941540246364,DNxn125,steering_control,720575941553338778,5,720575941542412805,b3,steering,basalar,25,66,1650,3
2252,720575941540246364,DNxn125,steering_control,720575941553338778,5,720575941547315060,i1,steering,axillary_i,25,25,625,3
2253,720575941540246364,DNxn125,steering_control,720575941553338778,5,720575941547315060,i1,steering,axillary_i,25,38,950,3
2254,720575941540246364,DNxn125,steering_control,720575941553338778,5,720575941547315060,i1,steering,axillary_i,25,40,1000,3
2255,720575941540246364,DNxn125,steering_control,720575941553338778,5,720575941547394081,i2,steering,axillary_i,25,14,350,3
2256,720575941540246364,DNxn125,steering_control,720575941553338778,5,720575941547394081,i2,steering,axillary_i,25,32,800,3
2257,720575941540246364,DNxn125,steering_control,720575941553338778,5,720575941542412805,b3,steering,basalar,47,20,940,3
2258,720575941540246364,DNxn125,steering_control,720575941553338778,5,720575941542412805,b3,steering,basalar,47,66,3102,3
2259,720575941540246364,DNxn125,steering_control,720575941553338778,5,720575941547315060,i1,steering,axillary_i,47,25,1175,3
2260,720575941540246364,DNxn125,steering_control,720575941553338778,5,720575941547315060,i1,steering,axillary_i,47,38,1786,3
2261,720575941540246364,DNxn125,steering_control,720575941553338778,5,720575941547315060,i1,steering,axillary_i,47,40,1880,3
2262,720575941540246364,DNxn125,steering_control,720575941553338778,5,720575941547394081,i2,steering,axillary_i,47,14,658,3
2263,720575941540246364,DNxn125,steering_control,720575941553338778,5,720575941547394081,i2,steering,axillary_i,47,32,1504,3
2264,720575941540246364,DNxn125,steering_control,720575941553338778,5,720575941542412805,b3,steering,basalar,37,20,740,3
2265,720575941540246364,DNxn125,steering_control,720575941553338778,5,720575941542412805,b3,steering,basalar,37,66,2442,3
2266,720575941540246364,DNxn125,steering_control,720575941553338778,5,720575941547315060,i1,steering,axillary_i,37,25,925,3
2267,720575941540246364,DNxn125,steering_control,720575941553338778,5,720575941547315060,i1,steering,axillary_i,37,38,1406,3
2268,720575941540246364,DNxn125,steering_control,720575941553338778,5,720575941547315060,i1,steering,axillary_i,37,40,1480,3
2269,720575941540246364,DNxn125,steering_control,720575941553338778,5,720575941547394081,i2,steering,axillary_i,37,14,518,3
2270,720575941540246364,DNxn125,steering_control,720575941553338778,5,720575941547394081,i2,steering,axillary_i,37,32,1184,3
2271,720575941540246364,DNxn125,steering_control,720575941583601886,5,720575941468897856,i1,steering,axillary_i,31,16,496,3
2272,720575941540246364,DNxn125,steering_control,720575941583601886,5,720575941468897856,i1,steering,axillary_i,31,48,1488,3
2273,720575941540246364,DNxn125,steering_control,720575941583601886,5,720575941468897856,i1,steering,axillary_i,31,34,1054,3
2274,720575941540246364,DNxn125,steering_control,720575941583601886,5,720575941474574132,b3,steering,basalar,31,15,465,3
2275,720575941540246364,DNxn125,steering_control,720575941583601886,5,720575941474574132,b3,steering,basalar,31,25,775,3
2276,720575941540246364,DNxn125,steering_control,720575941583601886,5,720575941474574132,b3,steering,basalar,31,62,1922,3
2277,720575941540246364,DNxn125,steering_control,720575941583601886,5,720575941475745898,i2,steering,axillary_i,31,31,961,3
2278,720575941540246364,DNxn125,steering_control,720575941583601886,5,720575941475745898,i2,steering,axillary_i,31,51,1581,3
2279,720575941540246364,DNxn125,steering_control,720575941583601886,5,720575941468897856,i1,steering,axillary_i,13,16,208,3
2280,720575941540246364,DNxn125,steering_control,720575941583601886,5,720575941468897856,i1,steering,axillary_i,13,48,624,3
2281,720575941540246364,DNxn125,steering_control,720575941583601886,5,720575941468897856,i1,steering,axillary_i,13,34,442,3
2282,720575941540246364,DNxn125,steering_control,720575941583601886,5,720575941474574132,b3,steering,basalar,13,15,195,3
2283,720575941540246364,DNxn125,steering_control,720575941583601886,5,720575941474574132,b3,steering,basalar,13,25,325,3
2284,720575941540246364,DNxn125,steering_control,720575941583601886,5,720575941474574132,b3,steering,basalar,13,62,806,3
2285,720575941540246364,DNxn125,steering_control,720575941583601886,5,720575941475745898,i2,steering,axillary_i,13,31,403,3
2286,720575941540246364,DNxn125,steering_control,720575941583601886,5,720575941475745898,i2,steering,axillary_i,13,51,663,3
2287,720575941540246364,DNxn125,steering_control,720575941592602149,5,720575941468897856,i1,steering,axillary_i,12,12,144,3
2288,720575941540246364,DNxn125,steering_control,720575941592602149,5,720575941468897856,i1,steering,axillary_i,12,18,216,3
2289,720575941540246364,DNxn125,steering_control,720575941612053094,1,720575941513173763,hg4,steering,haltere,16,11,176,3
2290,720575941540246364,DNxn125,steering_control,720575941612053094,1,720575941516770670,iii4,steering,axillary_III,16,14,224,3
2291,720575941540246364,DNxn125,steering_control,720575941612053094,1,720575941580669817,hg1,steering,haltere,16,57,912,3
2292,720575941540246364,DNxn125,steering_control,720575941612053094,1,720575941580669817,hg1,steering,haltere,16,24,384,3
2293,720575941540246364,DNxn125,steering_control,720575941612053094,1,720575941655597785,b2,steering,basalar,16,22,352,3
2294,720575941540246364,DNxn125,steering_control,720575941612053094,1,720575941655597785,b2,steering,basalar,16,18,288,3
2295,720575941540246364,DNxn125,steering_control,720575941629413356,5,720575941468897856,i1,steering,axillary_i,14,16,224,3
2296,720575941540246364,DNxn125,steering_control,720575941629413356,5,720575941475745898,i2,steering,axillary_i,14,22,308,3
2297,720575941540246364,DNxn125,steering_control,720575941650775313,1,720575941521196211,b1,steering,basalar,13,14,182,3
2298,720575941540246364,DNxn125,steering_control,720575941650775313,1,720575941549822781,b1,steering,basalar,13,10,130,3
2299,720575941540246364,DNxn125,steering_control,720575941650775313,1,720575941624155644,b2,steering,basalar,13,17,221,3
2300,720575941540246364,DNxn125,steering_control,720575941650775313,1,720575941624155644,b2,steering,basalar,13,16,208,3
2301,720575941540246364,DNxn125,steering_control,720575941650775313,1,720575941655597785,b2,steering,basalar,13,26,338,3
2302,720575941540246364,DNxn125,steering_control,720575941650775313,1,720575941655597785,b2,steering,basalar,13,12,156,3
2303,720575941540246364,DNxn125,steering_control,720575941653507801,4,720575941580669817,hg1,steering,haltere,13,27,351,3
2304,720575941552603966,DNp19,steering_control,720575941399253283,1,720575941549822781,b1,steering,basalar,11,17,187,3
2305,720575941552603966,DNp19,steering_control,720575941399253283,1,720575941549822781,b1,steering,basalar,11,26,286,3
2306,720575941552603966,DNp19,steering_control,720575941399253283,1,720575941655597785,b2,steering,basalar,11,13,143,3
2307,720575941552603966,DNp19,steering_control,720575941414326161,5,720575941547315060,i1,steering,axillary_i,16,16,256,3
2308,720575941552603966,DNp19,steering_control,720575941414326161,5,720575941547315060,i1,steering,axillary_i,16,23,368,3
2309,720575941552603966,DNp19,steering_control,720575941439050703,5,720575941475745898,i2,steering,axillary_i,11,10,110,3
2310,720575941552603966,DNp19,steering_control,720575941456348575,4,720575941456201887,hg1,steering,haltere,30,39,1170,3
2311,720575941552603966,DNp19,steering_control,720575941456348575,4,720575941458961604,iii3,steering,axillary_III,30,20,600,3
2312,720575941552603966,DNp19,steering_control,720575941456348575,4,720575941459347411,iii4,steering,axillary_III,30,48,1440,3
2313,720575941552603966,DNp19,steering_control,720575941456348575,4,720575941459347411,iii4,steering,axillary_III,30,13,390,3
2314,720575941552603966,DNp19,steering_control,720575941456348575,4,720575941483845954,hg3,steering,haltere,30,19,570,3
2315,720575941552603966,DNp19,steering_control,720575941456348575,4,720575941630940642,hg4,steering,haltere,30,61,1830,3
2316,720575941552603966,DNp19,steering_control,720575941456348575,4,720575941630940642,hg4,steering,haltere,30,13,390,3
2317,720575941552603966,DNp19,steering_control,720575941457147206,4,720575941513173763,hg4,steering,haltere,30,66,1980,3
2318,720575941552603966,DNp19,steering_control,720575941457147206,4,720575941513173763,hg4,steering,haltere,30,19,570,3
2319,720575941552603966,DNp19,steering_control,720575941457147206,4,720575941516770670,iii4,steering,axillary_III,30,32,960,3
2320,720575941552603966,DNp19,steering_control,720575941457147206,4,720575941549822781,b1,steering,basalar,30,25,750,3
2321,720575941552603966,DNp19,steering_control,720575941457147206,4,720575941565378919,iii3,steering,axillary_III,30,18,540,3
2322,720575941552603966,DNp19,steering_control,720575941457147206,4,720575941580669817,hg1,steering,haltere,30,40,1200,3
2323,720575941552603966,DNp19,steering_control,720575941457147206,4,720575941643100754,ps1,steering,pleurosternal,30,15,450,3
2324,720575941552603966,DNp19,steering_control,720575941474741819,2,720575941463144336,DLM1,power,DLM,11,13,143,3
2325,720575941552603966,DNp19,steering_control,720575941474741819,2,720575941533190337,DLM1,power,DLM,11,18,198,3
2326,720575941552603966,DNp19,steering_control,720575941474741819,2,720575941624155644,b2,steering,basalar,11,11,121,3
2327,720575941552603966,DNp19,steering_control,720575941474741819,2,720575941655597785,b2,steering,basalar,11,22,242,3
2328,720575941552603966,DNp19,steering_control,720575941508542674,1,720575941521196211,b1,steering,basalar,10,12,120,3
2329,720575941552603966,DNp19,steering_control,720575941508542674,1,720575941624155644,b2,steering,basalar,10,14,140,3
2330,720575941552603966,DNp19,steering_control,720575941508542674,1,720575941624155644,b2,steering,basalar,10,12,120,3
2331,720575941552603966,DNp19,steering_control,720575941516768472,5,720575941468897856,i1,steering,axillary_i,10,27,270,3
2332,720575941552603966,DNp19,steering_control,720575941516768472,5,720575941474574132,b3,steering,basalar,10,10,100,3
2333,720575941552603966,DNp19,steering_control,720575941516768472,5,720575941475745898,i2,steering,axillary_i,10,13,130,3
2334,720575941552603966,DNp19,steering_control,720575941532385624,1,720575941549822781,b1,steering,basalar,11,27,297,3
2335,720575941552603966,DNp19,steering_control,720575941532385624,1,720575941549822781,b1,steering,basalar,11,14,154,3
2336,720575941552603966,DNp19,steering_control,720575941532385624,1,720575941655597785,b2,steering,basalar,11,11,121,3
2337,720575941552603966,DNp19,steering_control,720575941557294095,1,720575941549822781,b1,steering,basalar,12,29,348,3
2338,720575941552603966,DNp19,steering_control,720575941557294095,1,720575941549822781,b1,steering,basalar,12,20,240,3
2339,720575941552603966,DNp19,steering_control,720575941557294095,1,720575941655597785,b2,steering,basalar,12,11,132,3
2340,720575941552603966,DNp19,steering_control,720575941557612915,1,720575941521196211,b1,steering,basalar,16,10,160,3
2341,720575941552603966,DNp19,steering_control,720575941557612915,1,720575941624155644,b2,steering,basalar,16,10,160,3
2342,720575941552603966,DNp19,steering_control,720575941558661165,5,720575941468897856,i1,steering,axillary_i,11,17,187,3
2343,720575941552603966,DNp19,steering_control,720575941558661165,5,720575941468897856,i1,steering,axillary_i,11,15,165,3
2344,720575941552603966,DNp19,steering_control,720575941558661165,5,720575941513173763,hg4,steering,haltere,11,11,121,3
2345,720575941552603966,DNp19,steering_control,720575941558661165,5,720575941580669817,hg1,steering,haltere,11,14,154,3
2346,720575941552603966,DNp19,steering_control,720575941558661165,5,720575941468897856,i1,steering,axillary_i,10,17,170,3
2347,720575941552603966,DNp19,steering_control,720575941558661165,5,720575941468897856,i1,steering,axillary_i,10,15,150,3
2348,720575941552603966,DNp19,steering_control,720575941558661165,5,720575941513173763,hg4,steering,haltere,10,11,110,3
2349,720575941552603966,DNp19,steering_control,720575941558661165,5,720575941580669817,hg1,steering,haltere,10,14,140,3
2350,720575941552603966,DNp19,steering_control,720575941566956532,1,720575941549822781,b1,steering,basalar,17,16,272,3
2351,720575941552603966,DNp19,steering_control,720575941566956532,1,720575941549822781,b1,steering,basalar,17,21,357,3
2352,720575941552603966,DNp19,steering_control,720575941566956532,1,720575941655597785,b2,steering,basalar,17,10,170,3
2353,720575941552603966,DNp19,steering_control,720575941566956532,1,720575941655597785,b2,steering,basalar,17,13,221,3
2354,720575941552603966,DNp19,steering_control,720575941593615211,4,720575941468288375,hg3,steering,haltere,10,11,110,3
2355,720575941552603966,DNp19,steering_control,720575941593615211,4,720575941513173763,hg4,steering,haltere,10,16,160,3
2356,720575941552603966,DNp19,steering_control,720575941593615211,4,720575941513173763,hg4,steering,haltere,10,15,150,3
2357,720575941552603966,DNp19,steering_control,720575941593615211,4,720575941516770670,iii4,steering,axillary_III,10,25,250,3
2358,720575941552603966,DNp19,steering_control,720575941593615211,4,720575941516770670,iii4,steering,axillary_III,10,13,130,3
2359,720575941552603966,DNp19,steering_control,720575941593615211,4,720575941516770670,iii4,steering,axillary_III,10,47,470,3
2360,720575941552603966,DNp19,steering_control,720575941593615211,4,720575941580669817,hg1,steering,haltere,10,40,400,3
2361,720575941552603966,DNp19,steering_control,720575941593615211,4,720575941580669817,hg1,steering,haltere,10,17,170,3
2362,720575941552603966,DNp19,steering_control,720575941593615211,4,720575941580669817,hg1,steering,haltere,10,54,540,3
2363,720575941552603966,DNp19,steering_control,720575941593615211,4,720575941732789547,hg2,steering,haltere,10,11,110,3
2364,720575941552603966,DNp19,steering_control,720575941608861929,1,720575941521196211,b1,steering,basalar,15,12,180,3
2365,720575941552603966,DNp19,steering_control,720575941608991050,1,720575941521196211,b1,steering,basalar,19,31,589,3
2366,720575941552603966,DNp19,steering_control,720575941608991050,1,720575941624155644,b2,steering,basalar,19,29,551,3
2367,720575941573616891,DNp59,steering_control,720575941457802480,2,720575941463144336,DLM1,power,DLM,13,11,143,3
2368,720575941573616891,DNp59,steering_control,720575941457802480,2,720575941516770670,iii4,steering,axillary_III,13,26,338,3
2369,720575941573616891,DNp59,steering_control,720575941457802480,2,720575941519783640,DLM1,power,DLM,13,11,143,3
2370,720575941573616891,DNp59,steering_control,720575941457802480,2,720575941640465439,DLM1,power,DLM,13,17,221,3
2371,720575941573616891,DNp59,steering_control,720575941457802480,2,720575941645403000,DLM1,power,DLM,13,13,169,3
2372,720575941573616891,DNp59,steering_control,720575941457802480,2,720575941655597785,b2,steering,basalar,13,13,169,3
2373,720575941573616891,DNp59,steering_control,720575941457802480,2,720575941655597785,b2,steering,basalar,13,10,130,3
2374,720575941573616891,DNp59,steering_control,720575941468720139,5,720575941489673420,iii1,steering,axillary_III,15,10,150,3
2375,720575941573616891,DNp59,steering_control,720575941470786368,5,720575941474574132,b3,steering,basalar,10,11,110,3
2376,720575941573616891,DNp59,steering_control,720575941474741819,2,720575941463144336,DLM1,power,DLM,15,13,195,3
2377,720575941573616891,DNp59,steering_control,720575941474741819,2,720575941533190337,DLM1,power,DLM,15,18,270,3
2378,720575941573616891,DNp59,steering_control,720575941474741819,2,720575941624155644,b2,steering,basalar,15,11,165,3
2379,720575941573616891,DNp59,steering_control,720575941474741819,2,720575941655597785,b2,steering,basalar,15,22,330,3
2380,720575941573616891,DNp59,steering_control,720575941474741819,2,720575941463144336,DLM1,power,DLM,43,13,559,3
2381,720575941573616891,DNp59,steering_control,720575941474741819,2,720575941533190337,DLM1,power,DLM,43,18,774,3
2382,720575941573616891,DNp59,steering_control,720575941474741819,2,720575941624155644,b2,steering,basalar,43,11,473,3
2383,720575941573616891,DNp59,steering_control,720575941474741819,2,720575941655597785,b2,steering,basalar,43,22,946,3
2384,720575941573616891,DNp59,steering_control,720575941481050877,5,720575941489673420,iii1,steering,axillary_III,22,13,286,3
2385,720575941573616891,DNp59,steering_control,720575941521031927,5,720575941474574132,b3,steering,basalar,15,23,345,3
2386,720575941573616891,DNp59,steering_control,720575941539355517,5,720575941475745898,i2,steering,axillary_i,18,16,288,3
2387,720575941573616891,DNp59,steering_control,720575941539355517,5,720575941475745898,i2,steering,axillary_i,18,11,198,3
2388,720575941573616891,DNp59,steering_control,720575941539355517,5,720575941547394081,i2,steering,axillary_i,18,17,306,3
2389,720575941573616891,DNp59,steering_control,720575941569652638,5,720575941565378919,iii3,steering,axillary_III,20,10,200,3
2390,720575941573616891,DNp59,steering_control,720575941615272601,5,720575941475745898,i2,steering,axillary_i,72,12,864,3
2391,720575941573616891,DNp59,steering_control,720575941615272601,5,720575941547394081,i2,steering,axillary_i,72,26,1872,3
2392,720575941573616891,DNp59,steering_control,720575941615272601,5,720575941547394081,i2,steering,axillary_i,72,19,1368,3
2393,720575941595189029,DNp18,steering_control,720575941465484566,1,720575941655597785,b2,steering,basalar,28,37,1036,3
2394,720575941595189029,DNp18,steering_control,720575941465484566,1,720575941655597785,b2,steering,basalar,49,37,1813,3
2395,720575941595189029,DNp18,steering_control,720575941473850720,5,720575941479658831,hg2,steering,haltere,38,10,380,3
2396,720575941595189029,DNp18,steering_control,720575941473850720,5,720575941542412805,b3,steering,basalar,38,10,380,3
2397,720575941595189029,DNp18,steering_control,720575941473850720,5,720575941542412805,b3,steering,basalar,38,11,418,3
2398,720575941595189029,DNp18,steering_control,720575941474741819,2,720575941463144336,DLM1,power,DLM,25,13,325,3
2399,720575941595189029,DNp18,steering_control,720575941474741819,2,720575941533190337,DLM1,power,DLM,25,18,450,3
2400,720575941595189029,DNp18,steering_control,720575941474741819,2,720575941624155644,b2,steering,basalar,25,11,275,3
2401,720575941595189029,DNp18,steering_control,720575941474741819,2,720575941655597785,b2,steering,basalar,25,22,550,3
2402,720575941595189029,DNp18,steering_control,720575941572251144,1,720575941549822781,b1,steering,basalar,28,25,700,3
2403,720575941595189029,DNp18,steering_control,720575941572251144,1,720575941655597785,b2,steering,basalar,28,16,448,3
2404,720575941595189029,DNp18,steering_control,720575941572251144,1,720575941549822781,b1,steering,basalar,51,25,1275,3
2405,720575941595189029,DNp18,steering_control,720575941572251144,1,720575941655597785,b2,steering,basalar,51,16,816,3
2406,720575941595189029,DNp18,steering_control,720575941630748859,1,720575941655597785,b2,steering,basalar,23,10,230,3
2407,720575941595189029,DNp18,steering_control,720575941630748859,1,720575941655597785,b2,steering,basalar,23,58,1334,3
2408,720575941453030983,DNb07,steering_control,720575941465484566,1,720575941655597785,b2,steering,basalar,10,37,370,3
2409,720575941453030983,DNb07,steering_control,720575941473850720,5,720575941479658831,hg2,steering,haltere,34,10,340,3
2410,720575941453030983,DNb07,steering_control,720575941473850720,5,720575941542412805,b3,steering,basalar,34,10,340,3
2411,720575941453030983,DNb07,steering_control,720575941473850720,5,720575941542412805,b3,steering,basalar,34,11,374,3
2412,720575941453030983,DNb07,steering_control,720575941532246762,5,720575941468897856,i1,steering,axillary_i,51,18,918,3
2413,720575941453030983,DNb07,steering_control,720575941532246762,5,720575941474574132,b3,steering,basalar,51,22,1122,3
2414,720575941453030983,DNb07,steering_control,720575941532246762,5,720575941474574132,b3,steering,basalar,51,11,561,3
2415,720575941453030983,DNb07,steering_control,720575941532246762,5,720575941479658831,hg2,steering,haltere,51,10,510,3
2416,720575941453030983,DNb07,steering_control,720575941557612915,1,720575941521196211,b1,steering,basalar,27,10,270,3
2417,720575941453030983,DNb07,steering_control,720575941557612915,1,720575941624155644,b2,steering,basalar,27,10,270,3
2418,720575941453030983,DNb07,steering_control,720575941557612915,1,720575941521196211,b1,steering,basalar,24,10,240,3
2419,720575941453030983,DNb07,steering_control,720575941557612915,1,720575941624155644,b2,steering,basalar,24,10,240,3
2420,720575941453030983,DNb07,steering_control,720575941572251144,1,720575941549822781,b1,steering,basalar,11,25,275,3
2421,720575941453030983,DNb07,steering_control,720575941572251144,1,720575941655597785,b2,steering,basalar,11,16,176,3
2422,720575941453030983,DNb07,steering_control,720575941572251144,1,720575941549822781,b1,steering,basalar,17,25,425,3
2423,720575941453030983,DNb07,steering_control,720575941572251144,1,720575941655597785,b2,steering,basalar,17,16,272,3
2424,720575941453030983,DNb07,steering_control,720575941607605101,4,720575941456201887,hg1,steering,haltere,19,27,513,3
2425,720575941453030983,DNb07,steering_control,720575941607605101,4,720575941456201887,hg1,steering,haltere,19,16,304,3
2426,720575941453030983,DNb07,steering_control,720575941607605101,4,720575941456201887,hg1,steering,haltere,12,27,324,3
2427,720575941453030983,DNb07,steering_control,720575941607605101,4,720575941456201887,hg1,steering,haltere,12,16,192,3
2428,720575941453030983,DNb07,steering_control,720575941608991050,1,720575941521196211,b1,steering,basalar,10,31,310,3
2429,720575941453030983,DNb07,steering_control,720575941608991050,1,720575941624155644,b2,steering,basalar,10,29,290,3
2430,720575941453030983,DNb07,steering_control,720575941630748859,1,720575941655597785,b2,steering,basalar,12,10,120,3
2431,720575941453030983,DNb07,steering_control,720575941630748859,1,720575941655597785,b2,steering,basalar,12,58,696,3
2432,720575941453030983,DNb07,steering_control,720575941668725169,4,720575941456201887,hg1,steering,haltere,13,11,143,3
2433,720575941453030983,DNb07,steering_control,720575941668725169,4,720575941479658831,hg2,steering,haltere,13,11,143,3
2434,720575941453030983,DNb07,steering_control,720575941668725169,4,720575941479658831,hg2,steering,haltere,13,27,351,3
2435,720575941453030983,DNb07,steering_control,720575941668725169,4,720575941479658831,hg2,steering,haltere,13,10,130,3
2436,720575941453030983,DNb07,steering_control,720575941668725169,4,720575941479658831,hg2,steering,haltere,13,16,208,3
2437,720575941453030983,DNb07,steering_control,720575941668725169,4,720575941479658831,hg2,steering,haltere,13,17,221,3
2438,720575941453030983,DNb07,steering_control,720575941668725169,4,720575941489673420,iii1,steering,axillary_III,13,10,130,3
2439,720575941453030983,DNb07,steering_control,720575941668725169,4,720575941580669817,hg1,steering,haltere,13,20,260,3
2440,720575941453030983,DNb07,steering_control,720575941668725169,4,720575941629172716,iii1,steering,axillary_III,13,12,156,3
2441,720575941453030983,DNb07,steering_control,720575941668725169,4,720575941732789547,hg2,steering,haltere,13,29,377,3
2442,720575941453030983,DNb07,steering_control,720575941668725169,4,720575941732789547,hg2,steering,haltere,13,37,481,3
2443,720575941453030983,DNb07,steering_control,720575941668725169,4,720575941732789547,hg2,steering,haltere,13,13,169,3
2444,720575941453030983,DNb07,steering_control,720575941668725169,4,720575941732789547,hg2,steering,haltere,13,23,299,3
2445,720575941566309174,DNp26,steering_control,720575941414508948,5,720575941560383347,DVM1A,power,DVM,29,10,290,3
2446,720575941566309174,DNp26,steering_control,720575941458334163,1,720575941624155644,b2,steering,basalar,17,14,238,3
2447,720575941566309174,DNp26,steering_control,720575941458334163,1,720575941624155644,b2,steering,basalar,17,50,850,3
2448,720575941566309174,DNp26,steering_control,720575941461076493,3,720575941643100754,ps1,steering,pleurosternal,12,28,336,3
2449,720575941566309174,DNp26,steering_control,720575941461076493,3,720575941643100754,ps1,steering,pleurosternal,12,23,276,3
2450,720575941566309174,DNp26,steering_control,720575941461076493,3,720575941643100754,ps1,steering,pleurosternal,12,11,132,3
2451,720575941566309174,DNp26,steering_control,720575941461076493,3,720575941645041313,ps1,steering,pleurosternal,12,10,120,3
2452,720575941566309174,DNp26,steering_control,720575941503451301,1,720575941624155644,b2,steering,basalar,23,44,1012,3
2453,720575941566309174,DNp26,steering_control,720575941503451301,1,720575941624155644,b2,steering,basalar,19,44,836,3
2454,720575941566309174,DNp26,steering_control,720575941528944568,5,720575941458961604,iii3,steering,axillary_III,13,154,2002,3
2455,720575941566309174,DNp26,steering_control,720575941528944568,5,720575941458961604,iii3,steering,axillary_III,13,53,689,3
2456,720575941566309174,DNp26,steering_control,720575941528944568,5,720575941458961604,iii3,steering,axillary_III,13,11,143,3
2457,720575941566309174,DNp26,steering_control,720575941528944568,5,720575941565378919,iii3,steering,axillary_III,13,23,299,3
2458,720575941566309174,DNp26,steering_control,720575941528944568,5,720575941565378919,iii3,steering,axillary_III,13,41,533,3
2459,720575941566309174,DNp26,steering_control,720575941557612915,1,720575941521196211,b1,steering,basalar,34,10,340,3
2460,720575941566309174,DNp26,steering_control,720575941557612915,1,720575941624155644,b2,steering,basalar,34,10,340,3
2461,720575941566309174,DNp26,steering_control,720575941557612915,1,720575941521196211,b1,steering,basalar,13,10,130,3
2462,720575941566309174,DNp26,steering_control,720575941557612915,1,720575941624155644,b2,steering,basalar,13,10,130,3
2463,720575941566309174,DNp26,steering_control,720575941572107017,4,720575941513173763,hg4,steering,haltere,11,10,110,3
2464,720575941566309174,DNp26,steering_control,720575941572107017,4,720575941516770670,iii4,steering,axillary_III,11,13,143,3
2465,720575941566309174,DNp26,steering_control,720575941572107017,4,720575941580669817,hg1,steering,haltere,11,17,187,3
2466,720575941566309174,DNp26,steering_control,720575941608991050,1,720575941521196211,b1,steering,basalar,33,31,1023,3
2467,720575941566309174,DNp26,steering_control,720575941608991050,1,720575941624155644,b2,steering,basalar,33,29,957,3
2468,720575941566309174,DNp26,steering_control,720575941608991050,1,720575941521196211,b1,steering,basalar,15,31,465,3
2469,720575941566309174,DNp26,steering_control,720575941608991050,1,720575941624155644,b2,steering,basalar,15,29,435,3
2470,720575941566309174,DNp26,steering_control,720575941659696184,5,720575941542412805,b3,steering,basalar,10,23,230,3
2471,720575941566309174,DNp26,steering_control,720575941659696184,5,720575941542412805,b3,steering,basalar,10,33,330,3
2472,720575941566309174,DNp26,steering_control,720575941659696184,5,720575941547315060,i1,steering,axillary_i,10,12,120,3
2473,720575941566309174,DNp26,steering_control,720575941659696184,5,720575941547315060,i1,steering,axillary_i,10,23,230,3
2474,720575941451941498,DNp33,steering_control,720575941407101614,1,720575941513173763,hg4,steering,haltere,15,20,300,3
2475,720575941451941498,DNp33,steering_control,720575941407101614,1,720575941513173763,hg4,steering,haltere,15,17,255,3
2476,720575941451941498,DNp33,steering_control,720575941407101614,1,720575941513173763,hg4,steering,haltere,15,12,180,3
2477,720575941451941498,DNp33,steering_control,720575941407101614,1,720575941549822781,b1,steering,basalar,15,10,150,3
2478,720575941451941498,DNp33,steering_control,720575941407101614,1,720575941655597785,b2,steering,basalar,15,19,285,3
2479,720575941451941498,DNp33,steering_control,720575941407101614,1,720575941655597785,b2,steering,basalar,15,14,210,3
2480,720575941451941498,DNp33,steering_control,720575941407101614,1,720575941513173763,hg4,steering,haltere,10,20,200,3
2481,720575941451941498,DNp33,steering_control,720575941407101614,1,720575941513173763,hg4,steering,haltere,10,17,170,3
2482,720575941451941498,DNp33,steering_control,720575941407101614,1,720575941513173763,hg4,steering,haltere,10,12,120,3
2483,720575941451941498,DNp33,steering_control,720575941407101614,1,720575941549822781,b1,steering,basalar,10,10,100,3
2484,720575941451941498,DNp33,steering_control,720575941407101614,1,720575941655597785,b2,steering,basalar,10,19,190,3
2485,720575941451941498,DNp33,steering_control,720575941407101614,1,720575941655597785,b2,steering,basalar,10,14,140,3
2486,720575941451941498,DNp33,steering_control,720575941413920540,4,720575941513173763,hg4,steering,haltere,14,23,322,3
2487,720575941451941498,DNp33,steering_control,720575941438723263,4,720575941513173763,hg4,steering,haltere,26,30,780,3
2488,720575941451941498,DNp33,steering_control,720575941438723263,4,720575941580669817,hg1,steering,haltere,26,19,494,3
2489,720575941451941498,DNp33,steering_control,720575941449638493,4,720575941630940642,hg4,steering,haltere,19,14,266,3
2490,720575941451941498,DNp33,steering_control,720575941496222945,4,720575941513173763,hg4,steering,haltere,20,27,540,3
2491,720575941451941498,DNp33,steering_control,720575941496222945,4,720575941580669817,hg1,steering,haltere,20,38,760,3
2492,720575941451941498,DNp33,steering_control,720575941496222945,4,720575941513173763,hg4,steering,haltere,16,27,432,3
2493,720575941451941498,DNp33,steering_control,720575941496222945,4,720575941580669817,hg1,steering,haltere,16,38,608,3
2494,720575941451941498,DNp33,steering_control,720575941496915618,4,720575941513173763,hg4,steering,haltere,10,33,330,3
2495,720575941451941498,DNp33,steering_control,720575941496915618,4,720575941580669817,hg1,steering,haltere,10,20,200,3
2496,720575941451941498,DNp33,steering_control,720575941511275986,4,720575941456201887,hg1,steering,haltere,12,20,240,3
2497,720575941451941498,DNp33,steering_control,720575941511275986,4,720575941456201887,hg1,steering,haltere,12,39,468,3
2498,720575941451941498,DNp33,steering_control,720575941511275986,4,720575941459347411,iii4,steering,axillary_III,12,11,132,3
2499,720575941451941498,DNp33,steering_control,720575941511275986,4,720575941459347411,iii4,steering,axillary_III,12,24,288,3
2500,720575941451941498,DNp33,steering_control,720575941511275986,4,720575941468288375,hg3,steering,haltere,12,29,348,3
2501,720575941451941498,DNp33,steering_control,720575941511275986,4,720575941468288375,hg3,steering,haltere,12,48,576,3
2502,720575941451941498,DNp33,steering_control,720575941511275986,4,720575941475745898,i2,steering,axillary_i,12,17,204,3
2503,720575941451941498,DNp33,steering_control,720575941511275986,4,720575941483845954,hg3,steering,haltere,12,31,372,3
2504,720575941451941498,DNp33,steering_control,720575941511275986,4,720575941513173763,hg4,steering,haltere,12,60,720,3
2505,720575941451941498,DNp33,steering_control,720575941511275986,4,720575941513173763,hg4,steering,haltere,12,57,684,3
2506,720575941451941498,DNp33,steering_control,720575941511275986,4,720575941516770670,iii4,steering,axillary_III,12,32,384,3
2507,720575941451941498,DNp33,steering_control,720575941511275986,4,720575941516770670,iii4,steering,axillary_III,12,14,168,3
2508,720575941451941498,DNp33,steering_control,720575941511275986,4,720575941516770670,iii4,steering,axillary_III,12,126,1512,3
2509,720575941451941498,DNp33,steering_control,720575941511275986,4,720575941580669817,hg1,steering,haltere,12,64,768,3
2510,720575941451941498,DNp33,steering_control,720575941511275986,4,720575941580669817,hg1,steering,haltere,12,37,444,3
2511,720575941451941498,DNp33,steering_control,720575941511275986,4,720575941580669817,hg1,steering,haltere,12,145,1740,3
2512,720575941451941498,DNp33,steering_control,720575941511275986,4,720575941624155644,b2,steering,basalar,12,18,216,3
2513,720575941451941498,DNp33,steering_control,720575941511275986,4,720575941655597785,b2,steering,basalar,12,20,240,3
2514,720575941451941498,DNp33,steering_control,720575941511275986,4,720575941655597785,b2,steering,basalar,12,19,228,3
2515,720575941451941498,DNp33,steering_control,720575941511275986,4,720575941655597785,b2,steering,basalar,12,103,1236,3
2516,720575941451941498,DNp33,steering_control,720575941511275986,4,720575941456201887,hg1,steering,haltere,12,20,240,3
2517,720575941451941498,DNp33,steering_control,720575941511275986,4,720575941456201887,hg1,steering,haltere,12,39,468,3
2518,720575941451941498,DNp33,steering_control,720575941511275986,4,720575941459347411,iii4,steering,axillary_III,12,11,132,3
2519,720575941451941498,DNp33,steering_control,720575941511275986,4,720575941459347411,iii4,steering,axillary_III,12,24,288,3
2520,720575941451941498,DNp33,steering_control,720575941511275986,4,720575941468288375,hg3,steering,haltere,12,29,348,3
2521,720575941451941498,DNp33,steering_control,720575941511275986,4,720575941468288375,hg3,steering,haltere,12,48,576,3
2522,720575941451941498,DNp33,steering_control,720575941511275986,4,720575941475745898,i2,steering,axillary_i,12,17,204,3
2523,720575941451941498,DNp33,steering_control,720575941511275986,4,720575941483845954,hg3,steering,haltere,12,31,372,3
2524,720575941451941498,DNp33,steering_control,720575941511275986,4,720575941513173763,hg4,steering,haltere,12,60,720,3
2525,720575941451941498,DNp33,steering_control,720575941511275986,4,720575941513173763,hg4,steering,haltere,12,57,684,3
2526,720575941451941498,DNp33,steering_control,720575941511275986,4,720575941516770670,iii4,steering,axillary_III,12,32,384,3
2527,720575941451941498,DNp33,steering_control,720575941511275986,4,720575941516770670,iii4,steering,axillary_III,12,14,168,3
2528,720575941451941498,DNp33,steering_control,720575941511275986,4,720575941516770670,iii4,steering,axillary_III,12,126,1512,3
2529,720575941451941498,DNp33,steering_control,720575941511275986,4,720575941580669817,hg1,steering,haltere,12,64,768,3
2530,720575941451941498,DNp33,steering_control,720575941511275986,4,720575941580669817,hg1,steering,haltere,12,37,444,3
2531,720575941451941498,DNp33,steering_control,720575941511275986,4,720575941580669817,hg1,steering,haltere,12,145,1740,3
2532,720575941451941498,DNp33,steering_control,720575941511275986,4,720575941624155644,b2,steering,basalar,12,18,216,3
2533,720575941451941498,DNp33,steering_control,720575941511275986,4,720575941655597785,b2,steering,basalar,12,20,240,3
2534,720575941451941498,DNp33,steering_control,720575941511275986,4,720575941655597785,b2,steering,basalar,12,19,228,3
2535,720575941451941498,DNp33,steering_control,720575941511275986,4,720575941655597785,b2,steering,basalar,12,103,1236,3
2536,720575941451941498,DNp33,steering_control,720575941513254905,3,720575941643100754,ps1,steering,pleurosternal,18,33,594,3
2537,720575941451941498,DNp33,steering_control,720575941513254905,3,720575941643100754,ps1,steering,pleurosternal,18,12,216,3
2538,720575941451941498,DNp33,steering_control,720575941520064435,3,720575941643100754,ps1,steering,pleurosternal,13,35,455,3
2539,720575941451941498,DNp33,steering_control,720575941520064435,3,720575941643100754,ps1,steering,pleurosternal,13,15,195,3
2540,720575941451941498,DNp33,steering_control,720575941526355844,5,720575941468897856,i1,steering,axillary_i,11,10,110,3
2541,720575941451941498,DNp33,steering_control,720575941526355844,5,720575941468897856,i1,steering,axillary_i,11,12,132,3
2542,720575941451941498,DNp33,steering_control,720575941526355844,5,720575941468897856,i1,steering,axillary_i,11,24,264,3
2543,720575941451941498,DNp33,steering_control,720575941526355844,5,720575941475745898,i2,steering,axillary_i,11,12,132,3
2544,720575941451941498,DNp33,steering_control,720575941526355844,5,720575941580669817,hg1,steering,haltere,11,13,143,3
2545,720575941451941498,DNp33,steering_control,720575941559309171,4,720575941456201887,hg1,steering,haltere,14,13,182,3
2546,720575941451941498,DNp33,steering_control,720575941559309171,4,720575941630940642,hg4,steering,haltere,14,14,196,3
2547,720575941451941498,DNp33,steering_control,720575941563316022,5,720575941458961604,iii3,steering,axillary_III,11,21,231,3
2548,720575941451941498,DNp33,steering_control,720575941563316022,5,720575941458961604,iii3,steering,axillary_III,11,13,143,3
2549,720575941451941498,DNp33,steering_control,720575941563316022,5,720575941643100754,ps1,steering,pleurosternal,11,24,264,3
2550,720575941451941498,DNp33,steering_control,720575941563316022,5,720575941643100754,ps1,steering,pleurosternal,11,11,121,3
2551,720575941574675869,DNb07,steering_control,720575941432722574,4,720575941468288375,hg3,steering,haltere,10,13,130,3
2552,720575941574675869,DNb07,steering_control,720575941526701412,3,720575941630940642,hg4,steering,haltere,21,12,252,3
2553,720575941574675869,DNb07,steering_control,720575941526701412,3,720575941645041313,ps1,steering,pleurosternal,21,11,231,3
2554,720575941574675869,DNb07,steering_control,720575941526701412,3,720575941732789547,hg2,steering,haltere,21,14,294,3
2555,720575941574675869,DNb07,steering_control,720575941526701412,3,720575941630940642,hg4,steering,haltere,11,12,132,3
2556,720575941574675869,DNb07,steering_control,720575941526701412,3,720575941645041313,ps1,steering,pleurosternal,11,11,121,3
2557,720575941574675869,DNb07,steering_control,720575941526701412,3,720575941732789547,hg2,steering,haltere,11,14,154,3
2558,720575941574675869,DNb07,steering_control,720575941569707422,4,720575941483845954,hg3,steering,haltere,12,10,120,3
2559,720575941574675869,DNb07,steering_control,720575941569707422,4,720575941483845954,hg3,steering,haltere,12,12,144,3
2560,720575941574675869,DNb07,steering_control,720575941569707422,4,720575941580669817,hg1,steering,haltere,12,11,132,3
2561,720575941574675869,DNb07,steering_control,720575941575397263,3,720575941645041313,ps1,steering,pleurosternal,11,25,275,3
2562,720575941574675869,DNb07,steering_control,720575941575397263,3,720575941645041313,ps1,steering,pleurosternal,11,25,275,3
2563,720575941574675869,DNb07,steering_control,720575941623108298,3,720575941463144336,DLM1,power,DLM,22,10,220,3
2564,720575941574675869,DNb07,steering_control,720575941623108298,3,720575941472734048,DVM1A,power,DVM,22,13,286,3
2565,720575941574675869,DNb07,steering_control,720575941623108298,3,720575941472734048,DVM1A,power,DVM,22,39,858,3
2566,720575941574675869,DNb07,steering_control,720575941623108298,3,720575941479034563,DLM1,power,DLM,22,15,330,3
2567,720575941574675869,DNb07,steering_control,720575941623108298,3,720575941487139138,DVM3A,power,DVM,22,14,308,3
2568,720575941574675869,DNb07,steering_control,720575941623108298,3,720575941530190027,DVM2A,power,DVM,22,11,242,3
2569,720575941574675869,DNb07,steering_control,720575941623108298,3,720575941597489344,DVM1A,power,DVM,22,20,440,3
2570,720575941574675869,DNb07,steering_control,720575941623108298,3,720575941603635190,DVM1A,power,DVM,22,32,704,3
2571,720575941574675869,DNb07,steering_control,720575941623108298,3,720575941624985226,DVM2A,power,DVM,22,11,242,3
2572,720575941574675869,DNb07,steering_control,720575941623108298,3,720575941643100754,ps1,steering,pleurosternal,22,20,440,3
2573,720575941574675869,DNb07,steering_control,720575941623108298,3,720575941643100754,ps1,steering,pleurosternal,22,96,2112,3
2574,720575941574675869,DNb07,steering_control,720575941623108298,3,720575941643100754,ps1,steering,pleurosternal,22,11,242,3
2575,720575941574675869,DNb07,steering_control,720575941623108298,3,720575941643100754,ps1,steering,pleurosternal,22,182,4004,3
2576,720575941574675869,DNb07,steering_control,720575941623108298,3,720575941643100754,ps1,steering,pleurosternal,22,20,440,3
2577,720575941574675869,DNb07,steering_control,720575941623108298,3,720575941645041313,ps1,steering,pleurosternal,22,26,572,3
2578,720575941574675869,DNb07,steering_control,720575941623108298,3,720575941645041313,ps1,steering,pleurosternal,22,52,1144,3
2579,720575941574675869,DNb07,steering_control,720575941623108298,3,720575941645041313,ps1,steering,pleurosternal,22,21,462,3
2580,720575941574675869,DNb07,steering_control,720575941623108298,3,720575941645041313,ps1,steering,pleurosternal,22,16,352,3
2581,720575941574675869,DNb07,steering_control,720575941623108298,3,720575941645041313,ps1,steering,pleurosternal,22,47,1034,3
2582,720575941574675869,DNb07,steering_control,720575941623108298,3,720575941645403000,DLM1,power,DLM,22,11,242,3
2583,720575941574675869,DNb07,steering_control,720575941623108298,3,720575941463144336,DLM1,power,DLM,27,10,270,3
2584,720575941574675869,DNb07,steering_control,720575941623108298,3,720575941472734048,DVM1A,power,DVM,27,13,351,3
2585,720575941574675869,DNb07,steering_control,720575941623108298,3,720575941472734048,DVM1A,power,DVM,27,39,1053,3
2586,720575941574675869,DNb07,steering_control,720575941623108298,3,720575941479034563,DLM1,power,DLM,27,15,405,3
2587,720575941574675869,DNb07,steering_control,720575941623108298,3,720575941487139138,DVM3A,power,DVM,27,14,378,3
2588,720575941574675869,DNb07,steering_control,720575941623108298,3,720575941530190027,DVM2A,power,DVM,27,11,297,3
2589,720575941574675869,DNb07,steering_control,720575941623108298,3,720575941597489344,DVM1A,power,DVM,27,20,540,3
2590,720575941574675869,DNb07,steering_control,720575941623108298,3,720575941603635190,DVM1A,power,DVM,27,32,864,3
2591,720575941574675869,DNb07,steering_control,720575941623108298,3,720575941624985226,DVM2A,power,DVM,27,11,297,3
2592,720575941574675869,DNb07,steering_control,720575941623108298,3,720575941643100754,ps1,steering,pleurosternal,27,20,540,3
2593,720575941574675869,DNb07,steering_control,720575941623108298,3,720575941643100754,ps1,steering,pleurosternal,27,96,2592,3
2594,720575941574675869,DNb07,steering_control,720575941623108298,3,720575941643100754,ps1,steering,pleurosternal,27,11,297,3
2595,720575941574675869,DNb07,steering_control,720575941623108298,3,720575941643100754,ps1,steering,pleurosternal,27,182,4914,3
2596,720575941574675869,DNb07,steering_control,720575941623108298,3,720575941643100754,ps1,steering,pleurosternal,27,20,540,3
2597,720575941574675869,DNb07,steering_control,720575941623108298,3,720575941645041313,ps1,steering,pleurosternal,27,26,702,3
2598,720575941574675869,DNb07,steering_control,720575941623108298,3,720575941645041313,ps1,steering,pleurosternal,27,52,1404,3
2599,720575941574675869,DNb07,steering_control,720575941623108298,3,720575941645041313,ps1,steering,pleurosternal,27,21,567,3
2600,720575941574675869,DNb07,steering_control,720575941623108298,3,720575941645041313,ps1,steering,pleurosternal,27,16,432,3
2601,720575941574675869,DNb07,steering_control,720575941623108298,3,720575941645041313,ps1,steering,pleurosternal,27,47,1269,3
2602,720575941574675869,DNb07,steering_control,720575941623108298,3,720575941645403000,DLM1,power,DLM,27,11,297,3
2603,720575941574675869,DNb07,steering_control,720575941623108298,3,720575941463144336,DLM1,power,DLM,23,10,230,3
2604,720575941574675869,DNb07,steering_control,720575941623108298,3,720575941472734048,DVM1A,power,DVM,23,13,299,3
2605,720575941574675869,DNb07,steering_control,720575941623108298,3,720575941472734048,DVM1A,power,DVM,23,39,897,3
2606,720575941574675869,DNb07,steering_control,720575941623108298,3,720575941479034563,DLM1,power,DLM,23,15,345,3
2607,720575941574675869,DNb07,steering_control,720575941623108298,3,720575941487139138,DVM3A,power,DVM,23,14,322,3
2608,720575941574675869,DNb07,steering_control,720575941623108298,3,720575941530190027,DVM2A,power,DVM,23,11,253,3
2609,720575941574675869,DNb07,steering_control,720575941623108298,3,720575941597489344,DVM1A,power,DVM,23,20,460,3
2610,720575941574675869,DNb07,steering_control,720575941623108298,3,720575941603635190,DVM1A,power,DVM,23,32,736,3
2611,720575941574675869,DNb07,steering_control,720575941623108298,3,720575941624985226,DVM2A,power,DVM,23,11,253,3
2612,720575941574675869,DNb07,steering_control,720575941623108298,3,720575941643100754,ps1,steering,pleurosternal,23,20,460,3
2613,720575941574675869,DNb07,steering_control,720575941623108298,3,720575941643100754,ps1,steering,pleurosternal,23,96,2208,3
2614,720575941574675869,DNb07,steering_control,720575941623108298,3,720575941643100754,ps1,steering,pleurosternal,23,11,253,3
2615,720575941574675869,DNb07,steering_control,720575941623108298,3,720575941643100754,ps1,steering,pleurosternal,23,182,4186,3
2616,720575941574675869,DNb07,steering_control,720575941623108298,3,720575941643100754,ps1,steering,pleurosternal,23,20,460,3
2617,720575941574675869,DNb07,steering_control,720575941623108298,3,720575941645041313,ps1,steering,pleurosternal,23,26,598,3
2618,720575941574675869,DNb07,steering_control,720575941623108298,3,720575941645041313,ps1,steering,pleurosternal,23,52,1196,3
2619,720575941574675869,DNb07,steering_control,720575941623108298,3,720575941645041313,ps1,steering,pleurosternal,23,21,483,3
2620,720575941574675869,DNb07,steering_control,720575941623108298,3,720575941645041313,ps1,steering,pleurosternal,23,16,368,3
2621,720575941574675869,DNb07,steering_control,720575941623108298,3,720575941645041313,ps1,steering,pleurosternal,23,47,1081,3
2622,720575941574675869,DNb07,steering_control,720575941623108298,3,720575941645403000,DLM1,power,DLM,23,11,253,3
2623,720575941574675869,DNb07,steering_control,720575941671138727,3,720575941479034563,DLM1,power,DLM,22,10,220,3
2624,720575941574675869,DNb07,steering_control,720575941671138727,3,720575941565105206,DVM1A,power,DVM,22,46,1012,3
2625,720575941574675869,DNb07,steering_control,720575941671138727,3,720575941566847847,DVM1A,power,DVM,22,25,550,3
2626,720575941574675869,DNb07,steering_control,720575941671138727,3,720575941643100754,ps1,steering,pleurosternal,22,41,902,3
2627,720575941574675869,DNb07,steering_control,720575941671138727,3,720575941643100754,ps1,steering,pleurosternal,22,11,242,3
2628,720575941574675869,DNb07,steering_control,720575941671138727,3,720575941643100754,ps1,steering,pleurosternal,22,36,792,3
2629,720575941574675869,DNb07,steering_control,720575941671138727,3,720575941643100754,ps1,steering,pleurosternal,22,34,748,3
2630,720575941574675869,DNb07,steering_control,720575941671138727,3,720575941645041313,ps1,steering,pleurosternal,22,64,1408,3
2631,720575941574675869,DNb07,steering_control,720575941671138727,3,720575941645041313,ps1,steering,pleurosternal,22,24,528,3
2632,720575941574675869,DNb07,steering_control,720575941671138727,3,720575941645041313,ps1,steering,pleurosternal,22,157,3454,3
2633,720575941574675869,DNb07,steering_control,720575941671138727,3,720575941645403000,DLM1,power,DLM,22,23,506,3
2634,720575941574675869,DNb07,steering_control,720575941671138727,3,720575941479034563,DLM1,power,DLM,11,10,110,3
2635,720575941574675869,DNb07,steering_control,720575941671138727,3,720575941565105206,DVM1A,power,DVM,11,46,506,3
2636,720575941574675869,DNb07,steering_control,720575941671138727,3,720575941566847847,DVM1A,power,DVM,11,25,275,3
2637,720575941574675869,DNb07,steering_control,720575941671138727,3,720575941643100754,ps1,steering,pleurosternal,11,41,451,3
2638,720575941574675869,DNb07,steering_control,720575941671138727,3,720575941643100754,ps1,steering,pleurosternal,11,11,121,3
2639,720575941574675869,DNb07,steering_control,720575941671138727,3,720575941643100754,ps1,steering,pleurosternal,11,36,396,3
2640,720575941574675869,DNb07,steering_control,720575941671138727,3,720575941643100754,ps1,steering,pleurosternal,11,34,374,3
2641,720575941574675869,DNb07,steering_control,720575941671138727,3,720575941645041313,ps1,steering,pleurosternal,11,64,704,3
2642,720575941574675869,DNb07,steering_control,720575941671138727,3,720575941645041313,ps1,steering,pleurosternal,11,24,264,3
2643,720575941574675869,DNb07,steering_control,720575941671138727,3,720575941645041313,ps1,steering,pleurosternal,11,157,1727,3
2644,720575941574675869,DNb07,steering_control,720575941671138727,3,720575941645403000,DLM1,power,DLM,11,23,253,3
2645,720575941574675869,DNb07,steering_control,720575941671138727,3,720575941479034563,DLM1,power,DLM,10,10,100,3
2646,720575941574675869,DNb07,steering_control,720575941671138727,3,720575941565105206,DVM1A,power,DVM,10,46,460,3
2647,720575941574675869,DNb07,steering_control,720575941671138727,3,720575941566847847,DVM1A,power,DVM,10,25,250,3
2648,720575941574675869,DNb07,steering_control,720575941671138727,3,720575941643100754,ps1,steering,pleurosternal,10,41,410,3
2649,720575941574675869,DNb07,steering_control,720575941671138727,3,720575941643100754,ps1,steering,pleurosternal,10,11,110,3
2650,720575941574675869,DNb07,steering_control,720575941671138727,3,720575941643100754,ps1,steering,pleurosternal,10,36,360,3
2651,720575941574675869,DNb07,steering_control,720575941671138727,3,720575941643100754,ps1,steering,pleurosternal,10,34,340,3
2652,720575941574675869,DNb07,steering_control,720575941671138727,3,720575941645041313,ps1,steering,pleurosternal,10,64,640,3
2653,720575941574675869,DNb07,steering_control,720575941671138727,3,720575941645041313,ps1,steering,pleurosternal,10,24,240,3
2654,720575941574675869,DNb07,steering_control,720575941671138727,3,720575941645041313,ps1,steering,pleurosternal,10,157,1570,3
2655,720575941574675869,DNb07,steering_control,720575941671138727,3,720575941645403000,DLM1,power,DLM,10,23,230,3
2656,720575941574675869,DNb07,steering_control,720575941671138727,3,720575941479034563,DLM1,power,DLM,16,10,160,3
2657,720575941574675869,DNb07,steering_control,720575941671138727,3,720575941565105206,DVM1A,power,DVM,16,46,736,3
2658,720575941574675869,DNb07,steering_control,720575941671138727,3,720575941566847847,DVM1A,power,DVM,16,25,400,3
2659,720575941574675869,DNb07,steering_control,720575941671138727,3,720575941643100754,ps1,steering,pleurosternal,16,41,656,3
2660,720575941574675869,DNb07,steering_control,720575941671138727,3,720575941643100754,ps1,steering,pleurosternal,16,11,176,3
2661,720575941574675869,DNb07,steering_control,720575941671138727,3,720575941643100754,ps1,steering,pleurosternal,16,36,576,3
2662,720575941574675869,DNb07,steering_control,720575941671138727,3,720575941643100754,ps1,steering,pleurosternal,16,34,544,3
2663,720575941574675869,DNb07,steering_control,720575941671138727,3,720575941645041313,ps1,steering,pleurosternal,16,64,1024,3
2664,720575941574675869,DNb07,steering_control,720575941671138727,3,720575941645041313,ps1,steering,pleurosternal,16,24,384,3
2665,720575941574675869,DNb07,steering_control,720575941671138727,3,720575941645041313,ps1,steering,pleurosternal,16,157,2512,3
2666,720575941574675869,DNb07,steering_control,720575941671138727,3,720575941645403000,DLM1,power,DLM,16,23,368,3
2667,720575941574675869,DNb07,steering_control,720575941684876527,4,720575941483845954,hg3,steering,haltere,14,16,224,3
2668,720575941574675869,DNb07,steering_control,720575941684876527,4,720575941513173763,hg4,steering,haltere,14,10,140,3
2669,720575941574675869,DNb07,steering_control,720575941684876527,4,720575941516770670,iii4,steering,axillary_III,14,11,154,3
2670,720575941574675869,DNb07,steering_control,720575941684876527,4,720575941630940642,hg4,steering,haltere,14,12,168,3
2671,720575941392812548,DNp26,steering_control,720575941414508948,5,720575941560383347,DVM1A,power,DVM,22,10,220,3
2672,720575941392812548,DNp26,steering_control,720575941465484566,1,720575941655597785,b2,steering,basalar,22,37,814,3
2673,720575941392812548,DNp26,steering_control,720575941465484566,1,720575941655597785,b2,steering,basalar,19,37,703,3
2674,720575941392812548,DNp26,steering_control,720575941478488143,3,720575941643100754,ps1,steering,pleurosternal,11,11,121,3
2675,720575941392812548,DNp26,steering_control,720575941478488143,3,720575941645041313,ps1,steering,pleurosternal,11,17,187,3
2676,720575941392812548,DNp26,steering_control,720575941478488143,3,720575941645041313,ps1,steering,pleurosternal,11,24,264,3
2677,720575941392812548,DNp26,steering_control,720575941561320493,3,720575941565378919,iii3,steering,axillary_III,12,10,120,3
2678,720575941392812548,DNp26,steering_control,720575941561320493,3,720575941643100754,ps1,steering,pleurosternal,12,26,312,3
2679,720575941392812548,DNp26,steering_control,720575941561320493,3,720575941645041313,ps1,steering,pleurosternal,12,25,300,3
2680,720575941392812548,DNp26,steering_control,720575941572251144,1,720575941549822781,b1,steering,basalar,45,25,1125,3
2681,720575941392812548,DNp26,steering_control,720575941572251144,1,720575941655597785,b2,steering,basalar,45,16,720,3
2682,720575941392812548,DNp26,steering_control,720575941572251144,1,720575941549822781,b1,steering,basalar,17,25,425,3
2683,720575941392812548,DNp26,steering_control,720575941572251144,1,720575941655597785,b2,steering,basalar,17,16,272,3
2684,720575941392812548,DNp26,steering_control,720575941579868917,4,720575941630940642,hg4,steering,haltere,10,46,460,3
2685,720575941392812548,DNp26,steering_control,720575941579868917,4,720575941630940642,hg4,steering,haltere,10,33,330,3
2686,720575941392812548,DNp26,steering_control,720575941601088441,5,720575941468897856,i1,steering,axillary_i,21,16,336,3
2687,720575941392812548,DNp26,steering_control,720575941601088441,5,720575941468897856,i1,steering,axillary_i,21,13,273,3
2688,720575941392812548,DNp26,steering_control,720575941601088441,5,720575941468897856,i1,steering,axillary_i,21,14,294,3
2689,720575941392812548,DNp26,steering_control,720575941601088441,5,720575941474574132,b3,steering,basalar,21,27,567,3
2690,720575941392812548,DNp26,steering_control,720575941601088441,5,720575941474574132,b3,steering,basalar,21,15,315,3
2691,720575941392812548,DNp26,steering_control,720575941601088441,5,720575941474574132,b3,steering,basalar,21,24,504,3
2692,720575941392812548,DNp26,steering_control,720575941601088441,5,720575941580669817,hg1,steering,haltere,21,10,210,3
2693,720575941392812548,DNp26,steering_control,720575941611080010,5,720575941458961604,iii3,steering,axillary_III,13,13,169,3
2694,720575941392812548,DNp26,steering_control,720575941611080010,5,720575941565378919,iii3,steering,axillary_III,13,231,3003,3
2695,720575941392812548,DNp26,steering_control,720575941611080010,5,720575941565378919,iii3,steering,axillary_III,13,11,143,3
2696,720575941392812548,DNp26,steering_control,720575941611080010,5,720575941565378919,iii3,steering,axillary_III,13,46,598,3
2697,720575941392812548,DNp26,steering_control,720575941630748859,1,720575941655597785,b2,steering,basalar,28,10,280,3
2698,720575941392812548,DNp26,steering_control,720575941630748859,1,720575941655597785,b2,steering,basalar,28,58,1624,3
2699,720575941503549931,DNg71,steering_control,720575941400818723,4,720575941513173763,hg4,steering,haltere,13,36,468,3
2700,720575941503549931,DNg71,steering_control,720575941400818723,4,720575941513173763,hg4,steering,haltere,13,10,130,3
2701,720575941503549931,DNg71,steering_control,720575941400818723,4,720575941513173763,hg4,steering,haltere,13,11,143,3
2702,720575941503549931,DNg71,steering_control,720575941400818723,4,720575941580669817,hg1,steering,haltere,13,26,338,3
2703,720575941503549931,DNg71,steering_control,720575941457147206,4,720575941513173763,hg4,steering,haltere,25,66,1650,3
2704,720575941503549931,DNg71,steering_control,720575941457147206,4,720575941513173763,hg4,steering,haltere,25,19,475,3
2705,720575941503549931,DNg71,steering_control,720575941457147206,4,720575941516770670,iii4,steering,axillary_III,25,32,800,3
2706,720575941503549931,DNg71,steering_control,720575941457147206,4,720575941549822781,b1,steering,basalar,25,25,625,3
2707,720575941503549931,DNg71,steering_control,720575941457147206,4,720575941565378919,iii3,steering,axillary_III,25,18,450,3
2708,720575941503549931,DNg71,steering_control,720575941457147206,4,720575941580669817,hg1,steering,haltere,25,40,1000,3
2709,720575941503549931,DNg71,steering_control,720575941457147206,4,720575941643100754,ps1,steering,pleurosternal,25,15,375,3
2710,720575941503549931,DNg71,steering_control,720575941457147206,4,720575941513173763,hg4,steering,haltere,11,66,726,3
2711,720575941503549931,DNg71,steering_control,720575941457147206,4,720575941513173763,hg4,steering,haltere,11,19,209,3
2712,720575941503549931,DNg71,steering_control,720575941457147206,4,720575941516770670,iii4,steering,axillary_III,11,32,352,3
2713,720575941503549931,DNg71,steering_control,720575941457147206,4,720575941549822781,b1,steering,basalar,11,25,275,3
2714,720575941503549931,DNg71,steering_control,720575941457147206,4,720575941565378919,iii3,steering,axillary_III,11,18,198,3
2715,720575941503549931,DNg71,steering_control,720575941457147206,4,720575941580669817,hg1,steering,haltere,11,40,440,3
2716,720575941503549931,DNg71,steering_control,720575941457147206,4,720575941643100754,ps1,steering,pleurosternal,11,15,165,3
2717,720575941503549931,DNg71,steering_control,720575941477166622,5,720575941542412805,b3,steering,basalar,41,17,697,3
2718,720575941503549931,DNg71,steering_control,720575941477166622,5,720575941547315060,i1,steering,axillary_i,41,13,533,3
2719,720575941503549931,DNg71,steering_control,720575941477166622,5,720575941542412805,b3,steering,basalar,44,17,748,3
2720,720575941503549931,DNg71,steering_control,720575941477166622,5,720575941547315060,i1,steering,axillary_i,44,13,572,3
2721,720575941503549931,DNg71,steering_control,720575941524369945,1,720575941516770670,iii4,steering,axillary_III,14,14,196,3
2722,720575941503549931,DNg71,steering_control,720575941524369945,1,720575941580669817,hg1,steering,haltere,14,19,266,3
2723,720575941503549931,DNg71,steering_control,720575941524369945,1,720575941655597785,b2,steering,basalar,14,25,350,3
2724,720575941503549931,DNg71,steering_control,720575941546065032,1,720575941516770670,iii4,steering,axillary_III,16,17,272,3
2725,720575941503549931,DNg71,steering_control,720575941546065032,1,720575941655597785,b2,steering,basalar,16,16,256,3
2726,720575941503549931,DNg71,steering_control,720575941549283839,1,720575941516770670,iii4,steering,axillary_III,12,24,288,3
2727,720575941503549931,DNg71,steering_control,720575941549283839,1,720575941549822781,b1,steering,basalar,12,20,240,3
2728,720575941503549931,DNg71,steering_control,720575941549283839,1,720575941549822781,b1,steering,basalar,12,17,204,3
2729,720575941503549931,DNg71,steering_control,720575941549283839,1,720575941580669817,hg1,steering,haltere,12,12,144,3
2730,720575941503549931,DNg71,steering_control,720575941549283839,1,720575941655597785,b2,steering,basalar,12,31,372,3
2731,720575941503549931,DNg71,steering_control,720575941572251144,1,720575941549822781,b1,steering,basalar,15,25,375,3
2732,720575941503549931,DNg71,steering_control,720575941572251144,1,720575941655597785,b2,steering,basalar,15,16,240,3
2733,720575941503549931,DNg71,steering_control,720575941576014774,4,720575941468288375,hg3,steering,haltere,10,10,100,3
2734,720575941503549931,DNg71,steering_control,720575941576014774,4,720575941468288375,hg3,steering,haltere,10,10,100,3
2735,720575941503549931,DNg71,steering_control,720575941579868917,4,720575941630940642,hg4,steering,haltere,14,46,644,3
2736,720575941503549931,DNg71,steering_control,720575941579868917,4,720575941630940642,hg4,steering,haltere,14,33,462,3
2737,720575941445707284,DNp28,steering_control,720575941439050703,5,720575941475745898,i2,steering,axillary_i,11,10,110,3
2738,720575941445707284,DNp28,steering_control,720575941450876794,5,720575941542412805,b3,steering,basalar,33,16,528,3
2739,720575941445707284,DNp28,steering_control,720575941450876794,5,720575941542412805,b3,steering,basalar,33,17,561,3
2740,720575941445707284,DNp28,steering_control,720575941450876794,5,720575941542412805,b3,steering,basalar,69,16,1104,3
2741,720575941445707284,DNp28,steering_control,720575941450876794,5,720575941542412805,b3,steering,basalar,69,17,1173,3
2742,720575941445707284,DNp28,steering_control,720575941450876794,5,720575941542412805,b3,steering,basalar,11,16,176,3
2743,720575941445707284,DNp28,steering_control,720575941450876794,5,720575941542412805,b3,steering,basalar,11,17,187,3
2744,720575941445707284,DNp28,steering_control,720575941464073558,5,720575941468897856,i1,steering,axillary_i,12,19,228,3
2745,720575941445707284,DNp28,steering_control,720575941464073558,5,720575941468897856,i1,steering,axillary_i,12,15,180,3
2746,720575941445707284,DNp28,steering_control,720575941464073558,5,720575941468897856,i1,steering,axillary_i,12,23,276,3
2747,720575941445707284,DNp28,steering_control,720575941464073558,5,720575941474574132,b3,steering,basalar,12,13,156,3
2748,720575941445707284,DNp28,steering_control,720575941464073558,5,720575941474574132,b3,steering,basalar,12,23,276,3
2749,720575941445707284,DNp28,steering_control,720575941464073558,5,720575941474574132,b3,steering,basalar,12,27,324,3
2750,720575941445707284,DNp28,steering_control,720575941506644540,1,720575941459347411,iii4,steering,axillary_III,22,12,264,3
2751,720575941445707284,DNp28,steering_control,720575941506644540,1,720575941624155644,b2,steering,basalar,22,12,264,3
2752,720575941445707284,DNp28,steering_control,720575941608861929,1,720575941521196211,b1,steering,basalar,11,12,132,3
2753,720575941445707284,DNp28,steering_control,720575941723242042,4,720575941456201887,hg1,steering,haltere,10,21,210,3
2754,720575941445707284,DNp28,steering_control,720575941723242042,4,720575941456201887,hg1,steering,haltere,10,24,240,3
2755,720575941445707284,DNp28,steering_control,720575941723242042,4,720575941459347411,iii4,steering,axillary_III,10,21,210,3
2756,720575941445707284,DNp28,steering_control,720575941723242042,4,720575941459347411,iii4,steering,axillary_III,10,11,110,3
2757,720575941445707284,DNp28,steering_control,720575941723242042,4,720575941459347411,iii4,steering,axillary_III,10,42,420,3
2758,720575941445707284,DNp28,steering_control,720575941723242042,4,720575941483845954,hg3,steering,haltere,10,11,110,3
2759,720575941445707284,DNp28,steering_control,720575941723242042,4,720575941456201887,hg1,steering,haltere,35,21,735,3
2760,720575941445707284,DNp28,steering_control,720575941723242042,4,720575941456201887,hg1,steering,haltere,35,24,840,3
2761,720575941445707284,DNp28,steering_control,720575941723242042,4,720575941459347411,iii4,steering,axillary_III,35,21,735,3
2762,720575941445707284,DNp28,steering_control,720575941723242042,4,720575941459347411,iii4,steering,axillary_III,35,11,385,3
2763,720575941445707284,DNp28,steering_control,720575941723242042,4,720575941459347411,iii4,steering,axillary_III,35,42,1470,3
2764,720575941445707284,DNp28,steering_control,720575941723242042,4,720575941483845954,hg3,steering,haltere,35,11,385,3
2765,720575941486700098,DNa05,steering_control,720575941461076493,3,720575941643100754,ps1,steering,pleurosternal,10,28,280,3
2766,720575941486700098,DNa05,steering_control,720575941461076493,3,720575941643100754,ps1,steering,pleurosternal,10,23,230,3
2767,720575941486700098,DNa05,steering_control,720575941461076493,3,720575941643100754,ps1,steering,pleurosternal,10,11,110,3
2768,720575941486700098,DNa05,steering_control,720575941461076493,3,720575941645041313,ps1,steering,pleurosternal,10,10,100,3
2769,720575941486700098,DNa05,steering_control,720575941496830370,5,720575941565378919,iii3,steering,axillary_III,20,58,1160,3
2770,720575941486700098,DNa05,steering_control,720575941496830370,5,720575941565378919,iii3,steering,axillary_III,20,15,300,3
2771,720575941486700098,DNa05,steering_control,720575941501721138,5,720575941565378919,iii3,steering,axillary_III,34,51,1734,3
2772,720575941486700098,DNa05,steering_control,720575941501721138,5,720575941565378919,iii3,steering,axillary_III,34,20,680,3
2773,720575941486700098,DNa05,steering_control,720575941514065043,5,720575941542412805,b3,steering,basalar,11,12,132,3
2774,720575941486700098,DNa05,steering_control,720575941514065043,5,720575941542412805,b3,steering,basalar,11,30,330,3
2775,720575941486700098,DNa05,steering_control,720575941514065043,5,720575941547315060,i1,steering,axillary_i,11,13,143,3
2776,720575941486700098,DNa05,steering_control,720575941514065043,5,720575941547315060,i1,steering,axillary_i,11,30,330,3
2777,720575941486700098,DNa05,steering_control,720575941523692290,5,720575941542412805,b3,steering,basalar,11,13,143,3
2778,720575941486700098,DNa05,steering_control,720575941523692290,5,720575941542412805,b3,steering,basalar,11,36,396,3
2779,720575941486700098,DNa05,steering_control,720575941523692290,5,720575941547315060,i1,steering,axillary_i,11,17,187,3
2780,720575941486700098,DNa05,steering_control,720575941566788602,5,720575941458961604,iii3,steering,axillary_III,10,28,280,3
2781,720575941486700098,DNa05,steering_control,720575941566788602,5,720575941565378919,iii3,steering,axillary_III,10,11,110,3
2782,720575941486700098,DNa05,steering_control,720575941566788602,5,720575941643100754,ps1,steering,pleurosternal,10,14,140,3
2783,720575941486700098,DNa05,steering_control,720575941566788602,5,720575941643100754,ps1,steering,pleurosternal,10,14,140,3
2784,720575941486700098,DNa05,steering_control,720575941566788602,5,720575941643100754,ps1,steering,pleurosternal,10,10,100,3
2785,720575941486700098,DNa05,steering_control,720575941571499515,5,720575941456201887,hg1,steering,haltere,13,10,130,3
2786,720575941486700098,DNa05,steering_control,720575941571499515,5,720575941542412805,b3,steering,basalar,13,11,143,3
2787,720575941486700098,DNa05,steering_control,720575941571499515,5,720575941542412805,b3,steering,basalar,13,56,728,3
2788,720575941486700098,DNa05,steering_control,720575941571499515,5,720575941547315060,i1,steering,axillary_i,13,23,299,3
2789,720575941486700098,DNa05,steering_control,720575941572107017,4,720575941513173763,hg4,steering,haltere,24,10,240,3
2790,720575941486700098,DNa05,steering_control,720575941572107017,4,720575941516770670,iii4,steering,axillary_III,24,13,312,3
2791,720575941486700098,DNa05,steering_control,720575941572107017,4,720575941580669817,hg1,steering,haltere,24,17,408,3
2792,720575941486700098,DNa05,steering_control,720575941572107017,4,720575941513173763,hg4,steering,haltere,10,10,100,3
2793,720575941486700098,DNa05,steering_control,720575941572107017,4,720575941516770670,iii4,steering,axillary_III,10,13,130,3
2794,720575941486700098,DNa05,steering_control,720575941572107017,4,720575941580669817,hg1,steering,haltere,10,17,170,3
2795,720575941486700098,DNa05,steering_control,720575941601153270,5,720575941456201887,hg1,steering,haltere,16,10,160,3
2796,720575941486700098,DNa05,steering_control,720575941601153270,5,720575941542412805,b3,steering,basalar,16,13,208,3
2797,720575941486700098,DNa05,steering_control,720575941601153270,5,720575941542412805,b3,steering,basalar,16,22,352,3
2798,720575941486700098,DNa05,steering_control,720575941601153270,5,720575941547315060,i1,steering,axillary_i,16,11,176,3
2799,720575941486700098,DNa05,steering_control,720575941601153270,5,720575941547315060,i1,steering,axillary_i,16,16,256,3
2800,720575941486700098,DNa05,steering_control,720575941608310346,5,720575941474574132,b3,steering,basalar,12,14,168,3
2801,720575941486700098,DNa05,steering_control,720575941608310346,5,720575941474574132,b3,steering,basalar,12,10,120,3
2802,720575941486700098,DNa05,steering_control,720575941608310346,5,720575941580669817,hg1,steering,haltere,12,12,144,3
2803,720575941486700098,DNa05,steering_control,720575941613256211,4,720575941468897856,i1,steering,axillary_i,13,18,234,3
2804,720575941486700098,DNa05,steering_control,720575941613256211,4,720575941513173763,hg4,steering,haltere,13,14,182,3
2805,720575941486700098,DNa05,steering_control,720575941613256211,4,720575941580669817,hg1,steering,haltere,13,20,260,3
2806,720575941486700098,DNa05,steering_control,720575941652038421,5,720575941521196211,b1,steering,basalar,11,19,209,3
2807,720575941486700098,DNa05,steering_control,720575941652038421,5,720575941565378919,iii3,steering,axillary_III,11,26,286,3
2808,720575941486700098,DNa05,steering_control,720575941652038421,5,720575941624155644,b2,steering,basalar,11,17,187,3
2809,720575941486700098,DNa05,steering_control,720575941652314841,5,720575941458961604,iii3,steering,axillary_III,16,11,176,3
2810,720575941486700098,DNa05,steering_control,720575941652314841,5,720575941458961604,iii3,steering,axillary_III,16,14,224,3
2811,720575941438410514,DNb07,steering_control,720575941526701412,3,720575941630940642,hg4,steering,haltere,31,12,372,3
2812,720575941438410514,DNb07,steering_control,720575941526701412,3,720575941645041313,ps1,steering,pleurosternal,31,11,341,3
2813,720575941438410514,DNb07,steering_control,720575941526701412,3,720575941732789547,hg2,steering,haltere,31,14,434,3
2814,720575941438410514,DNb07,steering_control,720575941552622398,4,720575941483845954,hg3,steering,haltere,11,14,154,3
2815,720575941438410514,DNb07,steering_control,720575941552622398,4,720575941483845954,hg3,steering,haltere,11,16,176,3
2816,720575941438410514,DNb07,steering_control,720575941575397263,3,720575941645041313,ps1,steering,pleurosternal,13,25,325,3
2817,720575941438410514,DNb07,steering_control,720575941575397263,3,720575941645041313,ps1,steering,pleurosternal,10,25,250,3
2818,720575941438410514,DNb07,steering_control,720575941623108298,3,720575941463144336,DLM1,power,DLM,23,10,230,3
2819,720575941438410514,DNb07,steering_control,720575941623108298,3,720575941472734048,DVM1A,power,DVM,23,13,299,3
2820,720575941438410514,DNb07,steering_control,720575941623108298,3,720575941472734048,DVM1A,power,DVM,23,39,897,3
2821,720575941438410514,DNb07,steering_control,720575941623108298,3,720575941479034563,DLM1,power,DLM,23,15,345,3
2822,720575941438410514,DNb07,steering_control,720575941623108298,3,720575941487139138,DVM3A,power,DVM,23,14,322,3
2823,720575941438410514,DNb07,steering_control,720575941623108298,3,720575941530190027,DVM2A,power,DVM,23,11,253,3
2824,720575941438410514,DNb07,steering_control,720575941623108298,3,720575941597489344,DVM1A,power,DVM,23,20,460,3
2825,720575941438410514,DNb07,steering_control,720575941623108298,3,720575941603635190,DVM1A,power,DVM,23,32,736,3
2826,720575941438410514,DNb07,steering_control,720575941623108298,3,720575941624985226,DVM2A,power,DVM,23,11,253,3
2827,720575941438410514,DNb07,steering_control,720575941623108298,3,720575941643100754,ps1,steering,pleurosternal,23,20,460,3
2828,720575941438410514,DNb07,steering_control,720575941623108298,3,720575941643100754,ps1,steering,pleurosternal,23,96,2208,3
2829,720575941438410514,DNb07,steering_control,720575941623108298,3,720575941643100754,ps1,steering,pleurosternal,23,11,253,3
2830,720575941438410514,DNb07,steering_control,720575941623108298,3,720575941643100754,ps1,steering,pleurosternal,23,182,4186,3
2831,720575941438410514,DNb07,steering_control,720575941623108298,3,720575941643100754,ps1,steering,pleurosternal,23,20,460,3
2832,720575941438410514,DNb07,steering_control,720575941623108298,3,720575941645041313,ps1,steering,pleurosternal,23,26,598,3
2833,720575941438410514,DNb07,steering_control,720575941623108298,3,720575941645041313,ps1,steering,pleurosternal,23,52,1196,3
2834,720575941438410514,DNb07,steering_control,720575941623108298,3,720575941645041313,ps1,steering,pleurosternal,23,21,483,3
2835,720575941438410514,DNb07,steering_control,720575941623108298,3,720575941645041313,ps1,steering,pleurosternal,23,16,368,3
2836,720575941438410514,DNb07,steering_control,720575941623108298,3,720575941645041313,ps1,steering,pleurosternal,23,47,1081,3
2837,720575941438410514,DNb07,steering_control,720575941623108298,3,720575941645403000,DLM1,power,DLM,23,11,253,3
2838,720575941438410514,DNb07,steering_control,720575941623108298,3,720575941463144336,DLM1,power,DLM,19,10,190,3
2839,720575941438410514,DNb07,steering_control,720575941623108298,3,720575941472734048,DVM1A,power,DVM,19,13,247,3
2840,720575941438410514,DNb07,steering_control,720575941623108298,3,720575941472734048,DVM1A,power,DVM,19,39,741,3
2841,720575941438410514,DNb07,steering_control,720575941623108298,3,720575941479034563,DLM1,power,DLM,19,15,285,3
2842,720575941438410514,DNb07,steering_control,720575941623108298,3,720575941487139138,DVM3A,power,DVM,19,14,266,3
2843,720575941438410514,DNb07,steering_control,720575941623108298,3,720575941530190027,DVM2A,power,DVM,19,11,209,3
2844,720575941438410514,DNb07,steering_control,720575941623108298,3,720575941597489344,DVM1A,power,DVM,19,20,380,3
2845,720575941438410514,DNb07,steering_control,720575941623108298,3,720575941603635190,DVM1A,power,DVM,19,32,608,3
2846,720575941438410514,DNb07,steering_control,720575941623108298,3,720575941624985226,DVM2A,power,DVM,19,11,209,3
2847,720575941438410514,DNb07,steering_control,720575941623108298,3,720575941643100754,ps1,steering,pleurosternal,19,20,380,3
2848,720575941438410514,DNb07,steering_control,720575941623108298,3,720575941643100754,ps1,steering,pleurosternal,19,96,1824,3
2849,720575941438410514,DNb07,steering_control,720575941623108298,3,720575941643100754,ps1,steering,pleurosternal,19,11,209,3
2850,720575941438410514,DNb07,steering_control,720575941623108298,3,720575941643100754,ps1,steering,pleurosternal,19,182,3458,3
2851,720575941438410514,DNb07,steering_control,720575941623108298,3,720575941643100754,ps1,steering,pleurosternal,19,20,380,3
2852,720575941438410514,DNb07,steering_control,720575941623108298,3,720575941645041313,ps1,steering,pleurosternal,19,26,494,3
2853,720575941438410514,DNb07,steering_control,720575941623108298,3,720575941645041313,ps1,steering,pleurosternal,19,52,988,3
2854,720575941438410514,DNb07,steering_control,720575941623108298,3,720575941645041313,ps1,steering,pleurosternal,19,21,399,3
2855,720575941438410514,DNb07,steering_control,720575941623108298,3,720575941645041313,ps1,steering,pleurosternal,19,16,304,3
2856,720575941438410514,DNb07,steering_control,720575941623108298,3,720575941645041313,ps1,steering,pleurosternal,19,47,893,3
2857,720575941438410514,DNb07,steering_control,720575941623108298,3,720575941645403000,DLM1,power,DLM,19,11,209,3
2858,720575941438410514,DNb07,steering_control,720575941623108298,3,720575941463144336,DLM1,power,DLM,29,10,290,3
2859,720575941438410514,DNb07,steering_control,720575941623108298,3,720575941472734048,DVM1A,power,DVM,29,13,377,3
2860,720575941438410514,DNb07,steering_control,720575941623108298,3,720575941472734048,DVM1A,power,DVM,29,39,1131,3
2861,720575941438410514,DNb07,steering_control,720575941623108298,3,720575941479034563,DLM1,power,DLM,29,15,435,3
2862,720575941438410514,DNb07,steering_control,720575941623108298,3,720575941487139138,DVM3A,power,DVM,29,14,406,3
2863,720575941438410514,DNb07,steering_control,720575941623108298,3,720575941530190027,DVM2A,power,DVM,29,11,319,3
2864,720575941438410514,DNb07,steering_control,720575941623108298,3,720575941597489344,DVM1A,power,DVM,29,20,580,3
2865,720575941438410514,DNb07,steering_control,720575941623108298,3,720575941603635190,DVM1A,power,DVM,29,32,928,3
2866,720575941438410514,DNb07,steering_control,720575941623108298,3,720575941624985226,DVM2A,power,DVM,29,11,319,3
2867,720575941438410514,DNb07,steering_control,720575941623108298,3,720575941643100754,ps1,steering,pleurosternal,29,20,580,3
2868,720575941438410514,DNb07,steering_control,720575941623108298,3,720575941643100754,ps1,steering,pleurosternal,29,96,2784,3
2869,720575941438410514,DNb07,steering_control,720575941623108298,3,720575941643100754,ps1,steering,pleurosternal,29,11,319,3
2870,720575941438410514,DNb07,steering_control,720575941623108298,3,720575941643100754,ps1,steering,pleurosternal,29,182,5278,3
2871,720575941438410514,DNb07,steering_control,720575941623108298,3,720575941643100754,ps1,steering,pleurosternal,29,20,580,3
2872,720575941438410514,DNb07,steering_control,720575941623108298,3,720575941645041313,ps1,steering,pleurosternal,29,26,754,3
2873,720575941438410514,DNb07,steering_control,720575941623108298,3,720575941645041313,ps1,steering,pleurosternal,29,52,1508,3
2874,720575941438410514,DNb07,steering_control,720575941623108298,3,720575941645041313,ps1,steering,pleurosternal,29,21,609,3
2875,720575941438410514,DNb07,steering_control,720575941623108298,3,720575941645041313,ps1,steering,pleurosternal,29,16,464,3
2876,720575941438410514,DNb07,steering_control,720575941623108298,3,720575941645041313,ps1,steering,pleurosternal,29,47,1363,3
2877,720575941438410514,DNb07,steering_control,720575941623108298,3,720575941645403000,DLM1,power,DLM,29,11,319,3
2878,720575941438410514,DNb07,steering_control,720575941671138727,3,720575941479034563,DLM1,power,DLM,21,10,210,3
2879,720575941438410514,DNb07,steering_control,720575941671138727,3,720575941565105206,DVM1A,power,DVM,21,46,966,3
2880,720575941438410514,DNb07,steering_control,720575941671138727,3,720575941566847847,DVM1A,power,DVM,21,25,525,3
2881,720575941438410514,DNb07,steering_control,720575941671138727,3,720575941643100754,ps1,steering,pleurosternal,21,41,861,3
2882,720575941438410514,DNb07,steering_control,720575941671138727,3,720575941643100754,ps1,steering,pleurosternal,21,11,231,3
2883,720575941438410514,DNb07,steering_control,720575941671138727,3,720575941643100754,ps1,steering,pleurosternal,21,36,756,3
2884,720575941438410514,DNb07,steering_control,720575941671138727,3,720575941643100754,ps1,steering,pleurosternal,21,34,714,3
2885,720575941438410514,DNb07,steering_control,720575941671138727,3,720575941645041313,ps1,steering,pleurosternal,21,64,1344,3
2886,720575941438410514,DNb07,steering_control,720575941671138727,3,720575941645041313,ps1,steering,pleurosternal,21,24,504,3
2887,720575941438410514,DNb07,steering_control,720575941671138727,3,720575941645041313,ps1,steering,pleurosternal,21,157,3297,3
2888,720575941438410514,DNb07,steering_control,720575941671138727,3,720575941645403000,DLM1,power,DLM,21,23,483,3
2889,720575941438410514,DNb07,steering_control,720575941671138727,3,720575941479034563,DLM1,power,DLM,20,10,200,3
2890,720575941438410514,DNb07,steering_control,720575941671138727,3,720575941565105206,DVM1A,power,DVM,20,46,920,3
2891,720575941438410514,DNb07,steering_control,720575941671138727,3,720575941566847847,DVM1A,power,DVM,20,25,500,3
2892,720575941438410514,DNb07,steering_control,720575941671138727,3,720575941643100754,ps1,steering,pleurosternal,20,41,820,3
2893,720575941438410514,DNb07,steering_control,720575941671138727,3,720575941643100754,ps1,steering,pleurosternal,20,11,220,3
2894,720575941438410514,DNb07,steering_control,720575941671138727,3,720575941643100754,ps1,steering,pleurosternal,20,36,720,3
2895,720575941438410514,DNb07,steering_control,720575941671138727,3,720575941643100754,ps1,steering,pleurosternal,20,34,680,3
2896,720575941438410514,DNb07,steering_control,720575941671138727,3,720575941645041313,ps1,steering,pleurosternal,20,64,1280,3
2897,720575941438410514,DNb07,steering_control,720575941671138727,3,720575941645041313,ps1,steering,pleurosternal,20,24,480,3
2898,720575941438410514,DNb07,steering_control,720575941671138727,3,720575941645041313,ps1,steering,pleurosternal,20,157,3140,3
2899,720575941438410514,DNb07,steering_control,720575941671138727,3,720575941645403000,DLM1,power,DLM,20,23,460,3
2900,720575941438410514,DNb07,steering_control,720575941671138727,3,720575941479034563,DLM1,power,DLM,28,10,280,3
2901,720575941438410514,DNb07,steering_control,720575941671138727,3,720575941565105206,DVM1A,power,DVM,28,46,1288,3
2902,720575941438410514,DNb07,steering_control,720575941671138727,3,720575941566847847,DVM1A,power,DVM,28,25,700,3
2903,720575941438410514,DNb07,steering_control,720575941671138727,3,720575941643100754,ps1,steering,pleurosternal,28,41,1148,3
2904,720575941438410514,DNb07,steering_control,720575941671138727,3,720575941643100754,ps1,steering,pleurosternal,28,11,308,3
2905,720575941438410514,DNb07,steering_control,720575941671138727,3,720575941643100754,ps1,steering,pleurosternal,28,36,1008,3
2906,720575941438410514,DNb07,steering_control,720575941671138727,3,720575941643100754,ps1,steering,pleurosternal,28,34,952,3
2907,720575941438410514,DNb07,steering_control,720575941671138727,3,720575941645041313,ps1,steering,pleurosternal,28,64,1792,3
2908,720575941438410514,DNb07,steering_control,720575941671138727,3,720575941645041313,ps1,steering,pleurosternal,28,24,672,3
2909,720575941438410514,DNb07,steering_control,720575941671138727,3,720575941645041313,ps1,steering,pleurosternal,28,157,4396,3
2910,720575941438410514,DNb07,steering_control,720575941671138727,3,720575941645403000,DLM1,power,DLM,28,23,644,3
2911,720575941527162905,DNb05,power_control,720575941457802480,2,720575941463144336,DLM1,power,DLM,39,11,429,3
2912,720575941527162905,DNb05,power_control,720575941457802480,2,720575941516770670,iii4,steering,axillary_III,39,26,1014,3
2913,720575941527162905,DNb05,power_control,720575941457802480,2,720575941519783640,DLM1,power,DLM,39,11,429,3
2914,720575941527162905,DNb05,power_control,720575941457802480,2,720575941640465439,DLM1,power,DLM,39,17,663,3
2915,720575941527162905,DNb05,power_control,720575941457802480,2,720575941645403000,DLM1,power,DLM,39,13,507,3
2916,720575941527162905,DNb05,power_control,720575941457802480,2,720575941655597785,b2,steering,basalar,39,13,507,3
2917,720575941527162905,DNb05,power_control,720575941457802480,2,720575941655597785,b2,steering,basalar,39,10,390,3
2918,720575941527162905,DNb05,power_control,720575941474741819,2,720575941463144336,DLM1,power,DLM,47,13,611,3
2919,720575941527162905,DNb05,power_control,720575941474741819,2,720575941533190337,DLM1,power,DLM,47,18,846,3
2920,720575941527162905,DNb05,power_control,720575941474741819,2,720575941624155644,b2,steering,basalar,47,11,517,3
2921,720575941527162905,DNb05,power_control,720575941474741819,2,720575941655597785,b2,steering,basalar,47,22,1034,3
2922,720575941527162905,DNb05,power_control,720575941474741819,2,720575941463144336,DLM1,power,DLM,57,13,741,3
2923,720575941527162905,DNb05,power_control,720575941474741819,2,720575941533190337,DLM1,power,DLM,57,18,1026,3
2924,720575941527162905,DNb05,power_control,720575941474741819,2,720575941624155644,b2,steering,basalar,57,11,627,3
2925,720575941527162905,DNb05,power_control,720575941474741819,2,720575941655597785,b2,steering,basalar,57,22,1254,3
2926,720575941527162905,DNb05,power_control,720575941524114276,3,720575941459347411,iii4,steering,axillary_III,11,18,198,3
2927,720575941527162905,DNb05,power_control,720575941524114276,3,720575941459347411,iii4,steering,axillary_III,11,43,473,3
2928,720575941527162905,DNb05,power_control,720575941524114276,3,720575941513173763,hg4,steering,haltere,11,14,154,3
2929,720575941527162905,DNb05,power_control,720575941524114276,3,720575941516770670,iii4,steering,axillary_III,11,11,121,3
2930,720575941527162905,DNb05,power_control,720575941524114276,3,720575941516770670,iii4,steering,axillary_III,11,53,583,3
2931,720575941527162905,DNb05,power_control,720575941524114276,3,720575941519783640,DLM1,power,DLM,11,12,132,3
2932,720575941527162905,DNb05,power_control,720575941524114276,3,720575941521196211,b1,steering,basalar,11,21,231,3
2933,720575941527162905,DNb05,power_control,720575941524114276,3,720575941533190337,DLM1,power,DLM,11,11,121,3
2934,720575941527162905,DNb05,power_control,720575941524114276,3,720575941549822781,b1,steering,basalar,11,19,209,3
2935,720575941527162905,DNb05,power_control,720575941524114276,3,720575941549822781,b1,steering,basalar,11,40,440,3
2936,720575941527162905,DNb05,power_control,720575941524114276,3,720575941580669817,hg1,steering,haltere,11,12,132,3
2937,720575941527162905,DNb05,power_control,720575941524114276,3,720575941583644382,DLM1,power,DLM,11,20,220,3
2938,720575941527162905,DNb05,power_control,720575941524114276,3,720575941624155644,b2,steering,basalar,11,11,121,3
2939,720575941527162905,DNb05,power_control,720575941524114276,3,720575941624155644,b2,steering,basalar,11,39,429,3
2940,720575941527162905,DNb05,power_control,720575941524114276,3,720575941630940642,hg4,steering,haltere,11,11,121,3
2941,720575941527162905,DNb05,power_control,720575941524114276,3,720575941640465439,DLM1,power,DLM,11,10,110,3
2942,720575941527162905,DNb05,power_control,720575941524114276,3,720575941640465439,DLM1,power,DLM,11,12,132,3
2943,720575941527162905,DNb05,power_control,720575941524114276,3,720575941643100754,ps1,steering,pleurosternal,11,14,154,3
2944,720575941527162905,DNb05,power_control,720575941524114276,3,720575941643100754,ps1,steering,pleurosternal,11,41,451,3
2945,720575941527162905,DNb05,power_control,720575941524114276,3,720575941643100754,ps1,steering,pleurosternal,11,12,132,3
2946,720575941527162905,DNb05,power_control,720575941524114276,3,720575941643100754,ps1,steering,pleurosternal,11,26,286,3
2947,720575941527162905,DNb05,power_control,720575941524114276,3,720575941643100754,ps1,steering,pleurosternal,11,83,913,3
2948,720575941527162905,DNb05,power_control,720575941524114276,3,720575941645041313,ps1,steering,pleurosternal,11,24,264,3
2949,720575941527162905,DNb05,power_control,720575941524114276,3,720575941645041313,ps1,steering,pleurosternal,11,16,176,3
2950,720575941527162905,DNb05,power_control,720575941524114276,3,720575941645041313,ps1,steering,pleurosternal,11,31,341,3
2951,720575941527162905,DNb05,power_control,720575941524114276,3,720575941645041313,ps1,steering,pleurosternal,11,34,374,3
2952,720575941527162905,DNb05,power_control,720575941524114276,3,720575941645403000,DLM1,power,DLM,11,10,110,3
2953,720575941527162905,DNb05,power_control,720575941524114276,3,720575941655597785,b2,steering,basalar,11,17,187,3
2954,720575941527162905,DNb05,power_control,720575941524114276,3,720575941655597785,b2,steering,basalar,11,58,638,3
2955,720575941527162905,DNb05,power_control,720575941572737679,4,720575941630940642,hg4,steering,haltere,28,12,336,3
2956,720575941527162905,DNb05,power_control,720575941576941045,5,720575941565378919,iii3,steering,axillary_III,11,17,187,3
2957,720575941527162905,DNb05,power_control,720575941576941045,5,720575941655597785,b2,steering,basalar,11,12,132,3
2958,720575941527162905,DNb05,power_control,720575941630933947,1,720575941624155644,b2,steering,basalar,10,10,100,3
2959,720575941527162905,DNb05,power_control,720575941630933947,1,720575941655597785,b2,steering,basalar,10,19,190,3
2960,720575941701235930,DNxn142,steering_control,720575941465484566,1,720575941655597785,b2,steering,basalar,47,37,1739,3
2961,720575941701235930,DNxn142,steering_control,720575941473850720,5,720575941479658831,hg2,steering,haltere,20,10,200,3
2962,720575941701235930,DNxn142,steering_control,720575941473850720,5,720575941542412805,b3,steering,basalar,20,10,200,3
2963,720575941701235930,DNxn142,steering_control,720575941473850720,5,720575941542412805,b3,steering,basalar,20,11,220,3
2964,720575941701235930,DNxn142,steering_control,720575941530853507,1,720575941456201887,hg1,steering,haltere,10,11,110,3
2965,720575941701235930,DNxn142,steering_control,720575941530853507,1,720575941456201887,hg1,steering,haltere,10,10,100,3
2966,720575941701235930,DNxn142,steering_control,720575941530853507,1,720575941459347411,iii4,steering,axillary_III,10,10,100,3
2967,720575941701235930,DNxn142,steering_control,720575941530853507,1,720575941459347411,iii4,steering,axillary_III,10,12,120,3
2968,720575941701235930,DNxn142,steering_control,720575941530853507,1,720575941521196211,b1,steering,basalar,10,15,150,3
2969,720575941701235930,DNxn142,steering_control,720575941530853507,1,720575941624155644,b2,steering,basalar,10,26,260,3
2970,720575941701235930,DNxn142,steering_control,720575941535331338,4,720575941516770670,iii4,steering,axillary_III,10,21,210,3
2971,720575941701235930,DNxn142,steering_control,720575941535331338,4,720575941516770670,iii4,steering,axillary_III,10,20,200,3
2972,720575941701235930,DNxn142,steering_control,720575941535331338,4,720575941580669817,hg1,steering,haltere,10,51,510,3
2973,720575941701235930,DNxn142,steering_control,720575941535331338,4,720575941580669817,hg1,steering,haltere,10,36,360,3
2974,720575941701235930,DNxn142,steering_control,720575941535331338,4,720575941655597785,b2,steering,basalar,10,15,150,3
2975,720575941701235930,DNxn142,steering_control,720575941535331338,4,720575941655597785,b2,steering,basalar,10,18,180,3
2976,720575941701235930,DNxn142,steering_control,720575941572251144,1,720575941549822781,b1,steering,basalar,14,25,350,3
2977,720575941701235930,DNxn142,steering_control,720575941572251144,1,720575941655597785,b2,steering,basalar,14,16,224,3
2978,720575941701235930,DNxn142,steering_control,720575941572251144,1,720575941549822781,b1,steering,basalar,77,25,1925,3
2979,720575941701235930,DNxn142,steering_control,720575941572251144,1,720575941655597785,b2,steering,basalar,77,16,1232,3
2980,720575941701235930,DNxn142,steering_control,720575941630748859,1,720575941655597785,b2,steering,basalar,24,10,240,3
2981,720575941701235930,DNxn142,steering_control,720575941630748859,1,720575941655597785,b2,steering,basalar,24,58,1392,3
2982,720575941651815445,DNge084,steering_control,720575941436996882,4,720575941456201887,hg1,steering,haltere,10,41,410,3
2983,720575941651815445,DNge084,steering_control,720575941436996882,4,720575941456201887,hg1,steering,haltere,10,25,250,3
2984,720575941651815445,DNge084,steering_control,720575941436996882,4,720575941459347411,iii4,steering,axillary_III,10,32,320,3
2985,720575941651815445,DNge084,steering_control,720575941436996882,4,720575941459347411,iii4,steering,axillary_III,10,21,210,3
2986,720575941651815445,DNge084,steering_control,720575941436996882,4,720575941624155644,b2,steering,basalar,10,12,120,3
2987,720575941651815445,DNge084,steering_control,720575941457147206,4,720575941513173763,hg4,steering,haltere,66,66,4356,3
2988,720575941651815445,DNge084,steering_control,720575941457147206,4,720575941513173763,hg4,steering,haltere,66,19,1254,3
2989,720575941651815445,DNge084,steering_control,720575941457147206,4,720575941516770670,iii4,steering,axillary_III,66,32,2112,3
2990,720575941651815445,DNge084,steering_control,720575941457147206,4,720575941549822781,b1,steering,basalar,66,25,1650,3
2991,720575941651815445,DNge084,steering_control,720575941457147206,4,720575941565378919,iii3,steering,axillary_III,66,18,1188,3
2992,720575941651815445,DNge084,steering_control,720575941457147206,4,720575941580669817,hg1,steering,haltere,66,40,2640,3
2993,720575941651815445,DNge084,steering_control,720575941457147206,4,720575941643100754,ps1,steering,pleurosternal,66,15,990,3
2994,720575941651815445,DNge084,steering_control,720575941457147206,4,720575941513173763,hg4,steering,haltere,14,66,924,3
2995,720575941651815445,DNge084,steering_control,720575941457147206,4,720575941513173763,hg4,steering,haltere,14,19,266,3
2996,720575941651815445,DNge084,steering_control,720575941457147206,4,720575941516770670,iii4,steering,axillary_III,14,32,448,3
2997,720575941651815445,DNge084,steering_control,720575941457147206,4,720575941549822781,b1,steering,basalar,14,25,350,3
2998,720575941651815445,DNge084,steering_control,720575941457147206,4,720575941565378919,iii3,steering,axillary_III,14,18,252,3
2999,720575941651815445,DNge084,steering_control,720575941457147206,4,720575941580669817,hg1,steering,haltere,14,40,560,3
3000,720575941651815445,DNge084,steering_control,720575941457147206,4,720575941643100754,ps1,steering,pleurosternal,14,15,210,3
3001,720575941651815445,DNge084,steering_control,720575941477884802,4,720575941456201887,hg1,steering,haltere,18,27,486,3
3002,720575941651815445,DNge084,steering_control,720575941477884802,4,720575941456201887,hg1,steering,haltere,18,29,522,3
3003,720575941651815445,DNge084,steering_control,720575941477884802,4,720575941459347411,iii4,steering,axillary_III,18,19,342,3
3004,720575941651815445,DNge084,steering_control,720575941477884802,4,720575941624155644,b2,steering,basalar,18,26,468,3
3005,720575941651815445,DNge084,steering_control,720575941524369945,1,720575941516770670,iii4,steering,axillary_III,10,14,140,3
3006,720575941651815445,DNge084,steering_control,720575941524369945,1,720575941580669817,hg1,steering,haltere,10,19,190,3
3007,720575941651815445,DNge084,steering_control,720575941524369945,1,720575941655597785,b2,steering,basalar,10,25,250,3
3008,720575941651815445,DNge084,steering_control,720575941546065032,1,720575941516770670,iii4,steering,axillary_III,14,17,238,3
3009,720575941651815445,DNge084,steering_control,720575941546065032,1,720575941655597785,b2,steering,basalar,14,16,224,3
3010,720575941651815445,DNge084,steering_control,720575941612053094,1,720575941513173763,hg4,steering,haltere,33,11,363,3
3011,720575941651815445,DNge084,steering_control,720575941612053094,1,720575941516770670,iii4,steering,axillary_III,33,14,462,3
3012,720575941651815445,DNge084,steering_control,720575941612053094,1,720575941580669817,hg1,steering,haltere,33,57,1881,3
3013,720575941651815445,DNge084,steering_control,720575941612053094,1,720575941580669817,hg1,steering,haltere,33,24,792,3
3014,720575941651815445,DNge084,steering_control,720575941612053094,1,720575941655597785,b2,steering,basalar,33,22,726,3
3015,720575941651815445,DNge084,steering_control,720575941612053094,1,720575941655597785,b2,steering,basalar,33,18,594,3
3016,720575941651815445,DNge084,steering_control,720575941723242042,4,720575941456201887,hg1,steering,haltere,29,21,609,3
3017,720575941651815445,DNge084,steering_control,720575941723242042,4,720575941456201887,hg1,steering,haltere,29,24,696,3
3018,720575941651815445,DNge084,steering_control,720575941723242042,4,720575941459347411,iii4,steering,axillary_III,29,21,609,3
3019,720575941651815445,DNge084,steering_control,720575941723242042,4,720575941459347411,iii4,steering,axillary_III,29,11,319,3
3020,720575941651815445,DNge084,steering_control,720575941723242042,4,720575941459347411,iii4,steering,axillary_III,29,42,1218,3
3021,720575941651815445,DNge084,steering_control,720575941723242042,4,720575941483845954,hg3,steering,haltere,29,11,319,3
3022,720575941508492417,DNg71,steering_control,720575941413990172,4,720575941456201887,hg1,steering,haltere,14,15,210,3
3023,720575941508492417,DNg71,steering_control,720575941413990172,4,720575941459347411,iii4,steering,axillary_III,14,16,224,3
3024,720575941508492417,DNg71,steering_control,720575941413990172,4,720575941624155644,b2,steering,basalar,14,13,182,3
3025,720575941508492417,DNg71,steering_control,720575941429556655,4,720575941456201887,hg1,steering,haltere,18,16,288,3
3026,720575941508492417,DNg71,steering_control,720575941429556655,4,720575941630940642,hg4,steering,haltere,18,57,1026,3
3027,720575941508492417,DNg71,steering_control,720575941429556655,4,720575941630940642,hg4,steering,haltere,18,10,180,3
3028,720575941508492417,DNg71,steering_control,720575941429556655,4,720575941630940642,hg4,steering,haltere,18,14,252,3
3029,720575941508492417,DNg71,steering_control,720575941456348575,4,720575941456201887,hg1,steering,haltere,32,39,1248,3
3030,720575941508492417,DNg71,steering_control,720575941456348575,4,720575941458961604,iii3,steering,axillary_III,32,20,640,3
3031,720575941508492417,DNg71,steering_control,720575941456348575,4,720575941459347411,iii4,steering,axillary_III,32,48,1536,3
3032,720575941508492417,DNg71,steering_control,720575941456348575,4,720575941459347411,iii4,steering,axillary_III,32,13,416,3
3033,720575941508492417,DNg71,steering_control,720575941456348575,4,720575941483845954,hg3,steering,haltere,32,19,608,3
3034,720575941508492417,DNg71,steering_control,720575941456348575,4,720575941630940642,hg4,steering,haltere,32,61,1952,3
3035,720575941508492417,DNg71,steering_control,720575941456348575,4,720575941630940642,hg4,steering,haltere,32,13,416,3
3036,720575941508492417,DNg71,steering_control,720575941557612915,1,720575941521196211,b1,steering,basalar,12,10,120,3
3037,720575941508492417,DNg71,steering_control,720575941557612915,1,720575941624155644,b2,steering,basalar,12,10,120,3
3038,720575941508492417,DNg71,steering_control,720575941608310346,5,720575941474574132,b3,steering,basalar,78,14,1092,3
3039,720575941508492417,DNg71,steering_control,720575941608310346,5,720575941474574132,b3,steering,basalar,78,10,780,3
3040,720575941508492417,DNg71,steering_control,720575941608310346,5,720575941580669817,hg1,steering,haltere,78,12,936,3
3041,720575941508492417,DNg71,steering_control,720575941608310346,5,720575941474574132,b3,steering,basalar,17,14,238,3
3042,720575941508492417,DNg71,steering_control,720575941608310346,5,720575941474574132,b3,steering,basalar,17,10,170,3
3043,720575941508492417,DNg71,steering_control,720575941608310346,5,720575941580669817,hg1,steering,haltere,17,12,204,3
3044,720575941508492417,DNg71,steering_control,720575941608991050,1,720575941521196211,b1,steering,basalar,22,31,682,3
3045,720575941508492417,DNg71,steering_control,720575941608991050,1,720575941624155644,b2,steering,basalar,22,29,638,3
3046,720575941476477492,DNxn122,steering_control,720575941464073558,5,720575941468897856,i1,steering,axillary_i,20,19,380,3
3047,720575941476477492,DNxn122,steering_control,720575941464073558,5,720575941468897856,i1,steering,axillary_i,20,15,300,3
3048,720575941476477492,DNxn122,steering_control,720575941464073558,5,720575941468897856,i1,steering,axillary_i,20,23,460,3
3049,720575941476477492,DNxn122,steering_control,720575941464073558,5,720575941474574132,b3,steering,basalar,20,13,260,3
3050,720575941476477492,DNxn122,steering_control,720575941464073558,5,720575941474574132,b3,steering,basalar,20,23,460,3
3051,720575941476477492,DNxn122,steering_control,720575941464073558,5,720575941474574132,b3,steering,basalar,20,27,540,3
3052,720575941476477492,DNxn122,steering_control,720575941465484566,1,720575941655597785,b2,steering,basalar,20,37,740,3
3053,720575941476477492,DNxn122,steering_control,720575941473850720,5,720575941479658831,hg2,steering,haltere,15,10,150,3
3054,720575941476477492,DNxn122,steering_control,720575941473850720,5,720575941542412805,b3,steering,basalar,15,10,150,3
3055,720575941476477492,DNxn122,steering_control,720575941473850720,5,720575941542412805,b3,steering,basalar,15,11,165,3
3056,720575941476477492,DNxn122,steering_control,720575941473850720,5,720575941479658831,hg2,steering,haltere,29,10,290,3
3057,720575941476477492,DNxn122,steering_control,720575941473850720,5,720575941542412805,b3,steering,basalar,29,10,290,3
3058,720575941476477492,DNxn122,steering_control,720575941473850720,5,720575941542412805,b3,steering,basalar,29,11,319,3
3059,720575941476477492,DNxn122,steering_control,720575941477166622,5,720575941542412805,b3,steering,basalar,23,17,391,3
3060,720575941476477492,DNxn122,steering_control,720575941477166622,5,720575941547315060,i1,steering,axillary_i,23,13,299,3
3061,720575941476477492,DNxn122,steering_control,720575941537600973,4,720575941456201887,hg1,steering,haltere,11,26,286,3
3062,720575941476477492,DNxn122,steering_control,720575941537600973,4,720575941547315060,i1,steering,axillary_i,11,15,165,3
3063,720575941476477492,DNxn122,steering_control,720575941572251144,1,720575941549822781,b1,steering,basalar,20,25,500,3
3064,720575941476477492,DNxn122,steering_control,720575941572251144,1,720575941655597785,b2,steering,basalar,20,16,320,3
3065,720575941476477492,DNxn122,steering_control,720575941572251144,1,720575941549822781,b1,steering,basalar,19,25,475,3
3066,720575941476477492,DNxn122,steering_control,720575941572251144,1,720575941655597785,b2,steering,basalar,19,16,304,3
3067,720575941476477492,DNxn122,steering_control,720575941611080010,5,720575941458961604,iii3,steering,axillary_III,10,13,130,3
3068,720575941476477492,DNxn122,steering_control,720575941611080010,5,720575941565378919,iii3,steering,axillary_III,10,231,2310,3
3069,720575941476477492,DNxn122,steering_control,720575941611080010,5,720575941565378919,iii3,steering,axillary_III,10,11,110,3
3070,720575941476477492,DNxn122,steering_control,720575941611080010,5,720575941565378919,iii3,steering,axillary_III,10,46,460,3
3071,720575941476477492,DNxn122,steering_control,720575941612053094,1,720575941513173763,hg4,steering,haltere,19,11,209,3
3072,720575941476477492,DNxn122,steering_control,720575941612053094,1,720575941516770670,iii4,steering,axillary_III,19,14,266,3
3073,720575941476477492,DNxn122,steering_control,720575941612053094,1,720575941580669817,hg1,steering,haltere,19,57,1083,3
3074,720575941476477492,DNxn122,steering_control,720575941612053094,1,720575941580669817,hg1,steering,haltere,19,24,456,3
3075,720575941476477492,DNxn122,steering_control,720575941612053094,1,720575941655597785,b2,steering,basalar,19,22,418,3
3076,720575941476477492,DNxn122,steering_control,720575941612053094,1,720575941655597785,b2,steering,basalar,19,18,342,3
3077,720575941408508078,DNp08,steering_control,720575941438659551,1,720575941624155644,b2,steering,basalar,14,10,140,3
3078,720575941408508078,DNp08,steering_control,720575941438659551,1,720575941655597785,b2,steering,basalar,14,43,602,3
3079,720575941408508078,DNp08,steering_control,720575941537501160,5,720575941489673420,iii1,steering,axillary_III,12,15,180,3
3080,720575941408508078,DNp08,steering_control,720575941537501160,5,720575941629172716,iii1,steering,axillary_III,12,12,144,3
3081,720575941408508078,DNp08,steering_control,720575941563920999,5,720575941629172716,iii1,steering,axillary_III,28,15,420,3
3082,720575941408508078,DNp08,steering_control,720575941563920999,5,720575941629172716,iii1,steering,axillary_III,28,237,6636,3
3083,720575941408508078,DNp08,steering_control,720575941563920999,5,720575941629172716,iii1,steering,axillary_III,13,15,195,3
3084,720575941408508078,DNp08,steering_control,720575941563920999,5,720575941629172716,iii1,steering,axillary_III,13,237,3081,3
3085,720575941408508078,DNp08,steering_control,720575941566802170,4,720575941459347411,iii4,steering,axillary_III,11,16,176,3
3086,720575941408508078,DNp08,steering_control,720575941566802170,4,720575941459347411,iii4,steering,axillary_III,10,16,160,3
3087,720575941408508078,DNp08,steering_control,720575941625963419,4,720575941516770670,iii4,steering,axillary_III,36,18,648,3
3088,720575941408508078,DNp08,steering_control,720575941625963419,4,720575941516770670,iii4,steering,axillary_III,36,33,1188,3
3089,720575941408508078,DNp08,steering_control,720575941625963419,4,720575941580669817,hg1,steering,haltere,36,14,504,3
3090,720575941408508078,DNp08,steering_control,720575941625963419,4,720575941643100754,ps1,steering,pleurosternal,36,12,432,3
3091,720575941408508078,DNp08,steering_control,720575941625963419,4,720575941516770670,iii4,steering,axillary_III,12,18,216,3
3092,720575941408508078,DNp08,steering_control,720575941625963419,4,720575941516770670,iii4,steering,axillary_III,12,33,396,3
3093,720575941408508078,DNp08,steering_control,720575941625963419,4,720575941580669817,hg1,steering,haltere,12,14,168,3
3094,720575941408508078,DNp08,steering_control,720575941625963419,4,720575941643100754,ps1,steering,pleurosternal,12,12,144,3
3095,720575941408508078,DNp08,steering_control,720575941645261768,1,720575941624155644,b2,steering,basalar,11,17,187,3
3096,720575941408508078,DNp08,steering_control,720575941645261768,1,720575941655597785,b2,steering,basalar,11,10,110,3
3097,720575941408508078,DNp08,steering_control,720575941645261768,1,720575941655597785,b2,steering,basalar,11,11,121,3
3098,720575941408508078,DNp08,steering_control,720575941645261768,1,720575941624155644,b2,steering,basalar,19,17,323,3
3099,720575941408508078,DNp08,steering_control,720575941645261768,1,720575941655597785,b2,steering,basalar,19,10,190,3
3100,720575941408508078,DNp08,steering_control,720575941645261768,1,720575941655597785,b2,steering,basalar,19,11,209,3
3101,720575941572671995,DNp59,steering_control,720575941408509867,2,720575941463144336,DLM1,power,DLM,10,20,200,3
3102,720575941572671995,DNp59,steering_control,720575941408509867,2,720575941463144336,DLM1,power,DLM,10,24,240,3
3103,720575941572671995,DNp59,steering_control,720575941408509867,2,720575941479034563,DLM1,power,DLM,10,16,160,3
3104,720575941572671995,DNp59,steering_control,720575941408509867,2,720575941507955269,DLM1,power,DLM,10,27,270,3
3105,720575941572671995,DNp59,steering_control,720575941408509867,2,720575941507955269,DLM1,power,DLM,10,17,170,3
3106,720575941572671995,DNp59,steering_control,720575941408509867,2,720575941519783640,DLM1,power,DLM,10,31,310,3
3107,720575941572671995,DNp59,steering_control,720575941408509867,2,720575941533190337,DLM1,power,DLM,10,23,230,3
3108,720575941572671995,DNp59,steering_control,720575941408509867,2,720575941534583786,DLM5,power,DLM,10,23,230,3
3109,720575941572671995,DNp59,steering_control,720575941408509867,2,720575941534583786,DLM5,power,DLM,10,12,120,3
3110,720575941572671995,DNp59,steering_control,720575941408509867,2,720575941583644382,DLM1,power,DLM,10,27,270,3
3111,720575941572671995,DNp59,steering_control,720575941408509867,2,720575941596050112,DLM5,power,DLM,10,34,340,3
3112,720575941572671995,DNp59,steering_control,720575941408509867,2,720575941603635190,DVM1A,power,DVM,10,12,120,3
3113,720575941572671995,DNp59,steering_control,720575941408509867,2,720575941640465439,DLM1,power,DLM,10,24,240,3
3114,720575941572671995,DNp59,steering_control,720575941457802480,2,720575941463144336,DLM1,power,DLM,14,11,154,3
3115,720575941572671995,DNp59,steering_control,720575941457802480,2,720575941516770670,iii4,steering,axillary_III,14,26,364,3
3116,720575941572671995,DNp59,steering_control,720575941457802480,2,720575941519783640,DLM1,power,DLM,14,11,154,3
3117,720575941572671995,DNp59,steering_control,720575941457802480,2,720575941640465439,DLM1,power,DLM,14,17,238,3
3118,720575941572671995,DNp59,steering_control,720575941457802480,2,720575941645403000,DLM1,power,DLM,14,13,182,3
3119,720575941572671995,DNp59,steering_control,720575941457802480,2,720575941655597785,b2,steering,basalar,14,13,182,3
3120,720575941572671995,DNp59,steering_control,720575941457802480,2,720575941655597785,b2,steering,basalar,14,10,140,3
3121,720575941572671995,DNp59,steering_control,720575941474741819,2,720575941463144336,DLM1,power,DLM,21,13,273,3
3122,720575941572671995,DNp59,steering_control,720575941474741819,2,720575941533190337,DLM1,power,DLM,21,18,378,3
3123,720575941572671995,DNp59,steering_control,720575941474741819,2,720575941624155644,b2,steering,basalar,21,11,231,3
3124,720575941572671995,DNp59,steering_control,720575941474741819,2,720575941655597785,b2,steering,basalar,21,22,462,3
3125,720575941572671995,DNp59,steering_control,720575941517770412,2,720575941463144336,DLM1,power,DLM,11,19,209,3
3126,720575941572671995,DNp59,steering_control,720575941517770412,2,720575941507955269,DLM1,power,DLM,11,23,253,3
3127,720575941572671995,DNp59,steering_control,720575941517770412,2,720575941507955269,DLM1,power,DLM,11,17,187,3
3128,720575941572671995,DNp59,steering_control,720575941517770412,2,720575941519783640,DLM1,power,DLM,11,24,264,3
3129,720575941572671995,DNp59,steering_control,720575941517770412,2,720575941519783640,DLM1,power,DLM,11,10,110,3
3130,720575941572671995,DNp59,steering_control,720575941517770412,2,720575941533190337,DLM1,power,DLM,11,10,110,3
3131,720575941572671995,DNp59,steering_control,720575941517770412,2,720575941533190337,DLM1,power,DLM,11,34,374,3
3132,720575941572671995,DNp59,steering_control,720575941517770412,2,720575941534583786,DLM5,power,DLM,11,23,253,3
3133,720575941572671995,DNp59,steering_control,720575941517770412,2,720575941534583786,DLM5,power,DLM,11,12,132,3
3134,720575941572671995,DNp59,steering_control,720575941517770412,2,720575941583644382,DLM1,power,DLM,11,47,517,3
3135,720575941572671995,DNp59,steering_control,720575941517770412,2,720575941596050112,DLM5,power,DLM,11,20,220,3
3136,720575941572671995,DNp59,steering_control,720575941517770412,2,720575941640465439,DLM1,power,DLM,11,20,220,3
3137,720575941572671995,DNp59,steering_control,720575941517770412,2,720575941640465439,DLM1,power,DLM,11,12,132,3
3138,720575941572671995,DNp59,steering_control,720575941523074379,5,720575941474574132,b3,steering,basalar,11,10,110,3
3139,720575941572671995,DNp59,steering_control,720575941539355517,5,720575941475745898,i2,steering,axillary_i,70,16,1120,3
3140,720575941572671995,DNp59,steering_control,720575941539355517,5,720575941475745898,i2,steering,axillary_i,70,11,770,3
3141,720575941572671995,DNp59,steering_control,720575941539355517,5,720575941547394081,i2,steering,axillary_i,70,17,1190,3
3142,720575941572671995,DNp59,steering_control,720575941610587612,5,720575941629172716,iii1,steering,axillary_III,11,129,1419,3
3143,720575941572671995,DNp59,steering_control,720575941610587612,5,720575941643100754,ps1,steering,pleurosternal,11,24,264,3
3144,720575941572671995,DNp59,steering_control,720575941615272601,5,720575941475745898,i2,steering,axillary_i,12,12,144,3
3145,720575941572671995,DNp59,steering_control,720575941615272601,5,720575941547394081,i2,steering,axillary_i,12,26,312,3
3146,720575941572671995,DNp59,steering_control,720575941615272601,5,720575941547394081,i2,steering,axillary_i,12,19,228,3
3147,720575941535258802,DNxn155,steering_control,720575941429439959,5,720575941489673420,iii1,steering,axillary_III,13,20,260,3
3148,720575941535258802,DNxn155,steering_control,720575941429439959,5,720575941489673420,iii1,steering,axillary_III,13,12,156,3
3149,720575941535258802,DNxn155,steering_control,720575941429439959,5,720575941489673420,iii1,steering,axillary_III,13,14,182,3
3150,720575941535258802,DNxn155,steering_control,720575941429439959,5,720575941547315060,i1,steering,axillary_i,13,16,208,3
3151,720575941535258802,DNxn155,steering_control,720575941429439959,5,720575941547394081,i2,steering,axillary_i,13,11,143,3
3152,720575941535258802,DNxn155,steering_control,720575941429439959,5,720575941629172716,iii1,steering,axillary_III,13,12,156,3
3153,720575941535258802,DNxn155,steering_control,720575941429439959,5,720575941629172716,iii1,steering,axillary_III,13,14,182,3
3154,720575941535258802,DNxn155,steering_control,720575941429439959,5,720575941489673420,iii1,steering,axillary_III,11,20,220,3
3155,720575941535258802,DNxn155,steering_control,720575941429439959,5,720575941489673420,iii1,steering,axillary_III,11,12,132,3
3156,720575941535258802,DNxn155,steering_control,720575941429439959,5,720575941489673420,iii1,steering,axillary_III,11,14,154,3
3157,720575941535258802,DNxn155,steering_control,720575941429439959,5,720575941547315060,i1,steering,axillary_i,11,16,176,3
3158,720575941535258802,DNxn155,steering_control,720575941429439959,5,720575941547394081,i2,steering,axillary_i,11,11,121,3
3159,720575941535258802,DNxn155,steering_control,720575941429439959,5,720575941629172716,iii1,steering,axillary_III,11,12,132,3
3160,720575941535258802,DNxn155,steering_control,720575941429439959,5,720575941629172716,iii1,steering,axillary_III,11,14,154,3
3161,720575941535258802,DNxn155,steering_control,720575941499725986,4,720575941516770670,iii4,steering,axillary_III,13,12,156,3
3162,720575941535258802,DNxn155,steering_control,720575941512896099,2,720575941463144336,DLM1,power,DLM,20,24,480,3
3163,720575941535258802,DNxn155,steering_control,720575941512896099,2,720575941463144336,DLM1,power,DLM,20,39,780,3
3164,720575941535258802,DNxn155,steering_control,720575941512896099,2,720575941472734048,DVM1A,power,DVM,20,10,200,3
3165,720575941535258802,DNxn155,steering_control,720575941512896099,2,720575941479034563,DLM1,power,DLM,20,13,260,3
3166,720575941535258802,DNxn155,steering_control,720575941512896099,2,720575941479034563,DLM1,power,DLM,20,56,1120,3
3167,720575941535258802,DNxn155,steering_control,720575941512896099,2,720575941507955269,DLM1,power,DLM,20,28,560,3
3168,720575941535258802,DNxn155,steering_control,720575941512896099,2,720575941507955269,DLM1,power,DLM,20,43,860,3
3169,720575941535258802,DNxn155,steering_control,720575941512896099,2,720575941519783640,DLM1,power,DLM,20,14,280,3
3170,720575941535258802,DNxn155,steering_control,720575941512896099,2,720575941519783640,DLM1,power,DLM,20,15,300,3
3171,720575941535258802,DNxn155,steering_control,720575941512896099,2,720575941533190337,DLM1,power,DLM,20,17,340,3
3172,720575941535258802,DNxn155,steering_control,720575941512896099,2,720575941533190337,DLM1,power,DLM,20,68,1360,3
3173,720575941535258802,DNxn155,steering_control,720575941512896099,2,720575941534583786,DLM5,power,DLM,20,16,320,3
3174,720575941535258802,DNxn155,steering_control,720575941512896099,2,720575941534583786,DLM5,power,DLM,20,20,400,3
3175,720575941535258802,DNxn155,steering_control,720575941512896099,2,720575941583644382,DLM1,power,DLM,20,13,260,3
3176,720575941535258802,DNxn155,steering_control,720575941512896099,2,720575941583644382,DLM1,power,DLM,20,54,1080,3
3177,720575941535258802,DNxn155,steering_control,720575941512896099,2,720575941596050112,DLM5,power,DLM,20,17,340,3
3178,720575941535258802,DNxn155,steering_control,720575941512896099,2,720575941596050112,DLM5,power,DLM,20,63,1260,3
3179,720575941535258802,DNxn155,steering_control,720575941512896099,2,720575941603635190,DVM1A,power,DVM,20,26,520,3
3180,720575941535258802,DNxn155,steering_control,720575941512896099,2,720575941640465439,DLM1,power,DLM,20,21,420,3
3181,720575941535258802,DNxn155,steering_control,720575941512896099,2,720575941640465439,DLM1,power,DLM,20,23,460,3
3182,720575941535258802,DNxn155,steering_control,720575941512896099,2,720575941645403000,DLM1,power,DLM,20,22,440,3
3183,720575941535258802,DNxn155,steering_control,720575941512896099,2,720575941645403000,DLM1,power,DLM,20,23,460,3
3184,720575941535258802,DNxn155,steering_control,720575941539355517,5,720575941475745898,i2,steering,axillary_i,31,16,496,3
3185,720575941535258802,DNxn155,steering_control,720575941539355517,5,720575941475745898,i2,steering,axillary_i,31,11,341,3
3186,720575941535258802,DNxn155,steering_control,720575941539355517,5,720575941547394081,i2,steering,axillary_i,31,17,527,3
3187,720575941535258802,DNxn155,steering_control,720575941640900453,5,720575941475745898,i2,steering,axillary_i,37,18,666,3
3188,720575941535258802,DNxn155,steering_control,720575941640900453,5,720575941489673420,iii1,steering,axillary_III,37,13,481,3
3189,720575941535258802,DNxn155,steering_control,720575941640900453,5,720575941629172716,iii1,steering,axillary_III,37,27,999,3
3190,720575941535258802,DNxn155,steering_control,720575941640900453,5,720575941629172716,iii1,steering,axillary_III,37,10,370,3
3191,720575941535258802,DNxn155,steering_control,720575941640900453,5,720575941629172716,iii1,steering,axillary_III,37,26,962,3
3192,720575941535258802,DNxn155,steering_control,720575941640900453,5,720575941475745898,i2,steering,axillary_i,14,18,252,3
3193,720575941535258802,DNxn155,steering_control,720575941640900453,5,720575941489673420,iii1,steering,axillary_III,14,13,182,3
3194,720575941535258802,DNxn155,steering_control,720575941640900453,5,720575941629172716,iii1,steering,axillary_III,14,27,378,3
3195,720575941535258802,DNxn155,steering_control,720575941640900453,5,720575941629172716,iii1,steering,axillary_III,14,10,140,3
3196,720575941535258802,DNxn155,steering_control,720575941640900453,5,720575941629172716,iii1,steering,axillary_III,14,26,364,3
3197,720575941535258802,DNxn155,steering_control,720575941640900453,5,720575941475745898,i2,steering,axillary_i,18,18,324,3
3198,720575941535258802,DNxn155,steering_control,720575941640900453,5,720575941489673420,iii1,steering,axillary_III,18,13,234,3
3199,720575941535258802,DNxn155,steering_control,720575941640900453,5,720575941629172716,iii1,steering,axillary_III,18,27,486,3
3200,720575941535258802,DNxn155,steering_control,720575941640900453,5,720575941629172716,iii1,steering,axillary_III,18,10,180,3
3201,720575941535258802,DNxn155,steering_control,720575941640900453,5,720575941629172716,iii1,steering,axillary_III,18,26,468,3
3202,720575941438773548,DNae003,steering_control,720575941450876794,5,720575941542412805,b3,steering,basalar,10,16,160,3
3203,720575941438773548,DNae003,steering_control,720575941450876794,5,720575941542412805,b3,steering,basalar,10,17,170,3
3204,720575941438773548,DNae003,steering_control,720575941457147206,4,720575941513173763,hg4,steering,haltere,13,66,858,3
3205,720575941438773548,DNae003,steering_control,720575941457147206,4,720575941513173763,hg4,steering,haltere,13,19,247,3
3206,720575941438773548,DNae003,steering_control,720575941457147206,4,720575941516770670,iii4,steering,axillary_III,13,32,416,3
3207,720575941438773548,DNae003,steering_control,720575941457147206,4,720575941549822781,b1,steering,basalar,13,25,325,3
3208,720575941438773548,DNae003,steering_control,720575941457147206,4,720575941565378919,iii3,steering,axillary_III,13,18,234,3
3209,720575941438773548,DNae003,steering_control,720575941457147206,4,720575941580669817,hg1,steering,haltere,13,40,520,3
3210,720575941438773548,DNae003,steering_control,720575941457147206,4,720575941643100754,ps1,steering,pleurosternal,13,15,195,3
3211,720575941438773548,DNae003,steering_control,720575941464073558,5,720575941468897856,i1,steering,axillary_i,14,19,266,3
3212,720575941438773548,DNae003,steering_control,720575941464073558,5,720575941468897856,i1,steering,axillary_i,14,15,210,3
3213,720575941438773548,DNae003,steering_control,720575941464073558,5,720575941468897856,i1,steering,axillary_i,14,23,322,3
3214,720575941438773548,DNae003,steering_control,720575941464073558,5,720575941474574132,b3,steering,basalar,14,13,182,3
3215,720575941438773548,DNae003,steering_control,720575941464073558,5,720575941474574132,b3,steering,basalar,14,23,322,3
3216,720575941438773548,DNae003,steering_control,720575941464073558,5,720575941474574132,b3,steering,basalar,14,27,378,3
3217,720575941438773548,DNae003,steering_control,720575941477166622,5,720575941542412805,b3,steering,basalar,14,17,238,3
3218,720575941438773548,DNae003,steering_control,720575941477166622,5,720575941547315060,i1,steering,axillary_i,14,13,182,3
3219,720575941438773548,DNae003,steering_control,720575941477166622,5,720575941542412805,b3,steering,basalar,15,17,255,3
3220,720575941438773548,DNae003,steering_control,720575941477166622,5,720575941547315060,i1,steering,axillary_i,15,13,195,3
3221,720575941438773548,DNae003,steering_control,720575941523112439,4,720575941513173763,hg4,steering,haltere,13,27,351,3
3222,720575941438773548,DNae003,steering_control,720575941523112439,4,720575941513173763,hg4,steering,haltere,13,11,143,3
3223,720575941438773548,DNae003,steering_control,720575941523112439,4,720575941516770670,iii4,steering,axillary_III,13,14,182,3
3224,720575941438773548,DNae003,steering_control,720575941523112439,4,720575941580669817,hg1,steering,haltere,13,29,377,3
3225,720575941438773548,DNae003,steering_control,720575941523112439,4,720575941580669817,hg1,steering,haltere,13,17,221,3
3226,720575941438773548,DNae003,steering_control,720575941576014774,4,720575941468288375,hg3,steering,haltere,10,10,100,3
3227,720575941438773548,DNae003,steering_control,720575941576014774,4,720575941468288375,hg3,steering,haltere,10,10,100,3
3228,720575941438773548,DNae003,steering_control,720575941576014774,4,720575941468288375,hg3,steering,haltere,24,10,240,3
3229,720575941438773548,DNae003,steering_control,720575941576014774,4,720575941468288375,hg3,steering,haltere,24,10,240,3
3230,720575941438773548,DNae003,steering_control,720575941583511518,1,720575941521196211,b1,steering,basalar,23,10,230,3
3231,720575941438773548,DNae003,steering_control,720575941583511518,1,720575941624155644,b2,steering,basalar,23,10,230,3
3232,720575941438773548,DNae003,steering_control,720575941588018942,4,720575941456201887,hg1,steering,haltere,10,31,310,3
3233,720575941438773548,DNae003,steering_control,720575941588018942,4,720575941630940642,hg4,steering,haltere,10,42,420,3
3234,720575941438773548,DNae003,steering_control,720575941611080010,5,720575941458961604,iii3,steering,axillary_III,10,13,130,3
3235,720575941438773548,DNae003,steering_control,720575941611080010,5,720575941565378919,iii3,steering,axillary_III,10,231,2310,3
3236,720575941438773548,DNae003,steering_control,720575941611080010,5,720575941565378919,iii3,steering,axillary_III,10,11,110,3
3237,720575941438773548,DNae003,steering_control,720575941611080010,5,720575941565378919,iii3,steering,axillary_III,10,46,460,3
3238,720575941504328791,DNpe005,steering_control,720575941402059632,1,720575941547394081,i2,steering,axillary_i,10,11,110,3
3239,720575941504328791,DNpe005,steering_control,720575941402059632,1,720575941655597785,b2,steering,basalar,10,13,130,3
3240,720575941504328791,DNpe005,steering_control,720575941441318591,4,720575941516770670,iii4,steering,axillary_III,11,17,187,3
3241,720575941504328791,DNpe005,steering_control,720575941467252189,1,720575941456201887,hg1,steering,haltere,18,23,414,3
3242,720575941504328791,DNpe005,steering_control,720575941467252189,1,720575941459347411,iii4,steering,axillary_III,18,11,198,3
3243,720575941504328791,DNpe005,steering_control,720575941467252189,1,720575941624155644,b2,steering,basalar,18,16,288,3
3244,720575941504328791,DNpe005,steering_control,720575941467252189,1,720575941624155644,b2,steering,basalar,18,20,360,3
3245,720575941504328791,DNpe005,steering_control,720575941467252189,1,720575941456201887,hg1,steering,haltere,10,23,230,3
3246,720575941504328791,DNpe005,steering_control,720575941467252189,1,720575941459347411,iii4,steering,axillary_III,10,11,110,3
3247,720575941504328791,DNpe005,steering_control,720575941467252189,1,720575941624155644,b2,steering,basalar,10,16,160,3
3248,720575941504328791,DNpe005,steering_control,720575941467252189,1,720575941624155644,b2,steering,basalar,10,20,200,3
3249,720575941504328791,DNpe005,steering_control,720575941512896099,2,720575941463144336,DLM1,power,DLM,15,24,360,3
3250,720575941504328791,DNpe005,steering_control,720575941512896099,2,720575941463144336,DLM1,power,DLM,15,39,585,3
3251,720575941504328791,DNpe005,steering_control,720575941512896099,2,720575941472734048,DVM1A,power,DVM,15,10,150,3
3252,720575941504328791,DNpe005,steering_control,720575941512896099,2,720575941479034563,DLM1,power,DLM,15,13,195,3
3253,720575941504328791,DNpe005,steering_control,720575941512896099,2,720575941479034563,DLM1,power,DLM,15,56,840,3
3254,720575941504328791,DNpe005,steering_control,720575941512896099,2,720575941507955269,DLM1,power,DLM,15,28,420,3
3255,720575941504328791,DNpe005,steering_control,720575941512896099,2,720575941507955269,DLM1,power,DLM,15,43,645,3
3256,720575941504328791,DNpe005,steering_control,720575941512896099,2,720575941519783640,DLM1,power,DLM,15,14,210,3
3257,720575941504328791,DNpe005,steering_control,720575941512896099,2,720575941519783640,DLM1,power,DLM,15,15,225,3
3258,720575941504328791,DNpe005,steering_control,720575941512896099,2,720575941533190337,DLM1,power,DLM,15,17,255,3
3259,720575941504328791,DNpe005,steering_control,720575941512896099,2,720575941533190337,DLM1,power,DLM,15,68,1020,3
3260,720575941504328791,DNpe005,steering_control,720575941512896099,2,720575941534583786,DLM5,power,DLM,15,16,240,3
3261,720575941504328791,DNpe005,steering_control,720575941512896099,2,720575941534583786,DLM5,power,DLM,15,20,300,3
3262,720575941504328791,DNpe005,steering_control,720575941512896099,2,720575941583644382,DLM1,power,DLM,15,13,195,3
3263,720575941504328791,DNpe005,steering_control,720575941512896099,2,720575941583644382,DLM1,power,DLM,15,54,810,3
3264,720575941504328791,DNpe005,steering_control,720575941512896099,2,720575941596050112,DLM5,power,DLM,15,17,255,3
3265,720575941504328791,DNpe005,steering_control,720575941512896099,2,720575941596050112,DLM5,power,DLM,15,63,945,3
3266,720575941504328791,DNpe005,steering_control,720575941512896099,2,720575941603635190,DVM1A,power,DVM,15,26,390,3
3267,720575941504328791,DNpe005,steering_control,720575941512896099,2,720575941640465439,DLM1,power,DLM,15,21,315,3
3268,720575941504328791,DNpe005,steering_control,720575941512896099,2,720575941640465439,DLM1,power,DLM,15,23,345,3
3269,720575941504328791,DNpe005,steering_control,720575941512896099,2,720575941645403000,DLM1,power,DLM,15,22,330,3
3270,720575941504328791,DNpe005,steering_control,720575941512896099,2,720575941645403000,DLM1,power,DLM,15,23,345,3
3271,720575941504328791,DNpe005,steering_control,720575941583588830,1,720575941479658831,hg2,steering,haltere,42,10,420,3
3272,720575941504328791,DNpe005,steering_control,720575941583588830,1,720575941513173763,hg4,steering,haltere,42,12,504,3
3273,720575941504328791,DNpe005,steering_control,720575941583588830,1,720575941549822781,b1,steering,basalar,42,13,546,3
3274,720575941504328791,DNpe005,steering_control,720575941583588830,1,720575941580669817,hg1,steering,haltere,42,25,1050,3
3275,720575941504328791,DNpe005,steering_control,720575941583588830,1,720575941580669817,hg1,steering,haltere,42,37,1554,3
3276,720575941504328791,DNpe005,steering_control,720575941583588830,1,720575941655597785,b2,steering,basalar,42,19,798,3
3277,720575941504328791,DNpe005,steering_control,720575941583588830,1,720575941655597785,b2,steering,basalar,42,13,546,3
3278,720575941504328791,DNpe005,steering_control,720575941583588830,1,720575941479658831,hg2,steering,haltere,18,10,180,3
3279,720575941504328791,DNpe005,steering_control,720575941583588830,1,720575941513173763,hg4,steering,haltere,18,12,216,3
3280,720575941504328791,DNpe005,steering_control,720575941583588830,1,720575941549822781,b1,steering,basalar,18,13,234,3
3281,720575941504328791,DNpe005,steering_control,720575941583588830,1,720575941580669817,hg1,steering,haltere,18,25,450,3
3282,720575941504328791,DNpe005,steering_control,720575941583588830,1,720575941580669817,hg1,steering,haltere,18,37,666,3
3283,720575941504328791,DNpe005,steering_control,720575941583588830,1,720575941655597785,b2,steering,basalar,18,19,342,3
3284,720575941504328791,DNpe005,steering_control,720575941583588830,1,720575941655597785,b2,steering,basalar,18,13,234,3
3285,720575941504328791,DNpe005,steering_control,720575941583588830,1,720575941479658831,hg2,steering,haltere,15,10,150,3
3286,720575941504328791,DNpe005,steering_control,720575941583588830,1,720575941513173763,hg4,steering,haltere,15,12,180,3
3287,720575941504328791,DNpe005,steering_control,720575941583588830,1,720575941549822781,b1,steering,basalar,15,13,195,3
3288,720575941504328791,DNpe005,steering_control,720575941583588830,1,720575941580669817,hg1,steering,haltere,15,25,375,3
3289,720575941504328791,DNpe005,steering_control,720575941583588830,1,720575941580669817,hg1,steering,haltere,15,37,555,3
3290,720575941504328791,DNpe005,steering_control,720575941583588830,1,720575941655597785,b2,steering,basalar,15,19,285,3
3291,720575941504328791,DNpe005,steering_control,720575941583588830,1,720575941655597785,b2,steering,basalar,15,13,195,3
3292,720575941504328791,DNpe005,steering_control,720575941607605101,4,720575941456201887,hg1,steering,haltere,16,27,432,3
3293,720575941504328791,DNpe005,steering_control,720575941607605101,4,720575941456201887,hg1,steering,haltere,16,16,256,3
3294,720575941447863316,DNb05,power_control,720575941457802480,2,720575941463144336,DLM1,power,DLM,59,11,649,3
3295,720575941447863316,DNb05,power_control,720575941457802480,2,720575941516770670,iii4,steering,axillary_III,59,26,1534,3
3296,720575941447863316,DNb05,power_control,720575941457802480,2,720575941519783640,DLM1,power,DLM,59,11,649,3
3297,720575941447863316,DNb05,power_control,720575941457802480,2,720575941640465439,DLM1,power,DLM,59,17,1003,3
3298,720575941447863316,DNb05,power_control,720575941457802480,2,720575941645403000,DLM1,power,DLM,59,13,767,3
3299,720575941447863316,DNb05,power_control,720575941457802480,2,720575941655597785,b2,steering,basalar,59,13,767,3
3300,720575941447863316,DNb05,power_control,720575941457802480,2,720575941655597785,b2,steering,basalar,59,10,590,3
3301,720575941447863316,DNb05,power_control,720575941457802480,2,720575941463144336,DLM1,power,DLM,43,11,473,3
3302,720575941447863316,DNb05,power_control,720575941457802480,2,720575941516770670,iii4,steering,axillary_III,43,26,1118,3
3303,720575941447863316,DNb05,power_control,720575941457802480,2,720575941519783640,DLM1,power,DLM,43,11,473,3
3304,720575941447863316,DNb05,power_control,720575941457802480,2,720575941640465439,DLM1,power,DLM,43,17,731,3
3305,720575941447863316,DNb05,power_control,720575941457802480,2,720575941645403000,DLM1,power,DLM,43,13,559,3
3306,720575941447863316,DNb05,power_control,720575941457802480,2,720575941655597785,b2,steering,basalar,43,13,559,3
3307,720575941447863316,DNb05,power_control,720575941457802480,2,720575941655597785,b2,steering,basalar,43,10,430,3
3308,720575941447863316,DNb05,power_control,720575941474741819,2,720575941463144336,DLM1,power,DLM,21,13,273,3
3309,720575941447863316,DNb05,power_control,720575941474741819,2,720575941533190337,DLM1,power,DLM,21,18,378,3
3310,720575941447863316,DNb05,power_control,720575941474741819,2,720575941624155644,b2,steering,basalar,21,11,231,3
3311,720575941447863316,DNb05,power_control,720575941474741819,2,720575941655597785,b2,steering,basalar,21,22,462,3
3312,720575941447863316,DNb05,power_control,720575941600259369,5,720575941560383347,DVM1A,power,DVM,10,16,160,3
3313,720575941447863316,DNb05,power_control,720575941600259369,5,720575941565105206,DVM1A,power,DVM,10,12,120,3
3314,720575941447863316,DNb05,power_control,720575941630933947,1,720575941624155644,b2,steering,basalar,10,10,100,3
3315,720575941447863316,DNb05,power_control,720575941630933947,1,720575941655597785,b2,steering,basalar,10,19,190,3
3316,720575941447863316,DNb05,power_control,720575941630933947,1,720575941624155644,b2,steering,basalar,11,10,110,3
3317,720575941447863316,DNb05,power_control,720575941630933947,1,720575941655597785,b2,steering,basalar,11,19,209,3
3318,720575941463843597,DNp45,steering_control,720575941441993167,3,720575941459347411,iii4,steering,axillary_III,12,25,300,3
3319,720575941463843597,DNp45,steering_control,720575941441993167,3,720575941533190337,DLM1,power,DLM,12,11,132,3
3320,720575941463843597,DNp45,steering_control,720575941441993167,3,720575941643100754,ps1,steering,pleurosternal,12,22,264,3
3321,720575941463843597,DNp45,steering_control,720575941441993167,3,720575941643100754,ps1,steering,pleurosternal,12,52,624,3
3322,720575941463843597,DNp45,steering_control,720575941441993167,3,720575941643100754,ps1,steering,pleurosternal,12,19,228,3
3323,720575941463843597,DNp45,steering_control,720575941441993167,3,720575941645041313,ps1,steering,pleurosternal,12,13,156,3
3324,720575941463843597,DNp45,steering_control,720575941441993167,3,720575941645041313,ps1,steering,pleurosternal,12,20,240,3
3325,720575941463843597,DNp45,steering_control,720575941441993167,3,720575941459347411,iii4,steering,axillary_III,17,25,425,3
3326,720575941463843597,DNp45,steering_control,720575941441993167,3,720575941533190337,DLM1,power,DLM,17,11,187,3
3327,720575941463843597,DNp45,steering_control,720575941441993167,3,720575941643100754,ps1,steering,pleurosternal,17,22,374,3
3328,720575941463843597,DNp45,steering_control,720575941441993167,3,720575941643100754,ps1,steering,pleurosternal,17,52,884,3
3329,720575941463843597,DNp45,steering_control,720575941441993167,3,720575941643100754,ps1,steering,pleurosternal,17,19,323,3
3330,720575941463843597,DNp45,steering_control,720575941441993167,3,720575941645041313,ps1,steering,pleurosternal,17,13,221,3
3331,720575941463843597,DNp45,steering_control,720575941441993167,3,720575941645041313,ps1,steering,pleurosternal,17,20,340,3
3332,720575941463843597,DNp45,steering_control,720575941475702890,5,720575941629172716,iii1,steering,axillary_III,15,13,195,3
3333,720575941463843597,DNp45,steering_control,720575941589863735,3,720575941629172716,iii1,steering,axillary_III,15,10,150,3
3334,720575941463843597,DNp45,steering_control,720575941589863735,3,720575941643100754,ps1,steering,pleurosternal,15,11,165,3
3335,720575941463843597,DNp45,steering_control,720575941589863735,3,720575941643100754,ps1,steering,pleurosternal,15,14,210,3
3336,720575941463843597,DNp45,steering_control,720575941589863735,3,720575941643100754,ps1,steering,pleurosternal,15,14,210,3
3337,720575941463843597,DNp45,steering_control,720575941589863735,3,720575941643100754,ps1,steering,pleurosternal,15,10,150,3
3338,720575941463843597,DNp45,steering_control,720575941589863735,3,720575941645041313,ps1,steering,pleurosternal,15,10,150,3
3339,720575941463843597,DNp45,steering_control,720575941589863735,3,720575941629172716,iii1,steering,axillary_III,12,10,120,3
3340,720575941463843597,DNp45,steering_control,720575941589863735,3,720575941643100754,ps1,steering,pleurosternal,12,11,132,3
3341,720575941463843597,DNp45,steering_control,720575941589863735,3,720575941643100754,ps1,steering,pleurosternal,12,14,168,3
3342,720575941463843597,DNp45,steering_control,720575941589863735,3,720575941643100754,ps1,steering,pleurosternal,12,14,168,3
3343,720575941463843597,DNp45,steering_control,720575941589863735,3,720575941643100754,ps1,steering,pleurosternal,12,10,120,3
3344,720575941463843597,DNp45,steering_control,720575941589863735,3,720575941645041313,ps1,steering,pleurosternal,12,10,120,3
3345,720575941463843597,DNp45,steering_control,720575941614874325,3,720575941459347411,iii4,steering,axillary_III,14,10,140,3
3346,720575941463843597,DNp45,steering_control,720575941614874325,3,720575941643100754,ps1,steering,pleurosternal,14,15,210,3
3347,720575941463843597,DNp45,steering_control,720575941614874325,3,720575941643100754,ps1,steering,pleurosternal,14,10,140,3
3348,720575941463843597,DNp45,steering_control,720575941614874325,3,720575941643100754,ps1,steering,pleurosternal,14,18,252,3
3349,720575941463843597,DNp45,steering_control,720575941614874325,3,720575941645041313,ps1,steering,pleurosternal,14,16,224,3
3350,720575941463843597,DNp45,steering_control,720575941614874325,3,720575941645041313,ps1,steering,pleurosternal,14,11,154,3
3351,720575941463843597,DNp45,steering_control,720575941614874325,3,720575941459347411,iii4,steering,axillary_III,15,10,150,3
3352,720575941463843597,DNp45,steering_control,720575941614874325,3,720575941643100754,ps1,steering,pleurosternal,15,15,225,3
3353,720575941463843597,DNp45,steering_control,720575941614874325,3,720575941643100754,ps1,steering,pleurosternal,15,10,150,3
3354,720575941463843597,DNp45,steering_control,720575941614874325,3,720575941643100754,ps1,steering,pleurosternal,15,18,270,3
3355,720575941463843597,DNp45,steering_control,720575941614874325,3,720575941645041313,ps1,steering,pleurosternal,15,16,240,3
3356,720575941463843597,DNp45,steering_control,720575941614874325,3,720575941645041313,ps1,steering,pleurosternal,15,11,165,3
3357,720575941463843597,DNp45,steering_control,720575941645261768,1,720575941624155644,b2,steering,basalar,13,17,221,3
3358,720575941463843597,DNp45,steering_control,720575941645261768,1,720575941655597785,b2,steering,basalar,13,10,130,3
3359,720575941463843597,DNp45,steering_control,720575941645261768,1,720575941655597785,b2,steering,basalar,13,11,143,3
3360,720575941463843597,DNp45,steering_control,720575941670676135,5,720575941475745898,i2,steering,axillary_i,25,22,550,3
3361,720575941463843597,DNp45,steering_control,720575941670676135,5,720575941475745898,i2,steering,axillary_i,25,13,325,3
3362,720575941463843597,DNp45,steering_control,720575941670676135,5,720575941547394081,i2,steering,axillary_i,25,10,250,3
3363,720575941463843597,DNp45,steering_control,720575941670676135,5,720575941547394081,i2,steering,axillary_i,25,47,1175,3
3364,720575941463843597,DNp45,steering_control,720575941670676135,5,720575941547394081,i2,steering,axillary_i,25,127,3175,3
3365,720575941463843597,DNp45,steering_control,720575941670676135,5,720575941475745898,i2,steering,axillary_i,14,22,308,3
3366,720575941463843597,DNp45,steering_control,720575941670676135,5,720575941475745898,i2,steering,axillary_i,14,13,182,3
3367,720575941463843597,DNp45,steering_control,720575941670676135,5,720575941547394081,i2,steering,axillary_i,14,10,140,3
3368,720575941463843597,DNp45,steering_control,720575941670676135,5,720575941547394081,i2,steering,axillary_i,14,47,658,3
3369,720575941463843597,DNp45,steering_control,720575941670676135,5,720575941547394081,i2,steering,axillary_i,14,127,1778,3
3370,720575941540466381,DNp08,steering_control,720575941428965368,4,720575941459347411,iii4,steering,axillary_III,13,16,208,3
3371,720575941540466381,DNp08,steering_control,720575941438659551,1,720575941624155644,b2,steering,basalar,18,10,180,3
3372,720575941540466381,DNp08,steering_control,720575941438659551,1,720575941655597785,b2,steering,basalar,18,43,774,3
3373,720575941540466381,DNp08,steering_control,720575941521069751,4,720575941456201887,hg1,steering,haltere,15,11,165,3
3374,720575941540466381,DNp08,steering_control,720575941521069751,4,720575941456201887,hg1,steering,haltere,15,32,480,3
3375,720575941540466381,DNp08,steering_control,720575941521069751,4,720575941459347411,iii4,steering,axillary_III,15,11,165,3
3376,720575941540466381,DNp08,steering_control,720575941521069751,4,720575941459347411,iii4,steering,axillary_III,15,11,165,3
3377,720575941540466381,DNp08,steering_control,720575941521069751,4,720575941459347411,iii4,steering,axillary_III,15,45,675,3
3378,720575941540466381,DNp08,steering_control,720575941521069751,4,720575941479658831,hg2,steering,haltere,15,14,210,3
3379,720575941540466381,DNp08,steering_control,720575941521069751,4,720575941645041313,ps1,steering,pleurosternal,15,14,210,3
3380,720575941540466381,DNp08,steering_control,720575941521069751,4,720575941732789547,hg2,steering,haltere,15,14,210,3
3381,720575941540466381,DNp08,steering_control,720575941521069751,4,720575941456201887,hg1,steering,haltere,21,11,231,3
3382,720575941540466381,DNp08,steering_control,720575941521069751,4,720575941456201887,hg1,steering,haltere,21,32,672,3
3383,720575941540466381,DNp08,steering_control,720575941521069751,4,720575941459347411,iii4,steering,axillary_III,21,11,231,3
3384,720575941540466381,DNp08,steering_control,720575941521069751,4,720575941459347411,iii4,steering,axillary_III,21,11,231,3
3385,720575941540466381,DNp08,steering_control,720575941521069751,4,720575941459347411,iii4,steering,axillary_III,21,45,945,3
3386,720575941540466381,DNp08,steering_control,720575941521069751,4,720575941479658831,hg2,steering,haltere,21,14,294,3
3387,720575941540466381,DNp08,steering_control,720575941521069751,4,720575941645041313,ps1,steering,pleurosternal,21,14,294,3
3388,720575941540466381,DNp08,steering_control,720575941521069751,4,720575941732789547,hg2,steering,haltere,21,14,294,3
3389,720575941540466381,DNp08,steering_control,720575941559947279,4,720575941459347411,iii4,steering,axillary_III,17,20,340,3
3390,720575941540466381,DNp08,steering_control,720575941559947279,4,720575941516770670,iii4,steering,axillary_III,17,10,170,3
3391,720575941540466381,DNp08,steering_control,720575941611914669,5,720575941489673420,iii1,steering,axillary_III,32,11,352,3
3392,720575941540466381,DNp08,steering_control,720575941611914669,5,720575941489673420,iii1,steering,axillary_III,32,21,672,3
3393,720575941540466381,DNp08,steering_control,720575941611914669,5,720575941489673420,iii1,steering,axillary_III,32,195,6240,3
3394,720575941540466381,DNp08,steering_control,720575941611914669,5,720575941489673420,iii1,steering,axillary_III,12,11,132,3
3395,720575941540466381,DNp08,steering_control,720575941611914669,5,720575941489673420,iii1,steering,axillary_III,12,21,252,3
3396,720575941540466381,DNp08,steering_control,720575941611914669,5,720575941489673420,iii1,steering,axillary_III,12,195,2340,3
3397,720575941540466381,DNp08,steering_control,720575941645261768,1,720575941624155644,b2,steering,basalar,10,17,170,3
3398,720575941540466381,DNp08,steering_control,720575941645261768,1,720575941655597785,b2,steering,basalar,10,10,100,3
3399,720575941540466381,DNp08,steering_control,720575941645261768,1,720575941655597785,b2,steering,basalar,10,11,110,3
3400,720575941540466381,DNp08,steering_control,720575941667164081,1,720575941521196211,b1,steering,basalar,13,18,234,3
3401,720575941540466381,DNp08,steering_control,720575941667164081,1,720575941624155644,b2,steering,basalar,13,25,325,3
3402,720575941510642192,DNa10,steering_control,720575941495591291,5,720575941542412805,b3,steering,basalar,14,19,266,3
3403,720575941510642192,DNa10,steering_control,720575941495591291,5,720575941542412805,b3,steering,basalar,14,22,308,3
3404,720575941510642192,DNa10,steering_control,720575941495591291,5,720575941542412805,b3,steering,basalar,14,25,350,3
3405,720575941510642192,DNa10,steering_control,720575941495591291,5,720575941547315060,i1,steering,axillary_i,14,14,196,3
3406,720575941510642192,DNa10,steering_control,720575941495591291,5,720575941547315060,i1,steering,axillary_i,14,12,168,3
3407,720575941510642192,DNa10,steering_control,720575941517764824,5,720575941468897856,i1,steering,axillary_i,11,15,165,3
3408,720575941510642192,DNa10,steering_control,720575941517764824,5,720575941468897856,i1,steering,axillary_i,11,16,176,3
3409,720575941510642192,DNa10,steering_control,720575941517764824,5,720575941468897856,i1,steering,axillary_i,11,23,253,3
3410,720575941510642192,DNa10,steering_control,720575941517764824,5,720575941474574132,b3,steering,basalar,11,15,165,3
3411,720575941510642192,DNa10,steering_control,720575941517764824,5,720575941474574132,b3,steering,basalar,11,23,253,3
3412,720575941510642192,DNa10,steering_control,720575941517764824,5,720575941580669817,hg1,steering,haltere,11,10,110,3
3413,720575941510642192,DNa10,steering_control,720575941517764824,5,720575941580669817,hg1,steering,haltere,11,10,110,3
3414,720575941510642192,DNa10,steering_control,720575941517764824,5,720575941580669817,hg1,steering,haltere,11,13,143,3
3415,720575941510642192,DNa10,steering_control,720575941562021376,5,720575941475745898,i2,steering,axillary_i,14,16,224,3
3416,720575941510642192,DNa10,steering_control,720575941562021376,5,720575941475745898,i2,steering,axillary_i,14,35,490,3
3417,720575941510642192,DNa10,steering_control,720575941562021376,5,720575941547394081,i2,steering,axillary_i,14,31,434,3
3418,720575941510642192,DNa10,steering_control,720575941623108298,3,720575941463144336,DLM1,power,DLM,16,10,160,3
3419,720575941510642192,DNa10,steering_control,720575941623108298,3,720575941472734048,DVM1A,power,DVM,16,13,208,3
3420,720575941510642192,DNa10,steering_control,720575941623108298,3,720575941472734048,DVM1A,power,DVM,16,39,624,3
3421,720575941510642192,DNa10,steering_control,720575941623108298,3,720575941479034563,DLM1,power,DLM,16,15,240,3
3422,720575941510642192,DNa10,steering_control,720575941623108298,3,720575941487139138,DVM3A,power,DVM,16,14,224,3
3423,720575941510642192,DNa10,steering_control,720575941623108298,3,720575941530190027,DVM2A,power,DVM,16,11,176,3
3424,720575941510642192,DNa10,steering_control,720575941623108298,3,720575941597489344,DVM1A,power,DVM,16,20,320,3
3425,720575941510642192,DNa10,steering_control,720575941623108298,3,720575941603635190,DVM1A,power,DVM,16,32,512,3
3426,720575941510642192,DNa10,steering_control,720575941623108298,3,720575941624985226,DVM2A,power,DVM,16,11,176,3
3427,720575941510642192,DNa10,steering_control,720575941623108298,3,720575941643100754,ps1,steering,pleurosternal,16,20,320,3
3428,720575941510642192,DNa10,steering_control,720575941623108298,3,720575941643100754,ps1,steering,pleurosternal,16,96,1536,3
3429,720575941510642192,DNa10,steering_control,720575941623108298,3,720575941643100754,ps1,steering,pleurosternal,16,11,176,3
3430,720575941510642192,DNa10,steering_control,720575941623108298,3,720575941643100754,ps1,steering,pleurosternal,16,182,2912,3
3431,720575941510642192,DNa10,steering_control,720575941623108298,3,720575941643100754,ps1,steering,pleurosternal,16,20,320,3
3432,720575941510642192,DNa10,steering_control,720575941623108298,3,720575941645041313,ps1,steering,pleurosternal,16,26,416,3
3433,720575941510642192,DNa10,steering_control,720575941623108298,3,720575941645041313,ps1,steering,pleurosternal,16,52,832,3
3434,720575941510642192,DNa10,steering_control,720575941623108298,3,720575941645041313,ps1,steering,pleurosternal,16,21,336,3
3435,720575941510642192,DNa10,steering_control,720575941623108298,3,720575941645041313,ps1,steering,pleurosternal,16,16,256,3
3436,720575941510642192,DNa10,steering_control,720575941623108298,3,720575941645041313,ps1,steering,pleurosternal,16,47,752,3
3437,720575941510642192,DNa10,steering_control,720575941623108298,3,720575941645403000,DLM1,power,DLM,16,11,176,3
3438,720575941510642192,DNa10,steering_control,720575941623108298,3,720575941463144336,DLM1,power,DLM,11,10,110,3
3439,720575941510642192,DNa10,steering_control,720575941623108298,3,720575941472734048,DVM1A,power,DVM,11,13,143,3
3440,720575941510642192,DNa10,steering_control,720575941623108298,3,720575941472734048,DVM1A,power,DVM,11,39,429,3
3441,720575941510642192,DNa10,steering_control,720575941623108298,3,720575941479034563,DLM1,power,DLM,11,15,165,3
3442,720575941510642192,DNa10,steering_control,720575941623108298,3,720575941487139138,DVM3A,power,DVM,11,14,154,3
3443,720575941510642192,DNa10,steering_control,720575941623108298,3,720575941530190027,DVM2A,power,DVM,11,11,121,3
3444,720575941510642192,DNa10,steering_control,720575941623108298,3,720575941597489344,DVM1A,power,DVM,11,20,220,3
3445,720575941510642192,DNa10,steering_control,720575941623108298,3,720575941603635190,DVM1A,power,DVM,11,32,352,3
3446,720575941510642192,DNa10,steering_control,720575941623108298,3,720575941624985226,DVM2A,power,DVM,11,11,121,3
3447,720575941510642192,DNa10,steering_control,720575941623108298,3,720575941643100754,ps1,steering,pleurosternal,11,20,220,3
3448,720575941510642192,DNa10,steering_control,720575941623108298,3,720575941643100754,ps1,steering,pleurosternal,11,96,1056,3
3449,720575941510642192,DNa10,steering_control,720575941623108298,3,720575941643100754,ps1,steering,pleurosternal,11,11,121,3
3450,720575941510642192,DNa10,steering_control,720575941623108298,3,720575941643100754,ps1,steering,pleurosternal,11,182,2002,3
3451,720575941510642192,DNa10,steering_control,720575941623108298,3,720575941643100754,ps1,steering,pleurosternal,11,20,220,3
3452,720575941510642192,DNa10,steering_control,720575941623108298,3,720575941645041313,ps1,steering,pleurosternal,11,26,286,3
3453,720575941510642192,DNa10,steering_control,720575941623108298,3,720575941645041313,ps1,steering,pleurosternal,11,52,572,3
3454,720575941510642192,DNa10,steering_control,720575941623108298,3,720575941645041313,ps1,steering,pleurosternal,11,21,231,3
3455,720575941510642192,DNa10,steering_control,720575941623108298,3,720575941645041313,ps1,steering,pleurosternal,11,16,176,3
3456,720575941510642192,DNa10,steering_control,720575941623108298,3,720575941645041313,ps1,steering,pleurosternal,11,47,517,3
3457,720575941510642192,DNa10,steering_control,720575941623108298,3,720575941645403000,DLM1,power,DLM,11,11,121,3
3458,720575941510642192,DNa10,steering_control,720575941623108298,3,720575941463144336,DLM1,power,DLM,20,10,200,3
3459,720575941510642192,DNa10,steering_control,720575941623108298,3,720575941472734048,DVM1A,power,DVM,20,13,260,3
3460,720575941510642192,DNa10,steering_control,720575941623108298,3,720575941472734048,DVM1A,power,DVM,20,39,780,3
3461,720575941510642192,DNa10,steering_control,720575941623108298,3,720575941479034563,DLM1,power,DLM,20,15,300,3
3462,720575941510642192,DNa10,steering_control,720575941623108298,3,720575941487139138,DVM3A,power,DVM,20,14,280,3
3463,720575941510642192,DNa10,steering_control,720575941623108298,3,720575941530190027,DVM2A,power,DVM,20,11,220,3
3464,720575941510642192,DNa10,steering_control,720575941623108298,3,720575941597489344,DVM1A,power,DVM,20,20,400,3
3465,720575941510642192,DNa10,steering_control,720575941623108298,3,720575941603635190,DVM1A,power,DVM,20,32,640,3
3466,720575941510642192,DNa10,steering_control,720575941623108298,3,720575941624985226,DVM2A,power,DVM,20,11,220,3
3467,720575941510642192,DNa10,steering_control,720575941623108298,3,720575941643100754,ps1,steering,pleurosternal,20,20,400,3
3468,720575941510642192,DNa10,steering_control,720575941623108298,3,720575941643100754,ps1,steering,pleurosternal,20,96,1920,3
3469,720575941510642192,DNa10,steering_control,720575941623108298,3,720575941643100754,ps1,steering,pleurosternal,20,11,220,3
3470,720575941510642192,DNa10,steering_control,720575941623108298,3,720575941643100754,ps1,steering,pleurosternal,20,182,3640,3
3471,720575941510642192,DNa10,steering_control,720575941623108298,3,720575941643100754,ps1,steering,pleurosternal,20,20,400,3
3472,720575941510642192,DNa10,steering_control,720575941623108298,3,720575941645041313,ps1,steering,pleurosternal,20,26,520,3
3473,720575941510642192,DNa10,steering_control,720575941623108298,3,720575941645041313,ps1,steering,pleurosternal,20,52,1040,3
3474,720575941510642192,DNa10,steering_control,720575941623108298,3,720575941645041313,ps1,steering,pleurosternal,20,21,420,3
3475,720575941510642192,DNa10,steering_control,720575941623108298,3,720575941645041313,ps1,steering,pleurosternal,20,16,320,3
3476,720575941510642192,DNa10,steering_control,720575941623108298,3,720575941645041313,ps1,steering,pleurosternal,20,47,940,3
3477,720575941510642192,DNa10,steering_control,720575941623108298,3,720575941645403000,DLM1,power,DLM,20,11,220,3
3478,720575941510642192,DNa10,steering_control,720575941630933947,1,720575941624155644,b2,steering,basalar,13,10,130,3
3479,720575941510642192,DNa10,steering_control,720575941630933947,1,720575941655597785,b2,steering,basalar,13,19,247,3
3480,720575941510642192,DNa10,steering_control,720575941671138727,3,720575941479034563,DLM1,power,DLM,26,10,260,3
3481,720575941510642192,DNa10,steering_control,720575941671138727,3,720575941565105206,DVM1A,power,DVM,26,46,1196,3
3482,720575941510642192,DNa10,steering_control,720575941671138727,3,720575941566847847,DVM1A,power,DVM,26,25,650,3
3483,720575941510642192,DNa10,steering_control,720575941671138727,3,720575941643100754,ps1,steering,pleurosternal,26,41,1066,3
3484,720575941510642192,DNa10,steering_control,720575941671138727,3,720575941643100754,ps1,steering,pleurosternal,26,11,286,3
3485,720575941510642192,DNa10,steering_control,720575941671138727,3,720575941643100754,ps1,steering,pleurosternal,26,36,936,3
3486,720575941510642192,DNa10,steering_control,720575941671138727,3,720575941643100754,ps1,steering,pleurosternal,26,34,884,3
3487,720575941510642192,DNa10,steering_control,720575941671138727,3,720575941645041313,ps1,steering,pleurosternal,26,64,1664,3
3488,720575941510642192,DNa10,steering_control,720575941671138727,3,720575941645041313,ps1,steering,pleurosternal,26,24,624,3
3489,720575941510642192,DNa10,steering_control,720575941671138727,3,720575941645041313,ps1,steering,pleurosternal,26,157,4082,3
3490,720575941510642192,DNa10,steering_control,720575941671138727,3,720575941645403000,DLM1,power,DLM,26,23,598,3
3491,720575941510642192,DNa10,steering_control,720575941671138727,3,720575941479034563,DLM1,power,DLM,21,10,210,3
3492,720575941510642192,DNa10,steering_control,720575941671138727,3,720575941565105206,DVM1A,power,DVM,21,46,966,3
3493,720575941510642192,DNa10,steering_control,720575941671138727,3,720575941566847847,DVM1A,power,DVM,21,25,525,3
3494,720575941510642192,DNa10,steering_control,720575941671138727,3,720575941643100754,ps1,steering,pleurosternal,21,41,861,3
3495,720575941510642192,DNa10,steering_control,720575941671138727,3,720575941643100754,ps1,steering,pleurosternal,21,11,231,3
3496,720575941510642192,DNa10,steering_control,720575941671138727,3,720575941643100754,ps1,steering,pleurosternal,21,36,756,3
3497,720575941510642192,DNa10,steering_control,720575941671138727,3,720575941643100754,ps1,steering,pleurosternal,21,34,714,3
3498,720575941510642192,DNa10,steering_control,720575941671138727,3,720575941645041313,ps1,steering,pleurosternal,21,64,1344,3
3499,720575941510642192,DNa10,steering_control,720575941671138727,3,720575941645041313,ps1,steering,pleurosternal,21,24,504,3
3500,720575941510642192,DNa10,steering_control,720575941671138727,3,720575941645041313,ps1,steering,pleurosternal,21,157,3297,3
3501,720575941510642192,DNa10,steering_control,720575941671138727,3,720575941645403000,DLM1,power,DLM,21,23,483,3
3502,720575941625972123,DNae003,steering_control,720575941492308606,1,720575941549822781,b1,steering,basalar,13,12,156,3
3503,720575941625972123,DNae003,steering_control,720575941492308606,1,720575941549822781,b1,steering,basalar,13,33,429,3
3504,720575941625972123,DNae003,steering_control,720575941492308606,1,720575941655597785,b2,steering,basalar,13,16,208,3
3505,720575941625972123,DNae003,steering_control,720575941495591291,5,720575941542412805,b3,steering,basalar,11,19,209,3
3506,720575941625972123,DNae003,steering_control,720575941495591291,5,720575941542412805,b3,steering,basalar,11,22,242,3
3507,720575941625972123,DNae003,steering_control,720575941495591291,5,720575941542412805,b3,steering,basalar,11,25,275,3
3508,720575941625972123,DNae003,steering_control,720575941495591291,5,720575941547315060,i1,steering,axillary_i,11,14,154,3
3509,720575941625972123,DNae003,steering_control,720575941495591291,5,720575941547315060,i1,steering,axillary_i,11,12,132,3
3510,720575941625972123,DNae003,steering_control,720575941545400508,1,720575941549822781,b1,steering,basalar,13,15,195,3
3511,720575941625972123,DNae003,steering_control,720575941545400508,1,720575941655597785,b2,steering,basalar,13,10,130,3
3512,720575941625972123,DNae003,steering_control,720575941545400508,1,720575941549822781,b1,steering,basalar,21,15,315,3
3513,720575941625972123,DNae003,steering_control,720575941545400508,1,720575941655597785,b2,steering,basalar,21,10,210,3
3514,720575941625972123,DNae003,steering_control,720575941592154582,1,720575941549822781,b1,steering,basalar,16,11,176,3
3515,720575941625972123,DNae003,steering_control,720575941592154582,1,720575941549822781,b1,steering,basalar,16,11,176,3
3516,720575941625972123,DNae003,steering_control,720575941594515158,4,720575941456201887,hg1,steering,haltere,10,22,220,3
3517,720575941625972123,DNae003,steering_control,720575941595804828,1,720575941549822781,b1,steering,basalar,15,13,195,3
3518,720575941625972123,DNae003,steering_control,720575941595804828,1,720575941655597785,b2,steering,basalar,15,13,195,3
3519,720575941625972123,DNae003,steering_control,720575941608310346,5,720575941474574132,b3,steering,basalar,11,14,154,3
3520,720575941625972123,DNae003,steering_control,720575941608310346,5,720575941474574132,b3,steering,basalar,11,10,110,3
3521,720575941625972123,DNae003,steering_control,720575941608310346,5,720575941580669817,hg1,steering,haltere,11,12,132,3
3522,720575941625972123,DNae003,steering_control,720575941609358310,1,720575941549822781,b1,steering,basalar,10,17,170,3
3523,720575941625972123,DNae003,steering_control,720575941609358310,1,720575941549822781,b1,steering,basalar,12,17,204,3
3524,720575941625972123,DNae003,steering_control,720575941659696184,5,720575941542412805,b3,steering,basalar,10,23,230,3
3525,720575941625972123,DNae003,steering_control,720575941659696184,5,720575941542412805,b3,steering,basalar,10,33,330,3
3526,720575941625972123,DNae003,steering_control,720575941659696184,5,720575941547315060,i1,steering,axillary_i,10,12,120,3
3527,720575941625972123,DNae003,steering_control,720575941659696184,5,720575941547315060,i1,steering,axillary_i,10,23,230,3
3528,720575941492697264,DNp28,steering_control,720575941429556655,4,720575941456201887,hg1,steering,haltere,11,16,176,3
3529,720575941492697264,DNp28,steering_control,720575941429556655,4,720575941630940642,hg4,steering,haltere,11,57,627,3
3530,720575941492697264,DNp28,steering_control,720575941429556655,4,720575941630940642,hg4,steering,haltere,11,10,110,3
3531,720575941492697264,DNp28,steering_control,720575941429556655,4,720575941630940642,hg4,steering,haltere,11,14,154,3
3532,720575941492697264,DNp28,steering_control,720575941546491681,5,720575941456201887,hg1,steering,haltere,18,11,198,3
3533,720575941492697264,DNp28,steering_control,720575941546491681,5,720575941542412805,b3,steering,basalar,18,25,450,3
3534,720575941492697264,DNp28,steering_control,720575941546491681,5,720575941542412805,b3,steering,basalar,18,13,234,3
3535,720575941492697264,DNp28,steering_control,720575941546491681,5,720575941542412805,b3,steering,basalar,18,24,432,3
3536,720575941492697264,DNp28,steering_control,720575941546491681,5,720575941547315060,i1,steering,axillary_i,18,10,180,3
3537,720575941492697264,DNp28,steering_control,720575941546491681,5,720575941547315060,i1,steering,axillary_i,18,13,234,3
3538,720575941492697264,DNp28,steering_control,720575941546491681,5,720575941547315060,i1,steering,axillary_i,18,23,414,3
3539,720575941492697264,DNp28,steering_control,720575941557294095,1,720575941549822781,b1,steering,basalar,10,29,290,3
3540,720575941492697264,DNp28,steering_control,720575941557294095,1,720575941549822781,b1,steering,basalar,10,20,200,3
3541,720575941492697264,DNp28,steering_control,720575941557294095,1,720575941655597785,b2,steering,basalar,10,11,110,3
3542,720575941492697264,DNp28,steering_control,720575941566956532,1,720575941549822781,b1,steering,basalar,10,16,160,3
3543,720575941492697264,DNp28,steering_control,720575941566956532,1,720575941549822781,b1,steering,basalar,10,21,210,3
3544,720575941492697264,DNp28,steering_control,720575941566956532,1,720575941655597785,b2,steering,basalar,10,10,100,3
3545,720575941492697264,DNp28,steering_control,720575941566956532,1,720575941655597785,b2,steering,basalar,10,13,130,3
3546,720575941492697264,DNp28,steering_control,720575941593615211,4,720575941468288375,hg3,steering,haltere,15,11,165,3
3547,720575941492697264,DNp28,steering_control,720575941593615211,4,720575941513173763,hg4,steering,haltere,15,16,240,3
3548,720575941492697264,DNp28,steering_control,720575941593615211,4,720575941513173763,hg4,steering,haltere,15,15,225,3
3549,720575941492697264,DNp28,steering_control,720575941593615211,4,720575941516770670,iii4,steering,axillary_III,15,25,375,3
3550,720575941492697264,DNp28,steering_control,720575941593615211,4,720575941516770670,iii4,steering,axillary_III,15,13,195,3
3551,720575941492697264,DNp28,steering_control,720575941593615211,4,720575941516770670,iii4,steering,axillary_III,15,47,705,3
3552,720575941492697264,DNp28,steering_control,720575941593615211,4,720575941580669817,hg1,steering,haltere,15,40,600,3
3553,720575941492697264,DNp28,steering_control,720575941593615211,4,720575941580669817,hg1,steering,haltere,15,17,255,3
3554,720575941492697264,DNp28,steering_control,720575941593615211,4,720575941580669817,hg1,steering,haltere,15,54,810,3
3555,720575941492697264,DNp28,steering_control,720575941593615211,4,720575941732789547,hg2,steering,haltere,15,11,165,3
3556,720575941492697264,DNp28,steering_control,720575941593615211,4,720575941468288375,hg3,steering,haltere,30,11,330,3
3557,720575941492697264,DNp28,steering_control,720575941593615211,4,720575941513173763,hg4,steering,haltere,30,16,480,3
3558,720575941492697264,DNp28,steering_control,720575941593615211,4,720575941513173763,hg4,steering,haltere,30,15,450,3
3559,720575941492697264,DNp28,steering_control,720575941593615211,4,720575941516770670,iii4,steering,axillary_III,30,25,750,3
3560,720575941492697264,DNp28,steering_control,720575941593615211,4,720575941516770670,iii4,steering,axillary_III,30,13,390,3
3561,720575941492697264,DNp28,steering_control,720575941593615211,4,720575941516770670,iii4,steering,axillary_III,30,47,1410,3
3562,720575941492697264,DNp28,steering_control,720575941593615211,4,720575941580669817,hg1,steering,haltere,30,40,1200,3
3563,720575941492697264,DNp28,steering_control,720575941593615211,4,720575941580669817,hg1,steering,haltere,30,17,510,3
3564,720575941492697264,DNp28,steering_control,720575941593615211,4,720575941580669817,hg1,steering,haltere,30,54,1620,3
3565,720575941492697264,DNp28,steering_control,720575941593615211,4,720575941732789547,hg2,steering,haltere,30,11,330,3
3566,720575941492697264,DNp28,steering_control,720575941608991050,1,720575941521196211,b1,steering,basalar,11,31,341,3
3567,720575941492697264,DNp28,steering_control,720575941608991050,1,720575941624155644,b2,steering,basalar,11,29,319,3
3568,720575941492697264,DNp28,steering_control,720575941657718552,4,720575941516770670,iii4,steering,axillary_III,20,16,320,3
3569,720575941492697264,DNp28,steering_control,720575941658602520,1,720575941624155644,b2,steering,basalar,16,10,160,3
3570,720575941595542823,DNp05,power_control,720575941457802480,2,720575941463144336,DLM1,power,DLM,32,11,352,3
3571,720575941595542823,DNp05,power_control,720575941457802480,2,720575941516770670,iii4,steering,axillary_III,32,26,832,3
3572,720575941595542823,DNp05,power_control,720575941457802480,2,720575941519783640,DLM1,power,DLM,32,11,352,3
3573,720575941595542823,DNp05,power_control,720575941457802480,2,720575941640465439,DLM1,power,DLM,32,17,544,3
3574,720575941595542823,DNp05,power_control,720575941457802480,2,720575941645403000,DLM1,power,DLM,32,13,416,3
3575,720575941595542823,DNp05,power_control,720575941457802480,2,720575941655597785,b2,steering,basalar,32,13,416,3
3576,720575941595542823,DNp05,power_control,720575941457802480,2,720575941655597785,b2,steering,basalar,32,10,320,3
3577,720575941595542823,DNp05,power_control,720575941457802480,2,720575941463144336,DLM1,power,DLM,52,11,572,3
3578,720575941595542823,DNp05,power_control,720575941457802480,2,720575941516770670,iii4,steering,axillary_III,52,26,1352,3
3579,720575941595542823,DNp05,power_control,720575941457802480,2,720575941519783640,DLM1,power,DLM,52,11,572,3
3580,720575941595542823,DNp05,power_control,720575941457802480,2,720575941640465439,DLM1,power,DLM,52,17,884,3
3581,720575941595542823,DNp05,power_control,720575941457802480,2,720575941645403000,DLM1,power,DLM,52,13,676,3
3582,720575941595542823,DNp05,power_control,720575941457802480,2,720575941655597785,b2,steering,basalar,52,13,676,3
3583,720575941595542823,DNp05,power_control,720575941457802480,2,720575941655597785,b2,steering,basalar,52,10,520,3
3584,720575941595542823,DNp05,power_control,720575941474741819,2,720575941463144336,DLM1,power,DLM,12,13,156,3
3585,720575941595542823,DNp05,power_control,720575941474741819,2,720575941533190337,DLM1,power,DLM,12,18,216,3
3586,720575941595542823,DNp05,power_control,720575941474741819,2,720575941624155644,b2,steering,basalar,12,11,132,3
3587,720575941595542823,DNp05,power_control,720575941474741819,2,720575941655597785,b2,steering,basalar,12,22,264,3
3588,720575941595542823,DNp05,power_control,720575941474741819,2,720575941463144336,DLM1,power,DLM,42,13,546,3
3589,720575941595542823,DNp05,power_control,720575941474741819,2,720575941533190337,DLM1,power,DLM,42,18,756,3
3590,720575941595542823,DNp05,power_control,720575941474741819,2,720575941624155644,b2,steering,basalar,42,11,462,3
3591,720575941595542823,DNp05,power_control,720575941474741819,2,720575941655597785,b2,steering,basalar,42,22,924,3
3592,720575941509010305,DNxn151,steering_control,720575941350409264,5,720575941547315060,i1,steering,axillary_i,16,35,560,3
3593,720575941509010305,DNxn151,steering_control,720575941350409264,5,720575941547315060,i1,steering,axillary_i,16,13,208,3
3594,720575941509010305,DNxn151,steering_control,720575941350409264,5,720575941565378919,iii3,steering,axillary_III,16,13,208,3
3595,720575941509010305,DNxn151,steering_control,720575941436996882,4,720575941456201887,hg1,steering,haltere,25,41,1025,3
3596,720575941509010305,DNxn151,steering_control,720575941436996882,4,720575941456201887,hg1,steering,haltere,25,25,625,3
3597,720575941509010305,DNxn151,steering_control,720575941436996882,4,720575941459347411,iii4,steering,axillary_III,25,32,800,3
3598,720575941509010305,DNxn151,steering_control,720575941436996882,4,720575941459347411,iii4,steering,axillary_III,25,21,525,3
3599,720575941509010305,DNxn151,steering_control,720575941436996882,4,720575941624155644,b2,steering,basalar,25,12,300,3
3600,720575941509010305,DNxn151,steering_control,720575941449617230,3,720575941643100754,ps1,steering,pleurosternal,12,10,120,3
3601,720575941509010305,DNxn151,steering_control,720575941449617230,3,720575941643100754,ps1,steering,pleurosternal,11,10,110,3
3602,720575941509010305,DNxn151,steering_control,720575941461221075,5,720575941475745898,i2,steering,axillary_i,10,14,140,3
3603,720575941509010305,DNxn151,steering_control,720575941477884802,4,720575941456201887,hg1,steering,haltere,11,27,297,3
3604,720575941509010305,DNxn151,steering_control,720575941477884802,4,720575941456201887,hg1,steering,haltere,11,29,319,3
3605,720575941509010305,DNxn151,steering_control,720575941477884802,4,720575941459347411,iii4,steering,axillary_III,11,19,209,3
3606,720575941509010305,DNxn151,steering_control,720575941477884802,4,720575941624155644,b2,steering,basalar,11,26,286,3
3607,720575941509010305,DNxn151,steering_control,720575941563253814,4,720575941456201887,hg1,steering,haltere,15,11,165,3
3608,720575941509010305,DNxn151,steering_control,720575941609479526,4,720575941459347411,iii4,steering,axillary_III,17,10,170,3
3609,720575941509010305,DNxn151,steering_control,720575941609479526,4,720575941513173763,hg4,steering,haltere,17,20,340,3
3610,720575941509010305,DNxn151,steering_control,720575941609479526,4,720575941516770670,iii4,steering,axillary_III,17,13,221,3
3611,720575941509010305,DNxn151,steering_control,720575941609479526,4,720575941516770670,iii4,steering,axillary_III,17,16,272,3
3612,720575941509010305,DNxn151,steering_control,720575941609479526,4,720575941580669817,hg1,steering,haltere,17,15,255,3
3613,720575941509010305,DNxn151,steering_control,720575941609479526,4,720575941580669817,hg1,steering,haltere,17,11,187,3
3614,720575941509010305,DNxn151,steering_control,720575941609479526,4,720575941580669817,hg1,steering,haltere,17,20,340,3
3615,720575941509010305,DNxn151,steering_control,720575941625963419,4,720575941516770670,iii4,steering,axillary_III,19,18,342,3
3616,720575941509010305,DNxn151,steering_control,720575941625963419,4,720575941516770670,iii4,steering,axillary_III,19,33,627,3
3617,720575941509010305,DNxn151,steering_control,720575941625963419,4,720575941580669817,hg1,steering,haltere,19,14,266,3
3618,720575941509010305,DNxn151,steering_control,720575941625963419,4,720575941643100754,ps1,steering,pleurosternal,19,12,228,3
3619,720575941478195265,DNg42,steering_control,720575941533761050,1,720575941549822781,b1,steering,basalar,11,18,198,3
3620,720575941478195265,DNg42,steering_control,720575941533761050,1,720575941549822781,b1,steering,basalar,11,17,187,3
3621,720575941478195265,DNg42,steering_control,720575941533761050,1,720575941655597785,b2,steering,basalar,11,10,110,3
3622,720575941478195265,DNg42,steering_control,720575941533761050,1,720575941655597785,b2,steering,basalar,11,18,198,3
3623,720575941478195265,DNg42,steering_control,720575941545400508,1,720575941549822781,b1,steering,basalar,15,15,225,3
3624,720575941478195265,DNg42,steering_control,720575941545400508,1,720575941655597785,b2,steering,basalar,15,10,150,3
3625,720575941478195265,DNg42,steering_control,720575941546491681,5,720575941456201887,hg1,steering,haltere,19,11,209,3
3626,720575941478195265,DNg42,steering_control,720575941546491681,5,720575941542412805,b3,steering,basalar,19,25,475,3
3627,720575941478195265,DNg42,steering_control,720575941546491681,5,720575941542412805,b3,steering,basalar,19,13,247,3
3628,720575941478195265,DNg42,steering_control,720575941546491681,5,720575941542412805,b3,steering,basalar,19,24,456,3
3629,720575941478195265,DNg42,steering_control,720575941546491681,5,720575941547315060,i1,steering,axillary_i,19,10,190,3
3630,720575941478195265,DNg42,steering_control,720575941546491681,5,720575941547315060,i1,steering,axillary_i,19,13,247,3
3631,720575941478195265,DNg42,steering_control,720575941546491681,5,720575941547315060,i1,steering,axillary_i,19,23,437,3
3632,720575941478195265,DNg42,steering_control,720575941595804828,1,720575941549822781,b1,steering,basalar,14,13,182,3
3633,720575941478195265,DNg42,steering_control,720575941595804828,1,720575941655597785,b2,steering,basalar,14,13,182,3
3634,720575941478195265,DNg42,steering_control,720575941608310346,5,720575941474574132,b3,steering,basalar,11,14,154,3
3635,720575941478195265,DNg42,steering_control,720575941608310346,5,720575941474574132,b3,steering,basalar,11,10,110,3
3636,720575941478195265,DNg42,steering_control,720575941608310346,5,720575941580669817,hg1,steering,haltere,11,12,132,3
3637,720575941478195265,DNg42,steering_control,720575941608310346,5,720575941474574132,b3,steering,basalar,36,14,504,3
3638,720575941478195265,DNg42,steering_control,720575941608310346,5,720575941474574132,b3,steering,basalar,36,10,360,3
3639,720575941478195265,DNg42,steering_control,720575941608310346,5,720575941580669817,hg1,steering,haltere,36,12,432,3
3640,720575941478195265,DNg42,steering_control,720575941609358310,1,720575941549822781,b1,steering,basalar,13,17,221,3
3641,720575941478195265,DNg42,steering_control,720575941659696184,5,720575941542412805,b3,steering,basalar,15,23,345,3
3642,720575941478195265,DNg42,steering_control,720575941659696184,5,720575941542412805,b3,steering,basalar,15,33,495,3
3643,720575941478195265,DNg42,steering_control,720575941659696184,5,720575941547315060,i1,steering,axillary_i,15,12,180,3
3644,720575941478195265,DNg42,steering_control,720575941659696184,5,720575941547315060,i1,steering,axillary_i,15,23,345,3
3645,720575941508375390,DNpe005,steering_control,720575941441318591,4,720575941516770670,iii4,steering,axillary_III,12,17,204,3
3646,720575941508375390,DNpe005,steering_control,720575941467252189,1,720575941456201887,hg1,steering,haltere,71,23,1633,3
3647,720575941508375390,DNpe005,steering_control,720575941467252189,1,720575941459347411,iii4,steering,axillary_III,71,11,781,3
3648,720575941508375390,DNpe005,steering_control,720575941467252189,1,720575941624155644,b2,steering,basalar,71,16,1136,3
3649,720575941508375390,DNpe005,steering_control,720575941467252189,1,720575941624155644,b2,steering,basalar,71,20,1420,3
3650,720575941508375390,DNpe005,steering_control,720575941467252189,1,720575941456201887,hg1,steering,haltere,17,23,391,3
3651,720575941508375390,DNpe005,steering_control,720575941467252189,1,720575941459347411,iii4,steering,axillary_III,17,11,187,3
3652,720575941508375390,DNpe005,steering_control,720575941467252189,1,720575941624155644,b2,steering,basalar,17,16,272,3
3653,720575941508375390,DNpe005,steering_control,720575941467252189,1,720575941624155644,b2,steering,basalar,17,20,340,3
3654,720575941508375390,DNpe005,steering_control,720575941519213016,2,720575941463144336,DLM1,power,DLM,13,35,455,3
3655,720575941508375390,DNpe005,steering_control,720575941519213016,2,720575941463144336,DLM1,power,DLM,13,18,234,3
3656,720575941508375390,DNpe005,steering_control,720575941519213016,2,720575941479034563,DLM1,power,DLM,13,16,208,3
3657,720575941508375390,DNpe005,steering_control,720575941519213016,2,720575941479034563,DLM1,power,DLM,13,26,338,3
3658,720575941508375390,DNpe005,steering_control,720575941519213016,2,720575941507955269,DLM1,power,DLM,13,50,650,3
3659,720575941508375390,DNpe005,steering_control,720575941519213016,2,720575941507955269,DLM1,power,DLM,13,22,286,3
3660,720575941508375390,DNpe005,steering_control,720575941519213016,2,720575941519783640,DLM1,power,DLM,13,41,533,3
3661,720575941508375390,DNpe005,steering_control,720575941519213016,2,720575941519783640,DLM1,power,DLM,13,11,143,3
3662,720575941508375390,DNpe005,steering_control,720575941519213016,2,720575941533190337,DLM1,power,DLM,13,42,546,3
3663,720575941508375390,DNpe005,steering_control,720575941519213016,2,720575941533190337,DLM1,power,DLM,13,24,312,3
3664,720575941508375390,DNpe005,steering_control,720575941519213016,2,720575941534583786,DLM5,power,DLM,13,55,715,3
3665,720575941508375390,DNpe005,steering_control,720575941519213016,2,720575941534583786,DLM5,power,DLM,13,14,182,3
3666,720575941508375390,DNpe005,steering_control,720575941519213016,2,720575941565105206,DVM1A,power,DVM,13,17,221,3
3667,720575941508375390,DNpe005,steering_control,720575941519213016,2,720575941583644382,DLM1,power,DLM,13,31,403,3
3668,720575941508375390,DNpe005,steering_control,720575941519213016,2,720575941583644382,DLM1,power,DLM,13,18,234,3
3669,720575941508375390,DNpe005,steering_control,720575941519213016,2,720575941596050112,DLM5,power,DLM,13,20,260,3
3670,720575941508375390,DNpe005,steering_control,720575941519213016,2,720575941596050112,DLM5,power,DLM,13,21,273,3
3671,720575941508375390,DNpe005,steering_control,720575941519213016,2,720575941640465439,DLM1,power,DLM,13,32,416,3
3672,720575941508375390,DNpe005,steering_control,720575941519213016,2,720575941640465439,DLM1,power,DLM,13,17,221,3
3673,720575941508375390,DNpe005,steering_control,720575941519213016,2,720575941645403000,DLM1,power,DLM,13,45,585,3
3674,720575941508375390,DNpe005,steering_control,720575941519213016,2,720575941645403000,DLM1,power,DLM,13,16,208,3
3675,720575941508375390,DNpe005,steering_control,720575941583588830,1,720575941479658831,hg2,steering,haltere,16,10,160,3
3676,720575941508375390,DNpe005,steering_control,720575941583588830,1,720575941513173763,hg4,steering,haltere,16,12,192,3
3677,720575941508375390,DNpe005,steering_control,720575941583588830,1,720575941549822781,b1,steering,basalar,16,13,208,3
3678,720575941508375390,DNpe005,steering_control,720575941583588830,1,720575941580669817,hg1,steering,haltere,16,25,400,3
3679,720575941508375390,DNpe005,steering_control,720575941583588830,1,720575941580669817,hg1,steering,haltere,16,37,592,3
3680,720575941508375390,DNpe005,steering_control,720575941583588830,1,720575941655597785,b2,steering,basalar,16,19,304,3
3681,720575941508375390,DNpe005,steering_control,720575941583588830,1,720575941655597785,b2,steering,basalar,16,13,208,3
3682,720575941618895231,DNb01,steering_control,720575941430842209,1,720575941458961604,iii3,steering,axillary_III,21,12,252,3
3683,720575941618895231,DNb01,steering_control,720575941430842209,1,720575941549822781,b1,steering,basalar,21,32,672,3
3684,720575941618895231,DNb01,steering_control,720575941430842209,1,720575941655597785,b2,steering,basalar,21,31,651,3
3685,720575941618895231,DNb01,steering_control,720575941459514512,5,720575941468897856,i1,steering,axillary_i,10,14,140,3
3686,720575941618895231,DNb01,steering_control,720575941459514512,5,720575941468897856,i1,steering,axillary_i,10,18,180,3
3687,720575941618895231,DNb01,steering_control,720575941459514512,5,720575941474574132,b3,steering,basalar,10,12,120,3
3688,720575941618895231,DNb01,steering_control,720575941459514512,5,720575941474574132,b3,steering,basalar,10,30,300,3
3689,720575941618895231,DNb01,steering_control,720575941459514512,5,720575941474574132,b3,steering,basalar,10,25,250,3
3690,720575941618895231,DNb01,steering_control,720575941473850720,5,720575941479658831,hg2,steering,haltere,27,10,270,3
3691,720575941618895231,DNb01,steering_control,720575941473850720,5,720575941542412805,b3,steering,basalar,27,10,270,3
3692,720575941618895231,DNb01,steering_control,720575941473850720,5,720575941542412805,b3,steering,basalar,27,11,297,3
3693,720575941618895231,DNb01,steering_control,720575941572251144,1,720575941549822781,b1,steering,basalar,13,25,325,3
3694,720575941618895231,DNb01,steering_control,720575941572251144,1,720575941655597785,b2,steering,basalar,13,16,208,3
3695,720575941618895231,DNb01,steering_control,720575941572251144,1,720575941549822781,b1,steering,basalar,16,25,400,3
3696,720575941618895231,DNb01,steering_control,720575941572251144,1,720575941655597785,b2,steering,basalar,16,16,256,3
3697,720575941618895231,DNb01,steering_control,720575941601088441,5,720575941468897856,i1,steering,axillary_i,30,16,480,3
3698,720575941618895231,DNb01,steering_control,720575941601088441,5,720575941468897856,i1,steering,axillary_i,30,13,390,3
3699,720575941618895231,DNb01,steering_control,720575941601088441,5,720575941468897856,i1,steering,axillary_i,30,14,420,3
3700,720575941618895231,DNb01,steering_control,720575941601088441,5,720575941474574132,b3,steering,basalar,30,27,810,3
3701,720575941618895231,DNb01,steering_control,720575941601088441,5,720575941474574132,b3,steering,basalar,30,15,450,3
3702,720575941618895231,DNb01,steering_control,720575941601088441,5,720575941474574132,b3,steering,basalar,30,24,720,3
3703,720575941618895231,DNb01,steering_control,720575941601088441,5,720575941580669817,hg1,steering,haltere,30,10,300,3
3704,720575941618895231,DNb01,steering_control,720575941630748859,1,720575941655597785,b2,steering,basalar,11,10,110,3
3705,720575941618895231,DNb01,steering_control,720575941630748859,1,720575941655597785,b2,steering,basalar,11,58,638,3
3706,720575941510475536,DNa02,steering_control,720575941400818723,4,720575941513173763,hg4,steering,haltere,16,36,576,3
3707,720575941510475536,DNa02,steering_control,720575941400818723,4,720575941513173763,hg4,steering,haltere,16,10,160,3
3708,720575941510475536,DNa02,steering_control,720575941400818723,4,720575941513173763,hg4,steering,haltere,16,11,176,3
3709,720575941510475536,DNa02,steering_control,720575941400818723,4,720575941580669817,hg1,steering,haltere,16,26,416,3
3710,720575941510475536,DNa02,steering_control,720575941400818723,4,720575941513173763,hg4,steering,haltere,21,36,756,3
3711,720575941510475536,DNa02,steering_control,720575941400818723,4,720575941513173763,hg4,steering,haltere,21,10,210,3
3712,720575941510475536,DNa02,steering_control,720575941400818723,4,720575941513173763,hg4,steering,haltere,21,11,231,3
3713,720575941510475536,DNa02,steering_control,720575941400818723,4,720575941580669817,hg1,steering,haltere,21,26,546,3
3714,720575941510475536,DNa02,steering_control,720575941550878087,5,720575941458961604,iii3,steering,axillary_III,26,55,1430,3
3715,720575941510475536,DNa02,steering_control,720575941550878087,5,720575941458961604,iii3,steering,axillary_III,26,11,286,3
3716,720575941510475536,DNa02,steering_control,720575941611080010,5,720575941458961604,iii3,steering,axillary_III,12,13,156,3
3717,720575941510475536,DNa02,steering_control,720575941611080010,5,720575941565378919,iii3,steering,axillary_III,12,231,2772,3
3718,720575941510475536,DNa02,steering_control,720575941611080010,5,720575941565378919,iii3,steering,axillary_III,12,11,132,3
3719,720575941510475536,DNa02,steering_control,720575941611080010,5,720575941565378919,iii3,steering,axillary_III,12,46,552,3
3720,720575941510475536,DNa02,steering_control,720575941652640273,4,720575941630940642,hg4,steering,haltere,14,21,294,3
3721,720575941510475536,DNa02,steering_control,720575941678358973,5,720575941458961604,iii3,steering,axillary_III,35,32,1120,3
3722,720575941510475536,DNa02,steering_control,720575941678358973,5,720575941458961604,iii3,steering,axillary_III,35,14,490,3
3723,720575941594823537,DNp05,power_control,720575941457802480,2,720575941463144336,DLM1,power,DLM,35,11,385,3
3724,720575941594823537,DNp05,power_control,720575941457802480,2,720575941516770670,iii4,steering,axillary_III,35,26,910,3
3725,720575941594823537,DNp05,power_control,720575941457802480,2,720575941519783640,DLM1,power,DLM,35,11,385,3
3726,720575941594823537,DNp05,power_control,720575941457802480,2,720575941640465439,DLM1,power,DLM,35,17,595,3
3727,720575941594823537,DNp05,power_control,720575941457802480,2,720575941645403000,DLM1,power,DLM,35,13,455,3
3728,720575941594823537,DNp05,power_control,720575941457802480,2,720575941655597785,b2,steering,basalar,35,13,455,3
3729,720575941594823537,DNp05,power_control,720575941457802480,2,720575941655597785,b2,steering,basalar,35,10,350,3
3730,720575941594823537,DNp05,power_control,720575941457802480,2,720575941463144336,DLM1,power,DLM,14,11,154,3
3731,720575941594823537,DNp05,power_control,720575941457802480,2,720575941516770670,iii4,steering,axillary_III,14,26,364,3
3732,720575941594823537,DNp05,power_control,720575941457802480,2,720575941519783640,DLM1,power,DLM,14,11,154,3
3733,720575941594823537,DNp05,power_control,720575941457802480,2,720575941640465439,DLM1,power,DLM,14,17,238,3
3734,720575941594823537,DNp05,power_control,720575941457802480,2,720575941645403000,DLM1,power,DLM,14,13,182,3
3735,720575941594823537,DNp05,power_control,720575941457802480,2,720575941655597785,b2,steering,basalar,14,13,182,3
3736,720575941594823537,DNp05,power_control,720575941457802480,2,720575941655597785,b2,steering,basalar,14,10,140,3
3737,720575941594823537,DNp05,power_control,720575941474741819,2,720575941463144336,DLM1,power,DLM,36,13,468,3
3738,720575941594823537,DNp05,power_control,720575941474741819,2,720575941533190337,DLM1,power,DLM,36,18,648,3
3739,720575941594823537,DNp05,power_control,720575941474741819,2,720575941624155644,b2,steering,basalar,36,11,396,3
3740,720575941594823537,DNp05,power_control,720575941474741819,2,720575941655597785,b2,steering,basalar,36,22,792,3
3741,720575941594823537,DNp05,power_control,720575941474741819,2,720575941463144336,DLM1,power,DLM,22,13,286,3
3742,720575941594823537,DNp05,power_control,720575941474741819,2,720575941533190337,DLM1,power,DLM,22,18,396,3
3743,720575941594823537,DNp05,power_control,720575941474741819,2,720575941624155644,b2,steering,basalar,22,11,242,3
3744,720575941594823537,DNp05,power_control,720575941474741819,2,720575941655597785,b2,steering,basalar,22,22,484,3
3745,720575941594823537,DNp05,power_control,720575941528086660,4,720575941459347411,iii4,steering,axillary_III,17,11,187,3
3746,720575941594823537,DNp05,power_control,720575941528086660,4,720575941459347411,iii4,steering,axillary_III,17,19,323,3
3747,720575941504526386,DNg55,steering_control,720575941625907769,4,720575941479658831,hg2,steering,haltere,56,10,560,3
3748,720575941504526386,DNg55,steering_control,720575941625907769,4,720575941479658831,hg2,steering,haltere,20,10,200,3
3749,720575941504526386,DNg55,steering_control,720575941625907769,4,720575941479658831,hg2,steering,haltere,37,10,370,3
3750,720575941504526386,DNg55,steering_control,720575941625907769,4,720575941479658831,hg2,steering,haltere,10,10,100,3
3751,720575941568870770,DNa10,steering_control,720575941495591291,5,720575941542412805,b3,steering,basalar,11,19,209,3
3752,720575941568870770,DNa10,steering_control,720575941495591291,5,720575941542412805,b3,steering,basalar,11,22,242,3
3753,720575941568870770,DNa10,steering_control,720575941495591291,5,720575941542412805,b3,steering,basalar,11,25,275,3
3754,720575941568870770,DNa10,steering_control,720575941495591291,5,720575941547315060,i1,steering,axillary_i,11,14,154,3
3755,720575941568870770,DNa10,steering_control,720575941495591291,5,720575941547315060,i1,steering,axillary_i,11,12,132,3
3756,720575941568870770,DNa10,steering_control,720575941524196683,2,720575941534583786,DLM5,power,DLM,11,19,209,3
3757,720575941568870770,DNa10,steering_control,720575941524196683,2,720575941596050112,DLM5,power,DLM,11,42,462,3
3758,720575941568870770,DNa10,steering_control,720575941526701412,3,720575941630940642,hg4,steering,haltere,14,12,168,3
3759,720575941568870770,DNa10,steering_control,720575941526701412,3,720575941645041313,ps1,steering,pleurosternal,14,11,154,3
3760,720575941568870770,DNa10,steering_control,720575941526701412,3,720575941732789547,hg2,steering,haltere,14,14,196,3
3761,720575941568870770,DNa10,steering_control,720575941544695732,5,720575941475745898,i2,steering,axillary_i,10,11,110,3
3762,720575941568870770,DNa10,steering_control,720575941544695732,5,720575941547394081,i2,steering,axillary_i,10,10,100,3
3763,720575941568870770,DNa10,steering_control,720575941544695732,5,720575941547394081,i2,steering,axillary_i,10,12,120,3
3764,720575941568870770,DNa10,steering_control,720575941623108298,3,720575941463144336,DLM1,power,DLM,16,10,160,3
3765,720575941568870770,DNa10,steering_control,720575941623108298,3,720575941472734048,DVM1A,power,DVM,16,13,208,3
3766,720575941568870770,DNa10,steering_control,720575941623108298,3,720575941472734048,DVM1A,power,DVM,16,39,624,3
3767,720575941568870770,DNa10,steering_control,720575941623108298,3,720575941479034563,DLM1,power,DLM,16,15,240,3
3768,720575941568870770,DNa10,steering_control,720575941623108298,3,720575941487139138,DVM3A,power,DVM,16,14,224,3
3769,720575941568870770,DNa10,steering_control,720575941623108298,3,720575941530190027,DVM2A,power,DVM,16,11,176,3
3770,720575941568870770,DNa10,steering_control,720575941623108298,3,720575941597489344,DVM1A,power,DVM,16,20,320,3
3771,720575941568870770,DNa10,steering_control,720575941623108298,3,720575941603635190,DVM1A,power,DVM,16,32,512,3
3772,720575941568870770,DNa10,steering_control,720575941623108298,3,720575941624985226,DVM2A,power,DVM,16,11,176,3
3773,720575941568870770,DNa10,steering_control,720575941623108298,3,720575941643100754,ps1,steering,pleurosternal,16,20,320,3
3774,720575941568870770,DNa10,steering_control,720575941623108298,3,720575941643100754,ps1,steering,pleurosternal,16,96,1536,3
3775,720575941568870770,DNa10,steering_control,720575941623108298,3,720575941643100754,ps1,steering,pleurosternal,16,11,176,3
3776,720575941568870770,DNa10,steering_control,720575941623108298,3,720575941643100754,ps1,steering,pleurosternal,16,182,2912,3
3777,720575941568870770,DNa10,steering_control,720575941623108298,3,720575941643100754,ps1,steering,pleurosternal,16,20,320,3
3778,720575941568870770,DNa10,steering_control,720575941623108298,3,720575941645041313,ps1,steering,pleurosternal,16,26,416,3
3779,720575941568870770,DNa10,steering_control,720575941623108298,3,720575941645041313,ps1,steering,pleurosternal,16,52,832,3
3780,720575941568870770,DNa10,steering_control,720575941623108298,3,720575941645041313,ps1,steering,pleurosternal,16,21,336,3
3781,720575941568870770,DNa10,steering_control,720575941623108298,3,720575941645041313,ps1,steering,pleurosternal,16,16,256,3
3782,720575941568870770,DNa10,steering_control,720575941623108298,3,720575941645041313,ps1,steering,pleurosternal,16,47,752,3
3783,720575941568870770,DNa10,steering_control,720575941623108298,3,720575941645403000,DLM1,power,DLM,16,11,176,3
3784,720575941568870770,DNa10,steering_control,720575941623108298,3,720575941463144336,DLM1,power,DLM,26,10,260,3
3785,720575941568870770,DNa10,steering_control,720575941623108298,3,720575941472734048,DVM1A,power,DVM,26,13,338,3
3786,720575941568870770,DNa10,steering_control,720575941623108298,3,720575941472734048,DVM1A,power,DVM,26,39,1014,3
3787,720575941568870770,DNa10,steering_control,720575941623108298,3,720575941479034563,DLM1,power,DLM,26,15,390,3
3788,720575941568870770,DNa10,steering_control,720575941623108298,3,720575941487139138,DVM3A,power,DVM,26,14,364,3
3789,720575941568870770,DNa10,steering_control,720575941623108298,3,720575941530190027,DVM2A,power,DVM,26,11,286,3
3790,720575941568870770,DNa10,steering_control,720575941623108298,3,720575941597489344,DVM1A,power,DVM,26,20,520,3
3791,720575941568870770,DNa10,steering_control,720575941623108298,3,720575941603635190,DVM1A,power,DVM,26,32,832,3
3792,720575941568870770,DNa10,steering_control,720575941623108298,3,720575941624985226,DVM2A,power,DVM,26,11,286,3
3793,720575941568870770,DNa10,steering_control,720575941623108298,3,720575941643100754,ps1,steering,pleurosternal,26,20,520,3
3794,720575941568870770,DNa10,steering_control,720575941623108298,3,720575941643100754,ps1,steering,pleurosternal,26,96,2496,3
3795,720575941568870770,DNa10,steering_control,720575941623108298,3,720575941643100754,ps1,steering,pleurosternal,26,11,286,3
3796,720575941568870770,DNa10,steering_control,720575941623108298,3,720575941643100754,ps1,steering,pleurosternal,26,182,4732,3
3797,720575941568870770,DNa10,steering_control,720575941623108298,3,720575941643100754,ps1,steering,pleurosternal,26,20,520,3
3798,720575941568870770,DNa10,steering_control,720575941623108298,3,720575941645041313,ps1,steering,pleurosternal,26,26,676,3
3799,720575941568870770,DNa10,steering_control,720575941623108298,3,720575941645041313,ps1,steering,pleurosternal,26,52,1352,3
3800,720575941568870770,DNa10,steering_control,720575941623108298,3,720575941645041313,ps1,steering,pleurosternal,26,21,546,3
3801,720575941568870770,DNa10,steering_control,720575941623108298,3,720575941645041313,ps1,steering,pleurosternal,26,16,416,3
3802,720575941568870770,DNa10,steering_control,720575941623108298,3,720575941645041313,ps1,steering,pleurosternal,26,47,1222,3
3803,720575941568870770,DNa10,steering_control,720575941623108298,3,720575941645403000,DLM1,power,DLM,26,11,286,3
3804,720575941568870770,DNa10,steering_control,720575941671138727,3,720575941479034563,DLM1,power,DLM,20,10,200,3
3805,720575941568870770,DNa10,steering_control,720575941671138727,3,720575941565105206,DVM1A,power,DVM,20,46,920,3
3806,720575941568870770,DNa10,steering_control,720575941671138727,3,720575941566847847,DVM1A,power,DVM,20,25,500,3
3807,720575941568870770,DNa10,steering_control,720575941671138727,3,720575941643100754,ps1,steering,pleurosternal,20,41,820,3
3808,720575941568870770,DNa10,steering_control,720575941671138727,3,720575941643100754,ps1,steering,pleurosternal,20,11,220,3
3809,720575941568870770,DNa10,steering_control,720575941671138727,3,720575941643100754,ps1,steering,pleurosternal,20,36,720,3
3810,720575941568870770,DNa10,steering_control,720575941671138727,3,720575941643100754,ps1,steering,pleurosternal,20,34,680,3
3811,720575941568870770,DNa10,steering_control,720575941671138727,3,720575941645041313,ps1,steering,pleurosternal,20,64,1280,3
3812,720575941568870770,DNa10,steering_control,720575941671138727,3,720575941645041313,ps1,steering,pleurosternal,20,24,480,3
3813,720575941568870770,DNa10,steering_control,720575941671138727,3,720575941645041313,ps1,steering,pleurosternal,20,157,3140,3
3814,720575941568870770,DNa10,steering_control,720575941671138727,3,720575941645403000,DLM1,power,DLM,20,23,460,3
3815,720575941568870770,DNa10,steering_control,720575941671138727,3,720575941479034563,DLM1,power,DLM,14,10,140,3
3816,720575941568870770,DNa10,steering_control,720575941671138727,3,720575941565105206,DVM1A,power,DVM,14,46,644,3
3817,720575941568870770,DNa10,steering_control,720575941671138727,3,720575941566847847,DVM1A,power,DVM,14,25,350,3
3818,720575941568870770,DNa10,steering_control,720575941671138727,3,720575941643100754,ps1,steering,pleurosternal,14,41,574,3
3819,720575941568870770,DNa10,steering_control,720575941671138727,3,720575941643100754,ps1,steering,pleurosternal,14,11,154,3
3820,720575941568870770,DNa10,steering_control,720575941671138727,3,720575941643100754,ps1,steering,pleurosternal,14,36,504,3
3821,720575941568870770,DNa10,steering_control,720575941671138727,3,720575941643100754,ps1,steering,pleurosternal,14,34,476,3
3822,720575941568870770,DNa10,steering_control,720575941671138727,3,720575941645041313,ps1,steering,pleurosternal,14,64,896,3
3823,720575941568870770,DNa10,steering_control,720575941671138727,3,720575941645041313,ps1,steering,pleurosternal,14,24,336,3
3824,720575941568870770,DNa10,steering_control,720575941671138727,3,720575941645041313,ps1,steering,pleurosternal,14,157,2198,3
3825,720575941568870770,DNa10,steering_control,720575941671138727,3,720575941645403000,DLM1,power,DLM,14,23,322,3
3826,720575941490717390,DNa09,steering_control,720575941456348575,4,720575941456201887,hg1,steering,haltere,10,39,390,3
3827,720575941490717390,DNa09,steering_control,720575941456348575,4,720575941458961604,iii3,steering,axillary_III,10,20,200,3
3828,720575941490717390,DNa09,steering_control,720575941456348575,4,720575941459347411,iii4,steering,axillary_III,10,48,480,3
3829,720575941490717390,DNa09,steering_control,720575941456348575,4,720575941459347411,iii4,steering,axillary_III,10,13,130,3
3830,720575941490717390,DNa09,steering_control,720575941456348575,4,720575941483845954,hg3,steering,haltere,10,19,190,3
3831,720575941490717390,DNa09,steering_control,720575941456348575,4,720575941630940642,hg4,steering,haltere,10,61,610,3
3832,720575941490717390,DNa09,steering_control,720575941456348575,4,720575941630940642,hg4,steering,haltere,10,13,130,3
3833,720575941490717390,DNa09,steering_control,720575941485377602,1,720575941655597785,b2,steering,basalar,12,16,192,3
3834,720575941490717390,DNa09,steering_control,720575941512899427,2,720575941463144336,DLM1,power,DLM,13,20,260,3
3835,720575941490717390,DNa09,steering_control,720575941512899427,2,720575941479034563,DLM1,power,DLM,13,21,273,3
3836,720575941490717390,DNa09,steering_control,720575941512899427,2,720575941533190337,DLM1,power,DLM,13,10,130,3
3837,720575941490717390,DNa09,steering_control,720575941512899427,2,720575941533190337,DLM1,power,DLM,13,14,182,3
3838,720575941490717390,DNa09,steering_control,720575941523994114,1,720575941655597785,b2,steering,basalar,15,17,255,3
3839,720575941490717390,DNa09,steering_control,720575941533761050,1,720575941549822781,b1,steering,basalar,10,18,180,3
3840,720575941490717390,DNa09,steering_control,720575941533761050,1,720575941549822781,b1,steering,basalar,10,17,170,3
3841,720575941490717390,DNa09,steering_control,720575941533761050,1,720575941655597785,b2,steering,basalar,10,10,100,3
3842,720575941490717390,DNa09,steering_control,720575941533761050,1,720575941655597785,b2,steering,basalar,10,18,180,3
3843,720575941490717390,DNa09,steering_control,720575941545400508,1,720575941549822781,b1,steering,basalar,11,15,165,3
3844,720575941490717390,DNa09,steering_control,720575941545400508,1,720575941655597785,b2,steering,basalar,11,10,110,3
3845,720575941490717390,DNa09,steering_control,720575941546491681,5,720575941456201887,hg1,steering,haltere,11,11,121,3
3846,720575941490717390,DNa09,steering_control,720575941546491681,5,720575941542412805,b3,steering,basalar,11,25,275,3
3847,720575941490717390,DNa09,steering_control,720575941546491681,5,720575941542412805,b3,steering,basalar,11,13,143,3
3848,720575941490717390,DNa09,steering_control,720575941546491681,5,720575941542412805,b3,steering,basalar,11,24,264,3
3849,720575941490717390,DNa09,steering_control,720575941546491681,5,720575941547315060,i1,steering,axillary_i,11,10,110,3
3850,720575941490717390,DNa09,steering_control,720575941546491681,5,720575941547315060,i1,steering,axillary_i,11,13,143,3
3851,720575941490717390,DNa09,steering_control,720575941546491681,5,720575941547315060,i1,steering,axillary_i,11,23,253,3
3852,720575941490717390,DNa09,steering_control,720575941609358310,1,720575941549822781,b1,steering,basalar,11,17,187,3
3853,720575941490717390,DNa09,steering_control,720575941609358310,1,720575941549822781,b1,steering,basalar,19,17,323,3
3854,720575941490717390,DNa09,steering_control,720575941617646805,1,720575941655597785,b2,steering,basalar,10,15,150,3
3855,720575941593505387,DNnt017,steering_control,720575941477297716,4,720575941630940642,hg4,steering,haltere,30,32,960,3
3856,720575941593505387,DNnt017,steering_control,720575941525725954,4,720575941630940642,hg4,steering,haltere,45,27,1215,3
3857,720575941593505387,DNnt017,steering_control,720575941525725954,4,720575941630940642,hg4,steering,haltere,45,13,585,3
3858,720575941593505387,DNnt017,steering_control,720575941579868917,4,720575941630940642,hg4,steering,haltere,46,46,2116,3
3859,720575941593505387,DNnt017,steering_control,720575941579868917,4,720575941630940642,hg4,steering,haltere,46,33,1518,3
3860,720575941553786503,aSP22,steering_control,720575941414508948,5,720575941560383347,DVM1A,power,DVM,45,10,450,3
3861,720575941553786503,aSP22,steering_control,720575941414508948,5,720575941560383347,DVM1A,power,DVM,25,10,250,3
3862,720575941553786503,aSP22,steering_control,720575941477166622,5,720575941542412805,b3,steering,basalar,17,17,289,3
3863,720575941553786503,aSP22,steering_control,720575941477166622,5,720575941547315060,i1,steering,axillary_i,17,13,221,3
3864,720575941553786503,aSP22,steering_control,720575941523112439,4,720575941513173763,hg4,steering,haltere,13,27,351,3
3865,720575941553786503,aSP22,steering_control,720575941523112439,4,720575941513173763,hg4,steering,haltere,13,11,143,3
3866,720575941553786503,aSP22,steering_control,720575941523112439,4,720575941516770670,iii4,steering,axillary_III,13,14,182,3
3867,720575941553786503,aSP22,steering_control,720575941523112439,4,720575941580669817,hg1,steering,haltere,13,29,377,3
3868,720575941553786503,aSP22,steering_control,720575941523112439,4,720575941580669817,hg1,steering,haltere,13,17,221,3
3869,720575941553786503,aSP22,steering_control,720575941579868917,4,720575941630940642,hg4,steering,haltere,18,46,828,3
3870,720575941553786503,aSP22,steering_control,720575941579868917,4,720575941630940642,hg4,steering,haltere,18,33,594,3
3871,720575941662506040,DNg27,steering_control,720575941402032240,2,720575941463144336,DLM1,power,DLM,16,11,176,3
3872,720575941662506040,DNg27,steering_control,720575941402032240,2,720575941463144336,DLM1,power,DLM,16,27,432,3
3873,720575941662506040,DNg27,steering_control,720575941402032240,2,720575941472734048,DVM1A,power,DVM,16,18,288,3
3874,720575941662506040,DNg27,steering_control,720575941402032240,2,720575941479034563,DLM1,power,DLM,16,13,208,3
3875,720575941662506040,DNg27,steering_control,720575941402032240,2,720575941479034563,DLM1,power,DLM,16,47,752,3
3876,720575941662506040,DNg27,steering_control,720575941402032240,2,720575941487139138,DVM3A,power,DVM,16,15,240,3
3877,720575941662506040,DNg27,steering_control,720575941402032240,2,720575941507955269,DLM1,power,DLM,16,26,416,3
3878,720575941662506040,DNg27,steering_control,720575941402032240,2,720575941507955269,DLM1,power,DLM,16,17,272,3
3879,720575941662506040,DNg27,steering_control,720575941402032240,2,720575941519783640,DLM1,power,DLM,16,29,464,3
3880,720575941662506040,DNg27,steering_control,720575941402032240,2,720575941530190027,DVM2A,power,DVM,16,10,160,3
3881,720575941662506040,DNg27,steering_control,720575941402032240,2,720575941533190337,DLM1,power,DLM,16,12,192,3
3882,720575941662506040,DNg27,steering_control,720575941402032240,2,720575941533190337,DLM1,power,DLM,16,43,688,3
3883,720575941662506040,DNg27,steering_control,720575941402032240,2,720575941534583786,DLM5,power,DLM,16,21,336,3
3884,720575941662506040,DNg27,steering_control,720575941402032240,2,720575941560383347,DVM1A,power,DVM,16,22,352,3
3885,720575941662506040,DNg27,steering_control,720575941402032240,2,720575941565105206,DVM1A,power,DVM,16,12,192,3
3886,720575941662506040,DNg27,steering_control,720575941402032240,2,720575941566847847,DVM1A,power,DVM,16,15,240,3
3887,720575941662506040,DNg27,steering_control,720575941402032240,2,720575941583644382,DLM1,power,DLM,16,46,736,3
3888,720575941662506040,DNg27,steering_control,720575941402032240,2,720575941596050112,DLM5,power,DLM,16,43,688,3
3889,720575941662506040,DNg27,steering_control,720575941402032240,2,720575941597489344,DVM1A,power,DVM,16,28,448,3
3890,720575941662506040,DNg27,steering_control,720575941402032240,2,720575941603635190,DVM1A,power,DVM,16,20,320,3
3891,720575941662506040,DNg27,steering_control,720575941402032240,2,720575941624985226,DVM2A,power,DVM,16,12,192,3
3892,720575941662506040,DNg27,steering_control,720575941402032240,2,720575941640465439,DLM1,power,DLM,16,30,480,3
3893,720575941662506040,DNg27,steering_control,720575941402032240,2,720575941645403000,DLM1,power,DLM,16,36,576,3
3894,720575941662506040,DNg27,steering_control,720575941402032240,2,720575941645403000,DLM1,power,DLM,16,11,176,3
3895,720575941662506040,DNg27,steering_control,720575941450532174,5,720575941475745898,i2,steering,axillary_i,10,17,170,3
3896,720575941662506040,DNg27,steering_control,720575941450532174,5,720575941475745898,i2,steering,axillary_i,10,49,490,3
3897,720575941662506040,DNg27,steering_control,720575941450532174,5,720575941475745898,i2,steering,axillary_i,10,100,1000,3
3898,720575941662506040,DNg27,steering_control,720575941450532174,5,720575941547394081,i2,steering,axillary_i,10,13,130,3
3899,720575941662506040,DNg27,steering_control,720575941450532174,5,720575941547394081,i2,steering,axillary_i,10,16,160,3
3900,720575941662506040,DNg27,steering_control,720575941450532174,5,720575941603635190,DVM1A,power,DVM,10,24,240,3
3901,720575941662506040,DNg27,steering_control,720575941450532174,5,720575941475745898,i2,steering,axillary_i,12,17,204,3
3902,720575941662506040,DNg27,steering_control,720575941450532174,5,720575941475745898,i2,steering,axillary_i,12,49,588,3
3903,720575941662506040,DNg27,steering_control,720575941450532174,5,720575941475745898,i2,steering,axillary_i,12,100,1200,3
3904,720575941662506040,DNg27,steering_control,720575941450532174,5,720575941547394081,i2,steering,axillary_i,12,13,156,3
3905,720575941662506040,DNg27,steering_control,720575941450532174,5,720575941547394081,i2,steering,axillary_i,12,16,192,3
3906,720575941662506040,DNg27,steering_control,720575941450532174,5,720575941603635190,DVM1A,power,DVM,12,24,288,3
3907,720575941662506040,DNg27,steering_control,720575941470536715,5,720575941547394081,i2,steering,axillary_i,19,11,209,3
3908,720575941662506040,DNg27,steering_control,720575941470536715,5,720575941560383347,DVM1A,power,DVM,19,17,323,3
3909,720575941662506040,DNg27,steering_control,720575941470536715,5,720575941565105206,DVM1A,power,DVM,19,39,741,3
3910,720575941662506040,DNg27,steering_control,720575941470536715,5,720575941566847847,DVM1A,power,DVM,19,30,570,3
3911,720575941662506040,DNg27,steering_control,720575941470536715,5,720575941590220684,DVM3A,power,DVM,19,18,342,3
3912,720575941662506040,DNg27,steering_control,720575941489677001,5,720575941472734048,DVM1A,power,DVM,24,41,984,3
3913,720575941662506040,DNg27,steering_control,720575941489677001,5,720575941487139138,DVM3A,power,DVM,24,31,744,3
3914,720575941662506040,DNg27,steering_control,720575941489677001,5,720575941499558369,DVM3A,power,DVM,24,22,528,3
3915,720575941662506040,DNg27,steering_control,720575941489677001,5,720575941597489344,DVM1A,power,DVM,24,28,672,3
3916,720575941662506040,DNg27,steering_control,720575941489677001,5,720575941603635190,DVM1A,power,DVM,24,64,1536,3
3917,720575941662506040,DNg27,steering_control,720575941498948425,5,720575941566847847,DVM1A,power,DVM,12,10,120,3
3918,720575941662506040,DNg27,steering_control,720575941537594573,2,720575941463144336,DLM1,power,DLM,13,38,494,3
3919,720575941662506040,DNg27,steering_control,720575941537594573,2,720575941479034563,DLM1,power,DLM,13,37,481,3
3920,720575941662506040,DNg27,steering_control,720575941537594573,2,720575941479034563,DLM1,power,DLM,13,13,169,3
3921,720575941662506040,DNg27,steering_control,720575941537594573,2,720575941507955269,DLM1,power,DLM,13,23,299,3
3922,720575941662506040,DNg27,steering_control,720575941537594573,2,720575941519783640,DLM1,power,DLM,13,11,143,3
3923,720575941662506040,DNg27,steering_control,720575941537594573,2,720575941519783640,DLM1,power,DLM,13,11,143,3
3924,720575941662506040,DNg27,steering_control,720575941537594573,2,720575941533190337,DLM1,power,DLM,13,39,507,3
3925,720575941662506040,DNg27,steering_control,720575941537594573,2,720575941533190337,DLM1,power,DLM,13,12,156,3
3926,720575941662506040,DNg27,steering_control,720575941537594573,2,720575941534583786,DLM5,power,DLM,13,21,273,3
3927,720575941662506040,DNg27,steering_control,720575941537594573,2,720575941534583786,DLM5,power,DLM,13,11,143,3
3928,720575941662506040,DNg27,steering_control,720575941537594573,2,720575941534583786,DLM5,power,DLM,13,14,182,3
3929,720575941662506040,DNg27,steering_control,720575941537594573,2,720575941583644382,DLM1,power,DLM,13,57,741,3
3930,720575941662506040,DNg27,steering_control,720575941537594573,2,720575941583644382,DLM1,power,DLM,13,14,182,3
3931,720575941662506040,DNg27,steering_control,720575941537594573,2,720575941596050112,DLM5,power,DLM,13,66,858,3
3932,720575941662506040,DNg27,steering_control,720575941537594573,2,720575941596050112,DLM5,power,DLM,13,23,299,3
3933,720575941662506040,DNg27,steering_control,720575941537594573,2,720575941645403000,DLM1,power,DLM,13,12,156,3
3934,720575941662506040,DNg27,steering_control,720575941632673516,5,720575941472734048,DVM1A,power,DVM,10,13,130,3
3935,720575941662506040,DNg27,steering_control,720575941632673516,5,720575941472734048,DVM1A,power,DVM,10,79,790,3
3936,720575941662506040,DNg27,steering_control,720575941632673516,5,720575941479034563,DLM1,power,DLM,10,23,230,3
3937,720575941662506040,DNg27,steering_control,720575941632673516,5,720575941487139138,DVM3A,power,DVM,10,57,570,3
3938,720575941662506040,DNg27,steering_control,720575941632673516,5,720575941499558369,DVM3A,power,DVM,10,32,320,3
3939,720575941662506040,DNg27,steering_control,720575941632673516,5,720575941530190027,DVM2A,power,DVM,10,34,340,3
3940,720575941662506040,DNg27,steering_control,720575941632673516,5,720575941597489344,DVM1A,power,DVM,10,63,630,3
3941,720575941662506040,DNg27,steering_control,720575941632673516,5,720575941603635190,DVM1A,power,DVM,10,90,900,3
3942,720575941662506040,DNg27,steering_control,720575941632673516,5,720575941624985226,DVM2A,power,DVM,10,31,310,3
3943,720575941552907838,DNp45,steering_control,720575941450532174,5,720575941475745898,i2,steering,axillary_i,25,17,425,3
3944,720575941552907838,DNp45,steering_control,720575941450532174,5,720575941475745898,i2,steering,axillary_i,25,49,1225,3
3945,720575941552907838,DNp45,steering_control,720575941450532174,5,720575941475745898,i2,steering,axillary_i,25,100,2500,3
3946,720575941552907838,DNp45,steering_control,720575941450532174,5,720575941547394081,i2,steering,axillary_i,25,13,325,3
3947,720575941552907838,DNp45,steering_control,720575941450532174,5,720575941547394081,i2,steering,axillary_i,25,16,400,3
3948,720575941552907838,DNp45,steering_control,720575941450532174,5,720575941603635190,DVM1A,power,DVM,25,24,600,3
3949,720575941552907838,DNp45,steering_control,720575941457431280,3,720575941516770670,iii4,steering,axillary_III,16,27,432,3
3950,720575941552907838,DNp45,steering_control,720575941457431280,3,720575941629172716,iii1,steering,axillary_III,16,10,160,3
3951,720575941552907838,DNp45,steering_control,720575941457431280,3,720575941643100754,ps1,steering,pleurosternal,16,11,176,3
3952,720575941552907838,DNp45,steering_control,720575941457431280,3,720575941643100754,ps1,steering,pleurosternal,16,45,720,3
3953,720575941552907838,DNp45,steering_control,720575941457431280,3,720575941645041313,ps1,steering,pleurosternal,16,13,208,3
3954,720575941552907838,DNp45,steering_control,720575941457431280,3,720575941655597785,b2,steering,basalar,16,12,192,3
3955,720575941552907838,DNp45,steering_control,720575941529753476,3,720575941643100754,ps1,steering,pleurosternal,12,16,192,3
3956,720575941552907838,DNp45,steering_control,720575941542469212,3,720575941459347411,iii4,steering,axillary_III,12,10,120,3
3957,720575941552907838,DNp45,steering_control,720575941542469212,3,720575941516770670,iii4,steering,axillary_III,12,15,180,3
3958,720575941552907838,DNp45,steering_control,720575941542469212,3,720575941643100754,ps1,steering,pleurosternal,12,15,180,3
3959,720575941552907838,DNp45,steering_control,720575941542469212,3,720575941645041313,ps1,steering,pleurosternal,12,14,168,3
3960,720575941552907838,DNp45,steering_control,720575941542469212,3,720575941645041313,ps1,steering,pleurosternal,12,38,456,3
3961,720575941552907838,DNp45,steering_control,720575941542469212,3,720575941645041313,ps1,steering,pleurosternal,12,17,204,3
3962,720575941552907838,DNp45,steering_control,720575941542469212,3,720575941459347411,iii4,steering,axillary_III,26,10,260,3
3963,720575941552907838,DNp45,steering_control,720575941542469212,3,720575941516770670,iii4,steering,axillary_III,26,15,390,3
3964,720575941552907838,DNp45,steering_control,720575941542469212,3,720575941643100754,ps1,steering,pleurosternal,26,15,390,3
3965,720575941552907838,DNp45,steering_control,720575941542469212,3,720575941645041313,ps1,steering,pleurosternal,26,14,364,3
3966,720575941552907838,DNp45,steering_control,720575941542469212,3,720575941645041313,ps1,steering,pleurosternal,26,38,988,3
3967,720575941552907838,DNp45,steering_control,720575941542469212,3,720575941645041313,ps1,steering,pleurosternal,26,17,442,3
3968,720575941552907838,DNp45,steering_control,720575941589863735,3,720575941629172716,iii1,steering,axillary_III,11,10,110,3
3969,720575941552907838,DNp45,steering_control,720575941589863735,3,720575941643100754,ps1,steering,pleurosternal,11,11,121,3
3970,720575941552907838,DNp45,steering_control,720575941589863735,3,720575941643100754,ps1,steering,pleurosternal,11,14,154,3
3971,720575941552907838,DNp45,steering_control,720575941589863735,3,720575941643100754,ps1,steering,pleurosternal,11,14,154,3
3972,720575941552907838,DNp45,steering_control,720575941589863735,3,720575941643100754,ps1,steering,pleurosternal,11,10,110,3
3973,720575941552907838,DNp45,steering_control,720575941589863735,3,720575941645041313,ps1,steering,pleurosternal,11,10,110,3
3974,720575941552907838,DNp45,steering_control,720575941608350794,3,720575941643100754,ps1,steering,pleurosternal,13,12,156,3
3975,720575941552907838,DNp45,steering_control,720575941608350794,3,720575941643100754,ps1,steering,pleurosternal,13,16,208,3
3976,720575941552907838,DNp45,steering_control,720575941608350794,3,720575941645041313,ps1,steering,pleurosternal,13,15,195,3
3977,720575941491761895,DNp10,steering_control,720575941450576297,1,720575941549822781,b1,steering,basalar,10,14,140,3
3978,720575941491761895,DNp10,steering_control,720575941450876794,5,720575941542412805,b3,steering,basalar,17,16,272,3
3979,720575941491761895,DNp10,steering_control,720575941450876794,5,720575941542412805,b3,steering,basalar,17,17,289,3
3980,720575941491761895,DNp10,steering_control,720575941457147206,4,720575941513173763,hg4,steering,haltere,24,66,1584,3
3981,720575941491761895,DNp10,steering_control,720575941457147206,4,720575941513173763,hg4,steering,haltere,24,19,456,3
3982,720575941491761895,DNp10,steering_control,720575941457147206,4,720575941516770670,iii4,steering,axillary_III,24,32,768,3
3983,720575941491761895,DNp10,steering_control,720575941457147206,4,720575941549822781,b1,steering,basalar,24,25,600,3
3984,720575941491761895,DNp10,steering_control,720575941457147206,4,720575941565378919,iii3,steering,axillary_III,24,18,432,3
3985,720575941491761895,DNp10,steering_control,720575941457147206,4,720575941580669817,hg1,steering,haltere,24,40,960,3
3986,720575941491761895,DNp10,steering_control,720575941457147206,4,720575941643100754,ps1,steering,pleurosternal,24,15,360,3
3987,720575941491761895,DNp10,steering_control,720575941504039618,1,720575941456201887,hg1,steering,haltere,28,10,280,3
3988,720575941491761895,DNp10,steering_control,720575941504039618,1,720575941456201887,hg1,steering,haltere,28,17,476,3
3989,720575941491761895,DNp10,steering_control,720575941504039618,1,720575941456201887,hg1,steering,haltere,28,15,420,3
3990,720575941491761895,DNp10,steering_control,720575941504039618,1,720575941459347411,iii4,steering,axillary_III,28,11,308,3
3991,720575941491761895,DNp10,steering_control,720575941504039618,1,720575941459347411,iii4,steering,axillary_III,28,16,448,3
3992,720575941491761895,DNp10,steering_control,720575941504039618,1,720575941624155644,b2,steering,basalar,28,13,364,3
3993,720575941491761895,DNp10,steering_control,720575941504039618,1,720575941624155644,b2,steering,basalar,28,16,448,3
3994,720575941491761895,DNp10,steering_control,720575941504039618,1,720575941624155644,b2,steering,basalar,28,10,280,3
3995,720575941491761895,DNp10,steering_control,720575941524369945,1,720575941516770670,iii4,steering,axillary_III,15,14,210,3
3996,720575941491761895,DNp10,steering_control,720575941524369945,1,720575941580669817,hg1,steering,haltere,15,19,285,3
3997,720575941491761895,DNp10,steering_control,720575941524369945,1,720575941655597785,b2,steering,basalar,15,25,375,3
3998,720575941491761895,DNp10,steering_control,720575941583511518,1,720575941521196211,b1,steering,basalar,10,10,100,3
3999,720575941491761895,DNp10,steering_control,720575941583511518,1,720575941624155644,b2,steering,basalar,10,10,100,3
4000,720575941491761895,DNp10,steering_control,720575941723242042,4,720575941456201887,hg1,steering,haltere,10,21,210,3
4001,720575941491761895,DNp10,steering_control,720575941723242042,4,720575941456201887,hg1,steering,haltere,10,24,240,3
4002,720575941491761895,DNp10,steering_control,720575941723242042,4,720575941459347411,iii4,steering,axillary_III,10,21,210,3
4003,720575941491761895,DNp10,steering_control,720575941723242042,4,720575941459347411,iii4,steering,axillary_III,10,11,110,3
4004,720575941491761895,DNp10,steering_control,720575941723242042,4,720575941459347411,iii4,steering,axillary_III,10,42,420,3
4005,720575941491761895,DNp10,steering_control,720575941723242042,4,720575941483845954,hg3,steering,haltere,10,11,110,3
4006,720575941688189935,DNb01,steering_control,720575941532246762,5,720575941468897856,i1,steering,axillary_i,21,18,378,3
4007,720575941688189935,DNb01,steering_control,720575941532246762,5,720575941474574132,b3,steering,basalar,21,22,462,3
4008,720575941688189935,DNb01,steering_control,720575941532246762,5,720575941474574132,b3,steering,basalar,21,11,231,3
4009,720575941688189935,DNb01,steering_control,720575941532246762,5,720575941479658831,hg2,steering,haltere,21,10,210,3
4010,720575941688189935,DNb01,steering_control,720575941557612915,1,720575941521196211,b1,steering,basalar,19,10,190,3
4011,720575941688189935,DNb01,steering_control,720575941557612915,1,720575941624155644,b2,steering,basalar,19,10,190,3
4012,720575941688189935,DNb01,steering_control,720575941557612915,1,720575941521196211,b1,steering,basalar,29,10,290,3
4013,720575941688189935,DNb01,steering_control,720575941557612915,1,720575941624155644,b2,steering,basalar,29,10,290,3
4014,720575941688189935,DNb01,steering_control,720575941601153270,5,720575941456201887,hg1,steering,haltere,15,10,150,3
4015,720575941688189935,DNb01,steering_control,720575941601153270,5,720575941542412805,b3,steering,basalar,15,13,195,3
4016,720575941688189935,DNb01,steering_control,720575941601153270,5,720575941542412805,b3,steering,basalar,15,22,330,3
4017,720575941688189935,DNb01,steering_control,720575941601153270,5,720575941547315060,i1,steering,axillary_i,15,11,165,3
4018,720575941688189935,DNb01,steering_control,720575941601153270,5,720575941547315060,i1,steering,axillary_i,15,16,240,3
4019,720575941688189935,DNb01,steering_control,720575941608991050,1,720575941521196211,b1,steering,basalar,19,31,589,3
4020,720575941688189935,DNb01,steering_control,720575941608991050,1,720575941624155644,b2,steering,basalar,19,29,551,3
4021,720575941688189935,DNb01,steering_control,720575941659696184,5,720575941542412805,b3,steering,basalar,11,23,253,3
4022,720575941688189935,DNb01,steering_control,720575941659696184,5,720575941542412805,b3,steering,basalar,11,33,363,3
4023,720575941688189935,DNb01,steering_control,720575941659696184,5,720575941547315060,i1,steering,axillary_i,11,12,132,3
4024,720575941688189935,DNb01,steering_control,720575941659696184,5,720575941547315060,i1,steering,axillary_i,11,23,253,3
4025,720575941598950556,DNg27,steering_control,720575941470536715,5,720575941547394081,i2,steering,axillary_i,29,11,319,3
4026,720575941598950556,DNg27,steering_control,720575941470536715,5,720575941560383347,DVM1A,power,DVM,29,17,493,3
4027,720575941598950556,DNg27,steering_control,720575941470536715,5,720575941565105206,DVM1A,power,DVM,29,39,1131,3
4028,720575941598950556,DNg27,steering_control,720575941470536715,5,720575941566847847,DVM1A,power,DVM,29,30,870,3
4029,720575941598950556,DNg27,steering_control,720575941470536715,5,720575941590220684,DVM3A,power,DVM,29,18,522,3
4030,720575941598950556,DNg27,steering_control,720575941470536715,5,720575941547394081,i2,steering,axillary_i,18,11,198,3
4031,720575941598950556,DNg27,steering_control,720575941470536715,5,720575941560383347,DVM1A,power,DVM,18,17,306,3
4032,720575941598950556,DNg27,steering_control,720575941470536715,5,720575941565105206,DVM1A,power,DVM,18,39,702,3
4033,720575941598950556,DNg27,steering_control,720575941470536715,5,720575941566847847,DVM1A,power,DVM,18,30,540,3
4034,720575941598950556,DNg27,steering_control,720575941470536715,5,720575941590220684,DVM3A,power,DVM,18,18,324,3
4035,720575941598950556,DNg27,steering_control,720575941489677001,5,720575941472734048,DVM1A,power,DVM,14,41,574,3
4036,720575941598950556,DNg27,steering_control,720575941489677001,5,720575941487139138,DVM3A,power,DVM,14,31,434,3
4037,720575941598950556,DNg27,steering_control,720575941489677001,5,720575941499558369,DVM3A,power,DVM,14,22,308,3
4038,720575941598950556,DNg27,steering_control,720575941489677001,5,720575941597489344,DVM1A,power,DVM,14,28,392,3
4039,720575941598950556,DNg27,steering_control,720575941489677001,5,720575941603635190,DVM1A,power,DVM,14,64,896,3
4040,720575941598950556,DNg27,steering_control,720575941489677001,5,720575941472734048,DVM1A,power,DVM,13,41,533,3
4041,720575941598950556,DNg27,steering_control,720575941489677001,5,720575941487139138,DVM3A,power,DVM,13,31,403,3
4042,720575941598950556,DNg27,steering_control,720575941489677001,5,720575941499558369,DVM3A,power,DVM,13,22,286,3
4043,720575941598950556,DNg27,steering_control,720575941489677001,5,720575941597489344,DVM1A,power,DVM,13,28,364,3
4044,720575941598950556,DNg27,steering_control,720575941489677001,5,720575941603635190,DVM1A,power,DVM,13,64,832,3
4045,720575941598950556,DNg27,steering_control,720575941498948425,5,720575941566847847,DVM1A,power,DVM,15,10,150,3
4046,720575941598950556,DNg27,steering_control,720575941562464866,5,720575941479034563,DLM1,power,DLM,13,10,130,3
4047,720575941598950556,DNg27,steering_control,720575941562464866,5,720575941542328837,DVM2A,power,DVM,13,24,312,3
4048,720575941598950556,DNg27,steering_control,720575941562464866,5,720575941560383347,DVM1A,power,DVM,13,54,702,3
4049,720575941598950556,DNg27,steering_control,720575941562464866,5,720575941565105206,DVM1A,power,DVM,13,80,1040,3
4050,720575941598950556,DNg27,steering_control,720575941562464866,5,720575941566847847,DVM1A,power,DVM,13,66,858,3
4051,720575941598950556,DNg27,steering_control,720575941562464866,5,720575941573368719,DVM2A,power,DVM,13,23,299,3
4052,720575941598950556,DNg27,steering_control,720575941562464866,5,720575941590220684,DVM3A,power,DVM,13,33,429,3
4053,720575941598950556,DNg27,steering_control,720575941562464866,5,720575941614289683,DVM3A,power,DVM,13,52,676,3
4054,720575941598950556,DNg27,steering_control,720575941562464866,5,720575941645403000,DLM1,power,DLM,13,15,195,3
4055,720575941598950556,DNg27,steering_control,720575941669049587,2,720575941463144336,DLM1,power,DLM,10,22,220,3
4056,720575941598950556,DNg27,steering_control,720575941669049587,2,720575941463144336,DLM1,power,DLM,10,17,170,3
4057,720575941598950556,DNg27,steering_control,720575941669049587,2,720575941472734048,DVM1A,power,DVM,10,10,100,3
4058,720575941598950556,DNg27,steering_control,720575941669049587,2,720575941479034563,DLM1,power,DLM,10,24,240,3
4059,720575941598950556,DNg27,steering_control,720575941669049587,2,720575941479034563,DLM1,power,DLM,10,31,310,3
4060,720575941598950556,DNg27,steering_control,720575941669049587,2,720575941499558369,DVM3A,power,DVM,10,14,140,3
4061,720575941598950556,DNg27,steering_control,720575941669049587,2,720575941507955269,DLM1,power,DLM,10,78,780,3
4062,720575941598950556,DNg27,steering_control,720575941669049587,2,720575941507955269,DLM1,power,DLM,10,18,180,3
4063,720575941598950556,DNg27,steering_control,720575941669049587,2,720575941519783640,DLM1,power,DLM,10,66,660,3
4064,720575941598950556,DNg27,steering_control,720575941669049587,2,720575941530190027,DVM2A,power,DVM,10,13,130,3
4065,720575941598950556,DNg27,steering_control,720575941669049587,2,720575941533190337,DLM1,power,DLM,10,20,200,3
4066,720575941598950556,DNg27,steering_control,720575941669049587,2,720575941533190337,DLM1,power,DLM,10,25,250,3
4067,720575941598950556,DNg27,steering_control,720575941669049587,2,720575941533190337,DLM1,power,DLM,10,10,100,3
4068,720575941598950556,DNg27,steering_control,720575941669049587,2,720575941534583786,DLM5,power,DLM,10,75,750,3
4069,720575941598950556,DNg27,steering_control,720575941669049587,2,720575941534583786,DLM5,power,DLM,10,10,100,3
4070,720575941598950556,DNg27,steering_control,720575941669049587,2,720575941542328837,DVM2A,power,DVM,10,28,280,3
4071,720575941598950556,DNg27,steering_control,720575941669049587,2,720575941560383347,DVM1A,power,DVM,10,31,310,3
4072,720575941598950556,DNg27,steering_control,720575941669049587,2,720575941565105206,DVM1A,power,DVM,10,51,510,3
4073,720575941598950556,DNg27,steering_control,720575941669049587,2,720575941566847847,DVM1A,power,DVM,10,44,440,3
4074,720575941598950556,DNg27,steering_control,720575941669049587,2,720575941573368719,DVM2A,power,DVM,10,13,130,3
4075,720575941598950556,DNg27,steering_control,720575941669049587,2,720575941583644382,DLM1,power,DLM,10,11,110,3
4076,720575941598950556,DNg27,steering_control,720575941669049587,2,720575941583644382,DLM1,power,DLM,10,28,280,3
4077,720575941598950556,DNg27,steering_control,720575941669049587,2,720575941590220684,DVM3A,power,DVM,10,24,240,3
4078,720575941598950556,DNg27,steering_control,720575941669049587,2,720575941596050112,DLM5,power,DLM,10,34,340,3
4079,720575941598950556,DNg27,steering_control,720575941669049587,2,720575941597489344,DVM1A,power,DVM,10,29,290,3
4080,720575941598950556,DNg27,steering_control,720575941669049587,2,720575941603635190,DVM1A,power,DVM,10,20,200,3
4081,720575941598950556,DNg27,steering_control,720575941669049587,2,720575941614289683,DVM3A,power,DVM,10,22,220,3
4082,720575941598950556,DNg27,steering_control,720575941669049587,2,720575941624985226,DVM2A,power,DVM,10,13,130,3
4083,720575941598950556,DNg27,steering_control,720575941669049587,2,720575941640465439,DLM1,power,DLM,10,62,620,3
4084,720575941598950556,DNg27,steering_control,720575941669049587,2,720575941640465439,DLM1,power,DLM,10,10,100,3
4085,720575941598950556,DNg27,steering_control,720575941669049587,2,720575941645403000,DLM1,power,DLM,10,72,720,3
4086,720575941598950556,DNg27,steering_control,720575941669049587,2,720575941645403000,DLM1,power,DLM,10,17,170,3
4087,720575941542534236,DNp13,steering_control,720575941390688150,4,720575941516770670,iii4,steering,axillary_III,12,19,228,3
4088,720575941542534236,DNp13,steering_control,720575941511388881,4,720575941516770670,iii4,steering,axillary_III,14,16,224,3
4089,720575941542534236,DNp13,steering_control,720575941514046355,1,720575941549822781,b1,steering,basalar,18,56,1008,3
4090,720575941542534236,DNp13,steering_control,720575941514046355,1,720575941655597785,b2,steering,basalar,18,55,990,3
4091,720575941542534236,DNp13,steering_control,720575941542469212,3,720575941459347411,iii4,steering,axillary_III,10,10,100,3
4092,720575941542534236,DNp13,steering_control,720575941542469212,3,720575941516770670,iii4,steering,axillary_III,10,15,150,3
4093,720575941542534236,DNp13,steering_control,720575941542469212,3,720575941643100754,ps1,steering,pleurosternal,10,15,150,3
4094,720575941542534236,DNp13,steering_control,720575941542469212,3,720575941645041313,ps1,steering,pleurosternal,10,14,140,3
4095,720575941542534236,DNp13,steering_control,720575941542469212,3,720575941645041313,ps1,steering,pleurosternal,10,38,380,3
4096,720575941542534236,DNp13,steering_control,720575941542469212,3,720575941645041313,ps1,steering,pleurosternal,10,17,170,3
4097,720575941542534236,DNp13,steering_control,720575941546335676,4,720575941468288375,hg3,steering,haltere,11,10,110,3
4098,720575941542534236,DNp13,steering_control,720575941546335676,4,720575941468288375,hg3,steering,haltere,11,76,836,3
4099,720575941542534236,DNp13,steering_control,720575941546335676,4,720575941483845954,hg3,steering,haltere,11,10,110,3
4100,720575941542534236,DNp13,steering_control,720575941546335676,4,720575941513173763,hg4,steering,haltere,11,19,209,3
4101,720575941542534236,DNp13,steering_control,720575941546335676,4,720575941513173763,hg4,steering,haltere,11,64,704,3
4102,720575941542534236,DNp13,steering_control,720575941546335676,4,720575941516770670,iii4,steering,axillary_III,11,15,165,3
4103,720575941542534236,DNp13,steering_control,720575941546335676,4,720575941516770670,iii4,steering,axillary_III,11,68,748,3
4104,720575941542534236,DNp13,steering_control,720575941546335676,4,720575941580669817,hg1,steering,haltere,11,11,121,3
4105,720575941542534236,DNp13,steering_control,720575941546335676,4,720575941468288375,hg3,steering,haltere,15,10,150,3
4106,720575941542534236,DNp13,steering_control,720575941546335676,4,720575941468288375,hg3,steering,haltere,15,76,1140,3
4107,720575941542534236,DNp13,steering_control,720575941546335676,4,720575941483845954,hg3,steering,haltere,15,10,150,3
4108,720575941542534236,DNp13,steering_control,720575941546335676,4,720575941513173763,hg4,steering,haltere,15,19,285,3
4109,720575941542534236,DNp13,steering_control,720575941546335676,4,720575941513173763,hg4,steering,haltere,15,64,960,3
4110,720575941542534236,DNp13,steering_control,720575941546335676,4,720575941516770670,iii4,steering,axillary_III,15,15,225,3
4111,720575941542534236,DNp13,steering_control,720575941546335676,4,720575941516770670,iii4,steering,axillary_III,15,68,1020,3
4112,720575941542534236,DNp13,steering_control,720575941546335676,4,720575941580669817,hg1,steering,haltere,15,11,165,3
4113,720575941542534236,DNp13,steering_control,720575941613367260,4,720575941468288375,hg3,steering,haltere,18,13,234,3
4114,720575941542534236,DNp13,steering_control,720575941613367260,4,720575941468288375,hg3,steering,haltere,18,41,738,3
4115,720575941542534236,DNp13,steering_control,720575941613367260,4,720575941483845954,hg3,steering,haltere,18,20,360,3
4116,720575941542534236,DNp13,steering_control,720575941613367260,4,720575941513173763,hg4,steering,haltere,18,62,1116,3
4117,720575941542534236,DNp13,steering_control,720575941613367260,4,720575941513173763,hg4,steering,haltere,18,66,1188,3
4118,720575941542534236,DNp13,steering_control,720575941613367260,4,720575941580669817,hg1,steering,haltere,18,51,918,3
4119,720575941542534236,DNp13,steering_control,720575941613367260,4,720575941580669817,hg1,steering,haltere,18,54,972,3
4120,720575941542534236,DNp13,steering_control,720575941689397656,5,720575941629172716,iii1,steering,axillary_III,14,12,168,3
4121,720575941496919168,DNp57,steering_control,720575941503451301,1,720575941624155644,b2,steering,basalar,13,44,572,3
4122,720575941496919168,DNp57,steering_control,720575941532246762,5,720575941468897856,i1,steering,axillary_i,11,18,198,3
4123,720575941496919168,DNp57,steering_control,720575941532246762,5,720575941474574132,b3,steering,basalar,11,22,242,3
4124,720575941496919168,DNp57,steering_control,720575941532246762,5,720575941474574132,b3,steering,basalar,11,11,121,3
4125,720575941496919168,DNp57,steering_control,720575941532246762,5,720575941479658831,hg2,steering,haltere,11,10,110,3
4126,720575941496919168,DNp57,steering_control,720575941557612915,1,720575941521196211,b1,steering,basalar,51,10,510,3
4127,720575941496919168,DNp57,steering_control,720575941557612915,1,720575941624155644,b2,steering,basalar,51,10,510,3
4128,720575941496919168,DNp57,steering_control,720575941608310346,5,720575941474574132,b3,steering,basalar,19,14,266,3
4129,720575941496919168,DNp57,steering_control,720575941608310346,5,720575941474574132,b3,steering,basalar,19,10,190,3
4130,720575941496919168,DNp57,steering_control,720575941608310346,5,720575941580669817,hg1,steering,haltere,19,12,228,3
4131,720575941496919168,DNp57,steering_control,720575941608991050,1,720575941521196211,b1,steering,basalar,16,31,496,3
4132,720575941496919168,DNp57,steering_control,720575941608991050,1,720575941624155644,b2,steering,basalar,16,29,464,3
4133,720575941506310821,DNge016,steering_control,720575941465484566,1,720575941655597785,b2,steering,basalar,16,37,592,3
4134,720575941506310821,DNge016,steering_control,720575941465484566,1,720575941655597785,b2,steering,basalar,13,37,481,3
4135,720575941506310821,DNge016,steering_control,720575941545372296,1,720575941624155644,b2,steering,basalar,16,11,176,3
4136,720575941506310821,DNge016,steering_control,720575941572251144,1,720575941549822781,b1,steering,basalar,24,25,600,3
4137,720575941506310821,DNge016,steering_control,720575941572251144,1,720575941655597785,b2,steering,basalar,24,16,384,3
4138,720575941506310821,DNge016,steering_control,720575941572251144,1,720575941549822781,b1,steering,basalar,20,25,500,3
4139,720575941506310821,DNge016,steering_control,720575941572251144,1,720575941655597785,b2,steering,basalar,20,16,320,3
4140,720575941506310821,DNge016,steering_control,720575941630748859,1,720575941655597785,b2,steering,basalar,21,10,210,3
4141,720575941506310821,DNge016,steering_control,720575941630748859,1,720575941655597785,b2,steering,basalar,21,58,1218,3
4142,720575941534222770,DNp15,steering_control,720575941404758384,4,720575941513173763,hg4,steering,haltere,10,12,120,3
4143,720575941534222770,DNp15,steering_control,720575941496146657,1,720575941521196211,b1,steering,basalar,15,17,255,3
4144,720575941534222770,DNp15,steering_control,720575941496146657,1,720575941521196211,b1,steering,basalar,15,17,255,3
4145,720575941534222770,DNp15,steering_control,720575941514097043,1,720575941521196211,b1,steering,basalar,11,10,110,3
4146,720575941534222770,DNp15,steering_control,720575941514097043,1,720575941521196211,b1,steering,basalar,11,20,220,3
4147,720575941534222770,DNp15,steering_control,720575941514097043,1,720575941549822781,b1,steering,basalar,11,15,165,3
4148,720575941534222770,DNp15,steering_control,720575941579868917,4,720575941630940642,hg4,steering,haltere,44,46,2024,3
4149,720575941534222770,DNp15,steering_control,720575941579868917,4,720575941630940642,hg4,steering,haltere,44,33,1452,3
4150,720575941534222770,DNp15,steering_control,720575941579868917,4,720575941630940642,hg4,steering,haltere,10,46,460,3
4151,720575941534222770,DNp15,steering_control,720575941579868917,4,720575941630940642,hg4,steering,haltere,10,33,330,3
4152,720575941534222770,DNp15,steering_control,720575941611080010,5,720575941458961604,iii3,steering,axillary_III,19,13,247,3
4153,720575941534222770,DNp15,steering_control,720575941611080010,5,720575941565378919,iii3,steering,axillary_III,19,231,4389,3
4154,720575941534222770,DNp15,steering_control,720575941611080010,5,720575941565378919,iii3,steering,axillary_III,19,11,209,3
4155,720575941534222770,DNp15,steering_control,720575941611080010,5,720575941565378919,iii3,steering,axillary_III,19,46,874,3
4156,720575941470003677,DNa12,steering_control,720575941414508948,5,720575941560383347,DVM1A,power,DVM,66,10,660,3
4157,720575941470003677,DNa12,steering_control,720575941414508948,5,720575941560383347,DVM1A,power,DVM,31,10,310,3
4158,720575941470003677,DNa12,steering_control,720575941450532174,5,720575941475745898,i2,steering,axillary_i,11,17,187,3
4159,720575941470003677,DNa12,steering_control,720575941450532174,5,720575941475745898,i2,steering,axillary_i,11,49,539,3
4160,720575941470003677,DNa12,steering_control,720575941450532174,5,720575941475745898,i2,steering,axillary_i,11,100,1100,3
4161,720575941470003677,DNa12,steering_control,720575941450532174,5,720575941547394081,i2,steering,axillary_i,11,13,143,3
4162,720575941470003677,DNa12,steering_control,720575941450532174,5,720575941547394081,i2,steering,axillary_i,11,16,176,3
4163,720575941470003677,DNa12,steering_control,720575941450532174,5,720575941603635190,DVM1A,power,DVM,11,24,264,3
4164,720575941515619427,DNpe055,power_control,720575941401776931,4,720575941513173763,hg4,steering,haltere,11,17,187,3
4165,720575941515619427,DNpe055,power_control,720575941401776931,4,720575941516770670,iii4,steering,axillary_III,11,10,110,3
4166,720575941515619427,DNpe055,power_control,720575941401776931,4,720575941516770670,iii4,steering,axillary_III,11,21,231,3
4167,720575941515619427,DNpe055,power_control,720575941401776931,4,720575941580669817,hg1,steering,haltere,11,18,198,3
4168,720575941515619427,DNpe055,power_control,720575941401776931,4,720575941580669817,hg1,steering,haltere,11,26,286,3
4169,720575941515619427,DNpe055,power_control,720575941401776931,4,720575941630940642,hg4,steering,haltere,11,13,143,3
4170,720575941515619427,DNpe055,power_control,720575941401776931,4,720575941655597785,b2,steering,basalar,11,28,308,3
4171,720575941515619427,DNpe055,power_control,720575941401776931,4,720575941732789547,hg2,steering,haltere,11,20,220,3
4172,720575941515619427,DNpe055,power_control,720575941408509867,2,720575941463144336,DLM1,power,DLM,12,20,240,3
4173,720575941515619427,DNpe055,power_control,720575941408509867,2,720575941463144336,DLM1,power,DLM,12,24,288,3
4174,720575941515619427,DNpe055,power_control,720575941408509867,2,720575941479034563,DLM1,power,DLM,12,16,192,3
4175,720575941515619427,DNpe055,power_control,720575941408509867,2,720575941507955269,DLM1,power,DLM,12,27,324,3
4176,720575941515619427,DNpe055,power_control,720575941408509867,2,720575941507955269,DLM1,power,DLM,12,17,204,3
4177,720575941515619427,DNpe055,power_control,720575941408509867,2,720575941519783640,DLM1,power,DLM,12,31,372,3
4178,720575941515619427,DNpe055,power_control,720575941408509867,2,720575941533190337,DLM1,power,DLM,12,23,276,3
4179,720575941515619427,DNpe055,power_control,720575941408509867,2,720575941534583786,DLM5,power,DLM,12,23,276,3
4180,720575941515619427,DNpe055,power_control,720575941408509867,2,720575941534583786,DLM5,power,DLM,12,12,144,3
4181,720575941515619427,DNpe055,power_control,720575941408509867,2,720575941583644382,DLM1,power,DLM,12,27,324,3
4182,720575941515619427,DNpe055,power_control,720575941408509867,2,720575941596050112,DLM5,power,DLM,12,34,408,3
4183,720575941515619427,DNpe055,power_control,720575941408509867,2,720575941603635190,DVM1A,power,DVM,12,12,144,3
4184,720575941515619427,DNpe055,power_control,720575941408509867,2,720575941640465439,DLM1,power,DLM,12,24,288,3
4185,720575941515619427,DNpe055,power_control,720575941408509867,2,720575941463144336,DLM1,power,DLM,10,20,200,3
4186,720575941515619427,DNpe055,power_control,720575941408509867,2,720575941463144336,DLM1,power,DLM,10,24,240,3
4187,720575941515619427,DNpe055,power_control,720575941408509867,2,720575941479034563,DLM1,power,DLM,10,16,160,3
4188,720575941515619427,DNpe055,power_control,720575941408509867,2,720575941507955269,DLM1,power,DLM,10,27,270,3
4189,720575941515619427,DNpe055,power_control,720575941408509867,2,720575941507955269,DLM1,power,DLM,10,17,170,3
4190,720575941515619427,DNpe055,power_control,720575941408509867,2,720575941519783640,DLM1,power,DLM,10,31,310,3
4191,720575941515619427,DNpe055,power_control,720575941408509867,2,720575941533190337,DLM1,power,DLM,10,23,230,3
4192,720575941515619427,DNpe055,power_control,720575941408509867,2,720575941534583786,DLM5,power,DLM,10,23,230,3
4193,720575941515619427,DNpe055,power_control,720575941408509867,2,720575941534583786,DLM5,power,DLM,10,12,120,3
4194,720575941515619427,DNpe055,power_control,720575941408509867,2,720575941583644382,DLM1,power,DLM,10,27,270,3
4195,720575941515619427,DNpe055,power_control,720575941408509867,2,720575941596050112,DLM5,power,DLM,10,34,340,3
4196,720575941515619427,DNpe055,power_control,720575941408509867,2,720575941603635190,DVM1A,power,DVM,10,12,120,3
4197,720575941515619427,DNpe055,power_control,720575941408509867,2,720575941640465439,DLM1,power,DLM,10,24,240,3
4198,720575941515619427,DNpe055,power_control,720575941532246762,5,720575941468897856,i1,steering,axillary_i,28,18,504,3
4199,720575941515619427,DNpe055,power_control,720575941532246762,5,720575941474574132,b3,steering,basalar,28,22,616,3
4200,720575941515619427,DNpe055,power_control,720575941532246762,5,720575941474574132,b3,steering,basalar,28,11,308,3
4201,720575941515619427,DNpe055,power_control,720575941532246762,5,720575941479658831,hg2,steering,haltere,28,10,280,3
4202,720575941515619427,DNpe055,power_control,720575941535047690,5,720575941489673420,iii1,steering,axillary_III,10,19,190,3
4203,720575941515619427,DNpe055,power_control,720575941535047690,5,720575941629172716,iii1,steering,axillary_III,10,13,130,3
4204,720575941515619427,DNpe055,power_control,720575941535047690,5,720575941629172716,iii1,steering,axillary_III,10,25,250,3
4205,720575941515619427,DNpe055,power_control,720575941562134829,2,720575941519783640,DLM1,power,DLM,16,32,512,3
4206,720575941515619427,DNpe055,power_control,720575941562134829,2,720575941534583786,DLM5,power,DLM,16,21,336,3
4207,720575941515619427,DNpe055,power_control,720575941562134829,2,720575941565105206,DVM1A,power,DVM,16,13,208,3
4208,720575941515619427,DNpe055,power_control,720575941562134829,2,720575941566847847,DVM1A,power,DVM,16,14,224,3
4209,720575941515619427,DNpe055,power_control,720575941562134829,2,720575941640465439,DLM1,power,DLM,16,15,240,3
4210,720575941515619427,DNpe055,power_control,720575941562134829,2,720575941645403000,DLM1,power,DLM,16,10,160,3
4211,720575941515619427,DNpe055,power_control,720575941562134829,2,720575941645403000,DLM1,power,DLM,16,11,176,3
4212,720575941515619427,DNpe055,power_control,720575941607605101,4,720575941456201887,hg1,steering,haltere,21,27,567,3
4213,720575941515619427,DNpe055,power_control,720575941607605101,4,720575941456201887,hg1,steering,haltere,21,16,336,3
4214,720575941408661934,DNxn155,steering_control,720575941429439959,5,720575941489673420,iii1,steering,axillary_III,50,20,1000,3
4215,720575941408661934,DNxn155,steering_control,720575941429439959,5,720575941489673420,iii1,steering,axillary_III,50,12,600,3
4216,720575941408661934,DNxn155,steering_control,720575941429439959,5,720575941489673420,iii1,steering,axillary_III,50,14,700,3
4217,720575941408661934,DNxn155,steering_control,720575941429439959,5,720575941547315060,i1,steering,axillary_i,50,16,800,3
4218,720575941408661934,DNxn155,steering_control,720575941429439959,5,720575941547394081,i2,steering,axillary_i,50,11,550,3
4219,720575941408661934,DNxn155,steering_control,720575941429439959,5,720575941629172716,iii1,steering,axillary_III,50,12,600,3
4220,720575941408661934,DNxn155,steering_control,720575941429439959,5,720575941629172716,iii1,steering,axillary_III,50,14,700,3
4221,720575941408661934,DNxn155,steering_control,720575941429439959,5,720575941489673420,iii1,steering,axillary_III,15,20,300,3
4222,720575941408661934,DNxn155,steering_control,720575941429439959,5,720575941489673420,iii1,steering,axillary_III,15,12,180,3
4223,720575941408661934,DNxn155,steering_control,720575941429439959,5,720575941489673420,iii1,steering,axillary_III,15,14,210,3
4224,720575941408661934,DNxn155,steering_control,720575941429439959,5,720575941547315060,i1,steering,axillary_i,15,16,240,3
4225,720575941408661934,DNxn155,steering_control,720575941429439959,5,720575941547394081,i2,steering,axillary_i,15,11,165,3
4226,720575941408661934,DNxn155,steering_control,720575941429439959,5,720575941629172716,iii1,steering,axillary_III,15,12,180,3
4227,720575941408661934,DNxn155,steering_control,720575941429439959,5,720575941629172716,iii1,steering,axillary_III,15,14,210,3
4228,720575941408661934,DNxn155,steering_control,720575941519213016,2,720575941463144336,DLM1,power,DLM,12,35,420,3
4229,720575941408661934,DNxn155,steering_control,720575941519213016,2,720575941463144336,DLM1,power,DLM,12,18,216,3
4230,720575941408661934,DNxn155,steering_control,720575941519213016,2,720575941479034563,DLM1,power,DLM,12,16,192,3
4231,720575941408661934,DNxn155,steering_control,720575941519213016,2,720575941479034563,DLM1,power,DLM,12,26,312,3
4232,720575941408661934,DNxn155,steering_control,720575941519213016,2,720575941507955269,DLM1,power,DLM,12,50,600,3
4233,720575941408661934,DNxn155,steering_control,720575941519213016,2,720575941507955269,DLM1,power,DLM,12,22,264,3
4234,720575941408661934,DNxn155,steering_control,720575941519213016,2,720575941519783640,DLM1,power,DLM,12,41,492,3
4235,720575941408661934,DNxn155,steering_control,720575941519213016,2,720575941519783640,DLM1,power,DLM,12,11,132,3
4236,720575941408661934,DNxn155,steering_control,720575941519213016,2,720575941533190337,DLM1,power,DLM,12,42,504,3
4237,720575941408661934,DNxn155,steering_control,720575941519213016,2,720575941533190337,DLM1,power,DLM,12,24,288,3
4238,720575941408661934,DNxn155,steering_control,720575941519213016,2,720575941534583786,DLM5,power,DLM,12,55,660,3
4239,720575941408661934,DNxn155,steering_control,720575941519213016,2,720575941534583786,DLM5,power,DLM,12,14,168,3
4240,720575941408661934,DNxn155,steering_control,720575941519213016,2,720575941565105206,DVM1A,power,DVM,12,17,204,3
4241,720575941408661934,DNxn155,steering_control,720575941519213016,2,720575941583644382,DLM1,power,DLM,12,31,372,3
4242,720575941408661934,DNxn155,steering_control,720575941519213016,2,720575941583644382,DLM1,power,DLM,12,18,216,3
4243,720575941408661934,DNxn155,steering_control,720575941519213016,2,720575941596050112,DLM5,power,DLM,12,20,240,3
4244,720575941408661934,DNxn155,steering_control,720575941519213016,2,720575941596050112,DLM5,power,DLM,12,21,252,3
4245,720575941408661934,DNxn155,steering_control,720575941519213016,2,720575941640465439,DLM1,power,DLM,12,32,384,3
4246,720575941408661934,DNxn155,steering_control,720575941519213016,2,720575941640465439,DLM1,power,DLM,12,17,204,3
4247,720575941408661934,DNxn155,steering_control,720575941519213016,2,720575941645403000,DLM1,power,DLM,12,45,540,3
4248,720575941408661934,DNxn155,steering_control,720575941519213016,2,720575941645403000,DLM1,power,DLM,12,16,192,3
4249,720575941408661934,DNxn155,steering_control,720575941535047690,5,720575941489673420,iii1,steering,axillary_III,13,19,247,3
4250,720575941408661934,DNxn155,steering_control,720575941535047690,5,720575941629172716,iii1,steering,axillary_III,13,13,169,3
4251,720575941408661934,DNxn155,steering_control,720575941535047690,5,720575941629172716,iii1,steering,axillary_III,13,25,325,3
4252,720575941408661934,DNxn155,steering_control,720575941615272601,5,720575941475745898,i2,steering,axillary_i,17,12,204,3
4253,720575941408661934,DNxn155,steering_control,720575941615272601,5,720575941547394081,i2,steering,axillary_i,17,26,442,3
4254,720575941408661934,DNxn155,steering_control,720575941615272601,5,720575941547394081,i2,steering,axillary_i,17,19,323,3
4255,720575941596602048,DNxn118,steering_control,720575941503451301,1,720575941624155644,b2,steering,basalar,18,44,792,3
4256,720575941596602048,DNxn118,steering_control,720575941546491681,5,720575941456201887,hg1,steering,haltere,15,11,165,3
4257,720575941596602048,DNxn118,steering_control,720575941546491681,5,720575941542412805,b3,steering,basalar,15,25,375,3
4258,720575941596602048,DNxn118,steering_control,720575941546491681,5,720575941542412805,b3,steering,basalar,15,13,195,3
4259,720575941596602048,DNxn118,steering_control,720575941546491681,5,720575941542412805,b3,steering,basalar,15,24,360,3
4260,720575941596602048,DNxn118,steering_control,720575941546491681,5,720575941547315060,i1,steering,axillary_i,15,10,150,3
4261,720575941596602048,DNxn118,steering_control,720575941546491681,5,720575941547315060,i1,steering,axillary_i,15,13,195,3
4262,720575941596602048,DNxn118,steering_control,720575941546491681,5,720575941547315060,i1,steering,axillary_i,15,23,345,3
4263,720575941596602048,DNxn118,steering_control,720575941557612915,1,720575941521196211,b1,steering,basalar,44,10,440,3
4264,720575941596602048,DNxn118,steering_control,720575941557612915,1,720575941624155644,b2,steering,basalar,44,10,440,3
4265,720575941596602048,DNxn118,steering_control,720575941608991050,1,720575941521196211,b1,steering,basalar,29,31,899,3
4266,720575941596602048,DNxn118,steering_control,720575941608991050,1,720575941624155644,b2,steering,basalar,29,29,841,3
4267,720575941631642860,DNut037,steering_control,720575941394069654,4,720575941456201887,hg1,steering,haltere,16,17,272,3
4268,720575941631642860,DNut037,steering_control,720575941394069654,4,720575941547315060,i1,steering,axillary_i,16,12,192,3
4269,720575941631642860,DNut037,steering_control,720575941464073558,5,720575941468897856,i1,steering,axillary_i,10,19,190,3
4270,720575941631642860,DNut037,steering_control,720575941464073558,5,720575941468897856,i1,steering,axillary_i,10,15,150,3
4271,720575941631642860,DNut037,steering_control,720575941464073558,5,720575941468897856,i1,steering,axillary_i,10,23,230,3
4272,720575941631642860,DNut037,steering_control,720575941464073558,5,720575941474574132,b3,steering,basalar,10,13,130,3
4273,720575941631642860,DNut037,steering_control,720575941464073558,5,720575941474574132,b3,steering,basalar,10,23,230,3
4274,720575941631642860,DNut037,steering_control,720575941464073558,5,720575941474574132,b3,steering,basalar,10,27,270,3
4275,720575941631642860,DNut037,steering_control,720575941465484566,1,720575941655597785,b2,steering,basalar,27,37,999,3
4276,720575941631642860,DNut037,steering_control,720575941508542674,1,720575941521196211,b1,steering,basalar,11,12,132,3
4277,720575941631642860,DNut037,steering_control,720575941508542674,1,720575941624155644,b2,steering,basalar,11,14,154,3
4278,720575941631642860,DNut037,steering_control,720575941508542674,1,720575941624155644,b2,steering,basalar,11,12,132,3
4279,720575941631642860,DNut037,steering_control,720575941572251144,1,720575941549822781,b1,steering,basalar,26,25,650,3
4280,720575941631642860,DNut037,steering_control,720575941572251144,1,720575941655597785,b2,steering,basalar,26,16,416,3
4281,720575941631642860,DNut037,steering_control,720575941630748859,1,720575941655597785,b2,steering,basalar,16,10,160,3
4282,720575941631642860,DNut037,steering_control,720575941630748859,1,720575941655597785,b2,steering,basalar,16,58,928,3
4283,720575941507073303,DNp02,steering_control,720575941449245818,5,720575941475745898,i2,steering,axillary_i,38,13,494,3
4284,720575941507073303,DNp02,steering_control,720575941449245818,5,720575941547394081,i2,steering,axillary_i,38,11,418,3
4285,720575941507073303,DNp02,steering_control,720575941474741819,2,720575941463144336,DLM1,power,DLM,23,13,299,3
4286,720575941507073303,DNp02,steering_control,720575941474741819,2,720575941533190337,DLM1,power,DLM,23,18,414,3
4287,720575941507073303,DNp02,steering_control,720575941474741819,2,720575941624155644,b2,steering,basalar,23,11,253,3
4288,720575941507073303,DNp02,steering_control,720575941474741819,2,720575941655597785,b2,steering,basalar,23,22,506,3
4289,720575941507073303,DNp02,steering_control,720575941511393233,3,720575941459347411,iii4,steering,axillary_III,12,14,168,3
4290,720575941507073303,DNp02,steering_control,720575941511393233,3,720575941459347411,iii4,steering,axillary_III,12,10,120,3
4291,720575941507073303,DNp02,steering_control,720575941511393233,3,720575941459347411,iii4,steering,axillary_III,12,61,732,3
4292,720575941507073303,DNp02,steering_control,720575941511393233,3,720575941463144336,DLM1,power,DLM,12,10,120,3
4293,720575941507073303,DNp02,steering_control,720575941511393233,3,720575941507955269,DLM1,power,DLM,12,13,156,3
4294,720575941507073303,DNp02,steering_control,720575941511393233,3,720575941516770670,iii4,steering,axillary_III,12,11,132,3
4295,720575941507073303,DNp02,steering_control,720575941511393233,3,720575941516770670,iii4,steering,axillary_III,12,36,432,3
4296,720575941507073303,DNp02,steering_control,720575941511393233,3,720575941521196211,b1,steering,basalar,12,17,204,3
4297,720575941507073303,DNp02,steering_control,720575941511393233,3,720575941549822781,b1,steering,basalar,12,17,204,3
4298,720575941507073303,DNp02,steering_control,720575941511393233,3,720575941549822781,b1,steering,basalar,12,27,324,3
4299,720575941507073303,DNp02,steering_control,720575941511393233,3,720575941583644382,DLM1,power,DLM,12,12,144,3
4300,720575941507073303,DNp02,steering_control,720575941511393233,3,720575941624155644,b2,steering,basalar,12,54,648,3
4301,720575941507073303,DNp02,steering_control,720575941511393233,3,720575941630940642,hg4,steering,haltere,12,13,156,3
4302,720575941507073303,DNp02,steering_control,720575941511393233,3,720575941643100754,ps1,steering,pleurosternal,12,12,144,3
4303,720575941507073303,DNp02,steering_control,720575941511393233,3,720575941643100754,ps1,steering,pleurosternal,12,16,192,3
4304,720575941507073303,DNp02,steering_control,720575941511393233,3,720575941643100754,ps1,steering,pleurosternal,12,10,120,3
4305,720575941507073303,DNp02,steering_control,720575941511393233,3,720575941643100754,ps1,steering,pleurosternal,12,29,348,3
4306,720575941507073303,DNp02,steering_control,720575941511393233,3,720575941643100754,ps1,steering,pleurosternal,12,59,708,3
4307,720575941507073303,DNp02,steering_control,720575941511393233,3,720575941645041313,ps1,steering,pleurosternal,12,19,228,3
4308,720575941507073303,DNp02,steering_control,720575941511393233,3,720575941645041313,ps1,steering,pleurosternal,12,71,852,3
4309,720575941507073303,DNp02,steering_control,720575941511393233,3,720575941645403000,DLM1,power,DLM,12,20,240,3
4310,720575941507073303,DNp02,steering_control,720575941511393233,3,720575941645403000,DLM1,power,DLM,12,10,120,3
4311,720575941507073303,DNp02,steering_control,720575941511393233,3,720575941655597785,b2,steering,basalar,12,24,288,3
4312,720575941507073303,DNp02,steering_control,720575941511393233,3,720575941655597785,b2,steering,basalar,12,63,756,3
4313,720575941507073303,DNp02,steering_control,720575941528086660,4,720575941459347411,iii4,steering,axillary_III,18,11,198,3
4314,720575941507073303,DNp02,steering_control,720575941528086660,4,720575941459347411,iii4,steering,axillary_III,18,19,342,3
4315,720575941507073303,DNp02,steering_control,720575941644138401,4,720575941459347411,iii4,steering,axillary_III,12,12,144,3
4316,720575941507073303,DNp02,steering_control,720575941644138401,4,720575941468897856,i1,steering,axillary_i,12,13,156,3
4317,720575941507073303,DNp02,steering_control,720575941644138401,4,720575941516770670,iii4,steering,axillary_III,12,10,120,3
4318,720575941507073303,DNp02,steering_control,720575941644138401,4,720575941516770670,iii4,steering,axillary_III,12,12,144,3
4319,720575941507073303,DNp02,steering_control,720575941644138401,4,720575941547315060,i1,steering,axillary_i,12,16,192,3
4320,720575941507073303,DNp02,steering_control,720575941644138401,4,720575941580669817,hg1,steering,haltere,12,15,180,3
4321,720575941543045149,DNa09,steering_control,720575941450008391,1,720575941624155644,b2,steering,basalar,12,13,156,3
4322,720575941543045149,DNa09,steering_control,720575941450876794,5,720575941542412805,b3,steering,basalar,16,16,256,3
4323,720575941543045149,DNa09,steering_control,720575941450876794,5,720575941542412805,b3,steering,basalar,16,17,272,3
4324,720575941543045149,DNa09,steering_control,720575941450876794,5,720575941542412805,b3,steering,basalar,11,16,176,3
4325,720575941543045149,DNa09,steering_control,720575941450876794,5,720575941542412805,b3,steering,basalar,11,17,187,3
4326,720575941543045149,DNa09,steering_control,720575941464073558,5,720575941468897856,i1,steering,axillary_i,10,19,190,3
4327,720575941543045149,DNa09,steering_control,720575941464073558,5,720575941468897856,i1,steering,axillary_i,10,15,150,3
4328,720575941543045149,DNa09,steering_control,720575941464073558,5,720575941468897856,i1,steering,axillary_i,10,23,230,3
4329,720575941543045149,DNa09,steering_control,720575941464073558,5,720575941474574132,b3,steering,basalar,10,13,130,3
4330,720575941543045149,DNa09,steering_control,720575941464073558,5,720575941474574132,b3,steering,basalar,10,23,230,3
4331,720575941543045149,DNa09,steering_control,720575941464073558,5,720575941474574132,b3,steering,basalar,10,27,270,3
4332,720575941543045149,DNa09,steering_control,720575941517764824,5,720575941468897856,i1,steering,axillary_i,13,15,195,3
4333,720575941543045149,DNa09,steering_control,720575941517764824,5,720575941468897856,i1,steering,axillary_i,13,16,208,3
4334,720575941543045149,DNa09,steering_control,720575941517764824,5,720575941468897856,i1,steering,axillary_i,13,23,299,3
4335,720575941543045149,DNa09,steering_control,720575941517764824,5,720575941474574132,b3,steering,basalar,13,15,195,3
4336,720575941543045149,DNa09,steering_control,720575941517764824,5,720575941474574132,b3,steering,basalar,13,23,299,3
4337,720575941543045149,DNa09,steering_control,720575941517764824,5,720575941580669817,hg1,steering,haltere,13,10,130,3
4338,720575941543045149,DNa09,steering_control,720575941517764824,5,720575941580669817,hg1,steering,haltere,13,10,130,3
4339,720575941543045149,DNa09,steering_control,720575941517764824,5,720575941580669817,hg1,steering,haltere,13,13,169,3
4340,720575941543045149,DNa09,steering_control,720575941532334424,1,720575941624155644,b2,steering,basalar,11,14,154,3
4341,720575941543045149,DNa09,steering_control,720575941569574046,4,720575941630940642,hg4,steering,haltere,11,10,110,3
4342,720575941543045149,DNa09,steering_control,720575941576014774,4,720575941468288375,hg3,steering,haltere,19,10,190,3
4343,720575941543045149,DNa09,steering_control,720575941576014774,4,720575941468288375,hg3,steering,haltere,19,10,190,3
4344,720575941609235302,DNge090,steering_control,720575941436996882,4,720575941456201887,hg1,steering,haltere,11,41,451,3
4345,720575941609235302,DNge090,steering_control,720575941436996882,4,720575941456201887,hg1,steering,haltere,11,25,275,3
4346,720575941609235302,DNge090,steering_control,720575941436996882,4,720575941459347411,iii4,steering,axillary_III,11,32,352,3
4347,720575941609235302,DNge090,steering_control,720575941436996882,4,720575941459347411,iii4,steering,axillary_III,11,21,231,3
4348,720575941609235302,DNge090,steering_control,720575941436996882,4,720575941624155644,b2,steering,basalar,11,12,132,3
4349,720575941609235302,DNge090,steering_control,720575941477884802,4,720575941456201887,hg1,steering,haltere,10,27,270,3
4350,720575941609235302,DNge090,steering_control,720575941477884802,4,720575941456201887,hg1,steering,haltere,10,29,290,3
4351,720575941609235302,DNge090,steering_control,720575941477884802,4,720575941459347411,iii4,steering,axillary_III,10,19,190,3
4352,720575941609235302,DNge090,steering_control,720575941477884802,4,720575941624155644,b2,steering,basalar,10,26,260,3
4353,720575941609235302,DNge090,steering_control,720575941503451301,1,720575941624155644,b2,steering,basalar,12,44,528,3
4354,720575941609235302,DNge090,steering_control,720575941503451301,1,720575941624155644,b2,steering,basalar,11,44,484,3
4355,720575941609235302,DNge090,steering_control,720575941601298617,5,720575941547315060,i1,steering,axillary_i,11,11,121,3
4356,720575941609235302,DNge090,steering_control,720575941608991050,1,720575941521196211,b1,steering,basalar,24,31,744,3
4357,720575941609235302,DNge090,steering_control,720575941608991050,1,720575941624155644,b2,steering,basalar,24,29,696,3
4358,720575941609235302,DNge090,steering_control,720575941608991050,1,720575941521196211,b1,steering,basalar,13,31,403,3
4359,720575941609235302,DNge090,steering_control,720575941608991050,1,720575941624155644,b2,steering,basalar,13,29,377,3
4360,720575941609235302,DNge090,steering_control,720575941644908408,1,720575941513173763,hg4,steering,haltere,10,19,190,3
4361,720575941609235302,DNge090,steering_control,720575941644908408,1,720575941516770670,iii4,steering,axillary_III,10,13,130,3
4362,720575941609235302,DNge090,steering_control,720575941644908408,1,720575941655597785,b2,steering,basalar,10,18,180,3
4363,720575941609235302,DNge090,steering_control,720575941644908408,1,720575941655597785,b2,steering,basalar,10,23,230,3
4364,720575941456897005,DNa02,steering_control,720575941429556655,4,720575941456201887,hg1,steering,haltere,24,16,384,3
4365,720575941456897005,DNa02,steering_control,720575941429556655,4,720575941630940642,hg4,steering,haltere,24,57,1368,3
4366,720575941456897005,DNa02,steering_control,720575941429556655,4,720575941630940642,hg4,steering,haltere,24,10,240,3
4367,720575941456897005,DNa02,steering_control,720575941429556655,4,720575941630940642,hg4,steering,haltere,24,14,336,3
4368,720575941456897005,DNa02,steering_control,720575941429556655,4,720575941456201887,hg1,steering,haltere,18,16,288,3
4369,720575941456897005,DNa02,steering_control,720575941429556655,4,720575941630940642,hg4,steering,haltere,18,57,1026,3
4370,720575941456897005,DNa02,steering_control,720575941429556655,4,720575941630940642,hg4,steering,haltere,18,10,180,3
4371,720575941456897005,DNa02,steering_control,720575941429556655,4,720575941630940642,hg4,steering,haltere,18,14,252,3
4372,720575941456897005,DNa02,steering_control,720575941496830370,5,720575941565378919,iii3,steering,axillary_III,32,58,1856,3
4373,720575941456897005,DNa02,steering_control,720575941496830370,5,720575941565378919,iii3,steering,axillary_III,32,15,480,3
4374,720575941456897005,DNa02,steering_control,720575941501721138,5,720575941565378919,iii3,steering,axillary_III,28,51,1428,3
4375,720575941456897005,DNa02,steering_control,720575941501721138,5,720575941565378919,iii3,steering,axillary_III,28,20,560,3
4376,720575941414341521,DNxn102,steering_control,720575941517770412,2,720575941463144336,DLM1,power,DLM,16,19,304,3
4377,720575941414341521,DNxn102,steering_control,720575941517770412,2,720575941507955269,DLM1,power,DLM,16,23,368,3
4378,720575941414341521,DNxn102,steering_control,720575941517770412,2,720575941507955269,DLM1,power,DLM,16,17,272,3
4379,720575941414341521,DNxn102,steering_control,720575941517770412,2,720575941519783640,DLM1,power,DLM,16,24,384,3
4380,720575941414341521,DNxn102,steering_control,720575941517770412,2,720575941519783640,DLM1,power,DLM,16,10,160,3
4381,720575941414341521,DNxn102,steering_control,720575941517770412,2,720575941533190337,DLM1,power,DLM,16,10,160,3
4382,720575941414341521,DNxn102,steering_control,720575941517770412,2,720575941533190337,DLM1,power,DLM,16,34,544,3
4383,720575941414341521,DNxn102,steering_control,720575941517770412,2,720575941534583786,DLM5,power,DLM,16,23,368,3
4384,720575941414341521,DNxn102,steering_control,720575941517770412,2,720575941534583786,DLM5,power,DLM,16,12,192,3
4385,720575941414341521,DNxn102,steering_control,720575941517770412,2,720575941583644382,DLM1,power,DLM,16,47,752,3
4386,720575941414341521,DNxn102,steering_control,720575941517770412,2,720575941596050112,DLM5,power,DLM,16,20,320,3
4387,720575941414341521,DNxn102,steering_control,720575941517770412,2,720575941640465439,DLM1,power,DLM,16,20,320,3
4388,720575941414341521,DNxn102,steering_control,720575941517770412,2,720575941640465439,DLM1,power,DLM,16,12,192,3
4389,720575941414341521,DNxn102,steering_control,720575941532246762,5,720575941468897856,i1,steering,axillary_i,52,18,936,3
4390,720575941414341521,DNxn102,steering_control,720575941532246762,5,720575941474574132,b3,steering,basalar,52,22,1144,3
4391,720575941414341521,DNxn102,steering_control,720575941532246762,5,720575941474574132,b3,steering,basalar,52,11,572,3
4392,720575941414341521,DNxn102,steering_control,720575941532246762,5,720575941479658831,hg2,steering,haltere,52,10,520,3
4393,720575941414341521,DNxn102,steering_control,720575941557612915,1,720575941521196211,b1,steering,basalar,11,10,110,3
4394,720575941414341521,DNxn102,steering_control,720575941557612915,1,720575941624155644,b2,steering,basalar,11,10,110,3
4395,720575941414341521,DNxn102,steering_control,720575941607605101,4,720575941456201887,hg1,steering,haltere,23,27,621,3
4396,720575941414341521,DNxn102,steering_control,720575941607605101,4,720575941456201887,hg1,steering,haltere,23,16,368,3
4397,720575941633206944,DNp103,steering_control,720575941539355517,5,720575941475745898,i2,steering,axillary_i,31,16,496,3
4398,720575941633206944,DNp103,steering_control,720575941539355517,5,720575941475745898,i2,steering,axillary_i,31,11,341,3
4399,720575941633206944,DNp103,steering_control,720575941539355517,5,720575941547394081,i2,steering,axillary_i,31,17,527,3
4400,720575941633206944,DNp103,steering_control,720575941569652638,5,720575941565378919,iii3,steering,axillary_III,15,10,150,3
4401,720575941633206944,DNp103,steering_control,720575941615272601,5,720575941475745898,i2,steering,axillary_i,41,12,492,3
4402,720575941633206944,DNp103,steering_control,720575941615272601,5,720575941547394081,i2,steering,axillary_i,41,26,1066,3
4403,720575941633206944,DNp103,steering_control,720575941615272601,5,720575941547394081,i2,steering,axillary_i,41,19,779,3
4404,720575941633206944,DNp103,steering_control,720575941670676135,5,720575941475745898,i2,steering,axillary_i,13,22,286,3
4405,720575941633206944,DNp103,steering_control,720575941670676135,5,720575941475745898,i2,steering,axillary_i,13,13,169,3
4406,720575941633206944,DNp103,steering_control,720575941670676135,5,720575941547394081,i2,steering,axillary_i,13,10,130,3
4407,720575941633206944,DNp103,steering_control,720575941670676135,5,720575941547394081,i2,steering,axillary_i,13,47,611,3
4408,720575941633206944,DNp103,steering_control,720575941670676135,5,720575941547394081,i2,steering,axillary_i,13,127,1651,3
4409,720575941471238263,DNxn102,steering_control,720575941408509867,2,720575941463144336,DLM1,power,DLM,20,20,400,3
4410,720575941471238263,DNxn102,steering_control,720575941408509867,2,720575941463144336,DLM1,power,DLM,20,24,480,3
4411,720575941471238263,DNxn102,steering_control,720575941408509867,2,720575941479034563,DLM1,power,DLM,20,16,320,3
4412,720575941471238263,DNxn102,steering_control,720575941408509867,2,720575941507955269,DLM1,power,DLM,20,27,540,3
4413,720575941471238263,DNxn102,steering_control,720575941408509867,2,720575941507955269,DLM1,power,DLM,20,17,340,3
4414,720575941471238263,DNxn102,steering_control,720575941408509867,2,720575941519783640,DLM1,power,DLM,20,31,620,3
4415,720575941471238263,DNxn102,steering_control,720575941408509867,2,720575941533190337,DLM1,power,DLM,20,23,460,3
4416,720575941471238263,DNxn102,steering_control,720575941408509867,2,720575941534583786,DLM5,power,DLM,20,23,460,3
4417,720575941471238263,DNxn102,steering_control,720575941408509867,2,720575941534583786,DLM5,power,DLM,20,12,240,3
4418,720575941471238263,DNxn102,steering_control,720575941408509867,2,720575941583644382,DLM1,power,DLM,20,27,540,3
4419,720575941471238263,DNxn102,steering_control,720575941408509867,2,720575941596050112,DLM5,power,DLM,20,34,680,3
4420,720575941471238263,DNxn102,steering_control,720575941408509867,2,720575941603635190,DVM1A,power,DVM,20,12,240,3
4421,720575941471238263,DNxn102,steering_control,720575941408509867,2,720575941640465439,DLM1,power,DLM,20,24,480,3
4422,720575941471238263,DNxn102,steering_control,720575941473850720,5,720575941479658831,hg2,steering,haltere,50,10,500,3
4423,720575941471238263,DNxn102,steering_control,720575941473850720,5,720575941542412805,b3,steering,basalar,50,10,500,3
4424,720575941471238263,DNxn102,steering_control,720575941473850720,5,720575941542412805,b3,steering,basalar,50,11,550,3
4425,720575941471238263,DNxn102,steering_control,720575941572251144,1,720575941549822781,b1,steering,basalar,12,25,300,3
4426,720575941471238263,DNxn102,steering_control,720575941572251144,1,720575941655597785,b2,steering,basalar,12,16,192,3
4427,720575941471238263,DNxn102,steering_control,720575941612053094,1,720575941513173763,hg4,steering,haltere,16,11,176,3
4428,720575941471238263,DNxn102,steering_control,720575941612053094,1,720575941516770670,iii4,steering,axillary_III,16,14,224,3
4429,720575941471238263,DNxn102,steering_control,720575941612053094,1,720575941580669817,hg1,steering,haltere,16,57,912,3
4430,720575941471238263,DNxn102,steering_control,720575941612053094,1,720575941580669817,hg1,steering,haltere,16,24,384,3
4431,720575941471238263,DNxn102,steering_control,720575941612053094,1,720575941655597785,b2,steering,basalar,16,22,352,3
4432,720575941471238263,DNxn102,steering_control,720575941612053094,1,720575941655597785,b2,steering,basalar,16,18,288,3
4433,720575941532728195,DNut040,steering_control,720575941553338778,5,720575941542412805,b3,steering,basalar,11,20,220,3
4434,720575941532728195,DNut040,steering_control,720575941553338778,5,720575941542412805,b3,steering,basalar,11,66,726,3
4435,720575941532728195,DNut040,steering_control,720575941553338778,5,720575941547315060,i1,steering,axillary_i,11,25,275,3
4436,720575941532728195,DNut040,steering_control,720575941553338778,5,720575941547315060,i1,steering,axillary_i,11,38,418,3
4437,720575941532728195,DNut040,steering_control,720575941553338778,5,720575941547315060,i1,steering,axillary_i,11,40,440,3
4438,720575941532728195,DNut040,steering_control,720575941553338778,5,720575941547394081,i2,steering,axillary_i,11,14,154,3
4439,720575941532728195,DNut040,steering_control,720575941553338778,5,720575941547394081,i2,steering,axillary_i,11,32,352,3
4440,720575941532728195,DNut040,steering_control,720575941557612915,1,720575941521196211,b1,steering,basalar,20,10,200,3
4441,720575941532728195,DNut040,steering_control,720575941557612915,1,720575941624155644,b2,steering,basalar,20,10,200,3
4442,720575941532728195,DNut040,steering_control,720575941601088441,5,720575941468897856,i1,steering,axillary_i,19,16,304,3
4443,720575941532728195,DNut040,steering_control,720575941601088441,5,720575941468897856,i1,steering,axillary_i,19,13,247,3
4444,720575941532728195,DNut040,steering_control,720575941601088441,5,720575941468897856,i1,steering,axillary_i,19,14,266,3
4445,720575941532728195,DNut040,steering_control,720575941601088441,5,720575941474574132,b3,steering,basalar,19,27,513,3
4446,720575941532728195,DNut040,steering_control,720575941601088441,5,720575941474574132,b3,steering,basalar,19,15,285,3
4447,720575941532728195,DNut040,steering_control,720575941601088441,5,720575941474574132,b3,steering,basalar,19,24,456,3
4448,720575941532728195,DNut040,steering_control,720575941601088441,5,720575941580669817,hg1,steering,haltere,19,10,190,3
4449,720575941532728195,DNut040,steering_control,720575941608991050,1,720575941521196211,b1,steering,basalar,13,31,403,3
4450,720575941532728195,DNut040,steering_control,720575941608991050,1,720575941624155644,b2,steering,basalar,13,29,377,3
4451,720575941532728195,DNut040,steering_control,720575941611080010,5,720575941458961604,iii3,steering,axillary_III,12,13,156,3
4452,720575941532728195,DNut040,steering_control,720575941611080010,5,720575941565378919,iii3,steering,axillary_III,12,231,2772,3
4453,720575941532728195,DNut040,steering_control,720575941611080010,5,720575941565378919,iii3,steering,axillary_III,12,11,132,3
4454,720575941532728195,DNut040,steering_control,720575941611080010,5,720575941565378919,iii3,steering,axillary_III,12,46,552,3
4455,720575941532728195,DNut040,steering_control,720575941659696184,5,720575941542412805,b3,steering,basalar,10,23,230,3
4456,720575941532728195,DNut040,steering_control,720575941659696184,5,720575941542412805,b3,steering,basalar,10,33,330,3
4457,720575941532728195,DNut040,steering_control,720575941659696184,5,720575941547315060,i1,steering,axillary_i,10,12,120,3
4458,720575941532728195,DNut040,steering_control,720575941659696184,5,720575941547315060,i1,steering,axillary_i,10,23,230,3
4459,720575941532728195,DNut040,steering_control,720575941671138727,3,720575941479034563,DLM1,power,DLM,13,10,130,3
4460,720575941532728195,DNut040,steering_control,720575941671138727,3,720575941565105206,DVM1A,power,DVM,13,46,598,3
4461,720575941532728195,DNut040,steering_control,720575941671138727,3,720575941566847847,DVM1A,power,DVM,13,25,325,3
4462,720575941532728195,DNut040,steering_control,720575941671138727,3,720575941643100754,ps1,steering,pleurosternal,13,41,533,3
4463,720575941532728195,DNut040,steering_control,720575941671138727,3,720575941643100754,ps1,steering,pleurosternal,13,11,143,3
4464,720575941532728195,DNut040,steering_control,720575941671138727,3,720575941643100754,ps1,steering,pleurosternal,13,36,468,3
4465,720575941532728195,DNut040,steering_control,720575941671138727,3,720575941643100754,ps1,steering,pleurosternal,13,34,442,3
4466,720575941532728195,DNut040,steering_control,720575941671138727,3,720575941645041313,ps1,steering,pleurosternal,13,64,832,3
4467,720575941532728195,DNut040,steering_control,720575941671138727,3,720575941645041313,ps1,steering,pleurosternal,13,24,312,3
4468,720575941532728195,DNut040,steering_control,720575941671138727,3,720575941645041313,ps1,steering,pleurosternal,13,157,2041,3
4469,720575941532728195,DNut040,steering_control,720575941671138727,3,720575941645403000,DLM1,power,DLM,13,23,299,3
4470,720575941430069641,DNp17,steering_control,720575941474334779,4,720575941732789547,hg2,steering,haltere,50,11,550,3
4471,720575941430069641,DNp17,steering_control,720575941540246909,1,720575941624155644,b2,steering,basalar,15,29,435,3
4472,720575941430069641,DNp17,steering_control,720575941608991050,1,720575941521196211,b1,steering,basalar,14,31,434,3
4473,720575941430069641,DNp17,steering_control,720575941608991050,1,720575941624155644,b2,steering,basalar,14,29,406,3
4474,720575941430069641,DNp17,steering_control,720575941608991050,1,720575941521196211,b1,steering,basalar,17,31,527,3
4475,720575941430069641,DNp17,steering_control,720575941608991050,1,720575941624155644,b2,steering,basalar,17,29,493,3
4476,720575941475448123,DNxn159,steering_control,720575941539355517,5,720575941475745898,i2,steering,axillary_i,10,16,160,3
4477,720575941475448123,DNxn159,steering_control,720575941539355517,5,720575941475745898,i2,steering,axillary_i,10,11,110,3
4478,720575941475448123,DNxn159,steering_control,720575941539355517,5,720575941547394081,i2,steering,axillary_i,10,17,170,3
4479,720575941475448123,DNxn159,steering_control,720575941539355517,5,720575941475745898,i2,steering,axillary_i,39,16,624,3
4480,720575941475448123,DNxn159,steering_control,720575941539355517,5,720575941475745898,i2,steering,axillary_i,39,11,429,3
4481,720575941475448123,DNxn159,steering_control,720575941539355517,5,720575941547394081,i2,steering,axillary_i,39,17,663,3
4482,720575941475448123,DNxn159,steering_control,720575941615272601,5,720575941475745898,i2,steering,axillary_i,32,12,384,3
4483,720575941475448123,DNxn159,steering_control,720575941615272601,5,720575941547394081,i2,steering,axillary_i,32,26,832,3
4484,720575941475448123,DNxn159,steering_control,720575941615272601,5,720575941547394081,i2,steering,axillary_i,32,19,608,3
4485,720575941475448123,DNxn159,steering_control,720575941615272601,5,720575941475745898,i2,steering,axillary_i,14,12,168,3
4486,720575941475448123,DNxn159,steering_control,720575941615272601,5,720575941547394081,i2,steering,axillary_i,14,26,364,3
4487,720575941475448123,DNxn159,steering_control,720575941615272601,5,720575941547394081,i2,steering,axillary_i,14,19,266,3
4488,720575941562059176,DNg82,steering_control,720575941458334163,1,720575941624155644,b2,steering,basalar,13,14,182,3
4489,720575941562059176,DNg82,steering_control,720575941458334163,1,720575941624155644,b2,steering,basalar,13,50,650,3
4490,720575941562059176,DNg82,steering_control,720575941503451301,1,720575941624155644,b2,steering,basalar,10,44,440,3
4491,720575941562059176,DNg82,steering_control,720575941503451301,1,720575941624155644,b2,steering,basalar,27,44,1188,3
4492,720575941562059176,DNg82,steering_control,720575941557612915,1,720575941521196211,b1,steering,basalar,16,10,160,3
4493,720575941562059176,DNg82,steering_control,720575941557612915,1,720575941624155644,b2,steering,basalar,16,10,160,3
4494,720575941562059176,DNg82,steering_control,720575941557612915,1,720575941521196211,b1,steering,basalar,19,10,190,3
4495,720575941562059176,DNg82,steering_control,720575941557612915,1,720575941624155644,b2,steering,basalar,19,10,190,3
4496,720575941562059176,DNg82,steering_control,720575941608991050,1,720575941521196211,b1,steering,basalar,10,31,310,3
4497,720575941562059176,DNg82,steering_control,720575941608991050,1,720575941624155644,b2,steering,basalar,10,29,290,3
4498,720575941430250377,DNg91,steering_control,720575941399309603,1,720575941521196211,b1,steering,basalar,11,27,297,3
4499,720575941430250377,DNg91,steering_control,720575941399309603,1,720575941624155644,b2,steering,basalar,11,11,121,3
4500,720575941430250377,DNg91,steering_control,720575941410007663,4,720575941456201887,hg1,steering,haltere,10,21,210,3
4501,720575941430250377,DNg91,steering_control,720575941410007663,4,720575941459347411,iii4,steering,axillary_III,10,18,180,3
4502,720575941430250377,DNg91,steering_control,720575941410007663,4,720575941483845954,hg3,steering,haltere,10,11,110,3
4503,720575941430250377,DNg91,steering_control,720575941410007663,4,720575941630940642,hg4,steering,haltere,10,27,270,3
4504,720575941430250377,DNg91,steering_control,720575941410007663,4,720575941630940642,hg4,steering,haltere,10,20,200,3
4505,720575941430250377,DNg91,steering_control,720575941450876794,5,720575941542412805,b3,steering,basalar,13,16,208,3
4506,720575941430250377,DNg91,steering_control,720575941450876794,5,720575941542412805,b3,steering,basalar,13,17,221,3
4507,720575941430250377,DNg91,steering_control,720575941457147206,4,720575941513173763,hg4,steering,haltere,15,66,990,3
4508,720575941430250377,DNg91,steering_control,720575941457147206,4,720575941513173763,hg4,steering,haltere,15,19,285,3
4509,720575941430250377,DNg91,steering_control,720575941457147206,4,720575941516770670,iii4,steering,axillary_III,15,32,480,3
4510,720575941430250377,DNg91,steering_control,720575941457147206,4,720575941549822781,b1,steering,basalar,15,25,375,3
4511,720575941430250377,DNg91,steering_control,720575941457147206,4,720575941565378919,iii3,steering,axillary_III,15,18,270,3
4512,720575941430250377,DNg91,steering_control,720575941457147206,4,720575941580669817,hg1,steering,haltere,15,40,600,3
4513,720575941430250377,DNg91,steering_control,720575941457147206,4,720575941643100754,ps1,steering,pleurosternal,15,15,225,3
4514,720575941430250377,DNg91,steering_control,720575941457147206,4,720575941513173763,hg4,steering,haltere,25,66,1650,3
4515,720575941430250377,DNg91,steering_control,720575941457147206,4,720575941513173763,hg4,steering,haltere,25,19,475,3
4516,720575941430250377,DNg91,steering_control,720575941457147206,4,720575941516770670,iii4,steering,axillary_III,25,32,800,3
4517,720575941430250377,DNg91,steering_control,720575941457147206,4,720575941549822781,b1,steering,basalar,25,25,625,3
4518,720575941430250377,DNg91,steering_control,720575941457147206,4,720575941565378919,iii3,steering,axillary_III,25,18,450,3
4519,720575941430250377,DNg91,steering_control,720575941457147206,4,720575941580669817,hg1,steering,haltere,25,40,1000,3
4520,720575941430250377,DNg91,steering_control,720575941457147206,4,720575941643100754,ps1,steering,pleurosternal,25,15,375,3
4521,720575941430250377,DNg91,steering_control,720575941471203447,1,720575941521196211,b1,steering,basalar,11,13,143,3
4522,720575941430250377,DNg91,steering_control,720575941471203447,1,720575941521196211,b1,steering,basalar,11,10,110,3
4523,720575941430250377,DNg91,steering_control,720575941471203447,1,720575941624155644,b2,steering,basalar,11,12,132,3
4524,720575941430250377,DNg91,steering_control,720575941508542674,1,720575941521196211,b1,steering,basalar,10,12,120,3
4525,720575941430250377,DNg91,steering_control,720575941508542674,1,720575941624155644,b2,steering,basalar,10,14,140,3
4526,720575941430250377,DNg91,steering_control,720575941508542674,1,720575941624155644,b2,steering,basalar,10,12,120,3
4527,720575941496676295,DNa06,steering_control,720575941477297716,4,720575941630940642,hg4,steering,haltere,39,32,1248,3
4528,720575941496676295,DNa06,steering_control,720575941477297716,4,720575941630940642,hg4,steering,haltere,18,32,576,3
4529,720575941496676295,DNa06,steering_control,720575941525725954,4,720575941630940642,hg4,steering,haltere,25,27,675,3
4530,720575941496676295,DNa06,steering_control,720575941525725954,4,720575941630940642,hg4,steering,haltere,25,13,325,3
4531,720575941496676295,DNa06,steering_control,720575941550878087,5,720575941458961604,iii3,steering,axillary_III,13,55,715,3
4532,720575941496676295,DNa06,steering_control,720575941550878087,5,720575941458961604,iii3,steering,axillary_III,13,11,143,3
4533,720575941629872422,DNut037,steering_control,720575941458334163,1,720575941624155644,b2,steering,basalar,10,14,140,3
4534,720575941629872422,DNut037,steering_control,720575941458334163,1,720575941624155644,b2,steering,basalar,10,50,500,3
4535,720575941629872422,DNut037,steering_control,720575941503451301,1,720575941624155644,b2,steering,basalar,18,44,792,3
4536,720575941629872422,DNut037,steering_control,720575941557612915,1,720575941521196211,b1,steering,basalar,41,10,410,3
4537,720575941629872422,DNut037,steering_control,720575941557612915,1,720575941624155644,b2,steering,basalar,41,10,410,3
4538,720575941629872422,DNut037,steering_control,720575941608991050,1,720575941521196211,b1,steering,basalar,10,31,310,3
4539,720575941629872422,DNut037,steering_control,720575941608991050,1,720575941624155644,b2,steering,basalar,10,29,290,3
4540,720575941629872422,DNut037,steering_control,720575941659696184,5,720575941542412805,b3,steering,basalar,15,23,345,3
4541,720575941629872422,DNut037,steering_control,720575941659696184,5,720575941542412805,b3,steering,basalar,15,33,495,3
4542,720575941629872422,DNut037,steering_control,720575941659696184,5,720575941547315060,i1,steering,axillary_i,15,12,180,3
4543,720575941629872422,DNut037,steering_control,720575941659696184,5,720575941547315060,i1,steering,axillary_i,15,23,345,3
4544,720575941632167611,DNg73,steering_control,720575941477297716,4,720575941630940642,hg4,steering,haltere,41,32,1312,3
4545,720575941632167611,DNg73,steering_control,720575941477297716,4,720575941630940642,hg4,steering,haltere,10,32,320,3
4546,720575941632167611,DNg73,steering_control,720575941477297716,4,720575941630940642,hg4,steering,haltere,22,32,704,3
4547,720575941632167611,DNg73,steering_control,720575941525725954,4,720575941630940642,hg4,steering,haltere,17,27,459,3
4548,720575941632167611,DNg73,steering_control,720575941525725954,4,720575941630940642,hg4,steering,haltere,17,13,221,3
4549,720575941542664284,DNxn176,steering_control,720575941452315443,1,720575941456201887,hg1,steering,haltere,11,10,110,3
4550,720575941542664284,DNxn176,steering_control,720575941452315443,1,720575941624155644,b2,steering,basalar,11,11,121,3
4551,720575941542664284,DNxn176,steering_control,720575941456348575,4,720575941456201887,hg1,steering,haltere,12,39,468,3
4552,720575941542664284,DNxn176,steering_control,720575941456348575,4,720575941458961604,iii3,steering,axillary_III,12,20,240,3
4553,720575941542664284,DNxn176,steering_control,720575941456348575,4,720575941459347411,iii4,steering,axillary_III,12,48,576,3
4554,720575941542664284,DNxn176,steering_control,720575941456348575,4,720575941459347411,iii4,steering,axillary_III,12,13,156,3
4555,720575941542664284,DNxn176,steering_control,720575941456348575,4,720575941483845954,hg3,steering,haltere,12,19,228,3
4556,720575941542664284,DNxn176,steering_control,720575941456348575,4,720575941630940642,hg4,steering,haltere,12,61,732,3
4557,720575941542664284,DNxn176,steering_control,720575941456348575,4,720575941630940642,hg4,steering,haltere,12,13,156,3
4558,720575941542664284,DNxn176,steering_control,720575941492308606,1,720575941549822781,b1,steering,basalar,21,12,252,3
4559,720575941542664284,DNxn176,steering_control,720575941492308606,1,720575941549822781,b1,steering,basalar,21,33,693,3
4560,720575941542664284,DNxn176,steering_control,720575941492308606,1,720575941655597785,b2,steering,basalar,21,16,336,3
4561,720575941542664284,DNxn176,steering_control,720575941524294169,4,720575941516770670,iii4,steering,axillary_III,12,12,144,3
4562,720575941542664284,DNxn176,steering_control,720575941524294169,4,720575941516770670,iii4,steering,axillary_III,12,11,132,3
4563,720575941542664284,DNxn176,steering_control,720575941524294169,4,720575941580669817,hg1,steering,haltere,12,14,168,3
4564,720575941542664284,DNxn176,steering_control,720575941524294169,4,720575941580669817,hg1,steering,haltere,12,13,156,3
4565,720575941542664284,DNxn176,steering_control,720575941524294169,4,720575941655597785,b2,steering,basalar,12,18,216,3
4566,720575941542664284,DNxn176,steering_control,720575941609358310,1,720575941549822781,b1,steering,basalar,10,17,170,3
4567,720575941542664284,DNxn176,steering_control,720575941658602520,1,720575941624155644,b2,steering,basalar,21,10,210,3
4568,720575941438690834,DNp51,steering_control,720575941526847910,4,720575941580669817,hg1,steering,haltere,14,10,140,3
4569,720575941438690834,DNp51,steering_control,720575941526847910,4,720575941580669817,hg1,steering,haltere,14,12,168,3
4570,720575941438690834,DNp51,steering_control,720575941557612915,1,720575941521196211,b1,steering,basalar,36,10,360,3
4571,720575941438690834,DNp51,steering_control,720575941557612915,1,720575941624155644,b2,steering,basalar,36,10,360,3
4572,720575941438690834,DNp51,steering_control,720575941608310346,5,720575941474574132,b3,steering,basalar,22,14,308,3
4573,720575941438690834,DNp51,steering_control,720575941608310346,5,720575941474574132,b3,steering,basalar,22,10,220,3
4574,720575941438690834,DNp51,steering_control,720575941608310346,5,720575941580669817,hg1,steering,haltere,22,12,264,3
4575,720575941438690834,DNp51,steering_control,720575941608991050,1,720575941521196211,b1,steering,basalar,14,31,434,3
4576,720575941438690834,DNp51,steering_control,720575941608991050,1,720575941624155644,b2,steering,basalar,14,29,406,3
4577,720575941536778389,DNg01,steering_control,720575941465484566,1,720575941655597785,b2,steering,basalar,23,37,851,3
4578,720575941536778389,DNg01,steering_control,720575941465484566,1,720575941655597785,b2,steering,basalar,15,37,555,3
4579,720575941536778389,DNg01,steering_control,720575941572251144,1,720575941549822781,b1,steering,basalar,18,25,450,3
4580,720575941536778389,DNg01,steering_control,720575941572251144,1,720575941655597785,b2,steering,basalar,18,16,288,3
4581,720575941536778389,DNg01,steering_control,720575941572251144,1,720575941549822781,b1,steering,basalar,11,25,275,3
4582,720575941536778389,DNg01,steering_control,720575941572251144,1,720575941655597785,b2,steering,basalar,11,16,176,3
4583,720575941536778389,DNg01,steering_control,720575941630748859,1,720575941655597785,b2,steering,basalar,19,10,190,3
4584,720575941536778389,DNg01,steering_control,720575941630748859,1,720575941655597785,b2,steering,basalar,19,58,1102,3
4585,720575941471955264,DNut040,steering_control,720575941528944568,5,720575941458961604,iii3,steering,axillary_III,12,154,1848,3
4586,720575941471955264,DNut040,steering_control,720575941528944568,5,720575941458961604,iii3,steering,axillary_III,12,53,636,3
4587,720575941471955264,DNut040,steering_control,720575941528944568,5,720575941458961604,iii3,steering,axillary_III,12,11,132,3
4588,720575941471955264,DNut040,steering_control,720575941528944568,5,720575941565378919,iii3,steering,axillary_III,12,23,276,3
4589,720575941471955264,DNut040,steering_control,720575941528944568,5,720575941565378919,iii3,steering,axillary_III,12,41,492,3
4590,720575941471955264,DNut040,steering_control,720575941547347316,4,720575941468288375,hg3,steering,haltere,10,10,100,3
4591,720575941471955264,DNut040,steering_control,720575941553338778,5,720575941542412805,b3,steering,basalar,10,20,200,3
4592,720575941471955264,DNut040,steering_control,720575941553338778,5,720575941542412805,b3,steering,basalar,10,66,660,3
4593,720575941471955264,DNut040,steering_control,720575941553338778,5,720575941547315060,i1,steering,axillary_i,10,25,250,3
4594,720575941471955264,DNut040,steering_control,720575941553338778,5,720575941547315060,i1,steering,axillary_i,10,38,380,3
4595,720575941471955264,DNut040,steering_control,720575941553338778,5,720575941547315060,i1,steering,axillary_i,10,40,400,3
4596,720575941471955264,DNut040,steering_control,720575941553338778,5,720575941547394081,i2,steering,axillary_i,10,14,140,3
4597,720575941471955264,DNut040,steering_control,720575941553338778,5,720575941547394081,i2,steering,axillary_i,10,32,320,3
4598,720575941471955264,DNut040,steering_control,720575941572251144,1,720575941549822781,b1,steering,basalar,15,25,375,3
4599,720575941471955264,DNut040,steering_control,720575941572251144,1,720575941655597785,b2,steering,basalar,15,16,240,3
4600,720575941471955264,DNut040,steering_control,720575941601088441,5,720575941468897856,i1,steering,axillary_i,11,16,176,3
4601,720575941471955264,DNut040,steering_control,720575941601088441,5,720575941468897856,i1,steering,axillary_i,11,13,143,3
4602,720575941471955264,DNut040,steering_control,720575941601088441,5,720575941468897856,i1,steering,axillary_i,11,14,154,3
4603,720575941471955264,DNut040,steering_control,720575941601088441,5,720575941474574132,b3,steering,basalar,11,27,297,3
4604,720575941471955264,DNut040,steering_control,720575941601088441,5,720575941474574132,b3,steering,basalar,11,15,165,3
4605,720575941471955264,DNut040,steering_control,720575941601088441,5,720575941474574132,b3,steering,basalar,11,24,264,3
4606,720575941471955264,DNut040,steering_control,720575941601088441,5,720575941580669817,hg1,steering,haltere,11,10,110,3
4607,720575941471955264,DNut040,steering_control,720575941611080010,5,720575941458961604,iii3,steering,axillary_III,13,13,169,3
4608,720575941471955264,DNut040,steering_control,720575941611080010,5,720575941565378919,iii3,steering,axillary_III,13,231,3003,3
4609,720575941471955264,DNut040,steering_control,720575941611080010,5,720575941565378919,iii3,steering,axillary_III,13,11,143,3
4610,720575941471955264,DNut040,steering_control,720575941611080010,5,720575941565378919,iii3,steering,axillary_III,13,46,598,3
4611,720575941471955264,DNut040,steering_control,720575941623108298,3,720575941463144336,DLM1,power,DLM,11,10,110,3
4612,720575941471955264,DNut040,steering_control,720575941623108298,3,720575941472734048,DVM1A,power,DVM,11,13,143,3
4613,720575941471955264,DNut040,steering_control,720575941623108298,3,720575941472734048,DVM1A,power,DVM,11,39,429,3
4614,720575941471955264,DNut040,steering_control,720575941623108298,3,720575941479034563,DLM1,power,DLM,11,15,165,3
4615,720575941471955264,DNut040,steering_control,720575941623108298,3,720575941487139138,DVM3A,power,DVM,11,14,154,3
4616,720575941471955264,DNut040,steering_control,720575941623108298,3,720575941530190027,DVM2A,power,DVM,11,11,121,3
4617,720575941471955264,DNut040,steering_control,720575941623108298,3,720575941597489344,DVM1A,power,DVM,11,20,220,3
4618,720575941471955264,DNut040,steering_control,720575941623108298,3,720575941603635190,DVM1A,power,DVM,11,32,352,3
4619,720575941471955264,DNut040,steering_control,720575941623108298,3,720575941624985226,DVM2A,power,DVM,11,11,121,3
4620,720575941471955264,DNut040,steering_control,720575941623108298,3,720575941643100754,ps1,steering,pleurosternal,11,20,220,3
4621,720575941471955264,DNut040,steering_control,720575941623108298,3,720575941643100754,ps1,steering,pleurosternal,11,96,1056,3
4622,720575941471955264,DNut040,steering_control,720575941623108298,3,720575941643100754,ps1,steering,pleurosternal,11,11,121,3
4623,720575941471955264,DNut040,steering_control,720575941623108298,3,720575941643100754,ps1,steering,pleurosternal,11,182,2002,3
4624,720575941471955264,DNut040,steering_control,720575941623108298,3,720575941643100754,ps1,steering,pleurosternal,11,20,220,3
4625,720575941471955264,DNut040,steering_control,720575941623108298,3,720575941645041313,ps1,steering,pleurosternal,11,26,286,3
4626,720575941471955264,DNut040,steering_control,720575941623108298,3,720575941645041313,ps1,steering,pleurosternal,11,52,572,3
4627,720575941471955264,DNut040,steering_control,720575941623108298,3,720575941645041313,ps1,steering,pleurosternal,11,21,231,3
4628,720575941471955264,DNut040,steering_control,720575941623108298,3,720575941645041313,ps1,steering,pleurosternal,11,16,176,3
4629,720575941471955264,DNut040,steering_control,720575941623108298,3,720575941645041313,ps1,steering,pleurosternal,11,47,517,3
4630,720575941471955264,DNut040,steering_control,720575941623108298,3,720575941645403000,DLM1,power,DLM,11,11,121,3
4631,720575941572669342,DNb06,steering_control,720575941553338778,5,720575941542412805,b3,steering,basalar,17,20,340,3
4632,720575941572669342,DNb06,steering_control,720575941553338778,5,720575941542412805,b3,steering,basalar,17,66,1122,3
4633,720575941572669342,DNb06,steering_control,720575941553338778,5,720575941547315060,i1,steering,axillary_i,17,25,425,3
4634,720575941572669342,DNb06,steering_control,720575941553338778,5,720575941547315060,i1,steering,axillary_i,17,38,646,3
4635,720575941572669342,DNb06,steering_control,720575941553338778,5,720575941547315060,i1,steering,axillary_i,17,40,680,3
4636,720575941572669342,DNb06,steering_control,720575941553338778,5,720575941547394081,i2,steering,axillary_i,17,14,238,3
4637,720575941572669342,DNb06,steering_control,720575941553338778,5,720575941547394081,i2,steering,axillary_i,17,32,544,3
4638,720575941572669342,DNb06,steering_control,720575941553338778,5,720575941542412805,b3,steering,basalar,23,20,460,3
4639,720575941572669342,DNb06,steering_control,720575941553338778,5,720575941542412805,b3,steering,basalar,23,66,1518,3
4640,720575941572669342,DNb06,steering_control,720575941553338778,5,720575941547315060,i1,steering,axillary_i,23,25,575,3
4641,720575941572669342,DNb06,steering_control,720575941553338778,5,720575941547315060,i1,steering,axillary_i,23,38,874,3
4642,720575941572669342,DNb06,steering_control,720575941553338778,5,720575941547315060,i1,steering,axillary_i,23,40,920,3
4643,720575941572669342,DNb06,steering_control,720575941553338778,5,720575941547394081,i2,steering,axillary_i,23,14,322,3
4644,720575941572669342,DNb06,steering_control,720575941553338778,5,720575941547394081,i2,steering,axillary_i,23,32,736,3
4645,720575941572669342,DNb06,steering_control,720575941612053094,1,720575941513173763,hg4,steering,haltere,11,11,121,3
4646,720575941572669342,DNb06,steering_control,720575941612053094,1,720575941516770670,iii4,steering,axillary_III,11,14,154,3
4647,720575941572669342,DNb06,steering_control,720575941612053094,1,720575941580669817,hg1,steering,haltere,11,57,627,3
4648,720575941572669342,DNb06,steering_control,720575941612053094,1,720575941580669817,hg1,steering,haltere,11,24,264,3
4649,720575941572669342,DNb06,steering_control,720575941612053094,1,720575941655597785,b2,steering,basalar,11,22,242,3
4650,720575941572669342,DNb06,steering_control,720575941612053094,1,720575941655597785,b2,steering,basalar,11,18,198,3
4651,720575941572669342,DNb06,steering_control,720575941612053094,1,720575941513173763,hg4,steering,haltere,11,11,121,3
4652,720575941572669342,DNb06,steering_control,720575941612053094,1,720575941516770670,iii4,steering,axillary_III,11,14,154,3
4653,720575941572669342,DNb06,steering_control,720575941612053094,1,720575941580669817,hg1,steering,haltere,11,57,627,3
4654,720575941572669342,DNb06,steering_control,720575941612053094,1,720575941580669817,hg1,steering,haltere,11,24,264,3
4655,720575941572669342,DNb06,steering_control,720575941612053094,1,720575941655597785,b2,steering,basalar,11,22,242,3
4656,720575941572669342,DNb06,steering_control,720575941612053094,1,720575941655597785,b2,steering,basalar,11,18,198,3
4657,720575941572669342,DNb06,steering_control,720575941619873663,4,720575941456201887,hg1,steering,haltere,19,14,266,3
4658,720575941572669342,DNb06,steering_control,720575941619873663,4,720575941456201887,hg1,steering,haltere,19,16,304,3
4659,720575941572669342,DNb06,steering_control,720575941619873663,4,720575941459347411,iii4,steering,axillary_III,19,12,228,3
4660,720575941572669342,DNb06,steering_control,720575941619873663,4,720575941479658831,hg2,steering,haltere,19,10,190,3
4661,720575941572669342,DNb06,steering_control,720575941619873663,4,720575941483845954,hg3,steering,haltere,19,10,190,3
4662,720575941572669342,DNb06,steering_control,720575941619873663,4,720575941580669817,hg1,steering,haltere,19,10,190,3
4663,720575941572669342,DNb06,steering_control,720575941619873663,4,720575941624155644,b2,steering,basalar,19,23,437,3
4664,720575941572669342,DNb06,steering_control,720575941619873663,4,720575941630940642,hg4,steering,haltere,19,19,361,3
4665,720575941572669342,DNb06,steering_control,720575941619873663,4,720575941630940642,hg4,steering,haltere,19,15,285,3
4666,720575941572669342,DNb06,steering_control,720575941619873663,4,720575941655597785,b2,steering,basalar,19,10,190,3
4667,720575941579876085,DNg74,steering_control,720575941442357674,4,720575941630940642,hg4,steering,haltere,25,16,400,3
4668,720575941579876085,DNg74,steering_control,720575941572737679,4,720575941630940642,hg4,steering,haltere,42,12,504,3
4669,720575941579876085,DNg74,steering_control,720575941654985945,5,720575941489673420,iii1,steering,axillary_III,14,35,490,3
4670,720575941579876085,DNg74,steering_control,720575941654985945,5,720575941489673420,iii1,steering,axillary_III,14,103,1442,3
4671,720575941656710736,DNge091,steering_control,720575941457147206,4,720575941513173763,hg4,steering,haltere,12,66,792,3
4672,720575941656710736,DNge091,steering_control,720575941457147206,4,720575941513173763,hg4,steering,haltere,12,19,228,3
4673,720575941656710736,DNge091,steering_control,720575941457147206,4,720575941516770670,iii4,steering,axillary_III,12,32,384,3
4674,720575941656710736,DNge091,steering_control,720575941457147206,4,720575941549822781,b1,steering,basalar,12,25,300,3
4675,720575941656710736,DNge091,steering_control,720575941457147206,4,720575941565378919,iii3,steering,axillary_III,12,18,216,3
4676,720575941656710736,DNge091,steering_control,720575941457147206,4,720575941580669817,hg1,steering,haltere,12,40,480,3
4677,720575941656710736,DNge091,steering_control,720575941457147206,4,720575941643100754,ps1,steering,pleurosternal,12,15,180,3
4678,720575941656710736,DNge091,steering_control,720575941465484566,1,720575941655597785,b2,steering,basalar,10,37,370,3
4679,720575941656710736,DNge091,steering_control,720575941465484566,1,720575941655597785,b2,steering,basalar,10,37,370,3
4680,720575941656710736,DNge091,steering_control,720575941572251144,1,720575941549822781,b1,steering,basalar,11,25,275,3
4681,720575941656710736,DNge091,steering_control,720575941572251144,1,720575941655597785,b2,steering,basalar,11,16,176,3
4682,720575941656710736,DNge091,steering_control,720575941572251144,1,720575941549822781,b1,steering,basalar,28,25,700,3
4683,720575941656710736,DNge091,steering_control,720575941572251144,1,720575941655597785,b2,steering,basalar,28,16,448,3
4684,720575941656710736,DNge091,steering_control,720575941630748859,1,720575941655597785,b2,steering,basalar,10,10,100,3
4685,720575941656710736,DNge091,steering_control,720575941630748859,1,720575941655597785,b2,steering,basalar,10,58,580,3
4686,720575941628867042,DNg04,steering_control,720575941429556655,4,720575941456201887,hg1,steering,haltere,21,16,336,3
4687,720575941628867042,DNg04,steering_control,720575941429556655,4,720575941630940642,hg4,steering,haltere,21,57,1197,3
4688,720575941628867042,DNg04,steering_control,720575941429556655,4,720575941630940642,hg4,steering,haltere,21,10,210,3
4689,720575941628867042,DNg04,steering_control,720575941429556655,4,720575941630940642,hg4,steering,haltere,21,14,294,3
4690,720575941628867042,DNg04,steering_control,720575941496830370,5,720575941565378919,iii3,steering,axillary_III,10,58,580,3
4691,720575941628867042,DNg04,steering_control,720575941496830370,5,720575941565378919,iii3,steering,axillary_III,10,15,150,3
4692,720575941628867042,DNg04,steering_control,720575941501721138,5,720575941565378919,iii3,steering,axillary_III,12,51,612,3
4693,720575941628867042,DNg04,steering_control,720575941501721138,5,720575941565378919,iii3,steering,axillary_III,12,20,240,3
4694,720575941628867042,DNg04,steering_control,720575941528944568,5,720575941458961604,iii3,steering,axillary_III,27,154,4158,3
4695,720575941628867042,DNg04,steering_control,720575941528944568,5,720575941458961604,iii3,steering,axillary_III,27,53,1431,3
4696,720575941628867042,DNg04,steering_control,720575941528944568,5,720575941458961604,iii3,steering,axillary_III,27,11,297,3
4697,720575941628867042,DNg04,steering_control,720575941528944568,5,720575941565378919,iii3,steering,axillary_III,27,23,621,3
4698,720575941628867042,DNg04,steering_control,720575941528944568,5,720575941565378919,iii3,steering,axillary_III,27,41,1107,3
4699,720575941628867042,DNg04,steering_control,720575941528944568,5,720575941458961604,iii3,steering,axillary_III,11,154,1694,3
4700,720575941628867042,DNg04,steering_control,720575941528944568,5,720575941458961604,iii3,steering,axillary_III,11,53,583,3
4701,720575941628867042,DNg04,steering_control,720575941528944568,5,720575941458961604,iii3,steering,axillary_III,11,11,121,3
4702,720575941628867042,DNg04,steering_control,720575941528944568,5,720575941565378919,iii3,steering,axillary_III,11,23,253,3
4703,720575941628867042,DNg04,steering_control,720575941528944568,5,720575941565378919,iii3,steering,axillary_III,11,41,451,3
4704,720575941591050494,DNg32,steering_control,720575941414464660,1,720575941513173763,hg4,steering,haltere,11,12,132,3
4705,720575941591050494,DNg32,steering_control,720575941414464660,1,720575941521196211,b1,steering,basalar,11,17,187,3
4706,720575941591050494,DNg32,steering_control,720575941414464660,1,720575941549822781,b1,steering,basalar,11,12,132,3
4707,720575941591050494,DNg32,steering_control,720575941414464660,1,720575941549822781,b1,steering,basalar,11,20,220,3
4708,720575941591050494,DNg32,steering_control,720575941414464660,1,720575941549822781,b1,steering,basalar,11,13,143,3
4709,720575941591050494,DNg32,steering_control,720575941518419123,1,720575941655597785,b2,steering,basalar,15,13,195,3
4710,720575941591050494,DNg32,steering_control,720575941518419123,1,720575941655597785,b2,steering,basalar,12,13,156,3
4711,720575941591050494,DNg32,steering_control,720575941609001034,4,720575941513173763,hg4,steering,haltere,10,23,230,3
4712,720575941591050494,DNg32,steering_control,720575941631436524,5,720575941475745898,i2,steering,axillary_i,31,10,310,3
4713,720575941591050494,DNg32,steering_control,720575941631436524,5,720575941475745898,i2,steering,axillary_i,31,41,1271,3
4714,720575941591050494,DNg32,steering_control,720575941631436524,5,720575941547394081,i2,steering,axillary_i,31,13,403,3
4715,720575941435430542,DNg42,steering_control,720575941477166622,5,720575941542412805,b3,steering,basalar,31,17,527,3
4716,720575941435430542,DNg42,steering_control,720575941477166622,5,720575941547315060,i1,steering,axillary_i,31,13,403,3
4717,720575941435430542,DNg42,steering_control,720575941477166622,5,720575941542412805,b3,steering,basalar,13,17,221,3
4718,720575941435430542,DNg42,steering_control,720575941477166622,5,720575941547315060,i1,steering,axillary_i,13,13,169,3
4719,720575941435430542,DNg42,steering_control,720575941517764824,5,720575941468897856,i1,steering,axillary_i,10,15,150,3
4720,720575941435430542,DNg42,steering_control,720575941517764824,5,720575941468897856,i1,steering,axillary_i,10,16,160,3
4721,720575941435430542,DNg42,steering_control,720575941517764824,5,720575941468897856,i1,steering,axillary_i,10,23,230,3
4722,720575941435430542,DNg42,steering_control,720575941517764824,5,720575941474574132,b3,steering,basalar,10,15,150,3
4723,720575941435430542,DNg42,steering_control,720575941517764824,5,720575941474574132,b3,steering,basalar,10,23,230,3
4724,720575941435430542,DNg42,steering_control,720575941517764824,5,720575941580669817,hg1,steering,haltere,10,10,100,3
4725,720575941435430542,DNg42,steering_control,720575941517764824,5,720575941580669817,hg1,steering,haltere,10,10,100,3
4726,720575941435430542,DNg42,steering_control,720575941517764824,5,720575941580669817,hg1,steering,haltere,10,13,130,3
4727,720575941435430542,DNg42,steering_control,720575941583511518,1,720575941521196211,b1,steering,basalar,25,10,250,3
4728,720575941435430542,DNg42,steering_control,720575941583511518,1,720575941624155644,b2,steering,basalar,25,10,250,3
4729,720575941441623899,DNg75,steering_control,720575941523112439,4,720575941513173763,hg4,steering,haltere,12,27,324,3
4730,720575941441623899,DNg75,steering_control,720575941523112439,4,720575941513173763,hg4,steering,haltere,12,11,132,3
4731,720575941441623899,DNg75,steering_control,720575941523112439,4,720575941516770670,iii4,steering,axillary_III,12,14,168,3
4732,720575941441623899,DNg75,steering_control,720575941523112439,4,720575941580669817,hg1,steering,haltere,12,29,348,3
4733,720575941441623899,DNg75,steering_control,720575941523112439,4,720575941580669817,hg1,steering,haltere,12,17,204,3
4734,720575941441623899,DNg75,steering_control,720575941600259369,5,720575941560383347,DVM1A,power,DVM,17,16,272,3
4735,720575941441623899,DNg75,steering_control,720575941600259369,5,720575941565105206,DVM1A,power,DVM,17,12,204,3
4736,720575941441623899,DNg75,steering_control,720575941703131610,5,720575941547394081,i2,steering,axillary_i,50,10,500,3
4737,720575941532746981,DNp43,steering_control,720575941516777107,1,720575941624155644,b2,steering,basalar,12,10,120,3
4738,720575941532746981,DNp43,steering_control,720575941516777107,1,720575941624155644,b2,steering,basalar,11,10,110,3
4739,720575941532746981,DNp43,steering_control,720575941542469212,3,720575941459347411,iii4,steering,axillary_III,23,10,230,3
4740,720575941532746981,DNp43,steering_control,720575941542469212,3,720575941516770670,iii4,steering,axillary_III,23,15,345,3
4741,720575941532746981,DNp43,steering_control,720575941542469212,3,720575941643100754,ps1,steering,pleurosternal,23,15,345,3
4742,720575941532746981,DNp43,steering_control,720575941542469212,3,720575941645041313,ps1,steering,pleurosternal,23,14,322,3
4743,720575941532746981,DNp43,steering_control,720575941542469212,3,720575941645041313,ps1,steering,pleurosternal,23,38,874,3
4744,720575941532746981,DNp43,steering_control,720575941542469212,3,720575941645041313,ps1,steering,pleurosternal,23,17,391,3
4745,720575941532746981,DNp43,steering_control,720575941542469212,3,720575941459347411,iii4,steering,axillary_III,21,10,210,3
4746,720575941532746981,DNp43,steering_control,720575941542469212,3,720575941516770670,iii4,steering,axillary_III,21,15,315,3
4747,720575941532746981,DNp43,steering_control,720575941542469212,3,720575941643100754,ps1,steering,pleurosternal,21,15,315,3
4748,720575941532746981,DNp43,steering_control,720575941542469212,3,720575941645041313,ps1,steering,pleurosternal,21,14,294,3
4749,720575941532746981,DNp43,steering_control,720575941542469212,3,720575941645041313,ps1,steering,pleurosternal,21,38,798,3
4750,720575941532746981,DNp43,steering_control,720575941542469212,3,720575941645041313,ps1,steering,pleurosternal,21,17,357,3
4751,720575941532746981,DNp43,steering_control,720575941642372040,1,720575941516770670,iii4,steering,axillary_III,12,38,456,3
4752,720575941532746981,DNp43,steering_control,720575941642372040,1,720575941580669817,hg1,steering,haltere,12,13,156,3
4753,720575941532746981,DNp43,steering_control,720575941642372040,1,720575941597489344,DVM1A,power,DVM,12,12,144,3
4754,720575941532746981,DNp43,steering_control,720575941642372040,1,720575941643100754,ps1,steering,pleurosternal,12,20,240,3
4755,720575941532746981,DNp43,steering_control,720575941642372040,1,720575941655597785,b2,steering,basalar,12,67,804,3
4756,720575941557413284,DNut051,steering_control,720575941456678893,5,720575941475745898,i2,steering,axillary_i,20,15,300,3
4757,720575941557413284,DNut051,steering_control,720575941456678893,5,720575941547315060,i1,steering,axillary_i,20,10,200,3
4758,720575941557413284,DNut051,steering_control,720575941456678893,5,720575941547394081,i2,steering,axillary_i,20,34,680,3
4759,720575941557413284,DNut051,steering_control,720575941456678893,5,720575941475745898,i2,steering,axillary_i,21,15,315,3
4760,720575941557413284,DNut051,steering_control,720575941456678893,5,720575941547315060,i1,steering,axillary_i,21,10,210,3
4761,720575941557413284,DNut051,steering_control,720575941456678893,5,720575941547394081,i2,steering,axillary_i,21,34,714,3
4762,720575941557413284,DNut051,steering_control,720575941607605101,4,720575941456201887,hg1,steering,haltere,13,27,351,3
4763,720575941557413284,DNut051,steering_control,720575941607605101,4,720575941456201887,hg1,steering,haltere,13,16,208,3
4764,720575941557413284,DNut051,steering_control,720575941631436524,5,720575941475745898,i2,steering,axillary_i,14,10,140,3
4765,720575941557413284,DNut051,steering_control,720575941631436524,5,720575941475745898,i2,steering,axillary_i,14,41,574,3
4766,720575941557413284,DNut051,steering_control,720575941631436524,5,720575941547394081,i2,steering,axillary_i,14,13,182,3
4767,720575941557413284,DNut051,steering_control,720575941663099516,4,720575941468288375,hg3,steering,haltere,11,10,110,3
4768,720575941557413284,DNut051,steering_control,720575941663099516,4,720575941468288375,hg3,steering,haltere,11,12,132,3
4769,720575941557413284,DNut051,steering_control,720575941663099516,4,720575941468288375,hg3,steering,haltere,11,23,253,3
4770,720575941557413284,DNut051,steering_control,720575941663099516,4,720575941483845954,hg3,steering,haltere,11,12,132,3
4771,720575941557413284,DNut051,steering_control,720575941663099516,4,720575941483845954,hg3,steering,haltere,11,13,143,3
4772,720575941557413284,DNut051,steering_control,720575941663099516,4,720575941483845954,hg3,steering,haltere,11,13,143,3
4773,720575941557413284,DNut051,steering_control,720575941663099516,4,720575941547394081,i2,steering,axillary_i,11,12,132,3
4774,720575941681678525,DNge093,steering_control,720575941465484566,1,720575941655597785,b2,steering,basalar,22,37,814,3
4775,720575941681678525,DNge093,steering_control,720575941572251144,1,720575941549822781,b1,steering,basalar,37,25,925,3
4776,720575941681678525,DNge093,steering_control,720575941572251144,1,720575941655597785,b2,steering,basalar,37,16,592,3
4777,720575941681678525,DNge093,steering_control,720575941630748859,1,720575941655597785,b2,steering,basalar,19,10,190,3
4778,720575941681678525,DNge093,steering_control,720575941630748859,1,720575941655597785,b2,steering,basalar,19,58,1102,3
4779,720575941414424977,DNp57,steering_control,720575941465484566,1,720575941655597785,b2,steering,basalar,12,37,444,3
4780,720575941414424977,DNp57,steering_control,720575941473850720,5,720575941479658831,hg2,steering,haltere,16,10,160,3
4781,720575941414424977,DNp57,steering_control,720575941473850720,5,720575941542412805,b3,steering,basalar,16,10,160,3
4782,720575941414424977,DNp57,steering_control,720575941473850720,5,720575941542412805,b3,steering,basalar,16,11,176,3
4783,720575941414424977,DNp57,steering_control,720575941477166622,5,720575941542412805,b3,steering,basalar,10,17,170,3
4784,720575941414424977,DNp57,steering_control,720575941477166622,5,720575941547315060,i1,steering,axillary_i,10,13,130,3
4785,720575941414424977,DNp57,steering_control,720575941572251144,1,720575941549822781,b1,steering,basalar,14,25,350,3
4786,720575941414424977,DNp57,steering_control,720575941572251144,1,720575941655597785,b2,steering,basalar,14,16,224,3
4787,720575941414424977,DNp57,steering_control,720575941572251144,1,720575941549822781,b1,steering,basalar,15,25,375,3
4788,720575941414424977,DNp57,steering_control,720575941572251144,1,720575941655597785,b2,steering,basalar,15,16,240,3
4789,720575941414424977,DNp57,steering_control,720575941601088441,5,720575941468897856,i1,steering,axillary_i,11,16,176,3
4790,720575941414424977,DNp57,steering_control,720575941601088441,5,720575941468897856,i1,steering,axillary_i,11,13,143,3
4791,720575941414424977,DNp57,steering_control,720575941601088441,5,720575941468897856,i1,steering,axillary_i,11,14,154,3
4792,720575941414424977,DNp57,steering_control,720575941601088441,5,720575941474574132,b3,steering,basalar,11,27,297,3
4793,720575941414424977,DNp57,steering_control,720575941601088441,5,720575941474574132,b3,steering,basalar,11,15,165,3
4794,720575941414424977,DNp57,steering_control,720575941601088441,5,720575941474574132,b3,steering,basalar,11,24,264,3
4795,720575941414424977,DNp57,steering_control,720575941601088441,5,720575941580669817,hg1,steering,haltere,11,10,110,3
4796,720575941491992807,DNg100,steering_control,720575941703131610,5,720575941547394081,i2,steering,axillary_i,78,10,780,3
4797,720575941455714541,DNb02,steering_control,720575941438938175,4,720575941456201887,hg1,steering,haltere,16,11,176,3
4798,720575941455714541,DNb02,steering_control,720575941438938175,4,720575941456201887,hg1,steering,haltere,16,16,256,3
4799,720575941455714541,DNb02,steering_control,720575941438938175,4,720575941479658831,hg2,steering,haltere,16,15,240,3
4800,720575941455714541,DNb02,steering_control,720575941438938175,4,720575941630940642,hg4,steering,haltere,16,19,304,3
4801,720575941455714541,DNb02,steering_control,720575941438938175,4,720575941732789547,hg2,steering,haltere,16,12,192,3
4802,720575941455714541,DNb02,steering_control,720575941438938175,4,720575941732789547,hg2,steering,haltere,16,18,288,3
4803,720575941455714541,DNb02,steering_control,720575941473384234,4,720575941513173763,hg4,steering,haltere,14,17,238,3
4804,720575941455714541,DNb02,steering_control,720575941486866640,4,720575941513173763,hg4,steering,haltere,20,15,300,3
4805,720575941455714541,DNb02,steering_control,720575941579868917,4,720575941630940642,hg4,steering,haltere,10,46,460,3
4806,720575941455714541,DNb02,steering_control,720575941579868917,4,720575941630940642,hg4,steering,haltere,10,33,330,3
4807,720575941455714541,DNb02,steering_control,720575941579868917,4,720575941630940642,hg4,steering,haltere,17,46,782,3
4808,720575941455714541,DNb02,steering_control,720575941579868917,4,720575941630940642,hg4,steering,haltere,17,33,561,3
4809,720575941555674340,DNg41,steering_control,720575941461246931,4,720575941630940642,hg4,steering,haltere,16,15,240,3
4810,720575941555674340,DNg41,steering_control,720575941483682813,4,720575941630940642,hg4,steering,haltere,17,17,289,3
4811,720575941555674340,DNg41,steering_control,720575941532476248,4,720575941459347411,iii4,steering,axillary_III,10,84,840,3
4812,720575941555674340,DNg41,steering_control,720575941532476248,4,720575941483845954,hg3,steering,haltere,10,37,370,3
4813,720575941555674340,DNg41,steering_control,720575941532476248,4,720575941630940642,hg4,steering,haltere,10,69,690,3
4814,720575941555674340,DNg41,steering_control,720575941532476248,4,720575941732789547,hg2,steering,haltere,10,22,220,3
4815,720575941555674340,DNg41,steering_control,720575941549403903,4,720575941630940642,hg4,steering,haltere,21,11,231,3
4816,720575941555674340,DNg41,steering_control,720575941549403903,4,720575941630940642,hg4,steering,haltere,21,14,294,3
4817,720575941555674340,DNg41,steering_control,720575941574155003,5,720575941472734048,DVM1A,power,DVM,12,13,156,3
4818,720575941555674340,DNg41,steering_control,720575941574155003,5,720575941474574132,b3,steering,basalar,12,13,156,3
4819,720575941555674340,DNg41,steering_control,720575941574155003,5,720575941603635190,DVM1A,power,DVM,12,12,144,3
4820,720575941505673566,DNg82,steering_control,720575941458334163,1,720575941624155644,b2,steering,basalar,12,14,168,3
4821,720575941505673566,DNg82,steering_control,720575941458334163,1,720575941624155644,b2,steering,basalar,12,50,600,3
4822,720575941505673566,DNg82,steering_control,720575941503451301,1,720575941624155644,b2,steering,basalar,33,44,1452,3
4823,720575941505673566,DNg82,steering_control,720575941557612915,1,720575941521196211,b1,steering,basalar,19,10,190,3
4824,720575941505673566,DNg82,steering_control,720575941557612915,1,720575941624155644,b2,steering,basalar,19,10,190,3
4825,720575941505673566,DNg82,steering_control,720575941668725169,4,720575941456201887,hg1,steering,haltere,12,11,132,3
4826,720575941505673566,DNg82,steering_control,720575941668725169,4,720575941479658831,hg2,steering,haltere,12,11,132,3
4827,720575941505673566,DNg82,steering_control,720575941668725169,4,720575941479658831,hg2,steering,haltere,12,27,324,3
4828,720575941505673566,DNg82,steering_control,720575941668725169,4,720575941479658831,hg2,steering,haltere,12,10,120,3
4829,720575941505673566,DNg82,steering_control,720575941668725169,4,720575941479658831,hg2,steering,haltere,12,16,192,3
4830,720575941505673566,DNg82,steering_control,720575941668725169,4,720575941479658831,hg2,steering,haltere,12,17,204,3
4831,720575941505673566,DNg82,steering_control,720575941668725169,4,720575941489673420,iii1,steering,axillary_III,12,10,120,3
4832,720575941505673566,DNg82,steering_control,720575941668725169,4,720575941580669817,hg1,steering,haltere,12,20,240,3
4833,720575941505673566,DNg82,steering_control,720575941668725169,4,720575941629172716,iii1,steering,axillary_III,12,12,144,3
4834,720575941505673566,DNg82,steering_control,720575941668725169,4,720575941732789547,hg2,steering,haltere,12,29,348,3
4835,720575941505673566,DNg82,steering_control,720575941668725169,4,720575941732789547,hg2,steering,haltere,12,37,444,3
4836,720575941505673566,DNg82,steering_control,720575941668725169,4,720575941732789547,hg2,steering,haltere,12,13,156,3
4837,720575941505673566,DNg82,steering_control,720575941668725169,4,720575941732789547,hg2,steering,haltere,12,23,276,3
4838,720575941514461772,DNp11,power_control,720575941457802480,2,720575941463144336,DLM1,power,DLM,16,11,176,3
4839,720575941514461772,DNp11,power_control,720575941457802480,2,720575941516770670,iii4,steering,axillary_III,16,26,416,3
4840,720575941514461772,DNp11,power_control,720575941457802480,2,720575941519783640,DLM1,power,DLM,16,11,176,3
4841,720575941514461772,DNp11,power_control,720575941457802480,2,720575941640465439,DLM1,power,DLM,16,17,272,3
4842,720575941514461772,DNp11,power_control,720575941457802480,2,720575941645403000,DLM1,power,DLM,16,13,208,3
4843,720575941514461772,DNp11,power_control,720575941457802480,2,720575941655597785,b2,steering,basalar,16,13,208,3
4844,720575941514461772,DNp11,power_control,720575941457802480,2,720575941655597785,b2,steering,basalar,16,10,160,3
4845,720575941514461772,DNp11,power_control,720575941457802480,2,720575941463144336,DLM1,power,DLM,15,11,165,3
4846,720575941514461772,DNp11,power_control,720575941457802480,2,720575941516770670,iii4,steering,axillary_III,15,26,390,3
4847,720575941514461772,DNp11,power_control,720575941457802480,2,720575941519783640,DLM1,power,DLM,15,11,165,3
4848,720575941514461772,DNp11,power_control,720575941457802480,2,720575941640465439,DLM1,power,DLM,15,17,255,3
4849,720575941514461772,DNp11,power_control,720575941457802480,2,720575941645403000,DLM1,power,DLM,15,13,195,3
4850,720575941514461772,DNp11,power_control,720575941457802480,2,720575941655597785,b2,steering,basalar,15,13,195,3
4851,720575941514461772,DNp11,power_control,720575941457802480,2,720575941655597785,b2,steering,basalar,15,10,150,3
4852,720575941514461772,DNp11,power_control,720575941457802480,2,720575941463144336,DLM1,power,DLM,16,11,176,3
4853,720575941514461772,DNp11,power_control,720575941457802480,2,720575941516770670,iii4,steering,axillary_III,16,26,416,3
4854,720575941514461772,DNp11,power_control,720575941457802480,2,720575941519783640,DLM1,power,DLM,16,11,176,3
4855,720575941514461772,DNp11,power_control,720575941457802480,2,720575941640465439,DLM1,power,DLM,16,17,272,3
4856,720575941514461772,DNp11,power_control,720575941457802480,2,720575941645403000,DLM1,power,DLM,16,13,208,3
4857,720575941514461772,DNp11,power_control,720575941457802480,2,720575941655597785,b2,steering,basalar,16,13,208,3
4858,720575941514461772,DNp11,power_control,720575941457802480,2,720575941655597785,b2,steering,basalar,16,10,160,3
4859,720575941514461772,DNp11,power_control,720575941474741819,2,720575941463144336,DLM1,power,DLM,27,13,351,3
4860,720575941514461772,DNp11,power_control,720575941474741819,2,720575941533190337,DLM1,power,DLM,27,18,486,3
4861,720575941514461772,DNp11,power_control,720575941474741819,2,720575941624155644,b2,steering,basalar,27,11,297,3
4862,720575941514461772,DNp11,power_control,720575941474741819,2,720575941655597785,b2,steering,basalar,27,22,594,3
4863,720575941626967865,DNge091,steering_control,720575941438938175,4,720575941456201887,hg1,steering,haltere,10,11,110,3
4864,720575941626967865,DNge091,steering_control,720575941438938175,4,720575941456201887,hg1,steering,haltere,10,16,160,3
4865,720575941626967865,DNge091,steering_control,720575941438938175,4,720575941479658831,hg2,steering,haltere,10,15,150,3
4866,720575941626967865,DNge091,steering_control,720575941438938175,4,720575941630940642,hg4,steering,haltere,10,19,190,3
4867,720575941626967865,DNge091,steering_control,720575941438938175,4,720575941732789547,hg2,steering,haltere,10,12,120,3
4868,720575941626967865,DNge091,steering_control,720575941438938175,4,720575941732789547,hg2,steering,haltere,10,18,180,3
4869,720575941626967865,DNge091,steering_control,720575941457797360,1,720575941456201887,hg1,steering,haltere,11,10,110,3
4870,720575941626967865,DNge091,steering_control,720575941457797360,1,720575941624155644,b2,steering,basalar,11,13,143,3
4871,720575941626967865,DNge091,steering_control,720575941457797360,1,720575941624155644,b2,steering,basalar,11,10,110,3
4872,720575941626967865,DNge091,steering_control,720575941457797360,1,720575941630940642,hg4,steering,haltere,11,24,264,3
4873,720575941626967865,DNge091,steering_control,720575941478092963,4,720575941456201887,hg1,steering,haltere,13,23,299,3
4874,720575941626967865,DNge091,steering_control,720575941478092963,4,720575941456201887,hg1,steering,haltere,13,19,247,3
4875,720575941626967865,DNge091,steering_control,720575941478092963,4,720575941456201887,hg1,steering,haltere,13,16,208,3
4876,720575941626967865,DNge091,steering_control,720575941478092963,4,720575941459347411,iii4,steering,axillary_III,13,20,260,3
4877,720575941626967865,DNge091,steering_control,720575941478092963,4,720575941459347411,iii4,steering,axillary_III,13,16,208,3
4878,720575941626967865,DNge091,steering_control,720575941478092963,4,720575941459347411,iii4,steering,axillary_III,13,19,247,3
4879,720575941626967865,DNge091,steering_control,720575941478092963,4,720575941624155644,b2,steering,basalar,13,11,143,3
4880,720575941626967865,DNge091,steering_control,720575941504039618,1,720575941456201887,hg1,steering,haltere,13,10,130,3
4881,720575941626967865,DNge091,steering_control,720575941504039618,1,720575941456201887,hg1,steering,haltere,13,17,221,3
4882,720575941626967865,DNge091,steering_control,720575941504039618,1,720575941456201887,hg1,steering,haltere,13,15,195,3
4883,720575941626967865,DNge091,steering_control,720575941504039618,1,720575941459347411,iii4,steering,axillary_III,13,11,143,3
4884,720575941626967865,DNge091,steering_control,720575941504039618,1,720575941459347411,iii4,steering,axillary_III,13,16,208,3
4885,720575941626967865,DNge091,steering_control,720575941504039618,1,720575941624155644,b2,steering,basalar,13,13,169,3
4886,720575941626967865,DNge091,steering_control,720575941504039618,1,720575941624155644,b2,steering,basalar,13,16,208,3
4887,720575941626967865,DNge091,steering_control,720575941504039618,1,720575941624155644,b2,steering,basalar,13,10,130,3
4888,720575941626967865,DNge091,steering_control,720575941508509569,4,720575941459347411,iii4,steering,axillary_III,11,14,154,3
4889,720575941626967865,DNge091,steering_control,720575941508509569,4,720575941459347411,iii4,steering,axillary_III,11,13,143,3
4890,720575941626967865,DNge091,steering_control,720575941508509569,4,720575941624155644,b2,steering,basalar,11,15,165,3
4891,720575941626967865,DNge091,steering_control,720575941508509569,4,720575941630940642,hg4,steering,haltere,11,13,143,3
4892,720575941626967865,DNge091,steering_control,720575941553338778,5,720575941542412805,b3,steering,basalar,16,20,320,3
4893,720575941626967865,DNge091,steering_control,720575941553338778,5,720575941542412805,b3,steering,basalar,16,66,1056,3
4894,720575941626967865,DNge091,steering_control,720575941553338778,5,720575941547315060,i1,steering,axillary_i,16,25,400,3
4895,720575941626967865,DNge091,steering_control,720575941553338778,5,720575941547315060,i1,steering,axillary_i,16,38,608,3
4896,720575941626967865,DNge091,steering_control,720575941553338778,5,720575941547315060,i1,steering,axillary_i,16,40,640,3
4897,720575941626967865,DNge091,steering_control,720575941553338778,5,720575941547394081,i2,steering,axillary_i,16,14,224,3
4898,720575941626967865,DNge091,steering_control,720575941553338778,5,720575941547394081,i2,steering,axillary_i,16,32,512,3
4899,720575941471127104,DNp53,steering_control,720575941476101937,4,720575941456201887,hg1,steering,haltere,10,13,130,3
4900,720575941471127104,DNp53,steering_control,720575941630301125,1,720575941549822781,b1,steering,basalar,11,13,143,3
4901,720575941471127104,DNp53,steering_control,720575941630301125,1,720575941655597785,b2,steering,basalar,11,10,110,3
4902,720575941471127104,DNp53,steering_control,720575941657718552,4,720575941516770670,iii4,steering,axillary_III,15,16,240,3
4903,720575941471127104,DNp53,steering_control,720575941657718552,4,720575941516770670,iii4,steering,axillary_III,37,16,592,3
4904,720575941629726246,DNp07,steering_control,720575941414508948,5,720575941560383347,DVM1A,power,DVM,10,10,100,3
4905,720575941629726246,DNp07,steering_control,720575941414508948,5,720575941560383347,DVM1A,power,DVM,20,10,200,3
4906,720575941629726246,DNp07,steering_control,720575941600259369,5,720575941560383347,DVM1A,power,DVM,13,16,208,3
4907,720575941629726246,DNp07,steering_control,720575941600259369,5,720575941565105206,DVM1A,power,DVM,13,12,156,3
4908,720575941629726246,DNp07,steering_control,720575941630933947,1,720575941624155644,b2,steering,basalar,13,10,130,3
4909,720575941629726246,DNp07,steering_control,720575941630933947,1,720575941655597785,b2,steering,basalar,13,19,247,3
4910,720575941629726246,DNp07,steering_control,720575941671138727,3,720575941479034563,DLM1,power,DLM,17,10,170,3
4911,720575941629726246,DNp07,steering_control,720575941671138727,3,720575941565105206,DVM1A,power,DVM,17,46,782,3
4912,720575941629726246,DNp07,steering_control,720575941671138727,3,720575941566847847,DVM1A,power,DVM,17,25,425,3
4913,720575941629726246,DNp07,steering_control,720575941671138727,3,720575941643100754,ps1,steering,pleurosternal,17,41,697,3
4914,720575941629726246,DNp07,steering_control,720575941671138727,3,720575941643100754,ps1,steering,pleurosternal,17,11,187,3
4915,720575941629726246,DNp07,steering_control,720575941671138727,3,720575941643100754,ps1,steering,pleurosternal,17,36,612,3
4916,720575941629726246,DNp07,steering_control,720575941671138727,3,720575941643100754,ps1,steering,pleurosternal,17,34,578,3
4917,720575941629726246,DNp07,steering_control,720575941671138727,3,720575941645041313,ps1,steering,pleurosternal,17,64,1088,3
4918,720575941629726246,DNp07,steering_control,720575941671138727,3,720575941645041313,ps1,steering,pleurosternal,17,24,408,3
4919,720575941629726246,DNp07,steering_control,720575941671138727,3,720575941645041313,ps1,steering,pleurosternal,17,157,2669,3
4920,720575941629726246,DNp07,steering_control,720575941671138727,3,720575941645403000,DLM1,power,DLM,17,23,391,3
4921,720575941503507435,DNp02,power_control,720575941411765140,5,720575941489673420,iii1,steering,axillary_III,10,11,110,3
4922,720575941503507435,DNp02,power_control,720575941430016905,4,720575941459347411,iii4,steering,axillary_III,13,15,195,3
4923,720575941503507435,DNp02,power_control,720575941430016905,4,720575941459347411,iii4,steering,axillary_III,13,14,182,3
4924,720575941503507435,DNp02,power_control,720575941430016905,4,720575941547315060,i1,steering,axillary_i,13,18,234,3
4925,720575941503507435,DNp02,power_control,720575941457802480,2,720575941463144336,DLM1,power,DLM,13,11,143,3
4926,720575941503507435,DNp02,power_control,720575941457802480,2,720575941516770670,iii4,steering,axillary_III,13,26,338,3
4927,720575941503507435,DNp02,power_control,720575941457802480,2,720575941519783640,DLM1,power,DLM,13,11,143,3
4928,720575941503507435,DNp02,power_control,720575941457802480,2,720575941640465439,DLM1,power,DLM,13,17,221,3
4929,720575941503507435,DNp02,power_control,720575941457802480,2,720575941645403000,DLM1,power,DLM,13,13,169,3
4930,720575941503507435,DNp02,power_control,720575941457802480,2,720575941655597785,b2,steering,basalar,13,13,169,3
4931,720575941503507435,DNp02,power_control,720575941457802480,2,720575941655597785,b2,steering,basalar,13,10,130,3
4932,720575941503507435,DNp02,power_control,720575941474741819,2,720575941463144336,DLM1,power,DLM,19,13,247,3
4933,720575941503507435,DNp02,power_control,720575941474741819,2,720575941533190337,DLM1,power,DLM,19,18,342,3
4934,720575941503507435,DNp02,power_control,720575941474741819,2,720575941624155644,b2,steering,basalar,19,11,209,3
4935,720575941503507435,DNp02,power_control,720575941474741819,2,720575941655597785,b2,steering,basalar,19,22,418,3
4936,720575941503507435,DNp02,power_control,720575941623972251,1,720575941459347411,iii4,steering,axillary_III,18,18,324,3
4937,720575941503507435,DNp02,power_control,720575941623972251,1,720575941459347411,iii4,steering,axillary_III,18,42,756,3
4938,720575941503507435,DNp02,power_control,720575941623972251,1,720575941624155644,b2,steering,basalar,18,12,216,3
4939,720575941503507435,DNp02,power_control,720575941623972251,1,720575941624155644,b2,steering,basalar,18,60,1080,3
4940,720575941595955569,DNp13,steering_control,720575941460571588,4,720575941456201887,hg1,steering,haltere,11,19,209,3
4941,720575941595955569,DNp13,steering_control,720575941460571588,4,720575941456201887,hg1,steering,haltere,11,25,275,3
4942,720575941595955569,DNp13,steering_control,720575941460571588,4,720575941468288375,hg3,steering,haltere,11,11,121,3
4943,720575941595955569,DNp13,steering_control,720575941460571588,4,720575941483845954,hg3,steering,haltere,11,13,143,3
4944,720575941595955569,DNp13,steering_control,720575941460571588,4,720575941483845954,hg3,steering,haltere,11,17,187,3
4945,720575941595955569,DNp13,steering_control,720575941460571588,4,720575941630940642,hg4,steering,haltere,11,41,451,3
4946,720575941595955569,DNp13,steering_control,720575941460571588,4,720575941630940642,hg4,steering,haltere,11,39,429,3
4947,720575941595955569,DNp13,steering_control,720575941533831194,1,720575941521196211,b1,steering,basalar,15,17,255,3
4948,720575941595955569,DNp13,steering_control,720575941533831194,1,720575941624155644,b2,steering,basalar,15,39,585,3
4949,720575941595955569,DNp13,steering_control,720575941567639922,1,720575941521196211,b1,steering,basalar,15,28,420,3
4950,720575941595955569,DNp13,steering_control,720575941567639922,1,720575941624155644,b2,steering,basalar,15,38,570,3
4951,720575941595955569,DNp13,steering_control,720575941596078961,1,720575941459347411,iii4,steering,axillary_III,12,10,120,3
4952,720575941595955569,DNp13,steering_control,720575941596078961,1,720575941483845954,hg3,steering,haltere,12,13,156,3
4953,720575941595955569,DNp13,steering_control,720575941596078961,1,720575941521196211,b1,steering,basalar,12,14,168,3
4954,720575941595955569,DNp13,steering_control,720575941596078961,1,720575941624155644,b2,steering,basalar,12,67,804,3
4955,720575941595955569,DNp13,steering_control,720575941631436780,4,720575941456201887,hg1,steering,haltere,20,26,520,3
4956,720575941595955569,DNp13,steering_control,720575941631436780,4,720575941456201887,hg1,steering,haltere,20,60,1200,3
4957,720575941595955569,DNp13,steering_control,720575941631436780,4,720575941459347411,iii4,steering,axillary_III,20,24,480,3
4958,720575941595955569,DNp13,steering_control,720575941631436780,4,720575941459347411,iii4,steering,axillary_III,20,65,1300,3
4959,720575941595955569,DNp13,steering_control,720575941631436780,4,720575941483845954,hg3,steering,haltere,20,16,320,3
4960,720575941595955569,DNp13,steering_control,720575941631436780,4,720575941483845954,hg3,steering,haltere,20,79,1580,3
4961,720575941595955569,DNp13,steering_control,720575941631436780,4,720575941630940642,hg4,steering,haltere,20,29,580,3
4962,720575941595955569,DNp13,steering_control,720575941631436780,4,720575941630940642,hg4,steering,haltere,20,96,1920,3
4963,720575941611791590,DNp06,steering_control,720575941457802480,2,720575941463144336,DLM1,power,DLM,13,11,143,3
4964,720575941611791590,DNp06,steering_control,720575941457802480,2,720575941516770670,iii4,steering,axillary_III,13,26,338,3
4965,720575941611791590,DNp06,steering_control,720575941457802480,2,720575941519783640,DLM1,power,DLM,13,11,143,3
4966,720575941611791590,DNp06,steering_control,720575941457802480,2,720575941640465439,DLM1,power,DLM,13,17,221,3
4967,720575941611791590,DNp06,steering_control,720575941457802480,2,720575941645403000,DLM1,power,DLM,13,13,169,3
4968,720575941611791590,DNp06,steering_control,720575941457802480,2,720575941655597785,b2,steering,basalar,13,13,169,3
4969,720575941611791590,DNp06,steering_control,720575941457802480,2,720575941655597785,b2,steering,basalar,13,10,130,3
4970,720575941611791590,DNp06,steering_control,720575941474741819,2,720575941463144336,DLM1,power,DLM,19,13,247,3
4971,720575941611791590,DNp06,steering_control,720575941474741819,2,720575941533190337,DLM1,power,DLM,19,18,342,3
4972,720575941611791590,DNp06,steering_control,720575941474741819,2,720575941624155644,b2,steering,basalar,19,11,209,3
4973,720575941611791590,DNp06,steering_control,720575941474741819,2,720575941655597785,b2,steering,basalar,19,22,418,3
4974,720575941611791590,DNp06,steering_control,720575941569652638,5,720575941565378919,iii3,steering,axillary_III,16,10,160,3
4975,720575941611791590,DNp06,steering_control,720575941615272601,5,720575941475745898,i2,steering,axillary_i,24,12,288,3
4976,720575941611791590,DNp06,steering_control,720575941615272601,5,720575941547394081,i2,steering,axillary_i,24,26,624,3
4977,720575941611791590,DNp06,steering_control,720575941615272601,5,720575941547394081,i2,steering,axillary_i,24,19,456,3
4978,720575941566556775,DNxn159,steering_control,720575941539355517,5,720575941475745898,i2,steering,axillary_i,30,16,480,3
4979,720575941566556775,DNxn159,steering_control,720575941539355517,5,720575941475745898,i2,steering,axillary_i,30,11,330,3
4980,720575941566556775,DNxn159,steering_control,720575941539355517,5,720575941547394081,i2,steering,axillary_i,30,17,510,3
4981,720575941566556775,DNxn159,steering_control,720575941615272601,5,720575941475745898,i2,steering,axillary_i,29,12,348,3
4982,720575941566556775,DNxn159,steering_control,720575941615272601,5,720575941547394081,i2,steering,axillary_i,29,26,754,3
4983,720575941566556775,DNxn159,steering_control,720575941615272601,5,720575941547394081,i2,steering,axillary_i,29,19,551,3
4984,720575941566556775,DNxn159,steering_control,720575941615272601,5,720575941475745898,i2,steering,axillary_i,11,12,132,3
4985,720575941566556775,DNxn159,steering_control,720575941615272601,5,720575941547394081,i2,steering,axillary_i,11,26,286,3
4986,720575941566556775,DNxn159,steering_control,720575941615272601,5,720575941547394081,i2,steering,axillary_i,11,19,209,3
4987,720575941657879576,DNp06,steering_control,720575941449245818,5,720575941475745898,i2,steering,axillary_i,17,13,221,3
4988,720575941657879576,DNp06,steering_control,720575941449245818,5,720575941547394081,i2,steering,axillary_i,17,11,187,3
4989,720575941657879576,DNp06,steering_control,720575941457802480,2,720575941463144336,DLM1,power,DLM,10,11,110,3
4990,720575941657879576,DNp06,steering_control,720575941457802480,2,720575941516770670,iii4,steering,axillary_III,10,26,260,3
4991,720575941657879576,DNp06,steering_control,720575941457802480,2,720575941519783640,DLM1,power,DLM,10,11,110,3
4992,720575941657879576,DNp06,steering_control,720575941457802480,2,720575941640465439,DLM1,power,DLM,10,17,170,3
4993,720575941657879576,DNp06,steering_control,720575941457802480,2,720575941645403000,DLM1,power,DLM,10,13,130,3
4994,720575941657879576,DNp06,steering_control,720575941457802480,2,720575941655597785,b2,steering,basalar,10,13,130,3
4995,720575941657879576,DNp06,steering_control,720575941457802480,2,720575941655597785,b2,steering,basalar,10,10,100,3
4996,720575941657879576,DNp06,steering_control,720575941474741819,2,720575941463144336,DLM1,power,DLM,19,13,247,3
4997,720575941657879576,DNp06,steering_control,720575941474741819,2,720575941533190337,DLM1,power,DLM,19,18,342,3
4998,720575941657879576,DNp06,steering_control,720575941474741819,2,720575941624155644,b2,steering,basalar,19,11,209,3
4999,720575941657879576,DNp06,steering_control,720575941474741819,2,720575941655597785,b2,steering,basalar,19,22,418,3
5000,720575941657879576,DNp06,steering_control,720575941488193481,5,720575941489673420,iii1,steering,axillary_III,11,12,132,3
5001,720575941657879576,DNp06,steering_control,720575941488193481,5,720575941489673420,iii1,steering,axillary_III,11,10,110,3
5002,720575941657879576,DNp06,steering_control,720575941488193481,5,720575941547394081,i2,steering,axillary_i,11,17,187,3
5003,720575941657879576,DNp06,steering_control,720575941539355517,5,720575941475745898,i2,steering,axillary_i,12,16,192,3
5004,720575941657879576,DNp06,steering_control,720575941539355517,5,720575941475745898,i2,steering,axillary_i,12,11,132,3
5005,720575941657879576,DNp06,steering_control,720575941539355517,5,720575941547394081,i2,steering,axillary_i,12,17,204,3
5006,720575941545312005,DNp22,steering_control,720575941601153270,5,720575941456201887,hg1,steering,haltere,14,10,140,3
5007,720575941545312005,DNp22,steering_control,720575941601153270,5,720575941542412805,b3,steering,basalar,14,13,182,3
5008,720575941545312005,DNp22,steering_control,720575941601153270,5,720575941542412805,b3,steering,basalar,14,22,308,3
5009,720575941545312005,DNp22,steering_control,720575941601153270,5,720575941547315060,i1,steering,axillary_i,14,11,154,3
5010,720575941545312005,DNp22,steering_control,720575941601153270,5,720575941547315060,i1,steering,axillary_i,14,16,224,3
5011,720575941545312005,DNp22,steering_control,720575941608991050,1,720575941521196211,b1,steering,basalar,14,31,434,3
5012,720575941545312005,DNp22,steering_control,720575941608991050,1,720575941624155644,b2,steering,basalar,14,29,406,3
5013,720575941545312005,DNp22,steering_control,720575941658602520,1,720575941624155644,b2,steering,basalar,13,10,130,3
5014,720575941545312005,DNp22,steering_control,720575941658602520,1,720575941624155644,b2,steering,basalar,12,10,120,3
5015,720575941545312005,DNp22,steering_control,720575941659696184,5,720575941542412805,b3,steering,basalar,16,23,368,3
5016,720575941545312005,DNp22,steering_control,720575941659696184,5,720575941542412805,b3,steering,basalar,16,33,528,3
5017,720575941545312005,DNp22,steering_control,720575941659696184,5,720575941547315060,i1,steering,axillary_i,16,12,192,3
5018,720575941545312005,DNp22,steering_control,720575941659696184,5,720575941547315060,i1,steering,axillary_i,16,23,368,3
5019,720575941612286428,DNut048,steering_control,720575941458334163,1,720575941624155644,b2,steering,basalar,12,14,168,3
5020,720575941612286428,DNut048,steering_control,720575941458334163,1,720575941624155644,b2,steering,basalar,12,50,600,3
5021,720575941612286428,DNut048,steering_control,720575941503451301,1,720575941624155644,b2,steering,basalar,13,44,572,3
5022,720575941612286428,DNut048,steering_control,720575941503451301,1,720575941624155644,b2,steering,basalar,10,44,440,3
5023,720575941612286428,DNut048,steering_control,720575941608991050,1,720575941521196211,b1,steering,basalar,23,31,713,3
5024,720575941612286428,DNut048,steering_control,720575941608991050,1,720575941624155644,b2,steering,basalar,23,29,667,3
5025,720575941612286428,DNut048,steering_control,720575941608991050,1,720575941521196211,b1,steering,basalar,11,31,341,3
5026,720575941612286428,DNut048,steering_control,720575941608991050,1,720575941624155644,b2,steering,basalar,11,29,319,3
5027,720575941477013825,DNg04,steering_control,720575941438938175,4,720575941456201887,hg1,steering,haltere,19,11,209,3
5028,720575941477013825,DNg04,steering_control,720575941438938175,4,720575941456201887,hg1,steering,haltere,19,16,304,3
5029,720575941477013825,DNg04,steering_control,720575941438938175,4,720575941479658831,hg2,steering,haltere,19,15,285,3
5030,720575941477013825,DNg04,steering_control,720575941438938175,4,720575941630940642,hg4,steering,haltere,19,19,361,3
5031,720575941477013825,DNg04,steering_control,720575941438938175,4,720575941732789547,hg2,steering,haltere,19,12,228,3
5032,720575941477013825,DNg04,steering_control,720575941438938175,4,720575941732789547,hg2,steering,haltere,19,18,342,3
5033,720575941477013825,DNg04,steering_control,720575941611080010,5,720575941458961604,iii3,steering,axillary_III,31,13,403,3
5034,720575941477013825,DNg04,steering_control,720575941611080010,5,720575941565378919,iii3,steering,axillary_III,31,231,7161,3
5035,720575941477013825,DNg04,steering_control,720575941611080010,5,720575941565378919,iii3,steering,axillary_III,31,11,341,3
5036,720575941477013825,DNg04,steering_control,720575941611080010,5,720575941565378919,iii3,steering,axillary_III,31,46,1426,3
5037,720575941477013825,DNg04,steering_control,720575941678358973,5,720575941458961604,iii3,steering,axillary_III,18,32,576,3
5038,720575941477013825,DNg04,steering_control,720575941678358973,5,720575941458961604,iii3,steering,axillary_III,18,14,252,3
5039,720575941563183016,DNg74,steering_control,720575941438748351,1,720575941521196211,b1,steering,basalar,14,18,252,3
5040,720575941563183016,DNg74,steering_control,720575941438748351,1,720575941624155644,b2,steering,basalar,14,11,154,3
5041,720575941563183016,DNg74,steering_control,720575941438748351,1,720575941624155644,b2,steering,basalar,14,82,1148,3
5042,720575941563183016,DNg74,steering_control,720575941442357674,4,720575941630940642,hg4,steering,haltere,18,16,288,3
5043,720575941563183016,DNg74,steering_control,720575941630302405,1,720575941459347411,iii4,steering,axillary_III,15,14,210,3
5044,720575941563183016,DNg74,steering_control,720575941630302405,1,720575941521196211,b1,steering,basalar,15,13,195,3
5045,720575941563183016,DNg74,steering_control,720575941630302405,1,720575941624155644,b2,steering,basalar,15,13,195,3
5046,720575941563183016,DNg74,steering_control,720575941630302405,1,720575941624155644,b2,steering,basalar,15,56,840,3
5047,720575941563183016,DNg74,steering_control,720575941630302405,1,720575941459347411,iii4,steering,axillary_III,11,14,154,3
5048,720575941563183016,DNg74,steering_control,720575941630302405,1,720575941521196211,b1,steering,basalar,11,13,143,3
5049,720575941563183016,DNg74,steering_control,720575941630302405,1,720575941624155644,b2,steering,basalar,11,13,143,3
5050,720575941563183016,DNg74,steering_control,720575941630302405,1,720575941624155644,b2,steering,basalar,11,56,616,3
5051,720575941563183016,DNg74,steering_control,720575941630302405,1,720575941459347411,iii4,steering,axillary_III,10,14,140,3
5052,720575941563183016,DNg74,steering_control,720575941630302405,1,720575941521196211,b1,steering,basalar,10,13,130,3
5053,720575941563183016,DNg74,steering_control,720575941630302405,1,720575941624155644,b2,steering,basalar,10,13,130,3
5054,720575941563183016,DNg74,steering_control,720575941630302405,1,720575941624155644,b2,steering,basalar,10,56,560,3
5055,720575941652815857,DNb03,steering_control,720575941483682813,4,720575941630940642,hg4,steering,haltere,32,17,544,3
5056,720575941652815857,DNb03,steering_control,720575941547178164,5,720575941566847847,DVM1A,power,DVM,14,10,140,3
5057,720575941652815857,DNb03,steering_control,720575941561870592,5,720575941565378919,iii3,steering,axillary_III,21,14,294,3
5058,720575941536972018,DNg32,steering_control,720575941428210424,1,720575941549822781,b1,steering,basalar,10,14,140,3
5059,720575941536972018,DNg32,steering_control,720575941428210424,1,720575941655597785,b2,steering,basalar,10,14,140,3
5060,720575941536972018,DNg32,steering_control,720575941592154582,1,720575941549822781,b1,steering,basalar,20,11,220,3
5061,720575941536972018,DNg32,steering_control,720575941592154582,1,720575941549822781,b1,steering,basalar,20,11,220,3
5062,720575941536972018,DNg32,steering_control,720575941614850517,5,720575941468897856,i1,steering,axillary_i,27,100,2700,3
5063,720575941536972018,DNg32,steering_control,720575941614850517,5,720575941468897856,i1,steering,axillary_i,27,14,378,3
5064,720575941536972018,DNg32,steering_control,720575941614850517,5,720575941474574132,b3,steering,basalar,27,148,3996,3
5065,720575941536972018,DNg32,steering_control,720575941614850517,5,720575941474574132,b3,steering,basalar,27,10,270,3
5066,720575941536972018,DNg32,steering_control,720575941614850517,5,720575941474574132,b3,steering,basalar,27,30,810,3
5067,720575941536972018,DNg32,steering_control,720575941614850517,5,720575941475745898,i2,steering,axillary_i,27,11,297,3
5068,720575941536972018,DNg32,steering_control,720575941614850517,5,720575941468897856,i1,steering,axillary_i,10,100,1000,3
5069,720575941536972018,DNg32,steering_control,720575941614850517,5,720575941468897856,i1,steering,axillary_i,10,14,140,3
5070,720575941536972018,DNg32,steering_control,720575941614850517,5,720575941474574132,b3,steering,basalar,10,148,1480,3
5071,720575941536972018,DNg32,steering_control,720575941614850517,5,720575941474574132,b3,steering,basalar,10,10,100,3
5072,720575941536972018,DNg32,steering_control,720575941614850517,5,720575941474574132,b3,steering,basalar,10,30,300,3
5073,720575941536972018,DNg32,steering_control,720575941614850517,5,720575941475745898,i2,steering,axillary_i,10,11,110,3
5074,720575941514949881,DNnt017,steering_control,720575941579868917,4,720575941630940642,hg4,steering,haltere,67,46,3082,3
5075,720575941514949881,DNnt017,steering_control,720575941579868917,4,720575941630940642,hg4,steering,haltere,67,33,2211,3
5076,720575941554952858,DNge053,steering_control,720575941535047690,5,720575941489673420,iii1,steering,axillary_III,16,19,304,3
5077,720575941554952858,DNge053,steering_control,720575941535047690,5,720575941629172716,iii1,steering,axillary_III,16,13,208,3
5078,720575941554952858,DNge053,steering_control,720575941535047690,5,720575941629172716,iii1,steering,axillary_III,16,25,400,3
5079,720575941554952858,DNge053,steering_control,720575941537501160,5,720575941489673420,iii1,steering,axillary_III,33,15,495,3
5080,720575941554952858,DNge053,steering_control,720575941537501160,5,720575941629172716,iii1,steering,axillary_III,33,12,396,3
5081,720575941554952858,DNge053,steering_control,720575941579027321,5,720575941475745898,i2,steering,axillary_i,15,11,165,3
5082,720575941433654048,DNge175,steering_control,720575941458334163,1,720575941624155644,b2,steering,basalar,11,14,154,3
5083,720575941433654048,DNge175,steering_control,720575941458334163,1,720575941624155644,b2,steering,basalar,11,50,550,3
5084,720575941433654048,DNge175,steering_control,720575941503451301,1,720575941624155644,b2,steering,basalar,12,44,528,3
5085,720575941433654048,DNge175,steering_control,720575941557612915,1,720575941521196211,b1,steering,basalar,12,10,120,3
5086,720575941433654048,DNge175,steering_control,720575941557612915,1,720575941624155644,b2,steering,basalar,12,10,120,3
5087,720575941433654048,DNge175,steering_control,720575941557612915,1,720575941521196211,b1,steering,basalar,15,10,150,3
5088,720575941433654048,DNge175,steering_control,720575941557612915,1,720575941624155644,b2,steering,basalar,15,10,150,3
5089,720575941433654048,DNge175,steering_control,720575941608991050,1,720575941521196211,b1,steering,basalar,14,31,434,3
5090,720575941433654048,DNge175,steering_control,720575941608991050,1,720575941624155644,b2,steering,basalar,14,29,406,3
5091,720575941535140362,DNg15,steering_control,720575941411765140,5,720575941489673420,iii1,steering,axillary_III,10,11,110,3
5092,720575941535140362,DNg15,steering_control,720575941449617230,3,720575941643100754,ps1,steering,pleurosternal,13,10,130,3
5093,720575941535140362,DNg15,steering_control,720575941564059399,4,720575941468288375,hg3,steering,haltere,10,19,190,3
5094,720575941535140362,DNg15,steering_control,720575941564059399,4,720575941513173763,hg4,steering,haltere,10,17,170,3
5095,720575941535140362,DNg15,steering_control,720575941564059399,4,720575941516770670,iii4,steering,axillary_III,10,17,170,3
5096,720575941535140362,DNg15,steering_control,720575941564059399,4,720575941516770670,iii4,steering,axillary_III,10,20,200,3
5097,720575941535140362,DNg15,steering_control,720575941564059399,4,720575941549822781,b1,steering,basalar,10,10,100,3
5098,720575941535140362,DNg15,steering_control,720575941564059399,4,720575941580669817,hg1,steering,haltere,10,11,110,3
5099,720575941535140362,DNg15,steering_control,720575941564059399,4,720575941580669817,hg1,steering,haltere,10,19,190,3
5100,720575941535140362,DNg15,steering_control,720575941564059399,4,720575941580669817,hg1,steering,haltere,10,62,620,3
5101,720575941535140362,DNg15,steering_control,720575941564059399,4,720575941655597785,b2,steering,basalar,10,11,110,3
5102,720575941535140362,DNg15,steering_control,720575941564059399,4,720575941655597785,b2,steering,basalar,10,18,180,3
5103,720575941535140362,DNg15,steering_control,720575941564059399,4,720575941655597785,b2,steering,basalar,10,19,190,3
5104,720575941535140362,DNg15,steering_control,720575941583588830,1,720575941479658831,hg2,steering,haltere,10,10,100,3
5105,720575941535140362,DNg15,steering_control,720575941583588830,1,720575941513173763,hg4,steering,haltere,10,12,120,3
5106,720575941535140362,DNg15,steering_control,720575941583588830,1,720575941549822781,b1,steering,basalar,10,13,130,3
5107,720575941535140362,DNg15,steering_control,720575941583588830,1,720575941580669817,hg1,steering,haltere,10,25,250,3
5108,720575941535140362,DNg15,steering_control,720575941583588830,1,720575941580669817,hg1,steering,haltere,10,37,370,3
5109,720575941535140362,DNg15,steering_control,720575941583588830,1,720575941655597785,b2,steering,basalar,10,19,190,3
5110,720575941535140362,DNg15,steering_control,720575941583588830,1,720575941655597785,b2,steering,basalar,10,13,130,3
5111,720575941535140362,DNg15,steering_control,720575941625963419,4,720575941516770670,iii4,steering,axillary_III,11,18,198,3
5112,720575941535140362,DNg15,steering_control,720575941625963419,4,720575941516770670,iii4,steering,axillary_III,11,33,363,3
5113,720575941535140362,DNg15,steering_control,720575941625963419,4,720575941580669817,hg1,steering,haltere,11,14,154,3
5114,720575941535140362,DNg15,steering_control,720575941625963419,4,720575941643100754,ps1,steering,pleurosternal,11,12,132,3
5115,720575941535140362,DNg15,steering_control,720575941632901829,5,720575941475745898,i2,steering,axillary_i,10,10,100,3
5116,720575941535140362,DNg15,steering_control,720575941632901829,5,720575941629172716,iii1,steering,axillary_III,10,15,150,3
5117,720575941535140362,DNg15,steering_control,720575941632901829,5,720575941629172716,iii1,steering,axillary_III,10,13,130,3
5118,720575941535140362,DNg15,steering_control,720575941632901829,5,720575941629172716,iii1,steering,axillary_III,10,28,280,3
5119,720575941563391383,DNg82,steering_control,720575941465484566,1,720575941655597785,b2,steering,basalar,17,37,629,3
5120,720575941563391383,DNg82,steering_control,720575941465484566,1,720575941655597785,b2,steering,basalar,14,37,518,3
5121,720575941563391383,DNg82,steering_control,720575941572251144,1,720575941549822781,b1,steering,basalar,11,25,275,3
5122,720575941563391383,DNg82,steering_control,720575941572251144,1,720575941655597785,b2,steering,basalar,11,16,176,3
5123,720575941563391383,DNg82,steering_control,720575941630748859,1,720575941655597785,b2,steering,basalar,21,10,210,3
5124,720575941563391383,DNg82,steering_control,720575941630748859,1,720575941655597785,b2,steering,basalar,21,58,1218,3
5125,720575941519463278,DNg108,steering_control,720575941442357674,4,720575941630940642,hg4,steering,haltere,42,16,672,3
5126,720575941519463278,DNg108,steering_control,720575941572737679,4,720575941630940642,hg4,steering,haltere,21,12,252,3
5127,720575941550794751,DNg36,steering_control,720575941438938175,4,720575941456201887,hg1,steering,haltere,40,11,440,3
5128,720575941550794751,DNg36,steering_control,720575941438938175,4,720575941456201887,hg1,steering,haltere,40,16,640,3
5129,720575941550794751,DNg36,steering_control,720575941438938175,4,720575941479658831,hg2,steering,haltere,40,15,600,3
5130,720575941550794751,DNg36,steering_control,720575941438938175,4,720575941630940642,hg4,steering,haltere,40,19,760,3
5131,720575941550794751,DNg36,steering_control,720575941438938175,4,720575941732789547,hg2,steering,haltere,40,12,480,3
5132,720575941550794751,DNg36,steering_control,720575941438938175,4,720575941732789547,hg2,steering,haltere,40,18,720,3
5133,720575941550794751,DNg36,steering_control,720575941506644540,1,720575941459347411,iii4,steering,axillary_III,22,12,264,3
5134,720575941550794751,DNg36,steering_control,720575941506644540,1,720575941624155644,b2,steering,basalar,22,12,264,3
5135,720575941504810290,DNg90,steering_control,720575941491175399,4,720575941516770670,iii4,steering,axillary_III,61,20,1220,3
5136,720575941548169608,DNp51,steering_control,720575941526847910,4,720575941580669817,hg1,steering,haltere,11,10,110,3
5137,720575941548169608,DNp51,steering_control,720575941526847910,4,720575941580669817,hg1,steering,haltere,11,12,132,3
5138,720575941548169608,DNp51,steering_control,720575941546491681,5,720575941456201887,hg1,steering,haltere,13,11,143,3
5139,720575941548169608,DNp51,steering_control,720575941546491681,5,720575941542412805,b3,steering,basalar,13,25,325,3
5140,720575941548169608,DNp51,steering_control,720575941546491681,5,720575941542412805,b3,steering,basalar,13,13,169,3
5141,720575941548169608,DNp51,steering_control,720575941546491681,5,720575941542412805,b3,steering,basalar,13,24,312,3
5142,720575941548169608,DNp51,steering_control,720575941546491681,5,720575941547315060,i1,steering,axillary_i,13,10,130,3
5143,720575941548169608,DNp51,steering_control,720575941546491681,5,720575941547315060,i1,steering,axillary_i,13,13,169,3
5144,720575941548169608,DNp51,steering_control,720575941546491681,5,720575941547315060,i1,steering,axillary_i,13,23,299,3
5145,720575941548169608,DNp51,steering_control,720575941557612915,1,720575941521196211,b1,steering,basalar,20,10,200,3
5146,720575941548169608,DNp51,steering_control,720575941557612915,1,720575941624155644,b2,steering,basalar,20,10,200,3
5147,720575941548169608,DNp51,steering_control,720575941608991050,1,720575941521196211,b1,steering,basalar,15,31,465,3
5148,720575941548169608,DNp51,steering_control,720575941608991050,1,720575941624155644,b2,steering,basalar,15,29,435,3
5149,720575941449983581,DNg15,steering_control,720575941411765140,5,720575941489673420,iii1,steering,axillary_III,17,11,187,3
5150,720575941449983581,DNg15,steering_control,720575941437525589,3,720575941516770670,iii4,steering,axillary_III,11,10,110,3
5151,720575941449983581,DNg15,steering_control,720575941437525589,3,720575941643100754,ps1,steering,pleurosternal,11,13,143,3
5152,720575941449983581,DNg15,steering_control,720575941437525589,3,720575941643100754,ps1,steering,pleurosternal,11,15,165,3
5153,720575941449983581,DNg15,steering_control,720575941437525589,3,720575941516770670,iii4,steering,axillary_III,11,10,110,3
5154,720575941449983581,DNg15,steering_control,720575941437525589,3,720575941643100754,ps1,steering,pleurosternal,11,13,143,3
5155,720575941449983581,DNg15,steering_control,720575941437525589,3,720575941643100754,ps1,steering,pleurosternal,11,15,165,3
5156,720575941449983581,DNg15,steering_control,720575941579072889,1,720575941459347411,iii4,steering,axillary_III,19,10,190,3
5157,720575941449983581,DNg15,steering_control,720575941579072889,1,720575941513173763,hg4,steering,haltere,19,13,247,3
5158,720575941449983581,DNg15,steering_control,720575941579072889,1,720575941655597785,b2,steering,basalar,19,17,323,3
5159,720575941565245794,DNxn151,steering_control,720575941474935105,5,720575941629172716,iii1,steering,axillary_III,15,23,345,3
5160,720575941565245794,DNxn151,steering_control,720575941474935105,5,720575941629172716,iii1,steering,axillary_III,15,26,390,3
5161,720575941565245794,DNxn151,steering_control,720575941513220601,3,720575941507955269,DLM1,power,DLM,11,10,110,3
5162,720575941565245794,DNxn151,steering_control,720575941513220601,3,720575941519783640,DLM1,power,DLM,11,15,165,3
5163,720575941565245794,DNxn151,steering_control,720575941513220601,3,720575941643100754,ps1,steering,pleurosternal,11,10,110,3
5164,720575941565245794,DNxn151,steering_control,720575941513220601,3,720575941643100754,ps1,steering,pleurosternal,11,14,154,3
5165,720575941565245794,DNxn151,steering_control,720575941521069751,4,720575941456201887,hg1,steering,haltere,13,11,143,3
5166,720575941565245794,DNxn151,steering_control,720575941521069751,4,720575941456201887,hg1,steering,haltere,13,32,416,3
5167,720575941565245794,DNxn151,steering_control,720575941521069751,4,720575941459347411,iii4,steering,axillary_III,13,11,143,3
5168,720575941565245794,DNxn151,steering_control,720575941521069751,4,720575941459347411,iii4,steering,axillary_III,13,11,143,3
5169,720575941565245794,DNxn151,steering_control,720575941521069751,4,720575941459347411,iii4,steering,axillary_III,13,45,585,3
5170,720575941565245794,DNxn151,steering_control,720575941521069751,4,720575941479658831,hg2,steering,haltere,13,14,182,3
5171,720575941565245794,DNxn151,steering_control,720575941521069751,4,720575941645041313,ps1,steering,pleurosternal,13,14,182,3
5172,720575941565245794,DNxn151,steering_control,720575941521069751,4,720575941732789547,hg2,steering,haltere,13,14,182,3
5173,720575941565245794,DNxn151,steering_control,720575941579072889,1,720575941459347411,iii4,steering,axillary_III,19,10,190,3
5174,720575941565245794,DNxn151,steering_control,720575941579072889,1,720575941513173763,hg4,steering,haltere,19,13,247,3
5175,720575941565245794,DNxn151,steering_control,720575941579072889,1,720575941655597785,b2,steering,basalar,19,17,323,3
5176,720575941531996645,DNpe042,steering_control,720575941521031927,5,720575941474574132,b3,steering,basalar,10,23,230,3
5177,720575941531996645,DNpe042,steering_control,720575941523074379,5,720575941474574132,b3,steering,basalar,36,10,360,3
5178,720575941531996645,DNpe042,steering_control,720575941545471593,5,720575941542412805,b3,steering,basalar,11,13,143,3
5179,720575941601731769,DNxn118,steering_control,720575941464073558,5,720575941468897856,i1,steering,axillary_i,13,19,247,3
5180,720575941601731769,DNxn118,steering_control,720575941464073558,5,720575941468897856,i1,steering,axillary_i,13,15,195,3
5181,720575941601731769,DNxn118,steering_control,720575941464073558,5,720575941468897856,i1,steering,axillary_i,13,23,299,3
5182,720575941601731769,DNxn118,steering_control,720575941464073558,5,720575941474574132,b3,steering,basalar,13,13,169,3
5183,720575941601731769,DNxn118,steering_control,720575941464073558,5,720575941474574132,b3,steering,basalar,13,23,299,3
5184,720575941601731769,DNxn118,steering_control,720575941464073558,5,720575941474574132,b3,steering,basalar,13,27,351,3
5185,720575941601731769,DNxn118,steering_control,720575941465484566,1,720575941655597785,b2,steering,basalar,21,37,777,3
5186,720575941601731769,DNxn118,steering_control,720575941572251144,1,720575941549822781,b1,steering,basalar,23,25,575,3
5187,720575941601731769,DNxn118,steering_control,720575941572251144,1,720575941655597785,b2,steering,basalar,23,16,368,3
5188,720575941476852254,DNg62,steering_control,720575941703131610,5,720575941547394081,i2,steering,axillary_i,57,10,570,3
5189,720575941480784258,DNp43,steering_control,720575941441993167,3,720575941459347411,iii4,steering,axillary_III,22,25,550,3
5190,720575941480784258,DNp43,steering_control,720575941441993167,3,720575941533190337,DLM1,power,DLM,22,11,242,3
5191,720575941480784258,DNp43,steering_control,720575941441993167,3,720575941643100754,ps1,steering,pleurosternal,22,22,484,3
5192,720575941480784258,DNp43,steering_control,720575941441993167,3,720575941643100754,ps1,steering,pleurosternal,22,52,1144,3
5193,720575941480784258,DNp43,steering_control,720575941441993167,3,720575941643100754,ps1,steering,pleurosternal,22,19,418,3
5194,720575941480784258,DNp43,steering_control,720575941441993167,3,720575941645041313,ps1,steering,pleurosternal,22,13,286,3
5195,720575941480784258,DNp43,steering_control,720575941441993167,3,720575941645041313,ps1,steering,pleurosternal,22,20,440,3
5196,720575941480784258,DNp43,steering_control,720575941441993167,3,720575941459347411,iii4,steering,axillary_III,11,25,275,3
5197,720575941480784258,DNp43,steering_control,720575941441993167,3,720575941533190337,DLM1,power,DLM,11,11,121,3
5198,720575941480784258,DNp43,steering_control,720575941441993167,3,720575941643100754,ps1,steering,pleurosternal,11,22,242,3
5199,720575941480784258,DNp43,steering_control,720575941441993167,3,720575941643100754,ps1,steering,pleurosternal,11,52,572,3
5200,720575941480784258,DNp43,steering_control,720575941441993167,3,720575941643100754,ps1,steering,pleurosternal,11,19,209,3
5201,720575941480784258,DNp43,steering_control,720575941441993167,3,720575941645041313,ps1,steering,pleurosternal,11,13,143,3
5202,720575941480784258,DNp43,steering_control,720575941441993167,3,720575941645041313,ps1,steering,pleurosternal,11,20,220,3
5203,720575941480784258,DNp43,steering_control,720575941487877328,1,720575941655597785,b2,steering,basalar,12,13,156,3
5204,720575941480784258,DNp43,steering_control,720575941623972251,1,720575941459347411,iii4,steering,axillary_III,11,18,198,3
5205,720575941480784258,DNp43,steering_control,720575941623972251,1,720575941459347411,iii4,steering,axillary_III,11,42,462,3
5206,720575941480784258,DNp43,steering_control,720575941623972251,1,720575941624155644,b2,steering,basalar,11,12,132,3
5207,720575941480784258,DNp43,steering_control,720575941623972251,1,720575941624155644,b2,steering,basalar,11,60,660,3
5208,720575941536301288,DNb02,steering_control,720575941438938175,4,720575941456201887,hg1,steering,haltere,15,11,165,3
5209,720575941536301288,DNb02,steering_control,720575941438938175,4,720575941456201887,hg1,steering,haltere,15,16,240,3
5210,720575941536301288,DNb02,steering_control,720575941438938175,4,720575941479658831,hg2,steering,haltere,15,15,225,3
5211,720575941536301288,DNb02,steering_control,720575941438938175,4,720575941630940642,hg4,steering,haltere,15,19,285,3
5212,720575941536301288,DNb02,steering_control,720575941438938175,4,720575941732789547,hg2,steering,haltere,15,12,180,3
5213,720575941536301288,DNb02,steering_control,720575941438938175,4,720575941732789547,hg2,steering,haltere,15,18,270,3
5214,720575941536301288,DNb02,steering_control,720575941486866640,4,720575941513173763,hg4,steering,haltere,16,15,240,3
5215,720575941536301288,DNb02,steering_control,720575941579868917,4,720575941630940642,hg4,steering,haltere,10,46,460,3
5216,720575941536301288,DNb02,steering_control,720575941579868917,4,720575941630940642,hg4,steering,haltere,10,33,330,3
5217,720575941536301288,DNb02,steering_control,720575941611080010,5,720575941458961604,iii3,steering,axillary_III,15,13,195,3
5218,720575941536301288,DNb02,steering_control,720575941611080010,5,720575941565378919,iii3,steering,axillary_III,15,231,3465,3
5219,720575941536301288,DNb02,steering_control,720575941611080010,5,720575941565378919,iii3,steering,axillary_III,15,11,165,3
5220,720575941536301288,DNb02,steering_control,720575941611080010,5,720575941565378919,iii3,steering,axillary_III,15,46,690,3
5221,720575941483554189,DNut050,steering_control,720575941465484566,1,720575941655597785,b2,steering,basalar,19,37,703,3
5222,720575941483554189,DNut050,steering_control,720575941572251144,1,720575941549822781,b1,steering,basalar,13,25,325,3
5223,720575941483554189,DNut050,steering_control,720575941572251144,1,720575941655597785,b2,steering,basalar,13,16,208,3
5224,720575941483554189,DNut050,steering_control,720575941572251144,1,720575941549822781,b1,steering,basalar,13,25,325,3
5225,720575941483554189,DNut050,steering_control,720575941572251144,1,720575941655597785,b2,steering,basalar,13,16,208,3
5226,720575941483554189,DNut050,steering_control,720575941630748859,1,720575941655597785,b2,steering,basalar,10,10,100,3
5227,720575941483554189,DNut050,steering_control,720575941630748859,1,720575941655597785,b2,steering,basalar,10,58,580,3
5228,720575941551948543,DNp63,steering_control,720575941526701412,3,720575941630940642,hg4,steering,haltere,11,12,132,3
5229,720575941551948543,DNp63,steering_control,720575941526701412,3,720575941645041313,ps1,steering,pleurosternal,11,11,121,3
5230,720575941551948543,DNp63,steering_control,720575941526701412,3,720575941732789547,hg2,steering,haltere,11,14,154,3
5231,720575941551948543,DNp63,steering_control,720575941623108298,3,720575941463144336,DLM1,power,DLM,18,10,180,3
5232,720575941551948543,DNp63,steering_control,720575941623108298,3,720575941472734048,DVM1A,power,DVM,18,13,234,3
5233,720575941551948543,DNp63,steering_control,720575941623108298,3,720575941472734048,DVM1A,power,DVM,18,39,702,3
5234,720575941551948543,DNp63,steering_control,720575941623108298,3,720575941479034563,DLM1,power,DLM,18,15,270,3
5235,720575941551948543,DNp63,steering_control,720575941623108298,3,720575941487139138,DVM3A,power,DVM,18,14,252,3
5236,720575941551948543,DNp63,steering_control,720575941623108298,3,720575941530190027,DVM2A,power,DVM,18,11,198,3
5237,720575941551948543,DNp63,steering_control,720575941623108298,3,720575941597489344,DVM1A,power,DVM,18,20,360,3
5238,720575941551948543,DNp63,steering_control,720575941623108298,3,720575941603635190,DVM1A,power,DVM,18,32,576,3
5239,720575941551948543,DNp63,steering_control,720575941623108298,3,720575941624985226,DVM2A,power,DVM,18,11,198,3
5240,720575941551948543,DNp63,steering_control,720575941623108298,3,720575941643100754,ps1,steering,pleurosternal,18,20,360,3
5241,720575941551948543,DNp63,steering_control,720575941623108298,3,720575941643100754,ps1,steering,pleurosternal,18,96,1728,3
5242,720575941551948543,DNp63,steering_control,720575941623108298,3,720575941643100754,ps1,steering,pleurosternal,18,11,198,3
5243,720575941551948543,DNp63,steering_control,720575941623108298,3,720575941643100754,ps1,steering,pleurosternal,18,182,3276,3
5244,720575941551948543,DNp63,steering_control,720575941623108298,3,720575941643100754,ps1,steering,pleurosternal,18,20,360,3
5245,720575941551948543,DNp63,steering_control,720575941623108298,3,720575941645041313,ps1,steering,pleurosternal,18,26,468,3
5246,720575941551948543,DNp63,steering_control,720575941623108298,3,720575941645041313,ps1,steering,pleurosternal,18,52,936,3
5247,720575941551948543,DNp63,steering_control,720575941623108298,3,720575941645041313,ps1,steering,pleurosternal,18,21,378,3
5248,720575941551948543,DNp63,steering_control,720575941623108298,3,720575941645041313,ps1,steering,pleurosternal,18,16,288,3
5249,720575941551948543,DNp63,steering_control,720575941623108298,3,720575941645041313,ps1,steering,pleurosternal,18,47,846,3
5250,720575941551948543,DNp63,steering_control,720575941623108298,3,720575941645403000,DLM1,power,DLM,18,11,198,3
5251,720575941551948543,DNp63,steering_control,720575941623108298,3,720575941463144336,DLM1,power,DLM,15,10,150,3
5252,720575941551948543,DNp63,steering_control,720575941623108298,3,720575941472734048,DVM1A,power,DVM,15,13,195,3
5253,720575941551948543,DNp63,steering_control,720575941623108298,3,720575941472734048,DVM1A,power,DVM,15,39,585,3
5254,720575941551948543,DNp63,steering_control,720575941623108298,3,720575941479034563,DLM1,power,DLM,15,15,225,3
5255,720575941551948543,DNp63,steering_control,720575941623108298,3,720575941487139138,DVM3A,power,DVM,15,14,210,3
5256,720575941551948543,DNp63,steering_control,720575941623108298,3,720575941530190027,DVM2A,power,DVM,15,11,165,3
5257,720575941551948543,DNp63,steering_control,720575941623108298,3,720575941597489344,DVM1A,power,DVM,15,20,300,3
5258,720575941551948543,DNp63,steering_control,720575941623108298,3,720575941603635190,DVM1A,power,DVM,15,32,480,3
5259,720575941551948543,DNp63,steering_control,720575941623108298,3,720575941624985226,DVM2A,power,DVM,15,11,165,3
5260,720575941551948543,DNp63,steering_control,720575941623108298,3,720575941643100754,ps1,steering,pleurosternal,15,20,300,3
5261,720575941551948543,DNp63,steering_control,720575941623108298,3,720575941643100754,ps1,steering,pleurosternal,15,96,1440,3
5262,720575941551948543,DNp63,steering_control,720575941623108298,3,720575941643100754,ps1,steering,pleurosternal,15,11,165,3
5263,720575941551948543,DNp63,steering_control,720575941623108298,3,720575941643100754,ps1,steering,pleurosternal,15,182,2730,3
5264,720575941551948543,DNp63,steering_control,720575941623108298,3,720575941643100754,ps1,steering,pleurosternal,15,20,300,3
5265,720575941551948543,DNp63,steering_control,720575941623108298,3,720575941645041313,ps1,steering,pleurosternal,15,26,390,3
5266,720575941551948543,DNp63,steering_control,720575941623108298,3,720575941645041313,ps1,steering,pleurosternal,15,52,780,3
5267,720575941551948543,DNp63,steering_control,720575941623108298,3,720575941645041313,ps1,steering,pleurosternal,15,21,315,3
5268,720575941551948543,DNp63,steering_control,720575941623108298,3,720575941645041313,ps1,steering,pleurosternal,15,16,240,3
5269,720575941551948543,DNp63,steering_control,720575941623108298,3,720575941645041313,ps1,steering,pleurosternal,15,47,705,3
5270,720575941551948543,DNp63,steering_control,720575941623108298,3,720575941645403000,DLM1,power,DLM,15,11,165,3
5271,720575941551948543,DNp63,steering_control,720575941671138727,3,720575941479034563,DLM1,power,DLM,10,10,100,3
5272,720575941551948543,DNp63,steering_control,720575941671138727,3,720575941565105206,DVM1A,power,DVM,10,46,460,3
5273,720575941551948543,DNp63,steering_control,720575941671138727,3,720575941566847847,DVM1A,power,DVM,10,25,250,3
5274,720575941551948543,DNp63,steering_control,720575941671138727,3,720575941643100754,ps1,steering,pleurosternal,10,41,410,3
5275,720575941551948543,DNp63,steering_control,720575941671138727,3,720575941643100754,ps1,steering,pleurosternal,10,11,110,3
5276,720575941551948543,DNp63,steering_control,720575941671138727,3,720575941643100754,ps1,steering,pleurosternal,10,36,360,3
5277,720575941551948543,DNp63,steering_control,720575941671138727,3,720575941643100754,ps1,steering,pleurosternal,10,34,340,3
5278,720575941551948543,DNp63,steering_control,720575941671138727,3,720575941645041313,ps1,steering,pleurosternal,10,64,640,3
5279,720575941551948543,DNp63,steering_control,720575941671138727,3,720575941645041313,ps1,steering,pleurosternal,10,24,240,3
5280,720575941551948543,DNp63,steering_control,720575941671138727,3,720575941645041313,ps1,steering,pleurosternal,10,157,1570,3
5281,720575941551948543,DNp63,steering_control,720575941671138727,3,720575941645403000,DLM1,power,DLM,10,23,230,3
5282,720575941561376813,DNde006,steering_control,720575941461221075,5,720575941475745898,i2,steering,axillary_i,38,14,532,3
5283,720575941561376813,DNde006,steering_control,720575941555504723,5,720575941458961604,iii3,steering,axillary_III,16,29,464,3
5284,720575941561376813,DNde006,steering_control,720575941555504723,5,720575941629172716,iii1,steering,axillary_III,16,28,448,3
5285,720575941561376813,DNde006,steering_control,720575941555504723,5,720575941629172716,iii1,steering,axillary_III,16,127,2032,3
5286,720575941513772179,DNxn117,steering_control,720575941490813872,1,720575941456201887,hg1,steering,haltere,12,11,132,3
5287,720575941513772179,DNxn117,steering_control,720575941490813872,1,720575941580669817,hg1,steering,haltere,12,13,156,3
5288,720575941513772179,DNxn117,steering_control,720575941490813872,1,720575941624155644,b2,steering,basalar,12,12,144,3
5289,720575941513772179,DNxn117,steering_control,720575941490813872,1,720575941655597785,b2,steering,basalar,12,14,168,3
5290,720575941513772179,DNxn117,steering_control,720575941490813872,1,720575941655597785,b2,steering,basalar,12,10,120,3
5291,720575941513772179,DNxn117,steering_control,720575941504039618,1,720575941456201887,hg1,steering,haltere,20,10,200,3
5292,720575941513772179,DNxn117,steering_control,720575941504039618,1,720575941456201887,hg1,steering,haltere,20,17,340,3
5293,720575941513772179,DNxn117,steering_control,720575941504039618,1,720575941456201887,hg1,steering,haltere,20,15,300,3
5294,720575941513772179,DNxn117,steering_control,720575941504039618,1,720575941459347411,iii4,steering,axillary_III,20,11,220,3
5295,720575941513772179,DNxn117,steering_control,720575941504039618,1,720575941459347411,iii4,steering,axillary_III,20,16,320,3
5296,720575941513772179,DNxn117,steering_control,720575941504039618,1,720575941624155644,b2,steering,basalar,20,13,260,3
5297,720575941513772179,DNxn117,steering_control,720575941504039618,1,720575941624155644,b2,steering,basalar,20,16,320,3
5298,720575941513772179,DNxn117,steering_control,720575941504039618,1,720575941624155644,b2,steering,basalar,20,10,200,3
5299,720575941513772179,DNxn117,steering_control,720575941553338778,5,720575941542412805,b3,steering,basalar,21,20,420,3
5300,720575941513772179,DNxn117,steering_control,720575941553338778,5,720575941542412805,b3,steering,basalar,21,66,1386,3
5301,720575941513772179,DNxn117,steering_control,720575941553338778,5,720575941547315060,i1,steering,axillary_i,21,25,525,3
5302,720575941513772179,DNxn117,steering_control,720575941553338778,5,720575941547315060,i1,steering,axillary_i,21,38,798,3
5303,720575941513772179,DNxn117,steering_control,720575941553338778,5,720575941547315060,i1,steering,axillary_i,21,40,840,3
5304,720575941513772179,DNxn117,steering_control,720575941553338778,5,720575941547394081,i2,steering,axillary_i,21,14,294,3
5305,720575941513772179,DNxn117,steering_control,720575941553338778,5,720575941547394081,i2,steering,axillary_i,21,32,672,3
5306,720575941513768780,DNge037,steering_control,720575941652640273,4,720575941630940642,hg4,steering,haltere,37,21,777,3
5307,720575941513768780,DNge037,steering_control,720575941703131610,5,720575941547394081,i2,steering,axillary_i,16,10,160,3
5308,720575941562215469,DNg98,steering_control,720575941414456212,4,720575941483845954,hg3,steering,haltere,10,26,260,3
5309,720575941562215469,DNg98,steering_control,720575941653565201,4,720575941516770670,iii4,steering,axillary_III,16,10,160,3
5310,720575941562215469,DNg98,steering_control,720575941653565201,4,720575941516770670,iii4,steering,axillary_III,16,33,528,3
5311,720575941562215469,DNg98,steering_control,720575941669866161,5,720575941629172716,iii1,steering,axillary_III,14,10,140,3
5312,720575941562215469,DNg98,steering_control,720575941669866161,5,720575941629172716,iii1,steering,axillary_III,13,10,130,3
5313,720575941504921906,DNp47,steering_control,720575941414508948,5,720575941560383347,DVM1A,power,DVM,11,10,110,3
5314,720575941504921906,DNp47,steering_control,720575941511393233,3,720575941459347411,iii4,steering,axillary_III,10,14,140,3
5315,720575941504921906,DNp47,steering_control,720575941511393233,3,720575941459347411,iii4,steering,axillary_III,10,10,100,3
5316,720575941504921906,DNp47,steering_control,720575941511393233,3,720575941459347411,iii4,steering,axillary_III,10,61,610,3
5317,720575941504921906,DNp47,steering_control,720575941511393233,3,720575941463144336,DLM1,power,DLM,10,10,100,3
5318,720575941504921906,DNp47,steering_control,720575941511393233,3,720575941507955269,DLM1,power,DLM,10,13,130,3
5319,720575941504921906,DNp47,steering_control,720575941511393233,3,720575941516770670,iii4,steering,axillary_III,10,11,110,3
5320,720575941504921906,DNp47,steering_control,720575941511393233,3,720575941516770670,iii4,steering,axillary_III,10,36,360,3
5321,720575941504921906,DNp47,steering_control,720575941511393233,3,720575941521196211,b1,steering,basalar,10,17,170,3
5322,720575941504921906,DNp47,steering_control,720575941511393233,3,720575941549822781,b1,steering,basalar,10,17,170,3
5323,720575941504921906,DNp47,steering_control,720575941511393233,3,720575941549822781,b1,steering,basalar,10,27,270,3
5324,720575941504921906,DNp47,steering_control,720575941511393233,3,720575941583644382,DLM1,power,DLM,10,12,120,3
5325,720575941504921906,DNp47,steering_control,720575941511393233,3,720575941624155644,b2,steering,basalar,10,54,540,3
5326,720575941504921906,DNp47,steering_control,720575941511393233,3,720575941630940642,hg4,steering,haltere,10,13,130,3
5327,720575941504921906,DNp47,steering_control,720575941511393233,3,720575941643100754,ps1,steering,pleurosternal,10,12,120,3
5328,720575941504921906,DNp47,steering_control,720575941511393233,3,720575941643100754,ps1,steering,pleurosternal,10,16,160,3
5329,720575941504921906,DNp47,steering_control,720575941511393233,3,720575941643100754,ps1,steering,pleurosternal,10,10,100,3
5330,720575941504921906,DNp47,steering_control,720575941511393233,3,720575941643100754,ps1,steering,pleurosternal,10,29,290,3
5331,720575941504921906,DNp47,steering_control,720575941511393233,3,720575941643100754,ps1,steering,pleurosternal,10,59,590,3
5332,720575941504921906,DNp47,steering_control,720575941511393233,3,720575941645041313,ps1,steering,pleurosternal,10,19,190,3
5333,720575941504921906,DNp47,steering_control,720575941511393233,3,720575941645041313,ps1,steering,pleurosternal,10,71,710,3
5334,720575941504921906,DNp47,steering_control,720575941511393233,3,720575941645403000,DLM1,power,DLM,10,20,200,3
5335,720575941504921906,DNp47,steering_control,720575941511393233,3,720575941645403000,DLM1,power,DLM,10,10,100,3
5336,720575941504921906,DNp47,steering_control,720575941511393233,3,720575941655597785,b2,steering,basalar,10,24,240,3
5337,720575941504921906,DNp47,steering_control,720575941511393233,3,720575941655597785,b2,steering,basalar,10,63,630,3
5338,720575941504921906,DNp47,steering_control,720575941524114276,3,720575941459347411,iii4,steering,axillary_III,12,18,216,3
5339,720575941504921906,DNp47,steering_control,720575941524114276,3,720575941459347411,iii4,steering,axillary_III,12,43,516,3
5340,720575941504921906,DNp47,steering_control,720575941524114276,3,720575941513173763,hg4,steering,haltere,12,14,168,3
5341,720575941504921906,DNp47,steering_control,720575941524114276,3,720575941516770670,iii4,steering,axillary_III,12,11,132,3
5342,720575941504921906,DNp47,steering_control,720575941524114276,3,720575941516770670,iii4,steering,axillary_III,12,53,636,3
5343,720575941504921906,DNp47,steering_control,720575941524114276,3,720575941519783640,DLM1,power,DLM,12,12,144,3
5344,720575941504921906,DNp47,steering_control,720575941524114276,3,720575941521196211,b1,steering,basalar,12,21,252,3
5345,720575941504921906,DNp47,steering_control,720575941524114276,3,720575941533190337,DLM1,power,DLM,12,11,132,3
5346,720575941504921906,DNp47,steering_control,720575941524114276,3,720575941549822781,b1,steering,basalar,12,19,228,3
5347,720575941504921906,DNp47,steering_control,720575941524114276,3,720575941549822781,b1,steering,basalar,12,40,480,3
5348,720575941504921906,DNp47,steering_control,720575941524114276,3,720575941580669817,hg1,steering,haltere,12,12,144,3
5349,720575941504921906,DNp47,steering_control,720575941524114276,3,720575941583644382,DLM1,power,DLM,12,20,240,3
5350,720575941504921906,DNp47,steering_control,720575941524114276,3,720575941624155644,b2,steering,basalar,12,11,132,3
5351,720575941504921906,DNp47,steering_control,720575941524114276,3,720575941624155644,b2,steering,basalar,12,39,468,3
5352,720575941504921906,DNp47,steering_control,720575941524114276,3,720575941630940642,hg4,steering,haltere,12,11,132,3
5353,720575941504921906,DNp47,steering_control,720575941524114276,3,720575941640465439,DLM1,power,DLM,12,10,120,3
5354,720575941504921906,DNp47,steering_control,720575941524114276,3,720575941640465439,DLM1,power,DLM,12,12,144,3
5355,720575941504921906,DNp47,steering_control,720575941524114276,3,720575941643100754,ps1,steering,pleurosternal,12,14,168,3
5356,720575941504921906,DNp47,steering_control,720575941524114276,3,720575941643100754,ps1,steering,pleurosternal,12,41,492,3
5357,720575941504921906,DNp47,steering_control,720575941524114276,3,720575941643100754,ps1,steering,pleurosternal,12,12,144,3
5358,720575941504921906,DNp47,steering_control,720575941524114276,3,720575941643100754,ps1,steering,pleurosternal,12,26,312,3
5359,720575941504921906,DNp47,steering_control,720575941524114276,3,720575941643100754,ps1,steering,pleurosternal,12,83,996,3
5360,720575941504921906,DNp47,steering_control,720575941524114276,3,720575941645041313,ps1,steering,pleurosternal,12,24,288,3
5361,720575941504921906,DNp47,steering_control,720575941524114276,3,720575941645041313,ps1,steering,pleurosternal,12,16,192,3
5362,720575941504921906,DNp47,steering_control,720575941524114276,3,720575941645041313,ps1,steering,pleurosternal,12,31,372,3
5363,720575941504921906,DNp47,steering_control,720575941524114276,3,720575941645041313,ps1,steering,pleurosternal,12,34,408,3
5364,720575941504921906,DNp47,steering_control,720575941524114276,3,720575941645403000,DLM1,power,DLM,12,10,120,3
5365,720575941504921906,DNp47,steering_control,720575941524114276,3,720575941655597785,b2,steering,basalar,12,17,204,3
5366,720575941504921906,DNp47,steering_control,720575941524114276,3,720575941655597785,b2,steering,basalar,12,58,696,3
5367,720575941504921906,DNp47,steering_control,720575941524114276,3,720575941459347411,iii4,steering,axillary_III,10,18,180,3
5368,720575941504921906,DNp47,steering_control,720575941524114276,3,720575941459347411,iii4,steering,axillary_III,10,43,430,3
5369,720575941504921906,DNp47,steering_control,720575941524114276,3,720575941513173763,hg4,steering,haltere,10,14,140,3
5370,720575941504921906,DNp47,steering_control,720575941524114276,3,720575941516770670,iii4,steering,axillary_III,10,11,110,3
5371,720575941504921906,DNp47,steering_control,720575941524114276,3,720575941516770670,iii4,steering,axillary_III,10,53,530,3
5372,720575941504921906,DNp47,steering_control,720575941524114276,3,720575941519783640,DLM1,power,DLM,10,12,120,3
5373,720575941504921906,DNp47,steering_control,720575941524114276,3,720575941521196211,b1,steering,basalar,10,21,210,3
5374,720575941504921906,DNp47,steering_control,720575941524114276,3,720575941533190337,DLM1,power,DLM,10,11,110,3
5375,720575941504921906,DNp47,steering_control,720575941524114276,3,720575941549822781,b1,steering,basalar,10,19,190,3
5376,720575941504921906,DNp47,steering_control,720575941524114276,3,720575941549822781,b1,steering,basalar,10,40,400,3
5377,720575941504921906,DNp47,steering_control,720575941524114276,3,720575941580669817,hg1,steering,haltere,10,12,120,3
5378,720575941504921906,DNp47,steering_control,720575941524114276,3,720575941583644382,DLM1,power,DLM,10,20,200,3
5379,720575941504921906,DNp47,steering_control,720575941524114276,3,720575941624155644,b2,steering,basalar,10,11,110,3
5380,720575941504921906,DNp47,steering_control,720575941524114276,3,720575941624155644,b2,steering,basalar,10,39,390,3
5381,720575941504921906,DNp47,steering_control,720575941524114276,3,720575941630940642,hg4,steering,haltere,10,11,110,3
5382,720575941504921906,DNp47,steering_control,720575941524114276,3,720575941640465439,DLM1,power,DLM,10,10,100,3
5383,720575941504921906,DNp47,steering_control,720575941524114276,3,720575941640465439,DLM1,power,DLM,10,12,120,3
5384,720575941504921906,DNp47,steering_control,720575941524114276,3,720575941643100754,ps1,steering,pleurosternal,10,14,140,3
5385,720575941504921906,DNp47,steering_control,720575941524114276,3,720575941643100754,ps1,steering,pleurosternal,10,41,410,3
5386,720575941504921906,DNp47,steering_control,720575941524114276,3,720575941643100754,ps1,steering,pleurosternal,10,12,120,3
5387,720575941504921906,DNp47,steering_control,720575941524114276,3,720575941643100754,ps1,steering,pleurosternal,10,26,260,3
5388,720575941504921906,DNp47,steering_control,720575941524114276,3,720575941643100754,ps1,steering,pleurosternal,10,83,830,3
5389,720575941504921906,DNp47,steering_control,720575941524114276,3,720575941645041313,ps1,steering,pleurosternal,10,24,240,3
5390,720575941504921906,DNp47,steering_control,720575941524114276,3,720575941645041313,ps1,steering,pleurosternal,10,16,160,3
5391,720575941504921906,DNp47,steering_control,720575941524114276,3,720575941645041313,ps1,steering,pleurosternal,10,31,310,3
5392,720575941504921906,DNp47,steering_control,720575941524114276,3,720575941645041313,ps1,steering,pleurosternal,10,34,340,3
5393,720575941504921906,DNp47,steering_control,720575941524114276,3,720575941645403000,DLM1,power,DLM,10,10,100,3
5394,720575941504921906,DNp47,steering_control,720575941524114276,3,720575941655597785,b2,steering,basalar,10,17,170,3
5395,720575941504921906,DNp47,steering_control,720575941524114276,3,720575941655597785,b2,steering,basalar,10,58,580,3
5396,720575941504921906,DNp47,steering_control,720575941524114276,3,720575941459347411,iii4,steering,axillary_III,10,18,180,3
5397,720575941504921906,DNp47,steering_control,720575941524114276,3,720575941459347411,iii4,steering,axillary_III,10,43,430,3
5398,720575941504921906,DNp47,steering_control,720575941524114276,3,720575941513173763,hg4,steering,haltere,10,14,140,3
5399,720575941504921906,DNp47,steering_control,720575941524114276,3,720575941516770670,iii4,steering,axillary_III,10,11,110,3
5400,720575941504921906,DNp47,steering_control,720575941524114276,3,720575941516770670,iii4,steering,axillary_III,10,53,530,3
5401,720575941504921906,DNp47,steering_control,720575941524114276,3,720575941519783640,DLM1,power,DLM,10,12,120,3
5402,720575941504921906,DNp47,steering_control,720575941524114276,3,720575941521196211,b1,steering,basalar,10,21,210,3
5403,720575941504921906,DNp47,steering_control,720575941524114276,3,720575941533190337,DLM1,power,DLM,10,11,110,3
5404,720575941504921906,DNp47,steering_control,720575941524114276,3,720575941549822781,b1,steering,basalar,10,19,190,3
5405,720575941504921906,DNp47,steering_control,720575941524114276,3,720575941549822781,b1,steering,basalar,10,40,400,3
5406,720575941504921906,DNp47,steering_control,720575941524114276,3,720575941580669817,hg1,steering,haltere,10,12,120,3
5407,720575941504921906,DNp47,steering_control,720575941524114276,3,720575941583644382,DLM1,power,DLM,10,20,200,3
5408,720575941504921906,DNp47,steering_control,720575941524114276,3,720575941624155644,b2,steering,basalar,10,11,110,3
5409,720575941504921906,DNp47,steering_control,720575941524114276,3,720575941624155644,b2,steering,basalar,10,39,390,3
5410,720575941504921906,DNp47,steering_control,720575941524114276,3,720575941630940642,hg4,steering,haltere,10,11,110,3
5411,720575941504921906,DNp47,steering_control,720575941524114276,3,720575941640465439,DLM1,power,DLM,10,10,100,3
5412,720575941504921906,DNp47,steering_control,720575941524114276,3,720575941640465439,DLM1,power,DLM,10,12,120,3
5413,720575941504921906,DNp47,steering_control,720575941524114276,3,720575941643100754,ps1,steering,pleurosternal,10,14,140,3
5414,720575941504921906,DNp47,steering_control,720575941524114276,3,720575941643100754,ps1,steering,pleurosternal,10,41,410,3
5415,720575941504921906,DNp47,steering_control,720575941524114276,3,720575941643100754,ps1,steering,pleurosternal,10,12,120,3
5416,720575941504921906,DNp47,steering_control,720575941524114276,3,720575941643100754,ps1,steering,pleurosternal,10,26,260,3
5417,720575941504921906,DNp47,steering_control,720575941524114276,3,720575941643100754,ps1,steering,pleurosternal,10,83,830,3
5418,720575941504921906,DNp47,steering_control,720575941524114276,3,720575941645041313,ps1,steering,pleurosternal,10,24,240,3
5419,720575941504921906,DNp47,steering_control,720575941524114276,3,720575941645041313,ps1,steering,pleurosternal,10,16,160,3
5420,720575941504921906,DNp47,steering_control,720575941524114276,3,720575941645041313,ps1,steering,pleurosternal,10,31,310,3
5421,720575941504921906,DNp47,steering_control,720575941524114276,3,720575941645041313,ps1,steering,pleurosternal,10,34,340,3
5422,720575941504921906,DNp47,steering_control,720575941524114276,3,720575941645403000,DLM1,power,DLM,10,10,100,3
5423,720575941504921906,DNp47,steering_control,720575941524114276,3,720575941655597785,b2,steering,basalar,10,17,170,3
5424,720575941504921906,DNp47,steering_control,720575941524114276,3,720575941655597785,b2,steering,basalar,10,58,580,3
5425,720575941534435338,DNp22,steering_control,720575941450876794,5,720575941542412805,b3,steering,basalar,15,16,240,3
5426,720575941534435338,DNp22,steering_control,720575941450876794,5,720575941542412805,b3,steering,basalar,15,17,255,3
5427,720575941534435338,DNp22,steering_control,720575941459514512,5,720575941468897856,i1,steering,axillary_i,11,14,154,3
5428,720575941534435338,DNp22,steering_control,720575941459514512,5,720575941468897856,i1,steering,axillary_i,11,18,198,3
5429,720575941534435338,DNp22,steering_control,720575941459514512,5,720575941474574132,b3,steering,basalar,11,12,132,3
5430,720575941534435338,DNp22,steering_control,720575941459514512,5,720575941474574132,b3,steering,basalar,11,30,330,3
5431,720575941534435338,DNp22,steering_control,720575941459514512,5,720575941474574132,b3,steering,basalar,11,25,275,3
5432,720575941534435338,DNp22,steering_control,720575941601088441,5,720575941468897856,i1,steering,axillary_i,15,16,240,3
5433,720575941534435338,DNp22,steering_control,720575941601088441,5,720575941468897856,i1,steering,axillary_i,15,13,195,3
5434,720575941534435338,DNp22,steering_control,720575941601088441,5,720575941468897856,i1,steering,axillary_i,15,14,210,3
5435,720575941534435338,DNp22,steering_control,720575941601088441,5,720575941474574132,b3,steering,basalar,15,27,405,3
5436,720575941534435338,DNp22,steering_control,720575941601088441,5,720575941474574132,b3,steering,basalar,15,15,225,3
5437,720575941534435338,DNp22,steering_control,720575941601088441,5,720575941474574132,b3,steering,basalar,15,24,360,3
5438,720575941534435338,DNp22,steering_control,720575941601088441,5,720575941580669817,hg1,steering,haltere,15,10,150,3
5439,720575941534435338,DNp22,steering_control,720575941601088441,5,720575941468897856,i1,steering,axillary_i,11,16,176,3
5440,720575941534435338,DNp22,steering_control,720575941601088441,5,720575941468897856,i1,steering,axillary_i,11,13,143,3
5441,720575941534435338,DNp22,steering_control,720575941601088441,5,720575941468897856,i1,steering,axillary_i,11,14,154,3
5442,720575941534435338,DNp22,steering_control,720575941601088441,5,720575941474574132,b3,steering,basalar,11,27,297,3
5443,720575941534435338,DNp22,steering_control,720575941601088441,5,720575941474574132,b3,steering,basalar,11,15,165,3
5444,720575941534435338,DNp22,steering_control,720575941601088441,5,720575941474574132,b3,steering,basalar,11,24,264,3
5445,720575941534435338,DNp22,steering_control,720575941601088441,5,720575941580669817,hg1,steering,haltere,11,10,110,3
5446,720575941502628695,DNp15,steering_control,720575941528944568,5,720575941458961604,iii3,steering,axillary_III,10,154,1540,3
5447,720575941502628695,DNp15,steering_control,720575941528944568,5,720575941458961604,iii3,steering,axillary_III,10,53,530,3
5448,720575941502628695,DNp15,steering_control,720575941528944568,5,720575941458961604,iii3,steering,axillary_III,10,11,110,3
5449,720575941502628695,DNp15,steering_control,720575941528944568,5,720575941565378919,iii3,steering,axillary_III,10,23,230,3
5450,720575941502628695,DNp15,steering_control,720575941528944568,5,720575941565378919,iii3,steering,axillary_III,10,41,410,3
5451,720575941502628695,DNp15,steering_control,720575941609001034,4,720575941513173763,hg4,steering,haltere,21,23,483,3
5452,720575941502628695,DNp15,steering_control,720575941665522419,1,720575941549822781,b1,steering,basalar,10,25,250,3
5453,720575941502628695,DNp15,steering_control,720575941665522419,1,720575941549822781,b1,steering,basalar,10,19,190,3
5454,720575941502628695,DNp15,steering_control,720575941665522419,1,720575941549822781,b1,steering,basalar,10,11,110,3
5455,720575941502628695,DNp15,steering_control,720575941684992751,4,720575941630940642,hg4,steering,haltere,10,22,220,3
5456,720575941459103391,DNg79,steering_control,720575941414508948,5,720575941560383347,DVM1A,power,DVM,11,10,110,3
5457,720575941459103391,DNg79,steering_control,720575941512896099,2,720575941463144336,DLM1,power,DLM,16,24,384,3
5458,720575941459103391,DNg79,steering_control,720575941512896099,2,720575941463144336,DLM1,power,DLM,16,39,624,3
5459,720575941459103391,DNg79,steering_control,720575941512896099,2,720575941472734048,DVM1A,power,DVM,16,10,160,3
5460,720575941459103391,DNg79,steering_control,720575941512896099,2,720575941479034563,DLM1,power,DLM,16,13,208,3
5461,720575941459103391,DNg79,steering_control,720575941512896099,2,720575941479034563,DLM1,power,DLM,16,56,896,3
5462,720575941459103391,DNg79,steering_control,720575941512896099,2,720575941507955269,DLM1,power,DLM,16,28,448,3
5463,720575941459103391,DNg79,steering_control,720575941512896099,2,720575941507955269,DLM1,power,DLM,16,43,688,3
5464,720575941459103391,DNg79,steering_control,720575941512896099,2,720575941519783640,DLM1,power,DLM,16,14,224,3
5465,720575941459103391,DNg79,steering_control,720575941512896099,2,720575941519783640,DLM1,power,DLM,16,15,240,3
5466,720575941459103391,DNg79,steering_control,720575941512896099,2,720575941533190337,DLM1,power,DLM,16,17,272,3
5467,720575941459103391,DNg79,steering_control,720575941512896099,2,720575941533190337,DLM1,power,DLM,16,68,1088,3
5468,720575941459103391,DNg79,steering_control,720575941512896099,2,720575941534583786,DLM5,power,DLM,16,16,256,3
5469,720575941459103391,DNg79,steering_control,720575941512896099,2,720575941534583786,DLM5,power,DLM,16,20,320,3
5470,720575941459103391,DNg79,steering_control,720575941512896099,2,720575941583644382,DLM1,power,DLM,16,13,208,3
5471,720575941459103391,DNg79,steering_control,720575941512896099,2,720575941583644382,DLM1,power,DLM,16,54,864,3
5472,720575941459103391,DNg79,steering_control,720575941512896099,2,720575941596050112,DLM5,power,DLM,16,17,272,3
5473,720575941459103391,DNg79,steering_control,720575941512896099,2,720575941596050112,DLM5,power,DLM,16,63,1008,3
5474,720575941459103391,DNg79,steering_control,720575941512896099,2,720575941603635190,DVM1A,power,DVM,16,26,416,3
5475,720575941459103391,DNg79,steering_control,720575941512896099,2,720575941640465439,DLM1,power,DLM,16,21,336,3
5476,720575941459103391,DNg79,steering_control,720575941512896099,2,720575941640465439,DLM1,power,DLM,16,23,368,3
5477,720575941459103391,DNg79,steering_control,720575941512896099,2,720575941645403000,DLM1,power,DLM,16,22,352,3
5478,720575941459103391,DNg79,steering_control,720575941512896099,2,720575941645403000,DLM1,power,DLM,16,23,368,3
5479,720575941459103391,DNg79,steering_control,720575941576941045,5,720575941565378919,iii3,steering,axillary_III,14,17,238,3
5480,720575941459103391,DNg79,steering_control,720575941576941045,5,720575941655597785,b2,steering,basalar,14,12,168,3
5481,720575941459103391,DNg79,steering_control,720575941667143601,4,720575941513173763,hg4,steering,haltere,10,28,280,3
5482,720575941459103391,DNg79,steering_control,720575941667143601,4,720575941516770670,iii4,steering,axillary_III,10,13,130,3
5483,720575941459103391,DNg79,steering_control,720575941667143601,4,720575941580669817,hg1,steering,haltere,10,24,240,3
5484,720575941459103391,DNg79,steering_control,720575941667143601,4,720575941580669817,hg1,steering,haltere,10,10,100,3
5485,720575941459103391,DNg79,steering_control,720575941667143601,4,720575941580669817,hg1,steering,haltere,10,16,160,3
5486,720575941558381860,DNxn183,steering_control,720575941478598735,5,720575941547394081,i2,steering,axillary_i,11,10,110,3
5487,720575941558381860,DNxn183,steering_control,720575941566431286,1,720575941655597785,b2,steering,basalar,11,33,363,3
5488,720575941558381860,DNxn183,steering_control,720575941625907769,4,720575941479658831,hg2,steering,haltere,10,10,100,3
5489,720575941558381860,DNxn183,steering_control,720575941625907769,4,720575941479658831,hg2,steering,haltere,19,10,190,3
5490,720575941441226943,DNp53,steering_control,720575941506644540,1,720575941459347411,iii4,steering,axillary_III,24,12,288,3
5491,720575941441226943,DNp53,steering_control,720575941506644540,1,720575941624155644,b2,steering,basalar,24,12,288,3
5492,720575941441226943,DNp53,steering_control,720575941592094422,1,720575941459347411,iii4,steering,axillary_III,12,11,132,3
5493,720575941441226943,DNp53,steering_control,720575941592094422,1,720575941521196211,b1,steering,basalar,12,17,204,3
5494,720575941441226943,DNp53,steering_control,720575941592094422,1,720575941549822781,b1,steering,basalar,12,14,168,3
5495,720575941441226943,DNp53,steering_control,720575941592094422,1,720575941624155644,b2,steering,basalar,12,40,480,3
5496,720575941441226943,DNp53,steering_control,720575941592094422,1,720575941655597785,b2,steering,basalar,12,17,204,3
5497,720575941441226943,DNp53,steering_control,720575941626975782,1,720575941521196211,b1,steering,basalar,14,24,336,3
5498,720575941441226943,DNp53,steering_control,720575941626975782,1,720575941549822781,b1,steering,basalar,14,14,196,3
5499,720575941441226943,DNp53,steering_control,720575941626975782,1,720575941624155644,b2,steering,basalar,14,40,560,3
5500,720575941441226943,DNp53,steering_control,720575941626975782,1,720575941655597785,b2,steering,basalar,14,18,252,3
5501,720575941607693421,DNg111,steering_control,720575941625963419,4,720575941516770670,iii4,steering,axillary_III,22,18,396,3
5502,720575941607693421,DNg111,steering_control,720575941625963419,4,720575941516770670,iii4,steering,axillary_III,22,33,726,3
5503,720575941607693421,DNg111,steering_control,720575941625963419,4,720575941580669817,hg1,steering,haltere,22,14,308,3
5504,720575941607693421,DNg111,steering_control,720575941625963419,4,720575941643100754,ps1,steering,pleurosternal,22,12,264,3
5505,720575941607693421,DNg111,steering_control,720575941625963419,4,720575941516770670,iii4,steering,axillary_III,16,18,288,3
5506,720575941607693421,DNg111,steering_control,720575941625963419,4,720575941516770670,iii4,steering,axillary_III,16,33,528,3
5507,720575941607693421,DNg111,steering_control,720575941625963419,4,720575941580669817,hg1,steering,haltere,16,14,224,3
5508,720575941607693421,DNg111,steering_control,720575941625963419,4,720575941643100754,ps1,steering,pleurosternal,16,12,192,3
5509,720575941607693421,DNg111,steering_control,720575941625963419,4,720575941516770670,iii4,steering,axillary_III,12,18,216,3
5510,720575941607693421,DNg111,steering_control,720575941625963419,4,720575941516770670,iii4,steering,axillary_III,12,33,396,3
5511,720575941607693421,DNg111,steering_control,720575941625963419,4,720575941580669817,hg1,steering,haltere,12,14,168,3
5512,720575941607693421,DNg111,steering_control,720575941625963419,4,720575941643100754,ps1,steering,pleurosternal,12,12,144,3
5513,720575941541726493,DNge091,steering_control,720575941464901398,4,720575941580669817,hg1,steering,haltere,10,10,100,3
5514,720575941541726493,DNge091,steering_control,720575941464901398,4,720575941596050112,DLM5,power,DLM,10,10,100,3
5515,720575941541726493,DNge091,steering_control,720575941464901398,4,720575941645403000,DLM1,power,DLM,10,13,130,3
5516,720575941541726493,DNge091,steering_control,720575941464901398,4,720575941732789547,hg2,steering,haltere,10,23,230,3
5517,720575941541726493,DNge091,steering_control,720575941490813872,1,720575941456201887,hg1,steering,haltere,11,11,121,3
5518,720575941541726493,DNge091,steering_control,720575941490813872,1,720575941580669817,hg1,steering,haltere,11,13,143,3
5519,720575941541726493,DNge091,steering_control,720575941490813872,1,720575941624155644,b2,steering,basalar,11,12,132,3
5520,720575941541726493,DNge091,steering_control,720575941490813872,1,720575941655597785,b2,steering,basalar,11,14,154,3
5521,720575941541726493,DNge091,steering_control,720575941490813872,1,720575941655597785,b2,steering,basalar,11,10,110,3
5522,720575941541726493,DNge091,steering_control,720575941583601886,5,720575941468897856,i1,steering,axillary_i,17,16,272,3
5523,720575941541726493,DNge091,steering_control,720575941583601886,5,720575941468897856,i1,steering,axillary_i,17,48,816,3
5524,720575941541726493,DNge091,steering_control,720575941583601886,5,720575941468897856,i1,steering,axillary_i,17,34,578,3
5525,720575941541726493,DNge091,steering_control,720575941583601886,5,720575941474574132,b3,steering,basalar,17,15,255,3
5526,720575941541726493,DNge091,steering_control,720575941583601886,5,720575941474574132,b3,steering,basalar,17,25,425,3
5527,720575941541726493,DNge091,steering_control,720575941583601886,5,720575941474574132,b3,steering,basalar,17,62,1054,3
5528,720575941541726493,DNge091,steering_control,720575941583601886,5,720575941475745898,i2,steering,axillary_i,17,31,527,3
5529,720575941541726493,DNge091,steering_control,720575941583601886,5,720575941475745898,i2,steering,axillary_i,17,51,867,3
5530,720575941541726493,DNge091,steering_control,720575941614889941,1,720575941580669817,hg1,steering,haltere,12,17,204,3
5531,720575941541726493,DNge091,steering_control,720575941614889941,1,720575941655597785,b2,steering,basalar,12,22,264,3
5532,720575941609747430,DNge014,steering_control,720575941503451301,1,720575941624155644,b2,steering,basalar,14,44,616,3
5533,720575941609747430,DNge014,steering_control,720575941557612915,1,720575941521196211,b1,steering,basalar,21,10,210,3
5534,720575941609747430,DNge014,steering_control,720575941557612915,1,720575941624155644,b2,steering,basalar,21,10,210,3
5535,720575941609747430,DNge014,steering_control,720575941557612915,1,720575941521196211,b1,steering,basalar,14,10,140,3
5536,720575941609747430,DNge014,steering_control,720575941557612915,1,720575941624155644,b2,steering,basalar,14,10,140,3
5537,720575941564504832,DNfl025,steering_control,720575941703131610,5,720575941547394081,i2,steering,axillary_i,49,10,490,3
5538,720575941639763999,DNg51,steering_control,720575941492308606,1,720575941549822781,b1,steering,basalar,12,12,144,3
5539,720575941639763999,DNg51,steering_control,720575941492308606,1,720575941549822781,b1,steering,basalar,12,33,396,3
5540,720575941639763999,DNg51,steering_control,720575941492308606,1,720575941655597785,b2,steering,basalar,12,16,192,3
5541,720575941639763999,DNg51,steering_control,720575941595804828,1,720575941549822781,b1,steering,basalar,20,13,260,3
5542,720575941639763999,DNg51,steering_control,720575941595804828,1,720575941655597785,b2,steering,basalar,20,13,260,3
5543,720575941639763999,DNg51,steering_control,720575941658602520,1,720575941624155644,b2,steering,basalar,17,10,170,3
5544,720575941551414170,DNg07,steering_control,720575941490813872,1,720575941456201887,hg1,steering,haltere,14,11,154,3
5545,720575941551414170,DNg07,steering_control,720575941490813872,1,720575941580669817,hg1,steering,haltere,14,13,182,3
5546,720575941551414170,DNg07,steering_control,720575941490813872,1,720575941624155644,b2,steering,basalar,14,12,168,3
5547,720575941551414170,DNg07,steering_control,720575941490813872,1,720575941655597785,b2,steering,basalar,14,14,196,3
5548,720575941551414170,DNg07,steering_control,720575941490813872,1,720575941655597785,b2,steering,basalar,14,10,140,3
5549,720575941551414170,DNg07,steering_control,720575941553338778,5,720575941542412805,b3,steering,basalar,24,20,480,3
5550,720575941551414170,DNg07,steering_control,720575941553338778,5,720575941542412805,b3,steering,basalar,24,66,1584,3
5551,720575941551414170,DNg07,steering_control,720575941553338778,5,720575941547315060,i1,steering,axillary_i,24,25,600,3
5552,720575941551414170,DNg07,steering_control,720575941553338778,5,720575941547315060,i1,steering,axillary_i,24,38,912,3
5553,720575941551414170,DNg07,steering_control,720575941553338778,5,720575941547315060,i1,steering,axillary_i,24,40,960,3
5554,720575941551414170,DNg07,steering_control,720575941553338778,5,720575941547394081,i2,steering,axillary_i,24,14,336,3
5555,720575941551414170,DNg07,steering_control,720575941553338778,5,720575941547394081,i2,steering,axillary_i,24,32,768,3
5556,720575941551414170,DNg07,steering_control,720575941614889941,1,720575941580669817,hg1,steering,haltere,11,17,187,3
5557,720575941551414170,DNg07,steering_control,720575941614889941,1,720575941655597785,b2,steering,basalar,11,22,242,3
5558,720575941580369489,DNg08,steering_control,720575941504563781,3,720575941643100754,ps1,steering,pleurosternal,10,21,210,3
5559,720575941580369489,DNg08,steering_control,720575941504563781,3,720575941643100754,ps1,steering,pleurosternal,10,13,130,3
5560,720575941580369489,DNg08,steering_control,720575941591499627,4,720575941513173763,hg4,steering,haltere,13,10,130,3
5561,720575941580369489,DNg08,steering_control,720575941602315454,4,720575941456201887,hg1,steering,haltere,10,21,210,3
5562,720575941580369489,DNg08,steering_control,720575941602315454,4,720575941630940642,hg4,steering,haltere,10,22,220,3
5563,720575941580369489,DNg08,steering_control,720575941611080010,5,720575941458961604,iii3,steering,axillary_III,15,13,195,3
5564,720575941580369489,DNg08,steering_control,720575941611080010,5,720575941565378919,iii3,steering,axillary_III,15,231,3465,3
5565,720575941580369489,DNg08,steering_control,720575941611080010,5,720575941565378919,iii3,steering,axillary_III,15,11,165,3
5566,720575941580369489,DNg08,steering_control,720575941611080010,5,720575941565378919,iii3,steering,axillary_III,15,46,690,3
5567,720575941411212715,DNg32,steering_control,720575941456678893,5,720575941475745898,i2,steering,axillary_i,22,15,330,3
5568,720575941411212715,DNg32,steering_control,720575941456678893,5,720575941547315060,i1,steering,axillary_i,22,10,220,3
5569,720575941411212715,DNg32,steering_control,720575941456678893,5,720575941547394081,i2,steering,axillary_i,22,34,748,3
5570,720575941411212715,DNg32,steering_control,720575941503499755,4,720575941456201887,hg1,steering,haltere,13,14,182,3
5571,720575941411212715,DNg32,steering_control,720575941503499755,4,720575941630940642,hg4,steering,haltere,13,27,351,3
5572,720575941411212715,DNg32,steering_control,720575941579868917,4,720575941630940642,hg4,steering,haltere,13,46,598,3
5573,720575941411212715,DNg32,steering_control,720575941579868917,4,720575941630940642,hg4,steering,haltere,13,33,429,3
5574,720575941523099127,DNut053,power_control,720575941516099500,2,720575941463144336,DLM1,power,DLM,11,42,462,3
5575,720575941523099127,DNut053,power_control,720575941516099500,2,720575941463144336,DLM1,power,DLM,11,22,242,3
5576,720575941523099127,DNut053,power_control,720575941516099500,2,720575941479034563,DLM1,power,DLM,11,26,286,3
5577,720575941523099127,DNut053,power_control,720575941516099500,2,720575941479034563,DLM1,power,DLM,11,23,253,3
5578,720575941523099127,DNut053,power_control,720575941516099500,2,720575941479034563,DLM1,power,DLM,11,14,154,3
5579,720575941523099127,DNut053,power_control,720575941516099500,2,720575941507955269,DLM1,power,DLM,11,40,440,3
5580,720575941523099127,DNut053,power_control,720575941516099500,2,720575941507955269,DLM1,power,DLM,11,12,132,3
5581,720575941523099127,DNut053,power_control,720575941516099500,2,720575941519783640,DLM1,power,DLM,11,53,583,3
5582,720575941523099127,DNut053,power_control,720575941516099500,2,720575941533190337,DLM1,power,DLM,11,17,187,3
5583,720575941523099127,DNut053,power_control,720575941516099500,2,720575941533190337,DLM1,power,DLM,11,24,264,3
5584,720575941523099127,DNut053,power_control,720575941516099500,2,720575941534583786,DLM5,power,DLM,11,56,616,3
5585,720575941523099127,DNut053,power_control,720575941516099500,2,720575941560383347,DVM1A,power,DVM,11,16,176,3
5586,720575941523099127,DNut053,power_control,720575941516099500,2,720575941565105206,DVM1A,power,DVM,11,40,440,3
5587,720575941523099127,DNut053,power_control,720575941516099500,2,720575941566847847,DVM1A,power,DVM,11,33,363,3
5588,720575941523099127,DNut053,power_control,720575941516099500,2,720575941583644382,DLM1,power,DLM,11,12,132,3
5589,720575941523099127,DNut053,power_control,720575941516099500,2,720575941583644382,DLM1,power,DLM,11,19,209,3
5590,720575941523099127,DNut053,power_control,720575941516099500,2,720575941596050112,DLM5,power,DLM,11,13,143,3
5591,720575941523099127,DNut053,power_control,720575941516099500,2,720575941596050112,DLM5,power,DLM,11,25,275,3
5592,720575941523099127,DNut053,power_control,720575941516099500,2,720575941596050112,DLM5,power,DLM,11,10,110,3
5593,720575941523099127,DNut053,power_control,720575941516099500,2,720575941603635190,DVM1A,power,DVM,11,12,132,3
5594,720575941523099127,DNut053,power_control,720575941516099500,2,720575941614289683,DVM3A,power,DVM,11,11,121,3
5595,720575941523099127,DNut053,power_control,720575941516099500,2,720575941640465439,DLM1,power,DLM,11,50,550,3
5596,720575941523099127,DNut053,power_control,720575941516099500,2,720575941640465439,DLM1,power,DLM,11,19,209,3
5597,720575941523099127,DNut053,power_control,720575941516099500,2,720575941645403000,DLM1,power,DLM,11,74,814,3
5598,720575941523099127,DNut053,power_control,720575941516099500,2,720575941645403000,DLM1,power,DLM,11,14,154,3
5599,720575941523099127,DNut053,power_control,720575941532246762,5,720575941468897856,i1,steering,axillary_i,10,18,180,3
5600,720575941523099127,DNut053,power_control,720575941532246762,5,720575941474574132,b3,steering,basalar,10,22,220,3
5601,720575941523099127,DNut053,power_control,720575941532246762,5,720575941474574132,b3,steering,basalar,10,11,110,3
5602,720575941523099127,DNut053,power_control,720575941532246762,5,720575941479658831,hg2,steering,haltere,10,10,100,3
5603,720575941523099127,DNut053,power_control,720575941594160421,2,720575941463144336,DLM1,power,DLM,16,14,224,3
5604,720575941523099127,DNut053,power_control,720575941594160421,2,720575941463144336,DLM1,power,DLM,16,47,752,3
5605,720575941523099127,DNut053,power_control,720575941594160421,2,720575941472734048,DVM1A,power,DVM,16,32,512,3
5606,720575941523099127,DNut053,power_control,720575941594160421,2,720575941479034563,DLM1,power,DLM,16,17,272,3
5607,720575941523099127,DNut053,power_control,720575941594160421,2,720575941479034563,DLM1,power,DLM,16,57,912,3
5608,720575941523099127,DNut053,power_control,720575941594160421,2,720575941499558369,DVM3A,power,DVM,16,11,176,3
5609,720575941523099127,DNut053,power_control,720575941594160421,2,720575941507955269,DLM1,power,DLM,16,27,432,3
5610,720575941523099127,DNut053,power_control,720575941594160421,2,720575941507955269,DLM1,power,DLM,16,18,288,3
5611,720575941523099127,DNut053,power_control,720575941594160421,2,720575941519783640,DLM1,power,DLM,16,14,224,3
5612,720575941523099127,DNut053,power_control,720575941594160421,2,720575941519783640,DLM1,power,DLM,16,14,224,3
5613,720575941523099127,DNut053,power_control,720575941594160421,2,720575941533190337,DLM1,power,DLM,16,14,224,3
5614,720575941523099127,DNut053,power_control,720575941594160421,2,720575941533190337,DLM1,power,DLM,16,51,816,3
5615,720575941523099127,DNut053,power_control,720575941594160421,2,720575941534583786,DLM5,power,DLM,16,39,624,3
5616,720575941523099127,DNut053,power_control,720575941594160421,2,720575941534583786,DLM5,power,DLM,16,14,224,3
5617,720575941523099127,DNut053,power_control,720575941594160421,2,720575941565105206,DVM1A,power,DVM,16,10,160,3
5618,720575941523099127,DNut053,power_control,720575941594160421,2,720575941566847847,DVM1A,power,DVM,16,13,208,3
5619,720575941523099127,DNut053,power_control,720575941594160421,2,720575941583644382,DLM1,power,DLM,16,49,784,3
5620,720575941523099127,DNut053,power_control,720575941594160421,2,720575941596050112,DLM5,power,DLM,16,58,928,3
5621,720575941523099127,DNut053,power_control,720575941594160421,2,720575941597489344,DVM1A,power,DVM,16,38,608,3
5622,720575941523099127,DNut053,power_control,720575941594160421,2,720575941603635190,DVM1A,power,DVM,16,35,560,3
5623,720575941523099127,DNut053,power_control,720575941594160421,2,720575941624985226,DVM2A,power,DVM,16,14,224,3
5624,720575941523099127,DNut053,power_control,720575941594160421,2,720575941640465439,DLM1,power,DLM,16,20,320,3
5625,720575941523099127,DNut053,power_control,720575941594160421,2,720575941640465439,DLM1,power,DLM,16,27,432,3
5626,720575941523099127,DNut053,power_control,720575941594160421,2,720575941645403000,DLM1,power,DLM,16,38,608,3
5627,720575941523099127,DNut053,power_control,720575941594160421,2,720575941645403000,DLM1,power,DLM,16,26,416,3
5628,720575941523099127,DNut053,power_control,720575941608991050,1,720575941521196211,b1,steering,basalar,10,31,310,3
5629,720575941523099127,DNut053,power_control,720575941608991050,1,720575941624155644,b2,steering,basalar,10,29,290,3
5630,720575941498444155,DNg06,power_control,720575941500845035,5,720575941475745898,i2,steering,axillary_i,10,12,120,3
5631,720575941498444155,DNg06,power_control,720575941500845035,5,720575941542412805,b3,steering,basalar,10,13,130,3
5632,720575941498444155,DNg06,power_control,720575941500845035,5,720575941547315060,i1,steering,axillary_i,10,20,200,3
5633,720575941498444155,DNg06,power_control,720575941500845035,5,720575941547394081,i2,steering,axillary_i,10,34,340,3
5634,720575941498444155,DNg06,power_control,720575941526690841,2,720575941463144336,DLM1,power,DLM,10,15,150,3
5635,720575941498444155,DNg06,power_control,720575941526690841,2,720575941472734048,DVM1A,power,DVM,10,12,120,3
5636,720575941498444155,DNg06,power_control,720575941526690841,2,720575941479034563,DLM1,power,DLM,10,12,120,3
5637,720575941498444155,DNg06,power_control,720575941526690841,2,720575941533190337,DLM1,power,DLM,10,13,130,3
5638,720575941498444155,DNg06,power_control,720575941526690841,2,720575941583644382,DLM1,power,DLM,10,17,170,3
5639,720575941498444155,DNg06,power_control,720575941526690841,2,720575941596050112,DLM5,power,DLM,10,25,250,3
5640,720575941498444155,DNg06,power_control,720575941526690841,2,720575941597489344,DVM1A,power,DVM,10,14,140,3
5641,720575941498444155,DNg06,power_control,720575941526690841,2,720575941463144336,DLM1,power,DLM,10,15,150,3
5642,720575941498444155,DNg06,power_control,720575941526690841,2,720575941472734048,DVM1A,power,DVM,10,12,120,3
5643,720575941498444155,DNg06,power_control,720575941526690841,2,720575941479034563,DLM1,power,DLM,10,12,120,3
5644,720575941498444155,DNg06,power_control,720575941526690841,2,720575941533190337,DLM1,power,DLM,10,13,130,3
5645,720575941498444155,DNg06,power_control,720575941526690841,2,720575941583644382,DLM1,power,DLM,10,17,170,3
5646,720575941498444155,DNg06,power_control,720575941526690841,2,720575941596050112,DLM5,power,DLM,10,25,250,3
5647,720575941498444155,DNg06,power_control,720575941526690841,2,720575941597489344,DVM1A,power,DVM,10,14,140,3
5648,720575941498444155,DNg06,power_control,720575941562134829,2,720575941519783640,DLM1,power,DLM,17,32,544,3
5649,720575941498444155,DNg06,power_control,720575941562134829,2,720575941534583786,DLM5,power,DLM,17,21,357,3
5650,720575941498444155,DNg06,power_control,720575941562134829,2,720575941565105206,DVM1A,power,DVM,17,13,221,3
5651,720575941498444155,DNg06,power_control,720575941562134829,2,720575941566847847,DVM1A,power,DVM,17,14,238,3
5652,720575941498444155,DNg06,power_control,720575941562134829,2,720575941640465439,DLM1,power,DLM,17,15,255,3
5653,720575941498444155,DNg06,power_control,720575941562134829,2,720575941645403000,DLM1,power,DLM,17,10,170,3
5654,720575941498444155,DNg06,power_control,720575941562134829,2,720575941645403000,DLM1,power,DLM,17,11,187,3
5655,720575941546446697,DNg91,steering_control,720575941399253283,1,720575941549822781,b1,steering,basalar,14,17,238,3
5656,720575941546446697,DNg91,steering_control,720575941399253283,1,720575941549822781,b1,steering,basalar,14,26,364,3
5657,720575941546446697,DNg91,steering_control,720575941399253283,1,720575941655597785,b2,steering,basalar,14,13,182,3
5658,720575941546446697,DNg91,steering_control,720575941456348575,4,720575941456201887,hg1,steering,haltere,13,39,507,3
5659,720575941546446697,DNg91,steering_control,720575941456348575,4,720575941458961604,iii3,steering,axillary_III,13,20,260,3
5660,720575941546446697,DNg91,steering_control,720575941456348575,4,720575941459347411,iii4,steering,axillary_III,13,48,624,3
5661,720575941546446697,DNg91,steering_control,720575941456348575,4,720575941459347411,iii4,steering,axillary_III,13,13,169,3
5662,720575941546446697,DNg91,steering_control,720575941456348575,4,720575941483845954,hg3,steering,haltere,13,19,247,3
5663,720575941546446697,DNg91,steering_control,720575941456348575,4,720575941630940642,hg4,steering,haltere,13,61,793,3
5664,720575941546446697,DNg91,steering_control,720575941456348575,4,720575941630940642,hg4,steering,haltere,13,13,169,3
5665,720575941546446697,DNg91,steering_control,720575941456348575,4,720575941456201887,hg1,steering,haltere,18,39,702,3
5666,720575941546446697,DNg91,steering_control,720575941456348575,4,720575941458961604,iii3,steering,axillary_III,18,20,360,3
5667,720575941546446697,DNg91,steering_control,720575941456348575,4,720575941459347411,iii4,steering,axillary_III,18,48,864,3
5668,720575941546446697,DNg91,steering_control,720575941456348575,4,720575941459347411,iii4,steering,axillary_III,18,13,234,3
5669,720575941546446697,DNg91,steering_control,720575941456348575,4,720575941483845954,hg3,steering,haltere,18,19,342,3
5670,720575941546446697,DNg91,steering_control,720575941456348575,4,720575941630940642,hg4,steering,haltere,18,61,1098,3
5671,720575941546446697,DNg91,steering_control,720575941456348575,4,720575941630940642,hg4,steering,haltere,18,13,234,3
5672,720575941543684357,DNg94,steering_control,720575941480550018,4,720575941456201887,hg1,steering,haltere,10,10,100,3
5673,720575941543684357,DNg94,steering_control,720575941601298617,5,720575941547315060,i1,steering,axillary_i,12,11,132,3
5674,720575941543684357,DNg94,steering_control,720575941644908408,1,720575941513173763,hg4,steering,haltere,23,19,437,3
5675,720575941543684357,DNg94,steering_control,720575941644908408,1,720575941516770670,iii4,steering,axillary_III,23,13,299,3
5676,720575941543684357,DNg94,steering_control,720575941644908408,1,720575941655597785,b2,steering,basalar,23,18,414,3
5677,720575941543684357,DNg94,steering_control,720575941644908408,1,720575941655597785,b2,steering,basalar,23,23,529,3
5678,720575941476250164,DNut062,steering_control,720575941439017423,5,720575941542412805,b3,steering,basalar,21,182,3822,3
5679,720575941476250164,DNut062,steering_control,720575941439017423,5,720575941542412805,b3,steering,basalar,21,33,693,3
5680,720575941476250164,DNut062,steering_control,720575941439017423,5,720575941547315060,i1,steering,axillary_i,21,100,2100,3
5681,720575941476250164,DNut062,steering_control,720575941439017423,5,720575941547315060,i1,steering,axillary_i,21,19,399,3
5682,720575941476250164,DNut062,steering_control,720575941439017423,5,720575941547394081,i2,steering,axillary_i,21,15,315,3
5683,720575941476250164,DNut062,steering_control,720575941439017423,5,720575941547394081,i2,steering,axillary_i,21,12,252,3
5684,720575941476250164,DNut062,steering_control,720575941477297716,4,720575941630940642,hg4,steering,haltere,13,32,416,3
5685,720575941476250164,DNut062,steering_control,720575941518537582,4,720575941630940642,hg4,steering,haltere,11,18,198,3
5686,720575941400285475,DNnt020,steering_control,720575941579868917,4,720575941630940642,hg4,steering,haltere,45,46,2070,3
5687,720575941400285475,DNnt020,steering_control,720575941579868917,4,720575941630940642,hg4,steering,haltere,45,33,1485,3
5688,720575941450378333,DNp103,steering_control,720575941539355517,5,720575941475745898,i2,steering,axillary_i,33,16,528,3
5689,720575941450378333,DNp103,steering_control,720575941539355517,5,720575941475745898,i2,steering,axillary_i,33,11,363,3
5690,720575941450378333,DNp103,steering_control,720575941539355517,5,720575941547394081,i2,steering,axillary_i,33,17,561,3
5691,720575941450378333,DNp103,steering_control,720575941615272601,5,720575941475745898,i2,steering,axillary_i,11,12,132,3
5692,720575941450378333,DNp103,steering_control,720575941615272601,5,720575941547394081,i2,steering,axillary_i,11,26,286,3
5693,720575941450378333,DNp103,steering_control,720575941615272601,5,720575941547394081,i2,steering,axillary_i,11,19,209,3
5694,720575941560434035,DNxn152,steering_control,720575941461221075,5,720575941475745898,i2,steering,axillary_i,24,14,336,3
5695,720575941560434035,DNxn152,steering_control,720575941542469212,3,720575941459347411,iii4,steering,axillary_III,10,10,100,3
5696,720575941560434035,DNxn152,steering_control,720575941542469212,3,720575941516770670,iii4,steering,axillary_III,10,15,150,3
5697,720575941560434035,DNxn152,steering_control,720575941542469212,3,720575941643100754,ps1,steering,pleurosternal,10,15,150,3
5698,720575941560434035,DNxn152,steering_control,720575941542469212,3,720575941645041313,ps1,steering,pleurosternal,10,14,140,3
5699,720575941560434035,DNxn152,steering_control,720575941542469212,3,720575941645041313,ps1,steering,pleurosternal,10,38,380,3
5700,720575941560434035,DNxn152,steering_control,720575941542469212,3,720575941645041313,ps1,steering,pleurosternal,10,17,170,3
5701,720575941560434035,DNxn152,steering_control,720575941658910032,4,720575941513173763,hg4,steering,haltere,10,15,150,3
5702,720575941560434035,DNxn152,steering_control,720575941658910032,4,720575941516770670,iii4,steering,axillary_III,10,15,150,3
5703,720575941557388708,DNb03,steering_control,720575941593965957,4,720575941513173763,hg4,steering,haltere,14,15,210,3
5704,720575941557388708,DNb03,steering_control,720575941606622317,5,720575941458961604,iii3,steering,axillary_III,13,13,169,3
5705,720575941557388708,DNb03,steering_control,720575941669827505,5,720575941472734048,DVM1A,power,DVM,17,27,459,3
5706,720575941557388708,DNb03,steering_control,720575941669827505,5,720575941597489344,DVM1A,power,DVM,17,19,323,3
5707,720575941557388708,DNb03,steering_control,720575941669827505,5,720575941603635190,DVM1A,power,DVM,17,11,187,3
5708,720575941481103523,DNxn136,steering_control,720575941464073558,5,720575941468897856,i1,steering,axillary_i,14,19,266,3
5709,720575941481103523,DNxn136,steering_control,720575941464073558,5,720575941468897856,i1,steering,axillary_i,14,15,210,3
5710,720575941481103523,DNxn136,steering_control,720575941464073558,5,720575941468897856,i1,steering,axillary_i,14,23,322,3
5711,720575941481103523,DNxn136,steering_control,720575941464073558,5,720575941474574132,b3,steering,basalar,14,13,182,3
5712,720575941481103523,DNxn136,steering_control,720575941464073558,5,720575941474574132,b3,steering,basalar,14,23,322,3
5713,720575941481103523,DNxn136,steering_control,720575941464073558,5,720575941474574132,b3,steering,basalar,14,27,378,3
5714,720575941481103523,DNxn136,steering_control,720575941477166622,5,720575941542412805,b3,steering,basalar,13,17,221,3
5715,720575941481103523,DNxn136,steering_control,720575941477166622,5,720575941547315060,i1,steering,axillary_i,13,13,169,3
5716,720575941481103523,DNxn136,steering_control,720575941572251144,1,720575941549822781,b1,steering,basalar,17,25,425,3
5717,720575941481103523,DNxn136,steering_control,720575941572251144,1,720575941655597785,b2,steering,basalar,17,16,272,3
5718,720575941554694372,DNg36,steering_control,720575941438938175,4,720575941456201887,hg1,steering,haltere,23,11,253,3
5719,720575941554694372,DNg36,steering_control,720575941438938175,4,720575941456201887,hg1,steering,haltere,23,16,368,3
5720,720575941554694372,DNg36,steering_control,720575941438938175,4,720575941479658831,hg2,steering,haltere,23,15,345,3
5721,720575941554694372,DNg36,steering_control,720575941438938175,4,720575941630940642,hg4,steering,haltere,23,19,437,3
5722,720575941554694372,DNg36,steering_control,720575941438938175,4,720575941732789547,hg2,steering,haltere,23,12,276,3
5723,720575941554694372,DNg36,steering_control,720575941438938175,4,720575941732789547,hg2,steering,haltere,23,18,414,3
5724,720575941554694372,DNg36,steering_control,720575941506644540,1,720575941459347411,iii4,steering,axillary_III,21,12,252,3
5725,720575941554694372,DNg36,steering_control,720575941506644540,1,720575941624155644,b2,steering,basalar,21,12,252,3
5726,720575941537710824,DNg98,steering_control,720575941414456212,4,720575941483845954,hg3,steering,haltere,14,26,364,3
5727,720575941537710824,DNg98,steering_control,720575941579867125,4,720575941459347411,iii4,steering,axillary_III,15,10,150,3
5728,720575941537710824,DNg98,steering_control,720575941579867125,4,720575941459347411,iii4,steering,axillary_III,15,24,360,3
5729,720575941537710824,DNg98,steering_control,720575941579867125,4,720575941547394081,i2,steering,axillary_i,15,10,150,3
5730,720575941537710824,DNg98,steering_control,720575941669866161,5,720575941629172716,iii1,steering,axillary_III,14,10,140,3
5731,720575941602114494,DNnt015,steering_control,720575941400818723,4,720575941513173763,hg4,steering,haltere,33,36,1188,3
5732,720575941602114494,DNnt015,steering_control,720575941400818723,4,720575941513173763,hg4,steering,haltere,33,10,330,3
5733,720575941602114494,DNnt015,steering_control,720575941400818723,4,720575941513173763,hg4,steering,haltere,33,11,363,3
5734,720575941602114494,DNnt015,steering_control,720575941400818723,4,720575941580669817,hg1,steering,haltere,33,26,858,3
5735,720575941602114494,DNnt015,steering_control,720575941400818723,4,720575941513173763,hg4,steering,haltere,10,36,360,3
5736,720575941602114494,DNnt015,steering_control,720575941400818723,4,720575941513173763,hg4,steering,haltere,10,10,100,3
5737,720575941602114494,DNnt015,steering_control,720575941400818723,4,720575941513173763,hg4,steering,haltere,10,11,110,3
5738,720575941602114494,DNnt015,steering_control,720575941400818723,4,720575941580669817,hg1,steering,haltere,10,26,260,3
5739,720575941572471454,DNg108,steering_control,720575941447822158,5,720575941475745898,i2,steering,axillary_i,10,15,150,3
5740,720575941572471454,DNg108,steering_control,720575941447822158,5,720575941549822781,b1,steering,basalar,10,14,140,3
5741,720575941572471454,DNg108,steering_control,720575941546727713,1,720575941549822781,b1,steering,basalar,10,24,240,3
5742,720575941572471454,DNg108,steering_control,720575941546727713,1,720575941549822781,b1,steering,basalar,10,30,300,3
5743,720575941572471454,DNg108,steering_control,720575941546727713,1,720575941549822781,b1,steering,basalar,10,54,540,3
5744,720575941572471454,DNg108,steering_control,720575941546727713,1,720575941655597785,b2,steering,basalar,10,17,170,3
5745,720575941572471454,DNg108,steering_control,720575941546727713,1,720575941655597785,b2,steering,basalar,10,18,180,3
5746,720575941572471454,DNg108,steering_control,720575941546727713,1,720575941655597785,b2,steering,basalar,10,76,760,3
5747,720575941572471454,DNg108,steering_control,720575941613403100,1,720575941549822781,b1,steering,basalar,10,21,210,3
5748,720575941572471454,DNg108,steering_control,720575941613403100,1,720575941549822781,b1,steering,basalar,10,45,450,3
5749,720575941572471454,DNg108,steering_control,720575941613403100,1,720575941655597785,b2,steering,basalar,10,18,180,3
5750,720575941572471454,DNg108,steering_control,720575941613403100,1,720575941655597785,b2,steering,basalar,10,18,180,3
5751,720575941572471454,DNg108,steering_control,720575941613403100,1,720575941655597785,b2,steering,basalar,10,102,1020,3
5752,720575941572471454,DNg108,steering_control,720575941630620576,5,720575941629172716,iii1,steering,axillary_III,13,11,143,3
5753,720575941572471454,DNg108,steering_control,720575941630620576,5,720575941629172716,iii1,steering,axillary_III,13,78,1014,3
5754,720575941593683051,DNp10,steering_control,720575941414508948,5,720575941560383347,DVM1A,power,DVM,32,10,320,3
5755,720575941593683051,DNp10,steering_control,720575941535047690,5,720575941489673420,iii1,steering,axillary_III,11,19,209,3
5756,720575941593683051,DNp10,steering_control,720575941535047690,5,720575941629172716,iii1,steering,axillary_III,11,13,143,3
5757,720575941593683051,DNp10,steering_control,720575941535047690,5,720575941629172716,iii1,steering,axillary_III,11,25,275,3
5758,720575941733143339,DNg94,steering_control,720575941508509569,4,720575941459347411,iii4,steering,axillary_III,33,14,462,3
5759,720575941733143339,DNg94,steering_control,720575941508509569,4,720575941459347411,iii4,steering,axillary_III,33,13,429,3
5760,720575941733143339,DNg94,steering_control,720575941508509569,4,720575941624155644,b2,steering,basalar,33,15,495,3
5761,720575941733143339,DNg94,steering_control,720575941508509569,4,720575941630940642,hg4,steering,haltere,33,13,429,3
5762,720575941733143339,DNg94,steering_control,720575941526764388,3,720575941645041313,ps1,steering,pleurosternal,10,11,110,3
5763,720575941493998464,DNnt010,steering_control,720575941579868917,4,720575941630940642,hg4,steering,haltere,43,46,1978,3
5764,720575941493998464,DNnt010,steering_control,720575941579868917,4,720575941630940642,hg4,steering,haltere,43,33,1419,3
5765,720575941412619631,DNxn153,steering_control,720575941429439959,5,720575941489673420,iii1,steering,axillary_III,11,20,220,3
5766,720575941412619631,DNxn153,steering_control,720575941429439959,5,720575941489673420,iii1,steering,axillary_III,11,12,132,3
5767,720575941412619631,DNxn153,steering_control,720575941429439959,5,720575941489673420,iii1,steering,axillary_III,11,14,154,3
5768,720575941412619631,DNxn153,steering_control,720575941429439959,5,720575941547315060,i1,steering,axillary_i,11,16,176,3
5769,720575941412619631,DNxn153,steering_control,720575941429439959,5,720575941547394081,i2,steering,axillary_i,11,11,121,3
5770,720575941412619631,DNxn153,steering_control,720575941429439959,5,720575941629172716,iii1,steering,axillary_III,11,12,132,3
5771,720575941412619631,DNxn153,steering_control,720575941429439959,5,720575941629172716,iii1,steering,axillary_III,11,14,154,3
5772,720575941412619631,DNxn153,steering_control,720575941473850720,5,720575941479658831,hg2,steering,haltere,12,10,120,3
5773,720575941412619631,DNxn153,steering_control,720575941473850720,5,720575941542412805,b3,steering,basalar,12,10,120,3
5774,720575941412619631,DNxn153,steering_control,720575941473850720,5,720575941542412805,b3,steering,basalar,12,11,132,3
5775,720575941412619631,DNxn153,steering_control,720575941535047690,5,720575941489673420,iii1,steering,axillary_III,20,19,380,3
5776,720575941412619631,DNxn153,steering_control,720575941535047690,5,720575941629172716,iii1,steering,axillary_III,20,13,260,3
5777,720575941412619631,DNxn153,steering_control,720575941535047690,5,720575941629172716,iii1,steering,axillary_III,20,25,500,3
5778,720575941461674436,DNb06,steering_control,720575941583601886,5,720575941468897856,i1,steering,axillary_i,27,16,432,3
5779,720575941461674436,DNb06,steering_control,720575941583601886,5,720575941468897856,i1,steering,axillary_i,27,48,1296,3
5780,720575941461674436,DNb06,steering_control,720575941583601886,5,720575941468897856,i1,steering,axillary_i,27,34,918,3
5781,720575941461674436,DNb06,steering_control,720575941583601886,5,720575941474574132,b3,steering,basalar,27,15,405,3
5782,720575941461674436,DNb06,steering_control,720575941583601886,5,720575941474574132,b3,steering,basalar,27,25,675,3
5783,720575941461674436,DNb06,steering_control,720575941583601886,5,720575941474574132,b3,steering,basalar,27,62,1674,3
5784,720575941461674436,DNb06,steering_control,720575941583601886,5,720575941475745898,i2,steering,axillary_i,27,31,837,3
5785,720575941461674436,DNb06,steering_control,720575941583601886,5,720575941475745898,i2,steering,axillary_i,27,51,1377,3
5786,720575941461674436,DNb06,steering_control,720575941583601886,5,720575941468897856,i1,steering,axillary_i,16,16,256,3
5787,720575941461674436,DNb06,steering_control,720575941583601886,5,720575941468897856,i1,steering,axillary_i,16,48,768,3
5788,720575941461674436,DNb06,steering_control,720575941583601886,5,720575941468897856,i1,steering,axillary_i,16,34,544,3
5789,720575941461674436,DNb06,steering_control,720575941583601886,5,720575941474574132,b3,steering,basalar,16,15,240,3
5790,720575941461674436,DNb06,steering_control,720575941583601886,5,720575941474574132,b3,steering,basalar,16,25,400,3
5791,720575941461674436,DNb06,steering_control,720575941583601886,5,720575941474574132,b3,steering,basalar,16,62,992,3
5792,720575941461674436,DNb06,steering_control,720575941583601886,5,720575941475745898,i2,steering,axillary_i,16,31,496,3
5793,720575941461674436,DNb06,steering_control,720575941583601886,5,720575941475745898,i2,steering,axillary_i,16,51,816,3
5794,720575941452165801,DNxn146,steering_control,720575941549403903,4,720575941630940642,hg4,steering,haltere,13,11,143,3
5795,720575941452165801,DNxn146,steering_control,720575941549403903,4,720575941630940642,hg4,steering,haltere,13,14,182,3
5796,720575941452165801,DNxn146,steering_control,720575941609001034,4,720575941513173763,hg4,steering,haltere,29,23,667,3
5797,720575941504703938,DNb02,steering_control,720575941429556655,4,720575941456201887,hg1,steering,haltere,14,16,224,3
5798,720575941504703938,DNb02,steering_control,720575941429556655,4,720575941630940642,hg4,steering,haltere,14,57,798,3
5799,720575941504703938,DNb02,steering_control,720575941429556655,4,720575941630940642,hg4,steering,haltere,14,10,140,3
5800,720575941504703938,DNb02,steering_control,720575941429556655,4,720575941630940642,hg4,steering,haltere,14,14,196,3
5801,720575941504703938,DNb02,steering_control,720575941464768790,4,720575941456201887,hg1,steering,haltere,10,22,220,3
5802,720575941504703938,DNb02,steering_control,720575941464768790,4,720575941459347411,iii4,steering,axillary_III,10,10,100,3
5803,720575941504703938,DNb02,steering_control,720575941464768790,4,720575941630940642,hg4,steering,haltere,10,30,300,3
5804,720575941504703938,DNb02,steering_control,720575941574155003,5,720575941472734048,DVM1A,power,DVM,17,13,221,3
5805,720575941504703938,DNb02,steering_control,720575941574155003,5,720575941474574132,b3,steering,basalar,17,13,221,3
5806,720575941504703938,DNb02,steering_control,720575941574155003,5,720575941603635190,DVM1A,power,DVM,17,12,204,3
5807,720575941562036743,DNut042,steering_control,720575941429556655,4,720575941456201887,hg1,steering,haltere,15,16,240,3
5808,720575941562036743,DNut042,steering_control,720575941429556655,4,720575941630940642,hg4,steering,haltere,15,57,855,3
5809,720575941562036743,DNut042,steering_control,720575941429556655,4,720575941630940642,hg4,steering,haltere,15,10,150,3
5810,720575941562036743,DNut042,steering_control,720575941429556655,4,720575941630940642,hg4,steering,haltere,15,14,210,3
5811,720575941562036743,DNut042,steering_control,720575941528944568,5,720575941458961604,iii3,steering,axillary_III,12,154,1848,3
5812,720575941562036743,DNut042,steering_control,720575941528944568,5,720575941458961604,iii3,steering,axillary_III,12,53,636,3
5813,720575941562036743,DNut042,steering_control,720575941528944568,5,720575941458961604,iii3,steering,axillary_III,12,11,132,3
5814,720575941562036743,DNut042,steering_control,720575941528944568,5,720575941565378919,iii3,steering,axillary_III,12,23,276,3
5815,720575941562036743,DNut042,steering_control,720575941528944568,5,720575941565378919,iii3,steering,axillary_III,12,41,492,3
5816,720575941562036743,DNut042,steering_control,720575941557294095,1,720575941549822781,b1,steering,basalar,14,29,406,3
5817,720575941562036743,DNut042,steering_control,720575941557294095,1,720575941549822781,b1,steering,basalar,14,20,280,3
5818,720575941562036743,DNut042,steering_control,720575941557294095,1,720575941655597785,b2,steering,basalar,14,11,154,3
5819,720575941554109668,DNg51,steering_control,720575941545400508,1,720575941549822781,b1,steering,basalar,11,15,165,3
5820,720575941554109668,DNg51,steering_control,720575941545400508,1,720575941655597785,b2,steering,basalar,11,10,110,3
5821,720575941554109668,DNg51,steering_control,720575941595804828,1,720575941549822781,b1,steering,basalar,13,13,169,3
5822,720575941554109668,DNg51,steering_control,720575941595804828,1,720575941655597785,b2,steering,basalar,13,13,169,3
5823,720575941554109668,DNg51,steering_control,720575941658602520,1,720575941624155644,b2,steering,basalar,17,10,170,3
5824,720575941472044352,DNg82,steering_control,720575941465484566,1,720575941655597785,b2,steering,basalar,23,37,851,3
5825,720575941472044352,DNg82,steering_control,720575941630748859,1,720575941655597785,b2,steering,basalar,18,10,180,3
5826,720575941472044352,DNg82,steering_control,720575941630748859,1,720575941655597785,b2,steering,basalar,18,58,1044,3
5827,720575941521340087,DNp51,steering_control,720575941464073558,5,720575941468897856,i1,steering,axillary_i,17,19,323,3
5828,720575941521340087,DNp51,steering_control,720575941464073558,5,720575941468897856,i1,steering,axillary_i,17,15,255,3
5829,720575941521340087,DNp51,steering_control,720575941464073558,5,720575941468897856,i1,steering,axillary_i,17,23,391,3
5830,720575941521340087,DNp51,steering_control,720575941464073558,5,720575941474574132,b3,steering,basalar,17,13,221,3
5831,720575941521340087,DNp51,steering_control,720575941464073558,5,720575941474574132,b3,steering,basalar,17,23,391,3
5832,720575941521340087,DNp51,steering_control,720575941464073558,5,720575941474574132,b3,steering,basalar,17,27,459,3
5833,720575941521340087,DNp51,steering_control,720575941477166622,5,720575941542412805,b3,steering,basalar,11,17,187,3
5834,720575941521340087,DNp51,steering_control,720575941477166622,5,720575941547315060,i1,steering,axillary_i,11,13,143,3
5835,720575941521340087,DNp51,steering_control,720575941572251144,1,720575941549822781,b1,steering,basalar,12,25,300,3
5836,720575941521340087,DNp51,steering_control,720575941572251144,1,720575941655597785,b2,steering,basalar,12,16,192,3
5837,720575941562404008,DNge088,steering_control,720575941524369945,1,720575941516770670,iii4,steering,axillary_III,12,14,168,3
5838,720575941562404008,DNge088,steering_control,720575941524369945,1,720575941580669817,hg1,steering,haltere,12,19,228,3
5839,720575941562404008,DNge088,steering_control,720575941524369945,1,720575941655597785,b2,steering,basalar,12,25,300,3
5840,720575941562404008,DNge088,steering_control,720575941572251144,1,720575941549822781,b1,steering,basalar,12,25,300,3
5841,720575941562404008,DNge088,steering_control,720575941572251144,1,720575941655597785,b2,steering,basalar,12,16,192,3
5842,720575941562404008,DNge088,steering_control,720575941572251144,1,720575941549822781,b1,steering,basalar,16,25,400,3
5843,720575941562404008,DNge088,steering_control,720575941572251144,1,720575941655597785,b2,steering,basalar,16,16,256,3
5844,720575941595376677,DNxn143,steering_control,720575941608310346,5,720575941474574132,b3,steering,basalar,25,14,350,3
5845,720575941595376677,DNxn143,steering_control,720575941608310346,5,720575941474574132,b3,steering,basalar,25,10,250,3
5846,720575941595376677,DNxn143,steering_control,720575941608310346,5,720575941580669817,hg1,steering,haltere,25,12,300,3
5847,720575941595376677,DNxn143,steering_control,720575941608310346,5,720575941474574132,b3,steering,basalar,15,14,210,3
5848,720575941595376677,DNxn143,steering_control,720575941608310346,5,720575941474574132,b3,steering,basalar,15,10,150,3
5849,720575941595376677,DNxn143,steering_control,720575941608310346,5,720575941580669817,hg1,steering,haltere,15,12,180,3
5850,720575941691021720,DNg89,steering_control,720575941579868917,4,720575941630940642,hg4,steering,haltere,39,46,1794,3
5851,720575941691021720,DNg89,steering_control,720575941579868917,4,720575941630940642,hg4,steering,haltere,39,33,1287,3
5852,720575941652085745,DNxn143,steering_control,720575941477166622,5,720575941542412805,b3,steering,basalar,26,17,442,3
5853,720575941652085745,DNxn143,steering_control,720575941477166622,5,720575941547315060,i1,steering,axillary_i,26,13,338,3
5854,720575941652085745,DNxn143,steering_control,720575941477166622,5,720575941542412805,b3,steering,basalar,13,17,221,3
5855,720575941652085745,DNxn143,steering_control,720575941477166622,5,720575941547315060,i1,steering,axillary_i,13,13,169,3
5856,720575941513811532,DNxn173,steering_control,720575941608310346,5,720575941474574132,b3,steering,basalar,39,14,546,3
5857,720575941513811532,DNxn173,steering_control,720575941608310346,5,720575941474574132,b3,steering,basalar,39,10,390,3
5858,720575941513811532,DNxn173,steering_control,720575941608310346,5,720575941580669817,hg1,steering,haltere,39,12,468,3
5859,720575941530295013,DNg49,steering_control,720575941597149376,4,720575941513173763,hg4,steering,haltere,17,21,357,3
5860,720575941530295013,DNg49,steering_control,720575941609001034,4,720575941513173763,hg4,steering,haltere,22,23,506,3
5861,720575941537820658,DNge095,steering_control,720575941555186074,5,720575941542412805,b3,steering,basalar,28,12,336,3
5862,720575941537820658,DNge095,steering_control,720575941614802389,1,720575941655597785,b2,steering,basalar,10,17,170,3
5863,720575941562192429,DNge090,steering_control,720575941436996882,4,720575941456201887,hg1,steering,haltere,15,41,615,3
5864,720575941562192429,DNge090,steering_control,720575941436996882,4,720575941456201887,hg1,steering,haltere,15,25,375,3
5865,720575941562192429,DNge090,steering_control,720575941436996882,4,720575941459347411,iii4,steering,axillary_III,15,32,480,3
5866,720575941562192429,DNge090,steering_control,720575941436996882,4,720575941459347411,iii4,steering,axillary_III,15,21,315,3
5867,720575941562192429,DNge090,steering_control,720575941436996882,4,720575941624155644,b2,steering,basalar,15,12,180,3
5868,720575941562192429,DNge090,steering_control,720575941477884802,4,720575941456201887,hg1,steering,haltere,23,27,621,3
5869,720575941562192429,DNge090,steering_control,720575941477884802,4,720575941456201887,hg1,steering,haltere,23,29,667,3
5870,720575941562192429,DNge090,steering_control,720575941477884802,4,720575941459347411,iii4,steering,axillary_III,23,19,437,3
5871,720575941562192429,DNge090,steering_control,720575941477884802,4,720575941624155644,b2,steering,basalar,23,26,598,3
5872,720575941511473996,DNut054,steering_control,720575941535331338,4,720575941516770670,iii4,steering,axillary_III,14,21,294,3
5873,720575941511473996,DNut054,steering_control,720575941535331338,4,720575941516770670,iii4,steering,axillary_III,14,20,280,3
5874,720575941511473996,DNut054,steering_control,720575941535331338,4,720575941580669817,hg1,steering,haltere,14,51,714,3
5875,720575941511473996,DNut054,steering_control,720575941535331338,4,720575941580669817,hg1,steering,haltere,14,36,504,3
5876,720575941511473996,DNut054,steering_control,720575941535331338,4,720575941655597785,b2,steering,basalar,14,15,210,3
5877,720575941511473996,DNut054,steering_control,720575941535331338,4,720575941655597785,b2,steering,basalar,14,18,252,3
5878,720575941511473996,DNut054,steering_control,720575941555186074,5,720575941542412805,b3,steering,basalar,13,12,156,3
5879,720575941511473996,DNut054,steering_control,720575941650775313,1,720575941521196211,b1,steering,basalar,10,14,140,3
5880,720575941511473996,DNut054,steering_control,720575941650775313,1,720575941549822781,b1,steering,basalar,10,10,100,3
5881,720575941511473996,DNut054,steering_control,720575941650775313,1,720575941624155644,b2,steering,basalar,10,17,170,3
5882,720575941511473996,DNut054,steering_control,720575941650775313,1,720575941624155644,b2,steering,basalar,10,16,160,3
5883,720575941511473996,DNut054,steering_control,720575941650775313,1,720575941655597785,b2,steering,basalar,10,26,260,3
5884,720575941511473996,DNut054,steering_control,720575941650775313,1,720575941655597785,b2,steering,basalar,10,12,120,3
5885,720575941515630947,DNp12,steering_control,720575941450628218,5,720575941475745898,i2,steering,axillary_i,13,26,338,3
5886,720575941515630947,DNp12,steering_control,720575941450628218,5,720575941542412805,b3,steering,basalar,13,10,130,3
5887,720575941515630947,DNp12,steering_control,720575941566802170,4,720575941459347411,iii4,steering,axillary_III,14,16,224,3
5888,720575941515630947,DNp12,steering_control,720575941609429350,5,720575941475745898,i2,steering,axillary_i,10,10,100,3
5889,720575941515630947,DNp12,steering_control,720575941609429350,5,720575941547394081,i2,steering,axillary_i,10,12,120,3
5890,720575941558607396,DNp03,steering_control,720575941465484566,1,720575941655597785,b2,steering,basalar,19,37,703,3
5891,720575941558607396,DNp03,steering_control,720575941572251144,1,720575941549822781,b1,steering,basalar,18,25,450,3
5892,720575941558607396,DNp03,steering_control,720575941572251144,1,720575941655597785,b2,steering,basalar,18,16,288,3
5893,720575941430607753,DNg111,steering_control,720575941474935105,5,720575941629172716,iii1,steering,axillary_III,10,23,230,3
5894,720575941430607753,DNg111,steering_control,720575941474935105,5,720575941629172716,iii1,steering,axillary_III,10,26,260,3
5895,720575941430607753,DNg111,steering_control,720575941521069751,4,720575941456201887,hg1,steering,haltere,11,11,121,3
5896,720575941430607753,DNg111,steering_control,720575941521069751,4,720575941456201887,hg1,steering,haltere,11,32,352,3
5897,720575941430607753,DNg111,steering_control,720575941521069751,4,720575941459347411,iii4,steering,axillary_III,11,11,121,3
5898,720575941430607753,DNg111,steering_control,720575941521069751,4,720575941459347411,iii4,steering,axillary_III,11,11,121,3
5899,720575941430607753,DNg111,steering_control,720575941521069751,4,720575941459347411,iii4,steering,axillary_III,11,45,495,3
5900,720575941430607753,DNg111,steering_control,720575941521069751,4,720575941479658831,hg2,steering,haltere,11,14,154,3
5901,720575941430607753,DNg111,steering_control,720575941521069751,4,720575941645041313,ps1,steering,pleurosternal,11,14,154,3
5902,720575941430607753,DNg111,steering_control,720575941521069751,4,720575941732789547,hg2,steering,haltere,11,14,154,3
5903,720575941430607753,DNg111,steering_control,720575941545471593,5,720575941542412805,b3,steering,basalar,15,13,195,3
5904,720575941582282873,DNg08,steering_control,720575941475988529,5,720575941547394081,i2,steering,axillary_i,11,16,176,3
5905,720575941582282873,DNg08,steering_control,720575941477884802,4,720575941456201887,hg1,steering,haltere,24,27,648,3
5906,720575941582282873,DNg08,steering_control,720575941477884802,4,720575941456201887,hg1,steering,haltere,24,29,696,3
5907,720575941582282873,DNg08,steering_control,720575941477884802,4,720575941459347411,iii4,steering,axillary_III,24,19,456,3
5908,720575941582282873,DNg08,steering_control,720575941477884802,4,720575941624155644,b2,steering,basalar,24,26,624,3
5909,720575941611992493,DNxn007,steering_control,720575941414508948,5,720575941560383347,DVM1A,power,DVM,13,10,130,3
5910,720575941611992493,DNxn007,steering_control,720575941569707422,4,720575941483845954,hg3,steering,haltere,10,10,100,3
5911,720575941611992493,DNxn007,steering_control,720575941569707422,4,720575941483845954,hg3,steering,haltere,10,12,120,3
5912,720575941611992493,DNxn007,steering_control,720575941569707422,4,720575941580669817,hg1,steering,haltere,10,11,110,3
5913,720575941611992493,DNxn007,steering_control,720575941601088441,5,720575941468897856,i1,steering,axillary_i,12,16,192,3
5914,720575941611992493,DNxn007,steering_control,720575941601088441,5,720575941468897856,i1,steering,axillary_i,12,13,156,3
5915,720575941611992493,DNxn007,steering_control,720575941601088441,5,720575941468897856,i1,steering,axillary_i,12,14,168,3
5916,720575941611992493,DNxn007,steering_control,720575941601088441,5,720575941474574132,b3,steering,basalar,12,27,324,3
5917,720575941611992493,DNxn007,steering_control,720575941601088441,5,720575941474574132,b3,steering,basalar,12,15,180,3
5918,720575941611992493,DNxn007,steering_control,720575941601088441,5,720575941474574132,b3,steering,basalar,12,24,288,3
5919,720575941611992493,DNxn007,steering_control,720575941601088441,5,720575941580669817,hg1,steering,haltere,12,10,120,3
5920,720575941572620446,DNb03,steering_control,720575941593965957,4,720575941513173763,hg4,steering,haltere,23,15,345,3
5921,720575941572620446,DNb03,steering_control,720575941669827505,5,720575941472734048,DVM1A,power,DVM,12,27,324,3
5922,720575941572620446,DNb03,steering_control,720575941669827505,5,720575941597489344,DVM1A,power,DVM,12,19,228,3
5923,720575941572620446,DNb03,steering_control,720575941669827505,5,720575941603635190,DVM1A,power,DVM,12,11,132,3
5924,720575941511336402,DNg04,steering_control,720575941528944568,5,720575941458961604,iii3,steering,axillary_III,24,154,3696,3
5925,720575941511336402,DNg04,steering_control,720575941528944568,5,720575941458961604,iii3,steering,axillary_III,24,53,1272,3
5926,720575941511336402,DNg04,steering_control,720575941528944568,5,720575941458961604,iii3,steering,axillary_III,24,11,264,3
5927,720575941511336402,DNg04,steering_control,720575941528944568,5,720575941565378919,iii3,steering,axillary_III,24,23,552,3
5928,720575941511336402,DNg04,steering_control,720575941528944568,5,720575941565378919,iii3,steering,axillary_III,24,41,984,3
5929,720575941511336402,DNg04,steering_control,720575941528944568,5,720575941458961604,iii3,steering,axillary_III,11,154,1694,3
5930,720575941511336402,DNg04,steering_control,720575941528944568,5,720575941458961604,iii3,steering,axillary_III,11,53,583,3
5931,720575941511336402,DNg04,steering_control,720575941528944568,5,720575941458961604,iii3,steering,axillary_III,11,11,121,3
5932,720575941511336402,DNg04,steering_control,720575941528944568,5,720575941565378919,iii3,steering,axillary_III,11,23,253,3
5933,720575941511336402,DNg04,steering_control,720575941528944568,5,720575941565378919,iii3,steering,axillary_III,11,41,451,3
5934,720575941700293082,DNg06,power_control,720575941526690841,2,720575941463144336,DLM1,power,DLM,12,15,180,3
5935,720575941700293082,DNg06,power_control,720575941526690841,2,720575941472734048,DVM1A,power,DVM,12,12,144,3
5936,720575941700293082,DNg06,power_control,720575941526690841,2,720575941479034563,DLM1,power,DLM,12,12,144,3
5937,720575941700293082,DNg06,power_control,720575941526690841,2,720575941533190337,DLM1,power,DLM,12,13,156,3
5938,720575941700293082,DNg06,power_control,720575941526690841,2,720575941583644382,DLM1,power,DLM,12,17,204,3
5939,720575941700293082,DNg06,power_control,720575941526690841,2,720575941596050112,DLM5,power,DLM,12,25,300,3
5940,720575941700293082,DNg06,power_control,720575941526690841,2,720575941597489344,DVM1A,power,DVM,12,14,168,3
5941,720575941700293082,DNg06,power_control,720575941562134829,2,720575941519783640,DLM1,power,DLM,11,32,352,3
5942,720575941700293082,DNg06,power_control,720575941562134829,2,720575941534583786,DLM5,power,DLM,11,21,231,3
5943,720575941700293082,DNg06,power_control,720575941562134829,2,720575941565105206,DVM1A,power,DVM,11,13,143,3
5944,720575941700293082,DNg06,power_control,720575941562134829,2,720575941566847847,DVM1A,power,DVM,11,14,154,3
5945,720575941700293082,DNg06,power_control,720575941562134829,2,720575941640465439,DLM1,power,DLM,11,15,165,3
5946,720575941700293082,DNg06,power_control,720575941562134829,2,720575941645403000,DLM1,power,DLM,11,10,110,3
5947,720575941700293082,DNg06,power_control,720575941562134829,2,720575941645403000,DLM1,power,DLM,11,11,121,3
5948,720575941700293082,DNg06,power_control,720575941562134829,2,720575941519783640,DLM1,power,DLM,11,32,352,3
5949,720575941700293082,DNg06,power_control,720575941562134829,2,720575941534583786,DLM5,power,DLM,11,21,231,3
5950,720575941700293082,DNg06,power_control,720575941562134829,2,720575941565105206,DVM1A,power,DVM,11,13,143,3
5951,720575941700293082,DNg06,power_control,720575941562134829,2,720575941566847847,DVM1A,power,DVM,11,14,154,3
5952,720575941700293082,DNg06,power_control,720575941562134829,2,720575941640465439,DLM1,power,DLM,11,15,165,3
5953,720575941700293082,DNg06,power_control,720575941562134829,2,720575941645403000,DLM1,power,DLM,11,10,110,3
5954,720575941700293082,DNg06,power_control,720575941562134829,2,720575941645403000,DLM1,power,DLM,11,11,121,3
5955,720575941482535366,DNg01,steering_control,720575941503451301,1,720575941624155644,b2,steering,basalar,11,44,484,3
5956,720575941482535366,DNg01,steering_control,720575941608991050,1,720575941521196211,b1,steering,basalar,11,31,341,3
5957,720575941482535366,DNg01,steering_control,720575941608991050,1,720575941624155644,b2,steering,basalar,11,29,319,3
5958,720575941482535366,DNg01,steering_control,720575941608991050,1,720575941521196211,b1,steering,basalar,12,31,372,3
5959,720575941482535366,DNg01,steering_control,720575941608991050,1,720575941624155644,b2,steering,basalar,12,29,348,3
5960,720575941612195501,DNg17,steering_control,720575941438261845,5,720575941547315060,i1,steering,axillary_i,13,16,208,3
5961,720575941612195501,DNg17,steering_control,720575941438261845,5,720575941547315060,i1,steering,axillary_i,13,13,169,3
5962,720575941612195501,DNg17,steering_control,720575941438261845,5,720575941547394081,i2,steering,axillary_i,13,14,182,3
5963,720575941612195501,DNg17,steering_control,720575941438261845,5,720575941547394081,i2,steering,axillary_i,13,30,390,3
5964,720575941612195501,DNg17,steering_control,720575941571427323,5,720575941542328837,DVM2A,power,DVM,10,31,310,3
5965,720575941612195501,DNg17,steering_control,720575941571427323,5,720575941560383347,DVM1A,power,DVM,10,43,430,3
5966,720575941612195501,DNg17,steering_control,720575941571427323,5,720575941565105206,DVM1A,power,DVM,10,51,510,3
5967,720575941612195501,DNg17,steering_control,720575941571427323,5,720575941566847847,DVM1A,power,DVM,10,67,670,3
5968,720575941612195501,DNg17,steering_control,720575941571427323,5,720575941573368719,DVM2A,power,DVM,10,21,210,3
5969,720575941612195501,DNg17,steering_control,720575941571427323,5,720575941590220684,DVM3A,power,DVM,10,35,350,3
5970,720575941612195501,DNg17,steering_control,720575941571427323,5,720575941614289683,DVM3A,power,DVM,10,38,380,3
5971,720575941612195501,DNg17,steering_control,720575941571427323,5,720575941645403000,DLM1,power,DLM,10,13,130,3
5972,720575941612195501,DNg17,steering_control,720575941644900472,5,720575941475745898,i2,steering,axillary_i,11,13,143,3
5973,720575941441633883,DNge049,steering_control,720575941456678893,5,720575941475745898,i2,steering,axillary_i,14,15,210,3
5974,720575941441633883,DNge049,steering_control,720575941456678893,5,720575941547315060,i1,steering,axillary_i,14,10,140,3
5975,720575941441633883,DNge049,steering_control,720575941456678893,5,720575941547394081,i2,steering,axillary_i,14,34,476,3
5976,720575941441633883,DNge049,steering_control,720575941516099500,2,720575941463144336,DLM1,power,DLM,10,42,420,3
5977,720575941441633883,DNge049,steering_control,720575941516099500,2,720575941463144336,DLM1,power,DLM,10,22,220,3
5978,720575941441633883,DNge049,steering_control,720575941516099500,2,720575941479034563,DLM1,power,DLM,10,26,260,3
5979,720575941441633883,DNge049,steering_control,720575941516099500,2,720575941479034563,DLM1,power,DLM,10,23,230,3
5980,720575941441633883,DNge049,steering_control,720575941516099500,2,720575941479034563,DLM1,power,DLM,10,14,140,3
5981,720575941441633883,DNge049,steering_control,720575941516099500,2,720575941507955269,DLM1,power,DLM,10,40,400,3
5982,720575941441633883,DNge049,steering_control,720575941516099500,2,720575941507955269,DLM1,power,DLM,10,12,120,3
5983,720575941441633883,DNge049,steering_control,720575941516099500,2,720575941519783640,DLM1,power,DLM,10,53,530,3
5984,720575941441633883,DNge049,steering_control,720575941516099500,2,720575941533190337,DLM1,power,DLM,10,17,170,3
5985,720575941441633883,DNge049,steering_control,720575941516099500,2,720575941533190337,DLM1,power,DLM,10,24,240,3
5986,720575941441633883,DNge049,steering_control,720575941516099500,2,720575941534583786,DLM5,power,DLM,10,56,560,3
5987,720575941441633883,DNge049,steering_control,720575941516099500,2,720575941560383347,DVM1A,power,DVM,10,16,160,3
5988,720575941441633883,DNge049,steering_control,720575941516099500,2,720575941565105206,DVM1A,power,DVM,10,40,400,3
5989,720575941441633883,DNge049,steering_control,720575941516099500,2,720575941566847847,DVM1A,power,DVM,10,33,330,3
5990,720575941441633883,DNge049,steering_control,720575941516099500,2,720575941583644382,DLM1,power,DLM,10,12,120,3
5991,720575941441633883,DNge049,steering_control,720575941516099500,2,720575941583644382,DLM1,power,DLM,10,19,190,3
5992,720575941441633883,DNge049,steering_control,720575941516099500,2,720575941596050112,DLM5,power,DLM,10,13,130,3
5993,720575941441633883,DNge049,steering_control,720575941516099500,2,720575941596050112,DLM5,power,DLM,10,25,250,3
5994,720575941441633883,DNge049,steering_control,720575941516099500,2,720575941596050112,DLM5,power,DLM,10,10,100,3
5995,720575941441633883,DNge049,steering_control,720575941516099500,2,720575941603635190,DVM1A,power,DVM,10,12,120,3
5996,720575941441633883,DNge049,steering_control,720575941516099500,2,720575941614289683,DVM3A,power,DVM,10,11,110,3
5997,720575941441633883,DNge049,steering_control,720575941516099500,2,720575941640465439,DLM1,power,DLM,10,50,500,3
5998,720575941441633883,DNge049,steering_control,720575941516099500,2,720575941640465439,DLM1,power,DLM,10,19,190,3
5999,720575941441633883,DNge049,steering_control,720575941516099500,2,720575941645403000,DLM1,power,DLM,10,74,740,3
6000,720575941441633883,DNge049,steering_control,720575941516099500,2,720575941645403000,DLM1,power,DLM,10,14,140,3
6001,720575941441633883,DNge049,steering_control,720575941592919080,4,720575941483845954,hg3,steering,haltere,10,32,320,3
6002,720575941441633883,DNge049,steering_control,720575941592919080,4,720575941483845954,hg3,steering,haltere,10,12,120,3
6003,720575941441162191,DNg36,steering_control,720575941464901398,4,720575941580669817,hg1,steering,haltere,33,10,330,3
6004,720575941441162191,DNg36,steering_control,720575941464901398,4,720575941596050112,DLM5,power,DLM,33,10,330,3
6005,720575941441162191,DNg36,steering_control,720575941464901398,4,720575941645403000,DLM1,power,DLM,33,13,429,3
6006,720575941441162191,DNg36,steering_control,720575941464901398,4,720575941732789547,hg2,steering,haltere,33,23,759,3
6007,720575941550687805,DNge050,steering_control,720575941703131610,5,720575941547394081,i2,steering,axillary_i,33,10,330,3
6008,720575941624831228,DNg17,steering_control,720575941460235152,2,720575941463144336,DLM1,power,DLM,16,46,736,3
6009,720575941624831228,DNg17,steering_control,720575941460235152,2,720575941472734048,DVM1A,power,DVM,16,20,320,3
6010,720575941624831228,DNg17,steering_control,720575941460235152,2,720575941479034563,DLM1,power,DLM,16,66,1056,3
6011,720575941624831228,DNg17,steering_control,720575941460235152,2,720575941507955269,DLM1,power,DLM,16,16,256,3
6012,720575941624831228,DNg17,steering_control,720575941460235152,2,720575941507955269,DLM1,power,DLM,16,14,224,3
6013,720575941624831228,DNg17,steering_control,720575941460235152,2,720575941519783640,DLM1,power,DLM,16,16,256,3
6014,720575941624831228,DNg17,steering_control,720575941460235152,2,720575941533190337,DLM1,power,DLM,16,67,1072,3
6015,720575941624831228,DNg17,steering_control,720575941460235152,2,720575941534583786,DLM5,power,DLM,16,21,336,3
6016,720575941624831228,DNg17,steering_control,720575941460235152,2,720575941583644382,DLM1,power,DLM,16,53,848,3
6017,720575941624831228,DNg17,steering_control,720575941460235152,2,720575941596050112,DLM5,power,DLM,16,44,704,3
6018,720575941624831228,DNg17,steering_control,720575941460235152,2,720575941597489344,DVM1A,power,DVM,16,23,368,3
6019,720575941624831228,DNg17,steering_control,720575941460235152,2,720575941603635190,DVM1A,power,DVM,16,17,272,3
6020,720575941624831228,DNg17,steering_control,720575941460235152,2,720575941640465439,DLM1,power,DLM,16,12,192,3
6021,720575941624831228,DNg17,steering_control,720575941460235152,2,720575941640465439,DLM1,power,DLM,16,19,304,3
6022,720575941624831228,DNg17,steering_control,720575941460235152,2,720575941645403000,DLM1,power,DLM,16,18,288,3
6023,720575941624831228,DNg17,steering_control,720575941460235152,2,720575941645403000,DLM1,power,DLM,16,20,320,3
6024,720575941624831228,DNg17,steering_control,720575941607605101,4,720575941456201887,hg1,steering,haltere,17,27,459,3
6025,720575941624831228,DNg17,steering_control,720575941607605101,4,720575941456201887,hg1,steering,haltere,17,16,272,3
6026,720575941653831185,DNxl092,steering_control,720575941442637519,4,720575941459347411,iii4,steering,axillary_III,33,17,561,3
6027,720575941581684601,DNa06,steering_control,720575941597149376,4,720575941513173763,hg4,steering,haltere,22,21,462,3
6028,720575941581684601,DNa06,steering_control,720575941597149376,4,720575941513173763,hg4,steering,haltere,11,21,231,3
6029,720575941537850600,DNp54,steering_control,720575941450532174,5,720575941475745898,i2,steering,axillary_i,10,17,170,3
6030,720575941537850600,DNp54,steering_control,720575941450532174,5,720575941475745898,i2,steering,axillary_i,10,49,490,3
6031,720575941537850600,DNp54,steering_control,720575941450532174,5,720575941475745898,i2,steering,axillary_i,10,100,1000,3
6032,720575941537850600,DNp54,steering_control,720575941450532174,5,720575941547394081,i2,steering,axillary_i,10,13,130,3
6033,720575941537850600,DNp54,steering_control,720575941450532174,5,720575941547394081,i2,steering,axillary_i,10,16,160,3
6034,720575941537850600,DNp54,steering_control,720575941450532174,5,720575941603635190,DVM1A,power,DVM,10,24,240,3
6035,720575941537850600,DNp54,steering_control,720575941521986227,4,720575941468288375,hg3,steering,haltere,13,25,325,3
6036,720575941537850600,DNp54,steering_control,720575941521986227,4,720575941475745898,i2,steering,axillary_i,13,11,143,3
6037,720575941537850600,DNp54,steering_control,720575941521986227,4,720575941475745898,i2,steering,axillary_i,13,13,169,3
6038,720575941537850600,DNp54,steering_control,720575941521986227,4,720575941475745898,i2,steering,axillary_i,13,14,182,3
6039,720575941537850600,DNp54,steering_control,720575941521986227,4,720575941483845954,hg3,steering,haltere,13,15,195,3
6040,720575941537850600,DNp54,steering_control,720575941521986227,4,720575941483845954,hg3,steering,haltere,13,13,169,3
6041,720575941537850600,DNp54,steering_control,720575941521986227,4,720575941547394081,i2,steering,axillary_i,13,43,559,3
6042,720575941537850600,DNp54,steering_control,720575941521986227,4,720575941547394081,i2,steering,axillary_i,13,14,182,3
6043,720575941537850600,DNp54,steering_control,720575941670676135,5,720575941475745898,i2,steering,axillary_i,10,22,220,3
6044,720575941537850600,DNp54,steering_control,720575941670676135,5,720575941475745898,i2,steering,axillary_i,10,13,130,3
6045,720575941537850600,DNp54,steering_control,720575941670676135,5,720575941547394081,i2,steering,axillary_i,10,10,100,3
6046,720575941537850600,DNp54,steering_control,720575941670676135,5,720575941547394081,i2,steering,axillary_i,10,47,470,3
6047,720575941537850600,DNp54,steering_control,720575941670676135,5,720575941547394081,i2,steering,axillary_i,10,127,1270,3
6048,720575941571871241,DNge091,steering_control,720575941583254918,1,720575941549822781,b1,steering,basalar,10,12,120,3
6049,720575941571871241,DNge091,steering_control,720575941583254918,1,720575941549822781,b1,steering,basalar,10,24,240,3
6050,720575941571871241,DNge091,steering_control,720575941583254918,1,720575941580669817,hg1,steering,haltere,10,12,120,3
6051,720575941571871241,DNge091,steering_control,720575941583254918,1,720575941655597785,b2,steering,basalar,10,10,100,3
6052,720575941571871241,DNge091,steering_control,720575941583254918,1,720575941655597785,b2,steering,basalar,10,14,140,3
6053,720575941571871241,DNge091,steering_control,720575941583254918,1,720575941655597785,b2,steering,basalar,10,18,180,3
6054,720575941571871241,DNge091,steering_control,720575941583601886,5,720575941468897856,i1,steering,axillary_i,23,16,368,3
6055,720575941571871241,DNge091,steering_control,720575941583601886,5,720575941468897856,i1,steering,axillary_i,23,48,1104,3
6056,720575941571871241,DNge091,steering_control,720575941583601886,5,720575941468897856,i1,steering,axillary_i,23,34,782,3
6057,720575941571871241,DNge091,steering_control,720575941583601886,5,720575941474574132,b3,steering,basalar,23,15,345,3
6058,720575941571871241,DNge091,steering_control,720575941583601886,5,720575941474574132,b3,steering,basalar,23,25,575,3
6059,720575941571871241,DNge091,steering_control,720575941583601886,5,720575941474574132,b3,steering,basalar,23,62,1426,3
6060,720575941571871241,DNge091,steering_control,720575941583601886,5,720575941475745898,i2,steering,axillary_i,23,31,713,3
6061,720575941571871241,DNge091,steering_control,720575941583601886,5,720575941475745898,i2,steering,axillary_i,23,51,1173,3
6062,720575941668513011,DNp11,power_control,720575941474741819,2,720575941463144336,DLM1,power,DLM,33,13,429,3
6063,720575941668513011,DNp11,power_control,720575941474741819,2,720575941533190337,DLM1,power,DLM,33,18,594,3
6064,720575941668513011,DNp11,power_control,720575941474741819,2,720575941624155644,b2,steering,basalar,33,11,363,3
6065,720575941668513011,DNp11,power_control,720575941474741819,2,720575941655597785,b2,steering,basalar,33,22,726,3
6066,720575941467587606,DNxn175,steering_control,720575941477166622,5,720575941542412805,b3,steering,basalar,19,17,323,3
6067,720575941467587606,DNxn175,steering_control,720575941477166622,5,720575941547315060,i1,steering,axillary_i,19,13,247,3
6068,720575941467587606,DNxn175,steering_control,720575941608310346,5,720575941474574132,b3,steering,basalar,13,14,182,3
6069,720575941467587606,DNxn175,steering_control,720575941608310346,5,720575941474574132,b3,steering,basalar,13,10,130,3
6070,720575941467587606,DNxn175,steering_control,720575941608310346,5,720575941580669817,hg1,steering,haltere,13,12,156,3
6071,720575941470033117,DNbe003,steering_control,720575941703131610,5,720575941547394081,i2,steering,axillary_i,32,10,320,3
6072,720575941523074295,DNp16,steering_control,720575941503451301,1,720575941624155644,b2,steering,basalar,10,44,440,3
6073,720575941523074295,DNp16,steering_control,720575941607605101,4,720575941456201887,hg1,steering,haltere,22,27,594,3
6074,720575941523074295,DNp16,steering_control,720575941607605101,4,720575941456201887,hg1,steering,haltere,22,16,352,3
6075,720575941526955266,DNge006,steering_control,720575941528944568,5,720575941458961604,iii3,steering,axillary_III,12,154,1848,3
6076,720575941526955266,DNge006,steering_control,720575941528944568,5,720575941458961604,iii3,steering,axillary_III,12,53,636,3
6077,720575941526955266,DNge006,steering_control,720575941528944568,5,720575941458961604,iii3,steering,axillary_III,12,11,132,3
6078,720575941526955266,DNge006,steering_control,720575941528944568,5,720575941565378919,iii3,steering,axillary_III,12,23,276,3
6079,720575941526955266,DNge006,steering_control,720575941528944568,5,720575941565378919,iii3,steering,axillary_III,12,41,492,3
6080,720575941526955266,DNge006,steering_control,720575941574155003,5,720575941472734048,DVM1A,power,DVM,10,13,130,3
6081,720575941526955266,DNge006,steering_control,720575941574155003,5,720575941474574132,b3,steering,basalar,10,13,130,3
6082,720575941526955266,DNge006,steering_control,720575941574155003,5,720575941603635190,DVM1A,power,DVM,10,12,120,3
6083,720575941526955266,DNge006,steering_control,720575941609001034,4,720575941513173763,hg4,steering,haltere,10,23,230,3
6084,720575941487149378,DNp42,steering_control,720575941437525589,3,720575941516770670,iii4,steering,axillary_III,20,10,200,3
6085,720575941487149378,DNp42,steering_control,720575941437525589,3,720575941643100754,ps1,steering,pleurosternal,20,13,260,3
6086,720575941487149378,DNp42,steering_control,720575941437525589,3,720575941643100754,ps1,steering,pleurosternal,20,15,300,3
6087,720575941487149378,DNp42,steering_control,720575941579072889,1,720575941459347411,iii4,steering,axillary_III,12,10,120,3
6088,720575941487149378,DNp42,steering_control,720575941579072889,1,720575941513173763,hg4,steering,haltere,12,13,156,3
6089,720575941487149378,DNp42,steering_control,720575941579072889,1,720575941655597785,b2,steering,basalar,12,17,204,3
6090,720575941640505375,DNge035,steering_control,720575941572444830,4,720575941630940642,hg4,steering,haltere,10,13,130,3
6091,720575941640505375,DNge035,steering_control,720575941572737679,4,720575941630940642,hg4,steering,haltere,22,12,264,3
6092,720575941592644054,DNge091,steering_control,720575941583601886,5,720575941468897856,i1,steering,axillary_i,31,16,496,3
6093,720575941592644054,DNge091,steering_control,720575941583601886,5,720575941468897856,i1,steering,axillary_i,31,48,1488,3
6094,720575941592644054,DNge091,steering_control,720575941583601886,5,720575941468897856,i1,steering,axillary_i,31,34,1054,3
6095,720575941592644054,DNge091,steering_control,720575941583601886,5,720575941474574132,b3,steering,basalar,31,15,465,3
6096,720575941592644054,DNge091,steering_control,720575941583601886,5,720575941474574132,b3,steering,basalar,31,25,775,3
6097,720575941592644054,DNge091,steering_control,720575941583601886,5,720575941474574132,b3,steering,basalar,31,62,1922,3
6098,720575941592644054,DNge091,steering_control,720575941583601886,5,720575941475745898,i2,steering,axillary_i,31,31,961,3
6099,720575941592644054,DNge091,steering_control,720575941583601886,5,720575941475745898,i2,steering,axillary_i,31,51,1581,3
6100,720575941633911227,DNpe004,steering_control,720575941400818723,4,720575941513173763,hg4,steering,haltere,10,36,360,3
6101,720575941633911227,DNpe004,steering_control,720575941400818723,4,720575941513173763,hg4,steering,haltere,10,10,100,3
6102,720575941633911227,DNpe004,steering_control,720575941400818723,4,720575941513173763,hg4,steering,haltere,10,11,110,3
6103,720575941633911227,DNpe004,steering_control,720575941400818723,4,720575941580669817,hg1,steering,haltere,10,26,260,3
6104,720575941633911227,DNpe004,steering_control,720575941400818723,4,720575941513173763,hg4,steering,haltere,11,36,396,3
6105,720575941633911227,DNpe004,steering_control,720575941400818723,4,720575941513173763,hg4,steering,haltere,11,10,110,3
6106,720575941633911227,DNpe004,steering_control,720575941400818723,4,720575941513173763,hg4,steering,haltere,11,11,121,3
6107,720575941633911227,DNpe004,steering_control,720575941400818723,4,720575941580669817,hg1,steering,haltere,11,26,286,3
6108,720575941633911227,DNpe004,steering_control,720575941508542674,1,720575941521196211,b1,steering,basalar,10,12,120,3
6109,720575941633911227,DNpe004,steering_control,720575941508542674,1,720575941624155644,b2,steering,basalar,10,14,140,3
6110,720575941633911227,DNpe004,steering_control,720575941508542674,1,720575941624155644,b2,steering,basalar,10,12,120,3
6111,720575941634269371,DNg59,steering_control,720575941630622624,4,720575941483845954,hg3,steering,haltere,31,27,837,3
6112,720575941634269371,DNg59,steering_control,720575941630622624,4,720575941630940642,hg4,steering,haltere,31,28,868,3
6113,720575941628237625,DNxl111,steering_control,720575941652640273,4,720575941630940642,hg4,steering,haltere,16,21,336,3
6114,720575941628237625,DNxl111,steering_control,720575941652640273,4,720575941630940642,hg4,steering,haltere,15,21,315,3
6115,720575941595590951,DNae005,steering_control,720575941491175399,4,720575941516770670,iii4,steering,axillary_III,31,20,620,3
6116,720575941658936144,DNp69,steering_control,720575941559321971,5,720575941475745898,i2,steering,axillary_i,17,12,204,3
6117,720575941658936144,DNp69,steering_control,720575941559321971,5,720575941547315060,i1,steering,axillary_i,17,16,272,3
6118,720575941658936144,DNp69,steering_control,720575941559321971,5,720575941547394081,i2,steering,axillary_i,17,14,238,3
6119,720575941658936144,DNp69,steering_control,720575941573038843,5,720575941475745898,i2,steering,axillary_i,14,18,252,3
6120,720575941658936144,DNp69,steering_control,720575941573038843,5,720575941475745898,i2,steering,axillary_i,14,10,140,3
6121,720575941658936144,DNp69,steering_control,720575941573038843,5,720575941547394081,i2,steering,axillary_i,14,10,140,3
6122,720575941658936144,DNp69,steering_control,720575941573038843,5,720575941547394081,i2,steering,axillary_i,14,13,182,3
6123,720575941510621968,DNxl127,power_control,720575941504381975,2,720575941596050112,DLM5,power,DLM,11,13,143,3
6124,720575941510621968,DNxl127,power_control,720575941572444830,4,720575941630940642,hg4,steering,haltere,10,13,130,3
6125,720575941510621968,DNxl127,power_control,720575941703131610,5,720575941547394081,i2,steering,axillary_i,10,10,100,3
6126,720575941486587714,DNp17,steering_control,720575941547226248,5,720575941468897856,i1,steering,axillary_i,10,10,100,3
6127,720575941486587714,DNp17,steering_control,720575941547226248,5,720575941468897856,i1,steering,axillary_i,10,11,110,3
6128,720575941486587714,DNp17,steering_control,720575941547226248,5,720575941474574132,b3,steering,basalar,10,10,100,3
6129,720575941486587714,DNp17,steering_control,720575941547226248,5,720575941474574132,b3,steering,basalar,10,30,300,3
6130,720575941486587714,DNp17,steering_control,720575941579868917,4,720575941630940642,hg4,steering,haltere,21,46,966,3
6131,720575941486587714,DNp17,steering_control,720575941579868917,4,720575941630940642,hg4,steering,haltere,21,33,693,3
6132,720575941613418716,DNnt020,steering_control,720575941411791764,5,720575941542412805,b3,steering,basalar,11,11,121,3
6133,720575941613418716,DNnt020,steering_control,720575941411791764,5,720575941542412805,b3,steering,basalar,11,14,154,3
6134,720575941613418716,DNnt020,steering_control,720575941411791764,5,720575941547315060,i1,steering,axillary_i,11,13,143,3
6135,720575941613418716,DNnt020,steering_control,720575941609001034,4,720575941513173763,hg4,steering,haltere,20,23,460,3
6136,720575941562981522,DNxn114,steering_control,720575941507787024,5,720575941468897856,i1,steering,axillary_i,13,20,260,3
6137,720575941562981522,DNxn114,steering_control,720575941507787024,5,720575941474574132,b3,steering,basalar,13,20,260,3
6138,720575941562981522,DNxn114,steering_control,720575941507787024,5,720575941542412805,b3,steering,basalar,13,24,312,3
6139,720575941562981522,DNxn114,steering_control,720575941507787024,5,720575941547315060,i1,steering,axillary_i,13,41,533,3
6140,720575941562981522,DNxn114,steering_control,720575941507787024,5,720575941547315060,i1,steering,axillary_i,13,36,468,3
6141,720575941562981522,DNxn114,steering_control,720575941507787024,5,720575941547394081,i2,steering,axillary_i,13,22,286,3
6142,720575941562981522,DNxn114,steering_control,720575941507787024,5,720575941547394081,i2,steering,axillary_i,13,28,364,3
6143,720575941562981522,DNxn114,steering_control,720575941611080010,5,720575941458961604,iii3,steering,axillary_III,18,13,234,3
6144,720575941562981522,DNxn114,steering_control,720575941611080010,5,720575941565378919,iii3,steering,axillary_III,18,231,4158,3
6145,720575941562981522,DNxn114,steering_control,720575941611080010,5,720575941565378919,iii3,steering,axillary_III,18,11,198,3
6146,720575941562981522,DNxn114,steering_control,720575941611080010,5,720575941565378919,iii3,steering,axillary_III,18,46,828,3
6147,720575941456625567,DNg90,steering_control,720575941442637519,4,720575941459347411,iii4,steering,axillary_III,30,17,510,3
6148,720575941409225902,DNxn181,steering_control,720575941552643390,5,720575941458961604,iii3,steering,axillary_III,19,12,228,3
6149,720575941409225902,DNxn181,steering_control,720575941552643390,5,720575941458961604,iii3,steering,axillary_III,19,29,551,3
6150,720575941409225902,DNxn181,steering_control,720575941552643390,5,720575941474574132,b3,steering,basalar,19,15,285,3
6151,720575941409225902,DNxn181,steering_control,720575941552643390,5,720575941565378919,iii3,steering,axillary_III,19,27,513,3
6152,720575941409225902,DNxn181,steering_control,720575941619873663,4,720575941456201887,hg1,steering,haltere,11,14,154,3
6153,720575941409225902,DNxn181,steering_control,720575941619873663,4,720575941456201887,hg1,steering,haltere,11,16,176,3
6154,720575941409225902,DNxn181,steering_control,720575941619873663,4,720575941459347411,iii4,steering,axillary_III,11,12,132,3
6155,720575941409225902,DNxn181,steering_control,720575941619873663,4,720575941479658831,hg2,steering,haltere,11,10,110,3
6156,720575941409225902,DNxn181,steering_control,720575941619873663,4,720575941483845954,hg3,steering,haltere,11,10,110,3
6157,720575941409225902,DNxn181,steering_control,720575941619873663,4,720575941580669817,hg1,steering,haltere,11,10,110,3
6158,720575941409225902,DNxn181,steering_control,720575941619873663,4,720575941624155644,b2,steering,basalar,11,23,253,3
6159,720575941409225902,DNxn181,steering_control,720575941619873663,4,720575941630940642,hg4,steering,haltere,11,19,209,3
6160,720575941409225902,DNxn181,steering_control,720575941619873663,4,720575941630940642,hg4,steering,haltere,11,15,165,3
6161,720575941409225902,DNxn181,steering_control,720575941619873663,4,720575941655597785,b2,steering,basalar,11,10,110,3
6162,720575941460902157,DNg07,steering_control,720575941535331338,4,720575941516770670,iii4,steering,axillary_III,10,21,210,3
6163,720575941460902157,DNg07,steering_control,720575941535331338,4,720575941516770670,iii4,steering,axillary_III,10,20,200,3
6164,720575941460902157,DNg07,steering_control,720575941535331338,4,720575941580669817,hg1,steering,haltere,10,51,510,3
6165,720575941460902157,DNg07,steering_control,720575941535331338,4,720575941580669817,hg1,steering,haltere,10,36,360,3
6166,720575941460902157,DNg07,steering_control,720575941535331338,4,720575941655597785,b2,steering,basalar,10,15,150,3
6167,720575941460902157,DNg07,steering_control,720575941535331338,4,720575941655597785,b2,steering,basalar,10,18,180,3
6168,720575941460902157,DNg07,steering_control,720575941553338778,5,720575941542412805,b3,steering,basalar,20,20,400,3
6169,720575941460902157,DNg07,steering_control,720575941553338778,5,720575941542412805,b3,steering,basalar,20,66,1320,3
6170,720575941460902157,DNg07,steering_control,720575941553338778,5,720575941547315060,i1,steering,axillary_i,20,25,500,3
6171,720575941460902157,DNg07,steering_control,720575941553338778,5,720575941547315060,i1,steering,axillary_i,20,38,760,3
6172,720575941460902157,DNg07,steering_control,720575941553338778,5,720575941547315060,i1,steering,axillary_i,20,40,800,3
6173,720575941460902157,DNg07,steering_control,720575941553338778,5,720575941547394081,i2,steering,axillary_i,20,14,280,3
6174,720575941460902157,DNg07,steering_control,720575941553338778,5,720575941547394081,i2,steering,axillary_i,20,32,640,3
6175,720575941558189171,DNg07,steering_control,720575941490813872,1,720575941456201887,hg1,steering,haltere,16,11,176,3
6176,720575941558189171,DNg07,steering_control,720575941490813872,1,720575941580669817,hg1,steering,haltere,16,13,208,3
6177,720575941558189171,DNg07,steering_control,720575941490813872,1,720575941624155644,b2,steering,basalar,16,12,192,3
6178,720575941558189171,DNg07,steering_control,720575941490813872,1,720575941655597785,b2,steering,basalar,16,14,224,3
6179,720575941558189171,DNg07,steering_control,720575941490813872,1,720575941655597785,b2,steering,basalar,16,10,160,3
6180,720575941558189171,DNg07,steering_control,720575941583601886,5,720575941468897856,i1,steering,axillary_i,14,16,224,3
6181,720575941558189171,DNg07,steering_control,720575941583601886,5,720575941468897856,i1,steering,axillary_i,14,48,672,3
6182,720575941558189171,DNg07,steering_control,720575941583601886,5,720575941468897856,i1,steering,axillary_i,14,34,476,3
6183,720575941558189171,DNg07,steering_control,720575941583601886,5,720575941474574132,b3,steering,basalar,14,15,210,3
6184,720575941558189171,DNg07,steering_control,720575941583601886,5,720575941474574132,b3,steering,basalar,14,25,350,3
6185,720575941558189171,DNg07,steering_control,720575941583601886,5,720575941474574132,b3,steering,basalar,14,62,868,3
6186,720575941558189171,DNg07,steering_control,720575941583601886,5,720575941475745898,i2,steering,axillary_i,14,31,434,3
6187,720575941558189171,DNg07,steering_control,720575941583601886,5,720575941475745898,i2,steering,axillary_i,14,51,714,3
6188,720575941507241495,DNfl026,steering_control,720575941703131610,5,720575941547394081,i2,steering,axillary_i,29,10,290,3
6189,720575941515917667,DNg07,steering_control,720575941535331338,4,720575941516770670,iii4,steering,axillary_III,11,21,231,3
6190,720575941515917667,DNg07,steering_control,720575941535331338,4,720575941516770670,iii4,steering,axillary_III,11,20,220,3
6191,720575941515917667,DNg07,steering_control,720575941535331338,4,720575941580669817,hg1,steering,haltere,11,51,561,3
6192,720575941515917667,DNg07,steering_control,720575941535331338,4,720575941580669817,hg1,steering,haltere,11,36,396,3
6193,720575941515917667,DNg07,steering_control,720575941535331338,4,720575941655597785,b2,steering,basalar,11,15,165,3
6194,720575941515917667,DNg07,steering_control,720575941535331338,4,720575941655597785,b2,steering,basalar,11,18,198,3
6195,720575941515917667,DNg07,steering_control,720575941553338778,5,720575941542412805,b3,steering,basalar,18,20,360,3
6196,720575941515917667,DNg07,steering_control,720575941553338778,5,720575941542412805,b3,steering,basalar,18,66,1188,3
6197,720575941515917667,DNg07,steering_control,720575941553338778,5,720575941547315060,i1,steering,axillary_i,18,25,450,3
6198,720575941515917667,DNg07,steering_control,720575941553338778,5,720575941547315060,i1,steering,axillary_i,18,38,684,3
6199,720575941515917667,DNg07,steering_control,720575941553338778,5,720575941547315060,i1,steering,axillary_i,18,40,720,3
6200,720575941515917667,DNg07,steering_control,720575941553338778,5,720575941547394081,i2,steering,axillary_i,18,14,252,3
6201,720575941515917667,DNg07,steering_control,720575941553338778,5,720575941547394081,i2,steering,axillary_i,18,32,576,3
6202,720575941574140169,DNxl103,steering_control,720575941703131610,5,720575941547394081,i2,steering,axillary_i,29,10,290,3
6203,720575941481985475,DNp69,steering_control,720575941524264985,5,720575941468897856,i1,steering,axillary_i,14,12,168,3
6204,720575941481985475,DNp69,steering_control,720575941524264985,5,720575941468897856,i1,steering,axillary_i,14,11,154,3
6205,720575941481985475,DNp69,steering_control,720575941524264985,5,720575941475745898,i2,steering,axillary_i,14,17,238,3
6206,720575941481985475,DNp69,steering_control,720575941524264985,5,720575941475745898,i2,steering,axillary_i,14,11,154,3
6207,720575941481985475,DNp69,steering_control,720575941524264985,5,720575941475745898,i2,steering,axillary_i,14,11,154,3
6208,720575941481985475,DNp69,steering_control,720575941524264985,5,720575941547315060,i1,steering,axillary_i,14,13,182,3
6209,720575941481985475,DNp69,steering_control,720575941524264985,5,720575941547394081,i2,steering,axillary_i,14,21,294,3
6210,720575941481985475,DNp69,steering_control,720575941528086660,4,720575941459347411,iii4,steering,axillary_III,15,11,165,3
6211,720575941481985475,DNp69,steering_control,720575941528086660,4,720575941459347411,iii4,steering,axillary_III,15,19,285,3
6212,720575941561743872,DNg37,steering_control,720575941600259369,5,720575941560383347,DVM1A,power,DVM,16,16,256,3
6213,720575941561743872,DNg37,steering_control,720575941600259369,5,720575941565105206,DVM1A,power,DVM,16,12,192,3
6214,720575941561743872,DNg37,steering_control,720575941619873663,4,720575941456201887,hg1,steering,haltere,12,14,168,3
6215,720575941561743872,DNg37,steering_control,720575941619873663,4,720575941456201887,hg1,steering,haltere,12,16,192,3
6216,720575941561743872,DNg37,steering_control,720575941619873663,4,720575941459347411,iii4,steering,axillary_III,12,12,144,3
6217,720575941561743872,DNg37,steering_control,720575941619873663,4,720575941479658831,hg2,steering,haltere,12,10,120,3
6218,720575941561743872,DNg37,steering_control,720575941619873663,4,720575941483845954,hg3,steering,haltere,12,10,120,3
6219,720575941561743872,DNg37,steering_control,720575941619873663,4,720575941580669817,hg1,steering,haltere,12,10,120,3
6220,720575941561743872,DNg37,steering_control,720575941619873663,4,720575941624155644,b2,steering,basalar,12,23,276,3
6221,720575941561743872,DNg37,steering_control,720575941619873663,4,720575941630940642,hg4,steering,haltere,12,19,228,3
6222,720575941561743872,DNg37,steering_control,720575941619873663,4,720575941630940642,hg4,steering,haltere,12,15,180,3
6223,720575941561743872,DNg37,steering_control,720575941619873663,4,720575941655597785,b2,steering,basalar,12,10,120,3
6224,720575941485358733,DNxn114,steering_control,720575941439050703,5,720575941475745898,i2,steering,axillary_i,15,10,150,3
6225,720575941485358733,DNxn114,steering_control,720575941478092963,4,720575941456201887,hg1,steering,haltere,13,23,299,3
6226,720575941485358733,DNxn114,steering_control,720575941478092963,4,720575941456201887,hg1,steering,haltere,13,19,247,3
6227,720575941485358733,DNxn114,steering_control,720575941478092963,4,720575941456201887,hg1,steering,haltere,13,16,208,3
6228,720575941485358733,DNxn114,steering_control,720575941478092963,4,720575941459347411,iii4,steering,axillary_III,13,20,260,3
6229,720575941485358733,DNxn114,steering_control,720575941478092963,4,720575941459347411,iii4,steering,axillary_III,13,16,208,3
6230,720575941485358733,DNxn114,steering_control,720575941478092963,4,720575941459347411,iii4,steering,axillary_III,13,19,247,3
6231,720575941485358733,DNxn114,steering_control,720575941478092963,4,720575941624155644,b2,steering,basalar,13,11,143,3
6232,720575941439563583,DNge053,steering_control,720575941535047690,5,720575941489673420,iii1,steering,axillary_III,14,19,266,3
6233,720575941439563583,DNge053,steering_control,720575941535047690,5,720575941629172716,iii1,steering,axillary_III,14,13,182,3
6234,720575941439563583,DNge053,steering_control,720575941535047690,5,720575941629172716,iii1,steering,axillary_III,14,25,350,3
6235,720575941439563583,DNge053,steering_control,720575941537501160,5,720575941489673420,iii1,steering,axillary_III,14,15,210,3
6236,720575941439563583,DNge053,steering_control,720575941537501160,5,720575941629172716,iii1,steering,axillary_III,14,12,168,3
6237,720575941539809997,DNp03,steering_control,720575941458334163,1,720575941624155644,b2,steering,basalar,13,14,182,3
6238,720575941539809997,DNp03,steering_control,720575941458334163,1,720575941624155644,b2,steering,basalar,13,50,650,3
6239,720575941539809997,DNp03,steering_control,720575941557612915,1,720575941521196211,b1,steering,basalar,15,10,150,3
6240,720575941539809997,DNp03,steering_control,720575941557612915,1,720575941624155644,b2,steering,basalar,15,10,150,3
6241,720575941518404974,DNpe039,steering_control,720575941411765140,5,720575941489673420,iii1,steering,axillary_III,17,11,187,3
6242,720575941518404974,DNpe039,steering_control,720575941481050877,5,720575941489673420,iii1,steering,axillary_III,11,13,143,3
6243,720575941515152195,DNpe006,steering_control,720575941451768391,1,720575941624155644,b2,steering,basalar,13,21,273,3
6244,720575941515152195,DNpe006,steering_control,720575941451768391,1,720575941624155644,b2,steering,basalar,13,22,286,3
6245,720575941515152195,DNpe006,steering_control,720575941486560774,1,720575941655597785,b2,steering,basalar,15,24,360,3
6246,720575941515152195,DNpe006,steering_control,720575941486560774,1,720575941655597785,b2,steering,basalar,15,15,225,3
6247,720575941515152195,DNpe006,steering_control,720575941486560774,1,720575941655597785,b2,steering,basalar,15,16,240,3
6248,720575941513096012,DNnt015,steering_control,720575941429556655,4,720575941456201887,hg1,steering,haltere,28,16,448,3
6249,720575941513096012,DNnt015,steering_control,720575941429556655,4,720575941630940642,hg4,steering,haltere,28,57,1596,3
6250,720575941513096012,DNnt015,steering_control,720575941429556655,4,720575941630940642,hg4,steering,haltere,28,10,280,3
6251,720575941513096012,DNnt015,steering_control,720575941429556655,4,720575941630940642,hg4,steering,haltere,28,14,392,3
6252,720575941578499673,DNge118,steering_control,720575941555186074,5,720575941542412805,b3,steering,basalar,12,12,144,3
6253,720575941578499673,DNge118,steering_control,720575941621725180,1,720575941549822781,b1,steering,basalar,15,12,180,3
6254,720575941578499673,DNge118,steering_control,720575941621725180,1,720575941655597785,b2,steering,basalar,15,22,330,3
6255,720575941539226866,DNp63,steering_control,720575941623108298,3,720575941463144336,DLM1,power,DLM,15,10,150,3
6256,720575941539226866,DNp63,steering_control,720575941623108298,3,720575941472734048,DVM1A,power,DVM,15,13,195,3
6257,720575941539226866,DNp63,steering_control,720575941623108298,3,720575941472734048,DVM1A,power,DVM,15,39,585,3
6258,720575941539226866,DNp63,steering_control,720575941623108298,3,720575941479034563,DLM1,power,DLM,15,15,225,3
6259,720575941539226866,DNp63,steering_control,720575941623108298,3,720575941487139138,DVM3A,power,DVM,15,14,210,3
6260,720575941539226866,DNp63,steering_control,720575941623108298,3,720575941530190027,DVM2A,power,DVM,15,11,165,3
6261,720575941539226866,DNp63,steering_control,720575941623108298,3,720575941597489344,DVM1A,power,DVM,15,20,300,3
6262,720575941539226866,DNp63,steering_control,720575941623108298,3,720575941603635190,DVM1A,power,DVM,15,32,480,3
6263,720575941539226866,DNp63,steering_control,720575941623108298,3,720575941624985226,DVM2A,power,DVM,15,11,165,3
6264,720575941539226866,DNp63,steering_control,720575941623108298,3,720575941643100754,ps1,steering,pleurosternal,15,20,300,3
6265,720575941539226866,DNp63,steering_control,720575941623108298,3,720575941643100754,ps1,steering,pleurosternal,15,96,1440,3
6266,720575941539226866,DNp63,steering_control,720575941623108298,3,720575941643100754,ps1,steering,pleurosternal,15,11,165,3
6267,720575941539226866,DNp63,steering_control,720575941623108298,3,720575941643100754,ps1,steering,pleurosternal,15,182,2730,3
6268,720575941539226866,DNp63,steering_control,720575941623108298,3,720575941643100754,ps1,steering,pleurosternal,15,20,300,3
6269,720575941539226866,DNp63,steering_control,720575941623108298,3,720575941645041313,ps1,steering,pleurosternal,15,26,390,3
6270,720575941539226866,DNp63,steering_control,720575941623108298,3,720575941645041313,ps1,steering,pleurosternal,15,52,780,3
6271,720575941539226866,DNp63,steering_control,720575941623108298,3,720575941645041313,ps1,steering,pleurosternal,15,21,315,3
6272,720575941539226866,DNp63,steering_control,720575941623108298,3,720575941645041313,ps1,steering,pleurosternal,15,16,240,3
6273,720575941539226866,DNp63,steering_control,720575941623108298,3,720575941645041313,ps1,steering,pleurosternal,15,47,705,3
6274,720575941539226866,DNp63,steering_control,720575941623108298,3,720575941645403000,DLM1,power,DLM,15,11,165,3
6275,720575941539226866,DNp63,steering_control,720575941671138727,3,720575941479034563,DLM1,power,DLM,12,10,120,3
6276,720575941539226866,DNp63,steering_control,720575941671138727,3,720575941565105206,DVM1A,power,DVM,12,46,552,3
6277,720575941539226866,DNp63,steering_control,720575941671138727,3,720575941566847847,DVM1A,power,DVM,12,25,300,3
6278,720575941539226866,DNp63,steering_control,720575941671138727,3,720575941643100754,ps1,steering,pleurosternal,12,41,492,3
6279,720575941539226866,DNp63,steering_control,720575941671138727,3,720575941643100754,ps1,steering,pleurosternal,12,11,132,3
6280,720575941539226866,DNp63,steering_control,720575941671138727,3,720575941643100754,ps1,steering,pleurosternal,12,36,432,3
6281,720575941539226866,DNp63,steering_control,720575941671138727,3,720575941643100754,ps1,steering,pleurosternal,12,34,408,3
6282,720575941539226866,DNp63,steering_control,720575941671138727,3,720575941645041313,ps1,steering,pleurosternal,12,64,768,3
6283,720575941539226866,DNp63,steering_control,720575941671138727,3,720575941645041313,ps1,steering,pleurosternal,12,24,288,3
6284,720575941539226866,DNp63,steering_control,720575941671138727,3,720575941645041313,ps1,steering,pleurosternal,12,157,1884,3
6285,720575941539226866,DNp63,steering_control,720575941671138727,3,720575941645403000,DLM1,power,DLM,12,23,276,3
6286,720575941438445330,DNpe032,steering_control,720575941477166622,5,720575941542412805,b3,steering,basalar,27,17,459,3
6287,720575941438445330,DNpe032,steering_control,720575941477166622,5,720575941547315060,i1,steering,axillary_i,27,13,351,3
6288,720575941447973140,DNb02,steering_control,720575941528944568,5,720575941458961604,iii3,steering,axillary_III,12,154,1848,3
6289,720575941447973140,DNb02,steering_control,720575941528944568,5,720575941458961604,iii3,steering,axillary_III,12,53,636,3
6290,720575941447973140,DNb02,steering_control,720575941528944568,5,720575941458961604,iii3,steering,axillary_III,12,11,132,3
6291,720575941447973140,DNb02,steering_control,720575941528944568,5,720575941565378919,iii3,steering,axillary_III,12,23,276,3
6292,720575941447973140,DNb02,steering_control,720575941528944568,5,720575941565378919,iii3,steering,axillary_III,12,41,492,3
6293,720575941447973140,DNb02,steering_control,720575941574155003,5,720575941472734048,DVM1A,power,DVM,15,13,195,3
6294,720575941447973140,DNb02,steering_control,720575941574155003,5,720575941474574132,b3,steering,basalar,15,13,195,3
6295,720575941447973140,DNb02,steering_control,720575941574155003,5,720575941603635190,DVM1A,power,DVM,15,12,180,3
6296,720575941477419828,DNxn152,steering_control,720575941464168534,5,720575941547394081,i2,steering,axillary_i,12,10,120,3
6297,720575941477419828,DNxn152,steering_control,720575941515936249,4,720575941483845954,hg3,steering,haltere,14,10,140,3
6298,720575941536003314,DNg10,steering_control,720575941579868917,4,720575941630940642,hg4,steering,haltere,26,46,1196,3
6299,720575941536003314,DNg10,steering_control,720575941579868917,4,720575941630940642,hg4,steering,haltere,26,33,858,3
6300,720575941535862506,DNa01,steering_control,720575941477166622,5,720575941542412805,b3,steering,basalar,11,17,187,3
6301,720575941535862506,DNa01,steering_control,720575941477166622,5,720575941547315060,i1,steering,axillary_i,11,13,143,3
6302,720575941535862506,DNa01,steering_control,720575941477166622,5,720575941542412805,b3,steering,basalar,15,17,255,3
6303,720575941535862506,DNa01,steering_control,720575941477166622,5,720575941547315060,i1,steering,axillary_i,15,13,195,3
6304,720575941497322880,DNp10,steering_control,720575941414508948,5,720575941560383347,DVM1A,power,DVM,14,10,140,3
6305,720575941497322880,DNp10,steering_control,720575941414508948,5,720575941560383347,DVM1A,power,DVM,11,10,110,3
6306,720575941631028962,DNge063,steering_control,720575941551960319,4,720575941468288375,hg3,steering,haltere,25,14,350,3
6307,720575941604585662,DNg106,steering_control,720575941498935777,4,720575941580669817,hg1,steering,haltere,24,21,504,3
6308,720575941604585662,DNg106,steering_control,720575941498935777,4,720575941732789547,hg2,steering,haltere,24,12,288,3
6309,720575941477915700,DNp48,power_control,720575941447779092,2,720575941507955269,DLM1,power,DLM,11,15,165,3
6310,720575941477915700,DNp48,power_control,720575941447779092,2,720575941519783640,DLM1,power,DLM,11,15,165,3
6311,720575941477915700,DNp48,power_control,720575941447779092,2,720575941566847847,DVM1A,power,DVM,11,21,231,3
6312,720575941477915700,DNp48,power_control,720575941447779092,2,720575941645403000,DLM1,power,DLM,11,18,198,3
6313,720575941477915700,DNp48,power_control,720575941447779092,2,720575941507955269,DLM1,power,DLM,13,15,195,3
6314,720575941477915700,DNp48,power_control,720575941447779092,2,720575941519783640,DLM1,power,DLM,13,15,195,3
6315,720575941477915700,DNp48,power_control,720575941447779092,2,720575941566847847,DVM1A,power,DVM,13,21,273,3
6316,720575941477915700,DNp48,power_control,720575941447779092,2,720575941645403000,DLM1,power,DLM,13,18,234,3
6317,720575941658941264,DNxl080,steering_control,720575941572444830,4,720575941630940642,hg4,steering,haltere,14,13,182,3
6318,720575941658941264,DNxl080,steering_control,720575941670676135,5,720575941475745898,i2,steering,axillary_i,10,22,220,3
6319,720575941658941264,DNxl080,steering_control,720575941670676135,5,720575941475745898,i2,steering,axillary_i,10,13,130,3
6320,720575941658941264,DNxl080,steering_control,720575941670676135,5,720575941547394081,i2,steering,axillary_i,10,10,100,3
6321,720575941658941264,DNxl080,steering_control,720575941670676135,5,720575941547394081,i2,steering,axillary_i,10,47,470,3
6322,720575941658941264,DNxl080,steering_control,720575941670676135,5,720575941547394081,i2,steering,axillary_i,10,127,1270,3
6323,720575941732586539,DNg05,steering_control,720575941473850720,5,720575941479658831,hg2,steering,haltere,11,10,110,3
6324,720575941732586539,DNg05,steering_control,720575941473850720,5,720575941542412805,b3,steering,basalar,11,10,110,3
6325,720575941732586539,DNg05,steering_control,720575941473850720,5,720575941542412805,b3,steering,basalar,11,11,121,3
6326,720575941732586539,DNg05,steering_control,720575941601088441,5,720575941468897856,i1,steering,axillary_i,13,16,208,3
6327,720575941732586539,DNg05,steering_control,720575941601088441,5,720575941468897856,i1,steering,axillary_i,13,13,169,3
6328,720575941732586539,DNg05,steering_control,720575941601088441,5,720575941468897856,i1,steering,axillary_i,13,14,182,3
6329,720575941732586539,DNg05,steering_control,720575941601088441,5,720575941474574132,b3,steering,basalar,13,27,351,3
6330,720575941732586539,DNg05,steering_control,720575941601088441,5,720575941474574132,b3,steering,basalar,13,15,195,3
6331,720575941732586539,DNg05,steering_control,720575941601088441,5,720575941474574132,b3,steering,basalar,13,24,312,3
6332,720575941732586539,DNg05,steering_control,720575941601088441,5,720575941580669817,hg1,steering,haltere,13,10,130,3
6333,720575941477099313,DNge076,steering_control,720575941592919080,4,720575941483845954,hg3,steering,haltere,24,32,768,3
6334,720575941477099313,DNge076,steering_control,720575941592919080,4,720575941483845954,hg3,steering,haltere,24,12,288,3
6335,720575941566180199,DNg89,steering_control,720575941464768790,4,720575941456201887,hg1,steering,haltere,12,22,264,3
6336,720575941566180199,DNg89,steering_control,720575941464768790,4,720575941459347411,iii4,steering,axillary_III,12,10,120,3
6337,720575941566180199,DNg89,steering_control,720575941464768790,4,720575941630940642,hg4,steering,haltere,12,30,360,3
6338,720575941566180199,DNg89,steering_control,720575941609001034,4,720575941513173763,hg4,steering,haltere,11,23,253,3
6339,720575941518951091,DNg36,steering_control,720575941464901398,4,720575941580669817,hg1,steering,haltere,12,10,120,3
6340,720575941518951091,DNg36,steering_control,720575941464901398,4,720575941596050112,DLM5,power,DLM,12,10,120,3
6341,720575941518951091,DNg36,steering_control,720575941464901398,4,720575941645403000,DLM1,power,DLM,12,13,156,3
6342,720575941518951091,DNg36,steering_control,720575941464901398,4,720575941732789547,hg2,steering,haltere,12,23,276,3
6343,720575941518951091,DNg36,steering_control,720575941657718552,4,720575941516770670,iii4,steering,axillary_III,11,16,176,3
6344,720575941619883135,DNpe031,steering_control,720575941625907769,4,720575941479658831,hg2,steering,haltere,13,10,130,3
6345,720575941619883135,DNpe031,steering_control,720575941625907769,4,720575941479658831,hg2,steering,haltere,10,10,100,3
6346,720575941514358675,DNg51,steering_control,720575941399309603,1,720575941521196211,b1,steering,basalar,11,27,297,3
6347,720575941514358675,DNg51,steering_control,720575941399309603,1,720575941624155644,b2,steering,basalar,11,11,121,3
6348,720575941514358675,DNg51,steering_control,720575941630111941,1,720575941624155644,b2,steering,basalar,12,11,132,3
6349,720575941552142727,DNa03,steering_control,720575941394069654,4,720575941456201887,hg1,steering,haltere,10,17,170,3
6350,720575941552142727,DNa03,steering_control,720575941394069654,4,720575941547315060,i1,steering,axillary_i,10,12,120,3
6351,720575941552142727,DNa03,steering_control,720575941464073558,5,720575941468897856,i1,steering,axillary_i,13,19,247,3
6352,720575941552142727,DNa03,steering_control,720575941464073558,5,720575941468897856,i1,steering,axillary_i,13,15,195,3
6353,720575941552142727,DNa03,steering_control,720575941464073558,5,720575941468897856,i1,steering,axillary_i,13,23,299,3
6354,720575941552142727,DNa03,steering_control,720575941464073558,5,720575941474574132,b3,steering,basalar,13,13,169,3
6355,720575941552142727,DNa03,steering_control,720575941464073558,5,720575941474574132,b3,steering,basalar,13,23,299,3
6356,720575941552142727,DNa03,steering_control,720575941464073558,5,720575941474574132,b3,steering,basalar,13,27,351,3
6357,720575941439143954,DNg08,steering_control,720575941535331338,4,720575941516770670,iii4,steering,axillary_III,11,21,231,3
6358,720575941439143954,DNg08,steering_control,720575941535331338,4,720575941516770670,iii4,steering,axillary_III,11,20,220,3
6359,720575941439143954,DNg08,steering_control,720575941535331338,4,720575941580669817,hg1,steering,haltere,11,51,561,3
6360,720575941439143954,DNg08,steering_control,720575941535331338,4,720575941580669817,hg1,steering,haltere,11,36,396,3
6361,720575941439143954,DNg08,steering_control,720575941535331338,4,720575941655597785,b2,steering,basalar,11,15,165,3
6362,720575941439143954,DNg08,steering_control,720575941535331338,4,720575941655597785,b2,steering,basalar,11,18,198,3
6363,720575941439143954,DNg08,steering_control,720575941630748859,1,720575941655597785,b2,steering,basalar,11,10,110,3
6364,720575941439143954,DNg08,steering_control,720575941630748859,1,720575941655597785,b2,steering,basalar,11,58,638,3
6365,720575941468862583,DNxn117,steering_control,720575941464901398,4,720575941580669817,hg1,steering,haltere,12,10,120,3
6366,720575941468862583,DNxn117,steering_control,720575941464901398,4,720575941596050112,DLM5,power,DLM,12,10,120,3
6367,720575941468862583,DNxn117,steering_control,720575941464901398,4,720575941645403000,DLM1,power,DLM,12,13,156,3
6368,720575941468862583,DNxn117,steering_control,720575941464901398,4,720575941732789547,hg2,steering,haltere,12,23,276,3
6369,720575941468862583,DNxn117,steering_control,720575941644908408,1,720575941513173763,hg4,steering,haltere,10,19,190,3
6370,720575941468862583,DNxn117,steering_control,720575941644908408,1,720575941516770670,iii4,steering,axillary_III,10,13,130,3
6371,720575941468862583,DNxn117,steering_control,720575941644908408,1,720575941655597785,b2,steering,basalar,10,18,180,3
6372,720575941468862583,DNxn117,steering_control,720575941644908408,1,720575941655597785,b2,steering,basalar,10,23,230,3
6373,720575941599049152,DNut042,steering_control,720575941429556655,4,720575941456201887,hg1,steering,haltere,11,16,176,3
6374,720575941599049152,DNut042,steering_control,720575941429556655,4,720575941630940642,hg4,steering,haltere,11,57,627,3
6375,720575941599049152,DNut042,steering_control,720575941429556655,4,720575941630940642,hg4,steering,haltere,11,10,110,3
6376,720575941599049152,DNut042,steering_control,720575941429556655,4,720575941630940642,hg4,steering,haltere,11,14,154,3
6377,720575941599049152,DNut042,steering_control,720575941601298617,5,720575941547315060,i1,steering,axillary_i,11,11,121,3
6378,720575941598693824,DNp17,steering_control,720575941579868917,4,720575941630940642,hg4,steering,haltere,22,46,1012,3
6379,720575941598693824,DNp17,steering_control,720575941579868917,4,720575941630940642,hg4,steering,haltere,22,33,726,3
6380,720575941411472555,DNb09,steering_control,720575941477166622,5,720575941542412805,b3,steering,basalar,22,17,374,3
6381,720575941411472555,DNb09,steering_control,720575941477166622,5,720575941547315060,i1,steering,axillary_i,22,13,286,3
6382,720575941537583336,DNp54,steering_control,720575941450532174,5,720575941475745898,i2,steering,axillary_i,10,17,170,3
6383,720575941537583336,DNp54,steering_control,720575941450532174,5,720575941475745898,i2,steering,axillary_i,10,49,490,3
6384,720575941537583336,DNp54,steering_control,720575941450532174,5,720575941475745898,i2,steering,axillary_i,10,100,1000,3
6385,720575941537583336,DNp54,steering_control,720575941450532174,5,720575941547394081,i2,steering,axillary_i,10,13,130,3
6386,720575941537583336,DNp54,steering_control,720575941450532174,5,720575941547394081,i2,steering,axillary_i,10,16,160,3
6387,720575941537583336,DNp54,steering_control,720575941450532174,5,720575941603635190,DVM1A,power,DVM,10,24,240,3
6388,720575941537583336,DNp54,steering_control,720575941477166622,5,720575941542412805,b3,steering,basalar,12,17,204,3
6389,720575941537583336,DNp54,steering_control,720575941477166622,5,720575941547315060,i1,steering,axillary_i,12,13,156,3
6390,720575941626256266,DNxl115,steering_control,720575941487877328,1,720575941655597785,b2,steering,basalar,10,13,130,3
6391,720575941626256266,DNxl115,steering_control,720575941487877328,1,720575941655597785,b2,steering,basalar,12,13,156,3
6392,720575941480799395,DNg105,steering_control,720575941450532174,5,720575941475745898,i2,steering,axillary_i,11,17,187,3
6393,720575941480799395,DNg105,steering_control,720575941450532174,5,720575941475745898,i2,steering,axillary_i,11,49,539,3
6394,720575941480799395,DNg105,steering_control,720575941450532174,5,720575941475745898,i2,steering,axillary_i,11,100,1100,3
6395,720575941480799395,DNg105,steering_control,720575941450532174,5,720575941547394081,i2,steering,axillary_i,11,13,143,3
6396,720575941480799395,DNg105,steering_control,720575941450532174,5,720575941547394081,i2,steering,axillary_i,11,16,176,3
6397,720575941480799395,DNg105,steering_control,720575941450532174,5,720575941603635190,DVM1A,power,DVM,11,24,264,3
6398,720575941480799395,DNg105,steering_control,720575941551960319,4,720575941468288375,hg3,steering,haltere,10,14,140,3
6399,720575941610917037,DNxl113,steering_control,720575941491175399,4,720575941516770670,iii4,steering,axillary_III,21,20,420,3
6400,720575941572713886,DNg97,steering_control,720575941703131610,5,720575941547394081,i2,steering,axillary_i,21,10,210,3
6401,720575941526723609,DNnt012,steering_control,720575941477166622,5,720575941542412805,b3,steering,basalar,21,17,357,3
6402,720575941526723609,DNnt012,steering_control,720575941477166622,5,720575941547315060,i1,steering,axillary_i,21,13,273,3
6403,720575941537703144,DNg04,steering_control,720575941611080010,5,720575941458961604,iii3,steering,axillary_III,21,13,273,3
6404,720575941537703144,DNg04,steering_control,720575941611080010,5,720575941565378919,iii3,steering,axillary_III,21,231,4851,3
6405,720575941537703144,DNg04,steering_control,720575941611080010,5,720575941565378919,iii3,steering,axillary_III,21,11,231,3
6406,720575941537703144,DNg04,steering_control,720575941611080010,5,720575941565378919,iii3,steering,axillary_III,21,46,966,3
6407,720575941503528171,DNg02,steering_control,720575941485458754,5,720575941475745898,i2,steering,axillary_i,11,13,143,3
6408,720575941503528171,DNg02,steering_control,720575941485458754,5,720575941547394081,i2,steering,axillary_i,11,21,231,3
6409,720575941503528171,DNg02,steering_control,720575941535952577,5,720575941475745898,i2,steering,axillary_i,10,10,100,3
6410,720575941503528171,DNg02,steering_control,720575941535952577,5,720575941475745898,i2,steering,axillary_i,10,13,130,3
6411,720575941503528171,DNg02,steering_control,720575941535952577,5,720575941547394081,i2,steering,axillary_i,10,18,180,3
6412,720575941561392173,DNg39,steering_control,720575941652640273,4,720575941630940642,hg4,steering,haltere,21,21,441,3
6413,720575941407841071,DNp07,steering_control,720575941414508948,5,720575941560383347,DVM1A,power,DVM,11,10,110,3
6414,720575941407841071,DNp07,steering_control,720575941429556655,4,720575941456201887,hg1,steering,haltere,10,16,160,3
6415,720575941407841071,DNp07,steering_control,720575941429556655,4,720575941630940642,hg4,steering,haltere,10,57,570,3
6416,720575941407841071,DNp07,steering_control,720575941429556655,4,720575941630940642,hg4,steering,haltere,10,10,100,3
6417,720575941407841071,DNp07,steering_control,720575941429556655,4,720575941630940642,hg4,steering,haltere,10,14,140,3
6418,720575941624816124,DNg08,steering_control,720575941504563781,3,720575941643100754,ps1,steering,pleurosternal,10,21,210,3
6419,720575941624816124,DNg08,steering_control,720575941504563781,3,720575941643100754,ps1,steering,pleurosternal,10,13,130,3
6420,720575941624816124,DNg08,steering_control,720575941611080010,5,720575941458961604,iii3,steering,axillary_III,10,13,130,3
6421,720575941624816124,DNg08,steering_control,720575941611080010,5,720575941565378919,iii3,steering,axillary_III,10,231,2310,3
6422,720575941624816124,DNg08,steering_control,720575941611080010,5,720575941565378919,iii3,steering,axillary_III,10,11,110,3
6423,720575941624816124,DNg08,steering_control,720575941611080010,5,720575941565378919,iii3,steering,axillary_III,10,46,460,3
6424,720575941632059372,DNge006,steering_control,720575941579868917,4,720575941630940642,hg4,steering,haltere,20,46,920,3
6425,720575941632059372,DNge006,steering_control,720575941579868917,4,720575941630940642,hg4,steering,haltere,20,33,660,3
6426,720575941449527477,DNge131,steering_control,720575941516777107,1,720575941624155644,b2,steering,basalar,20,10,200,3
6427,720575941470584695,DNp53,steering_control,720575941506644540,1,720575941459347411,iii4,steering,axillary_III,20,12,240,3
6428,720575941470584695,DNp53,steering_control,720575941506644540,1,720575941624155644,b2,steering,basalar,20,12,240,3
6429,720575941549506932,DNb03,steering_control,720575941483682813,4,720575941630940642,hg4,steering,haltere,20,17,340,3
6430,720575941480954019,DNxn187,steering_control,720575941625907769,4,720575941479658831,hg2,steering,haltere,10,10,100,3
6431,720575941480954019,DNxn187,steering_control,720575941625907769,4,720575941479658831,hg2,steering,haltere,10,10,100,3
6432,720575941556195300,DNde001,steering_control,720575941592919080,4,720575941483845954,hg3,steering,haltere,19,32,608,3
6433,720575941556195300,DNde001,steering_control,720575941592919080,4,720575941483845954,hg3,steering,haltere,19,12,228,3
6434,720575941461320644,DNpe054,steering_control,720575941506644540,1,720575941459347411,iii4,steering,axillary_III,19,12,228,3
6435,720575941461320644,DNpe054,steering_control,720575941506644540,1,720575941624155644,b2,steering,basalar,19,12,228,3
6436,720575941537638627,DNa14,steering_control,720575941625907769,4,720575941479658831,hg2,steering,haltere,19,10,190,3
6437,720575941579616081,DNp16,steering_control,720575941547226248,5,720575941468897856,i1,steering,axillary_i,19,10,190,3
6438,720575941579616081,DNp16,steering_control,720575941547226248,5,720575941468897856,i1,steering,axillary_i,19,11,209,3
6439,720575941579616081,DNp16,steering_control,720575941547226248,5,720575941474574132,b3,steering,basalar,19,10,190,3
6440,720575941579616081,DNp16,steering_control,720575941547226248,5,720575941474574132,b3,steering,basalar,19,30,570,3
6441,720575941650178289,DNg45,steering_control,720575941566431286,1,720575941655597785,b2,steering,basalar,18,33,594,3
6442,720575941528320952,DNg88,steering_control,720575941652640273,4,720575941630940642,hg4,steering,haltere,18,21,378,3
6443,720575941555637331,DNxn131,steering_control,720575941625907769,4,720575941479658831,hg2,steering,haltere,17,10,170,3
6444,720575941652728049,DNg74,steering_control,720575941594870230,5,720575941629172716,iii1,steering,axillary_III,17,18,306,3
6445,720575941652728049,DNg74,steering_control,720575941594870230,5,720575941629172716,iii1,steering,axillary_III,17,70,1190,3
6446,720575941625993371,DNg06,power_control,720575941526690841,2,720575941463144336,DLM1,power,DLM,17,15,255,3
6447,720575941625993371,DNg06,power_control,720575941526690841,2,720575941472734048,DVM1A,power,DVM,17,12,204,3
6448,720575941625993371,DNg06,power_control,720575941526690841,2,720575941479034563,DLM1,power,DLM,17,12,204,3
6449,720575941625993371,DNg06,power_control,720575941526690841,2,720575941533190337,DLM1,power,DLM,17,13,221,3
6450,720575941625993371,DNg06,power_control,720575941526690841,2,720575941583644382,DLM1,power,DLM,17,17,289,3
6451,720575941625993371,DNg06,power_control,720575941526690841,2,720575941596050112,DLM5,power,DLM,17,25,425,3
6452,720575941625993371,DNg06,power_control,720575941526690841,2,720575941597489344,DVM1A,power,DVM,17,14,238,3
6453,720575941563866536,DNg08,steering_control,720575941477884802,4,720575941456201887,hg1,steering,haltere,17,27,459,3
6454,720575941563866536,DNg08,steering_control,720575941477884802,4,720575941456201887,hg1,steering,haltere,17,29,493,3
6455,720575941563866536,DNg08,steering_control,720575941477884802,4,720575941459347411,iii4,steering,axillary_III,17,19,323,3
6456,720575941563866536,DNg08,steering_control,720575941477884802,4,720575941624155644,b2,steering,basalar,17,26,442,3
6457,720575941596431749,DNut042,steering_control,720575941400818723,4,720575941513173763,hg4,steering,haltere,17,36,612,3
6458,720575941596431749,DNut042,steering_control,720575941400818723,4,720575941513173763,hg4,steering,haltere,17,10,170,3
6459,720575941596431749,DNut042,steering_control,720575941400818723,4,720575941513173763,hg4,steering,haltere,17,11,187,3
6460,720575941596431749,DNut042,steering_control,720575941400818723,4,720575941580669817,hg1,steering,haltere,17,26,442,3
6461,720575941611136476,DNg89,steering_control,720575941429556655,4,720575941456201887,hg1,steering,haltere,17,16,272,3
6462,720575941611136476,DNg89,steering_control,720575941429556655,4,720575941630940642,hg4,steering,haltere,17,57,969,3
6463,720575941611136476,DNg89,steering_control,720575941429556655,4,720575941630940642,hg4,steering,haltere,17,10,170,3
6464,720575941611136476,DNg89,steering_control,720575941429556655,4,720575941630940642,hg4,steering,haltere,17,14,238,3
6465,720575941590576424,DNge091,steering_control,720575941478092963,4,720575941456201887,hg1,steering,haltere,16,23,368,3
6466,720575941590576424,DNge091,steering_control,720575941478092963,4,720575941456201887,hg1,steering,haltere,16,19,304,3
6467,720575941590576424,DNge091,steering_control,720575941478092963,4,720575941456201887,hg1,steering,haltere,16,16,256,3
6468,720575941590576424,DNge091,steering_control,720575941478092963,4,720575941459347411,iii4,steering,axillary_III,16,20,320,3
6469,720575941590576424,DNge091,steering_control,720575941478092963,4,720575941459347411,iii4,steering,axillary_III,16,16,256,3
6470,720575941590576424,DNge091,steering_control,720575941478092963,4,720575941459347411,iii4,steering,axillary_III,16,19,304,3
6471,720575941590576424,DNge091,steering_control,720575941478092963,4,720575941624155644,b2,steering,basalar,16,11,176,3
6472,720575941534881368,DNb08,steering_control,720575941703131610,5,720575941547394081,i2,steering,axillary_i,16,10,160,3
6473,720575941430975329,DNut046,steering_control,720575941458373587,5,720575941547394081,i2,steering,axillary_i,16,10,160,3
6474,720575941430975329,DNut046,steering_control,720575941458373587,5,720575941547394081,i2,steering,axillary_i,16,18,288,3
6475,720575941489083596,DNg02,steering_control,720575941519273944,5,720575941468897856,i1,steering,axillary_i,16,10,160,3
6476,720575941489083596,DNg02,steering_control,720575941519273944,5,720575941468897856,i1,steering,axillary_i,16,12,192,3
6477,720575941489083596,DNg02,steering_control,720575941519273944,5,720575941475745898,i2,steering,axillary_i,16,12,192,3
6478,720575941489083596,DNg02,steering_control,720575941519273944,5,720575941475745898,i2,steering,axillary_i,16,39,624,3
6479,720575941394119830,DNp42,steering_control,720575941513160697,3,720575941459347411,iii4,steering,axillary_III,16,11,176,3
6480,720575941394119830,DNp42,steering_control,720575941513160697,3,720575941624155644,b2,steering,basalar,16,13,208,3
6481,720575941394119830,DNp42,steering_control,720575941513160697,3,720575941643100754,ps1,steering,pleurosternal,16,14,224,3
6482,720575941394119830,DNp42,steering_control,720575941513160697,3,720575941645041313,ps1,steering,pleurosternal,16,10,160,3
6483,720575941515922169,DNpe003,steering_control,720575941491175399,4,720575941516770670,iii4,steering,axillary_III,15,20,300,3
6484,720575941498998395,DNg02,steering_control,720575941498948425,5,720575941566847847,DVM1A,power,DVM,15,10,150,3
6485,720575941588874892,DNht001,steering_control,720575941587190583,4,720575941459347411,iii4,steering,axillary_III,15,10,150,3
6486,720575941536231105,DNxn144,steering_control,720575941579868917,4,720575941630940642,hg4,steering,haltere,15,46,690,3
6487,720575941536231105,DNxn144,steering_control,720575941579868917,4,720575941630940642,hg4,steering,haltere,15,33,495,3
6488,720575941542898205,DNd04,steering_control,720575941592919080,4,720575941483845954,hg3,steering,haltere,15,32,480,3
6489,720575941542898205,DNd04,steering_control,720575941592919080,4,720575941483845954,hg3,steering,haltere,15,12,180,3
6490,720575941569801586,DNpe042,steering_control,720575941521031927,5,720575941474574132,b3,steering,basalar,15,23,345,3
6491,720575941596182129,DNp66,steering_control,720575941625907769,4,720575941479658831,hg2,steering,haltere,15,10,150,3
6492,720575941513942106,DNxn117,steering_control,720575941623399788,4,720575941516770670,iii4,steering,axillary_III,15,19,285,3
6493,720575941513942106,DNxn117,steering_control,720575941623399788,4,720575941516770670,iii4,steering,axillary_III,15,15,225,3
6494,720575941513942106,DNxn117,steering_control,720575941623399788,4,720575941516770670,iii4,steering,axillary_III,15,15,225,3
6495,720575941513942106,DNxn117,steering_control,720575941623399788,4,720575941580669817,hg1,steering,haltere,15,18,270,3
6496,720575941513942106,DNxn117,steering_control,720575941623399788,4,720575941580669817,hg1,steering,haltere,15,14,210,3
6497,720575941513942106,DNxn117,steering_control,720575941623399788,4,720575941580669817,hg1,steering,haltere,15,19,285,3
6498,720575941513942106,DNxn117,steering_control,720575941623399788,4,720575941655597785,b2,steering,basalar,15,28,420,3
6499,720575941513942106,DNxn117,steering_control,720575941623399788,4,720575941655597785,b2,steering,basalar,15,16,240,3
6500,720575941500700139,DNg01,steering_control,720575941572251144,1,720575941549822781,b1,steering,basalar,15,25,375,3
6501,720575941500700139,DNg01,steering_control,720575941572251144,1,720575941655597785,b2,steering,basalar,15,16,240,3
6502,720575941631020192,DNnt010,steering_control,720575941609001034,4,720575941513173763,hg4,steering,haltere,14,23,322,3
6503,720575941436259602,DNut047,steering_control,720575941671138727,3,720575941479034563,DLM1,power,DLM,14,10,140,3
6504,720575941436259602,DNut047,steering_control,720575941671138727,3,720575941565105206,DVM1A,power,DVM,14,46,644,3
6505,720575941436259602,DNut047,steering_control,720575941671138727,3,720575941566847847,DVM1A,power,DVM,14,25,350,3
6506,720575941436259602,DNut047,steering_control,720575941671138727,3,720575941643100754,ps1,steering,pleurosternal,14,41,574,3
6507,720575941436259602,DNut047,steering_control,720575941671138727,3,720575941643100754,ps1,steering,pleurosternal,14,11,154,3
6508,720575941436259602,DNut047,steering_control,720575941671138727,3,720575941643100754,ps1,steering,pleurosternal,14,36,504,3
6509,720575941436259602,DNut047,steering_control,720575941671138727,3,720575941643100754,ps1,steering,pleurosternal,14,34,476,3
6510,720575941436259602,DNut047,steering_control,720575941671138727,3,720575941645041313,ps1,steering,pleurosternal,14,64,896,3
6511,720575941436259602,DNut047,steering_control,720575941671138727,3,720575941645041313,ps1,steering,pleurosternal,14,24,336,3
6512,720575941436259602,DNut047,steering_control,720575941671138727,3,720575941645041313,ps1,steering,pleurosternal,14,157,2198,3
6513,720575941436259602,DNut047,steering_control,720575941671138727,3,720575941645403000,DLM1,power,DLM,14,23,322,3
6514,720575941447838996,DNp72,steering_control,720575941608991050,1,720575941521196211,b1,steering,basalar,14,31,434,3
6515,720575941447838996,DNp72,steering_control,720575941608991050,1,720575941624155644,b2,steering,basalar,14,29,406,3
6516,720575941436052768,DNut043,steering_control,720575941557612915,1,720575941521196211,b1,steering,basalar,14,10,140,3
6517,720575941436052768,DNut043,steering_control,720575941557612915,1,720575941624155644,b2,steering,basalar,14,10,140,3
6518,720575941526954498,DNut051,steering_control,720575941456678893,5,720575941475745898,i2,steering,axillary_i,14,15,210,3
6519,720575941526954498,DNut051,steering_control,720575941456678893,5,720575941547315060,i1,steering,axillary_i,14,10,140,3
6520,720575941526954498,DNut051,steering_control,720575941456678893,5,720575941547394081,i2,steering,axillary_i,14,34,476,3
6521,720575941477326900,DNg19,steering_control,720575941703131610,5,720575941547394081,i2,steering,axillary_i,14,10,140,3
6522,720575941504679106,DNxl117,steering_control,720575941429556655,4,720575941456201887,hg1,steering,haltere,14,16,224,3
6523,720575941504679106,DNxl117,steering_control,720575941429556655,4,720575941630940642,hg4,steering,haltere,14,57,798,3
6524,720575941504679106,DNxl117,steering_control,720575941429556655,4,720575941630940642,hg4,steering,haltere,14,10,140,3
6525,720575941504679106,DNxl117,steering_control,720575941429556655,4,720575941630940642,hg4,steering,haltere,14,14,196,3
6526,720575941494960254,DNg79,steering_control,720575941517717420,4,720575941468288375,hg3,steering,haltere,14,19,266,3
6527,720575941494960254,DNg79,steering_control,720575941517717420,4,720575941513173763,hg4,steering,haltere,14,16,224,3
6528,720575941494960254,DNg79,steering_control,720575941517717420,4,720575941516770670,iii4,steering,axillary_III,14,20,280,3
6529,720575941494960254,DNg79,steering_control,720575941517717420,4,720575941516770670,iii4,steering,axillary_III,14,12,168,3
6530,720575941494960254,DNg79,steering_control,720575941517717420,4,720575941580669817,hg1,steering,haltere,14,15,210,3
6531,720575941559950863,DNg10,steering_control,720575941609001034,4,720575941513173763,hg4,steering,haltere,14,23,322,3
6532,720575941489036494,DNxn139,steering_control,720575941703131610,5,720575941547394081,i2,steering,axillary_i,14,10,140,3
6533,720575941515548515,DNge046,steering_control,720575941691013016,1,720575941655597785,b2,steering,basalar,14,12,168,3
6534,720575941564432786,DNxl080,steering_control,720575941551960319,4,720575941468288375,hg3,steering,haltere,14,14,196,3
6535,720575941574375272,DNg07,steering_control,720575941608991050,1,720575941521196211,b1,steering,basalar,14,31,434,3
6536,720575941574375272,DNg07,steering_control,720575941608991050,1,720575941624155644,b2,steering,basalar,14,29,406,3
6537,720575941492684208,DNpe054,steering_control,720575941508509569,4,720575941459347411,iii4,steering,axillary_III,14,14,196,3
6538,720575941492684208,DNpe054,steering_control,720575941508509569,4,720575941459347411,iii4,steering,axillary_III,14,13,182,3
6539,720575941492684208,DNpe054,steering_control,720575941508509569,4,720575941624155644,b2,steering,basalar,14,15,210,3
6540,720575941492684208,DNpe054,steering_control,720575941508509569,4,720575941630940642,hg4,steering,haltere,14,13,182,3
6541,720575941512837452,DNge091,steering_control,720575941553338778,5,720575941542412805,b3,steering,basalar,14,20,280,3
6542,720575941512837452,DNge091,steering_control,720575941553338778,5,720575941542412805,b3,steering,basalar,14,66,924,3
6543,720575941512837452,DNge091,steering_control,720575941553338778,5,720575941547315060,i1,steering,axillary_i,14,25,350,3
6544,720575941512837452,DNge091,steering_control,720575941553338778,5,720575941547315060,i1,steering,axillary_i,14,38,532,3
6545,720575941512837452,DNge091,steering_control,720575941553338778,5,720575941547315060,i1,steering,axillary_i,14,40,560,3
6546,720575941512837452,DNge091,steering_control,720575941553338778,5,720575941547394081,i2,steering,axillary_i,14,14,196,3
6547,720575941512837452,DNge091,steering_control,720575941553338778,5,720575941547394081,i2,steering,axillary_i,14,32,448,3
6548,720575941526946050,DNxn173,steering_control,720575941477166622,5,720575941542412805,b3,steering,basalar,13,17,221,3
6549,720575941526946050,DNxn173,steering_control,720575941477166622,5,720575941547315060,i1,steering,axillary_i,13,13,169,3
6550,720575941606629485,720575941606629485,steering_control,720575941474426929,1,720575941624155644,b2,steering,basalar,13,15,195,3
6551,720575941654376916,DNg106,steering_control,720575941498935777,4,720575941580669817,hg1,steering,haltere,13,21,273,3
6552,720575941654376916,DNg106,steering_control,720575941498935777,4,720575941732789547,hg2,steering,haltere,13,12,156,3
6553,720575941477443358,DNp47,steering_control,720575941414508948,5,720575941560383347,DVM1A,power,DVM,13,10,130,3
6554,720575941401766435,DNbe007,steering_control,720575941523112439,4,720575941513173763,hg4,steering,haltere,13,27,351,3
6555,720575941401766435,DNbe007,steering_control,720575941523112439,4,720575941513173763,hg4,steering,haltere,13,11,143,3
6556,720575941401766435,DNbe007,steering_control,720575941523112439,4,720575941516770670,iii4,steering,axillary_III,13,14,182,3
6557,720575941401766435,DNbe007,steering_control,720575941523112439,4,720575941580669817,hg1,steering,haltere,13,29,377,3
6558,720575941401766435,DNbe007,steering_control,720575941523112439,4,720575941580669817,hg1,steering,haltere,13,17,221,3
6559,720575941470084317,DNpe054,steering_control,720575941581641311,1,720575941456201887,hg1,steering,haltere,13,10,130,3
6560,720575941470084317,DNpe054,steering_control,720575941581641311,1,720575941549822781,b1,steering,basalar,13,19,247,3
6561,720575941470084317,DNpe054,steering_control,720575941581641311,1,720575941655597785,b2,steering,basalar,13,10,130,3
6562,720575941701672666,DNp72,steering_control,720575941474426929,1,720575941624155644,b2,steering,basalar,13,15,195,3
6563,720575941439622111,DNit007,steering_control,720575941498935777,4,720575941580669817,hg1,steering,haltere,13,21,273,3
6564,720575941439622111,DNit007,steering_control,720575941498935777,4,720575941732789547,hg2,steering,haltere,13,12,156,3
6565,720575941586653062,DNp37,steering_control,720575941640900453,5,720575941475745898,i2,steering,axillary_i,13,18,234,3
6566,720575941586653062,DNp37,steering_control,720575941640900453,5,720575941489673420,iii1,steering,axillary_III,13,13,169,3
6567,720575941586653062,DNp37,steering_control,720575941640900453,5,720575941629172716,iii1,steering,axillary_III,13,27,351,3
6568,720575941586653062,DNp37,steering_control,720575941640900453,5,720575941629172716,iii1,steering,axillary_III,13,10,130,3
6569,720575941586653062,DNp37,steering_control,720575941640900453,5,720575941629172716,iii1,steering,axillary_III,13,26,338,3
6570,720575941558704164,DNp12,steering_control,720575941575681718,4,720575941456201887,hg1,steering,haltere,12,79,948,3
6571,720575941558704164,DNp12,steering_control,720575941575681718,4,720575941456201887,hg1,steering,haltere,12,35,420,3
6572,720575941558704164,DNp12,steering_control,720575941575681718,4,720575941456201887,hg1,steering,haltere,12,123,1476,3
6573,720575941558704164,DNp12,steering_control,720575941575681718,4,720575941459347411,iii4,steering,axillary_III,12,95,1140,3
6574,720575941558704164,DNp12,steering_control,720575941575681718,4,720575941459347411,iii4,steering,axillary_III,12,26,312,3
6575,720575941558704164,DNp12,steering_control,720575941575681718,4,720575941459347411,iii4,steering,axillary_III,12,157,1884,3
6576,720575941558704164,DNp12,steering_control,720575941575681718,4,720575941468288375,hg3,steering,haltere,12,12,144,3
6577,720575941558704164,DNp12,steering_control,720575941575681718,4,720575941483845954,hg3,steering,haltere,12,34,408,3
6578,720575941558704164,DNp12,steering_control,720575941575681718,4,720575941483845954,hg3,steering,haltere,12,52,624,3
6579,720575941558704164,DNp12,steering_control,720575941575681718,4,720575941513173763,hg4,steering,haltere,12,10,120,3
6580,720575941558704164,DNp12,steering_control,720575941575681718,4,720575941516770670,iii4,steering,axillary_III,12,11,132,3
6581,720575941558704164,DNp12,steering_control,720575941575681718,4,720575941516770670,iii4,steering,axillary_III,12,14,168,3
6582,720575941558704164,DNp12,steering_control,720575941575681718,4,720575941580669817,hg1,steering,haltere,12,25,300,3
6583,720575941558704164,DNp12,steering_control,720575941575681718,4,720575941580669817,hg1,steering,haltere,12,28,336,3
6584,720575941558704164,DNp12,steering_control,720575941575681718,4,720575941624155644,b2,steering,basalar,12,20,240,3
6585,720575941558704164,DNp12,steering_control,720575941575681718,4,720575941624155644,b2,steering,basalar,12,13,156,3
6586,720575941558704164,DNp12,steering_control,720575941575681718,4,720575941624155644,b2,steering,basalar,12,99,1188,3
6587,720575941558704164,DNp12,steering_control,720575941575681718,4,720575941630940642,hg4,steering,haltere,12,52,624,3
6588,720575941558704164,DNp12,steering_control,720575941575681718,4,720575941630940642,hg4,steering,haltere,12,75,900,3
6589,720575941558704164,DNp12,steering_control,720575941575681718,4,720575941630940642,hg4,steering,haltere,12,10,120,3
6590,720575941558704164,DNp12,steering_control,720575941575681718,4,720575941655597785,b2,steering,basalar,12,10,120,3
6591,720575941558704164,DNp12,steering_control,720575941575681718,4,720575941655597785,b2,steering,basalar,12,18,216,3
6592,720575941495377280,DNut042,steering_control,720575941608991050,1,720575941521196211,b1,steering,basalar,12,31,372,3
6593,720575941495377280,DNut042,steering_control,720575941608991050,1,720575941624155644,b2,steering,basalar,12,29,348,3
6594,720575941467350237,DNg79,steering_control,720575941414508948,5,720575941560383347,DVM1A,power,DVM,12,10,120,3
6595,720575941469775069,DNxn181,steering_control,720575941401776931,4,720575941513173763,hg4,steering,haltere,12,17,204,3
6596,720575941469775069,DNxn181,steering_control,720575941401776931,4,720575941516770670,iii4,steering,axillary_III,12,10,120,3
6597,720575941469775069,DNxn181,steering_control,720575941401776931,4,720575941516770670,iii4,steering,axillary_III,12,21,252,3
6598,720575941469775069,DNxn181,steering_control,720575941401776931,4,720575941580669817,hg1,steering,haltere,12,18,216,3
6599,720575941469775069,DNxn181,steering_control,720575941401776931,4,720575941580669817,hg1,steering,haltere,12,26,312,3
6600,720575941469775069,DNxn181,steering_control,720575941401776931,4,720575941630940642,hg4,steering,haltere,12,13,156,3
6601,720575941469775069,DNxn181,steering_control,720575941401776931,4,720575941655597785,b2,steering,basalar,12,28,336,3
6602,720575941469775069,DNxn181,steering_control,720575941401776931,4,720575941732789547,hg2,steering,haltere,12,20,240,3
6603,720575941662695992,DNg65,steering_control,720575941592919080,4,720575941483845954,hg3,steering,haltere,12,32,384,3
6604,720575941662695992,DNg65,steering_control,720575941592919080,4,720575941483845954,hg3,steering,haltere,12,12,144,3
6605,720575941560549491,DNg07,steering_control,720575941506644540,1,720575941459347411,iii4,steering,axillary_III,12,12,144,3
6606,720575941560549491,DNg07,steering_control,720575941506644540,1,720575941624155644,b2,steering,basalar,12,12,144,3
6607,720575941557943155,DNg37,steering_control,720575941401776931,4,720575941513173763,hg4,steering,haltere,12,17,204,3
6608,720575941557943155,DNg37,steering_control,720575941401776931,4,720575941516770670,iii4,steering,axillary_III,12,10,120,3
6609,720575941557943155,DNg37,steering_control,720575941401776931,4,720575941516770670,iii4,steering,axillary_III,12,21,252,3
6610,720575941557943155,DNg37,steering_control,720575941401776931,4,720575941580669817,hg1,steering,haltere,12,18,216,3
6611,720575941557943155,DNg37,steering_control,720575941401776931,4,720575941580669817,hg1,steering,haltere,12,26,312,3
6612,720575941557943155,DNg37,steering_control,720575941401776931,4,720575941630940642,hg4,steering,haltere,12,13,156,3
6613,720575941557943155,DNg37,steering_control,720575941401776931,4,720575941655597785,b2,steering,basalar,12,28,336,3
6614,720575941557943155,DNg37,steering_control,720575941401776931,4,720575941732789547,hg2,steering,haltere,12,20,240,3
6615,720575941441974479,DNg02,steering_control,720575941485458754,5,720575941475745898,i2,steering,axillary_i,12,13,156,3
6616,720575941441974479,DNg02,steering_control,720575941485458754,5,720575941547394081,i2,steering,axillary_i,12,21,252,3
6617,720575941618655615,DNxl075,steering_control,720575941442637519,4,720575941459347411,iii4,steering,axillary_III,12,17,204,3
6618,720575941542610437,DNp23,steering_control,720575941625907769,4,720575941479658831,hg2,steering,haltere,12,10,120,3
6619,720575941480554370,DNg79,steering_control,720575941630933947,1,720575941624155644,b2,steering,basalar,12,10,120,3
6620,720575941480554370,DNg79,steering_control,720575941630933947,1,720575941655597785,b2,steering,basalar,12,19,228,3
6621,720575941533578177,DNge085,steering_control,720575941477166622,5,720575941542412805,b3,steering,basalar,12,17,204,3
6622,720575941533578177,DNge085,steering_control,720575941477166622,5,720575941547315060,i1,steering,axillary_i,12,13,156,3
6623,720575941546634428,DNp23,steering_control,720575941625907769,4,720575941479658831,hg2,steering,haltere,12,10,120,3
6624,720575941431097737,DNxl130,steering_control,720575941631436524,5,720575941475745898,i2,steering,axillary_i,12,10,120,3
6625,720575941431097737,DNxl130,steering_control,720575941631436524,5,720575941475745898,i2,steering,axillary_i,12,41,492,3
6626,720575941431097737,DNxl130,steering_control,720575941631436524,5,720575941547394081,i2,steering,axillary_i,12,13,156,3
6627,720575941584708486,DNnt011,steering_control,720575941464768790,4,720575941456201887,hg1,steering,haltere,12,22,264,3
6628,720575941584708486,DNnt011,steering_control,720575941464768790,4,720575941459347411,iii4,steering,axillary_III,12,10,120,3
6629,720575941584708486,DNnt011,steering_control,720575941464768790,4,720575941630940642,hg4,steering,haltere,12,30,360,3
6630,720575941546667452,DNp60,steering_control,720575941720432186,3,720575941643100754,ps1,steering,pleurosternal,12,11,132,3
6631,720575941546667452,DNp60,steering_control,720575941720432186,3,720575941645041313,ps1,steering,pleurosternal,12,10,120,3
6632,720575941546667452,DNp60,steering_control,720575941720432186,3,720575941645041313,ps1,steering,pleurosternal,12,14,168,3
6633,720575941547718461,DNxn106,steering_control,720575941608991050,1,720575941521196211,b1,steering,basalar,12,31,372,3
6634,720575941547718461,DNxn106,steering_control,720575941608991050,1,720575941624155644,b2,steering,basalar,12,29,348,3
6635,720575941513116762,DNg07,steering_control,720575941351927600,3,720575941645041313,ps1,steering,pleurosternal,12,26,312,3
6636,720575941612039142,DNbe005,steering_control,720575941414508948,5,720575941560383347,DVM1A,power,DVM,12,10,120,3
6637,720575941568946938,DNg18,steering_control,720575941439050703,5,720575941475745898,i2,steering,axillary_i,12,10,120,3
6638,720575941539264242,DNd04,steering_control,720575941592919080,4,720575941483845954,hg3,steering,haltere,11,32,352,3
6639,720575941539264242,DNd04,steering_control,720575941592919080,4,720575941483845954,hg3,steering,haltere,11,12,132,3
6640,720575941502262411,DNge007,steering_control,720575941477297716,4,720575941630940642,hg4,steering,haltere,11,32,352,3
6641,720575941415224348,DNg36,steering_control,720575941464768790,4,720575941456201887,hg1,steering,haltere,11,22,242,3
6642,720575941415224348,DNg36,steering_control,720575941464768790,4,720575941459347411,iii4,steering,axillary_III,11,10,110,3
6643,720575941415224348,DNg36,steering_control,720575941464768790,4,720575941630940642,hg4,steering,haltere,11,30,330,3
6644,720575941495998843,DNg41,steering_control,720575941606622317,5,720575941458961604,iii3,steering,axillary_III,11,13,143,3
6645,720575941493021104,DNut046,steering_control,720575941644908408,1,720575941513173763,hg4,steering,haltere,11,19,209,3
6646,720575941493021104,DNut046,steering_control,720575941644908408,1,720575941516770670,iii4,steering,axillary_III,11,13,143,3
6647,720575941493021104,DNut046,steering_control,720575941644908408,1,720575941655597785,b2,steering,basalar,11,18,198,3
6648,720575941493021104,DNut046,steering_control,720575941644908408,1,720575941655597785,b2,steering,basalar,11,23,253,3
6649,720575941645372792,DNut046,steering_control,720575941508509569,4,720575941459347411,iii4,steering,axillary_III,11,14,154,3
6650,720575941645372792,DNut046,steering_control,720575941508509569,4,720575941459347411,iii4,steering,axillary_III,11,13,143,3
6651,720575941645372792,DNut046,steering_control,720575941508509569,4,720575941624155644,b2,steering,basalar,11,15,165,3
6652,720575941645372792,DNut046,steering_control,720575941508509569,4,720575941630940642,hg4,steering,haltere,11,13,143,3
6653,720575941436586784,720575941436586784,steering_control,720575941456348575,4,720575941456201887,hg1,steering,haltere,11,39,429,3
6654,720575941436586784,720575941436586784,steering_control,720575941456348575,4,720575941458961604,iii3,steering,axillary_III,11,20,220,3
6655,720575941436586784,720575941436586784,steering_control,720575941456348575,4,720575941459347411,iii4,steering,axillary_III,11,48,528,3
6656,720575941436586784,720575941436586784,steering_control,720575941456348575,4,720575941459347411,iii4,steering,axillary_III,11,13,143,3
6657,720575941436586784,720575941436586784,steering_control,720575941456348575,4,720575941483845954,hg3,steering,haltere,11,19,209,3
6658,720575941436586784,720575941436586784,steering_control,720575941456348575,4,720575941630940642,hg4,steering,haltere,11,61,671,3
6659,720575941436586784,720575941436586784,steering_control,720575941456348575,4,720575941630940642,hg4,steering,haltere,11,13,143,3
6660,720575941637800309,DNut046,steering_control,720575941644908408,1,720575941513173763,hg4,steering,haltere,11,19,209,3
6661,720575941637800309,DNut046,steering_control,720575941644908408,1,720575941516770670,iii4,steering,axillary_III,11,13,143,3
6662,720575941637800309,DNut046,steering_control,720575941644908408,1,720575941655597785,b2,steering,basalar,11,18,198,3
6663,720575941637800309,DNut046,steering_control,720575941644908408,1,720575941655597785,b2,steering,basalar,11,23,253,3
6664,720575941440899023,DNg06,steering_control,720575941614889941,1,720575941580669817,hg1,steering,haltere,11,17,187,3
6665,720575941440899023,DNg06,steering_control,720575941614889941,1,720575941655597785,b2,steering,basalar,11,22,242,3
6666,720575941469757405,DNg106,steering_control,720575941583601886,5,720575941468897856,i1,steering,axillary_i,11,16,176,3
6667,720575941469757405,DNg106,steering_control,720575941583601886,5,720575941468897856,i1,steering,axillary_i,11,48,528,3
6668,720575941469757405,DNg106,steering_control,720575941583601886,5,720575941468897856,i1,steering,axillary_i,11,34,374,3
6669,720575941469757405,DNg106,steering_control,720575941583601886,5,720575941474574132,b3,steering,basalar,11,15,165,3
6670,720575941469757405,DNg106,steering_control,720575941583601886,5,720575941474574132,b3,steering,basalar,11,25,275,3
6671,720575941469757405,DNg106,steering_control,720575941583601886,5,720575941474574132,b3,steering,basalar,11,62,682,3
6672,720575941469757405,DNg106,steering_control,720575941583601886,5,720575941475745898,i2,steering,axillary_i,11,31,341,3
6673,720575941469757405,DNg106,steering_control,720575941583601886,5,720575941475745898,i2,steering,axillary_i,11,51,561,3
6674,720575941524513892,DNxn109,steering_control,720575941477166622,5,720575941542412805,b3,steering,basalar,11,17,187,3
6675,720575941524513892,DNxn109,steering_control,720575941477166622,5,720575941547315060,i1,steering,axillary_i,11,13,143,3
6676,720575941596600709,DNge116,steering_control,720575941464768790,4,720575941456201887,hg1,steering,haltere,11,22,242,3
6677,720575941596600709,DNge116,steering_control,720575941464768790,4,720575941459347411,iii4,steering,axillary_III,11,10,110,3
6678,720575941596600709,DNge116,steering_control,720575941464768790,4,720575941630940642,hg4,steering,haltere,11,30,330,3
6679,720575941596748933,DNbe002,steering_control,720575941566802170,4,720575941459347411,iii4,steering,axillary_III,11,16,176,3
6680,720575941598325148,DNge094,steering_control,720575941477166622,5,720575941542412805,b3,steering,basalar,11,17,187,3
6681,720575941598325148,DNge094,steering_control,720575941477166622,5,720575941547315060,i1,steering,axillary_i,11,13,143,3
6682,720575941466194454,DNp04,steering_control,720575941623972251,1,720575941459347411,iii4,steering,axillary_III,11,18,198,3
6683,720575941466194454,DNp04,steering_control,720575941623972251,1,720575941459347411,iii4,steering,axillary_III,11,42,462,3
6684,720575941466194454,DNp04,steering_control,720575941623972251,1,720575941624155644,b2,steering,basalar,11,12,132,3
6685,720575941466194454,DNp04,steering_control,720575941623972251,1,720575941624155644,b2,steering,basalar,11,60,660,3
6686,720575941461875908,DNpe045,steering_control,720575941611343337,4,720575941483845954,hg3,steering,haltere,11,14,154,3
6687,720575941581721977,DNg21,steering_control,720575941654985945,5,720575941489673420,iii1,steering,axillary_III,11,35,385,3
6688,720575941581721977,DNg21,steering_control,720575941654985945,5,720575941489673420,iii1,steering,axillary_III,11,103,1133,3
6689,720575941559176942,DNb04,steering_control,720575941558646061,5,720575941475745898,i2,steering,axillary_i,11,14,154,3
6690,720575941559176942,DNb04,steering_control,720575941558646061,5,720575941542412805,b3,steering,basalar,11,11,121,3
6691,720575941559176942,DNb04,steering_control,720575941558646061,5,720575941547394081,i2,steering,axillary_i,11,18,198,3
6692,720575941481381117,DNg45,steering_control,720575941527220920,1,720575941624155644,b2,steering,basalar,11,17,187,3
6693,720575941459216287,DNfl027,steering_control,720575941592919080,4,720575941483845954,hg3,steering,haltere,11,32,352,3
6694,720575941459216287,DNfl027,steering_control,720575941592919080,4,720575941483845954,hg3,steering,haltere,11,12,132,3
6695,720575941574230523,DNg02,steering_control,720575941485458754,5,720575941475745898,i2,steering,axillary_i,11,13,143,3
6696,720575941574230523,DNg02,steering_control,720575941485458754,5,720575941547394081,i2,steering,axillary_i,11,21,231,3
6697,720575941408535343,DNb08,steering_control,720575941703131610,5,720575941547394081,i2,steering,axillary_i,11,10,110,3
6698,720575941535975873,DNg105,steering_control,720575941555186074,5,720575941542412805,b3,steering,basalar,11,12,132,3
6699,720575941559874831,DNp04,steering_control,720575941642372040,1,720575941516770670,iii4,steering,axillary_III,11,38,418,3
6700,720575941559874831,DNp04,steering_control,720575941642372040,1,720575941580669817,hg1,steering,haltere,11,13,143,3
6701,720575941559874831,DNp04,steering_control,720575941642372040,1,720575941597489344,DVM1A,power,DVM,11,12,132,3
6702,720575941559874831,DNp04,steering_control,720575941642372040,1,720575941643100754,ps1,steering,pleurosternal,11,20,220,3
6703,720575941559874831,DNp04,steering_control,720575941642372040,1,720575941655597785,b2,steering,basalar,11,67,737,3
6704,720575941540215501,DNp01,power_control,720575941408509867,2,720575941463144336,DLM1,power,DLM,10,20,200,3
6705,720575941540215501,DNp01,power_control,720575941408509867,2,720575941463144336,DLM1,power,DLM,10,24,240,3
6706,720575941540215501,DNp01,power_control,720575941408509867,2,720575941479034563,DLM1,power,DLM,10,16,160,3
6707,720575941540215501,DNp01,power_control,720575941408509867,2,720575941507955269,DLM1,power,DLM,10,27,270,3
6708,720575941540215501,DNp01,power_control,720575941408509867,2,720575941507955269,DLM1,power,DLM,10,17,170,3
6709,720575941540215501,DNp01,power_control,720575941408509867,2,720575941519783640,DLM1,power,DLM,10,31,310,3
6710,720575941540215501,DNp01,power_control,720575941408509867,2,720575941533190337,DLM1,power,DLM,10,23,230,3
6711,720575941540215501,DNp01,power_control,720575941408509867,2,720575941534583786,DLM5,power,DLM,10,23,230,3
6712,720575941540215501,DNp01,power_control,720575941408509867,2,720575941534583786,DLM5,power,DLM,10,12,120,3
6713,720575941540215501,DNp01,power_control,720575941408509867,2,720575941583644382,DLM1,power,DLM,10,27,270,3
6714,720575941540215501,DNp01,power_control,720575941408509867,2,720575941596050112,DLM5,power,DLM,10,34,340,3
6715,720575941540215501,DNp01,power_control,720575941408509867,2,720575941603635190,DVM1A,power,DVM,10,12,120,3
6716,720575941540215501,DNp01,power_control,720575941408509867,2,720575941640465439,DLM1,power,DLM,10,24,240,3
6717,720575941514530892,DNp48,power_control,720575941539218301,2,720575941479034563,DLM1,power,DLM,10,14,140,3
6718,720575941514530892,DNp48,power_control,720575941539218301,2,720575941533190337,DLM1,power,DLM,10,13,130,3
6719,720575941514530892,DNp48,power_control,720575941539218301,2,720575941583644382,DLM1,power,DLM,10,10,100,3
6720,720575941514530892,DNp48,power_control,720575941539218301,2,720575941597489344,DVM1A,power,DVM,10,12,120,3
6721,720575941514530892,DNp48,power_control,720575941539218301,2,720575941603635190,DVM1A,power,DVM,10,20,200,3
6722,720575941655820244,DNg21,steering_control,720575941603749817,3,720575941507955269,DLM1,power,DLM,10,13,130,3
6723,720575941655820244,DNg21,steering_control,720575941603749817,3,720575941519783640,DLM1,power,DLM,10,11,110,3
6724,720575941655820244,DNg21,steering_control,720575941603749817,3,720575941534583786,DLM5,power,DLM,10,25,250,3
6725,720575941655820244,DNg21,steering_control,720575941603749817,3,720575941640465439,DLM1,power,DLM,10,16,160,3
6726,720575941655820244,DNg21,steering_control,720575941603749817,3,720575941645041313,ps1,steering,pleurosternal,10,68,680,3
6727,720575941655820244,DNg21,steering_control,720575941603749817,3,720575941645041313,ps1,steering,pleurosternal,10,11,110,3
6728,720575941655820244,DNg21,steering_control,720575941603749817,3,720575941645403000,DLM1,power,DLM,10,10,100,3
6729,720575941538218216,DNg08,steering_control,720575941592602149,5,720575941468897856,i1,steering,axillary_i,10,12,120,3
6730,720575941538218216,DNg08,steering_control,720575941592602149,5,720575941468897856,i1,steering,axillary_i,10,18,180,3
6731,720575941528849848,DNg08,steering_control,720575941429556655,4,720575941456201887,hg1,steering,haltere,10,16,160,3
6732,720575941528849848,DNg08,steering_control,720575941429556655,4,720575941630940642,hg4,steering,haltere,10,57,570,3
6733,720575941528849848,DNg08,steering_control,720575941429556655,4,720575941630940642,hg4,steering,haltere,10,10,100,3
6734,720575941528849848,DNg08,steering_control,720575941429556655,4,720575941630940642,hg4,steering,haltere,10,14,140,3
6735,720575941595517735,DNg75,steering_control,720575941464768790,4,720575941456201887,hg1,steering,haltere,10,22,220,3
6736,720575941595517735,DNg75,steering_control,720575941464768790,4,720575941459347411,iii4,steering,axillary_III,10,10,100,3
6737,720575941595517735,DNg75,steering_control,720575941464768790,4,720575941630940642,hg4,steering,haltere,10,30,300,3
6738,720575941430630392,DNxn117,steering_control,720575941623399788,4,720575941516770670,iii4,steering,axillary_III,10,19,190,3
6739,720575941430630392,DNxn117,steering_control,720575941623399788,4,720575941516770670,iii4,steering,axillary_III,10,15,150,3
6740,720575941430630392,DNxn117,steering_control,720575941623399788,4,720575941516770670,iii4,steering,axillary_III,10,15,150,3
6741,720575941430630392,DNxn117,steering_control,720575941623399788,4,720575941580669817,hg1,steering,haltere,10,18,180,3
6742,720575941430630392,DNxn117,steering_control,720575941623399788,4,720575941580669817,hg1,steering,haltere,10,14,140,3
6743,720575941430630392,DNxn117,steering_control,720575941623399788,4,720575941580669817,hg1,steering,haltere,10,19,190,3
6744,720575941430630392,DNxn117,steering_control,720575941623399788,4,720575941655597785,b2,steering,basalar,10,28,280,3
6745,720575941430630392,DNxn117,steering_control,720575941623399788,4,720575941655597785,b2,steering,basalar,10,16,160,3
6746,720575941569348858,DNxl112,steering_control,720575941684748271,3,720575941645041313,ps1,steering,pleurosternal,10,40,400,3
6747,720575941470254400,DNa08,power_control,720575941554049307,2,720575941463144336,DLM1,power,DLM,10,18,180,3
6748,720575941470254400,DNa08,power_control,720575941554049307,2,720575941463144336,DLM1,power,DLM,10,67,670,3
6749,720575941470254400,DNa08,power_control,720575941554049307,2,720575941472734048,DVM1A,power,DVM,10,26,260,3
6750,720575941470254400,DNa08,power_control,720575941554049307,2,720575941479034563,DLM1,power,DLM,10,16,160,3
6751,720575941470254400,DNa08,power_control,720575941554049307,2,720575941479034563,DLM1,power,DLM,10,79,790,3
6752,720575941470254400,DNa08,power_control,720575941554049307,2,720575941479034563,DLM1,power,DLM,10,11,110,3
6753,720575941470254400,DNa08,power_control,720575941554049307,2,720575941487139138,DVM3A,power,DVM,10,19,190,3
6754,720575941470254400,DNa08,power_control,720575941554049307,2,720575941499558369,DVM3A,power,DVM,10,17,170,3
6755,720575941470254400,DNa08,power_control,720575941554049307,2,720575941507955269,DLM1,power,DLM,10,18,180,3
6756,720575941470254400,DNa08,power_control,720575941554049307,2,720575941507955269,DLM1,power,DLM,10,17,170,3
6757,720575941470254400,DNa08,power_control,720575941554049307,2,720575941507955269,DLM1,power,DLM,10,10,100,3
6758,720575941470254400,DNa08,power_control,720575941554049307,2,720575941519783640,DLM1,power,DLM,10,27,270,3
6759,720575941470254400,DNa08,power_control,720575941554049307,2,720575941519783640,DLM1,power,DLM,10,13,130,3
6760,720575941470254400,DNa08,power_control,720575941554049307,2,720575941519783640,DLM1,power,DLM,10,12,120,3
6761,720575941470254400,DNa08,power_control,720575941554049307,2,720575941530190027,DVM2A,power,DVM,10,12,120,3
6762,720575941470254400,DNa08,power_control,720575941554049307,2,720575941533190337,DLM1,power,DLM,10,20,200,3
6763,720575941470254400,DNa08,power_control,720575941554049307,2,720575941533190337,DLM1,power,DLM,10,96,960,3
6764,720575941470254400,DNa08,power_control,720575941554049307,2,720575941533190337,DLM1,power,DLM,10,12,120,3
6765,720575941470254400,DNa08,power_control,720575941554049307,2,720575941533190337,DLM1,power,DLM,10,12,120,3
6766,720575941470254400,DNa08,power_control,720575941554049307,2,720575941534583786,DLM5,power,DLM,10,24,240,3
6767,720575941470254400,DNa08,power_control,720575941554049307,2,720575941565105206,DVM1A,power,DVM,10,11,110,3
6768,720575941470254400,DNa08,power_control,720575941554049307,2,720575941583644382,DLM1,power,DLM,10,18,180,3
6769,720575941470254400,DNa08,power_control,720575941554049307,2,720575941583644382,DLM1,power,DLM,10,54,540,3
6770,720575941470254400,DNa08,power_control,720575941554049307,2,720575941583644382,DLM1,power,DLM,10,10,100,3
6771,720575941470254400,DNa08,power_control,720575941554049307,2,720575941596050112,DLM5,power,DLM,10,71,710,3
6772,720575941470254400,DNa08,power_control,720575941554049307,2,720575941597489344,DVM1A,power,DVM,10,27,270,3
6773,720575941470254400,DNa08,power_control,720575941554049307,2,720575941603635190,DVM1A,power,DVM,10,34,340,3
6774,720575941470254400,DNa08,power_control,720575941554049307,2,720575941640465439,DLM1,power,DLM,10,19,190,3
6775,720575941470254400,DNa08,power_control,720575941554049307,2,720575941640465439,DLM1,power,DLM,10,15,150,3
6776,720575941470254400,DNa08,power_control,720575941554049307,2,720575941640465439,DLM1,power,DLM,10,11,110,3
6777,720575941470254400,DNa08,power_control,720575941554049307,2,720575941645403000,DLM1,power,DLM,10,39,390,3
6778,720575941470254400,DNa08,power_control,720575941554049307,2,720575941645403000,DLM1,power,DLM,10,25,250,3
6779,720575941470254400,DNa08,power_control,720575941554049307,2,720575941645403000,DLM1,power,DLM,10,10,100,3
6780,720575941590435070,DNpe010,power_control,720575941628377314,2,720575941463144336,DLM1,power,DLM,10,28,280,3
6781,720575941590435070,DNpe010,power_control,720575941628377314,2,720575941479034563,DLM1,power,DLM,10,34,340,3
6782,720575941590435070,DNpe010,power_control,720575941628377314,2,720575941533190337,DLM1,power,DLM,10,41,410,3
6783,720575941590435070,DNpe010,power_control,720575941628377314,2,720575941583644382,DLM1,power,DLM,10,38,380,3
6784,720575941590435070,DNpe010,power_control,720575941628377314,2,720575941596050112,DLM5,power,DLM,10,40,400,3
6785,720575941474677825,DNg89,steering_control,720575941400818723,4,720575941513173763,hg4,steering,haltere,10,36,360,3
6786,720575941474677825,DNg89,steering_control,720575941400818723,4,720575941513173763,hg4,steering,haltere,10,10,100,3
6787,720575941474677825,DNg89,steering_control,720575941400818723,4,720575941513173763,hg4,steering,haltere,10,11,110,3
6788,720575941474677825,DNg89,steering_control,720575941400818723,4,720575941580669817,hg1,steering,haltere,10,26,260,3
6789,720575941602974649,DNpe054,steering_control,720575941644908408,1,720575941513173763,hg4,steering,haltere,10,19,190,3
6790,720575941602974649,DNpe054,steering_control,720575941644908408,1,720575941516770670,iii4,steering,axillary_III,10,13,130,3
6791,720575941602974649,DNpe054,steering_control,720575941644908408,1,720575941655597785,b2,steering,basalar,10,18,180,3
6792,720575941602974649,DNpe054,steering_control,720575941644908408,1,720575941655597785,b2,steering,basalar,10,23,230,3
6793,720575941574671517,DNpe011,steering_control,720575941557612915,1,720575941521196211,b1,steering,basalar,10,10,100,3
6794,720575941574671517,DNpe011,steering_control,720575941557612915,1,720575941624155644,b2,steering,basalar,10,10,100,3
6795,720575941454969395,DNg56,steering_control,720575941642372040,1,720575941516770670,iii4,steering,axillary_III,10,38,380,3
6796,720575941454969395,DNg56,steering_control,720575941642372040,1,720575941580669817,hg1,steering,haltere,10,13,130,3
6797,720575941454969395,DNg56,steering_control,720575941642372040,1,720575941597489344,DVM1A,power,DVM,10,12,120,3
6798,720575941454969395,DNg56,steering_control,720575941642372040,1,720575941643100754,ps1,steering,pleurosternal,10,20,200,3
6799,720575941454969395,DNg56,steering_control,720575941642372040,1,720575941655597785,b2,steering,basalar,10,67,670,3
6800,720575941481122690,DNg08,steering_control,720575941559309171,4,720575941456201887,hg1,steering,haltere,10,13,130,3
6801,720575941481122690,DNg08,steering_control,720575941559309171,4,720575941630940642,hg4,steering,haltere,10,14,140,3
6802,720575941545273861,DNut042,steering_control,720575941546773640,5,720575941474574132,b3,steering,basalar,10,13,130,3
6803,720575941564410112,DNg05,steering_control,720575941572251144,1,720575941549822781,b1,steering,basalar,10,25,250,3
6804,720575941564410112,DNg05,steering_control,720575941572251144,1,720575941655597785,b2,steering,basalar,10,16,160,3
6805,720575941487659984,DNut058,steering_control,720575941557612915,1,720575941521196211,b1,steering,basalar,10,10,100,3
6806,720575941487659984,DNut058,steering_control,720575941557612915,1,720575941624155644,b2,steering,basalar,10,10,100,3
6807,720575941441643867,DNg02,steering_control,720575941474640682,4,720575941483845954,hg3,steering,haltere,10,10,100,3
6808,720575941441643867,DNg02,steering_control,720575941474640682,4,720575941640465439,DLM1,power,DLM,10,10,100,3
6809,720575941495918665,DNg106,steering_control,720575941498935777,4,720575941580669817,hg1,steering,haltere,10,21,210,3
6810,720575941495918665,DNg106,steering_control,720575941498935777,4,720575941732789547,hg2,steering,haltere,10,12,120,3
6811,720575941552017663,DNxl100,steering_control,720575941572444830,4,720575941630940642,hg4,steering,haltere,10,13,130,3
6812,720575941431184559,DNxn179,steering_control,720575941521069751,4,720575941456201887,hg1,steering,haltere,10,11,110,3
6813,720575941431184559,DNxn179,steering_control,720575941521069751,4,720575941456201887,hg1,steering,haltere,10,32,320,3
6814,720575941431184559,DNxn179,steering_control,720575941521069751,4,720575941459347411,iii4,steering,axillary_III,10,11,110,3
6815,720575941431184559,DNxn179,steering_control,720575941521069751,4,720575941459347411,iii4,steering,axillary_III,10,11,110,3
6816,720575941431184559,DNxn179,steering_control,720575941521069751,4,720575941459347411,iii4,steering,axillary_III,10,45,450,3
6817,720575941431184559,DNxn179,steering_control,720575941521069751,4,720575941479658831,hg2,steering,haltere,10,14,140,3
6818,720575941431184559,DNxn179,steering_control,720575941521069751,4,720575941645041313,ps1,steering,pleurosternal,10,14,140,3
6819,720575941431184559,DNxn179,steering_control,720575941521069751,4,720575941732789547,hg2,steering,haltere,10,14,140,3
6820,720575941477201002,DNg07,steering_control,720575941583601886,5,720575941468897856,i1,steering,axillary_i,10,16,160,3
6821,720575941477201002,DNg07,steering_control,720575941583601886,5,720575941468897856,i1,steering,axillary_i,10,48,480,3
6822,720575941477201002,DNg07,steering_control,720575941583601886,5,720575941468897856,i1,steering,axillary_i,10,34,340,3
6823,720575941477201002,DNg07,steering_control,720575941583601886,5,720575941474574132,b3,steering,basalar,10,15,150,3
6824,720575941477201002,DNg07,steering_control,720575941583601886,5,720575941474574132,b3,steering,basalar,10,25,250,3
6825,720575941477201002,DNg07,steering_control,720575941583601886,5,720575941474574132,b3,steering,basalar,10,62,620,3
6826,720575941477201002,DNg07,steering_control,720575941583601886,5,720575941475745898,i2,steering,axillary_i,10,31,310,3
6827,720575941477201002,DNg07,steering_control,720575941583601886,5,720575941475745898,i2,steering,axillary_i,10,51,510,3
